time,equity,adverse_equity,positions,cash
1641009600000,3000.0,3000.0,0,3000.0
1641024000000,3000.0,3000.0,0,3000.0
1641038400000,3000.0,3000.0,0,3000.0
1641052800000,3000.0,3000.0,0,3000.0
1641067200000,3000.0,3000.0,0,3000.0
1641081600000,3000.0,3000.0,0,3000.0
1641096000000,3000.0,3000.0,0,3000.0
1641110400000,3000.0,3000.0,0,3000.0
1641124800000,3000.0,3000.0,0,3000.0
1641139200000,3000.0,3000.0,0,3000.0
1641153600000,3000.0,3000.0,0,3000.0
1641168000000,3000.0,3000.0,0,3000.0
1641182400000,3000.0,3000.0,0,3000.0
1641196800000,3000.0,3000.0,0,3000.0
1641211200000,3000.0,3000.0,0,3000.0
1641225600000,3000.0,3000.0,0,3000.0
1641240000000,3000.0,3000.0,0,3000.0
1641254400000,3000.0,3000.0,0,3000.0
1641268800000,3000.0,3000.0,0,3000.0
1641283200000,3000.0,3000.0,0,3000.0
1641297600000,3000.0,3000.0,0,3000.0
1641312000000,3000.0,3000.0,0,3000.0
1641326400000,3000.0,3000.0,0,3000.0
1641340800000,3000.0,3000.0,0,3000.0
1641355200000,3000.0,3000.0,0,3000.0
1641369600000,3000.0,3000.0,0,3000.0
1641384000000,3000.0,3000.0,0,3000.0
1641398400000,3000.0,3000.0,0,3000.0
1641412800000,3000.0,3000.0,0,3000.0
1641427200000,3000.0,3000.0,0,3000.0
1641441600000,3000.0,3000.0,0,3000.0
1641456000000,3000.0,3000.0,0,3000.0
1641470400000,3000.0,3000.0,0,3000.0
1641484800000,3000.0,3000.0,0,3000.0
1641499200000,3000.0,3000.0,0,3000.0
1641513600000,3000.0,3000.0,0,3000.0
1641528000000,3000.0,3000.0,0,3000.0
1641542400000,3000.0,3000.0,0,3000.0
1641556800000,3000.0,3000.0,0,3000.0
1641571200000,3000.0,3000.0,0,3000.0
1641585600000,3000.0,3000.0,0,3000.0
1641600000000,3000.0,3000.0,0,3000.0
1641614400000,3000.0,3000.0,0,3000.0
1641628800000,3000.0,3000.0,0,3000.0
1641643200000,3000.0,3000.0,0,3000.0
1641657600000,3000.0,3000.0,0,3000.0
1641672000000,3000.0,3000.0,0,3000.0
1641686400000,3000.0,3000.0,0,3000.0
1641700800000,3000.0,3000.0,0,3000.0
1641715200000,3000.0,3000.0,0,3000.0
1641729600000,3000.0,3000.0,0,3000.0
1641744000000,3000.0,3000.0,0,3000.0
1641758400000,3000.0,3000.0,0,3000.0
1641772800000,3000.0,3000.0,0,3000.0
1641787200000,3000.0,3000.0,0,3000.0
1641801600000,3000.0,3000.0,0,3000.0
1641816000000,3000.0,3000.0,0,3000.0
1641830400000,3000.0,3000.0,0,3000.0
1641844800000,3000.0,3000.0,0,3000.0
1641859200000,3000.0,3000.0,0,3000.0
1641873600000,3000.0,3000.0,0,3000.0
1641888000000,3000.0,3000.0,0,3000.0
1641902400000,3000.0,3000.0,0,3000.0
1641916800000,3000.0,3000.0,0,3000.0
1641931200000,3000.0,3000.0,0,3000.0
1641945600000,3000.0,3000.0,0,3000.0
1641960000000,3000.0,3000.0,0,3000.0
1641974400000,3000.0,3000.0,0,3000.0
1641988800000,3000.0,3000.0,0,3000.0
1642003200000,3000.0,3000.0,0,3000.0
1642017600000,3000.0,3000.0,0,3000.0
1642032000000,3000.0,3000.0,0,3000.0
1642046400000,3000.0,3000.0,0,3000.0
1642060800000,3000.0,3000.0,0,3000.0
1642075200000,3000.0,3000.0,0,3000.0
1642089600000,3000.0,3000.0,0,3000.0
1642104000000,3000.0,3000.0,0,3000.0
1642118400000,3000.0,3000.0,0,3000.0
1642132800000,3000.0,3000.0,0,3000.0
1642147200000,3000.0,3000.0,0,3000.0
1642161600000,3000.0,3000.0,0,3000.0
1642176000000,3000.0,3000.0,0,3000.0
1642190400000,3000.0,3000.0,0,3000.0
1642204800000,3000.0,3000.0,0,3000.0
1642219200000,3000.0,3000.0,0,3000.0
1642233600000,3000.0,3000.0,0,3000.0
1642248000000,3000.0,3000.0,0,3000.0
1642262400000,3000.0,3000.0,0,3000.0
1642276800000,3000.0,3000.0,0,3000.0
1642291200000,3000.0,3000.0,0,3000.0
1642305600000,3000.0,3000.0,0,3000.0
1642320000000,3000.0,3000.0,0,3000.0
1642334400000,3000.0,3000.0,0,3000.0
1642348800000,3000.0,3000.0,0,3000.0
1642363200000,3000.0,3000.0,0,3000.0
1642377600000,3000.0,3000.0,0,3000.0
1642392000000,3000.0,3000.0,0,3000.0
1642406400000,3000.0,3000.0,0,3000.0
1642420800000,3000.0,3000.0,0,3000.0
1642435200000,3000.0,3000.0,0,3000.0
1642449600000,3000.0,3000.0,0,3000.0
1642464000000,3000.0,3000.0,0,3000.0
1642478400000,3000.0,3000.0,0,3000.0
1642492800000,3000.0,3000.0,0,3000.0
1642507200000,3000.0,3000.0,0,3000.0
1642521600000,3000.0,3000.0,0,3000.0
1642536000000,3000.0,3000.0,0,3000.0
1642550400000,3000.0,3000.0,0,3000.0
1642564800000,3000.0,3000.0,0,3000.0
1642579200000,3000.0,3000.0,0,3000.0
1642593600000,3000.0,3000.0,0,3000.0
1642608000000,3000.0,3000.0,0,3000.0
1642622400000,3000.0,3000.0,0,3000.0
1642636800000,3000.0,3000.0,0,3000.0
1642651200000,3000.0,3000.0,0,3000.0
1642665600000,3000.0,3000.0,0,3000.0
1642680000000,3000.0,3000.0,0,3000.0
1642694400000,3000.0,3000.0,0,3000.0
1642708800000,3000.0,3000.0,0,3000.0
1642723200000,3000.0,3000.0,0,3000.0
1642737600000,3000.0,3000.0,0,3000.0
1642752000000,3000.0,3000.0,0,3000.0
1642766400000,3000.0,3000.0,0,3000.0
1642780800000,3000.0,3000.0,0,3000.0
1642795200000,3000.0,3000.0,0,3000.0
1642809600000,3000.0,3000.0,0,3000.0
1642824000000,3000.0,3000.0,0,3000.0
1642838400000,3000.0,3000.0,0,3000.0
1642852800000,3000.0,3000.0,0,3000.0
1642867200000,3000.0,3000.0,0,3000.0
1642881600000,3000.0,3000.0,0,3000.0
1642896000000,3000.0,3000.0,0,3000.0
1642910400000,3000.0,3000.0,0,3000.0
1642924800000,3000.0,3000.0,0,3000.0
1642939200000,3000.0,3000.0,0,3000.0
1642953600000,3000.0,3000.0,0,3000.0
1642968000000,3000.0,3000.0,0,3000.0
1642982400000,3000.0,3000.0,0,3000.0
1642996800000,3000.0,3000.0,0,3000.0
1643011200000,3000.0,3000.0,0,3000.0
1643025600000,3000.0,3000.0,0,3000.0
1643040000000,3000.0,3000.0,0,3000.0
1643054400000,3000.0,3000.0,0,3000.0
1643068800000,3000.0,3000.0,0,3000.0
1643083200000,3000.0,3000.0,0,3000.0
1643097600000,3000.0,3000.0,0,3000.0
1643112000000,3000.0,3000.0,0,3000.0
1643126400000,3000.0,3000.0,0,3000.0
1643140800000,3000.0,3000.0,0,3000.0
1643155200000,3000.0,3000.0,0,3000.0
1643169600000,3000.0,3000.0,0,3000.0
1643184000000,3000.0,3000.0,0,3000.0
1643198400000,3000.0,3000.0,0,3000.0
1643212800000,3000.0,3000.0,0,3000.0
1643227200000,3000.0,3000.0,0,3000.0
1643241600000,3000.0,3000.0,0,3000.0
1643256000000,3000.0,3000.0,0,3000.0
1643270400000,3000.0,3000.0,0,3000.0
1643284800000,3000.0,3000.0,0,3000.0
1643299200000,3000.0,3000.0,0,3000.0
1643313600000,3000.0,3000.0,0,3000.0
1643328000000,3000.0,3000.0,0,3000.0
1643342400000,3000.0,3000.0,0,3000.0
1643356800000,3000.0,3000.0,0,3000.0
1643371200000,3000.0,3000.0,0,3000.0
1643385600000,3000.0,3000.0,0,3000.0
1643400000000,3000.0,3000.0,0,3000.0
1643414400000,3000.0,3000.0,0,3000.0
1643428800000,3000.0,3000.0,0,3000.0
1643443200000,3000.0,3000.0,0,3000.0
1643457600000,3000.0,3000.0,0,3000.0
1643472000000,3000.0,3000.0,0,3000.0
1643486400000,3000.0,3000.0,0,3000.0
1643500800000,3000.0,3000.0,0,3000.0
1643515200000,3000.0,3000.0,0,3000.0
1643529600000,3000.0,3000.0,0,3000.0
1643544000000,3000.0,3000.0,0,3000.0
1643558400000,3000.0,3000.0,0,3000.0
1643572800000,3000.0,3000.0,0,3000.0
1643587200000,3000.0,3000.0,0,3000.0
1643601600000,3000.0,3000.0,0,3000.0
1643616000000,3000.0,3000.0,0,3000.0
1643630400000,3000.0,3000.0,0,3000.0
1643644800000,3000.0,3000.0,0,3000.0
1643659200000,3000.0,3000.0,0,3000.0
1643673600000,3000.0,3000.0,0,3000.0
1643688000000,3000.0,3000.0,0,3000.0
1643702400000,3000.0,3000.0,0,3000.0
1643716800000,3000.0,3000.0,0,3000.0
1643731200000,3000.0,3000.0,0,3000.0
1643745600000,3000.0,3000.0,0,3000.0
1643760000000,3000.0,3000.0,0,3000.0
1643774400000,3000.0,3000.0,0,3000.0
1643788800000,3000.0,3000.0,0,3000.0
1643803200000,3000.0,3000.0,0,3000.0
1643817600000,3000.0,3000.0,0,3000.0
1643832000000,3000.0,3000.0,0,3000.0
1643846400000,3000.0,3000.0,0,3000.0
1643860800000,3000.0,3000.0,0,3000.0
1643875200000,3000.0,3000.0,0,3000.0
1643889600000,3000.0,3000.0,0,3000.0
1643904000000,3000.0,3000.0,0,3000.0
1643918400000,3000.0,3000.0,0,3000.0
1643932800000,3000.0,3000.0,0,3000.0
1643947200000,3000.0,3000.0,0,3000.0
1643961600000,3000.0,3000.0,0,3000.0
1643976000000,3000.0,3000.0,0,3000.0
1643990400000,3000.0,3000.0,0,3000.0
1644004800000,3000.0,3000.0,0,3000.0
1644019200000,3000.0,3000.0,0,3000.0
1644033600000,3000.0,3000.0,0,3000.0
1644048000000,3000.0,3000.0,0,3000.0
1644062400000,3000.0,3000.0,0,3000.0
1644076800000,3000.0,3000.0,0,3000.0
1644091200000,3000.0,3000.0,0,3000.0
1644105600000,3000.0,3000.0,0,3000.0
1644120000000,3000.0,3000.0,0,3000.0
1644134400000,3000.0,3000.0,0,3000.0
1644148800000,3000.0,3000.0,0,3000.0
1644163200000,3000.0,3000.0,0,3000.0
1644177600000,3000.0,3000.0,0,3000.0
1644192000000,3000.0,3000.0,0,3000.0
1644206400000,3000.0,3000.0,0,3000.0
1644220800000,3000.0,3000.0,0,3000.0
1644235200000,3000.0,3000.0,0,3000.0
1644249600000,3000.0,3000.0,0,3000.0
1644264000000,3000.0,3000.0,0,3000.0
1644278400000,3000.0,3000.0,0,3000.0
1644292800000,3000.0,3000.0,0,3000.0
1644307200000,3000.0,3000.0,0,3000.0
1644321600000,3000.0,3000.0,0,3000.0
1644336000000,3000.0,3000.0,0,3000.0
1644350400000,3000.0,3000.0,0,3000.0
1644364800000,3000.0,3000.0,0,3000.0
1644379200000,3000.0,3000.0,0,3000.0
1644393600000,3000.0,3000.0,0,3000.0
1644408000000,3000.0,3000.0,0,3000.0
1644422400000,3000.0,3000.0,0,3000.0
1644436800000,3000.0,3000.0,0,3000.0
1644451200000,3000.0,3000.0,0,3000.0
1644465600000,3000.0,3000.0,0,3000.0
1644480000000,3000.0,3000.0,0,3000.0
1644494400000,3000.0,3000.0,0,3000.0
1644508800000,3000.0,3000.0,0,3000.0
1644523200000,3000.0,3000.0,0,3000.0
1644537600000,3000.0,3000.0,0,3000.0
1644552000000,3000.0,3000.0,0,3000.0
1644566400000,3000.0,3000.0,0,3000.0
1644580800000,3000.0,3000.0,0,3000.0
1644595200000,3000.0,3000.0,0,3000.0
1644609600000,3000.0,3000.0,0,3000.0
1644624000000,3000.0,3000.0,0,3000.0
1644638400000,3000.0,3000.0,0,3000.0
1644652800000,3000.0,3000.0,0,3000.0
1644667200000,3000.0,3000.0,0,3000.0
1644681600000,3000.0,3000.0,0,3000.0
1644696000000,3000.0,3000.0,0,3000.0
1644710400000,3000.0,3000.0,0,3000.0
1644724800000,3000.0,3000.0,0,3000.0
1644739200000,3000.0,3000.0,0,3000.0
1644753600000,3000.0,3000.0,0,3000.0
1644768000000,3000.0,3000.0,0,3000.0
1644782400000,3000.0,3000.0,0,3000.0
1644796800000,3000.0,3000.0,0,3000.0
1644811200000,3000.0,3000.0,0,3000.0
1644825600000,3000.0,3000.0,0,3000.0
1644840000000,3000.0,3000.0,0,3000.0
1644854400000,3000.0,3000.0,0,3000.0
1644868800000,3000.0,3000.0,0,3000.0
1644883200000,3000.0,3000.0,0,3000.0
1644897600000,3000.0,3000.0,0,3000.0
1644912000000,3000.0,3000.0,0,3000.0
1644926400000,3000.0,3000.0,0,3000.0
1644940800000,3000.0,3000.0,0,3000.0
1644955200000,3000.0,3000.0,0,3000.0
1644969600000,3000.0,3000.0,0,3000.0
1644984000000,3000.0,3000.0,0,3000.0
1644998400000,3000.0,3000.0,0,3000.0
1645012800000,3000.0,3000.0,0,3000.0
1645027200000,3000.0,3000.0,0,3000.0
1645041600000,3000.0,3000.0,0,3000.0
1645056000000,3000.0,3000.0,0,3000.0
1645070400000,3000.0,3000.0,0,3000.0
1645084800000,3000.0,3000.0,0,3000.0
1645099200000,3000.0,3000.0,0,3000.0
1645113600000,3000.0,3000.0,0,3000.0
1645128000000,3000.0,3000.0,0,3000.0
1645142400000,3000.0,3000.0,0,3000.0
1645156800000,3000.0,3000.0,0,3000.0
1645171200000,3000.0,3000.0,0,3000.0
1645185600000,3000.0,3000.0,0,3000.0
1645200000000,3000.0,3000.0,0,3000.0
1645214400000,3000.0,3000.0,0,3000.0
1645228800000,3000.0,3000.0,0,3000.0
1645243200000,3000.0,3000.0,0,3000.0
1645257600000,3000.0,3000.0,0,3000.0
1645272000000,3000.0,3000.0,0,3000.0
1645286400000,3000.0,3000.0,0,3000.0
1645300800000,3000.0,3000.0,0,3000.0
1645315200000,3000.0,3000.0,0,3000.0
1645329600000,3000.0,3000.0,0,3000.0
1645344000000,3000.0,3000.0,0,3000.0
1645358400000,3000.0,3000.0,0,3000.0
1645372800000,3000.0,3000.0,0,3000.0
1645387200000,3000.0,3000.0,0,3000.0
1645401600000,3000.0,3000.0,0,3000.0
1645416000000,3000.0,3000.0,0,3000.0
1645430400000,3000.0,3000.0,0,3000.0
1645444800000,3000.0,3000.0,0,3000.0
1645459200000,3000.0,3000.0,0,3000.0
1645473600000,3000.0,3000.0,0,3000.0
1645488000000,3000.0,3000.0,0,3000.0
1645502400000,3000.0,3000.0,0,3000.0
1645516800000,3000.0,3000.0,0,3000.0
1645531200000,3000.0,3000.0,0,3000.0
1645545600000,3000.0,3000.0,0,3000.0
1645560000000,3000.0,3000.0,0,3000.0
1645574400000,3000.0,3000.0,0,3000.0
1645588800000,3000.0,3000.0,0,3000.0
1645603200000,3000.0,3000.0,0,3000.0
1645617600000,3000.0,3000.0,0,3000.0
1645632000000,3000.0,3000.0,0,3000.0
1645646400000,3000.0,3000.0,0,3000.0
1645660800000,3000.0,3000.0,0,3000.0
1645675200000,3000.0,3000.0,0,3000.0
1645689600000,3000.0,3000.0,0,3000.0
1645704000000,3000.0,3000.0,0,3000.0
1645718400000,3000.0,3000.0,0,3000.0
1645732800000,3000.0,3000.0,0,3000.0
1645747200000,3000.0,3000.0,0,3000.0
1645761600000,3000.0,3000.0,0,3000.0
1645776000000,3000.0,3000.0,0,3000.0
1645790400000,3000.0,3000.0,0,3000.0
1645804800000,3000.0,3000.0,0,3000.0
1645819200000,3000.0,3000.0,0,3000.0
1645833600000,3000.0,3000.0,0,3000.0
1645848000000,3000.0,3000.0,0,3000.0
1645862400000,3000.0,3000.0,0,3000.0
1645876800000,3000.0,3000.0,0,3000.0
1645891200000,3000.0,3000.0,0,3000.0
1645905600000,3000.0,3000.0,0,3000.0
1645920000000,3000.0,3000.0,0,3000.0
1645934400000,3000.0,3000.0,0,3000.0
1645948800000,3000.0,3000.0,0,3000.0
1645963200000,3000.0,3000.0,0,3000.0
1645977600000,3000.0,3000.0,0,3000.0
1645992000000,3000.0,3000.0,0,3000.0
1646006400000,3000.0,3000.0,0,3000.0
1646020800000,3000.0,3000.0,0,3000.0
1646035200000,3000.0,3000.0,0,3000.0
1646049600000,3000.0,3000.0,0,3000.0
1646064000000,3000.0,3000.0,0,3000.0
1646078400000,3000.0,3000.0,0,3000.0
1646092800000,3000.0,3000.0,0,3000.0
1646107200000,3000.0,3000.0,0,3000.0
1646121600000,3000.0,3000.0,0,3000.0
1646136000000,3000.0,3000.0,0,3000.0
1646150400000,3000.0,3000.0,0,3000.0
1646164800000,3000.0,3000.0,0,3000.0
1646179200000,3000.0,3000.0,0,3000.0
1646193600000,3000.0,3000.0,0,3000.0
1646208000000,3000.0,3000.0,0,3000.0
1646222400000,3000.0,3000.0,0,3000.0
1646236800000,3000.0,3000.0,0,3000.0
1646251200000,3000.0,3000.0,0,3000.0
1646265600000,3000.0,3000.0,0,3000.0
1646280000000,3000.0,3000.0,0,3000.0
1646294400000,3000.0,3000.0,0,3000.0
1646308800000,3000.0,3000.0,0,3000.0
1646323200000,3000.0,3000.0,0,3000.0
1646337600000,3000.0,3000.0,0,3000.0
1646352000000,3000.0,3000.0,0,3000.0
1646366400000,3000.0,3000.0,0,3000.0
1646380800000,3000.0,3000.0,0,3000.0
1646395200000,3000.0,3000.0,0,3000.0
1646409600000,3000.0,3000.0,0,3000.0
1646424000000,3000.0,3000.0,0,3000.0
1646438400000,3000.0,3000.0,0,3000.0
1646452800000,3000.0,3000.0,0,3000.0
1646467200000,3000.0,3000.0,0,3000.0
1646481600000,3000.0,3000.0,0,3000.0
1646496000000,3000.0,3000.0,0,3000.0
1646510400000,3000.0,3000.0,0,3000.0
1646524800000,3000.0,3000.0,0,3000.0
1646539200000,3000.0,3000.0,0,3000.0
1646553600000,3000.0,3000.0,0,3000.0
1646568000000,3000.0,3000.0,0,3000.0
1646582400000,3000.0,3000.0,0,3000.0
1646596800000,3000.0,3000.0,0,3000.0
1646611200000,3000.0,3000.0,0,3000.0
1646625600000,3000.0,3000.0,0,3000.0
1646640000000,3000.0,3000.0,0,3000.0
1646654400000,3000.0,3000.0,0,3000.0
1646668800000,3000.0,3000.0,0,3000.0
1646683200000,3000.0,3000.0,0,3000.0
1646697600000,3000.0,3000.0,0,3000.0
1646712000000,3000.0,3000.0,0,3000.0
1646726400000,3000.0,3000.0,0,3000.0
1646740800000,3000.0,3000.0,0,3000.0
1646755200000,3000.0,3000.0,0,3000.0
1646769600000,3000.0,3000.0,0,3000.0
1646784000000,3000.0,3000.0,0,3000.0
1646798400000,3000.0,3000.0,0,3000.0
1646812800000,3000.0,3000.0,0,3000.0
1646827200000,3000.0,3000.0,0,3000.0
1646841600000,3000.0,3000.0,0,3000.0
1646856000000,3000.0,3000.0,0,3000.0
1646870400000,3000.0,3000.0,0,3000.0
1646884800000,3000.0,3000.0,0,3000.0
1646899200000,3000.0,3000.0,0,3000.0
1646913600000,3000.0,3000.0,0,3000.0
1646928000000,3000.0,3000.0,0,3000.0
1646942400000,3000.0,3000.0,0,3000.0
1646956800000,3000.0,3000.0,0,3000.0
1646971200000,3000.0,3000.0,0,3000.0
1646985600000,3000.0,3000.0,0,3000.0
1647000000000,3000.0,3000.0,0,3000.0
1647014400000,3000.0,3000.0,0,3000.0
1647028800000,3000.0,3000.0,0,3000.0
1647043200000,3000.0,3000.0,0,3000.0
1647057600000,3000.0,3000.0,0,3000.0
1647072000000,3000.0,3000.0,0,3000.0
1647086400000,3000.0,3000.0,0,3000.0
1647100800000,3000.0,3000.0,0,3000.0
1647115200000,3000.0,3000.0,0,3000.0
1647129600000,3000.0,3000.0,0,3000.0
1647144000000,3000.0,3000.0,0,3000.0
1647158400000,3000.0,3000.0,0,3000.0
1647172800000,3000.0,3000.0,0,3000.0
1647187200000,3000.0,3000.0,0,3000.0
1647201600000,3000.0,3000.0,0,3000.0
1647216000000,3000.0,3000.0,0,3000.0
1647230400000,3000.0,3000.0,0,3000.0
1647244800000,3000.0,3000.0,0,3000.0
1647259200000,3000.0,3000.0,0,3000.0
1647273600000,3000.0,3000.0,0,3000.0
1647288000000,3000.0,3000.0,0,3000.0
1647302400000,3000.0,3000.0,0,3000.0
1647316800000,3000.0,3000.0,0,3000.0
1647331200000,3000.0,3000.0,0,3000.0
1647345600000,3000.0,3000.0,0,3000.0
1647360000000,3000.0,3000.0,0,3000.0
1647374400000,3000.0,3000.0,0,3000.0
1647388800000,3000.0,3000.0,0,3000.0
1647403200000,3000.0,3000.0,0,3000.0
1647417600000,3000.0,3000.0,0,3000.0
1647432000000,3000.0,3000.0,0,3000.0
1647446400000,3000.0,3000.0,0,3000.0
1647460800000,3000.0,3000.0,0,3000.0
1647475200000,3000.0,3000.0,0,3000.0
1647489600000,3000.0,3000.0,0,3000.0
1647504000000,3000.0,3000.0,0,3000.0
1647518400000,3000.0,3000.0,0,3000.0
1647532800000,3000.0,3000.0,0,3000.0
1647547200000,3000.0,3000.0,0,3000.0
1647561600000,3000.0,3000.0,0,3000.0
1647576000000,3000.0,3000.0,0,3000.0
1647590400000,3000.0,3000.0,0,3000.0
1647604800000,3000.0,3000.0,0,3000.0
1647619200000,3000.0,3000.0,0,3000.0
1647633600000,3000.0,3000.0,0,3000.0
1647648000000,3000.0,3000.0,0,3000.0
1647662400000,3000.0,3000.0,0,3000.0
1647676800000,3000.0,3000.0,0,3000.0
1647691200000,3000.0,3000.0,0,3000.0
1647705600000,3000.0,3000.0,0,3000.0
1647720000000,3000.0,3000.0,0,3000.0
1647734400000,3000.0,3000.0,0,3000.0
1647748800000,3000.0,3000.0,0,3000.0
1647763200000,3000.0,3000.0,0,3000.0
1647777600000,3000.0,3000.0,0,3000.0
1647792000000,3000.0,3000.0,0,3000.0
1647806400000,3000.0,3000.0,0,3000.0
1647820800000,3000.0,3000.0,0,3000.0
1647835200000,3000.0,3000.0,0,3000.0
1647849600000,3000.0,3000.0,0,3000.0
1647864000000,3000.0,3000.0,0,3000.0
1647878400000,3000.0,3000.0,0,3000.0
1647892800000,3000.0,3000.0,0,3000.0
1647907200000,3000.0,3000.0,0,3000.0
1647921600000,3000.0,3000.0,0,3000.0
1647936000000,3000.0,3000.0,0,3000.0
1647950400000,3000.0,3000.0,0,3000.0
1647964800000,3000.0,3000.0,0,3000.0
1647979200000,3000.0,3000.0,0,3000.0
1647993600000,3000.0,3000.0,0,3000.0
1648008000000,3000.0,3000.0,0,3000.0
1648022400000,3000.0,3000.0,0,3000.0
1648036800000,3000.0,3000.0,0,3000.0
1648051200000,3000.0,3000.0,0,3000.0
1648065600000,3000.0,3000.0,0,3000.0
1648080000000,3000.0,3000.0,0,3000.0
1648094400000,3000.0,3000.0,0,3000.0
1648108800000,3000.0,3000.0,0,3000.0
1648123200000,3000.0,3000.0,0,3000.0
1648137600000,3000.0,3000.0,0,3000.0
1648152000000,3000.0,3000.0,0,3000.0
1648166400000,3000.0,3000.0,0,3000.0
1648180800000,3000.0,3000.0,0,3000.0
1648195200000,3000.0,3000.0,0,3000.0
1648209600000,3000.0,3000.0,0,3000.0
1648224000000,3000.0,3000.0,0,3000.0
1648238400000,3000.0,3000.0,0,3000.0
1648252800000,3000.0,3000.0,0,3000.0
1648267200000,3000.0,3000.0,0,3000.0
1648281600000,3000.0,3000.0,0,3000.0
1648296000000,3000.0,3000.0,0,3000.0
1648310400000,3000.0,3000.0,0,3000.0
1648324800000,3000.0,3000.0,0,3000.0
1648339200000,3000.0,3000.0,0,3000.0
1648353600000,3000.0,3000.0,0,3000.0
1648368000000,3000.0,3000.0,0,3000.0
1648382400000,3000.0,3000.0,0,3000.0
1648396800000,3000.0,3000.0,0,3000.0
1648411200000,3000.0,3000.0,0,3000.0
1648425600000,3000.0,3000.0,0,3000.0
1648440000000,3000.0,3000.0,0,3000.0
1648454400000,3000.0,3000.0,0,3000.0
1648468800000,3000.0,3000.0,0,3000.0
1648483200000,3000.0,3000.0,0,3000.0
1648497600000,3000.0,3000.0,0,3000.0
1648512000000,3000.0,3000.0,0,3000.0
1648526400000,3000.0,3000.0,0,3000.0
1648540800000,3000.0,3000.0,0,3000.0
1648555200000,3000.0,3000.0,0,3000.0
1648569600000,3000.0,3000.0,0,3000.0
1648584000000,3000.0,3000.0,0,3000.0
1648598400000,3000.0,3000.0,0,3000.0
1648612800000,3000.0,3000.0,0,3000.0
1648627200000,3000.0,3000.0,0,3000.0
1648641600000,3000.0,3000.0,0,3000.0
1648656000000,3000.0,3000.0,0,3000.0
1648670400000,3000.0,3000.0,0,3000.0
1648684800000,3000.0,3000.0,0,3000.0
1648699200000,3000.0,3000.0,0,3000.0
1648713600000,3000.0,3000.0,0,3000.0
1648728000000,3000.0,3000.0,0,3000.0
1648742400000,3000.0,3000.0,0,3000.0
1648756800000,3000.0,3000.0,0,3000.0
1648771200000,3000.0,3000.0,0,3000.0
1648785600000,3000.0,3000.0,0,3000.0
1648800000000,3000.0,3000.0,0,3000.0
1648814400000,3000.0,3000.0,0,3000.0
1648828800000,3000.0,3000.0,0,3000.0
1648843200000,3000.0,3000.0,0,3000.0
1648857600000,3000.0,3000.0,0,3000.0
1648872000000,3000.0,3000.0,0,3000.0
1648886400000,3000.0,3000.0,0,3000.0
1648900800000,3000.0,3000.0,0,3000.0
1648915200000,3000.0,3000.0,0,3000.0
1648929600000,3000.0,3000.0,0,3000.0
1648944000000,3000.0,3000.0,0,3000.0
1648958400000,3000.0,3000.0,0,3000.0
1648972800000,3000.0,3000.0,0,3000.0
1648987200000,3000.0,3000.0,0,3000.0
1649001600000,3000.0,3000.0,0,3000.0
1649016000000,3000.0,3000.0,0,3000.0
1649030400000,3000.0,3000.0,0,3000.0
1649044800000,3000.0,3000.0,0,3000.0
1649059200000,3000.0,3000.0,0,3000.0
1649073600000,3000.0,3000.0,0,3000.0
1649088000000,3000.0,3000.0,0,3000.0
1649102400000,3000.0,3000.0,0,3000.0
1649116800000,3000.0,3000.0,0,3000.0
1649131200000,3000.0,3000.0,0,3000.0
1649145600000,3000.0,3000.0,0,3000.0
1649160000000,3000.0,3000.0,0,3000.0
1649174400000,3000.0,3000.0,0,3000.0
1649188800000,3000.0,3000.0,0,3000.0
1649203200000,3000.0,3000.0,0,3000.0
1649217600000,3000.0,3000.0,0,3000.0
1649232000000,3000.0,3000.0,0,3000.0
1649246400000,3000.0,3000.0,0,3000.0
1649260800000,3000.0,3000.0,0,3000.0
1649275200000,3000.0,3000.0,0,3000.0
1649289600000,3000.0,3000.0,0,3000.0
1649304000000,3000.0,3000.0,0,3000.0
1649318400000,3000.0,3000.0,0,3000.0
1649332800000,3000.0,3000.0,0,3000.0
1649347200000,3000.0,3000.0,0,3000.0
1649361600000,3000.0,3000.0,0,3000.0
1649376000000,3000.0,3000.0,0,3000.0
1649390400000,3000.0,3000.0,0,3000.0
1649404800000,3000.0,3000.0,0,3000.0
1649419200000,3000.0,3000.0,0,3000.0
1649433600000,3000.0,3000.0,0,3000.0
1649448000000,3000.0,3000.0,0,3000.0
1649462400000,3000.0,3000.0,0,3000.0
1649476800000,3000.0,3000.0,0,3000.0
1649491200000,3000.0,3000.0,0,3000.0
1649505600000,3000.0,3000.0,0,3000.0
1649520000000,3000.0,3000.0,0,3000.0
1649534400000,3000.0,3000.0,0,3000.0
1649548800000,3000.0,3000.0,0,3000.0
1649563200000,3000.0,3000.0,0,3000.0
1649577600000,3000.0,3000.0,0,3000.0
1649592000000,3000.0,3000.0,0,3000.0
1649606400000,3000.0,3000.0,0,3000.0
1649620800000,3000.0,3000.0,0,3000.0
1649635200000,3000.0,3000.0,0,3000.0
1649649600000,3000.0,3000.0,0,3000.0
1649664000000,3000.0,3000.0,0,3000.0
1649678400000,3000.0,3000.0,0,3000.0
1649692800000,3000.0,3000.0,0,3000.0
1649707200000,3000.0,3000.0,0,3000.0
1649721600000,3000.0,3000.0,0,3000.0
1649736000000,3000.0,3000.0,0,3000.0
1649750400000,3000.0,3000.0,0,3000.0
1649764800000,3000.0,3000.0,0,3000.0
1649779200000,3000.0,3000.0,0,3000.0
1649793600000,3000.0,3000.0,0,3000.0
1649808000000,3000.0,3000.0,0,3000.0
1649822400000,3000.0,3000.0,0,3000.0
1649836800000,3000.0,3000.0,0,3000.0
1649851200000,3000.0,3000.0,0,3000.0
1649865600000,3000.0,3000.0,0,3000.0
1649880000000,3000.0,3000.0,0,3000.0
1649894400000,3000.0,3000.0,0,3000.0
1649908800000,3000.0,3000.0,0,3000.0
1649923200000,3000.0,3000.0,0,3000.0
1649937600000,3000.0,3000.0,0,3000.0
1649952000000,3000.0,3000.0,0,3000.0
1649966400000,3000.0,3000.0,0,3000.0
1649980800000,3000.0,3000.0,0,3000.0
1649995200000,3000.0,3000.0,0,3000.0
1650009600000,3000.0,3000.0,0,3000.0
1650024000000,3000.0,3000.0,0,3000.0
1650038400000,3000.0,3000.0,0,3000.0
1650052800000,3000.0,3000.0,0,3000.0
1650067200000,3000.0,3000.0,0,3000.0
1650081600000,3000.0,3000.0,0,3000.0
1650096000000,3000.0,3000.0,0,3000.0
1650110400000,3000.0,3000.0,0,3000.0
1650124800000,3000.0,3000.0,0,3000.0
1650139200000,3000.0,3000.0,0,3000.0
1650153600000,3000.0,3000.0,0,3000.0
1650168000000,3000.0,3000.0,0,3000.0
1650182400000,3000.0,3000.0,0,3000.0
1650196800000,3000.0,3000.0,0,3000.0
1650211200000,3000.0,3000.0,0,3000.0
1650225600000,3000.0,3000.0,0,3000.0
1650240000000,3000.0,3000.0,0,3000.0
1650254400000,3000.0,3000.0,0,3000.0
1650268800000,3000.0,3000.0,0,3000.0
1650283200000,3000.0,3000.0,0,3000.0
1650297600000,3000.0,3000.0,0,3000.0
1650312000000,3000.0,3000.0,0,3000.0
1650326400000,3000.0,3000.0,0,3000.0
1650340800000,3000.0,3000.0,0,3000.0
1650355200000,3000.0,3000.0,0,3000.0
1650369600000,3000.0,3000.0,0,3000.0
1650384000000,3000.0,3000.0,0,3000.0
1650398400000,3000.0,3000.0,0,3000.0
1650412800000,3000.0,3000.0,0,3000.0
1650427200000,3000.0,3000.0,0,3000.0
1650441600000,3000.0,3000.0,0,3000.0
1650456000000,3000.0,3000.0,0,3000.0
1650470400000,3000.0,3000.0,0,3000.0
1650484800000,3000.0,3000.0,0,3000.0
1650499200000,3000.0,3000.0,0,3000.0
1650513600000,3000.0,3000.0,0,3000.0
1650528000000,3000.0,3000.0,0,3000.0
1650542400000,3000.0,3000.0,0,3000.0
1650556800000,3000.0,3000.0,0,3000.0
1650571200000,3000.0,3000.0,0,3000.0
1650585600000,3000.0,3000.0,0,3000.0
1650600000000,3000.0,3000.0,0,3000.0
1650614400000,3000.0,3000.0,0,3000.0
1650628800000,3000.0,3000.0,0,3000.0
1650643200000,3000.0,3000.0,0,3000.0
1650657600000,3000.0,3000.0,0,3000.0
1650672000000,3000.0,3000.0,0,3000.0
1650686400000,3000.0,3000.0,0,3000.0
1650700800000,3000.0,3000.0,0,3000.0
1650715200000,3000.0,3000.0,0,3000.0
1650729600000,3000.0,3000.0,0,3000.0
1650744000000,3000.0,3000.0,0,3000.0
1650758400000,3000.0,3000.0,0,3000.0
1650772800000,3000.0,3000.0,0,3000.0
1650787200000,3000.0,3000.0,0,3000.0
1650801600000,3000.0,3000.0,0,3000.0
1650816000000,3000.0,3000.0,0,3000.0
1650830400000,3000.0,3000.0,0,3000.0
1650844800000,3000.0,3000.0,0,3000.0
1650859200000,3000.0,3000.0,0,3000.0
1650873600000,3000.0,3000.0,0,3000.0
1650888000000,3000.0,3000.0,0,3000.0
1650902400000,3000.0,3000.0,0,3000.0
1650916800000,3000.0,3000.0,0,3000.0
1650931200000,3000.0,3000.0,0,3000.0
1650945600000,3000.0,3000.0,0,3000.0
1650960000000,3000.0,3000.0,0,3000.0
1650974400000,3000.0,3000.0,0,3000.0
1650988800000,3000.0,3000.0,0,3000.0
1651003200000,3000.0,3000.0,0,3000.0
1651017600000,3000.0,3000.0,0,3000.0
1651032000000,3000.0,3000.0,0,3000.0
1651046400000,3000.0,3000.0,0,3000.0
1651060800000,3000.0,3000.0,0,3000.0
1651075200000,3000.0,3000.0,0,3000.0
1651089600000,3000.0,3000.0,0,3000.0
1651104000000,3000.0,3000.0,0,3000.0
1651118400000,3000.0,3000.0,0,3000.0
1651132800000,3000.0,3000.0,0,3000.0
1651147200000,3000.0,3000.0,0,3000.0
1651161600000,3000.0,3000.0,0,3000.0
1651176000000,3000.0,3000.0,0,3000.0
1651190400000,3000.0,3000.0,0,3000.0
1651204800000,3000.0,3000.0,0,3000.0
1651219200000,3000.0,3000.0,0,3000.0
1651233600000,3000.0,3000.0,0,3000.0
1651248000000,3000.0,3000.0,0,3000.0
1651262400000,3000.0,3000.0,0,3000.0
1651276800000,3000.0,3000.0,0,3000.0
1651291200000,3000.0,3000.0,0,3000.0
1651305600000,3000.0,3000.0,0,3000.0
1651320000000,3000.0,3000.0,0,3000.0
1651334400000,3000.0,3000.0,0,3000.0
1651348800000,3000.0,3000.0,0,3000.0
1651363200000,3000.0,3000.0,0,3000.0
1651377600000,3000.0,3000.0,0,3000.0
1651392000000,3000.0,3000.0,0,3000.0
1651406400000,3000.0,3000.0,0,3000.0
1651420800000,3000.0,3000.0,0,3000.0
1651435200000,3000.0,3000.0,0,3000.0
1651449600000,3000.0,3000.0,0,3000.0
1651464000000,3000.0,3000.0,0,3000.0
1651478400000,3000.0,3000.0,0,3000.0
1651492800000,3000.0,3000.0,0,3000.0
1651507200000,3000.0,3000.0,0,3000.0
1651521600000,3000.0,3000.0,0,3000.0
1651536000000,3000.0,3000.0,0,3000.0
1651550400000,3000.0,3000.0,0,3000.0
1651564800000,3000.0,3000.0,0,3000.0
1651579200000,3000.0,3000.0,0,3000.0
1651593600000,3000.0,3000.0,0,3000.0
1651608000000,3000.0,3000.0,0,3000.0
1651622400000,3000.0,3000.0,0,3000.0
1651636800000,3000.0,3000.0,0,3000.0
1651651200000,3000.0,3000.0,0,3000.0
1651665600000,3000.0,3000.0,0,3000.0
1651680000000,3000.0,3000.0,0,3000.0
1651694400000,3000.0,3000.0,0,3000.0
1651708800000,3000.0,3000.0,0,3000.0
1651723200000,3000.0,3000.0,0,3000.0
1651737600000,3000.0,3000.0,0,3000.0
1651752000000,3000.0,3000.0,0,3000.0
1651766400000,3000.0,3000.0,0,3000.0
1651780800000,3000.0,3000.0,0,3000.0
1651795200000,3000.0,3000.0,0,3000.0
1651809600000,3000.0,3000.0,0,3000.0
1651824000000,3000.0,3000.0,0,3000.0
1651838400000,3000.0,3000.0,0,3000.0
1651852800000,3000.0,3000.0,0,3000.0
1651867200000,3000.0,3000.0,0,3000.0
1651881600000,3000.0,3000.0,0,3000.0
1651896000000,3000.0,3000.0,0,3000.0
1651910400000,3000.0,3000.0,0,3000.0
1651924800000,3000.0,3000.0,0,3000.0
1651939200000,3000.0,3000.0,0,3000.0
1651953600000,3000.0,3000.0,0,3000.0
1651968000000,3000.0,3000.0,0,3000.0
1651982400000,3000.0,3000.0,0,3000.0
1651996800000,3000.0,3000.0,0,3000.0
1652011200000,3000.0,3000.0,0,3000.0
1652025600000,3000.0,3000.0,0,3000.0
1652040000000,3000.0,3000.0,0,3000.0
1652054400000,3000.0,3000.0,0,3000.0
1652068800000,3000.0,3000.0,0,3000.0
1652083200000,3000.0,3000.0,0,3000.0
1652097600000,3000.0,3000.0,0,3000.0
1652112000000,3000.0,3000.0,0,3000.0
1652126400000,3000.0,3000.0,0,3000.0
1652140800000,3000.0,3000.0,0,3000.0
1652155200000,3000.0,3000.0,0,3000.0
1652169600000,3000.0,3000.0,0,3000.0
1652184000000,3000.0,3000.0,0,3000.0
1652198400000,3000.0,3000.0,0,3000.0
1652212800000,3000.0,3000.0,0,3000.0
1652227200000,3000.0,3000.0,0,3000.0
1652241600000,3000.0,3000.0,0,3000.0
1652256000000,3000.0,3000.0,0,3000.0
1652270400000,3000.0,3000.0,0,3000.0
1652284800000,3000.0,3000.0,0,3000.0
1652299200000,3000.0,3000.0,0,3000.0
1652313600000,3000.0,3000.0,0,3000.0
1652328000000,3000.0,3000.0,0,3000.0
1652342400000,3000.0,3000.0,0,3000.0
1652356800000,3000.0,3000.0,0,3000.0
1652371200000,3000.0,3000.0,0,3000.0
1652385600000,3000.0,3000.0,0,3000.0
1652400000000,3000.0,3000.0,0,3000.0
1652414400000,3000.0,3000.0,0,3000.0
1652428800000,3000.0,3000.0,0,3000.0
1652443200000,3000.0,3000.0,0,3000.0
1652457600000,3000.0,3000.0,0,3000.0
1652472000000,3000.0,3000.0,0,3000.0
1652486400000,3000.0,3000.0,0,3000.0
1652500800000,3000.0,3000.0,0,3000.0
1652515200000,3000.0,3000.0,0,3000.0
1652529600000,3000.0,3000.0,0,3000.0
1652544000000,3000.0,3000.0,0,3000.0
1652558400000,3000.0,3000.0,0,3000.0
1652572800000,3000.0,3000.0,0,3000.0
1652587200000,3000.0,3000.0,0,3000.0
1652601600000,3000.0,3000.0,0,3000.0
1652616000000,3000.0,3000.0,0,3000.0
1652630400000,3000.0,3000.0,0,3000.0
1652644800000,3000.0,3000.0,0,3000.0
1652659200000,3000.0,3000.0,0,3000.0
1652673600000,3000.0,3000.0,0,3000.0
1652688000000,3000.0,3000.0,0,3000.0
1652702400000,3000.0,3000.0,0,3000.0
1652716800000,3000.0,3000.0,0,3000.0
1652731200000,3000.0,3000.0,0,3000.0
1652745600000,3000.0,3000.0,0,3000.0
1652760000000,3000.0,3000.0,0,3000.0
1652774400000,3000.0,3000.0,0,3000.0
1652788800000,3000.0,3000.0,0,3000.0
1652803200000,3000.0,3000.0,0,3000.0
1652817600000,3000.0,3000.0,0,3000.0
1652832000000,3000.0,3000.0,0,3000.0
1652846400000,3000.0,3000.0,0,3000.0
1652860800000,3000.0,3000.0,0,3000.0
1652875200000,3000.0,3000.0,0,3000.0
1652889600000,3000.0,3000.0,0,3000.0
1652904000000,3000.0,3000.0,0,3000.0
1652918400000,3000.0,3000.0,0,3000.0
1652932800000,3000.0,3000.0,0,3000.0
1652947200000,3000.0,3000.0,0,3000.0
1652961600000,3000.0,3000.0,0,3000.0
1652976000000,3000.0,3000.0,0,3000.0
1652990400000,3000.0,3000.0,0,3000.0
1653004800000,3000.0,3000.0,0,3000.0
1653019200000,3000.0,3000.0,0,3000.0
1653033600000,3000.0,3000.0,0,3000.0
1653048000000,3000.0,3000.0,0,3000.0
1653062400000,3000.0,3000.0,0,3000.0
1653076800000,3000.0,3000.0,0,3000.0
1653091200000,3000.0,3000.0,0,3000.0
1653105600000,3000.0,3000.0,0,3000.0
1653120000000,3000.0,3000.0,0,3000.0
1653134400000,3000.0,3000.0,0,3000.0
1653148800000,3000.0,3000.0,0,3000.0
1653163200000,3000.0,3000.0,0,3000.0
1653177600000,3000.0,3000.0,0,3000.0
1653192000000,3000.0,3000.0,0,3000.0
1653206400000,3000.0,3000.0,0,3000.0
1653220800000,3000.0,3000.0,0,3000.0
1653235200000,3000.0,3000.0,0,3000.0
1653249600000,3000.0,3000.0,0,3000.0
1653264000000,3000.0,3000.0,0,3000.0
1653278400000,3000.0,3000.0,0,3000.0
1653292800000,3000.0,3000.0,0,3000.0
1653307200000,3000.0,3000.0,0,3000.0
1653321600000,3000.0,3000.0,0,3000.0
1653336000000,3000.0,3000.0,0,3000.0
1653350400000,3000.0,3000.0,0,3000.0
1653364800000,3000.0,3000.0,0,3000.0
1653379200000,3000.0,3000.0,0,3000.0
1653393600000,3000.0,3000.0,0,3000.0
1653408000000,3000.0,3000.0,0,3000.0
1653422400000,3000.0,3000.0,0,3000.0
1653436800000,3000.0,3000.0,0,3000.0
1653451200000,3000.0,3000.0,0,3000.0
1653465600000,3000.0,3000.0,0,3000.0
1653480000000,3000.0,3000.0,0,3000.0
1653494400000,3000.0,3000.0,0,3000.0
1653508800000,3000.0,3000.0,0,3000.0
1653523200000,3000.0,3000.0,0,3000.0
1653537600000,3000.0,3000.0,0,3000.0
1653552000000,3000.0,3000.0,0,3000.0
1653566400000,3000.0,3000.0,0,3000.0
1653580800000,3000.0,3000.0,0,3000.0
1653595200000,3000.0,3000.0,0,3000.0
1653609600000,3000.0,3000.0,0,3000.0
1653624000000,3000.0,3000.0,0,3000.0
1653638400000,3000.0,3000.0,0,3000.0
1653652800000,3000.0,3000.0,0,3000.0
1653667200000,3000.0,3000.0,0,3000.0
1653681600000,3000.0,3000.0,0,3000.0
1653696000000,3000.0,3000.0,0,3000.0
1653710400000,3000.0,3000.0,0,3000.0
1653724800000,3000.0,3000.0,0,3000.0
1653739200000,3000.0,3000.0,0,3000.0
1653753600000,3000.0,3000.0,0,3000.0
1653768000000,3000.0,3000.0,0,3000.0
1653782400000,3000.0,3000.0,0,3000.0
1653796800000,3000.0,3000.0,0,3000.0
1653811200000,3000.0,3000.0,0,3000.0
1653825600000,3000.0,3000.0,0,3000.0
1653840000000,3000.0,3000.0,0,3000.0
1653854400000,3000.0,3000.0,0,3000.0
1653868800000,3000.0,3000.0,0,3000.0
1653883200000,3000.0,3000.0,0,3000.0
1653897600000,3000.0,3000.0,0,3000.0
1653912000000,3000.0,3000.0,0,3000.0
1653926400000,3000.0,3000.0,0,3000.0
1653940800000,3000.0,3000.0,0,3000.0
1653955200000,3000.0,3000.0,0,3000.0
1653969600000,3000.0,3000.0,0,3000.0
1653984000000,3000.0,3000.0,0,3000.0
1653998400000,3000.0,3000.0,0,3000.0
1654012800000,3000.0,3000.0,0,3000.0
1654027200000,3000.0,3000.0,0,3000.0
1654041600000,3000.0,3000.0,0,3000.0
1654056000000,3000.0,3000.0,0,3000.0
1654070400000,3000.0,3000.0,0,3000.0
1654084800000,3000.0,3000.0,0,3000.0
1654099200000,3000.0,3000.0,0,3000.0
1654113600000,3000.0,3000.0,0,3000.0
1654128000000,3000.0,3000.0,0,3000.0
1654142400000,3000.0,3000.0,0,3000.0
1654156800000,3000.0,3000.0,0,3000.0
1654171200000,3000.0,3000.0,0,3000.0
1654185600000,3000.0,3000.0,0,3000.0
1654200000000,3000.0,3000.0,0,3000.0
1654214400000,3000.0,3000.0,0,3000.0
1654228800000,3000.0,3000.0,0,3000.0
1654243200000,3000.0,3000.0,0,3000.0
1654257600000,3000.0,3000.0,0,3000.0
1654272000000,3000.0,3000.0,0,3000.0
1654286400000,3000.0,3000.0,0,3000.0
1654300800000,3000.0,3000.0,0,3000.0
1654315200000,3000.0,3000.0,0,3000.0
1654329600000,3000.0,3000.0,0,3000.0
1654344000000,3000.0,3000.0,0,3000.0
1654358400000,3000.0,3000.0,0,3000.0
1654372800000,3000.0,3000.0,0,3000.0
1654387200000,3000.0,3000.0,0,3000.0
1654401600000,3000.0,3000.0,0,3000.0
1654416000000,3000.0,3000.0,0,3000.0
1654430400000,3000.0,3000.0,0,3000.0
1654444800000,3000.0,3000.0,0,3000.0
1654459200000,3000.0,3000.0,0,3000.0
1654473600000,3000.0,3000.0,0,3000.0
1654488000000,3000.0,3000.0,0,3000.0
1654502400000,3000.0,3000.0,0,3000.0
1654516800000,3000.0,3000.0,0,3000.0
1654531200000,3000.0,3000.0,0,3000.0
1654545600000,3000.0,3000.0,0,3000.0
1654560000000,3000.0,3000.0,0,3000.0
1654574400000,3000.0,3000.0,0,3000.0
1654588800000,3000.0,3000.0,0,3000.0
1654603200000,3000.0,3000.0,0,3000.0
1654617600000,3000.0,3000.0,0,3000.0
1654632000000,3000.0,3000.0,0,3000.0
1654646400000,3000.0,3000.0,0,3000.0
1654660800000,3000.0,3000.0,0,3000.0
1654675200000,3000.0,3000.0,0,3000.0
1654689600000,3000.0,3000.0,0,3000.0
1654704000000,3000.0,3000.0,0,3000.0
1654718400000,3000.0,3000.0,0,3000.0
1654732800000,3000.0,3000.0,0,3000.0
1654747200000,3000.0,3000.0,0,3000.0
1654761600000,3000.0,3000.0,0,3000.0
1654776000000,3000.0,3000.0,0,3000.0
1654790400000,3000.0,3000.0,0,3000.0
1654804800000,3000.0,3000.0,0,3000.0
1654819200000,3000.0,3000.0,0,3000.0
1654833600000,3000.0,3000.0,0,3000.0
1654848000000,3000.0,3000.0,0,3000.0
1654862400000,3000.0,3000.0,0,3000.0
1654876800000,3000.0,3000.0,0,3000.0
1654891200000,3000.0,3000.0,0,3000.0
1654905600000,3000.0,3000.0,0,3000.0
1654920000000,3000.0,3000.0,0,3000.0
1654934400000,3000.0,3000.0,0,3000.0
1654948800000,3000.0,3000.0,0,3000.0
1654963200000,3000.0,3000.0,0,3000.0
1654977600000,3000.0,3000.0,0,3000.0
1654992000000,3000.0,3000.0,0,3000.0
1655006400000,3000.0,3000.0,0,3000.0
1655020800000,3000.0,3000.0,0,3000.0
1655035200000,3000.0,3000.0,0,3000.0
1655049600000,3000.0,3000.0,0,3000.0
1655064000000,3000.0,3000.0,0,3000.0
1655078400000,3000.0,3000.0,0,3000.0
1655092800000,3000.0,3000.0,0,3000.0
1655107200000,3000.0,3000.0,0,3000.0
1655121600000,3000.0,3000.0,0,3000.0
1655136000000,3000.0,3000.0,0,3000.0
1655150400000,3000.0,3000.0,0,3000.0
1655164800000,3000.0,3000.0,0,3000.0
1655179200000,3000.0,3000.0,0,3000.0
1655193600000,3000.0,3000.0,0,3000.0
1655208000000,3000.0,3000.0,0,3000.0
1655222400000,3000.0,3000.0,0,3000.0
1655236800000,3000.0,3000.0,0,3000.0
1655251200000,3000.0,3000.0,0,3000.0
1655265600000,3000.0,3000.0,0,3000.0
1655280000000,3000.0,3000.0,0,3000.0
1655294400000,3000.0,3000.0,0,3000.0
1655308800000,3000.0,3000.0,0,3000.0
1655323200000,3000.0,3000.0,0,3000.0
1655337600000,3000.0,3000.0,0,3000.0
1655352000000,3000.0,3000.0,0,3000.0
1655366400000,3000.0,3000.0,0,3000.0
1655380800000,3000.0,3000.0,0,3000.0
1655395200000,3000.0,3000.0,0,3000.0
1655409600000,3000.0,3000.0,0,3000.0
1655424000000,3000.0,3000.0,0,3000.0
1655438400000,3000.0,3000.0,0,3000.0
1655452800000,3000.0,3000.0,0,3000.0
1655467200000,3000.0,3000.0,0,3000.0
1655481600000,3000.0,3000.0,0,3000.0
1655496000000,3000.0,3000.0,0,3000.0
1655510400000,3000.0,3000.0,0,3000.0
1655524800000,3000.0,3000.0,0,3000.0
1655539200000,3000.0,3000.0,0,3000.0
1655553600000,3000.0,3000.0,0,3000.0
1655568000000,3000.0,3000.0,0,3000.0
1655582400000,3000.0,3000.0,0,3000.0
1655596800000,3000.0,3000.0,0,3000.0
1655611200000,3000.0,3000.0,0,3000.0
1655625600000,3000.0,3000.0,0,3000.0
1655640000000,3000.0,3000.0,0,3000.0
1655654400000,3000.0,3000.0,0,3000.0
1655668800000,3000.0,3000.0,0,3000.0
1655683200000,3000.0,3000.0,0,3000.0
1655697600000,3000.0,3000.0,0,3000.0
1655712000000,3000.0,3000.0,0,3000.0
1655726400000,3000.0,3000.0,0,3000.0
1655740800000,3000.0,3000.0,0,3000.0
1655755200000,3000.0,3000.0,0,3000.0
1655769600000,3000.0,3000.0,0,3000.0
1655784000000,3000.0,3000.0,0,3000.0
1655798400000,3000.0,3000.0,0,3000.0
1655812800000,3000.0,3000.0,0,3000.0
1655827200000,3000.0,3000.0,0,3000.0
1655841600000,3000.0,3000.0,0,3000.0
1655856000000,3000.0,3000.0,0,3000.0
1655870400000,3000.0,3000.0,0,3000.0
1655884800000,3000.0,3000.0,0,3000.0
1655899200000,3000.0,3000.0,0,3000.0
1655913600000,3000.0,3000.0,0,3000.0
1655928000000,3000.0,3000.0,0,3000.0
1655942400000,3000.0,3000.0,0,3000.0
1655956800000,3000.0,3000.0,0,3000.0
1655971200000,3000.0,3000.0,0,3000.0
1655985600000,3000.0,3000.0,0,3000.0
1656000000000,3000.0,3000.0,0,3000.0
1656014400000,3000.0,3000.0,0,3000.0
1656028800000,3000.0,3000.0,0,3000.0
1656043200000,3000.0,3000.0,0,3000.0
1656057600000,3000.0,3000.0,0,3000.0
1656072000000,3000.0,3000.0,0,3000.0
1656086400000,3000.0,3000.0,0,3000.0
1656100800000,3000.0,3000.0,0,3000.0
1656115200000,3000.0,3000.0,0,3000.0
1656129600000,3000.0,3000.0,0,3000.0
1656144000000,3000.0,3000.0,0,3000.0
1656158400000,3000.0,3000.0,0,3000.0
1656172800000,3000.0,3000.0,0,3000.0
1656187200000,3000.0,3000.0,0,3000.0
1656201600000,3000.0,3000.0,0,3000.0
1656216000000,3000.0,3000.0,0,3000.0
1656230400000,3000.0,3000.0,0,3000.0
1656244800000,3000.0,3000.0,0,3000.0
1656259200000,3000.0,3000.0,0,3000.0
1656273600000,3000.0,3000.0,0,3000.0
1656288000000,3000.0,3000.0,0,3000.0
1656302400000,3000.0,3000.0,0,3000.0
1656316800000,3000.0,3000.0,0,3000.0
1656331200000,3000.0,3000.0,0,3000.0
1656345600000,3000.0,3000.0,0,3000.0
1656360000000,3000.0,3000.0,0,3000.0
1656374400000,3000.0,3000.0,0,3000.0
1656388800000,3000.0,3000.0,0,3000.0
1656403200000,3000.0,3000.0,0,3000.0
1656417600000,3000.0,3000.0,0,3000.0
1656432000000,3000.0,3000.0,0,3000.0
1656446400000,3000.0,3000.0,0,3000.0
1656460800000,3000.0,3000.0,0,3000.0
1656475200000,3000.0,3000.0,0,3000.0
1656489600000,3000.0,3000.0,0,3000.0
1656504000000,3000.0,3000.0,0,3000.0
1656518400000,3000.0,3000.0,0,3000.0
1656532800000,3000.0,3000.0,0,3000.0
1656547200000,3000.0,3000.0,0,3000.0
1656561600000,3000.0,3000.0,0,3000.0
1656576000000,3000.0,3000.0,0,3000.0
1656590400000,3000.0,3000.0,0,3000.0
1656604800000,3000.0,3000.0,0,3000.0
1656619200000,3000.0,3000.0,0,3000.0
1656633600000,3000.0,3000.0,0,3000.0
1656648000000,3000.0,3000.0,0,3000.0
1656662400000,3000.0,3000.0,0,3000.0
1656676800000,3000.0,3000.0,0,3000.0
1656691200000,3000.0,3000.0,0,3000.0
1656705600000,3000.0,3000.0,0,3000.0
1656720000000,3000.0,3000.0,0,3000.0
1656734400000,3000.0,3000.0,0,3000.0
1656748800000,3000.0,3000.0,0,3000.0
1656763200000,3000.0,3000.0,0,3000.0
1656777600000,3000.0,3000.0,0,3000.0
1656792000000,3000.0,3000.0,0,3000.0
1656806400000,3000.0,3000.0,0,3000.0
1656820800000,3000.0,3000.0,0,3000.0
1656835200000,3000.0,3000.0,0,3000.0
1656849600000,3000.0,3000.0,0,3000.0
1656864000000,3000.0,3000.0,0,3000.0
1656878400000,3000.0,3000.0,0,3000.0
1656892800000,3000.0,3000.0,0,3000.0
1656907200000,3000.0,3000.0,0,3000.0
1656921600000,3000.0,3000.0,0,3000.0
1656936000000,3000.0,3000.0,0,3000.0
1656950400000,3000.0,3000.0,0,3000.0
1656964800000,3000.0,3000.0,0,3000.0
1656979200000,3000.0,3000.0,0,3000.0
1656993600000,3000.0,3000.0,0,3000.0
1657008000000,3000.0,3000.0,0,3000.0
1657022400000,3000.0,3000.0,0,3000.0
1657036800000,3000.0,3000.0,0,3000.0
1657051200000,3000.0,3000.0,0,3000.0
1657065600000,3000.0,3000.0,0,3000.0
1657080000000,3000.0,3000.0,0,3000.0
1657094400000,3000.0,3000.0,0,3000.0
1657108800000,3000.0,3000.0,0,3000.0
1657123200000,3000.0,3000.0,0,3000.0
1657137600000,3000.0,3000.0,0,3000.0
1657152000000,3000.0,3000.0,0,3000.0
1657166400000,3000.0,3000.0,0,3000.0
1657180800000,3000.0,3000.0,0,3000.0
1657195200000,3000.0,3000.0,0,3000.0
1657209600000,3000.0,3000.0,0,3000.0
1657224000000,3000.0,3000.0,0,3000.0
1657238400000,3000.0,3000.0,0,3000.0
1657252800000,3000.0,3000.0,0,3000.0
1657267200000,3000.0,3000.0,0,3000.0
1657281600000,3000.0,3000.0,0,3000.0
1657296000000,3000.0,3000.0,0,3000.0
1657310400000,3000.0,3000.0,0,3000.0
1657324800000,3000.0,3000.0,0,3000.0
1657339200000,3000.0,3000.0,0,3000.0
1657353600000,3000.0,3000.0,0,3000.0
1657368000000,3000.0,3000.0,0,3000.0
1657382400000,3000.0,3000.0,0,3000.0
1657396800000,3000.0,3000.0,0,3000.0
1657411200000,3000.0,3000.0,0,3000.0
1657425600000,3000.0,3000.0,0,3000.0
1657440000000,3000.0,3000.0,0,3000.0
1657454400000,3000.0,3000.0,0,3000.0
1657468800000,3000.0,3000.0,0,3000.0
1657483200000,3000.0,3000.0,0,3000.0
1657497600000,3000.0,3000.0,0,3000.0
1657512000000,3000.0,3000.0,0,3000.0
1657526400000,3000.0,3000.0,0,3000.0
1657540800000,3000.0,3000.0,0,3000.0
1657555200000,3000.0,3000.0,0,3000.0
1657569600000,3000.0,3000.0,0,3000.0
1657584000000,3000.0,3000.0,0,3000.0
1657598400000,3000.0,3000.0,0,3000.0
1657612800000,3000.0,3000.0,0,3000.0
1657627200000,3000.0,3000.0,0,3000.0
1657641600000,3000.0,3000.0,0,3000.0
1657656000000,3000.0,3000.0,0,3000.0
1657670400000,3000.0,3000.0,0,3000.0
1657684800000,3000.0,3000.0,0,3000.0
1657699200000,3000.0,3000.0,0,3000.0
1657713600000,3000.0,3000.0,0,3000.0
1657728000000,3000.0,3000.0,0,3000.0
1657742400000,3000.0,3000.0,0,3000.0
1657756800000,3000.0,3000.0,0,3000.0
1657771200000,3000.0,3000.0,0,3000.0
1657785600000,3000.0,3000.0,0,3000.0
1657800000000,3000.0,3000.0,0,3000.0
1657814400000,3000.0,3000.0,0,3000.0
1657828800000,3000.0,3000.0,0,3000.0
1657843200000,3000.0,3000.0,0,3000.0
1657857600000,3000.0,3000.0,0,3000.0
1657872000000,3000.0,3000.0,0,3000.0
1657886400000,3000.0,3000.0,0,3000.0
1657900800000,3000.0,3000.0,0,3000.0
1657915200000,3000.0,3000.0,0,3000.0
1657929600000,3000.0,3000.0,0,3000.0
1657944000000,3000.0,3000.0,0,3000.0
1657958400000,3000.0,3000.0,0,3000.0
1657972800000,3000.0,3000.0,0,3000.0
1657987200000,3000.0,3000.0,0,3000.0
1658001600000,3000.0,3000.0,0,3000.0
1658016000000,3000.0,3000.0,0,3000.0
1658030400000,3000.0,3000.0,0,3000.0
1658044800000,3000.0,3000.0,0,3000.0
1658059200000,3000.0,3000.0,0,3000.0
1658073600000,3000.0,3000.0,0,3000.0
1658088000000,3000.0,3000.0,0,3000.0
1658102400000,3000.0,3000.0,0,3000.0
1658116800000,3000.0,3000.0,0,3000.0
1658131200000,3000.0,3000.0,0,3000.0
1658145600000,3000.0,3000.0,0,3000.0
1658160000000,3000.0,3000.0,0,3000.0
1658174400000,3000.0,3000.0,0,3000.0
1658188800000,3000.0,3000.0,0,3000.0
1658203200000,3000.0,3000.0,0,3000.0
1658217600000,3000.0,3000.0,0,3000.0
1658232000000,3000.0,3000.0,0,3000.0
1658246400000,3000.0,3000.0,0,3000.0
1658260800000,3000.0,3000.0,0,3000.0
1658275200000,3000.0,3000.0,0,3000.0
1658289600000,3000.0,3000.0,0,3000.0
1658304000000,3000.0,3000.0,0,3000.0
1658318400000,3000.0,3000.0,0,3000.0
1658332800000,3000.0,3000.0,0,3000.0
1658347200000,3000.0,3000.0,0,3000.0
1658361600000,3000.0,3000.0,0,3000.0
1658376000000,3000.0,3000.0,0,3000.0
1658390400000,3000.0,3000.0,0,3000.0
1658404800000,3000.0,3000.0,0,3000.0
1658419200000,3000.0,3000.0,0,3000.0
1658433600000,3000.0,3000.0,0,3000.0
1658448000000,3000.0,3000.0,0,3000.0
1658462400000,3000.0,3000.0,0,3000.0
1658476800000,3000.0,3000.0,0,3000.0
1658491200000,3000.0,3000.0,0,3000.0
1658505600000,3000.0,3000.0,0,3000.0
1658520000000,3000.0,3000.0,0,3000.0
1658534400000,3000.0,3000.0,0,3000.0
1658548800000,3000.0,3000.0,0,3000.0
1658563200000,3000.0,3000.0,0,3000.0
1658577600000,3000.0,3000.0,0,3000.0
1658592000000,3000.0,3000.0,0,3000.0
1658606400000,3000.0,3000.0,0,3000.0
1658620800000,3000.0,3000.0,0,3000.0
1658635200000,3000.0,3000.0,0,3000.0
1658649600000,3000.0,3000.0,0,3000.0
1658664000000,3000.0,3000.0,0,3000.0
1658678400000,3000.0,3000.0,0,3000.0
1658692800000,3000.0,3000.0,0,3000.0
1658707200000,3000.0,3000.0,0,3000.0
1658721600000,3000.0,3000.0,0,3000.0
1658736000000,3000.0,3000.0,0,3000.0
1658750400000,3000.0,3000.0,0,3000.0
1658764800000,3000.0,3000.0,0,3000.0
1658779200000,3000.0,3000.0,0,3000.0
1658793600000,3000.0,3000.0,0,3000.0
1658808000000,3000.0,3000.0,0,3000.0
1658822400000,3000.0,3000.0,0,3000.0
1658836800000,3000.0,3000.0,0,3000.0
1658851200000,3000.0,3000.0,0,3000.0
1658865600000,3000.0,3000.0,0,3000.0
1658880000000,3000.0,3000.0,0,3000.0
1658894400000,3000.0,3000.0,0,3000.0
1658908800000,3000.0,3000.0,0,3000.0
1658923200000,3000.0,3000.0,0,3000.0
1658937600000,3000.0,3000.0,0,3000.0
1658952000000,3000.0,3000.0,0,3000.0
1658966400000,3000.0,3000.0,0,3000.0
1658980800000,3000.0,3000.0,0,3000.0
1658995200000,3000.0,3000.0,0,3000.0
1659009600000,3000.0,3000.0,0,3000.0
1659024000000,3000.0,3000.0,0,3000.0
1659038400000,3000.0,3000.0,0,3000.0
1659052800000,3000.0,3000.0,0,3000.0
1659067200000,3000.0,3000.0,0,3000.0
1659081600000,3000.0,3000.0,0,3000.0
1659096000000,3000.0,3000.0,0,3000.0
1659110400000,3000.0,3000.0,0,3000.0
1659124800000,3000.0,3000.0,0,3000.0
1659139200000,3000.0,3000.0,0,3000.0
1659153600000,3000.0,3000.0,0,3000.0
1659168000000,3000.0,3000.0,0,3000.0
1659182400000,3000.0,3000.0,0,3000.0
1659196800000,3000.0,3000.0,0,3000.0
1659211200000,3000.0,3000.0,0,3000.0
1659225600000,3000.0,3000.0,0,3000.0
1659240000000,3000.0,3000.0,0,3000.0
1659254400000,3000.0,3000.0,0,3000.0
1659268800000,3000.0,3000.0,0,3000.0
1659283200000,3000.0,3000.0,0,3000.0
1659297600000,3000.0,3000.0,0,3000.0
1659312000000,3000.0,3000.0,0,3000.0
1659326400000,3000.0,3000.0,0,3000.0
1659340800000,3000.0,3000.0,0,3000.0
1659355200000,3000.0,3000.0,0,3000.0
1659369600000,3000.0,3000.0,0,3000.0
1659384000000,3000.0,3000.0,0,3000.0
1659398400000,3000.0,3000.0,0,3000.0
1659412800000,3000.0,3000.0,0,3000.0
1659427200000,3000.0,3000.0,0,3000.0
1659441600000,3000.0,3000.0,0,3000.0
1659456000000,3000.0,3000.0,0,3000.0
1659470400000,3000.0,3000.0,0,3000.0
1659484800000,3000.0,3000.0,0,3000.0
1659499200000,3000.0,3000.0,0,3000.0
1659513600000,3000.0,3000.0,0,3000.0
1659528000000,3000.0,3000.0,0,3000.0
1659542400000,3000.0,3000.0,0,3000.0
1659556800000,3000.0,3000.0,0,3000.0
1659571200000,3000.0,3000.0,0,3000.0
1659585600000,3000.0,3000.0,0,3000.0
1659600000000,3000.0,3000.0,0,3000.0
1659614400000,3000.0,3000.0,0,3000.0
1659628800000,3000.0,3000.0,0,3000.0
1659643200000,3000.0,3000.0,0,3000.0
1659657600000,3000.0,3000.0,0,3000.0
1659672000000,3000.0,3000.0,0,3000.0
1659686400000,3000.0,3000.0,0,3000.0
1659700800000,3000.0,3000.0,0,3000.0
1659715200000,3000.0,3000.0,0,3000.0
1659729600000,3000.0,3000.0,0,3000.0
1659744000000,3000.0,3000.0,0,3000.0
1659758400000,3000.0,3000.0,0,3000.0
1659772800000,3000.0,3000.0,0,3000.0
1659787200000,3000.0,3000.0,0,3000.0
1659801600000,3000.0,3000.0,0,3000.0
1659816000000,3000.0,3000.0,0,3000.0
1659830400000,3000.0,3000.0,0,3000.0
1659844800000,3000.0,3000.0,0,3000.0
1659859200000,3000.0,3000.0,0,3000.0
1659873600000,3000.0,3000.0,0,3000.0
1659888000000,3000.0,3000.0,0,3000.0
1659902400000,3000.0,3000.0,0,3000.0
1659916800000,3000.0,3000.0,0,3000.0
1659931200000,3000.0,3000.0,0,3000.0
1659945600000,3000.0,3000.0,0,3000.0
1659960000000,3000.0,3000.0,0,3000.0
1659974400000,3000.0,3000.0,0,3000.0
1659988800000,3000.0,3000.0,0,3000.0
1660003200000,3000.0,3000.0,0,3000.0
1660017600000,3000.0,3000.0,0,3000.0
1660032000000,3000.0,3000.0,0,3000.0
1660046400000,3000.0,3000.0,0,3000.0
1660060800000,3000.0,3000.0,0,3000.0
1660075200000,3000.0,3000.0,0,3000.0
1660089600000,3000.0,3000.0,0,3000.0
1660104000000,3000.0,3000.0,0,3000.0
1660118400000,3000.0,3000.0,0,3000.0
1660132800000,3000.0,3000.0,0,3000.0
1660147200000,3000.0,3000.0,0,3000.0
1660161600000,3000.0,3000.0,0,3000.0
1660176000000,3000.0,3000.0,0,3000.0
1660190400000,3000.0,3000.0,0,3000.0
1660204800000,3000.0,3000.0,0,3000.0
1660219200000,3000.0,3000.0,0,3000.0
1660233600000,3000.0,3000.0,0,3000.0
1660248000000,3000.0,3000.0,0,3000.0
1660262400000,3000.0,3000.0,0,3000.0
1660276800000,3000.0,3000.0,0,3000.0
1660291200000,3000.0,3000.0,0,3000.0
1660305600000,3000.0,3000.0,0,3000.0
1660320000000,3000.0,3000.0,0,3000.0
1660334400000,3000.0,3000.0,0,3000.0
1660348800000,3000.0,3000.0,0,3000.0
1660363200000,3000.0,3000.0,0,3000.0
1660377600000,3000.0,3000.0,0,3000.0
1660392000000,3000.0,3000.0,0,3000.0
1660406400000,3000.0,3000.0,0,3000.0
1660420800000,3000.0,3000.0,0,3000.0
1660435200000,3000.0,3000.0,0,3000.0
1660449600000,3000.0,3000.0,0,3000.0
1660464000000,3000.0,3000.0,0,3000.0
1660478400000,3000.0,3000.0,0,3000.0
1660492800000,3000.0,3000.0,0,3000.0
1660507200000,3000.0,3000.0,0,3000.0
1660521600000,3000.0,3000.0,0,3000.0
1660536000000,3000.0,3000.0,0,3000.0
1660550400000,3000.0,3000.0,0,3000.0
1660564800000,3000.0,3000.0,0,3000.0
1660579200000,3000.0,3000.0,0,3000.0
1660593600000,3000.0,3000.0,0,3000.0
1660608000000,3000.0,3000.0,0,3000.0
1660622400000,3000.0,3000.0,0,3000.0
1660636800000,3000.0,3000.0,0,3000.0
1660651200000,3000.0,3000.0,0,3000.0
1660665600000,3000.0,3000.0,0,3000.0
1660680000000,3000.0,3000.0,0,3000.0
1660694400000,3000.0,3000.0,0,3000.0
1660708800000,3000.0,3000.0,0,3000.0
1660723200000,3000.0,3000.0,0,3000.0
1660737600000,3000.0,3000.0,0,3000.0
1660752000000,3000.0,3000.0,0,3000.0
1660766400000,3000.0,3000.0,0,3000.0
1660780800000,3000.0,3000.0,0,3000.0
1660795200000,3000.0,3000.0,0,3000.0
1660809600000,3000.0,3000.0,0,3000.0
1660824000000,3000.0,3000.0,0,3000.0
1660838400000,3000.0,3000.0,0,3000.0
1660852800000,3000.0,3000.0,0,3000.0
1660867200000,3000.0,3000.0,0,3000.0
1660881600000,3000.0,3000.0,0,3000.0
1660896000000,3000.0,3000.0,0,3000.0
1660910400000,3000.0,3000.0,0,3000.0
1660924800000,3000.0,3000.0,0,3000.0
1660939200000,3000.0,3000.0,0,3000.0
1660953600000,3000.0,3000.0,0,3000.0
1660968000000,3000.0,3000.0,0,3000.0
1660982400000,3000.0,3000.0,0,3000.0
1660996800000,3000.0,3000.0,0,3000.0
1661011200000,3000.0,3000.0,0,3000.0
1661025600000,3000.0,3000.0,0,3000.0
1661040000000,3000.0,3000.0,0,3000.0
1661054400000,3000.0,3000.0,0,3000.0
1661068800000,3000.0,3000.0,0,3000.0
1661083200000,3000.0,3000.0,0,3000.0
1661097600000,3000.0,3000.0,0,3000.0
1661112000000,3000.0,3000.0,0,3000.0
1661126400000,3000.0,3000.0,0,3000.0
1661140800000,3000.0,3000.0,0,3000.0
1661155200000,3000.0,3000.0,0,3000.0
1661169600000,3000.0,3000.0,0,3000.0
1661184000000,3000.0,3000.0,0,3000.0
1661198400000,3000.0,3000.0,0,3000.0
1661212800000,3000.0,3000.0,0,3000.0
1661227200000,3000.0,3000.0,0,3000.0
1661241600000,3000.0,3000.0,0,3000.0
1661256000000,3000.0,3000.0,0,3000.0
1661270400000,3000.0,3000.0,0,3000.0
1661284800000,3000.0,3000.0,0,3000.0
1661299200000,3000.0,3000.0,0,3000.0
1661313600000,3000.0,3000.0,0,3000.0
1661328000000,3000.0,3000.0,0,3000.0
1661342400000,3000.0,3000.0,0,3000.0
1661356800000,3000.0,3000.0,0,3000.0
1661371200000,3000.0,3000.0,0,3000.0
1661385600000,3000.0,3000.0,0,3000.0
1661400000000,3000.0,3000.0,0,3000.0
1661414400000,3000.0,3000.0,0,3000.0
1661428800000,3000.0,3000.0,0,3000.0
1661443200000,3000.0,3000.0,0,3000.0
1661457600000,3000.0,3000.0,0,3000.0
1661472000000,3000.0,3000.0,0,3000.0
1661486400000,3000.0,3000.0,0,3000.0
1661500800000,3000.0,3000.0,0,3000.0
1661515200000,3000.0,3000.0,0,3000.0
1661529600000,3000.0,3000.0,0,3000.0
1661544000000,3000.0,3000.0,0,3000.0
1661558400000,3000.0,3000.0,0,3000.0
1661572800000,3000.0,3000.0,0,3000.0
1661587200000,3000.0,3000.0,0,3000.0
1661601600000,3000.0,3000.0,0,3000.0
1661616000000,3000.0,3000.0,0,3000.0
1661630400000,3000.0,3000.0,0,3000.0
1661644800000,3000.0,3000.0,0,3000.0
1661659200000,3000.0,3000.0,0,3000.0
1661673600000,3000.0,3000.0,0,3000.0
1661688000000,3000.0,3000.0,0,3000.0
1661702400000,3000.0,3000.0,0,3000.0
1661716800000,3000.0,3000.0,0,3000.0
1661731200000,3000.0,3000.0,0,3000.0
1661745600000,3000.0,3000.0,0,3000.0
1661760000000,3000.0,3000.0,0,3000.0
1661774400000,3000.0,3000.0,0,3000.0
1661788800000,3000.0,3000.0,0,3000.0
1661803200000,3000.0,3000.0,0,3000.0
1661817600000,3000.0,3000.0,0,3000.0
1661832000000,3000.0,3000.0,0,3000.0
1661846400000,3000.0,3000.0,0,3000.0
1661860800000,3000.0,3000.0,0,3000.0
1661875200000,3000.0,3000.0,0,3000.0
1661889600000,3000.0,3000.0,0,3000.0
1661904000000,3000.0,3000.0,0,3000.0
1661918400000,3000.0,3000.0,0,3000.0
1661932800000,3000.0,3000.0,0,3000.0
1661947200000,3000.0,3000.0,0,3000.0
1661961600000,3000.0,3000.0,0,3000.0
1661976000000,3000.0,3000.0,0,3000.0
1661990400000,3000.0,3000.0,0,3000.0
1662004800000,3000.0,3000.0,0,3000.0
1662019200000,3000.0,3000.0,0,3000.0
1662033600000,3000.0,3000.0,0,3000.0
1662048000000,3000.0,3000.0,0,3000.0
1662062400000,3000.0,3000.0,0,3000.0
1662076800000,3000.0,3000.0,0,3000.0
1662091200000,3000.0,3000.0,0,3000.0
1662105600000,3000.0,3000.0,0,3000.0
1662120000000,3000.0,3000.0,0,3000.0
1662134400000,3000.0,3000.0,0,3000.0
1662148800000,3000.0,3000.0,0,3000.0
1662163200000,3000.0,3000.0,0,3000.0
1662177600000,3000.0,3000.0,0,3000.0
1662192000000,3000.0,3000.0,0,3000.0
1662206400000,3000.0,3000.0,0,3000.0
1662220800000,3000.0,3000.0,0,3000.0
1662235200000,3000.0,3000.0,0,3000.0
1662249600000,3000.0,3000.0,0,3000.0
1662264000000,3000.0,3000.0,0,3000.0
1662278400000,3000.0,3000.0,0,3000.0
1662292800000,3000.0,3000.0,0,3000.0
1662307200000,3000.0,3000.0,0,3000.0
1662321600000,3000.0,3000.0,0,3000.0
1662336000000,3000.0,3000.0,0,3000.0
1662350400000,3000.0,3000.0,0,3000.0
1662364800000,3000.0,3000.0,0,3000.0
1662379200000,3000.0,3000.0,0,3000.0
1662393600000,3000.0,3000.0,0,3000.0
1662408000000,3000.0,3000.0,0,3000.0
1662422400000,3000.0,3000.0,0,3000.0
1662436800000,3000.0,3000.0,0,3000.0
1662451200000,3000.0,3000.0,0,3000.0
1662465600000,3000.0,3000.0,0,3000.0
1662480000000,3000.0,3000.0,0,3000.0
1662494400000,3000.0,3000.0,0,3000.0
1662508800000,3000.0,3000.0,0,3000.0
1662523200000,3000.0,3000.0,0,3000.0
1662537600000,3000.0,3000.0,0,3000.0
1662552000000,3000.0,3000.0,0,3000.0
1662566400000,3000.0,3000.0,0,3000.0
1662580800000,3000.0,3000.0,0,3000.0
1662595200000,3000.0,3000.0,0,3000.0
1662609600000,3000.0,3000.0,0,3000.0
1662624000000,3000.0,3000.0,0,3000.0
1662638400000,3000.0,3000.0,0,3000.0
1662652800000,3000.0,3000.0,0,3000.0
1662667200000,3000.0,3000.0,0,3000.0
1662681600000,3000.0,3000.0,0,3000.0
1662696000000,3000.0,3000.0,0,3000.0
1662710400000,3000.0,3000.0,0,3000.0
1662724800000,3000.0,3000.0,0,3000.0
1662739200000,3000.0,3000.0,0,3000.0
1662753600000,3000.0,3000.0,0,3000.0
1662768000000,3000.0,3000.0,0,3000.0
1662782400000,3000.0,3000.0,0,3000.0
1662796800000,3000.0,3000.0,0,3000.0
1662811200000,3000.0,3000.0,0,3000.0
1662825600000,3000.0,3000.0,0,3000.0
1662840000000,3000.0,3000.0,0,3000.0
1662854400000,3000.0,3000.0,0,3000.0
1662868800000,3000.0,3000.0,0,3000.0
1662883200000,3000.0,3000.0,0,3000.0
1662897600000,3000.0,3000.0,0,3000.0
1662912000000,3000.0,3000.0,0,3000.0
1662926400000,3000.0,3000.0,0,3000.0
1662940800000,3000.0,3000.0,0,3000.0
1662955200000,3000.0,3000.0,0,3000.0
1662969600000,3000.0,3000.0,0,3000.0
1662984000000,3000.0,3000.0,0,3000.0
1662998400000,3000.0,3000.0,0,3000.0
1663012800000,3000.0,3000.0,0,3000.0
1663027200000,3000.0,3000.0,0,3000.0
1663041600000,3000.0,3000.0,0,3000.0
1663056000000,3000.0,3000.0,0,3000.0
1663070400000,3000.0,3000.0,0,3000.0
1663084800000,3000.0,3000.0,0,3000.0
1663099200000,3000.0,3000.0,0,3000.0
1663113600000,3000.0,3000.0,0,3000.0
1663128000000,3000.0,3000.0,0,3000.0
1663142400000,3000.0,3000.0,0,3000.0
1663156800000,3000.0,3000.0,0,3000.0
1663171200000,3000.0,3000.0,0,3000.0
1663185600000,3000.0,3000.0,0,3000.0
1663200000000,3000.0,3000.0,0,3000.0
1663214400000,3000.0,3000.0,0,3000.0
1663228800000,3000.0,3000.0,0,3000.0
1663243200000,3000.0,3000.0,0,3000.0
1663257600000,3000.0,3000.0,0,3000.0
1663272000000,3000.0,3000.0,0,3000.0
1663286400000,3000.0,3000.0,0,3000.0
1663300800000,3000.0,3000.0,0,3000.0
1663315200000,3000.0,3000.0,0,3000.0
1663329600000,3000.0,3000.0,0,3000.0
1663344000000,3000.0,3000.0,0,3000.0
1663358400000,3000.0,3000.0,0,3000.0
1663372800000,3000.0,3000.0,0,3000.0
1663387200000,3000.0,3000.0,0,3000.0
1663401600000,3000.0,3000.0,0,3000.0
1663416000000,3000.0,3000.0,0,3000.0
1663430400000,3000.0,3000.0,0,3000.0
1663444800000,3000.0,3000.0,0,3000.0
1663459200000,3000.0,3000.0,0,3000.0
1663473600000,3000.0,3000.0,0,3000.0
1663488000000,3000.0,3000.0,0,3000.0
1663502400000,3000.0,3000.0,0,3000.0
1663516800000,3000.0,3000.0,0,3000.0
1663531200000,3000.0,3000.0,0,3000.0
1663545600000,3000.0,3000.0,0,3000.0
1663560000000,3000.0,3000.0,0,3000.0
1663574400000,3000.0,3000.0,0,3000.0
1663588800000,3000.0,3000.0,0,3000.0
1663603200000,3000.0,3000.0,0,3000.0
1663617600000,3000.0,3000.0,0,3000.0
1663632000000,3000.0,3000.0,0,3000.0
1663646400000,3000.0,3000.0,0,3000.0
1663660800000,3000.0,3000.0,0,3000.0
1663675200000,3000.0,3000.0,0,3000.0
1663689600000,3000.0,3000.0,0,3000.0
1663704000000,3000.0,3000.0,0,3000.0
1663718400000,3000.0,3000.0,0,3000.0
1663732800000,3000.0,3000.0,0,3000.0
1663747200000,3000.0,3000.0,0,3000.0
1663761600000,3000.0,3000.0,0,3000.0
1663776000000,3000.0,3000.0,0,3000.0
1663790400000,3000.0,3000.0,0,3000.0
1663804800000,3000.0,3000.0,0,3000.0
1663819200000,3000.0,3000.0,0,3000.0
1663833600000,3000.0,3000.0,0,3000.0
1663848000000,3000.0,3000.0,0,3000.0
1663862400000,3000.0,3000.0,0,3000.0
1663876800000,3000.0,3000.0,0,3000.0
1663891200000,3000.0,3000.0,0,3000.0
1663905600000,3000.0,3000.0,0,3000.0
1663920000000,3000.0,3000.0,0,3000.0
1663934400000,3000.0,3000.0,0,3000.0
1663948800000,3000.0,3000.0,0,3000.0
1663963200000,3000.0,3000.0,0,3000.0
1663977600000,3000.0,3000.0,0,3000.0
1663992000000,3000.0,3000.0,0,3000.0
1664006400000,3000.0,3000.0,0,3000.0
1664020800000,3000.0,3000.0,0,3000.0
1664035200000,3000.0,3000.0,0,3000.0
1664049600000,3000.0,3000.0,0,3000.0
1664064000000,3000.0,3000.0,0,3000.0
1664078400000,3000.0,3000.0,0,3000.0
1664092800000,3000.0,3000.0,0,3000.0
1664107200000,3000.0,3000.0,0,3000.0
1664121600000,3000.0,3000.0,0,3000.0
1664136000000,3000.0,3000.0,0,3000.0
1664150400000,3000.0,3000.0,0,3000.0
1664164800000,3000.0,3000.0,0,3000.0
1664179200000,3000.0,3000.0,0,3000.0
1664193600000,3000.0,3000.0,0,3000.0
1664208000000,3000.0,3000.0,0,3000.0
1664222400000,3000.0,3000.0,0,3000.0
1664236800000,3000.0,3000.0,0,3000.0
1664251200000,3000.0,3000.0,0,3000.0
1664265600000,3000.0,3000.0,0,3000.0
1664280000000,3000.0,3000.0,0,3000.0
1664294400000,3000.0,3000.0,0,3000.0
1664308800000,3000.0,3000.0,0,3000.0
1664323200000,3000.0,3000.0,0,3000.0
1664337600000,3000.0,3000.0,0,3000.0
1664352000000,3000.0,3000.0,0,3000.0
1664366400000,3000.0,3000.0,0,3000.0
1664380800000,3000.0,3000.0,0,3000.0
1664395200000,3000.0,3000.0,0,3000.0
1664409600000,3000.0,3000.0,0,3000.0
1664424000000,3000.0,3000.0,0,3000.0
1664438400000,3000.0,3000.0,0,3000.0
1664452800000,3000.0,3000.0,0,3000.0
1664467200000,3000.0,3000.0,0,3000.0
1664481600000,3000.0,3000.0,0,3000.0
1664496000000,3000.0,3000.0,0,3000.0
1664510400000,3000.0,3000.0,0,3000.0
1664524800000,3000.0,3000.0,0,3000.0
1664539200000,3000.0,3000.0,0,3000.0
1664553600000,3000.0,3000.0,0,3000.0
1664568000000,3000.0,3000.0,0,3000.0
1664582400000,3000.0,3000.0,0,3000.0
1664596800000,3000.0,3000.0,0,3000.0
1664611200000,3000.0,3000.0,0,3000.0
1664625600000,3000.0,3000.0,0,3000.0
1664640000000,3000.0,3000.0,0,3000.0
1664654400000,3000.0,3000.0,0,3000.0
1664668800000,3000.0,3000.0,0,3000.0
1664683200000,3000.0,3000.0,0,3000.0
1664697600000,3000.0,3000.0,0,3000.0
1664712000000,3000.0,3000.0,0,3000.0
1664726400000,3000.0,3000.0,0,3000.0
1664740800000,3000.0,3000.0,0,3000.0
1664755200000,3000.0,3000.0,0,3000.0
1664769600000,3000.0,3000.0,0,3000.0
1664784000000,3000.0,3000.0,0,3000.0
1664798400000,3000.0,3000.0,0,3000.0
1664812800000,3000.0,3000.0,0,3000.0
1664827200000,3000.0,3000.0,0,3000.0
1664841600000,3000.0,3000.0,0,3000.0
1664856000000,3000.0,3000.0,0,3000.0
1664870400000,3000.0,3000.0,0,3000.0
1664884800000,3000.0,3000.0,0,3000.0
1664899200000,3000.0,3000.0,0,3000.0
1664913600000,3000.0,3000.0,0,3000.0
1664928000000,3000.0,3000.0,0,3000.0
1664942400000,3000.0,3000.0,0,3000.0
1664956800000,3000.0,3000.0,0,3000.0
1664971200000,3000.0,3000.0,0,3000.0
1664985600000,3000.0,3000.0,0,3000.0
1665000000000,3000.0,3000.0,0,3000.0
1665014400000,3000.0,3000.0,0,3000.0
1665028800000,3000.0,3000.0,0,3000.0
1665043200000,3000.0,3000.0,0,3000.0
1665057600000,3000.0,3000.0,0,3000.0
1665072000000,3000.0,3000.0,0,3000.0
1665086400000,3000.0,3000.0,0,3000.0
1665100800000,3000.0,3000.0,0,3000.0
1665115200000,3000.0,3000.0,0,3000.0
1665129600000,3000.0,3000.0,0,3000.0
1665144000000,3000.0,3000.0,0,3000.0
1665158400000,3000.0,3000.0,0,3000.0
1665172800000,3000.0,3000.0,0,3000.0
1665187200000,3000.0,3000.0,0,3000.0
1665201600000,3000.0,3000.0,0,3000.0
1665216000000,3000.0,3000.0,0,3000.0
1665230400000,3000.0,3000.0,0,3000.0
1665244800000,3000.0,3000.0,0,3000.0
1665259200000,3000.0,3000.0,0,3000.0
1665273600000,3000.0,3000.0,0,3000.0
1665288000000,3000.0,3000.0,0,3000.0
1665302400000,3000.0,3000.0,0,3000.0
1665316800000,3000.0,3000.0,0,3000.0
1665331200000,3000.0,3000.0,0,3000.0
1665345600000,3000.0,3000.0,0,3000.0
1665360000000,3000.0,3000.0,0,3000.0
1665374400000,3000.0,3000.0,0,3000.0
1665388800000,3000.0,3000.0,0,3000.0
1665403200000,3000.0,3000.0,0,3000.0
1665417600000,3000.0,3000.0,0,3000.0
1665432000000,3000.0,3000.0,0,3000.0
1665446400000,3000.0,3000.0,0,3000.0
1665460800000,3000.0,3000.0,0,3000.0
1665475200000,3000.0,3000.0,0,3000.0
1665489600000,3000.0,3000.0,0,3000.0
1665504000000,3000.0,3000.0,0,3000.0
1665518400000,3000.0,3000.0,0,3000.0
1665532800000,3000.0,3000.0,0,3000.0
1665547200000,3000.0,3000.0,0,3000.0
1665561600000,3000.0,3000.0,0,3000.0
1665576000000,3000.0,3000.0,0,3000.0
1665590400000,3000.0,3000.0,0,3000.0
1665604800000,3000.0,3000.0,0,3000.0
1665619200000,3000.0,3000.0,0,3000.0
1665633600000,3000.0,3000.0,0,3000.0
1665648000000,3000.0,3000.0,0,3000.0
1665662400000,3000.0,3000.0,0,3000.0
1665676800000,3000.0,3000.0,0,3000.0
1665691200000,3000.0,3000.0,0,3000.0
1665705600000,3000.0,3000.0,0,3000.0
1665720000000,3000.0,3000.0,0,3000.0
1665734400000,3000.0,3000.0,0,3000.0
1665748800000,3000.0,3000.0,0,3000.0
1665763200000,3000.0,3000.0,0,3000.0
1665777600000,3000.0,3000.0,0,3000.0
1665792000000,3000.0,3000.0,0,3000.0
1665806400000,3000.0,3000.0,0,3000.0
1665820800000,3000.0,3000.0,0,3000.0
1665835200000,3000.0,3000.0,0,3000.0
1665849600000,3000.0,3000.0,0,3000.0
1665864000000,3000.0,3000.0,0,3000.0
1665878400000,3000.0,3000.0,0,3000.0
1665892800000,3000.0,3000.0,0,3000.0
1665907200000,3000.0,3000.0,0,3000.0
1665921600000,3000.0,3000.0,0,3000.0
1665936000000,3000.0,3000.0,0,3000.0
1665950400000,3000.0,3000.0,0,3000.0
1665964800000,3000.0,3000.0,0,3000.0
1665979200000,3000.0,3000.0,0,3000.0
1665993600000,3000.0,3000.0,0,3000.0
1666008000000,3000.0,3000.0,0,3000.0
1666022400000,3000.0,3000.0,0,3000.0
1666036800000,3000.0,3000.0,0,3000.0
1666051200000,3000.0,3000.0,0,3000.0
1666065600000,3000.0,3000.0,0,3000.0
1666080000000,3000.0,3000.0,0,3000.0
1666094400000,3000.0,3000.0,0,3000.0
1666108800000,3000.0,3000.0,0,3000.0
1666123200000,3000.0,3000.0,0,3000.0
1666137600000,3000.0,3000.0,0,3000.0
1666152000000,3000.0,3000.0,0,3000.0
1666166400000,3000.0,3000.0,0,3000.0
1666180800000,3000.0,3000.0,0,3000.0
1666195200000,3000.0,3000.0,0,3000.0
1666209600000,3000.0,3000.0,0,3000.0
1666224000000,3000.0,3000.0,0,3000.0
1666238400000,3000.0,3000.0,0,3000.0
1666252800000,3000.0,3000.0,0,3000.0
1666267200000,3000.0,3000.0,0,3000.0
1666281600000,3000.0,3000.0,0,3000.0
1666296000000,3000.0,3000.0,0,3000.0
1666310400000,3000.0,3000.0,0,3000.0
1666324800000,3000.0,3000.0,0,3000.0
1666339200000,3000.0,3000.0,0,3000.0
1666353600000,3000.0,3000.0,0,3000.0
1666368000000,3000.0,3000.0,0,3000.0
1666382400000,3000.0,3000.0,0,3000.0
1666396800000,3000.0,3000.0,0,3000.0
1666411200000,3000.0,3000.0,0,3000.0
1666425600000,3000.0,3000.0,0,3000.0
1666440000000,3000.0,3000.0,0,3000.0
1666454400000,3000.0,3000.0,0,3000.0
1666468800000,3000.0,3000.0,0,3000.0
1666483200000,3000.0,3000.0,0,3000.0
1666497600000,3000.0,3000.0,0,3000.0
1666512000000,3000.0,3000.0,0,3000.0
1666526400000,3000.0,3000.0,0,3000.0
1666540800000,3000.0,3000.0,0,3000.0
1666555200000,3000.0,3000.0,0,3000.0
1666569600000,3000.0,3000.0,0,3000.0
1666584000000,3000.0,3000.0,0,3000.0
1666598400000,3000.0,3000.0,0,3000.0
1666612800000,3000.0,3000.0,0,3000.0
1666627200000,3000.0,3000.0,0,3000.0
1666641600000,3000.0,3000.0,0,3000.0
1666656000000,3000.0,3000.0,0,3000.0
1666670400000,3000.0,3000.0,0,3000.0
1666684800000,3000.0,3000.0,0,3000.0
1666699200000,3000.0,3000.0,0,3000.0
1666713600000,3000.0,3000.0,0,3000.0
1666728000000,3000.0,3000.0,0,3000.0
1666742400000,3000.0,3000.0,0,3000.0
1666756800000,3000.0,3000.0,0,3000.0
1666771200000,3000.0,3000.0,0,3000.0
1666785600000,3000.0,3000.0,0,3000.0
1666800000000,3000.0,3000.0,0,3000.0
1666814400000,3000.0,3000.0,0,3000.0
1666828800000,3000.0,3000.0,0,3000.0
1666843200000,3000.0,3000.0,0,3000.0
1666857600000,3000.0,3000.0,0,3000.0
1666872000000,3000.0,3000.0,0,3000.0
1666886400000,3000.0,3000.0,0,3000.0
1666900800000,3000.0,3000.0,0,3000.0
1666915200000,3000.0,3000.0,0,3000.0
1666929600000,3000.0,3000.0,0,3000.0
1666944000000,3000.0,3000.0,0,3000.0
1666958400000,3000.0,3000.0,0,3000.0
1666972800000,3000.0,3000.0,0,3000.0
1666987200000,3000.0,3000.0,0,3000.0
1667001600000,3000.0,3000.0,0,3000.0
1667016000000,3000.0,3000.0,0,3000.0
1667030400000,3000.0,3000.0,0,3000.0
1667044800000,3000.0,3000.0,0,3000.0
1667059200000,3000.0,3000.0,0,3000.0
1667073600000,3000.0,3000.0,0,3000.0
1667088000000,3000.0,3000.0,0,3000.0
1667102400000,3000.0,3000.0,0,3000.0
1667116800000,3000.0,3000.0,0,3000.0
1667131200000,3000.0,3000.0,0,3000.0
1667145600000,3000.0,3000.0,0,3000.0
1667160000000,3000.0,3000.0,0,3000.0
1667174400000,3000.0,3000.0,0,3000.0
1667188800000,3000.0,3000.0,0,3000.0
1667203200000,3000.0,3000.0,0,3000.0
1667217600000,3000.0,3000.0,0,3000.0
1667232000000,3000.0,3000.0,0,3000.0
1667246400000,3000.0,3000.0,0,3000.0
1667260800000,3000.0,3000.0,0,3000.0
1667275200000,3000.0,3000.0,0,3000.0
1667289600000,3000.0,3000.0,0,3000.0
1667304000000,3000.0,3000.0,0,3000.0
1667318400000,3000.0,3000.0,0,3000.0
1667332800000,3000.0,3000.0,0,3000.0
1667347200000,3000.0,3000.0,0,3000.0
1667361600000,3000.0,3000.0,0,3000.0
1667376000000,3000.0,3000.0,0,3000.0
1667390400000,3000.0,3000.0,0,3000.0
1667404800000,3000.0,3000.0,0,3000.0
1667419200000,3000.0,3000.0,0,3000.0
1667433600000,3000.0,3000.0,0,3000.0
1667448000000,3000.0,3000.0,0,3000.0
1667462400000,3000.0,3000.0,0,3000.0
1667476800000,3000.0,3000.0,0,3000.0
1667491200000,3000.0,3000.0,0,3000.0
1667505600000,3000.0,3000.0,0,3000.0
1667520000000,3000.0,3000.0,0,3000.0
1667534400000,3000.0,3000.0,0,3000.0
1667548800000,3000.0,3000.0,0,3000.0
1667563200000,3000.0,3000.0,0,3000.0
1667577600000,3000.0,3000.0,0,3000.0
1667592000000,3000.0,3000.0,0,3000.0
1667606400000,3000.0,3000.0,0,3000.0
1667620800000,3000.0,3000.0,0,3000.0
1667635200000,3000.0,3000.0,0,3000.0
1667649600000,3000.0,3000.0,0,3000.0
1667664000000,3000.0,3000.0,0,3000.0
1667678400000,3000.0,3000.0,0,3000.0
1667692800000,3000.0,3000.0,0,3000.0
1667707200000,3000.0,3000.0,0,3000.0
1667721600000,3000.0,3000.0,0,3000.0
1667736000000,3000.0,3000.0,0,3000.0
1667750400000,3000.0,3000.0,0,3000.0
1667764800000,3000.0,3000.0,0,3000.0
1667779200000,3000.0,3000.0,0,3000.0
1667793600000,3000.0,3000.0,0,3000.0
1667808000000,3000.0,3000.0,0,3000.0
1667822400000,3000.0,3000.0,0,3000.0
1667836800000,3000.0,3000.0,0,3000.0
1667851200000,3000.0,3000.0,0,3000.0
1667865600000,3000.0,3000.0,0,3000.0
1667880000000,3000.0,3000.0,0,3000.0
1667894400000,3000.0,3000.0,0,3000.0
1667908800000,3000.0,3000.0,0,3000.0
1667923200000,3000.0,3000.0,0,3000.0
1667937600000,3000.0,3000.0,0,3000.0
1667952000000,3000.0,3000.0,0,3000.0
1667966400000,3000.0,3000.0,0,3000.0
1667980800000,3000.0,3000.0,0,3000.0
1667995200000,3000.0,3000.0,0,3000.0
1668009600000,3000.0,3000.0,0,3000.0
1668024000000,3000.0,3000.0,0,3000.0
1668038400000,3000.0,3000.0,0,3000.0
1668052800000,3000.0,3000.0,0,3000.0
1668067200000,3000.0,3000.0,0,3000.0
1668081600000,3000.0,3000.0,0,3000.0
1668096000000,3000.0,3000.0,0,3000.0
1668110400000,3000.0,3000.0,0,3000.0
1668124800000,3000.0,3000.0,0,3000.0
1668139200000,3000.0,3000.0,0,3000.0
1668153600000,3000.0,3000.0,0,3000.0
1668168000000,3000.0,3000.0,0,3000.0
1668182400000,3000.0,3000.0,0,3000.0
1668196800000,3000.0,3000.0,0,3000.0
1668211200000,3000.0,3000.0,0,3000.0
1668225600000,3000.0,3000.0,0,3000.0
1668240000000,3000.0,3000.0,0,3000.0
1668254400000,3000.0,3000.0,0,3000.0
1668268800000,3000.0,3000.0,0,3000.0
1668283200000,3000.0,3000.0,0,3000.0
1668297600000,3000.0,3000.0,0,3000.0
1668312000000,3000.0,3000.0,0,3000.0
1668326400000,3000.0,3000.0,0,3000.0
1668340800000,3000.0,3000.0,0,3000.0
1668355200000,3000.0,3000.0,0,3000.0
1668369600000,3000.0,3000.0,0,3000.0
1668384000000,3000.0,3000.0,0,3000.0
1668398400000,3000.0,3000.0,0,3000.0
1668412800000,3000.0,3000.0,0,3000.0
1668427200000,3000.0,3000.0,0,3000.0
1668441600000,3000.0,3000.0,0,3000.0
1668456000000,3000.0,3000.0,0,3000.0
1668470400000,3000.0,3000.0,0,3000.0
1668484800000,3000.0,3000.0,0,3000.0
1668499200000,3000.0,3000.0,0,3000.0
1668513600000,3000.0,3000.0,0,3000.0
1668528000000,3000.0,3000.0,0,3000.0
1668542400000,3000.0,3000.0,0,3000.0
1668556800000,3000.0,3000.0,0,3000.0
1668571200000,3000.0,3000.0,0,3000.0
1668585600000,3000.0,3000.0,0,3000.0
1668600000000,3000.0,3000.0,0,3000.0
1668614400000,3000.0,3000.0,0,3000.0
1668628800000,3000.0,3000.0,0,3000.0
1668643200000,3000.0,3000.0,0,3000.0
1668657600000,3000.0,3000.0,0,3000.0
1668672000000,3000.0,3000.0,0,3000.0
1668686400000,3000.0,3000.0,0,3000.0
1668700800000,3000.0,3000.0,0,3000.0
1668715200000,3000.0,3000.0,0,3000.0
1668729600000,3000.0,3000.0,0,3000.0
1668744000000,3000.0,3000.0,0,3000.0
1668758400000,3000.0,3000.0,0,3000.0
1668772800000,3000.0,3000.0,0,3000.0
1668787200000,3000.0,3000.0,0,3000.0
1668801600000,3000.0,3000.0,0,3000.0
1668816000000,3000.0,3000.0,0,3000.0
1668830400000,3000.0,3000.0,0,3000.0
1668844800000,3000.0,3000.0,0,3000.0
1668859200000,3000.0,3000.0,0,3000.0
1668873600000,3000.0,3000.0,0,3000.0
1668888000000,3000.0,3000.0,0,3000.0
1668902400000,3000.0,3000.0,0,3000.0
1668916800000,3000.0,3000.0,0,3000.0
1668931200000,3000.0,3000.0,0,3000.0
1668945600000,3000.0,3000.0,0,3000.0
1668960000000,3000.0,3000.0,0,3000.0
1668974400000,3000.0,3000.0,0,3000.0
1668988800000,3000.0,3000.0,0,3000.0
1669003200000,3000.0,3000.0,0,3000.0
1669017600000,3000.0,3000.0,0,3000.0
1669032000000,3000.0,3000.0,0,3000.0
1669046400000,3000.0,3000.0,0,3000.0
1669060800000,3000.0,3000.0,0,3000.0
1669075200000,3000.0,3000.0,0,3000.0
1669089600000,3000.0,3000.0,0,3000.0
1669104000000,3000.0,3000.0,0,3000.0
1669118400000,3000.0,3000.0,0,3000.0
1669132800000,3000.0,3000.0,0,3000.0
1669147200000,3000.0,3000.0,0,3000.0
1669161600000,3000.0,3000.0,0,3000.0
1669176000000,3000.0,3000.0,0,3000.0
1669190400000,3000.0,3000.0,0,3000.0
1669204800000,3000.0,3000.0,0,3000.0
1669219200000,3000.0,3000.0,0,3000.0
1669233600000,3000.0,3000.0,0,3000.0
1669248000000,3000.0,3000.0,0,3000.0
1669262400000,3000.0,3000.0,0,3000.0
1669276800000,3000.0,3000.0,0,3000.0
1669291200000,3000.0,3000.0,0,3000.0
1669305600000,3000.0,3000.0,0,3000.0
1669320000000,3000.0,3000.0,0,3000.0
1669334400000,3000.0,3000.0,0,3000.0
1669348800000,3000.0,3000.0,0,3000.0
1669363200000,3000.0,3000.0,0,3000.0
1669377600000,3000.0,3000.0,0,3000.0
1669392000000,3000.0,3000.0,0,3000.0
1669406400000,3000.0,3000.0,0,3000.0
1669420800000,3000.0,3000.0,0,3000.0
1669435200000,3000.0,3000.0,0,3000.0
1669449600000,3000.0,3000.0,0,3000.0
1669464000000,3000.0,3000.0,0,3000.0
1669478400000,3000.0,3000.0,0,3000.0
1669492800000,3000.0,3000.0,0,3000.0
1669507200000,3000.0,3000.0,0,3000.0
1669521600000,3000.0,3000.0,0,3000.0
1669536000000,3000.0,3000.0,0,3000.0
1669550400000,3000.0,3000.0,0,3000.0
1669564800000,3000.0,3000.0,0,3000.0
1669579200000,3000.0,3000.0,0,3000.0
1669593600000,3000.0,3000.0,0,3000.0
1669608000000,3000.0,3000.0,0,3000.0
1669622400000,3000.0,3000.0,0,3000.0
1669636800000,3000.0,3000.0,0,3000.0
1669651200000,3000.0,3000.0,0,3000.0
1669665600000,3000.0,3000.0,0,3000.0
1669680000000,3000.0,3000.0,0,3000.0
1669694400000,3000.0,3000.0,0,3000.0
1669708800000,3000.0,3000.0,0,3000.0
1669723200000,3000.0,3000.0,0,3000.0
1669737600000,3000.0,3000.0,0,3000.0
1669752000000,3000.0,3000.0,0,3000.0
1669766400000,3000.0,3000.0,0,3000.0
1669780800000,3000.0,3000.0,0,3000.0
1669795200000,3000.0,3000.0,0,3000.0
1669809600000,3000.0,3000.0,0,3000.0
1669824000000,3000.0,3000.0,0,3000.0
1669838400000,3000.0,3000.0,0,3000.0
1669852800000,3000.0,3000.0,0,3000.0
1669867200000,3000.0,3000.0,0,3000.0
1669881600000,3000.0,3000.0,0,3000.0
1669896000000,3000.0,3000.0,0,3000.0
1669910400000,3000.0,3000.0,0,3000.0
1669924800000,3000.0,3000.0,0,3000.0
1669939200000,3000.0,3000.0,0,3000.0
1669953600000,3000.0,3000.0,0,3000.0
1669968000000,3000.0,3000.0,0,3000.0
1669982400000,3000.0,3000.0,0,3000.0
1669996800000,3000.0,3000.0,0,3000.0
1670011200000,3000.0,3000.0,0,3000.0
1670025600000,3000.0,3000.0,0,3000.0
1670040000000,3000.0,3000.0,0,3000.0
1670054400000,3000.0,3000.0,0,3000.0
1670068800000,3000.0,3000.0,0,3000.0
1670083200000,3000.0,3000.0,0,3000.0
1670097600000,3000.0,3000.0,0,3000.0
1670112000000,3000.0,3000.0,0,3000.0
1670126400000,3000.0,3000.0,0,3000.0
1670140800000,3000.0,3000.0,0,3000.0
1670155200000,3000.0,3000.0,0,3000.0
1670169600000,3000.0,3000.0,0,3000.0
1670184000000,3000.0,3000.0,0,3000.0
1670198400000,3000.0,3000.0,0,3000.0
1670212800000,3000.0,3000.0,0,3000.0
1670227200000,3000.0,3000.0,0,3000.0
1670241600000,3000.0,3000.0,0,3000.0
1670256000000,3000.0,3000.0,0,3000.0
1670270400000,3000.0,3000.0,0,3000.0
1670284800000,3000.0,3000.0,0,3000.0
1670299200000,3000.0,3000.0,0,3000.0
1670313600000,3000.0,3000.0,0,3000.0
1670328000000,3000.0,3000.0,0,3000.0
1670342400000,3000.0,3000.0,0,3000.0
1670356800000,3000.0,3000.0,0,3000.0
1670371200000,3000.0,3000.0,0,3000.0
1670385600000,3000.0,3000.0,0,3000.0
1670400000000,3000.0,3000.0,0,3000.0
1670414400000,3000.0,3000.0,0,3000.0
1670428800000,3000.0,3000.0,0,3000.0
1670443200000,3000.0,3000.0,0,3000.0
1670457600000,3000.0,3000.0,0,3000.0
1670472000000,3000.0,3000.0,0,3000.0
1670486400000,3000.0,3000.0,0,3000.0
1670500800000,3000.0,3000.0,0,3000.0
1670515200000,3000.0,3000.0,0,3000.0
1670529600000,3000.0,3000.0,0,3000.0
1670544000000,3000.0,3000.0,0,3000.0
1670558400000,3000.0,3000.0,0,3000.0
1670572800000,3000.0,3000.0,0,3000.0
1670587200000,3000.0,3000.0,0,3000.0
1670601600000,3000.0,3000.0,0,3000.0
1670616000000,3000.0,3000.0,0,3000.0
1670630400000,3000.0,3000.0,0,3000.0
1670644800000,3000.0,3000.0,0,3000.0
1670659200000,3000.0,3000.0,0,3000.0
1670673600000,3000.0,3000.0,0,3000.0
1670688000000,3000.0,3000.0,0,3000.0
1670702400000,3000.0,3000.0,0,3000.0
1670716800000,3000.0,3000.0,0,3000.0
1670731200000,3000.0,3000.0,0,3000.0
1670745600000,3000.0,3000.0,0,3000.0
1670760000000,3000.0,3000.0,0,3000.0
1670774400000,3000.0,3000.0,0,3000.0
1670788800000,3000.0,3000.0,0,3000.0
1670803200000,3000.0,3000.0,0,3000.0
1670817600000,3000.0,3000.0,0,3000.0
1670832000000,3000.0,3000.0,0,3000.0
1670846400000,3000.0,3000.0,0,3000.0
1670860800000,3000.0,3000.0,0,3000.0
1670875200000,3000.0,3000.0,0,3000.0
1670889600000,3000.0,3000.0,0,3000.0
1670904000000,3000.0,3000.0,0,3000.0
1670918400000,3000.0,3000.0,0,3000.0
1670932800000,3000.0,3000.0,0,3000.0
1670947200000,3000.0,3000.0,0,3000.0
1670961600000,3000.0,3000.0,0,3000.0
1670976000000,3000.0,3000.0,0,3000.0
1670990400000,3000.0,3000.0,0,3000.0
1671004800000,3000.0,3000.0,0,3000.0
1671019200000,3000.0,3000.0,0,3000.0
1671033600000,3000.0,3000.0,0,3000.0
1671048000000,3000.0,3000.0,0,3000.0
1671062400000,3000.0,3000.0,0,3000.0
1671076800000,3000.0,3000.0,0,3000.0
1671091200000,3000.0,3000.0,0,3000.0
1671105600000,3000.0,3000.0,0,3000.0
1671120000000,3000.0,3000.0,0,3000.0
1671134400000,3000.0,3000.0,0,3000.0
1671148800000,3000.0,3000.0,0,3000.0
1671163200000,3000.0,3000.0,0,3000.0
1671177600000,3000.0,3000.0,0,3000.0
1671192000000,3000.0,3000.0,0,3000.0
1671206400000,3000.0,3000.0,0,3000.0
1671220800000,3000.0,3000.0,0,3000.0
1671235200000,3000.0,3000.0,0,3000.0
1671249600000,3000.0,3000.0,0,3000.0
1671264000000,3000.0,3000.0,0,3000.0
1671278400000,3000.0,3000.0,0,3000.0
1671292800000,3000.0,3000.0,0,3000.0
1671307200000,3000.0,3000.0,0,3000.0
1671321600000,3000.0,3000.0,0,3000.0
1671336000000,3000.0,3000.0,0,3000.0
1671350400000,3000.0,3000.0,0,3000.0
1671364800000,3000.0,3000.0,0,3000.0
1671379200000,3000.0,3000.0,0,3000.0
1671393600000,3000.0,3000.0,0,3000.0
1671408000000,3000.0,3000.0,0,3000.0
1671422400000,3000.0,3000.0,0,3000.0
1671436800000,3000.0,3000.0,0,3000.0
1671451200000,3000.0,3000.0,0,3000.0
1671465600000,3000.0,3000.0,0,3000.0
1671480000000,3000.0,3000.0,0,3000.0
1671494400000,3000.0,3000.0,0,3000.0
1671508800000,3000.0,3000.0,0,3000.0
1671523200000,3000.0,3000.0,0,3000.0
1671537600000,3000.0,3000.0,0,3000.0
1671552000000,3000.0,3000.0,0,3000.0
1671566400000,3000.0,3000.0,0,3000.0
1671580800000,3000.0,3000.0,0,3000.0
1671595200000,3000.0,3000.0,0,3000.0
1671609600000,3000.0,3000.0,0,3000.0
1671624000000,3000.0,3000.0,0,3000.0
1671638400000,3000.0,3000.0,0,3000.0
1671652800000,3000.0,3000.0,0,3000.0
1671667200000,3000.0,3000.0,0,3000.0
1671681600000,3000.0,3000.0,0,3000.0
1671696000000,3000.0,3000.0,0,3000.0
1671710400000,3000.0,3000.0,0,3000.0
1671724800000,3000.0,3000.0,0,3000.0
1671739200000,3000.0,3000.0,0,3000.0
1671753600000,3000.0,3000.0,0,3000.0
1671768000000,3000.0,3000.0,0,3000.0
1671782400000,3000.0,3000.0,0,3000.0
1671796800000,3000.0,3000.0,0,3000.0
1671811200000,3000.0,3000.0,0,3000.0
1671825600000,3000.0,3000.0,0,3000.0
1671840000000,3000.0,3000.0,0,3000.0
1671854400000,3000.0,3000.0,0,3000.0
1671868800000,3000.0,3000.0,0,3000.0
1671883200000,3000.0,3000.0,0,3000.0
1671897600000,3000.0,3000.0,0,3000.0
1671912000000,3000.0,3000.0,0,3000.0
1671926400000,3000.0,3000.0,0,3000.0
1671940800000,3000.0,3000.0,0,3000.0
1671955200000,3000.0,3000.0,0,3000.0
1671969600000,3000.0,3000.0,0,3000.0
1671984000000,3000.0,3000.0,0,3000.0
1671998400000,3000.0,3000.0,0,3000.0
1672012800000,3000.0,3000.0,0,3000.0
1672027200000,3000.0,3000.0,0,3000.0
1672041600000,3000.0,3000.0,0,3000.0
1672056000000,3000.0,3000.0,0,3000.0
1672070400000,3000.0,3000.0,0,3000.0
1672084800000,3000.0,3000.0,0,3000.0
1672099200000,3000.0,3000.0,0,3000.0
1672113600000,3000.0,3000.0,0,3000.0
1672128000000,3000.0,3000.0,0,3000.0
1672142400000,3000.0,3000.0,0,3000.0
1672156800000,3000.0,3000.0,0,3000.0
1672171200000,3000.0,3000.0,0,3000.0
1672185600000,3000.0,3000.0,0,3000.0
1672200000000,3000.0,3000.0,0,3000.0
1672214400000,3000.0,3000.0,0,3000.0
1672228800000,3000.0,3000.0,0,3000.0
1672243200000,3000.0,3000.0,0,3000.0
1672257600000,3000.0,3000.0,0,3000.0
1672272000000,3000.0,3000.0,0,3000.0
1672286400000,3000.0,3000.0,0,3000.0
1672300800000,3000.0,3000.0,0,3000.0
1672315200000,3000.0,3000.0,0,3000.0
1672329600000,3000.0,3000.0,0,3000.0
1672344000000,3000.0,3000.0,0,3000.0
1672358400000,3000.0,3000.0,0,3000.0
1672372800000,3000.0,3000.0,0,3000.0
1672387200000,3000.0,3000.0,0,3000.0
1672401600000,3000.0,3000.0,0,3000.0
1672416000000,3000.0,3000.0,0,3000.0
1672430400000,3000.0,3000.0,0,3000.0
1672444800000,3000.0,3000.0,0,3000.0
1672459200000,3000.0,3000.0,0,3000.0
1672473600000,3000.0,3000.0,0,3000.0
1672488000000,3000.0,3000.0,0,3000.0
1672502400000,3000.0,3000.0,0,3000.0
1672516800000,3000.0,3000.0,0,3000.0
1672531200000,3000.0,3000.0,0,3000.0
1672545600000,3000.0,3000.0,0,3000.0
1672560000000,3000.0,3000.0,0,3000.0
1672574400000,3000.0,3000.0,0,3000.0
1672588800000,3000.0,3000.0,0,3000.0
1672603200000,3000.0,3000.0,0,3000.0
1672617600000,3000.0,3000.0,0,3000.0
1672632000000,3000.0,3000.0,0,3000.0
1672646400000,3000.0,3000.0,0,3000.0
1672660800000,3000.0,3000.0,0,3000.0
1672675200000,3000.0,3000.0,0,3000.0
1672689600000,3000.0,3000.0,0,3000.0
1672704000000,3000.0,3000.0,0,3000.0
1672718400000,3000.0,3000.0,0,3000.0
1672732800000,3000.0,3000.0,0,3000.0
1672747200000,3000.0,3000.0,0,3000.0
1672761600000,3000.0,3000.0,0,3000.0
1672776000000,3000.0,3000.0,0,3000.0
1672790400000,3000.0,3000.0,0,3000.0
1672804800000,3000.0,3000.0,0,3000.0
1672819200000,3000.0,3000.0,0,3000.0
1672833600000,3000.0,3000.0,0,3000.0
1672848000000,3000.0,3000.0,0,3000.0
1672862400000,3000.0,3000.0,0,3000.0
1672876800000,3000.0,3000.0,0,3000.0
1672891200000,3000.0,3000.0,0,3000.0
1672905600000,3000.0,3000.0,0,3000.0
1672920000000,3000.0,3000.0,0,3000.0
1672934400000,3000.0,3000.0,0,3000.0
1672948800000,3000.0,3000.0,0,3000.0
1672963200000,3000.0,3000.0,0,3000.0
1672977600000,3000.0,3000.0,0,3000.0
1672992000000,3000.0,3000.0,0,3000.0
1673006400000,3000.0,3000.0,0,3000.0
1673020800000,3000.0,3000.0,0,3000.0
1673035200000,3000.0,3000.0,0,3000.0
1673049600000,3000.0,3000.0,0,3000.0
1673064000000,3000.0,3000.0,0,3000.0
1673078400000,3000.0,3000.0,0,3000.0
1673092800000,3000.0,3000.0,0,3000.0
1673107200000,3000.0,3000.0,0,3000.0
1673121600000,3000.0,3000.0,0,3000.0
1673136000000,3000.0,3000.0,0,3000.0
1673150400000,3000.0,3000.0,0,3000.0
1673164800000,3000.0,3000.0,0,3000.0
1673179200000,3000.0,3000.0,0,3000.0
1673193600000,3000.0,3000.0,0,3000.0
1673208000000,3000.0,3000.0,0,3000.0
1673222400000,3000.0,3000.0,0,3000.0
1673236800000,3000.0,3000.0,0,3000.0
1673251200000,3000.0,3000.0,0,3000.0
1673265600000,3000.0,3000.0,0,3000.0
1673280000000,3000.0,3000.0,0,3000.0
1673294400000,3000.0,3000.0,0,3000.0
1673308800000,3000.0,3000.0,0,3000.0
1673323200000,3000.0,3000.0,0,3000.0
1673337600000,3000.0,3000.0,0,3000.0
1673352000000,3000.0,3000.0,0,3000.0
1673366400000,3000.0,3000.0,0,3000.0
1673380800000,3000.0,3000.0,0,3000.0
1673395200000,3000.0,3000.0,0,3000.0
1673409600000,3000.0,3000.0,0,3000.0
1673424000000,3000.0,3000.0,0,3000.0
1673438400000,3000.0,3000.0,0,3000.0
1673452800000,3000.0,3000.0,0,3000.0
1673467200000,3000.0,3000.0,0,3000.0
1673481600000,3000.0,3000.0,0,3000.0
1673496000000,3000.0,3000.0,0,3000.0
1673510400000,3000.0,3000.0,0,3000.0
1673524800000,3000.0,3000.0,0,3000.0
1673539200000,3000.0,3000.0,0,3000.0
1673553600000,3000.0,3000.0,0,3000.0
1673568000000,3000.0,3000.0,0,3000.0
1673582400000,3000.0,3000.0,0,3000.0
1673596800000,3000.0,3000.0,0,3000.0
1673611200000,3000.0,3000.0,0,3000.0
1673625600000,3000.0,3000.0,0,3000.0
1673640000000,3000.0,3000.0,0,3000.0
1673654400000,3000.0,3000.0,0,3000.0
1673668800000,3000.0,3000.0,0,3000.0
1673683200000,3000.0,3000.0,0,3000.0
1673697600000,3000.0,3000.0,0,3000.0
1673712000000,3000.0,3000.0,0,3000.0
1673726400000,3000.0,3000.0,0,3000.0
1673740800000,3000.0,3000.0,0,3000.0
1673755200000,3000.0,3000.0,0,3000.0
1673769600000,3000.0,3000.0,0,3000.0
1673784000000,3000.0,3000.0,0,3000.0
1673798400000,3000.0,3000.0,0,3000.0
1673812800000,3000.0,3000.0,0,3000.0
1673827200000,3000.0,3000.0,0,3000.0
1673841600000,3000.0,3000.0,0,3000.0
1673856000000,3000.0,3000.0,0,3000.0
1673870400000,3000.0,3000.0,0,3000.0
1673884800000,3000.0,3000.0,0,3000.0
1673899200000,3000.0,3000.0,0,3000.0
1673913600000,3000.0,3000.0,0,3000.0
1673928000000,3000.0,3000.0,0,3000.0
1673942400000,3000.0,3000.0,0,3000.0
1673956800000,3000.0,3000.0,0,3000.0
1673971200000,3000.0,3000.0,0,3000.0
1673985600000,3000.0,3000.0,0,3000.0
1674000000000,3000.0,3000.0,0,3000.0
1674014400000,3000.0,3000.0,0,3000.0
1674028800000,3000.0,3000.0,0,3000.0
1674043200000,3000.0,3000.0,0,3000.0
1674057600000,3000.0,3000.0,0,3000.0
1674072000000,3000.0,3000.0,0,3000.0
1674086400000,3000.0,3000.0,0,3000.0
1674100800000,3000.0,3000.0,0,3000.0
1674115200000,3000.0,3000.0,0,3000.0
1674129600000,3000.0,3000.0,0,3000.0
1674144000000,3000.0,3000.0,0,3000.0
1674158400000,3000.0,3000.0,0,3000.0
1674172800000,3000.0,3000.0,0,3000.0
1674187200000,3000.0,3000.0,0,3000.0
1674201600000,3000.0,3000.0,0,3000.0
1674216000000,3000.0,3000.0,0,3000.0
1674230400000,3000.0,3000.0,0,3000.0
1674244800000,3000.0,3000.0,0,3000.0
1674259200000,3000.0,3000.0,0,3000.0
1674273600000,3000.0,3000.0,0,3000.0
1674288000000,3000.0,3000.0,0,3000.0
1674302400000,3000.0,3000.0,0,3000.0
1674316800000,3000.0,3000.0,0,3000.0
1674331200000,3000.0,3000.0,0,3000.0
1674345600000,3000.0,3000.0,0,3000.0
1674360000000,3000.0,3000.0,0,3000.0
1674374400000,3000.0,3000.0,0,3000.0
1674388800000,3000.0,3000.0,0,3000.0
1674403200000,3000.0,3000.0,0,3000.0
1674417600000,3000.0,3000.0,0,3000.0
1674432000000,3000.0,3000.0,0,3000.0
1674446400000,3000.0,3000.0,0,3000.0
1674460800000,3000.0,3000.0,0,3000.0
1674475200000,3000.0,3000.0,0,3000.0
1674489600000,3000.0,3000.0,0,3000.0
1674504000000,3000.0,3000.0,0,3000.0
1674518400000,3000.0,3000.0,0,3000.0
1674532800000,3000.0,3000.0,0,3000.0
1674547200000,3000.0,3000.0,0,3000.0
1674561600000,3000.0,3000.0,0,3000.0
1674576000000,3000.0,3000.0,0,3000.0
1674590400000,3000.0,3000.0,0,3000.0
1674604800000,3000.0,3000.0,0,3000.0
1674619200000,3000.0,3000.0,0,3000.0
1674633600000,3000.0,3000.0,0,3000.0
1674648000000,3000.0,3000.0,0,3000.0
1674662400000,3000.0,3000.0,0,3000.0
1674676800000,3000.0,3000.0,0,3000.0
1674691200000,3000.0,3000.0,0,3000.0
1674705600000,3000.0,3000.0,0,3000.0
1674720000000,3000.0,3000.0,0,3000.0
1674734400000,3000.0,3000.0,0,3000.0
1674748800000,3000.0,3000.0,0,3000.0
1674763200000,3000.0,3000.0,0,3000.0
1674777600000,3000.0,3000.0,0,3000.0
1674792000000,3000.0,3000.0,0,3000.0
1674806400000,3000.0,3000.0,0,3000.0
1674820800000,3000.0,3000.0,0,3000.0
1674835200000,3000.0,3000.0,0,3000.0
1674849600000,3000.0,3000.0,0,3000.0
1674864000000,3000.0,3000.0,0,3000.0
1674878400000,3000.0,3000.0,0,3000.0
1674892800000,3000.0,3000.0,0,3000.0
1674907200000,3000.0,3000.0,0,3000.0
1674921600000,3000.0,3000.0,0,3000.0
1674936000000,3000.0,3000.0,0,3000.0
1674950400000,3000.0,3000.0,0,3000.0
1674964800000,3000.0,3000.0,0,3000.0
1674979200000,3000.0,3000.0,0,3000.0
1674993600000,3000.0,3000.0,0,3000.0
1675008000000,3000.0,3000.0,0,3000.0
1675022400000,3000.0,3000.0,0,3000.0
1675036800000,3000.0,3000.0,0,3000.0
1675051200000,3000.0,3000.0,0,3000.0
1675065600000,3000.0,3000.0,0,3000.0
1675080000000,3000.0,3000.0,0,3000.0
1675094400000,3000.0,3000.0,0,3000.0
1675108800000,3000.0,3000.0,0,3000.0
1675123200000,3000.0,3000.0,0,3000.0
1675137600000,3000.0,3000.0,0,3000.0
1675152000000,3000.0,3000.0,0,3000.0
1675166400000,3000.0,3000.0,0,3000.0
1675180800000,3000.0,3000.0,0,3000.0
1675195200000,3000.0,3000.0,0,3000.0
1675209600000,3000.0,3000.0,0,3000.0
1675224000000,3000.0,3000.0,0,3000.0
1675238400000,3000.0,3000.0,0,3000.0
1675252800000,3000.0,3000.0,0,3000.0
1675267200000,3000.0,3000.0,0,3000.0
1675281600000,3000.0,3000.0,0,3000.0
1675296000000,3000.0,3000.0,0,3000.0
1675310400000,3000.0,3000.0,0,3000.0
1675324800000,3000.0,3000.0,0,3000.0
1675339200000,3000.0,3000.0,0,3000.0
1675353600000,3000.0,3000.0,0,3000.0
1675368000000,3000.0,3000.0,0,3000.0
1675382400000,3000.0,3000.0,0,3000.0
1675396800000,3000.0,3000.0,0,3000.0
1675411200000,3000.0,3000.0,0,3000.0
1675425600000,3000.0,3000.0,0,3000.0
1675440000000,3000.0,3000.0,0,3000.0
1675454400000,3000.0,3000.0,0,3000.0
1675468800000,3000.0,3000.0,0,3000.0
1675483200000,3000.0,3000.0,0,3000.0
1675497600000,3000.0,3000.0,0,3000.0
1675512000000,3000.0,3000.0,0,3000.0
1675526400000,3000.0,3000.0,0,3000.0
1675540800000,3000.0,3000.0,0,3000.0
1675555200000,3000.0,3000.0,0,3000.0
1675569600000,3000.0,3000.0,0,3000.0
1675584000000,3000.0,3000.0,0,3000.0
1675598400000,3000.0,3000.0,0,3000.0
1675612800000,3000.0,3000.0,0,3000.0
1675627200000,3000.0,3000.0,0,3000.0
1675641600000,3000.0,3000.0,0,3000.0
1675656000000,3000.0,3000.0,0,3000.0
1675670400000,3000.0,3000.0,0,3000.0
1675684800000,3000.0,3000.0,0,3000.0
1675699200000,3000.0,3000.0,0,3000.0
1675713600000,3000.0,3000.0,0,3000.0
1675728000000,3000.0,3000.0,0,3000.0
1675742400000,3000.0,3000.0,0,3000.0
1675756800000,3000.0,3000.0,0,3000.0
1675771200000,3000.0,3000.0,0,3000.0
1675785600000,3000.0,3000.0,0,3000.0
1675800000000,3000.0,3000.0,0,3000.0
1675814400000,3000.0,3000.0,0,3000.0
1675828800000,3002.580850019531,2997.654752534734,1,2497.431944305787
1675843200000,3002.4315743381735,2999.645094952834,1,2497.431944305787
1675857600000,3001.436403129124,2998.998233666952,1,2497.431944305787
1675872000000,2988.7977287741896,2988.2006260487597,1,2497.431944305787
1675886400000,2980.0,2979.3933608486677,0,2980.0
1675900800000,2980.0,2980.0,0,2980.0
1675915200000,2980.0,2980.0,0,2980.0
1675929600000,2980.0,2980.0,0,2980.0
1675944000000,2980.0,2980.0,0,2980.0
1675958400000,2980.0,2980.0,0,2980.0
1675972800000,2980.0,2980.0,0,2980.0
1675987200000,2980.0,2980.0,0,2980.0
1676001600000,2980.0,2980.0,0,2980.0
1676016000000,2980.0,2980.0,0,2980.0
1676030400000,2980.0,2980.0,0,2980.0
1676044800000,2980.0,2980.0,0,2980.0
1676059200000,2980.0,2980.0,0,2980.0
1676073600000,2980.0,2980.0,0,2980.0
1676088000000,2980.0,2980.0,0,2980.0
1676102400000,2980.0,2980.0,0,2980.0
1676116800000,2980.0,2980.0,0,2980.0
1676131200000,2980.0,2980.0,0,2980.0
1676145600000,2980.0,2980.0,0,2980.0
1676160000000,2980.0,2980.0,0,2980.0
1676174400000,2980.0,2980.0,0,2980.0
1676188800000,2980.0,2980.0,0,2980.0
1676203200000,2980.0,2980.0,0,2980.0
1676217600000,2980.0,2980.0,0,2980.0
1676232000000,2980.0,2980.0,0,2980.0
1676246400000,2980.0,2980.0,0,2980.0
1676260800000,2980.0,2980.0,0,2980.0
1676275200000,2980.0,2980.0,0,2980.0
1676289600000,2980.0,2980.0,0,2980.0
1676304000000,2980.0,2980.0,0,2980.0
1676318400000,2980.0,2980.0,0,2980.0
1676332800000,2980.0,2980.0,0,2980.0
1676347200000,2980.0,2980.0,0,2980.0
1676361600000,2980.0,2980.0,0,2980.0
1676376000000,2980.0,2980.0,0,2980.0
1676390400000,2980.0,2980.0,0,2980.0
1676404800000,2980.0,2980.0,0,2980.0
1676419200000,2980.0,2980.0,0,2980.0
1676433600000,2980.0,2980.0,0,2980.0
1676448000000,2980.0,2980.0,0,2980.0
1676462400000,2986.5054676927025,2978.585043640826,1,2501.0681570918377
1676476800000,2986.3062117417116,2984.01476830532,1,2501.0681570918377
1676491200000,2996.0199393525036,2983.715884378834,1,2501.0681570918377
1676505600000,3013.2555791131913,2994.127007818093,1,2501.0681570918377
1676520000000,3009.0712041423885,3007.028830644735,1,2501.0681570918377
1676534400000,3004.986457147081,3001.8979899067267,1,2501.0681570918377
1676548800000,3005.584225000053,3003.3425955514085,1,2501.0681570918377
1676563200000,3016.742558255527,3001.150780090512,1,2501.0681570918377
1676577600000,3012.607997272472,3006.9790166569874,1,2501.0681570918377
1676592000000,2991.985006344944,2991.636308430711,1,2501.0681570918377
1676606400000,2998.411010764391,2990.1917027860286,1,2501.0681570918377
1676620800000,2996.6177072054757,2995.4719854872797,1,2501.0681570918377
1676635200000,2996.3686372667376,2995.0236595975507,1,2501.0681570918377
1676649600000,2996.2191953034944,2990.9389126022434,1,2501.0681570918377
1676664000000,3003.890549416633,2991.3374245042246,1,2501.0681570918377
1676678400000,2999.805802421325,2992.3337042591775,1,2501.0681570918377
1676692800000,3003.3924095391562,2999.2578485561007,1,2501.0681570918377
1676707200000,3004.5879452451,3001.300222053755,1,2501.0681570918377
1676721600000,2994.5753337078218,2994.2266357935882,1,2501.0681570918377
1676736000000,3000.005058372316,2993.8779378793547,1,2501.0681570918377
1676750400000,2997.2154750584473,2997.016219107457,1,2501.0681570918377
1676764800000,2997.7634289236717,2994.276449781336,1,2501.0681570918377
1676779200000,2998.161940825653,2996.3686372667376,1,2501.0681570918377
1676793600000,2995.621427450523,2994.62514769557,1,2501.0681570918377
1676808000000,2996.0199393525036,2993.3797980018785,1,2501.0681570918377
1676822400000,3001.39985002925,2995.5716134627746,1,2501.0681570918377
1676836800000,2989.1954230310757,2985.9076998397304,1,2501.0681570918377
1676851200000,2986.405839717207,2982.869046587124,1,2501.0681570918377
1676865600000,2987.9500733373843,2977.1902519838914,1,2501.0681570918377
1676880000000,2988.3983992271133,2986.007327815226,1,2501.0681570918377
1676894400000,2987.3523054844127,2983.8155123543293,1,2501.0681570918377
1676908800000,2983.8155123543293,2977.588763885873,1,2501.0681570918377
1676923200000,2973.7530868293034,2971.262387441921,1,2501.0681570918377
1676937600000,2978.7842995918163,2972.657179098855,1,2501.0681570918377
1676952000000,2979.4816954202834,2977.937461800106,1,2501.0681570918377
1676966400000,2979.0333695305544,2975.646018363714,1,2501.0681570918377
1676980800000,2965.234894924455,2961.498845843381,1,2501.0681570918377
1676995200000,2960.1333333333337,2960.1040541864472,0,2960.1333333333337
1677009600000,2960.1333333333337,2960.1333333333337,0,2960.1333333333337
1677024000000,2960.1333333333337,2960.1333333333337,0,2960.1333333333337
1677038400000,2960.1333333333337,2960.1333333333337,0,2960.1333333333337
1677052800000,2960.1333333333337,2960.1333333333337,0,2960.1333333333337
1677067200000,2960.1333333333337,2960.1333333333337,0,2960.1333333333337
1677081600000,2960.1333333333337,2960.1333333333337,0,2960.1333333333337
1677096000000,2960.1333333333337,2960.1333333333337,0,2960.1333333333337
1677110400000,2960.1333333333337,2960.1333333333337,0,2960.1333333333337
1677124800000,2960.1333333333337,2960.1333333333337,0,2960.1333333333337
1677139200000,2960.1333333333337,2960.1333333333337,0,2960.1333333333337
1677153600000,2960.1333333333337,2960.1333333333337,0,2960.1333333333337
1677168000000,2960.1333333333337,2960.1333333333337,0,2960.1333333333337
1677182400000,2960.1333333333337,2960.1333333333337,0,2960.1333333333337
1677196800000,2960.1333333333337,2960.1333333333337,0,2960.1333333333337
1677211200000,2960.1333333333337,2960.1333333333337,0,2960.1333333333337
1677225600000,2960.1333333333337,2960.1333333333337,0,2960.1333333333337
1677240000000,2960.1333333333337,2960.1333333333337,0,2960.1333333333337
1677254400000,2960.1333333333337,2960.1333333333337,0,2960.1333333333337
1677268800000,2960.1333333333337,2960.1333333333337,0,2960.1333333333337
1677283200000,2960.1333333333337,2960.1333333333337,0,2960.1333333333337
1677297600000,2960.1333333333337,2960.1333333333337,0,2960.1333333333337
1677312000000,2960.1333333333337,2960.1333333333337,0,2960.1333333333337
1677326400000,2960.1333333333337,2960.1333333333337,0,2960.1333333333337
1677340800000,2960.1333333333337,2960.1333333333337,0,2960.1333333333337
1677355200000,2960.1333333333337,2960.1333333333337,0,2960.1333333333337
1677369600000,2960.1333333333337,2960.1333333333337,0,2960.1333333333337
1677384000000,2960.1333333333337,2960.1333333333337,0,2960.1333333333337
1677398400000,2960.1333333333337,2960.1333333333337,0,2960.1333333333337
1677412800000,2960.1333333333337,2960.1333333333337,0,2960.1333333333337
1677427200000,2960.1333333333337,2960.1333333333337,0,2960.1333333333337
1677441600000,2960.1333333333337,2960.1333333333337,0,2960.1333333333337
1677456000000,2960.1333333333337,2960.1333333333337,0,2960.1333333333337
1677470400000,2960.1333333333337,2960.1333333333337,0,2960.1333333333337
1677484800000,2960.1333333333337,2960.1333333333337,0,2960.1333333333337
1677499200000,2960.1333333333337,2960.1333333333337,0,2960.1333333333337
1677513600000,2960.1333333333337,2960.1333333333337,0,2960.1333333333337
1677528000000,2960.1333333333337,2960.1333333333337,0,2960.1333333333337
1677542400000,2960.1333333333337,2960.1333333333337,0,2960.1333333333337
1677556800000,2960.1333333333337,2960.1333333333337,0,2960.1333333333337
1677571200000,2960.1333333333337,2960.1333333333337,0,2960.1333333333337
1677585600000,2960.1333333333337,2960.1333333333337,0,2960.1333333333337
1677600000000,2960.1333333333337,2960.1333333333337,0,2960.1333333333337
1677614400000,2960.1333333333337,2960.1333333333337,0,2960.1333333333337
1677628800000,2960.1333333333337,2960.1333333333337,0,2960.1333333333337
1677643200000,2960.1333333333337,2960.1333333333337,0,2960.1333333333337
1677657600000,2960.1333333333337,2960.1333333333337,0,2960.1333333333337
1677672000000,2960.1333333333337,2960.1333333333337,0,2960.1333333333337
1677686400000,2960.1333333333337,2960.1333333333337,0,2960.1333333333337
1677700800000,2960.1333333333337,2960.1333333333337,0,2960.1333333333337
1677715200000,2960.1333333333337,2960.1333333333337,0,2960.1333333333337
1677729600000,2960.1333333333337,2960.1333333333337,0,2960.1333333333337
1677744000000,2960.1333333333337,2960.1333333333337,0,2960.1333333333337
1677758400000,2960.1333333333337,2960.1333333333337,0,2960.1333333333337
1677772800000,2960.1333333333337,2960.1333333333337,0,2960.1333333333337
1677787200000,2960.1333333333337,2960.1333333333337,0,2960.1333333333337
1677801600000,2960.1333333333337,2960.1333333333337,0,2960.1333333333337
1677816000000,2960.1333333333337,2960.1333333333337,0,2960.1333333333337
1677830400000,2960.1333333333337,2960.1333333333337,0,2960.1333333333337
1677844800000,2960.1333333333337,2960.1333333333337,0,2960.1333333333337
1677859200000,2960.1333333333337,2960.1333333333337,0,2960.1333333333337
1677873600000,2960.1333333333337,2960.1333333333337,0,2960.1333333333337
1677888000000,2960.1333333333337,2960.1333333333337,0,2960.1333333333337
1677902400000,2960.1333333333337,2960.1333333333337,0,2960.1333333333337
1677916800000,2960.1333333333337,2960.1333333333337,0,2960.1333333333337
1677931200000,2960.1333333333337,2960.1333333333337,0,2960.1333333333337
1677945600000,2960.1333333333337,2960.1333333333337,0,2960.1333333333337
1677960000000,2960.1333333333337,2960.1333333333337,0,2960.1333333333337
1677974400000,2960.1333333333337,2960.1333333333337,0,2960.1333333333337
1677988800000,2960.1333333333337,2960.1333333333337,0,2960.1333333333337
1678003200000,2960.1333333333337,2960.1333333333337,0,2960.1333333333337
1678017600000,2960.1333333333337,2960.1333333333337,0,2960.1333333333337
1678032000000,2960.1333333333337,2960.1333333333337,0,2960.1333333333337
1678046400000,2960.1333333333337,2960.1333333333337,0,2960.1333333333337
1678060800000,2960.1333333333337,2960.1333333333337,0,2960.1333333333337
1678075200000,2960.1333333333337,2960.1333333333337,0,2960.1333333333337
1678089600000,2960.1333333333337,2960.1333333333337,0,2960.1333333333337
1678104000000,2960.1333333333337,2960.1333333333337,0,2960.1333333333337
1678118400000,2960.1333333333337,2960.1333333333337,0,2960.1333333333337
1678132800000,2960.1333333333337,2960.1333333333337,0,2960.1333333333337
1678147200000,2960.1333333333337,2960.1333333333337,0,2960.1333333333337
1678161600000,2960.1333333333337,2960.1333333333337,0,2960.1333333333337
1678176000000,2960.1333333333337,2960.1333333333337,0,2960.1333333333337
1678190400000,2960.1333333333337,2960.1333333333337,0,2960.1333333333337
1678204800000,2960.1333333333337,2960.1333333333337,0,2960.1333333333337
1678219200000,2960.1333333333337,2960.1333333333337,0,2960.1333333333337
1678233600000,2960.1333333333337,2960.1333333333337,0,2960.1333333333337
1678248000000,2960.1333333333337,2960.1333333333337,0,2960.1333333333337
1678262400000,2960.1333333333337,2960.1333333333337,0,2960.1333333333337
1678276800000,2960.1333333333337,2960.1333333333337,0,2960.1333333333337
1678291200000,2960.1333333333337,2960.1333333333337,0,2960.1333333333337
1678305600000,2960.1333333333337,2960.1333333333337,0,2960.1333333333337
1678320000000,2960.1333333333337,2960.1333333333337,0,2960.1333333333337
1678334400000,2960.1333333333337,2960.1333333333337,0,2960.1333333333337
1678348800000,2960.1333333333337,2960.1333333333337,0,2960.1333333333337
1678363200000,2960.1333333333337,2960.1333333333337,0,2960.1333333333337
1678377600000,2960.1333333333337,2960.1333333333337,0,2960.1333333333337
1678392000000,2960.1333333333337,2960.1333333333337,0,2960.1333333333337
1678406400000,2960.1333333333337,2960.1333333333337,0,2960.1333333333337
1678420800000,2960.1333333333337,2960.1333333333337,0,2960.1333333333337
1678435200000,2960.1333333333337,2960.1333333333337,0,2960.1333333333337
1678449600000,2960.1333333333337,2960.1333333333337,0,2960.1333333333337
1678464000000,2960.1333333333337,2960.1333333333337,0,2960.1333333333337
1678478400000,2960.1333333333337,2960.1333333333337,0,2960.1333333333337
1678492800000,2960.1333333333337,2960.1333333333337,0,2960.1333333333337
1678507200000,2960.1333333333337,2960.1333333333337,0,2960.1333333333337
1678521600000,2960.1333333333337,2960.1333333333337,0,2960.1333333333337
1678536000000,2960.1333333333337,2960.1333333333337,0,2960.1333333333337
1678550400000,2960.1333333333337,2960.1333333333337,0,2960.1333333333337
1678564800000,2960.1333333333337,2960.1333333333337,0,2960.1333333333337
1678579200000,2960.1333333333337,2960.1333333333337,0,2960.1333333333337
1678593600000,2960.1333333333337,2960.1333333333337,0,2960.1333333333337
1678608000000,2960.1333333333337,2960.1333333333337,0,2960.1333333333337
1678622400000,2960.1333333333337,2960.1333333333337,0,2960.1333333333337
1678636800000,2960.1333333333337,2960.1333333333337,0,2960.1333333333337
1678651200000,2960.1333333333337,2960.1333333333337,0,2960.1333333333337
1678665600000,2960.1333333333337,2960.1333333333337,0,2960.1333333333337
1678680000000,2960.1333333333337,2960.1333333333337,0,2960.1333333333337
1678694400000,2960.1333333333337,2960.1333333333337,0,2960.1333333333337
1678708800000,2960.1333333333337,2960.1333333333337,0,2960.1333333333337
1678723200000,2960.1333333333337,2960.1333333333337,0,2960.1333333333337
1678737600000,2962.4246221553585,2955.6941009337124,1,2596.050162611831
1678752000000,2961.50086794486,2958.574554370231,1,2596.050162611831
1678766400000,2962.400600178253,2958.75581110657,1,2596.050162611831
1678780800000,2960.01150536434,2958.24479813906,1,2596.050162611831
1678795200000,2963.7283603673386,2957.5241388259055,1,2596.050162611831
1678809600000,2982.592163843192,2961.0750238052683,1,2596.050162611831
1678824000000,2942.903051474488,2925.8338522874997,2,2174.105002096782
1678838400000,2935.05237411841,2921.236931268508,2,2174.105002096782
1678852800000,2937.337409482943,2927.8975618322193,2,2174.105002096782
1678867200000,2941.4862611266713,2934.0839138976858,2,2174.105002096782
1678881600000,2930.292684707604,2918.56766870996,2,2174.105002096782
1678896000000,2916.6076229972346,2913.7445156498525,2,2174.105002096782
1678910400000,2916.176460716305,2905.1295112013313,1,2556.285751175071
1678924800000,2916.606672488097,2913.9336815811225,1,2556.285751175071
1678939200000,2915.8095796114258,2912.7238474614633,1,2556.285751175071
1678953600000,2917.8317933204603,2913.6890941778706,1,2556.285751175071
1678968000000,2918.877841232585,2914.2612539961933,1,2556.285751175071
1678982400000,2919.467471579712,2913.54932994744,1,2556.285751175071
1678996800000,2923.08823867429,2917.244346789434,1,2556.285751175071
1679011200000,2921.7976033589125,2917.167913225918,1,2556.285751175071
1679025600000,2929.41693773345,2919.3779351195926,1,2556.285751175071
1679040000000,2930.939057555477,2926.7417630103755,1,2556.285751175071
1679054400000,2940.8819722609137,2929.8143922637355,1,2556.285751175071
1679068800000,2924.1060075375844,2916.898074556865,2,2194.7293793737385
1679083200000,2935.491214783047,2920.377776925874,2,2194.7293793737385
1679097600000,2952.8580124986584,2929.586896275056,2,2194.7293793737385
1679112000000,2961.3565267188524,2941.677039496172,3,1778.0230097429494
1679126400000,2963.6929924887527,2956.51302389502,3,1778.0230097429494
1679140800000,2963.4922811788974,2949.6393913043094,3,1778.0230097429494
1679155200000,2941.276549995379,2933.2241401253705,3,1778.0230097429494
1679169600000,2948.130950143461,2918.64594422302,3,1778.0230097429494
1679184000000,2929.2297417248346,2924.9828504351703,3,1778.0230097429494
1679198400000,2941.620379215374,2928.0828976482894,3,1778.0230097429494
1679212800000,2939.509340512636,2929.8606491574897,3,1778.0230097429494
1679227200000,2945.7548283359124,2932.969605530897,3,1778.0230097429494
1679241600000,2955.703980750869,2942.583215163652,3,1778.0230097429494
1679256000000,2971.6131750881814,2949.0209240708946,3,1778.0230097429494
1679270400000,2955.2826445426526,2948.70593247934,3,1778.0230097429494
1679284800000,2935.2783017156385,2930.0576209651695,3,1778.0230097429494
1679299200000,2958.010483796994,2928.239147306315,3,1778.0230097429494
1679313600000,2958.5164831891043,2948.3843096417463,3,1778.0230097429494
1679328000000,2948.7004921049047,2942.259679552781,3,1778.0230097429494
1679342400000,2945.854016416204,2936.8270483094298,3,1778.0230097429494
1679356800000,2936.2359320984483,2930.531572495565,3,1778.0230097429494
1679371200000,2943.0417205116396,2933.5908317596873,3,1778.0230097429494
1679385600000,2928.1992071062023,2920.613419608389,3,1778.0230097429494
1679400000000,2949.7518556055447,2924.184564916704,3,1778.0230097429494
1679414400000,2964.384315513578,2944.076332948849,3,1778.0230097429494
1679428800000,2961.1155212168364,2951.2391230977405,3,1778.0230097429494
1679443200000,2958.7256559288044,2951.6304941973353,3,1778.0230097429494
1679457600000,2960.0021082206063,2947.8287794462176,3,1778.0230097429494
1679472000000,2959.795622565174,2955.4743091255136,3,1778.0230097429494
1679486400000,2942.0520953005703,2939.536769728556,2,2175.043673849188
1679500800000,2952.974518855625,2941.377754216261,2,2175.043673849188
1679515200000,2907.5946965466715,2905.8983873912066,2,2175.043673849188
1679529600000,2919.2411500675717,2905.287684583272,2,2175.043673849188
1679544000000,2921.2890640699725,2916.196065223595,2,2175.043673849188
1679558400000,2927.955530391265,2918.4269590465487,2,2175.043673849188
1679572800000,2928.184659405033,2924.044985756606,2,2175.043673849188
1679587200000,2959.494955295644,2921.104415661578,2,2175.043673849188
1679601600000,2953.140066202116,2938.9172099882694,2,2175.043673849188
1679616000000,2950.6003137406674,2943.754003076282,2,2175.043673849188
1679630400000,2949.272099290467,2946.857424731089,2,2175.043673849188
1679644800000,2950.624655608734,2945.6784505388614,2,2175.043673849188
1679659200000,2942.411415982124,2937.6777246115444,2,2175.043673849188
1679673600000,2936.6647255273388,2931.1505240200395,2,2175.043673849188
1679688000000,2933.342446343735,2921.1683304037997,2,2175.043673849188
1679702400000,2925.2983417112387,2914.5957770225377,2,2175.043673849188
1679716800000,2928.4080948259793,2924.1612793563468,2,2175.043673849188
1679731200000,2925.205949628772,2922.5172727945496,2,2175.043673849188
1679745600000,2924.3915440778255,2920.405711689837,2,2175.043673849188
1679760000000,2929.056575385455,2921.636751011635,2,2175.043673849188
1679774400000,2914.630293818699,2913.8355977472984,2,2175.043673849188
1679788800000,2923.732708968246,2913.330327498609,2,2175.043673849188
1679803200000,2926.3013200466244,2922.565443481447,2,2175.043673849188
1679817600000,2926.625951595192,2924.621712726331,2,2175.043673849188
1679832000000,2936.972710573292,2925.6910760557676,2,2175.043673849188
1679846400000,2932.875644031048,2929.2774084732864,2,2175.043673849188
1679860800000,2933.855631572187,2928.7612666412683,2,2175.043673849188
1679875200000,2937.494611587533,2929.250847947502,2,2175.043673849188
1679889600000,2934.4909840337905,2931.7315850568884,2,2175.043673849188
1679904000000,2930.6245952715963,2927.4799398585565,2,2175.043673849188
1679918400000,2934.636480792493,2929.4666647952727,2,2175.043673849188
1679932800000,2909.6497396236837,2898.7533648217172,2,2175.043673849188
1679947200000,2908.9621073046715,2906.716227093293,2,2175.043673849188
1679961600000,2913.3773380028674,2905.9297504197657,2,2175.043673849188
1679976000000,2910.543212633458,2905.9431049767763,2,2175.043673849188
1679990400000,2913.237552224647,2908.7445484442737,2,2175.043673849188
1680004800000,2919.079679889042,2905.5958301031314,2,2175.043673849188
1680019200000,2917.9863414414044,2912.725677769953,2,2175.043673849188
1680033600000,2923.1463708909287,2914.0138903906686,1,2555.3475502396545
1680048000000,2920.93469570612,2918.7164493301852,1,2555.3475502396545
1680062400000,2922.361314710243,2920.6534755471007,1,2555.3475502396545
1680076800000,2932.0084938134187,2922.123008452457,1,2555.3475502396545
1680091200000,2935.591402248571,2931.385169398006,1,2555.3475502396545
1680105600000,2936.7822630077935,2933.9400216867384,1,2555.3475502396545
1680120000000,2936.469796164439,2932.6656129260523,1,2555.3475502396545
1680134400000,2935.519119146181,2933.6738213931512,1,2555.3475502396545
1680148800000,2937.404380469734,2932.051944138417,1,2555.3475502396545
1680163200000,2940.5670008846832,2936.7822630077935,1,2555.3475502396545
1680177600000,2939.491203023142,2937.549483098279,1,2555.3475502396545
1680192000000,2934.8717897672655,2933.1172817365323,1,2555.3475502396545
1680206400000,2930.6576446661606,2926.6332594720716,1,2555.3475502396545
1680220800000,2931.2267902812664,2927.9831698777393,1,2555.3475502396545
1680235200000,2933.102664188925,2929.722255725217,1,2555.3475502396545
1680249600000,2927.3370474522967,2924.295927020214,1,2555.3475502396545
1680264000000,2929.8782209350115,2926.6600806603424,1,2555.3475502396545
1680278400000,2937.4822960216607,2929.113280645529,1,2555.3475502396545
1680292800000,2937.137911964264,2934.369428910954,1,2555.3475502396545
1680307200000,2937.084940117429,2935.3697251275125,1,2555.3475502396545
1680321600000,2938.1006585172436,2936.3233524764805,1,2555.3475502396545
1680336000000,2936.5435544321836,2935.5559982800532,1,2555.3475502396545
1680350400000,2935.8443260539643,2935.6807168055125,1,2555.3475502396545
1680364800000,2935.2736372337813,2935.2736372337813,0,2935.2736372337813
1680379200000,2935.2736372337813,2935.2736372337813,0,2935.2736372337813
1680393600000,2935.2736372337813,2935.2736372337813,0,2935.2736372337813
1680408000000,2935.2736372337813,2935.2736372337813,0,2935.2736372337813
1680422400000,2935.2736372337813,2935.2736372337813,0,2935.2736372337813
1680436800000,2935.2736372337813,2935.2736372337813,0,2935.2736372337813
1680451200000,2935.2736372337813,2935.2736372337813,0,2935.2736372337813
1680465600000,2935.2736372337813,2935.2736372337813,0,2935.2736372337813
1680480000000,2935.2736372337813,2935.2736372337813,0,2935.2736372337813
1680494400000,2935.2736372337813,2935.2736372337813,0,2935.2736372337813
1680508800000,2935.2736372337813,2935.2736372337813,0,2935.2736372337813
1680523200000,2935.2736372337813,2935.2736372337813,0,2935.2736372337813
1680537600000,2935.2736372337813,2935.2736372337813,0,2935.2736372337813
1680552000000,2935.2736372337813,2935.2736372337813,0,2935.2736372337813
1680566400000,2935.2736372337813,2935.2736372337813,0,2935.2736372337813
1680580800000,2935.2736372337813,2935.2736372337813,0,2935.2736372337813
1680595200000,2935.2736372337813,2935.2736372337813,0,2935.2736372337813
1680609600000,2935.2736372337813,2935.2736372337813,0,2935.2736372337813
1680624000000,2935.2736372337813,2935.2736372337813,0,2935.2736372337813
1680638400000,2935.2736372337813,2935.2736372337813,0,2935.2736372337813
1680652800000,2935.2736372337813,2935.2736372337813,0,2935.2736372337813
1680667200000,2935.2736372337813,2935.2736372337813,0,2935.2736372337813
1680681600000,2935.2736372337813,2935.2736372337813,0,2935.2736372337813
1680696000000,2935.2736372337813,2935.2736372337813,0,2935.2736372337813
1680710400000,2935.2736372337813,2935.2736372337813,0,2935.2736372337813
1680724800000,2935.2736372337813,2935.2736372337813,0,2935.2736372337813
1680739200000,2935.2736372337813,2935.2736372337813,0,2935.2736372337813
1680753600000,2935.2736372337813,2935.2736372337813,0,2935.2736372337813
1680768000000,2935.2736372337813,2935.2736372337813,0,2935.2736372337813
1680782400000,2935.2736372337813,2935.2736372337813,0,2935.2736372337813
1680796800000,2935.2736372337813,2935.2736372337813,0,2935.2736372337813
1680811200000,2935.2736372337813,2935.2736372337813,0,2935.2736372337813
1680825600000,2935.2736372337813,2935.2736372337813,0,2935.2736372337813
1680840000000,2935.2736372337813,2935.2736372337813,0,2935.2736372337813
1680854400000,2935.2736372337813,2935.2736372337813,0,2935.2736372337813
1680868800000,2935.2736372337813,2935.2736372337813,0,2935.2736372337813
1680883200000,2935.2736372337813,2935.2736372337813,0,2935.2736372337813
1680897600000,2935.2736372337813,2935.2736372337813,0,2935.2736372337813
1680912000000,2935.2736372337813,2935.2736372337813,0,2935.2736372337813
1680926400000,2935.2736372337813,2935.2736372337813,0,2935.2736372337813
1680940800000,2935.2736372337813,2935.2736372337813,0,2935.2736372337813
1680955200000,2935.2736372337813,2935.2736372337813,0,2935.2736372337813
1680969600000,2935.2736372337813,2935.2736372337813,0,2935.2736372337813
1680984000000,2935.2736372337813,2935.2736372337813,0,2935.2736372337813
1680998400000,2935.2736372337813,2935.2736372337813,0,2935.2736372337813
1681012800000,2935.2736372337813,2935.2736372337813,0,2935.2736372337813
1681027200000,2935.2736372337813,2935.2736372337813,0,2935.2736372337813
1681041600000,2935.2736372337813,2935.2736372337813,0,2935.2736372337813
1681056000000,2935.2736372337813,2935.2736372337813,0,2935.2736372337813
1681070400000,2935.2736372337813,2935.2736372337813,0,2935.2736372337813
1681084800000,2935.2736372337813,2935.2736372337813,0,2935.2736372337813
1681099200000,2932.999777865754,2932.11234663514,1,2200.7214095160275
1681113600000,2933.1582569766774,2930.880508186343,1,2200.7214095160275
1681128000000,2933.702834705881,2932.910698104058,1,2200.7214095160275
1681142400000,2937.1671052057786,2930.1914347971797,1,2200.7214095160275
1681156800000,2958.3722904752954,2933.6426834907265,2,1524.8121594238098
1681171200000,2985.6594235744774,2947.430495283329,3,784.4612503655384
1681185600000,2998.2124332874755,2978.892973370262,2,1555.5812187818651
1681200000000,3012.9235096163,2991.497316030304,2,1555.5812187818651
1681214400000,2997.7104391061093,2991.931588076346,3,904.979221181766
1681228800000,2993.69186246988,2983.6013493951946,3,904.979221181766
1681243200000,2979.9454695306067,2969.7998238676105,3,904.979221181766
1681257600000,2975.7701469744397,2965.6621770437246,3,904.979221181766
1681272000000,2934.5018088474644,2918.811447844662,2,1535.495088144029
1681286400000,2941.095240513062,2929.0723347485737,2,1535.495088144029
1681300800000,2937.2753036220815,2931.5525540436365,2,1535.495088144029
1681315200000,2956.9093768025923,2931.8527360253893,2,1535.495088144029
1681329600000,2950.240658879918,2944.2680267061637,2,1535.495088144029
1681344000000,2959.4567427166926,2949.4051883720545,2,1535.495088144029
1681358400000,2960.441808803183,2949.5478913374545,2,1535.495088144029
1681372800000,2965.6545545933814,2956.761526760433,2,1535.495088144029
1681387200000,2997.342020908893,2964.4382264585884,2,1535.495088144029
1681401600000,3006.9157488163755,2997.3381069679754,2,1535.495088144029
1681416000000,3015.1449726366363,3000.8127651234076,1,2324.5191081424578
1681430400000,3013.462303687127,3011.4869966594424,1,2324.5191081424578
1681444800000,3038.9949760079394,3012.218591854881,1,2324.5191081424578
1681459200000,3031.5385900289943,3027.783960772765,3,980.8436899317503
1681473600000,3036.2153687142695,3022.3208342863404,3,980.8436899317503
1681488000000,2984.79058507162,2976.7970721477927,3,980.8436899317503
1681502400000,3001.3943768906574,2971.6718079165635,2,1721.9564811418245
1681516800000,3006.489471079227,2999.036617450869,2,1721.9564811418245
1681531200000,2998.0814604378866,2986.669656408668,2,1721.9564811418245
1681545600000,3005.3961794215775,2991.9745883332976,2,1721.9564811418245
1681560000000,3005.8130939884622,3001.203919121023,2,1721.9564811418245
1681574400000,3003.959222099569,3000.004381772516,2,1721.9564811418245
1681588800000,3005.9801153476537,2994.267399462857,2,1721.9564811418245
1681603200000,3006.4575642488207,2998.964780285003,2,1721.9564811418245
1681617600000,2999.3706780458483,2989.9618616030375,2,1721.9564811418245
1681632000000,3004.257381988212,2998.7232770525898,2,1721.9564811418245
1681646400000,3004.2820334927546,2998.3339625997432,2,1721.9564811418245
1681660800000,3027.9364266560815,3001.188452585844,1,2449.858088824484
1681675200000,3033.6956749735746,3026.4841905031567,1,2449.858088824484
1681689600000,3034.8027979722874,3028.8226772360986,1,2449.858088824484
1681704000000,3028.792307278528,3021.917653246621,1,2449.858088824484
1681718400000,3026.9093699091463,3026.564256754934,1,2449.858088824484
1681732800000,3023.160060601785,3020.244544675,1,2449.858088824484
1681747200000,3021.7658034587676,3017.5692275035476,1,2449.858088824484
1681761600000,3023.6128490601113,3021.4786693144633,1,2449.858088824484
1681776000000,3022.4698342933607,3020.537200629772,1,2449.858088824484
1681790400000,3024.0407893713345,3016.119752255856,1,2449.858088824484
1681804800000,3029.725493247518,3023.513456471698,1,2449.858088824484
1681819200000,3034.562599216956,3028.0413410549622,1,2449.858088824484
1681833600000,3018.540651303708,3014.390492937618,2,1954.2846452317592
1681848000000,3012.47826409223,3006.5780800159187,2,1954.2846452317592
1681862400000,3024.542471263076,3009.239894726882,2,1954.2846452317592
1681876800000,3015.6007185088943,3013.347862909329,2,1954.2846452317592
1681891200000,3006.674150828124,3002.9112094683733,2,1954.2846452317592
1681905600000,2992.523430959169,2945.640715092084,0,2992.523430959169
1681920000000,2992.523430959169,2992.523430959169,0,2992.523430959169
1681934400000,2992.523430959169,2992.523430959169,0,2992.523430959169
1681948800000,2992.523430959169,2992.523430959169,0,2992.523430959169
1681963200000,2992.523430959169,2992.523430959169,0,2992.523430959169
1681977600000,2992.523430959169,2992.523430959169,0,2992.523430959169
1681992000000,2992.523430959169,2992.523430959169,0,2992.523430959169
1682006400000,2992.523430959169,2992.523430959169,0,2992.523430959169
1682020800000,2992.523430959169,2992.523430959169,0,2992.523430959169
1682035200000,2992.523430959169,2992.523430959169,0,2992.523430959169
1682049600000,2992.523430959169,2992.523430959169,0,2992.523430959169
1682064000000,2992.523430959169,2992.523430959169,0,2992.523430959169
1682078400000,2992.523430959169,2992.523430959169,0,2992.523430959169
1682092800000,2992.523430959169,2992.523430959169,0,2992.523430959169
1682107200000,2992.523430959169,2992.523430959169,0,2992.523430959169
1682121600000,2992.523430959169,2992.523430959169,0,2992.523430959169
1682136000000,2992.523430959169,2992.523430959169,0,2992.523430959169
1682150400000,2992.523430959169,2992.523430959169,0,2992.523430959169
1682164800000,2992.523430959169,2992.523430959169,0,2992.523430959169
1682179200000,2992.523430959169,2992.523430959169,0,2992.523430959169
1682193600000,2992.523430959169,2992.523430959169,0,2992.523430959169
1682208000000,2992.523430959169,2992.523430959169,0,2992.523430959169
1682222400000,2992.523430959169,2992.523430959169,0,2992.523430959169
1682236800000,2992.523430959169,2992.523430959169,0,2992.523430959169
1682251200000,2992.523430959169,2992.523430959169,0,2992.523430959169
1682265600000,2992.523430959169,2992.523430959169,0,2992.523430959169
1682280000000,2992.523430959169,2992.523430959169,0,2992.523430959169
1682294400000,2992.523430959169,2992.523430959169,0,2992.523430959169
1682308800000,2992.523430959169,2992.523430959169,0,2992.523430959169
1682323200000,2992.523430959169,2992.523430959169,0,2992.523430959169
1682337600000,2992.523430959169,2992.523430959169,0,2992.523430959169
1682352000000,2992.523430959169,2992.523430959169,0,2992.523430959169
1682366400000,2992.523430959169,2992.523430959169,0,2992.523430959169
1682380800000,2992.523430959169,2992.523430959169,0,2992.523430959169
1682395200000,2992.523430959169,2992.523430959169,0,2992.523430959169
1682409600000,2992.523430959169,2992.523430959169,0,2992.523430959169
1682424000000,2992.523430959169,2992.523430959169,0,2992.523430959169
1682438400000,2992.523430959169,2992.523430959169,0,2992.523430959169
1682452800000,2992.523430959169,2992.523430959169,0,2992.523430959169
1682467200000,2992.523430959169,2992.523430959169,0,2992.523430959169
1682481600000,2990.391331875826,2986.6922389739366,2,1588.876727090466
1682496000000,2987.7445294394684,2985.1246903291444,2,1588.876727090466
1682510400000,3004.814364289463,2987.6476984741134,2,1588.876727090466
1682524800000,3033.923888218061,3004.8141331893066,2,1588.876727090466
1682539200000,2962.306086628923,2953.4254691922856,1,2317.9008652940593
1682553600000,2952.9640134300917,2947.302140102159,0,2952.9640134300917
1682568000000,2952.9640134300917,2952.9640134300917,0,2952.9640134300917
1682582400000,2952.9640134300917,2952.9640134300917,0,2952.9640134300917
1682596800000,2952.9640134300917,2952.9640134300917,0,2952.9640134300917
1682611200000,2952.9640134300917,2952.9640134300917,0,2952.9640134300917
1682625600000,2952.9640134300917,2952.9640134300917,0,2952.9640134300917
1682640000000,2952.9640134300917,2952.9640134300917,0,2952.9640134300917
1682654400000,2952.9640134300917,2952.9640134300917,0,2952.9640134300917
1682668800000,2952.9640134300917,2952.9640134300917,0,2952.9640134300917
1682683200000,2952.9640134300917,2952.9640134300917,0,2952.9640134300917
1682697600000,2952.9640134300917,2952.9640134300917,0,2952.9640134300917
1682712000000,2952.9640134300917,2952.9640134300917,0,2952.9640134300917
1682726400000,2952.9640134300917,2952.9640134300917,0,2952.9640134300917
1682740800000,2952.9640134300917,2952.9640134300917,0,2952.9640134300917
1682755200000,2952.9640134300917,2952.9640134300917,0,2952.9640134300917
1682769600000,2952.9640134300917,2952.9640134300917,0,2952.9640134300917
1682784000000,2952.9640134300917,2952.9640134300917,0,2952.9640134300917
1682798400000,2952.9640134300917,2952.9640134300917,0,2952.9640134300917
1682812800000,2952.9640134300917,2952.9640134300917,0,2952.9640134300917
1682827200000,2952.9640134300917,2952.9640134300917,0,2952.9640134300917
1682841600000,2952.9640134300917,2952.9640134300917,0,2952.9640134300917
1682856000000,2952.9640134300917,2952.9640134300917,0,2952.9640134300917
1682870400000,2952.9640134300917,2952.9640134300917,0,2952.9640134300917
1682884800000,2952.9640134300917,2952.9640134300917,0,2952.9640134300917
1682899200000,2952.9640134300917,2952.9640134300917,0,2952.9640134300917
1682913600000,2952.9640134300917,2952.9640134300917,0,2952.9640134300917
1682928000000,2952.9640134300917,2952.9640134300917,0,2952.9640134300917
1682942400000,2952.9640134300917,2952.9640134300917,0,2952.9640134300917
1682956800000,2952.9640134300917,2952.9640134300917,0,2952.9640134300917
1682971200000,2952.9640134300917,2952.9640134300917,0,2952.9640134300917
1682985600000,2952.9640134300917,2952.9640134300917,0,2952.9640134300917
1683000000000,2952.9640134300917,2952.9640134300917,0,2952.9640134300917
1683014400000,2952.9640134300917,2952.9640134300917,0,2952.9640134300917
1683028800000,2952.9640134300917,2952.9640134300917,0,2952.9640134300917
1683043200000,2952.9640134300917,2952.9640134300917,0,2952.9640134300917
1683057600000,2952.9640134300917,2952.9640134300917,0,2952.9640134300917
1683072000000,2952.9640134300917,2952.9640134300917,0,2952.9640134300917
1683086400000,2952.9640134300917,2952.9640134300917,0,2952.9640134300917
1683100800000,2952.9640134300917,2952.9640134300917,0,2952.9640134300917
1683115200000,2952.9640134300917,2952.9640134300917,0,2952.9640134300917
1683129600000,2952.9640134300917,2952.9640134300917,0,2952.9640134300917
1683144000000,2952.9640134300917,2952.9640134300917,0,2952.9640134300917
1683158400000,2952.9640134300917,2952.9640134300917,0,2952.9640134300917
1683172800000,2952.9640134300917,2952.9640134300917,0,2952.9640134300917
1683187200000,2952.9640134300917,2952.9640134300917,0,2952.9640134300917
1683201600000,2952.9640134300917,2952.9640134300917,0,2952.9640134300917
1683216000000,2952.9640134300917,2952.9640134300917,0,2952.9640134300917
1683230400000,2952.9640134300917,2952.9640134300917,0,2952.9640134300917
1683244800000,2952.9640134300917,2952.9640134300917,0,2952.9640134300917
1683259200000,2952.9640134300917,2952.9640134300917,0,2952.9640134300917
1683273600000,2952.9640134300917,2952.9640134300917,0,2952.9640134300917
1683288000000,2952.9640134300917,2952.9640134300917,0,2952.9640134300917
1683302400000,2952.9640134300917,2952.9640134300917,0,2952.9640134300917
1683316800000,2952.9640134300917,2952.9640134300917,0,2952.9640134300917
1683331200000,2946.492390995525,2940.1066400042196,2,1560.9859991338617
1683345600000,2941.113982951827,2939.4160741045303,2,1560.9859991338617
1683360000000,2940.204116652991,2936.817620849497,2,1560.9859991338617
1683374400000,2938.059441581599,2931.2783347871477,2,1560.9859991338617
1683388800000,2918.0268124524646,2904.1442874460267,0,2918.0268124524646
1683403200000,2918.0268124524646,2918.0268124524646,0,2918.0268124524646
1683417600000,2918.0268124524646,2918.0268124524646,0,2918.0268124524646
1683432000000,2918.0268124524646,2918.0268124524646,0,2918.0268124524646
1683446400000,2918.0268124524646,2918.0268124524646,0,2918.0268124524646
1683460800000,2918.0268124524646,2918.0268124524646,0,2918.0268124524646
1683475200000,2918.0268124524646,2918.0268124524646,0,2918.0268124524646
1683489600000,2918.0268124524646,2918.0268124524646,0,2918.0268124524646
1683504000000,2918.0268124524646,2918.0268124524646,0,2918.0268124524646
1683518400000,2918.0268124524646,2918.0268124524646,0,2918.0268124524646
1683532800000,2918.0268124524646,2918.0268124524646,0,2918.0268124524646
1683547200000,2918.0268124524646,2918.0268124524646,0,2918.0268124524646
1683561600000,2918.0268124524646,2918.0268124524646,0,2918.0268124524646
1683576000000,2918.0268124524646,2918.0268124524646,0,2918.0268124524646
1683590400000,2918.0268124524646,2918.0268124524646,0,2918.0268124524646
1683604800000,2918.0268124524646,2918.0268124524646,0,2918.0268124524646
1683619200000,2918.0268124524646,2918.0268124524646,0,2918.0268124524646
1683633600000,2918.0268124524646,2918.0268124524646,0,2918.0268124524646
1683648000000,2918.0268124524646,2918.0268124524646,0,2918.0268124524646
1683662400000,2918.0268124524646,2918.0268124524646,0,2918.0268124524646
1683676800000,2918.0268124524646,2918.0268124524646,0,2918.0268124524646
1683691200000,2918.0268124524646,2918.0268124524646,0,2918.0268124524646
1683705600000,2918.0268124524646,2918.0268124524646,0,2918.0268124524646
1683720000000,2918.0268124524646,2918.0268124524646,0,2918.0268124524646
1683734400000,2918.0268124524646,2918.0268124524646,0,2918.0268124524646
1683748800000,2918.0268124524646,2918.0268124524646,0,2918.0268124524646
1683763200000,2918.0268124524646,2918.0268124524646,0,2918.0268124524646
1683777600000,2918.0268124524646,2918.0268124524646,0,2918.0268124524646
1683792000000,2918.0268124524646,2918.0268124524646,0,2918.0268124524646
1683806400000,2918.0268124524646,2918.0268124524646,0,2918.0268124524646
1683820800000,2918.0268124524646,2918.0268124524646,0,2918.0268124524646
1683835200000,2918.0268124524646,2918.0268124524646,0,2918.0268124524646
1683849600000,2918.0268124524646,2918.0268124524646,0,2918.0268124524646
1683864000000,2918.0268124524646,2918.0268124524646,0,2918.0268124524646
1683878400000,2918.0268124524646,2918.0268124524646,0,2918.0268124524646
1683892800000,2918.0268124524646,2918.0268124524646,0,2918.0268124524646
1683907200000,2918.0268124524646,2918.0268124524646,0,2918.0268124524646
1683921600000,2918.0268124524646,2918.0268124524646,0,2918.0268124524646
1683936000000,2918.0268124524646,2918.0268124524646,0,2918.0268124524646
1683950400000,2918.0268124524646,2918.0268124524646,0,2918.0268124524646
1683964800000,2918.0268124524646,2918.0268124524646,0,2918.0268124524646
1683979200000,2918.0268124524646,2918.0268124524646,0,2918.0268124524646
1683993600000,2918.0268124524646,2918.0268124524646,0,2918.0268124524646
1684008000000,2918.0268124524646,2918.0268124524646,0,2918.0268124524646
1684022400000,2918.0268124524646,2918.0268124524646,0,2918.0268124524646
1684036800000,2918.0268124524646,2918.0268124524646,0,2918.0268124524646
1684051200000,2918.0268124524646,2918.0268124524646,0,2918.0268124524646
1684065600000,2918.0268124524646,2918.0268124524646,0,2918.0268124524646
1684080000000,2918.0268124524646,2918.0268124524646,0,2918.0268124524646
1684094400000,2918.0268124524646,2918.0268124524646,0,2918.0268124524646
1684108800000,2918.0268124524646,2918.0268124524646,0,2918.0268124524646
1684123200000,2918.0268124524646,2918.0268124524646,0,2918.0268124524646
1684137600000,2918.0268124524646,2918.0268124524646,0,2918.0268124524646
1684152000000,2918.0268124524646,2918.0268124524646,0,2918.0268124524646
1684166400000,2918.0268124524646,2918.0268124524646,0,2918.0268124524646
1684180800000,2918.0268124524646,2918.0268124524646,0,2918.0268124524646
1684195200000,2918.0268124524646,2918.0268124524646,0,2918.0268124524646
1684209600000,2918.0268124524646,2918.0268124524646,0,2918.0268124524646
1684224000000,2918.0268124524646,2918.0268124524646,0,2918.0268124524646
1684238400000,2918.0268124524646,2918.0268124524646,0,2918.0268124524646
1684252800000,2918.0268124524646,2918.0268124524646,0,2918.0268124524646
1684267200000,2918.0268124524646,2918.0268124524646,0,2918.0268124524646
1684281600000,2918.0268124524646,2918.0268124524646,0,2918.0268124524646
1684296000000,2918.0268124524646,2918.0268124524646,0,2918.0268124524646
1684310400000,2910.558411453849,2908.2782672917265,1,2466.5124643068657
1684324800000,2911.965308915584,2906.6773150076833,1,2466.5124643068657
1684339200000,2913.226665260588,2904.6397393734455,1,2466.5124643068657
1684353600000,2926.179824649668,2910.9465210984654,1,2466.5124643068657
1684368000000,2921.959132264462,2920.988858152921,1,2466.5124643068657
1684382400000,2922.9779200815806,2918.223576935027,1,2466.5124643068657
1684396800000,2917.495871351371,2915.603836833865,1,2466.5124643068657
1684411200000,2917.2047891179086,2914.6335627223234,1,2466.5124643068657
1684425600000,2910.6069251594263,2908.9089454642285,1,2466.5124643068657
1684440000000,2898.573300369448,2899.012149526505,0,2898.573300369448
1684454400000,2898.573300369448,2898.573300369448,0,2898.573300369448
1684468800000,2898.573300369448,2898.573300369448,0,2898.573300369448
1684483200000,2898.573300369448,2898.573300369448,0,2898.573300369448
1684497600000,2898.573300369448,2898.573300369448,0,2898.573300369448
1684512000000,2898.573300369448,2898.573300369448,0,2898.573300369448
1684526400000,2898.573300369448,2898.573300369448,0,2898.573300369448
1684540800000,2898.573300369448,2898.573300369448,0,2898.573300369448
1684555200000,2898.573300369448,2898.573300369448,0,2898.573300369448
1684569600000,2898.573300369448,2898.573300369448,0,2898.573300369448
1684584000000,2898.573300369448,2898.573300369448,0,2898.573300369448
1684598400000,2898.573300369448,2898.573300369448,0,2898.573300369448
1684612800000,2898.573300369448,2898.573300369448,0,2898.573300369448
1684627200000,2898.573300369448,2898.573300369448,0,2898.573300369448
1684641600000,2898.573300369448,2898.573300369448,0,2898.573300369448
1684656000000,2898.573300369448,2898.573300369448,0,2898.573300369448
1684670400000,2898.573300369448,2898.573300369448,0,2898.573300369448
1684684800000,2898.573300369448,2898.573300369448,0,2898.573300369448
1684699200000,2898.573300369448,2898.573300369448,0,2898.573300369448
1684713600000,2898.573300369448,2898.573300369448,0,2898.573300369448
1684728000000,2898.573300369448,2898.573300369448,0,2898.573300369448
1684742400000,2898.573300369448,2898.573300369448,0,2898.573300369448
1684756800000,2898.573300369448,2898.573300369448,0,2898.573300369448
1684771200000,2898.573300369448,2898.573300369448,0,2898.573300369448
1684785600000,2898.573300369448,2898.573300369448,0,2898.573300369448
1684800000000,2898.573300369448,2898.573300369448,0,2898.573300369448
1684814400000,2898.573300369448,2898.573300369448,0,2898.573300369448
1684828800000,2898.573300369448,2898.573300369448,0,2898.573300369448
1684843200000,2898.573300369448,2898.573300369448,0,2898.573300369448
1684857600000,2898.573300369448,2898.573300369448,0,2898.573300369448
1684872000000,2898.573300369448,2898.573300369448,0,2898.573300369448
1684886400000,2898.573300369448,2898.573300369448,0,2898.573300369448
1684900800000,2898.573300369448,2898.573300369448,0,2898.573300369448
1684915200000,2898.573300369448,2898.573300369448,0,2898.573300369448
1684929600000,2898.573300369448,2898.573300369448,0,2898.573300369448
1684944000000,2898.573300369448,2898.573300369448,0,2898.573300369448
1684958400000,2898.573300369448,2898.573300369448,0,2898.573300369448
1684972800000,2898.573300369448,2898.573300369448,0,2898.573300369448
1684987200000,2898.573300369448,2898.573300369448,0,2898.573300369448
1685001600000,2898.573300369448,2898.573300369448,0,2898.573300369448
1685016000000,2898.573300369448,2898.573300369448,0,2898.573300369448
1685030400000,2898.573300369448,2898.573300369448,0,2898.573300369448
1685044800000,2898.573300369448,2898.573300369448,0,2898.573300369448
1685059200000,2898.573300369448,2898.573300369448,0,2898.573300369448
1685073600000,2898.573300369448,2898.573300369448,0,2898.573300369448
1685088000000,2898.573300369448,2898.573300369448,0,2898.573300369448
1685102400000,2898.573300369448,2898.573300369448,0,2898.573300369448
1685116800000,2898.573300369448,2898.573300369448,0,2898.573300369448
1685131200000,2898.573300369448,2898.573300369448,0,2898.573300369448
1685145600000,2898.573300369448,2898.573300369448,0,2898.573300369448
1685160000000,2898.573300369448,2898.573300369448,0,2898.573300369448
1685174400000,2897.7793500036205,2886.473160800279,1,2281.9169289158795
1685188800000,2895.3101822465687,2892.8410144895174,1,2281.9169289158795
1685203200000,2893.880664071434,2887.5128103821958,1,2281.9169289158795
1685217600000,2893.6207516759546,2890.631759127945,1,2281.9169289158795
1685232000000,2894.5304450601316,2891.9313211053404,1,2281.9169289158795
1685246400000,2896.999612817183,2892.581102094038,1,2281.9169289158795
1685260800000,2896.7397004217037,2893.750707873694,1,2281.9169289158795
1685275200000,2896.089919433006,2894.4004888623917,1,2281.9169289158795
1685289600000,2895.830007037527,2894.530445060131,1,2281.9169289158795
1685304000000,2901.6780359358067,2894.92031365335,1,2281.9169289158795
1685318400000,2908.305802020524,2901.4181235403275,1,2281.9169289158795
1685332800000,2900.3629232132716,2898.927538057329,2,1677.7788512352097
1685347200000,2905.0555724739297,2894.037557529807,2,1677.7788512352097
1685361600000,2906.70447069904,2898.5865609708408,2,1677.7788512352097
1685376000000,2899.1488737675727,2896.7881499452988,2,1677.7788512352097
1685390400000,2906.88420102348,2890.895140860827,2,1677.7788512352097
1685404800000,2919.817776188969,2903.5360939264096,2,1677.7788512352097
1685419200000,2926.0327422773867,2910.621640193619,2,1677.7788512352097
1685433600000,2931.029211079417,2920.649779682526,2,1677.7788512352097
1685448000000,2944.396752404348,2926.998613289222,2,1677.7788512352097
1685462400000,2940.0006365641343,2919.9672889894014,2,1677.7788512352097
1685476800000,2954.5590506731387,2934.173583408666,1,2346.247517465605
1685491200000,2954.2040057460795,2938.715897786473,2,1818.3322397946054
1685505600000,2957.832098542865,2942.9873522808048,2,1818.3322397946054
1685520000000,2918.8568577210544,2915.612145066928,1,2403.0816121284715
1685534400000,2911.2989500492636,2910.7503705604636,0,2911.2989500492636
1685548800000,2911.2989500492636,2911.2989500492636,0,2911.2989500492636
1685563200000,2911.2989500492636,2911.2989500492636,0,2911.2989500492636
1685577600000,2911.2989500492636,2911.2989500492636,0,2911.2989500492636
1685592000000,2911.2989500492636,2911.2989500492636,0,2911.2989500492636
1685606400000,2911.2989500492636,2911.2989500492636,0,2911.2989500492636
1685620800000,2911.2989500492636,2911.2989500492636,0,2911.2989500492636
1685635200000,2911.2989500492636,2911.2989500492636,0,2911.2989500492636
1685649600000,2911.931954416077,2905.4687430094186,1,2399.129989392732
1685664000000,2906.438224720417,2901.590816165423,1,2399.129989392732
1685678400000,2911.447213560578,2897.766749416483,1,2399.129989392732
1685692800000,2907.1384059561387,2907.1384059561383,1,2399.129989392732
1685707200000,2911.3933534655225,2907.1384059561387,1,2399.129989392732
1685721600000,2909.023509283081,2900.567474359368,1,2399.129989392732
1685736000000,2911.016332800134,2905.0378622489743,1,2399.129989392732
1685750400000,2913.224596697409,2909.562110233636,1,2399.129989392732
1685764800000,2908.4310482374703,2906.222784340195,1,2399.129989392732
1685779200000,2909.9391308990243,2907.623146811638,1,2399.129989392732
1685793600000,2920.0109686744013,2909.562110233636,1,2399.129989392732
1685808000000,2920.226409054623,2917.264103826571,1,2399.129989392732
1685822400000,2917.9104249672373,2915.432860594685,1,2399.129989392732
1685836800000,2916.348482210628,2914.1402183133528,1,2399.129989392732
1685851200000,2912.416695271577,2908.91578909297,1,2399.129989392732
1685865600000,2915.271280309518,2909.831410708913,1,2399.129989392732
1685880000000,2918.018145157348,2913.2784567924646,1,2399.129989392732
1685894400000,2913.6016173627977,2911.878094321022,1,2399.129989392732
1685908800000,2916.815145184047,2906.5231196672867,2,1807.465727640897
1685923200000,2905.551762632022,2900.9156918876756,2,1807.465727640897
1685937600000,2892.7072140586924,2885.416877961506,2,1807.465727640897
1685952000000,2899.4277701529495,2889.5093075235905,2,1807.465727640897
1685966400000,2897.9247277231025,2889.521908102858,2,1807.465727640897
1685980800000,2872.46627959985,2825.2790043093833,0,2872.46627959985
1685995200000,2872.46627959985,2872.46627959985,0,2872.46627959985
1686009600000,2872.46627959985,2872.46627959985,0,2872.46627959985
1686024000000,2872.46627959985,2872.46627959985,0,2872.46627959985
1686038400000,2872.46627959985,2872.46627959985,0,2872.46627959985
1686052800000,2872.46627959985,2872.46627959985,0,2872.46627959985
1686067200000,2872.46627959985,2872.46627959985,0,2872.46627959985
1686081600000,2872.46627959985,2872.46627959985,0,2872.46627959985
1686096000000,2872.46627959985,2872.46627959985,0,2872.46627959985
1686110400000,2872.46627959985,2872.46627959985,0,2872.46627959985
1686124800000,2872.46627959985,2872.46627959985,0,2872.46627959985
1686139200000,2872.46627959985,2872.46627959985,0,2872.46627959985
1686153600000,2872.46627959985,2872.46627959985,0,2872.46627959985
1686168000000,2872.46627959985,2872.46627959985,0,2872.46627959985
1686182400000,2872.46627959985,2872.46627959985,0,2872.46627959985
1686196800000,2872.46627959985,2872.46627959985,0,2872.46627959985
1686211200000,2872.46627959985,2872.46627959985,0,2872.46627959985
1686225600000,2872.46627959985,2872.46627959985,0,2872.46627959985
1686240000000,2872.46627959985,2872.46627959985,0,2872.46627959985
1686254400000,2872.46627959985,2872.46627959985,0,2872.46627959985
1686268800000,2872.46627959985,2872.46627959985,0,2872.46627959985
1686283200000,2872.46627959985,2872.46627959985,0,2872.46627959985
1686297600000,2872.46627959985,2872.46627959985,0,2872.46627959985
1686312000000,2872.46627959985,2872.46627959985,0,2872.46627959985
1686326400000,2872.46627959985,2872.46627959985,0,2872.46627959985
1686340800000,2872.46627959985,2872.46627959985,0,2872.46627959985
1686355200000,2872.46627959985,2872.46627959985,0,2872.46627959985
1686369600000,2872.46627959985,2872.46627959985,0,2872.46627959985
1686384000000,2872.46627959985,2872.46627959985,0,2872.46627959985
1686398400000,2872.46627959985,2872.46627959985,0,2872.46627959985
1686412800000,2872.46627959985,2872.46627959985,0,2872.46627959985
1686427200000,2872.46627959985,2872.46627959985,0,2872.46627959985
1686441600000,2872.46627959985,2872.46627959985,0,2872.46627959985
1686456000000,2872.46627959985,2872.46627959985,0,2872.46627959985
1686470400000,2872.46627959985,2872.46627959985,0,2872.46627959985
1686484800000,2872.46627959985,2872.46627959985,0,2872.46627959985
1686499200000,2872.46627959985,2872.46627959985,0,2872.46627959985
1686513600000,2872.46627959985,2872.46627959985,0,2872.46627959985
1686528000000,2872.46627959985,2872.46627959985,0,2872.46627959985
1686542400000,2872.46627959985,2872.46627959985,0,2872.46627959985
1686556800000,2872.46627959985,2872.46627959985,0,2872.46627959985
1686571200000,2872.46627959985,2872.46627959985,0,2872.46627959985
1686585600000,2872.46627959985,2872.46627959985,0,2872.46627959985
1686600000000,2872.46627959985,2872.46627959985,0,2872.46627959985
1686614400000,2872.46627959985,2872.46627959985,0,2872.46627959985
1686628800000,2872.46627959985,2872.46627959985,0,2872.46627959985
1686643200000,2872.46627959985,2872.46627959985,0,2872.46627959985
1686657600000,2872.46627959985,2872.46627959985,0,2872.46627959985
1686672000000,2853.3165044025177,2832.2418264687485,0,2853.3165044025177
1686686400000,2853.3165044025177,2853.3165044025177,0,2853.3165044025177
1686700800000,2853.3165044025177,2853.3165044025177,0,2853.3165044025177
1686715200000,2853.3165044025177,2853.3165044025177,0,2853.3165044025177
1686729600000,2853.3165044025177,2853.3165044025177,0,2853.3165044025177
1686744000000,2853.3165044025177,2853.3165044025177,0,2853.3165044025177
1686758400000,2853.3165044025177,2853.3165044025177,0,2853.3165044025177
1686772800000,2853.3165044025177,2853.3165044025177,0,2853.3165044025177
1686787200000,2853.3165044025177,2853.3165044025177,0,2853.3165044025177
1686801600000,2853.3165044025177,2853.3165044025177,0,2853.3165044025177
1686816000000,2853.3165044025177,2853.3165044025177,0,2853.3165044025177
1686830400000,2853.3165044025177,2853.3165044025177,0,2853.3165044025177
1686844800000,2853.3165044025177,2853.3165044025177,0,2853.3165044025177
1686859200000,2853.3165044025177,2853.3165044025177,0,2853.3165044025177
1686873600000,2853.3165044025177,2853.3165044025177,0,2853.3165044025177
1686888000000,2853.3165044025177,2853.3165044025177,0,2853.3165044025177
1686902400000,2853.3165044025177,2853.3165044025177,0,2853.3165044025177
1686916800000,2853.3165044025177,2853.3165044025177,0,2853.3165044025177
1686931200000,2853.3165044025177,2853.3165044025177,0,2853.3165044025177
1686945600000,2853.3165044025177,2853.3165044025177,0,2853.3165044025177
1686960000000,2853.3165044025177,2853.3165044025177,0,2853.3165044025177
1686974400000,2853.3165044025177,2853.3165044025177,0,2853.3165044025177
1686988800000,2853.3165044025177,2853.3165044025177,0,2853.3165044025177
1687003200000,2853.3165044025177,2853.3165044025177,0,2853.3165044025177
1687017600000,2853.3165044025177,2853.3165044025177,0,2853.3165044025177
1687032000000,2853.3165044025177,2853.3165044025177,0,2853.3165044025177
1687046400000,2853.3165044025177,2853.3165044025177,0,2853.3165044025177
1687060800000,2853.3165044025177,2853.3165044025177,0,2853.3165044025177
1687075200000,2853.3165044025177,2853.3165044025177,0,2853.3165044025177
1687089600000,2853.3165044025177,2853.3165044025177,0,2853.3165044025177
1687104000000,2853.3165044025177,2853.3165044025177,0,2853.3165044025177
1687118400000,2853.3165044025177,2853.3165044025177,0,2853.3165044025177
1687132800000,2853.3165044025177,2853.3165044025177,0,2853.3165044025177
1687147200000,2853.3165044025177,2853.3165044025177,0,2853.3165044025177
1687161600000,2853.3165044025177,2853.3165044025177,0,2853.3165044025177
1687176000000,2853.3165044025177,2853.3165044025177,0,2853.3165044025177
1687190400000,2853.3165044025177,2853.3165044025177,0,2853.3165044025177
1687204800000,2853.3165044025177,2853.3165044025177,0,2853.3165044025177
1687219200000,2853.3165044025177,2853.3165044025177,0,2853.3165044025177
1687233600000,2853.3165044025177,2853.3165044025177,0,2853.3165044025177
1687248000000,2853.3165044025177,2853.3165044025177,0,2853.3165044025177
1687262400000,2853.3165044025177,2853.3165044025177,0,2853.3165044025177
1687276800000,2853.3165044025177,2853.3165044025177,0,2853.3165044025177
1687291200000,2853.3165044025177,2853.3165044025177,0,2853.3165044025177
1687305600000,2860.264043570923,2849.5694216088377,1,2165.88286153354
1687320000000,2870.15336165215,2859.0375679680324,1,2165.88286153354
1687334400000,2874.105801930025,2869.3892673515493,1,2165.88286153354
1687348800000,2875.521645366002,2872.031095800175,1,2165.88286153354
1687363200000,2898.127553088239,2874.192391107589,1,2165.88286153354
1687377600000,2903.51673902463,2895.963804829619,0,2903.51673902463
1687392000000,2903.51673902463,2903.51673902463,0,2903.51673902463
1687406400000,2903.51673902463,2903.51673902463,0,2903.51673902463
1687420800000,2903.51673902463,2903.51673902463,0,2903.51673902463
1687435200000,2903.51673902463,2903.51673902463,0,2903.51673902463
1687449600000,2903.51673902463,2903.51673902463,0,2903.51673902463
1687464000000,2903.51673902463,2903.51673902463,0,2903.51673902463
1687478400000,2903.51673902463,2903.51673902463,0,2903.51673902463
1687492800000,2903.51673902463,2903.51673902463,0,2903.51673902463
1687507200000,2903.51673902463,2903.51673902463,0,2903.51673902463
1687521600000,2903.51673902463,2903.51673902463,0,2903.51673902463
1687536000000,2903.51673902463,2903.51673902463,0,2903.51673902463
1687550400000,2896.4199456979163,2891.7555309213417,1,2353.973661366087
1687564800000,2893.040818370321,2888.9058359254705,1,2353.973661366087
1687579200000,2893.76997351597,2888.14875120426,1,2353.973661366087
1687593600000,2890.91676536594,2890.643266314681,1,2353.973661366087
1687608000000,2892.968447394651,2890.6567919581926,1,2353.973661366087
1687622400000,2887.950433651998,2885.901562146614,1,2353.973661366087
1687636800000,2891.975278713972,2885.3382278772583,1,2353.973661366087
1687651200000,2890.2114996685705,2888.130307144926,1,2353.973661366087
1687665600000,2894.094061987115,2889.1220705639416,1,2353.973661366087
1687680000000,2893.6605387639247,2892.6608707480523,1,2353.973661366087
1687694400000,2893.524404040273,2891.2141538654782,1,2353.973661366087
1687708800000,2891.225571616494,2889.062171285535,1,2353.973661366087
1687723200000,2888.4962021505603,2886.7083579991713,1,2353.973661366087
1687737600000,2889.073764694259,2885.821110916379,1,2353.973661366087
1687752000000,2884.159960764466,2880.3073911219262,0,2884.159960764466
1687766400000,2884.159960764466,2884.159960764466,0,2884.159960764466
1687780800000,2884.159960764466,2884.159960764466,0,2884.159960764466
1687795200000,2884.159960764466,2884.159960764466,0,2884.159960764466
1687809600000,2884.159960764466,2884.159960764466,0,2884.159960764466
1687824000000,2884.159960764466,2884.159960764466,0,2884.159960764466
1687838400000,2884.159960764466,2884.159960764466,0,2884.159960764466
1687852800000,2884.159960764466,2884.159960764466,0,2884.159960764466
1687867200000,2884.159960764466,2884.159960764466,0,2884.159960764466
1687881600000,2884.159960764466,2884.159960764466,0,2884.159960764466
1687896000000,2884.159960764466,2884.159960764466,0,2884.159960764466
1687910400000,2884.159960764466,2884.159960764466,0,2884.159960764466
1687924800000,2884.159960764466,2884.159960764466,0,2884.159960764466
1687939200000,2884.159960764466,2884.159960764466,0,2884.159960764466
1687953600000,2884.159960764466,2884.159960764466,0,2884.159960764466
1687968000000,2884.159960764466,2884.159960764466,0,2884.159960764466
1687982400000,2884.159960764466,2884.159960764466,0,2884.159960764466
1687996800000,2884.159960764466,2884.159960764466,0,2884.159960764466
1688011200000,2884.159960764466,2884.159960764466,0,2884.159960764466
1688025600000,2884.159960764466,2884.159960764466,0,2884.159960764466
1688040000000,2884.159960764466,2884.159960764466,0,2884.159960764466
1688054400000,2884.159960764466,2884.159960764466,0,2884.159960764466
1688068800000,2884.159960764466,2884.159960764466,0,2884.159960764466
1688083200000,2884.159960764466,2884.159960764466,0,2884.159960764466
1688097600000,2884.159960764466,2884.159960764466,0,2884.159960764466
1688112000000,2884.159960764466,2884.159960764466,0,2884.159960764466
1688126400000,2884.159960764466,2884.159960764466,0,2884.159960764466
1688140800000,2884.159960764466,2884.159960764466,0,2884.159960764466
1688155200000,2884.159960764466,2884.159960764466,0,2884.159960764466
1688169600000,2884.159960764466,2884.159960764466,0,2884.159960764466
1688184000000,2884.159960764466,2884.159960764466,0,2884.159960764466
1688198400000,2884.159960764466,2884.159960764466,0,2884.159960764466
1688212800000,2884.159960764466,2884.159960764466,0,2884.159960764466
1688227200000,2884.159960764466,2884.159960764466,0,2884.159960764466
1688241600000,2884.159960764466,2884.159960764466,0,2884.159960764466
1688256000000,2884.159960764466,2884.159960764466,0,2884.159960764466
1688270400000,2884.159960764466,2884.159960764466,0,2884.159960764466
1688284800000,2884.159960764466,2884.159960764466,0,2884.159960764466
1688299200000,2884.159960764466,2884.159960764466,0,2884.159960764466
1688313600000,2884.159960764466,2884.159960764466,0,2884.159960764466
1688328000000,2884.159960764466,2884.159960764466,0,2884.159960764466
1688342400000,2884.159960764466,2884.159960764466,0,2884.159960764466
1688356800000,2884.159960764466,2884.159960764466,0,2884.159960764466
1688371200000,2884.159960764466,2884.159960764466,0,2884.159960764466
1688385600000,2884.159960764466,2884.159960764466,0,2884.159960764466
1688400000000,2884.159960764466,2884.159960764466,0,2884.159960764466
1688414400000,2884.159960764466,2884.159960764466,0,2884.159960764466
1688428800000,2880.7813674831255,2874.874049506807,1,2162.3989305831583
1688443200000,2881.6919060736204,2879.4043767354838,1,2162.3989305831583
1688457600000,2875.1371349795227,2874.396529774998,1,2162.3989305831583
1688472000000,2878.747470064347,2874.128832812839,1,2162.3989305831583
1688486400000,2876.3582573839954,2874.551245245806,1,2162.3989305831583
1688500800000,2870.189698530738,2868.4179642867866,1,2162.3989305831583
1688515200000,2871.7961108781624,2869.536250476683,1,2162.3989305831583
1688529600000,2874.1525819834696,2871.4615473190825,1,2162.3989305831583
1688544000000,2871.974575519602,2871.6921217912254,1,2162.3989305831583
1688558400000,2867.0561660360927,2862.1924535389103,0,2867.0561660360927
1688572800000,2867.0561660360927,2867.0561660360927,0,2867.0561660360927
1688587200000,2867.0561660360927,2867.0561660360927,0,2867.0561660360927
1688601600000,2867.0561660360927,2867.0561660360927,0,2867.0561660360927
1688616000000,2867.0561660360927,2867.0561660360927,0,2867.0561660360927
1688630400000,2867.0561660360927,2867.0561660360927,0,2867.0561660360927
1688644800000,2867.0561660360927,2867.0561660360927,0,2867.0561660360927
1688659200000,2867.0561660360927,2867.0561660360927,0,2867.0561660360927
1688673600000,2867.0561660360927,2867.0561660360927,0,2867.0561660360927
1688688000000,2867.0561660360927,2867.0561660360927,0,2867.0561660360927
1688702400000,2867.0561660360927,2867.0561660360927,0,2867.0561660360927
1688716800000,2867.0561660360927,2867.0561660360927,0,2867.0561660360927
1688731200000,2867.0561660360927,2867.0561660360927,0,2867.0561660360927
1688745600000,2867.0561660360927,2867.0561660360927,0,2867.0561660360927
1688760000000,2867.0561660360927,2867.0561660360927,0,2867.0561660360927
1688774400000,2867.0561660360927,2867.0561660360927,0,2867.0561660360927
1688788800000,2867.0561660360927,2867.0561660360927,0,2867.0561660360927
1688803200000,2867.0561660360927,2867.0561660360927,0,2867.0561660360927
1688817600000,2867.0561660360927,2867.0561660360927,0,2867.0561660360927
1688832000000,2867.0561660360927,2867.0561660360927,0,2867.0561660360927
1688846400000,2867.0561660360927,2867.0561660360927,0,2867.0561660360927
1688860800000,2867.0561660360927,2867.0561660360927,0,2867.0561660360927
1688875200000,2867.0561660360927,2867.0561660360927,0,2867.0561660360927
1688889600000,2867.0561660360927,2867.0561660360927,0,2867.0561660360927
1688904000000,2867.0561660360927,2867.0561660360927,0,2867.0561660360927
1688918400000,2867.0561660360927,2867.0561660360927,0,2867.0561660360927
1688932800000,2867.0561660360927,2867.0561660360927,0,2867.0561660360927
1688947200000,2867.0561660360927,2867.0561660360927,0,2867.0561660360927
1688961600000,2867.0561660360927,2867.0561660360927,0,2867.0561660360927
1688976000000,2867.0561660360927,2867.0561660360927,0,2867.0561660360927
1688990400000,2867.0561660360927,2867.0561660360927,0,2867.0561660360927
1689004800000,2867.0561660360927,2867.0561660360927,0,2867.0561660360927
1689019200000,2867.0561660360927,2867.0561660360927,0,2867.0561660360927
1689033600000,2853.1974762576538,2850.94098362577,0,2853.1974762576538
1689048000000,2853.1974762576538,2853.1974762576538,0,2853.1974762576538
1689062400000,2853.1974762576538,2853.1974762576538,0,2853.1974762576538
1689076800000,2853.1974762576538,2853.1974762576538,0,2853.1974762576538
1689091200000,2853.1974762576538,2853.1974762576538,0,2853.1974762576538
1689105600000,2853.1974762576538,2853.1974762576538,0,2853.1974762576538
1689120000000,2853.1974762576538,2853.1974762576538,0,2853.1974762576538
1689134400000,2853.1974762576538,2853.1974762576538,0,2853.1974762576538
1689148800000,2853.1974762576538,2853.1974762576538,0,2853.1974762576538
1689163200000,2853.1974762576538,2853.1974762576538,0,2853.1974762576538
1689177600000,2853.1974762576538,2853.1974762576538,0,2853.1974762576538
1689192000000,2853.1974762576538,2853.1974762576538,0,2853.1974762576538
1689206400000,2853.1974762576538,2853.1974762576538,0,2853.1974762576538
1689220800000,2853.1974762576538,2853.1974762576538,0,2853.1974762576538
1689235200000,2853.1974762576538,2853.1974762576538,0,2853.1974762576538
1689249600000,2855.103513053488,2850.241867997971,1,2396.7912357170817
1689264000000,2862.600442344705,2847.424840021877,1,2396.7912357170817
1689278400000,2863.3728532413757,2854.331102156817,1,2396.7912357170817
1689292800000,2855.0470046152614,2831.815227888349,2,1680.2435495361858
1689307200000,2853.5873640372565,2849.1221707619884,2,1680.2435495361858
1689321600000,2842.456081675971,2839.925150641922,2,1680.2435495361858
1689336000000,2845.238040635898,2836.5780921078567,2,1680.2435495361858
1689350400000,2846.1190501955152,2835.4915046423685,2,1680.2435495361858
1689364800000,2816.1635881340194,2774.927313031832,0,2816.1635881340194
1689379200000,2816.1635881340194,2816.1635881340194,0,2816.1635881340194
1689393600000,2816.1635881340194,2816.1635881340194,0,2816.1635881340194
1689408000000,2816.1635881340194,2816.1635881340194,0,2816.1635881340194
1689422400000,2816.1635881340194,2816.1635881340194,0,2816.1635881340194
1689436800000,2816.1635881340194,2816.1635881340194,0,2816.1635881340194
1689451200000,2816.1635881340194,2816.1635881340194,0,2816.1635881340194
1689465600000,2816.1635881340194,2816.1635881340194,0,2816.1635881340194
1689480000000,2816.1635881340194,2816.1635881340194,0,2816.1635881340194
1689494400000,2816.1635881340194,2816.1635881340194,0,2816.1635881340194
1689508800000,2816.1635881340194,2816.1635881340194,0,2816.1635881340194
1689523200000,2816.1635881340194,2816.1635881340194,0,2816.1635881340194
1689537600000,2816.1635881340194,2816.1635881340194,0,2816.1635881340194
1689552000000,2816.1635881340194,2816.1635881340194,0,2816.1635881340194
1689566400000,2816.1635881340194,2816.1635881340194,0,2816.1635881340194
1689580800000,2816.1635881340194,2816.1635881340194,0,2816.1635881340194
1689595200000,2816.1635881340194,2816.1635881340194,0,2816.1635881340194
1689609600000,2816.1635881340194,2816.1635881340194,0,2816.1635881340194
1689624000000,2816.1635881340194,2816.1635881340194,0,2816.1635881340194
1689638400000,2816.1635881340194,2816.1635881340194,0,2816.1635881340194
1689652800000,2816.1635881340194,2816.1635881340194,0,2816.1635881340194
1689667200000,2816.1635881340194,2816.1635881340194,0,2816.1635881340194
1689681600000,2816.1635881340194,2816.1635881340194,0,2816.1635881340194
1689696000000,2816.1635881340194,2816.1635881340194,0,2816.1635881340194
1689710400000,2816.1635881340194,2816.1635881340194,0,2816.1635881340194
1689724800000,2816.1635881340194,2816.1635881340194,0,2816.1635881340194
1689739200000,2816.1635881340194,2816.1635881340194,0,2816.1635881340194
1689753600000,2813.4026823785975,2810.640907902743,1,2588.7024332709484
1689768000000,2815.0255807819344,2807.5089987033207,1,2588.7024332709484
1689782400000,2816.53459157802,2813.91517661123,1,2588.7024332709484
1689796800000,2826.328925801668,2814.6554460583666,1,2588.7024332709484
1689811200000,2822.143556235167,2819.751916482881,1,2588.7024332709484
1689825600000,2825.7310158635964,2821.090095868089,1,2588.7024332709484
1689840000000,2821.517174395283,2820.3213545191397,1,2588.7024332709484
1689854400000,2818.8123437230543,2816.819310596149,1,2588.7024332709484
1689868800000,2812.8901881459647,2810.5270202954916,1,2588.7024332709484
1689883200000,2814.484614647489,2812.377693913332,1,2588.7024332709484
1689897600000,2814.826277469244,2808.220796248644,1,2588.7024332709484
1689912000000,2814.5985022547407,2812.0645029933894,1,2588.7024332709484
1689926400000,2810.6124360009303,2809.103425204845,1,2588.7024332709484
1689940800000,2809.103425204845,2805.1173589510345,1,2588.7024332709484
1689955200000,2809.530503732039,2808.4200995613346,1,2588.7024332709484
1689969600000,2811.9221434843253,2808.0784367395795,1,2588.7024332709484
1689984000000,2808.3062119540828,2806.597897845307,1,2588.7024332709484
1689998400000,2809.3027285175353,2806.740257354372,1,2588.7024332709484
1690012800000,2809.103425204845,2807.8506615250762,1,2588.7024332709484
1690027200000,2808.676346677651,2806.256235023552,1,2588.7024332709484
1690041600000,2807.1958077833788,2805.2881903619123,1,2588.7024332709484
1690056000000,2801.5014274207924,2799.622281901139,1,2588.7024332709484
1690070400000,2797.389164213126,2794.1272048512433,0,2797.389164213126
1690084800000,2797.389164213126,2797.389164213126,0,2797.389164213126
1690099200000,2797.389164213126,2797.389164213126,0,2797.389164213126
1690113600000,2797.389164213126,2797.389164213126,0,2797.389164213126
1690128000000,2797.389164213126,2797.389164213126,0,2797.389164213126
1690142400000,2797.389164213126,2797.389164213126,0,2797.389164213126
1690156800000,2797.389164213126,2797.389164213126,0,2797.389164213126
1690171200000,2797.389164213126,2797.389164213126,0,2797.389164213126
1690185600000,2797.389164213126,2797.389164213126,0,2797.389164213126
1690200000000,2797.389164213126,2797.389164213126,0,2797.389164213126
1690214400000,2797.389164213126,2797.389164213126,0,2797.389164213126
1690228800000,2797.389164213126,2797.389164213126,0,2797.389164213126
1690243200000,2797.389164213126,2797.389164213126,0,2797.389164213126
1690257600000,2797.389164213126,2797.389164213126,0,2797.389164213126
1690272000000,2797.389164213126,2797.389164213126,0,2797.389164213126
1690286400000,2797.389164213126,2797.389164213126,0,2797.389164213126
1690300800000,2797.389164213126,2797.389164213126,0,2797.389164213126
1690315200000,2797.389164213126,2797.389164213126,0,2797.389164213126
1690329600000,2797.389164213126,2797.389164213126,0,2797.389164213126
1690344000000,2797.389164213126,2797.389164213126,0,2797.389164213126
1690358400000,2797.389164213126,2797.389164213126,0,2797.389164213126
1690372800000,2797.389164213126,2797.389164213126,0,2797.389164213126
1690387200000,2797.389164213126,2797.389164213126,0,2797.389164213126
1690401600000,2797.389164213126,2797.389164213126,0,2797.389164213126
1690416000000,2797.389164213126,2797.389164213126,0,2797.389164213126
1690430400000,2797.389164213126,2797.389164213126,0,2797.389164213126
1690444800000,2797.389164213126,2797.389164213126,0,2797.389164213126
1690459200000,2797.389164213126,2797.389164213126,0,2797.389164213126
1690473600000,2797.389164213126,2797.389164213126,0,2797.389164213126
1690488000000,2797.389164213126,2797.389164213126,0,2797.389164213126
1690502400000,2797.389164213126,2797.389164213126,0,2797.389164213126
1690516800000,2797.389164213126,2797.389164213126,0,2797.389164213126
1690531200000,2797.389164213126,2797.389164213126,0,2797.389164213126
1690545600000,2797.389164213126,2797.389164213126,0,2797.389164213126
1690560000000,2797.389164213126,2797.389164213126,0,2797.389164213126
1690574400000,2797.389164213126,2797.389164213126,0,2797.389164213126
1690588800000,2797.389164213126,2797.389164213126,0,2797.389164213126
1690603200000,2797.389164213126,2797.389164213126,0,2797.389164213126
1690617600000,2797.389164213126,2797.389164213126,0,2797.389164213126
1690632000000,2797.389164213126,2797.389164213126,0,2797.389164213126
1690646400000,2797.389164213126,2797.389164213126,0,2797.389164213126
1690660800000,2797.389164213126,2797.389164213126,0,2797.389164213126
1690675200000,2797.389164213126,2797.389164213126,0,2797.389164213126
1690689600000,2797.389164213126,2797.389164213126,0,2797.389164213126
1690704000000,2797.389164213126,2797.389164213126,0,2797.389164213126
1690718400000,2797.389164213126,2797.389164213126,0,2797.389164213126
1690732800000,2797.389164213126,2797.389164213126,0,2797.389164213126
1690747200000,2797.389164213126,2797.389164213126,0,2797.389164213126
1690761600000,2797.389164213126,2797.389164213126,0,2797.389164213126
1690776000000,2797.389164213126,2797.389164213126,0,2797.389164213126
1690790400000,2797.389164213126,2797.389164213126,0,2797.389164213126
1690804800000,2797.389164213126,2797.389164213126,0,2797.389164213126
1690819200000,2797.389164213126,2797.389164213126,0,2797.389164213126
1690833600000,2797.389164213126,2797.389164213126,0,2797.389164213126
1690848000000,2797.389164213126,2797.389164213126,0,2797.389164213126
1690862400000,2797.389164213126,2797.389164213126,0,2797.389164213126
1690876800000,2797.389164213126,2797.389164213126,0,2797.389164213126
1690891200000,2797.389164213126,2797.389164213126,0,2797.389164213126
1690905600000,2797.389164213126,2797.389164213126,0,2797.389164213126
1690920000000,2797.389164213126,2797.389164213126,0,2797.389164213126
1690934400000,2797.389164213126,2797.389164213126,0,2797.389164213126
1690948800000,2797.389164213126,2797.389164213126,0,2797.389164213126
1690963200000,2797.389164213126,2797.389164213126,0,2797.389164213126
1690977600000,2797.389164213126,2797.389164213126,0,2797.389164213126
1690992000000,2797.389164213126,2797.389164213126,0,2797.389164213126
1691006400000,2797.389164213126,2797.389164213126,0,2797.389164213126
1691020800000,2797.389164213126,2797.389164213126,0,2797.389164213126
1691035200000,2797.389164213126,2797.389164213126,0,2797.389164213126
1691049600000,2797.389164213126,2797.389164213126,0,2797.389164213126
1691064000000,2797.389164213126,2797.389164213126,0,2797.389164213126
1691078400000,2797.389164213126,2797.389164213126,0,2797.389164213126
1691092800000,2797.389164213126,2797.389164213126,0,2797.389164213126
1691107200000,2797.389164213126,2797.389164213126,0,2797.389164213126
1691121600000,2797.389164213126,2797.389164213126,0,2797.389164213126
1691136000000,2797.389164213126,2797.389164213126,0,2797.389164213126
1691150400000,2797.389164213126,2797.389164213126,0,2797.389164213126
1691164800000,2797.389164213126,2797.389164213126,0,2797.389164213126
1691179200000,2797.389164213126,2797.389164213126,0,2797.389164213126
1691193600000,2797.389164213126,2797.389164213126,0,2797.389164213126
1691208000000,2797.389164213126,2797.389164213126,0,2797.389164213126
1691222400000,2797.389164213126,2797.389164213126,0,2797.389164213126
1691236800000,2797.389164213126,2797.389164213126,0,2797.389164213126
1691251200000,2797.389164213126,2797.389164213126,0,2797.389164213126
1691265600000,2797.389164213126,2797.389164213126,0,2797.389164213126
1691280000000,2797.389164213126,2797.389164213126,0,2797.389164213126
1691294400000,2797.389164213126,2797.389164213126,0,2797.389164213126
1691308800000,2797.389164213126,2797.389164213126,0,2797.389164213126
1691323200000,2797.389164213126,2797.389164213126,0,2797.389164213126
1691337600000,2797.389164213126,2797.389164213126,0,2797.389164213126
1691352000000,2797.389164213126,2797.389164213126,0,2797.389164213126
1691366400000,2797.389164213126,2797.389164213126,0,2797.389164213126
1691380800000,2797.389164213126,2797.389164213126,0,2797.389164213126
1691395200000,2797.389164213126,2797.389164213126,0,2797.389164213126
1691409600000,2797.389164213126,2797.389164213126,0,2797.389164213126
1691424000000,2797.389164213126,2797.389164213126,0,2797.389164213126
1691438400000,2797.389164213126,2797.389164213126,0,2797.389164213126
1691452800000,2797.389164213126,2797.389164213126,0,2797.389164213126
1691467200000,2797.6608237726787,2794.065232229836,1,2299.5017917143273
1691481600000,2797.728665122544,2795.6934246265955,1,2299.5017917143273
1691496000000,2803.56302121093,2796.914568924164,1,2299.5017917143273
1691510400000,2799.153333469708,2796.30399677538,1,2299.5017917143273
1691524800000,2798.0000305220037,2797.253775673489,1,2299.5017917143273
1691539200000,2805.6661030567434,2797.660823772679,1,2299.5017917143273
1691553600000,2800.9850499160616,2800.0352710179523,1,2299.5017917143273
1691568000000,2809.8044253985054,2800.306636417412,1,2299.5017917143273
1691582400000,2817.9453873823,2807.633502202827,1,2299.5017917143273
1691596800000,2822.8978059224414,2817.6740219828403,1,2299.5017917143273
1691611200000,2820.0484692281134,2817.334815233515,1,2299.5017917143273
1691625600000,2820.3876759774384,2815.5709401370264,1,2299.5017917143273
1691640000000,2816.317194985541,2816.2493536356765,1,2299.5017917143273
1691654400000,2815.2995747375667,2813.467858291213,1,2299.5017917143273
1691668800000,2816.588560385001,2812.314555343509,1,2299.5017917143273
1691683200000,2820.1163105779783,2816.249353635676,1,2299.5017917143273
1691697600000,2813.807065040538,2813.6713823408077,1,2299.5017917143273
1691712000000,2816.385036335406,2812.6537620928334,1,2299.5017917143273
1691726400000,2812.314555343509,2810.347156197425,1,2299.5017917143273
1691740800000,2812.4502380432386,2811.9075072443193,1,2299.5017917143273
1691755200000,2813.807065040538,2810.14363214783,1,2299.5017917143273
1691769600000,2807.9727089521516,2806.4123579052575,1,2299.5017917143273
1691784000000,2803.495179861065,2801.866987464306,1,2299.5017917143273
1691798400000,2807.769184902557,2803.495179861065,1,2299.5017917143273
1691812800000,2806.2766752055277,2805.5982617068785,1,2299.5017917143273
1691827200000,2805.8017857564732,2802.002670164036,1,2299.5017917143273
1691841600000,2805.326896307419,2803.9022279602545,1,2299.5017917143273
1691856000000,2803.8343866103896,2803.15597311174,1,2299.5017917143273
1691870400000,2801.1207326157914,2800.5101604670067,1,2299.5017917143273
1691884800000,2804.377117409309,2800.578001816872,1,2299.5017917143273
1691899200000,2805.8017857564732,2803.69870391066,1,2299.5017917143273
1691913600000,2809.058170549991,2804.512800109039,1,2299.5017917143273
1691928000000,2808.786805150531,2805.9374684562035,1,2299.5017917143273
1691942400000,2802.6810836626855,2802.002670164036,1,2299.5017917143273
1691956800000,2811.09341104594,2801.866987464306,1,2299.5017917143273
1691971200000,2799.4246988691675,2795.6255832767306,1,2299.5017917143273
1691985600000,2804.309276059444,2795.2185351775406,1,2299.5017917143273
1692000000000,2806.140992505798,2803.3594971613347,1,2299.5017917143273
1692014400000,2810.347156197425,2805.869627106338,1,2299.5017917143273
1692028800000,2814.2819544895924,2807.769184902557,1,2299.5017917143273
1692043200000,2802.6132423128206,2801.731304764576,1,2299.5017917143273
1692057600000,2802.3418769133605,2800.781525866467,1,2299.5017917143273
1692072000000,2799.8995883182224,2799.2211748195728,1,2299.5017917143273
1692086400000,2800.5780018168716,2796.3718381252447,1,2299.5017917143273
1692100800000,2793.5903427807816,2792.369198483212,1,2299.5017917143273
1692115200000,2793.7938668303764,2791.8264676842928,1,2299.5017917143273
1692129600000,2778.739903118372,2760.822970796009,0,2778.739903118372
1692144000000,2778.739903118372,2778.739903118372,0,2778.739903118372
1692158400000,2778.739903118372,2778.739903118372,0,2778.739903118372
1692172800000,2778.739903118372,2778.739903118372,0,2778.739903118372
1692187200000,2778.739903118372,2778.739903118372,0,2778.739903118372
1692201600000,2778.739903118372,2778.739903118372,0,2778.739903118372
1692216000000,2778.739903118372,2778.739903118372,0,2778.739903118372
1692230400000,2778.739903118372,2778.739903118372,0,2778.739903118372
1692244800000,2778.739903118372,2778.739903118372,0,2778.739903118372
1692259200000,2778.739903118372,2778.739903118372,0,2778.739903118372
1692273600000,2778.739903118372,2778.739903118372,0,2778.739903118372
1692288000000,2778.739903118372,2778.739903118372,0,2778.739903118372
1692302400000,2778.739903118372,2778.739903118372,0,2778.739903118372
1692316800000,2778.739903118372,2778.739903118372,0,2778.739903118372
1692331200000,2778.739903118372,2778.739903118372,0,2778.739903118372
1692345600000,2778.739903118372,2778.739903118372,0,2778.739903118372
1692360000000,2778.739903118372,2778.739903118372,0,2778.739903118372
1692374400000,2778.739903118372,2778.739903118372,0,2778.739903118372
1692388800000,2778.739903118372,2778.739903118372,0,2778.739903118372
1692403200000,2778.739903118372,2778.739903118372,0,2778.739903118372
1692417600000,2778.739903118372,2778.739903118372,0,2778.739903118372
1692432000000,2778.739903118372,2778.739903118372,0,2778.739903118372
1692446400000,2778.739903118372,2778.739903118372,0,2778.739903118372
1692460800000,2778.739903118372,2778.739903118372,0,2778.739903118372
1692475200000,2778.739903118372,2778.739903118372,0,2778.739903118372
1692489600000,2778.739903118372,2778.739903118372,0,2778.739903118372
1692504000000,2778.739903118372,2778.739903118372,0,2778.739903118372
1692518400000,2778.739903118372,2778.739903118372,0,2778.739903118372
1692532800000,2778.739903118372,2778.739903118372,0,2778.739903118372
1692547200000,2778.739903118372,2778.739903118372,0,2778.739903118372
1692561600000,2778.739903118372,2778.739903118372,0,2778.739903118372
1692576000000,2778.739903118372,2778.739903118372,0,2778.739903118372
1692590400000,2778.739903118372,2778.739903118372,0,2778.739903118372
1692604800000,2778.739903118372,2778.739903118372,0,2778.739903118372
1692619200000,2778.739903118372,2778.739903118372,0,2778.739903118372
1692633600000,2778.739903118372,2778.739903118372,0,2778.739903118372
1692648000000,2778.739903118372,2778.739903118372,0,2778.739903118372
1692662400000,2778.739903118372,2778.739903118372,0,2778.739903118372
1692676800000,2778.739903118372,2778.739903118372,0,2778.739903118372
1692691200000,2778.739903118372,2778.739903118372,0,2778.739903118372
1692705600000,2778.739903118372,2778.739903118372,0,2778.739903118372
1692720000000,2778.739903118372,2778.739903118372,0,2778.739903118372
1692734400000,2778.739903118372,2778.739903118372,0,2778.739903118372
1692748800000,2778.739903118372,2778.739903118372,0,2778.739903118372
1692763200000,2778.739903118372,2778.739903118372,0,2778.739903118372
1692777600000,2778.739903118372,2778.739903118372,0,2778.739903118372
1692792000000,2778.739903118372,2778.739903118372,0,2778.739903118372
1692806400000,2778.739903118372,2778.739903118372,0,2778.739903118372
1692820800000,2778.739903118372,2778.739903118372,0,2778.739903118372
1692835200000,2778.739903118372,2778.739903118372,0,2778.739903118372
1692849600000,2778.739903118372,2778.739903118372,0,2778.739903118372
1692864000000,2778.739903118372,2778.739903118372,0,2778.739903118372
1692878400000,2778.739903118372,2778.739903118372,0,2778.739903118372
1692892800000,2778.739903118372,2778.739903118372,0,2778.739903118372
1692907200000,2778.739903118372,2778.739903118372,0,2778.739903118372
1692921600000,2778.739903118372,2778.739903118372,0,2778.739903118372
1692936000000,2778.739903118372,2778.739903118372,0,2778.739903118372
1692950400000,2778.739903118372,2778.739903118372,0,2778.739903118372
1692964800000,2778.739903118372,2778.739903118372,0,2778.739903118372
1692979200000,2778.739903118372,2778.739903118372,0,2778.739903118372
1692993600000,2778.739903118372,2778.739903118372,0,2778.739903118372
1693008000000,2778.739903118372,2778.739903118372,0,2778.739903118372
1693022400000,2778.739903118372,2778.739903118372,0,2778.739903118372
1693036800000,2778.739903118372,2778.739903118372,0,2778.739903118372
1693051200000,2778.739903118372,2778.739903118372,0,2778.739903118372
1693065600000,2778.739903118372,2778.739903118372,0,2778.739903118372
1693080000000,2778.739903118372,2778.739903118372,0,2778.739903118372
1693094400000,2778.739903118372,2778.739903118372,0,2778.739903118372
1693108800000,2778.739903118372,2778.739903118372,0,2778.739903118372
1693123200000,2778.739903118372,2778.739903118372,0,2778.739903118372
1693137600000,2778.739903118372,2778.739903118372,0,2778.739903118372
1693152000000,2778.739903118372,2778.739903118372,0,2778.739903118372
1693166400000,2778.739903118372,2778.739903118372,0,2778.739903118372
1693180800000,2778.739903118372,2778.739903118372,0,2778.739903118372
1693195200000,2778.739903118372,2778.739903118372,0,2778.739903118372
1693209600000,2778.739903118372,2778.739903118372,0,2778.739903118372
1693224000000,2778.739903118372,2778.739903118372,0,2778.739903118372
1693238400000,2778.739903118372,2778.739903118372,0,2778.739903118372
1693252800000,2778.739903118372,2778.739903118372,0,2778.739903118372
1693267200000,2778.739903118372,2778.739903118372,0,2778.739903118372
1693281600000,2778.739903118372,2778.739903118372,0,2778.739903118372
1693296000000,2778.739903118372,2778.739903118372,0,2778.739903118372
1693310400000,2778.739903118372,2778.739903118372,0,2778.739903118372
1693324800000,2778.739903118372,2778.739903118372,0,2778.739903118372
1693339200000,2778.739903118372,2778.739903118372,0,2778.739903118372
1693353600000,2778.739903118372,2778.739903118372,0,2778.739903118372
1693368000000,2778.739903118372,2778.739903118372,0,2778.739903118372
1693382400000,2778.739903118372,2778.739903118372,0,2778.739903118372
1693396800000,2778.739903118372,2778.739903118372,0,2778.739903118372
1693411200000,2778.739903118372,2778.739903118372,0,2778.739903118372
1693425600000,2778.739903118372,2778.739903118372,0,2778.739903118372
1693440000000,2778.739903118372,2778.739903118372,0,2778.739903118372
1693454400000,2778.739903118372,2778.739903118372,0,2778.739903118372
1693468800000,2778.739903118372,2778.739903118372,0,2778.739903118372
1693483200000,2778.739903118372,2778.739903118372,0,2778.739903118372
1693497600000,2778.739903118372,2778.739903118372,0,2778.739903118372
1693512000000,2778.739903118372,2778.739903118372,0,2778.739903118372
1693526400000,2778.739903118372,2778.739903118372,0,2778.739903118372
1693540800000,2778.739903118372,2778.739903118372,0,2778.739903118372
1693555200000,2778.739903118372,2778.739903118372,0,2778.739903118372
1693569600000,2778.739903118372,2778.739903118372,0,2778.739903118372
1693584000000,2778.739903118372,2778.739903118372,0,2778.739903118372
1693598400000,2778.739903118372,2778.739903118372,0,2778.739903118372
1693612800000,2778.739903118372,2778.739903118372,0,2778.739903118372
1693627200000,2778.739903118372,2778.739903118372,0,2778.739903118372
1693641600000,2778.739903118372,2778.739903118372,0,2778.739903118372
1693656000000,2778.739903118372,2778.739903118372,0,2778.739903118372
1693670400000,2778.739903118372,2778.739903118372,0,2778.739903118372
1693684800000,2778.739903118372,2778.739903118372,0,2778.739903118372
1693699200000,2778.739903118372,2778.739903118372,0,2778.739903118372
1693713600000,2778.739903118372,2778.739903118372,0,2778.739903118372
1693728000000,2778.739903118372,2778.739903118372,0,2778.739903118372
1693742400000,2778.739903118372,2778.739903118372,0,2778.739903118372
1693756800000,2778.739903118372,2778.739903118372,0,2778.739903118372
1693771200000,2778.739903118372,2778.739903118372,0,2778.739903118372
1693785600000,2778.739903118372,2778.739903118372,0,2778.739903118372
1693800000000,2778.739903118372,2778.739903118372,0,2778.739903118372
1693814400000,2778.739903118372,2778.739903118372,0,2778.739903118372
1693828800000,2778.739903118372,2778.739903118372,0,2778.739903118372
1693843200000,2778.739903118372,2778.739903118372,0,2778.739903118372
1693857600000,2778.739903118372,2778.739903118372,0,2778.739903118372
1693872000000,2778.739903118372,2778.739903118372,0,2778.739903118372
1693886400000,2778.739903118372,2778.739903118372,0,2778.739903118372
1693900800000,2778.739903118372,2778.739903118372,0,2778.739903118372
1693915200000,2778.739903118372,2778.739903118372,0,2778.739903118372
1693929600000,2778.739903118372,2778.739903118372,0,2778.739903118372
1693944000000,2778.739903118372,2778.739903118372,0,2778.739903118372
1693958400000,2778.739903118372,2778.739903118372,0,2778.739903118372
1693972800000,2778.739903118372,2778.739903118372,0,2778.739903118372
1693987200000,2778.739903118372,2778.739903118372,0,2778.739903118372
1694001600000,2778.739903118372,2778.739903118372,0,2778.739903118372
1694016000000,2778.739903118372,2778.739903118372,0,2778.739903118372
1694030400000,2778.739903118372,2778.739903118372,0,2778.739903118372
1694044800000,2778.739903118372,2778.739903118372,0,2778.739903118372
1694059200000,2778.739903118372,2778.739903118372,0,2778.739903118372
1694073600000,2778.739903118372,2778.739903118372,0,2778.739903118372
1694088000000,2778.739903118372,2778.739903118372,0,2778.739903118372
1694102400000,2778.739903118372,2778.739903118372,0,2778.739903118372
1694116800000,2778.739903118372,2778.739903118372,0,2778.739903118372
1694131200000,2778.739903118372,2778.739903118372,0,2778.739903118372
1694145600000,2778.739903118372,2778.739903118372,0,2778.739903118372
1694160000000,2778.739903118372,2778.739903118372,0,2778.739903118372
1694174400000,2778.739903118372,2778.739903118372,0,2778.739903118372
1694188800000,2778.739903118372,2778.739903118372,0,2778.739903118372
1694203200000,2778.739903118372,2778.739903118372,0,2778.739903118372
1694217600000,2778.739903118372,2778.739903118372,0,2778.739903118372
1694232000000,2778.739903118372,2778.739903118372,0,2778.739903118372
1694246400000,2778.739903118372,2778.739903118372,0,2778.739903118372
1694260800000,2778.739903118372,2778.739903118372,0,2778.739903118372
1694275200000,2778.739903118372,2778.739903118372,0,2778.739903118372
1694289600000,2778.739903118372,2778.739903118372,0,2778.739903118372
1694304000000,2778.739903118372,2778.739903118372,0,2778.739903118372
1694318400000,2778.739903118372,2778.739903118372,0,2778.739903118372
1694332800000,2778.739903118372,2778.739903118372,0,2778.739903118372
1694347200000,2778.739903118372,2778.739903118372,0,2778.739903118372
1694361600000,2778.739903118372,2778.739903118372,0,2778.739903118372
1694376000000,2778.739903118372,2778.739903118372,0,2778.739903118372
1694390400000,2778.739903118372,2778.739903118372,0,2778.739903118372
1694404800000,2778.739903118372,2778.739903118372,0,2778.739903118372
1694419200000,2778.739903118372,2778.739903118372,0,2778.739903118372
1694433600000,2778.739903118372,2778.739903118372,0,2778.739903118372
1694448000000,2778.739903118372,2778.739903118372,0,2778.739903118372
1694462400000,2778.739903118372,2778.739903118372,0,2778.739903118372
1694476800000,2778.739903118372,2778.739903118372,0,2778.739903118372
1694491200000,2778.739903118372,2778.739903118372,0,2778.739903118372
1694505600000,2778.739903118372,2778.739903118372,0,2778.739903118372
1694520000000,2778.739903118372,2778.739903118372,0,2778.739903118372
1694534400000,2778.739903118372,2778.739903118372,0,2778.739903118372
1694548800000,2778.739903118372,2778.739903118372,0,2778.739903118372
1694563200000,2778.739903118372,2778.739903118372,0,2778.739903118372
1694577600000,2778.739903118372,2778.739903118372,0,2778.739903118372
1694592000000,2778.739903118372,2778.739903118372,0,2778.739903118372
1694606400000,2778.739903118372,2778.739903118372,0,2778.739903118372
1694620800000,2778.739903118372,2778.739903118372,0,2778.739903118372
1694635200000,2778.739903118372,2778.739903118372,0,2778.739903118372
1694649600000,2778.739903118372,2778.739903118372,0,2778.739903118372
1694664000000,2778.739903118372,2778.739903118372,0,2778.739903118372
1694678400000,2778.739903118372,2778.739903118372,0,2778.739903118372
1694692800000,2778.739903118372,2778.739903118372,0,2778.739903118372
1694707200000,2778.739903118372,2778.739903118372,0,2778.739903118372
1694721600000,2778.739903118372,2778.739903118372,0,2778.739903118372
1694736000000,2778.739903118372,2778.739903118372,0,2778.739903118372
1694750400000,2778.739903118372,2778.739903118372,0,2778.739903118372
1694764800000,2778.739903118372,2778.739903118372,0,2778.739903118372
1694779200000,2778.739903118372,2778.739903118372,0,2778.739903118372
1694793600000,2778.739903118372,2778.739903118372,0,2778.739903118372
1694808000000,2778.739903118372,2778.739903118372,0,2778.739903118372
1694822400000,2778.739903118372,2778.739903118372,0,2778.739903118372
1694836800000,2778.739903118372,2778.739903118372,0,2778.739903118372
1694851200000,2778.739903118372,2778.739903118372,0,2778.739903118372
1694865600000,2778.739903118372,2778.739903118372,0,2778.739903118372
1694880000000,2778.739903118372,2778.739903118372,0,2778.739903118372
1694894400000,2778.739903118372,2778.739903118372,0,2778.739903118372
1694908800000,2778.739903118372,2778.739903118372,0,2778.739903118372
1694923200000,2778.739903118372,2778.739903118372,0,2778.739903118372
1694937600000,2778.739903118372,2778.739903118372,0,2778.739903118372
1694952000000,2778.739903118372,2778.739903118372,0,2778.739903118372
1694966400000,2778.739903118372,2778.739903118372,0,2778.739903118372
1694980800000,2778.739903118372,2778.739903118372,0,2778.739903118372
1694995200000,2778.739903118372,2778.739903118372,0,2778.739903118372
1695009600000,2778.739903118372,2778.739903118372,0,2778.739903118372
1695024000000,2778.739903118372,2778.739903118372,0,2778.739903118372
1695038400000,2778.739903118372,2778.739903118372,0,2778.739903118372
1695052800000,2778.739903118372,2778.739903118372,0,2778.739903118372
1695067200000,2778.739903118372,2778.739903118372,0,2778.739903118372
1695081600000,2778.739903118372,2778.739903118372,0,2778.739903118372
1695096000000,2778.739903118372,2778.739903118372,0,2778.739903118372
1695110400000,2778.739903118372,2778.739903118372,0,2778.739903118372
1695124800000,2778.739903118372,2778.739903118372,0,2778.739903118372
1695139200000,2778.739903118372,2778.739903118372,0,2778.739903118372
1695153600000,2778.739903118372,2778.739903118372,0,2778.739903118372
1695168000000,2778.739903118372,2778.739903118372,0,2778.739903118372
1695182400000,2778.739903118372,2778.739903118372,0,2778.739903118372
1695196800000,2778.739903118372,2778.739903118372,0,2778.739903118372
1695211200000,2778.739903118372,2778.739903118372,0,2778.739903118372
1695225600000,2778.739903118372,2778.739903118372,0,2778.739903118372
1695240000000,2778.739903118372,2778.739903118372,0,2778.739903118372
1695254400000,2778.739903118372,2778.739903118372,0,2778.739903118372
1695268800000,2778.739903118372,2778.739903118372,0,2778.739903118372
1695283200000,2778.739903118372,2778.739903118372,0,2778.739903118372
1695297600000,2778.739903118372,2778.739903118372,0,2778.739903118372
1695312000000,2778.739903118372,2778.739903118372,0,2778.739903118372
1695326400000,2778.739903118372,2778.739903118372,0,2778.739903118372
1695340800000,2778.739903118372,2778.739903118372,0,2778.739903118372
1695355200000,2778.739903118372,2778.739903118372,0,2778.739903118372
1695369600000,2778.739903118372,2778.739903118372,0,2778.739903118372
1695384000000,2778.739903118372,2778.739903118372,0,2778.739903118372
1695398400000,2778.739903118372,2778.739903118372,0,2778.739903118372
1695412800000,2778.739903118372,2778.739903118372,0,2778.739903118372
1695427200000,2778.739903118372,2778.739903118372,0,2778.739903118372
1695441600000,2778.739903118372,2778.739903118372,0,2778.739903118372
1695456000000,2778.739903118372,2778.739903118372,0,2778.739903118372
1695470400000,2778.739903118372,2778.739903118372,0,2778.739903118372
1695484800000,2778.739903118372,2778.739903118372,0,2778.739903118372
1695499200000,2778.739903118372,2778.739903118372,0,2778.739903118372
1695513600000,2778.739903118372,2778.739903118372,0,2778.739903118372
1695528000000,2778.739903118372,2778.739903118372,0,2778.739903118372
1695542400000,2778.739903118372,2778.739903118372,0,2778.739903118372
1695556800000,2778.739903118372,2778.739903118372,0,2778.739903118372
1695571200000,2778.739903118372,2778.739903118372,0,2778.739903118372
1695585600000,2778.739903118372,2778.739903118372,0,2778.739903118372
1695600000000,2778.739903118372,2778.739903118372,0,2778.739903118372
1695614400000,2778.739903118372,2778.739903118372,0,2778.739903118372
1695628800000,2778.739903118372,2778.739903118372,0,2778.739903118372
1695643200000,2778.739903118372,2778.739903118372,0,2778.739903118372
1695657600000,2778.739903118372,2778.739903118372,0,2778.739903118372
1695672000000,2778.739903118372,2778.739903118372,0,2778.739903118372
1695686400000,2778.739903118372,2778.739903118372,0,2778.739903118372
1695700800000,2778.739903118372,2778.739903118372,0,2778.739903118372
1695715200000,2778.739903118372,2778.739903118372,0,2778.739903118372
1695729600000,2778.739903118372,2778.739903118372,0,2778.739903118372
1695744000000,2778.739903118372,2778.739903118372,0,2778.739903118372
1695758400000,2778.739903118372,2778.739903118372,0,2778.739903118372
1695772800000,2778.739903118372,2778.739903118372,0,2778.739903118372
1695787200000,2778.739903118372,2778.739903118372,0,2778.739903118372
1695801600000,2778.739903118372,2778.739903118372,0,2778.739903118372
1695816000000,2778.739903118372,2778.739903118372,0,2778.739903118372
1695830400000,2778.739903118372,2778.739903118372,0,2778.739903118372
1695844800000,2778.739903118372,2778.739903118372,0,2778.739903118372
1695859200000,2778.739903118372,2778.739903118372,0,2778.739903118372
1695873600000,2778.739903118372,2778.739903118372,0,2778.739903118372
1695888000000,2778.739903118372,2778.739903118372,0,2778.739903118372
1695902400000,2778.739903118372,2778.739903118372,0,2778.739903118372
1695916800000,2778.739903118372,2778.739903118372,0,2778.739903118372
1695931200000,2778.739903118372,2778.739903118372,0,2778.739903118372
1695945600000,2778.739903118372,2778.739903118372,0,2778.739903118372
1695960000000,2778.739903118372,2778.739903118372,0,2778.739903118372
1695974400000,2778.739903118372,2778.739903118372,0,2778.739903118372
1695988800000,2778.739903118372,2778.739903118372,0,2778.739903118372
1696003200000,2778.739903118372,2778.739903118372,0,2778.739903118372
1696017600000,2778.739903118372,2778.739903118372,0,2778.739903118372
1696032000000,2778.739903118372,2778.739903118372,0,2778.739903118372
1696046400000,2778.739903118372,2778.739903118372,0,2778.739903118372
1696060800000,2778.739903118372,2778.739903118372,0,2778.739903118372
1696075200000,2778.739903118372,2778.739903118372,0,2778.739903118372
1696089600000,2778.739903118372,2778.739903118372,0,2778.739903118372
1696104000000,2778.739903118372,2778.739903118372,0,2778.739903118372
1696118400000,2778.739903118372,2778.739903118372,0,2778.739903118372
1696132800000,2778.739903118372,2778.739903118372,0,2778.739903118372
1696147200000,2778.739903118372,2778.739903118372,0,2778.739903118372
1696161600000,2778.739903118372,2778.739903118372,0,2778.739903118372
1696176000000,2778.739903118372,2778.739903118372,0,2778.739903118372
1696190400000,2778.739903118372,2778.739903118372,0,2778.739903118372
1696204800000,2778.739903118372,2778.739903118372,0,2778.739903118372
1696219200000,2778.739903118372,2778.739903118372,0,2778.739903118372
1696233600000,2778.739903118372,2778.739903118372,0,2778.739903118372
1696248000000,2778.739903118372,2778.739903118372,0,2778.739903118372
1696262400000,2778.739903118372,2778.739903118372,0,2778.739903118372
1696276800000,2783.1240326197317,2770.8361082141196,1,2404.296314358915
1696291200000,2773.3836047372342,2769.1877281109278,1,2404.296314358915
1696305600000,2772.6343410539653,2772.4844883173114,1,2404.296314358915
1696320000000,2765.7411151678903,2763.4933241180834,1,2404.296314358915
1696334400000,2763.7930295913907,2762.5942076981605,1,2404.296314358915
1696348800000,2760.214970430916,2753.453190762278,0,2760.214970430916
1696363200000,2760.214970430916,2760.214970430916,0,2760.214970430916
1696377600000,2760.214970430916,2760.214970430916,0,2760.214970430916
1696392000000,2760.214970430916,2760.214970430916,0,2760.214970430916
1696406400000,2760.214970430916,2760.214970430916,0,2760.214970430916
1696420800000,2760.214970430916,2760.214970430916,0,2760.214970430916
1696435200000,2760.214970430916,2760.214970430916,0,2760.214970430916
1696449600000,2760.214970430916,2760.214970430916,0,2760.214970430916
1696464000000,2760.214970430916,2760.214970430916,0,2760.214970430916
1696478400000,2760.214970430916,2760.214970430916,0,2760.214970430916
1696492800000,2760.214970430916,2760.214970430916,0,2760.214970430916
1696507200000,2760.214970430916,2760.214970430916,0,2760.214970430916
1696521600000,2760.214970430916,2760.214970430916,0,2760.214970430916
1696536000000,2760.214970430916,2760.214970430916,0,2760.214970430916
1696550400000,2760.214970430916,2760.214970430916,0,2760.214970430916
1696564800000,2760.214970430916,2760.214970430916,0,2760.214970430916
1696579200000,2760.214970430916,2760.214970430916,0,2760.214970430916
1696593600000,2760.214970430916,2760.214970430916,0,2760.214970430916
1696608000000,2760.214970430916,2760.214970430916,0,2760.214970430916
1696622400000,2760.214970430916,2760.214970430916,0,2760.214970430916
1696636800000,2760.214970430916,2760.214970430916,0,2760.214970430916
1696651200000,2760.214970430916,2760.214970430916,0,2760.214970430916
1696665600000,2760.214970430916,2760.214970430916,0,2760.214970430916
1696680000000,2760.214970430916,2760.214970430916,0,2760.214970430916
1696694400000,2760.214970430916,2760.214970430916,0,2760.214970430916
1696708800000,2760.214970430916,2760.214970430916,0,2760.214970430916
1696723200000,2760.214970430916,2760.214970430916,0,2760.214970430916
1696737600000,2760.214970430916,2760.214970430916,0,2760.214970430916
1696752000000,2760.214970430916,2760.214970430916,0,2760.214970430916
1696766400000,2760.214970430916,2760.214970430916,0,2760.214970430916
1696780800000,2760.214970430916,2760.214970430916,0,2760.214970430916
1696795200000,2760.214970430916,2760.214970430916,0,2760.214970430916
1696809600000,2760.214970430916,2760.214970430916,0,2760.214970430916
1696824000000,2760.214970430916,2760.214970430916,0,2760.214970430916
1696838400000,2760.214970430916,2760.214970430916,0,2760.214970430916
1696852800000,2760.214970430916,2760.214970430916,0,2760.214970430916
1696867200000,2760.214970430916,2760.214970430916,0,2760.214970430916
1696881600000,2760.214970430916,2760.214970430916,0,2760.214970430916
1696896000000,2760.214970430916,2760.214970430916,0,2760.214970430916
1696910400000,2760.214970430916,2760.214970430916,0,2760.214970430916
1696924800000,2760.214970430916,2760.214970430916,0,2760.214970430916
1696939200000,2760.214970430916,2760.214970430916,0,2760.214970430916
1696953600000,2760.214970430916,2760.214970430916,0,2760.214970430916
1696968000000,2760.214970430916,2760.214970430916,0,2760.214970430916
1696982400000,2760.214970430916,2760.214970430916,0,2760.214970430916
1696996800000,2760.214970430916,2760.214970430916,0,2760.214970430916
1697011200000,2760.214970430916,2760.214970430916,0,2760.214970430916
1697025600000,2760.214970430916,2760.214970430916,0,2760.214970430916
1697040000000,2760.214970430916,2760.214970430916,0,2760.214970430916
1697054400000,2760.214970430916,2760.214970430916,0,2760.214970430916
1697068800000,2760.214970430916,2760.214970430916,0,2760.214970430916
1697083200000,2760.214970430916,2760.214970430916,0,2760.214970430916
1697097600000,2760.214970430916,2760.214970430916,0,2760.214970430916
1697112000000,2760.214970430916,2760.214970430916,0,2760.214970430916
1697126400000,2760.214970430916,2760.214970430916,0,2760.214970430916
1697140800000,2760.214970430916,2760.214970430916,0,2760.214970430916
1697155200000,2760.214970430916,2760.214970430916,0,2760.214970430916
1697169600000,2760.214970430916,2760.214970430916,0,2760.214970430916
1697184000000,2760.214970430916,2760.214970430916,0,2760.214970430916
1697198400000,2760.214970430916,2760.214970430916,0,2760.214970430916
1697212800000,2760.214970430916,2760.214970430916,0,2760.214970430916
1697227200000,2760.214970430916,2760.214970430916,0,2760.214970430916
1697241600000,2760.214970430916,2760.214970430916,0,2760.214970430916
1697256000000,2760.214970430916,2760.214970430916,0,2760.214970430916
1697270400000,2760.214970430916,2760.214970430916,0,2760.214970430916
1697284800000,2760.214970430916,2760.214970430916,0,2760.214970430916
1697299200000,2760.214970430916,2760.214970430916,0,2760.214970430916
1697313600000,2760.214970430916,2760.214970430916,0,2760.214970430916
1697328000000,2760.214970430916,2760.214970430916,0,2760.214970430916
1697342400000,2760.214970430916,2760.214970430916,0,2760.214970430916
1697356800000,2760.214970430916,2760.214970430916,0,2760.214970430916
1697371200000,2760.214970430916,2760.214970430916,0,2760.214970430916
1697385600000,2760.214970430916,2760.214970430916,0,2760.214970430916
1697400000000,2760.214970430916,2760.214970430916,0,2760.214970430916
1697414400000,2760.214970430916,2760.214970430916,0,2760.214970430916
1697428800000,2760.214970430916,2760.214970430916,0,2760.214970430916
1697443200000,2760.214970430916,2760.214970430916,0,2760.214970430916
1697457600000,2756.717085987303,2754.04533255747,1,2069.471174080579
1697472000000,2789.945821958655,2755.712578023695,0,2789.945821958655
1697486400000,2798.4113287214177,2788.962631874863,1,2133.720989894066
1697500800000,2799.1568299453434,2792.843300789009,1,2133.720989894066
1697515200000,2793.7683480327278,2792.8582435006697,1,2133.720989894066
1697529600000,2797.518968659456,2789.0831074876237,1,2133.720989894066
1697544000000,2797.3321847637026,2795.638988748698,1,2133.720989894066
1697558400000,2798.2448575743274,2790.6247750671982,1,2133.720989894066
1697572800000,2799.52315986089,2794.6189151980147,1,2133.720989894066
1697587200000,2796.7083265518863,2796.1811290061223,1,2133.720989894066
1697601600000,2799.475296487603,2794.9427517772774,1,2133.720989894066
1697616000000,2799.0113719865253,2797.777664355074,1,2133.720989894066
1697630400000,2795.4178833121,2792.984322630303,1,2133.720989894066
1697644800000,2793.2420844064427,2790.8003519292065,1,2133.720989894066
1697659200000,2793.199357590289,2792.8393316312245,1,2133.720989894066
1697673600000,2794.935980861056,2791.9196544245087,1,2133.720989894066
1697688000000,2793.535101642906,2789.8148333992376,1,2133.720989894066
1697702400000,2795.1886060800625,2792.8346620338307,1,2133.720989894066
1697716800000,2797.9873292780576,2794.0244754497794,1,2133.720989894066
1697731200000,2803.343357488786,2797.2707795579736,1,2133.720989894066
1697745600000,2804.9931262480277,2798.147729948536,1,2133.720989894066
1697760000000,2804.1283168106893,2801.440730030668,1,2133.720989894066
1697774400000,2816.3082611728983,2800.966532415324,1,2133.720989894066
1697788800000,2816.4280363460502,2813.410775990024,1,2133.720989894066
1697803200000,2830.42468757433,2816.1301160323237,1,2133.720989894066
1697817600000,2823.676885860369,2819.68484704838,1,2133.720989894066
1697832000000,2823.920405364458,2818.3073158171987,1,2133.720989894066
1697846400000,2826.43334920195,2822.8018033087646,1,2133.720989894066
1697860800000,2824.9248357638717,2821.664055903757,1,2133.720989894066
1697875200000,2827.0581413332447,2823.46395221921,1,2133.720989894066
1697889600000,2829.607508030409,2825.628310611253,1,2133.720989894066
1697904000000,2832.6980810655186,2826.658657276202,1,2133.720989894066
1697918400000,2839.190356908336,2830.5650089760147,0,2839.190356908336
1697932800000,2839.190356908336,2839.190356908336,0,2839.190356908336
1697947200000,2839.190356908336,2839.190356908336,0,2839.190356908336
1697961600000,2839.3486630648126,2832.5672127579437,1,2476.619019352014
1697976000000,2831.242101778441,2828.5139321147576,1,2476.619019352014
1697990400000,2836.230754877746,2830.3457031746593,1,2476.619019352014
1698004800000,2842.8563097752617,2836.0748594683932,1,2476.619019352014
1698019200000,2873.7625746795543,2841.219407977052,1,2476.619019352014
1698033600000,2892.3527971804806,2867.137019782039,0,2892.3527971804806
1698048000000,2880.2955001070627,2876.0332879575412,2,1875.874262705546
1698062400000,2879.7615090813324,2868.8323942894863,2,1875.874262705546
1698076800000,2877.9697290550266,2864.9186707055183,2,1875.874262705546
1698091200000,2897.9853151083903,2874.5173942953857,2,1875.874262705546
1698105600000,2954.39994047002,2895.604465993024,1,2645.3786662518373
1698120000000,2949.7471734805367,2948.390116441937,1,2645.3786662518373
1698134400000,2948.2931837963233,2942.477225059469,1,2645.3786662518373
1698148800000,2954.012209887563,2947.5177226314095,1,2645.3786662518373
1698163200000,2944.8036085542108,2941.0232353752554,1,2645.3786662518373
1698177600000,2941.0232353752554,2936.3704683857723,1,2645.3786662518373
1698192000000,2937.8244580699857,2931.329970813832,1,2645.3786662518373
1698206400000,2946.257598238424,2936.1766030945437,1,2645.3786662518373
1698220800000,2938.3533732761,2934.6551812018406,2,2454.5842939755717
1698235200000,2955.0856478145065,2933.4309217954224,2,2454.5842939755717
1698249600000,2969.297850985545,2950.3651301879618,2,2454.5842939755717
1698264000000,2959.98374995179,2951.2997998238275,2,2454.5842939755717
1698278400000,2954.952351690442,2944.4337191110253,2,2454.5842939755717
1698292800000,2958.915606773258,2944.959722137387,2,2454.5842939755717
1698307200000,2961.2922519582817,2947.96360340374,2,2454.5842939755717
1698321600000,2945.663985584972,2939.395460453063,2,2454.5842939755717
1698336000000,2934.815099347198,2928.1844011425164,2,2454.5842939755717
1698350400000,2940.356718346301,2927.2802653361746,2,2454.5842939755717
1698364800000,2955.965434277454,2938.6436727210585,2,2454.5842939755717
1698379200000,2954.249118990545,2941.3262222210446,2,2454.5842939755717
1698393600000,2948.4010971845946,2945.995624828221,2,2454.5842939755717
1698408000000,2954.2918443737262,2946.391246554981,2,2454.5842939755717
1698422400000,2952.7060878050206,2945.6581559360457,2,2454.5842939755717
1698436800000,2950.8830646514193,2936.8127584231547,2,2454.5842939755717
1698451200000,2950.2053894612063,2945.85646529131,2,2454.5842939755717
1698465600000,2959.6490184654763,2946.7902815980888,2,2454.5842939755717
1698480000000,2957.470184143833,2954.8708464962315,2,2454.5842939755717
1698494400000,2957.4513096121627,2954.581079307077,2,2454.5842939755717
1698508800000,2952.8107341763366,2947.437068121575,2,2454.5842939755717
1698523200000,2944.716271066363,2943.5709231029746,2,2454.5842939755717
1698537600000,2944.8310474959594,2940.3683776441544,2,2454.5842939755717
1698552000000,2943.0725390816733,2938.432816974934,2,2454.5842939755717
1698566400000,2952.8090275181626,2941.540491283516,2,2454.5842939755717
1698580800000,2951.816027629111,2949.5807471310573,2,2454.5842939755717
1698595200000,2956.760445884524,2949.426514979945,2,2454.5842939755717
1698609600000,2960.397392881134,2954.912895968927,2,2454.5842939755717
1698624000000,2959.119424704166,2955.0631825478877,2,2454.5842939755717
1698638400000,2959.6761389786525,2955.31143252015,2,2454.5842939755717
1698652800000,2954.350174626912,2950.5768392631726,2,2454.5842939755717
1698667200000,2984.582497744469,2952.868565937638,2,2454.5842939755717
1698681600000,2985.719954563554,2977.5898038856153,2,2454.5842939755717
1698696000000,2981.277189991108,2972.1687909650354,2,2454.5842939755717
1698710400000,2981.9092249736764,2975.3358262744923,2,2454.5842939755717
1698724800000,3000.0584276087693,2980.443398573008,1,2807.078397022876
1698739200000,2998.0304993242976,2995.80670616958,2,2448.4424130446437
1698753600000,3007.997128803431,2993.737057282392,2,2448.4424130446437
1698768000000,2996.637380347655,2988.4384827152053,2,2448.4424130446437
1698782400000,3001.3134086668547,2992.692539704058,2,2448.4424130446437
1698796800000,3023.5339581739395,3000.1549545855387,2,2448.4424130446437
1698811200000,3019.862598474923,3015.2190147104193,2,2448.4424130446437
1698825600000,3019.9814712468747,3010.619647169237,2,2448.4424130446437
1698840000000,3024.4199026311653,3009.7129247272374,2,2448.4424130446437
1698854400000,3045.5826881349362,3016.1664523323584,1,2863.4975050677444
1698868800000,3062.153454024635,3042.670298397039,2,2551.7963217260503
1698883200000,3062.373897212356,3051.193319809642,2,2551.7963217260503
1698897600000,3075.0542644895845,3055.688786748527,3,1816.1499317155444
1698912000000,3065.7111226689167,3045.5685476348317,3,1816.1499317155444
1698926400000,3079.9358330443742,3055.2443168243503,3,1816.1499317155444
1698940800000,3020.8943701879407,3021.483240864622,2,2531.379873479583
1698955200000,3034.591557086083,3008.837322386697,2,2531.379873479583
1698969600000,3024.3079646834885,3016.7839486108796,2,2531.379873479583
1698984000000,3004.5432438720372,2998.5652429381753,1,2822.777508494437
1698998400000,3010.511871756511,3002.307110044896,1,2822.777508494437
1699012800000,3007.754533804247,3006.3086126829376,1,2822.777508494437
1699027200000,3012.2604275311173,3006.661686445118,1,2822.777508494437
1699041600000,3011.352523571226,3009.082763671496,1,2822.777508494437
1699056000000,3015.454904427033,3010.848132482397,1,2822.777508494437
1699070400000,3013.6390965072496,3012.260427531118,1,2822.777508494437
1699084800000,3011.705597333406,3011.419775716403,1,2822.777508494437
1699099200000,3012.5966882570033,3010.1924240669196,1,2822.777508494437
1699113600000,3011.6215321519344,3010.730441228337,1,2822.777508494437
1699128000000,3013.7736007976036,3011.386149643814,1,2822.777508494437
1699142400000,3016.060173733628,3013.101079345832,1,2822.777508494437
1699156800000,3031.1919063984915,3013.7063486524266,1,2822.777508494437
1699171200000,3028.2159989744014,3027.106338578978,1,2822.777508494437
1699185600000,3027.442599304864,3025.9798651472606,1,2822.777508494437
1699200000000,3020.431563170144,3019.1537724117775,1,2822.777508494437
1699214400000,3023.6260400660594,3020.3306849523783,1,2822.777508494437
1699228800000,3028.417755409933,3021.1713367670927,1,2822.777508494437
1699243200000,3029.5106027690617,3026.5178823086776,1,2822.777508494437
1699257600000,3032.1670625035604,3027.2576559056265,1,2822.777508494437
1699272000000,3033.2430968263952,3029.9981808215966,1,2822.777508494437
1699286400000,3043.6254744744288,3028.387917474757,2,2396.246032356775
1699300800000,3045.1406199115513,3031.7812760315633,2,2396.246032356775
1699315200000,3047.9575221845057,3039.1639702773346,2,2396.246032356775
1699329600000,3021.024593543878,3004.0936173273512,1,2802.5559999358366
1699344000000,3022.4368885925987,3018.7716466804427,1,2802.5559999358366
1699358400000,3017.695612357608,3014.887835296461,1,2802.5559999358366
1699372800000,3016.1656260548275,3013.189718630738,1,2802.5559999358366
1699387200000,3022.100627866713,3013.2737838122093,1,2802.5559999358366
1699401600000,3013.2711285788732,3006.0375403368566,3,1771.6674185647685
1699416000000,3016.81229024218,3001.5739658301295,3,1771.6674185647685
1699430400000,3019.784653406178,3011.8339123032642,3,1771.6674185647685
1699444800000,3022.883612309361,3015.8844918268915,3,1771.6674185647685
1699459200000,3020.127249906337,3011.161606995358,3,1771.6674185647685
1699473600000,3047.6547304791884,3017.683708959613,2,2019.4832249811743
1699488000000,3047.900421553661,3039.7752579025396,2,2019.4832249811743
1699502400000,3071.232230473277,3042.030779956093,2,2019.4832249811743
1699516800000,3072.0608914589366,3068.9217545749702,2,2019.4832249811743
1699531200000,3098.0608007454284,3071.871111883762,2,2019.4832249811743
1699545600000,3116.4461761180937,3088.251368509934,1,2826.3794587884145
1699560000000,3062.522558903077,3028.246549550291,1,2784.833688562897
1699574400000,3067.9613098530085,3053.8955746376687,1,2784.833688562897
1699588800000,3081.1518437660607,3066.460964763372,1,2784.833688562897
1699603200000,3082.0895594470835,3077.4634954207054,1,2784.833688562897
1699617600000,3101.7815887485594,3075.900635952334,1,2784.833688562897
1699632000000,3102.844333187052,3088.8411123504466,1,2784.833688562897
1699646400000,3117.1104927919987,3101.4065024761508,0,3117.1104927919987
1699660800000,3127.3785841349695,3112.259004791422,1,2892.6315810120036
1699675200000,3123.940433215752,3117.934024983384,1,2892.6315810120036
1699689600000,3117.3955194177233,3114.4544505591157,1,2892.6315810120036
1699704000000,3121.4964464177538,3115.490038185386,1,2892.6315810120036
1699718400000,3144.859303266413,3120.543705801585,1,2892.6315810120036
1699732800000,3143.521797587403,3126.099506005401,2,2655.622031852832
1699747200000,3128.549630188825,3116.290525432927,2,2655.622031852832
1699761600000,3123.2165903472255,3104.8483453400145,2,2655.622031852832
1699776000000,3144.7533327574206,3115.777627041367,2,2655.622031852832
1699790400000,3137.8291956794988,3128.2435857636224,2,2655.622031852832
1699804800000,3130.1580455821927,3121.4229821714484,2,2655.622031852832
1699819200000,3124.4886862116196,3113.424877378039,2,2655.622031852832
1699833600000,3121.729777509699,3116.1013145263823,2,2655.622031852832
1699848000000,3117.140006912357,3108.6131260525685,2,2655.622031852832
1699862400000,3119.1485956201623,3109.7418280961288,2,2655.622031852832
1699876800000,3111.924338497323,3106.730421583638,2,2655.622031852832
1699891200000,3102.146234426293,3091.274168834819,1,2871.665852323561
1699905600000,3098.0038839212116,3087.896548688813,1,2871.665852323561
1699920000000,3085.411138385764,3084.085586224138,1,2871.665852323561
1699934400000,3095.477050113112,3083.422810143325,1,2871.665852323561
1699948800000,3100.157906183854,3094.4828859918925,1,2871.665852323561
1699963200000,3089.7606064160996,3087.1095020928474,1,2871.665852323561
1699977600000,3104.590221224291,3087.1095020928474,1,2871.665852323561
1699992000000,3099.909365153549,3087.896548688813,1,2871.665852323561
1700006400000,3106.9927845172383,3098.7080835070756,1,2871.665852323561
1700020800000,3104.631644729342,3104.2588331838847,1,2871.665852323561
1700035200000,3116.7273082041797,3104.5902212242913,1,2871.665852323561
1700049600000,3132.5925106386417,3114.9046739819437,1,2871.665852323561
1700064000000,3130.2313708507454,3125.4676677699017,1,2871.665852323561
1700078400000,3142.2856108205324,3122.733716436548,1,2871.665852323561
1700092800000,3147.880159650332,3133.0295845486594,2,2227.3246271508197
1700107200000,3142.826295370333,3134.6812492231907,2,2227.3246271508197
1700121600000,3141.693637091177,3135.4917574419105,2,2227.3246271508197
1700136000000,3128.062371481793,3120.5388405741296,3,1884.2857040464844
1700150400000,3093.870747131528,3083.558130607235,2,2507.6780823237223
1700164800000,3088.006787824261,3062.087364839258,1,2829.7726573374835
1700179200000,3069.200516531191,3063.02841427862,1,2829.7726573374835
1700193600000,3073.964219612035,3068.4963169453276,1,2829.7726573374835
1700208000000,3070.6917627130206,3070.0289866322073,1,2829.7726573374835
1700222400000,3070.65033920797,3063.6911903594328,1,2829.7726573374835
1700236800000,3057.7676291371668,3053.87381966239,1,2829.7726573374835
1700251200000,3068.2891994200736,3055.075101308864,1,2829.7726573374835
1700265600000,3072.1415853897993,3067.8749643695655,1,2829.7726573374835
1700280000000,3064.5610839655,3063.02841427862,1,2829.7726573374835
1700294400000,3063.235531803874,3056.3592299654388,1,2829.7726573374835
1700308800000,3065.720942106923,3061.9514031472986,1,2829.7726573374835
1700323200000,3070.0704101372585,3059.673110369504,1,2829.7726573374835
1700337600000,3074.419878167594,3067.9992348847177,1,2829.7726573374835
1700352000000,3072.3487029150533,3069.904716117055,1,2829.7726573374835
1700366400000,3071.064574258478,3064.2711194301446,1,2829.7726573374835
1700380800000,3080.1363218646065,3068.993399005937,1,2829.7726573374835
1700395200000,3077.77518207671,3075.9111243494235,1,2829.7726573374835
1700409600000,3078.189417127218,3074.5027251776955,1,2829.7726573374835
1700424000000,3083.2430847434175,3075.869700844373,1,2829.7726573374835
1700438400000,3082.87027319796,3078.893616713082,1,2829.7726573374835
1700452800000,3070.2790299110366,3065.864236379051,3,1756.0200758860335
1700467200000,3079.7391341441266,3064.788111666228,3,1756.0200758860335
1700481600000,3076.4023829928587,3069.972985639088,3,1756.0200758860335
1700496000000,3079.0742498035406,3047.4005701629044,3,1756.0200758860335
1700510400000,3068.6257604364146,3046.6314849197556,3,1756.0200758860335
1700524800000,3055.545812051441,3047.254066375329,3,1756.0200758860335
1700539200000,3051.8969613318523,3041.1628008929974,3,1756.0200758860335
1700553600000,3039.8284329787134,3037.444029446859,3,1756.0200758860335
1700568000000,3042.5243678988704,3036.7826243096824,3,1756.0200758860335
1700582400000,3017.6306102543736,3000.2061280213293,1,2789.345673919335
1700596800000,3016.3879051028493,3006.1977228603487,1,2789.345673919335
1700611200000,3003.2980775067917,3001.5582902946576,1,2789.345673919335
1700625600000,3014.5652708806133,3002.3867603956737,1,2789.345673919335
1700640000000,3015.807976032138,3012.5769426381744,1,2789.345673919335
1700654400000,3015.228046961426,3014.5652708806133,1,2789.345673919335
1700668800000,3016.9264106685096,3013.198295213936,1,2789.345673919335
1700683200000,3026.868051880705,3014.6895413957654,1,2789.345673919335
1700697600000,3023.57386076354,3019.666653113055,2,2271.307087833952
1700712000000,3022.9887615212588,3018.396931076805,2,2271.307087833952
1700726400000,3025.1856576187447,3021.8783656266005,2,2271.307087833952
1700740800000,3025.122797196272,3016.675837704768,2,2271.307087833952
1700755200000,3014.3821924038025,3013.199825540015,2,2271.307087833952
1700769600000,3018.3075902859946,3012.001034348114,2,2271.307087833952
1700784000000,3018.9728568213795,3017.483754249437,2,2271.307087833952
1700798400000,3022.6107485333464,3016.983929520781,2,2271.307087833952
1700812800000,3026.8489977888303,3019.595785629033,2,2271.307087833952
1700827200000,3033.938501956049,3024.5217784621036,2,2271.307087833952
1700841600000,3039.189199786393,3030.303605125602,2,2271.307087833952
1700856000000,3027.885878162632,3024.560490979272,2,2271.307087833952
1700870400000,3025.0648868213375,3018.383533310374,2,2271.307087833952
1700884800000,3034.7021568778528,3018.362033851182,2,2271.307087833952
1700899200000,3034.0756658106843,3031.276331920122,2,2271.307087833952
1700913600000,3026.4498943189037,3023.1416251530286,2,2271.307087833952
1700928000000,3031.365641440047,3025.214723482146,2,2271.307087833952
1700942400000,3034.469693330975,3029.502056459544,2,2271.307087833952
1700956800000,3034.2474775321843,3033.5650929793132,1,2515.463375984913
1700971200000,3032.469292967404,3030.3349733987534,1,2515.463375984913
1700985600000,3035.694431638819,3031.194180226273,1,2515.463375984913
1701000000000,3036.3766825330313,3032.144038584645,2,2086.5969510810173
1701014400000,3020.4839862500517,3016.619654935546,2,2086.5969510810173
1701028800000,3007.5243875507776,3000.866959448306,1,2495.2254297103514
1701043200000,3008.839347565069,3007.1956475472048,1,2495.2254297103514
1701057600000,3005.4050107095627,3002.9768175013546,1,2495.2254297103514
1701072000000,3004.662855246951,3000.787707932109,1,2495.2254297103514
1701086400000,2999.5399901912756,2997.510269714671,1,2495.2254297103514
1701100800000,2993.085171606563,2993.376115124286,0,2993.085171606563
1701115200000,2993.085171606563,2993.085171606563,0,2993.085171606563
1701129600000,2993.085171606563,2993.085171606563,0,2993.085171606563
1701144000000,2993.085171606563,2993.085171606563,0,2993.085171606563
1701158400000,2993.085171606563,2993.085171606563,0,2993.085171606563
1701172800000,2993.085171606563,2993.085171606563,0,2993.085171606563
1701187200000,2993.085171606563,2993.085171606563,0,2993.085171606563
1701201600000,2993.085171606563,2993.085171606563,0,2993.085171606563
1701216000000,2986.1666592168226,2983.264490390469,1,2244.0656074120207
1701230400000,2988.553148551922,2983.401651716339,1,2244.0656074120207
1701244800000,2991.6181841886796,2987.1915427719305,1,2244.0656074120207
1701259200000,2999.3797325618216,2986.6921468302767,2,1861.1360822050187
1701273600000,2990.2698008151137,2979.0350240197095,2,1861.1360822050187
1701288000000,2991.1223987563244,2979.1235742385074,2,1861.1360822050187
1701302400000,2985.908418285468,2975.9634165482867,2,1861.1360822050187
1701316800000,2996.926619778797,2979.009238940338,2,1861.1360822050187
1701331200000,2989.1422455769593,2986.380534673718,2,1861.1360822050187
1701345600000,2995.974222870381,2979.550443366632,2,1861.1360822050187
1701360000000,2983.104314888669,2977.919057269133,2,1861.1360822050187
1701374400000,2988.2215171696516,2977.382203419293,2,1861.1360822050187
1701388800000,2978.7495738459293,2970.2381322789197,3,1381.9059504598881
1701403200000,2997.990708777723,2965.6907542776553,3,1381.9059504598881
1701417600000,3003.6111113899947,2992.4061440335627,3,1381.9059504598881
1701432000000,3008.9755635539136,2998.80875782115,3,1381.9059504598881
1701446400000,2994.9437493752584,2986.582166942038,3,1381.9059504598881
1701460800000,3006.97593325196,2991.4913304199795,3,1381.9059504598881
1701475200000,3002.8467386808734,2997.31729541317,3,1381.9059504598881
1701489600000,3015.080883434039,2999.878722582501,3,1381.9059504598881
1701504000000,3017.3950128477277,3009.4883556805758,3,1381.9059504598881
1701518400000,3019.4912035249527,3012.95725093461,3,1381.9059504598881
1701532800000,3021.952625570513,3011.007567206366,3,1381.9059504598881
1701547200000,3049.2149613339416,3012.393615234379,3,1381.9059504598881
1701561600000,3056.295079085287,3043.3210365692275,3,1381.9059504598881
1701576000000,3055.8280770576157,3046.4232850732283,3,1381.9059504598881
1701590400000,3054.573383798239,3045.659826882994,3,1381.9059504598881
1701604800000,3048.1743439252136,3041.633987011161,3,1381.9059504598881
1701619200000,3045.653216453471,3032.461078415072,3,1381.9059504598881
1701633600000,3049.4323266906968,3032.682033591103,3,1381.9059504598881
1701648000000,3059.539605262662,3041.749612452741,3,1381.9059504598881
1701662400000,3081.1221052914043,3056.1944964687646,2,2176.152667949576
1701676800000,3101.3708502851896,3076.6783542011776,2,2176.152667949576
1701691200000,3053.4508592686393,3017.2988994065286,2,2155.47762092092
1701705600000,3053.630748088576,3031.9650489750297,2,2155.47762092092
1701720000000,3054.2410540752303,3045.905726846343,2,2155.47762092092
1701734400000,3075.231481464586,3049.688545111162,2,2155.47762092092
1701748800000,3058.7622072661766,3046.9466957093405,2,2155.47762092092
1701763200000,3043.043246755319,3034.0733043612345,2,2155.47762092092
1701777600000,3047.435701512904,3035.8496844651772,2,2155.47762092092
1701792000000,3059.1880439217384,3045.8781761444216,2,2155.47762092092
1701806400000,3084.921864979851,3052.778511229629,1,2689.685626708557
1701820800000,3083.244482983945,3060.5657538904256,3,1666.1888441787492
1701835200000,3102.199617952024,3071.9104815705487,3,1666.1888441787492
1701849600000,3125.504817065274,3086.2493089909244,3,1666.1888441787492
1701864000000,3115.2915550645303,3093.0206953691045,3,1666.1888441787492
1701878400000,3114.348521081348,3108.138829496911,3,1666.1888441787492
1701892800000,3123.021857819525,3102.225951629929,3,1666.1888441787492
1701907200000,3086.2303317623137,3079.0939985029327,3,1666.1888441787492
1701921600000,3104.362411455534,3083.032159453036,3,1666.1888441787492
1701936000000,3108.525595075351,3099.755614423646,3,1666.1888441787492
1701950400000,3091.0083887587043,3064.083126211418,3,1666.1888441787492
1701964800000,3115.593503320342,3081.167506921578,3,1666.1888441787492
1701979200000,3093.0610190491143,3089.0594496761078,3,1666.1888441787492
1701993600000,3123.562583173517,3085.1941063027994,2,2105.126032305695
1702008000000,3127.6622899740914,3121.9219261756125,2,2105.126032305695
1702022400000,3137.090413348939,3119.7610558545507,3,1702.5312564221272
1702036800000,3185.125223054787,3131.0308463004376,3,1702.5312564221272
1702051200000,3197.1270796720087,3170.8927846552115,2,2163.6573629903937
1702065600000,3209.3754744366256,3193.5421197112532,2,2163.6573629903937
1702080000000,3217.9305669131077,3207.6754418672576,2,2163.6573629903937
1702094400000,3255.484287615095,3211.6559615306423,3,1761.5732523404654
1702108800000,3272.2685051014787,3250.11338535365,3,1761.5732523404654
1702123200000,3256.8908290264517,3234.8704920916794,3,1761.5732523404654
1702137600000,3241.813246972158,3226.595552284983,3,1761.5732523404654
1702152000000,3234.45428647271,3213.221461706071,3,1761.5732523404654
1702166400000,3213.44147883136,3202.7486855665616,3,1761.5732523404654
1702180800000,3231.7202914985446,3212.8270210026494,3,1761.5732523404654
1702195200000,3229.156261389934,3221.1525330738914,3,1761.5732523404654
1702209600000,3212.6435478119092,3196.327603711971,3,1761.5732523404654
1702224000000,3232.270006011934,3212.2359802456713,3,1761.5732523404654
1702238400000,3233.19254862215,3219.2158314607286,3,1761.5732523404654
1702252800000,3242.5070248813863,3226.3957550194264,3,1761.5732523404654
1702267200000,3168.610150353912,3092.7870237613656,1,2769.774602451886
1702281600000,3153.112179023857,3150.265612861194,1,2769.774602451886
1702296000000,3160.5844152008476,3148.921401062158,1,2769.774602451886
1702310400000,3146.746940799013,3141.4096292440195,1,2769.774602451886
1702324800000,3140.5398451387614,3129.786150746478,1,2769.774602451886
1702339200000,3141.923592578945,3137.7723502583945,1,2769.774602451886
1702353600000,3150.14700593775,3141.528236167464,1,2769.774602451886
1702368000000,3152.716822612376,3143.860838995202,1,2769.774602451886
1702382400000,3146.5097269521243,3146.2725131052357,1,2769.774602451886
1702396800000,3141.8445212966485,3138.404920516764,1,2769.774602451886
1702411200000,3135.676961277545,3130.418721004848,1,2769.774602451886
1702425600000,3140.658452062206,3131.960611009624,1,2769.774602451886
1702440000000,3129.5884725407377,3126.030264837409,1,2769.774602451886
1702454400000,3124.575192797103,3124.8046599618183,0,3124.575192797103
1702468800000,3124.575192797103,3124.575192797103,0,3124.575192797103
1702483200000,3124.575192797103,3124.575192797103,0,3124.575192797103
1702497600000,3130.3109499581556,3117.656058351951,1,2911.2996807088393
1702512000000,3138.3733405782373,3126.1947083335563,1,2911.2996807088393
1702526400000,3128.5397535954808,3121.5708942118767,2,2659.845293299923
1702540800000,3127.7091041513113,3122.497655123093,2,2659.845293299923
1702555200000,3132.444964284862,3116.315519807131,2,2659.845293299923
1702569600000,3106.666525374773,3097.066933256018,1,2890.376738191307
1702584000000,3107.2788588395892,3105.2037287643784,1,2890.376738191307
1702598400000,3109.2179148115074,3104.9655990836163,1,2890.376738191307
1702612800000,3102.550430664734,3100.1726003333793,2,2633.1950691537177
1702627200000,3107.327630538715,3098.9104484016593,2,2633.1950691537177
1702641600000,3118.9061090439372,3105.1544313337386,2,2633.1950691537177
1702656000000,3103.114186403417,3096.7600016746464,2,2633.1950691537177
1702670400000,3103.4467454138667,3091.194916006618,2,2633.1950691537177
1702684800000,3083.4822434544935,3081.988721470727,2,2633.1950691537177
1702699200000,3094.421476245418,3074.240730464181,2,2633.1950691537177
1702713600000,3093.8076695281893,3088.337099851755,2,2633.1950691537177
1702728000000,3097.8832196601566,3090.547177425472,2,2633.1950691537177
1702742400000,3106.574629889556,3094.9256877993025,2,2633.1950691537177
1702756800000,3092.550890634679,3089.4584979372253,2,2633.1950691537177
1702771200000,3090.1053698993046,3085.3163840060242,2,2633.1950691537177
1702785600000,3091.672041987207,3083.8901191167447,2,2633.1950691537177
1702800000000,3080.795906519252,3078.9279207657114,2,2633.1950691537177
1702814400000,3085.5524338010277,3078.113296045995,2,2633.1950691537177
1702828800000,3081.541714230163,3074.477040244904,2,2633.1950691537177
1702843200000,3084.834058311038,3078.347699264773,2,2633.1950691537177
1702857600000,3071.113712607558,3068.294594721475,2,2633.1950691537177
1702872000000,3062.09362956218,3056.7438950848,0,3062.09362956218
1702886400000,3062.09362956218,3062.09362956218,0,3062.09362956218
1702900800000,3062.09362956218,3062.09362956218,0,3062.09362956218
1702915200000,3062.09362956218,3062.09362956218,0,3062.09362956218
1702929600000,3062.09362956218,3062.09362956218,0,3062.09362956218
1702944000000,3062.09362956218,3062.09362956218,0,3062.09362956218
1702958400000,3062.09362956218,3062.09362956218,0,3062.09362956218
1702972800000,3060.5029942550577,3057.328904280569,1,2442.092726716987
1702987200000,3059.6401027571715,3059.149957395092,1,2442.092726716987
1703001600000,3052.609800253579,3048.9475766540586,1,2442.092726716987
1703016000000,3050.527652409388,3042.8994329161696,1,2442.092726716987
1703030400000,3049.579693173492,3047.3542809124165,1,2442.092726716987
1703044800000,3051.6454597302964,3048.5739683452316,1,2442.092726716987
1703059200000,3058.894610485559,3051.018947335495,1,2442.092726716987
1703073600000,3058.0354550707616,3055.3132874544494,1,2442.092726716987
1703088000000,3088.2227651704147,3053.2820851272995,2,2145.249733497918
1703102400000,3085.56730390051,3074.137982095548,2,2145.249733497918
1703116800000,3088.959472418849,3071.2695494898435,2,2145.249733497918
1703131200000,3093.178610992521,3078.9286162977764,2,2145.249733497918
1703145600000,3108.1028184129996,3088.9882301310845,2,2145.249733497918
1703160000000,3116.7906291257295,3096.768976824471,3,1785.5014396754086
1703174400000,3115.969972630339,3098.6599723887957,3,1785.5014396754086
1703188800000,3164.9775345695975,3108.6507546448397,2,2140.540267747153
1703203200000,3179.903907248971,3153.6846856997668,3,1862.2096780865388
1703217600000,3184.781351562348,3163.3494225885006,3,1862.2096780865388
1703232000000,3152.653394741923,3142.3609592221924,3,1862.2096780865388
1703246400000,3164.2175679961824,3135.738592833856,3,1862.2096780865388
1703260800000,3167.7480728489127,3143.1679133118246,3,1862.2096780865388
1703275200000,3162.008650231023,3147.6319524268174,3,1862.2096780865388
1703289600000,3171.0882325465395,3156.999576142849,3,1862.2096780865388
1703304000000,3136.0723159589907,3131.8833510634527,3,1862.2096780865388
1703318400000,3146.7293152321804,3128.2660139870013,3,1862.2096780865388
1703332800000,3153.3104176642937,3143.0209297014303,3,1862.2096780865388
1703347200000,3158.032979135138,3149.7097239106724,3,1862.2096780865388
1703361600000,3182.081460247634,3154.339214206756,3,1862.2096780865388
1703376000000,3215.0805272082134,3173.044836724417,3,1862.2096780865388
1703390400000,3249.2585936991627,3211.434642155552,1,2619.376826734075
1703404800000,3238.897061797103,3226.0797180004956,2,2311.5334205977615
1703419200000,3254.932344008491,3232.6698098518136,2,2311.5334205977615
1703433600000,3251.192120293532,3246.1563952542365,2,2311.5334205977615
1703448000000,3248.0980819858873,3243.836172987881,2,2311.5334205977615
1703462400000,3230.1165757813365,3219.1762941149054,2,2311.5334205977615
1703476800000,3236.9754860285093,3222.308840333403,2,2311.5334205977615
1703491200000,3253.8057251716177,3235.3657025027605,2,2311.5334205977615
1703505600000,3251.2473187826704,3244.5855606620767,2,2311.5334205977615
1703520000000,3258.5422712047325,3246.6894128031804,2,2311.5334205977615
1703534400000,3252.6302610042258,3240.1340697499136,3,2078.733351543621
1703548800000,3254.202132514908,3235.491197994824,3,2078.733351543621
1703563200000,3253.2068388693774,3243.128108293697,3,2078.733351543621
1703577600000,3222.4564852517856,3209.6465268717134,2,2289.8095716066746
1703592000000,3223.419534999594,3204.789654548239,2,2289.8095716066746
1703606400000,3218.3039716342364,3199.335816248785,3,1753.951450058462
1703620800000,3200.6702806646945,3169.715682209907,2,2353.5383953732407
1703635200000,3210.691825506518,3196.1487315425047,2,2353.5383953732407
1703649600000,3184.123530658807,3172.88523090651,2,2353.5383953732407
1703664000000,3197.431511363294,3181.920041443998,2,2353.5383953732407
1703678400000,3235.0083621019735,3194.859145712005,2,2353.5383953732407
1703692800000,3239.6726096698567,3218.810949724426,2,2353.5383953732407
1703707200000,3237.511727924176,3220.626058111836,3,1693.9752380562759
1703721600000,3261.4718092121393,3227.228110274517,2,2288.9495958364932
1703736000000,3268.798840220676,3250.515722746399,3,1895.1903281978493
1703750400000,3256.70149856674,3243.387434038828,3,1895.1903281978493
1703764800000,3281.8559584638047,3252.686772490041,3,1895.1903281978493
1703779200000,3250.426685659451,3236.568510236357,3,1895.1903281978493
1703793600000,3255.253185813127,3243.822088575259,3,1895.1903281978493
1703808000000,3240.2034595190516,3231.860834985064,3,1895.1903281978493
1703822400000,3232.271031513744,3211.9372130495813,2,2181.372010376169
1703836800000,3217.5252110940073,3215.5937890268,2,2181.372010376169
1703851200000,3234.0682541609767,3216.380504121532,2,2181.372010376169
1703865600000,3214.034185014457,3208.414228329433,2,2181.372010376169
1703880000000,3214.171469332268,3197.241922730973,2,2181.372010376169
1703894400000,3191.3530067557263,3188.1289098615807,0,3191.3530067557263
1703908800000,3191.3530067557263,3191.3530067557263,0,3191.3530067557263
1703923200000,3191.3530067557263,3191.3530067557263,0,3191.3530067557263
1703937600000,3185.7179361019844,3178.7990264702935,1,2924.9498420102746
1703952000000,3184.315454419885,3178.9860240279068,1,2924.9498420102746
1703966400000,3180.1080093735864,3179.2665203643264,1,2924.9498420102746
1703980800000,3177.864038682227,3176.7420533365475,1,2924.9498420102746
1703995200000,3170.0773200440217,3168.9816546955967,0,3170.0773200440217
1704009600000,3170.0773200440217,3170.0773200440217,0,3170.0773200440217
1704024000000,3170.0773200440217,3170.0773200440217,0,3170.0773200440217
1704038400000,3170.0773200440217,3170.0773200440217,0,3170.0773200440217
1704052800000,3170.0773200440217,3170.0773200440217,0,3170.0773200440217
1704067200000,3170.0773200440217,3170.0773200440217,0,3170.0773200440217
