symbol,signal_time,entry_time,exit_time,direction,entry,exit,stop,target,reason,bars_held,r,swept,atr,level
BTC/USDT:USDT,2023-07-02 16:00:00+00:00,2023-07-02 20:00:00+00:00,2023-07-03 12:00:00+00:00,-1,30552.7,30959.39455690266,30959.39455690266,29739.61088619468,SL,13,-1.1051742131140396,True,203.29727845132885,30668.2
BTC/USDT:USDT,2023-07-06 12:00:00+00:00,2023-07-06 16:00:00+00:00,2023-07-08 16:00:00+00:00,1,30390.3,30100.0,29491.270362199637,32188.359275600724,TIMEOUT,13,-0.3702285286326799,True,449.5148189001807,30149.9
BTC/USDT:USDT,2023-07-06 16:00:00+00:00,2023-07-06 20:00:00+00:00,2023-07-08 20:00:00+00:00,1,30294.6,30269.3,29432.587647239685,32018.624705520626,TIMEOUT,13,-0.07855158894553221,True,431.0061763801567,30175.8
BTC/USDT:USDT,2023-07-13 12:00:00+00:00,2023-07-13 16:00:00+00:00,2023-07-13 16:00:00+00:00,-1,30915.5,31590.62671146707,31590.62671146707,29564.946577065864,SL,13,-1.0641090024507363,True,337.6133557335336,31040.0
BTC/USDT:USDT,2023-08-07 12:00:00+00:00,2023-08-07 16:00:00+00:00,2023-08-08 12:00:00+00:00,1,28853.2,29526.206022671908,28516.696988664047,29526.206022671908,TP,13,1.8799580430509983,True,168.25150566797646,28780.0
BTC/USDT:USDT,2023-08-08 04:00:00+00:00,2023-08-08 08:00:00+00:00,2023-08-08 12:00:00+00:00,-1,29177.0,29557.076209516366,29557.076209516366,28416.847580967267,SL,13,-1.1074726567389666,True,190.03810475818398,29323.8
BTC/USDT:USDT,2023-08-16 12:00:00+00:00,2023-08-16 16:00:00+00:00,2023-08-16 20:00:00+00:00,1,29097.9,28790.631424113228,28790.631424113228,29712.737151773545,SL,13,-1.1325780219550057,True,153.6842879433856,29050.0
BTC/USDT:USDT,2023-08-16 16:00:00+00:00,2023-08-16 20:00:00+00:00,2023-08-16 20:00:00+00:00,1,29105.4,28761.887234231464,28761.887234231464,29792.72553153707,SL,13,-1.1186202204416944,True,171.80638288426735,29050.0
BTC/USDT:USDT,2023-09-01 12:00:00+00:00,2023-09-01 16:00:00+00:00,2023-09-03 16:00:00+00:00,1,25798.0,25997.6,25044.734394088908,27304.531211822185,TIMEOUT,13,0.21703207834939214,True,376.63280295554597,25617.8
BTC/USDT:USDT,2023-09-06 12:00:00+00:00,2023-09-06 16:00:00+00:00,2023-09-07 20:00:00+00:00,1,25576.3,26238.103650205052,25245.398174897473,26238.103650205052,TP,13,1.8917902009488596,True,165.4509125512638,25531.2
BTC/USDT:USDT,2023-09-19 08:00:00+00:00,2023-09-19 12:00:00+00:00,2023-09-21 12:00:00+00:00,-1,27224.4,26567.7,27828.595161085876,26015.709677828247,TIMEOUT,13,1.0238179314251101,True,302.1475805429389,27397.0
BTC/USDT:USDT,2023-09-24 16:00:00+00:00,2023-09-24 20:00:00+00:00,2023-09-24 20:00:00+00:00,1,26432.5,26157.403014710526,26157.403014710526,26982.69397057895,SL,13,-1.1345180135691437,True,137.54849264473668,26360.1
BTC/USDT:USDT,2023-11-01 12:00:00+00:00,2023-11-01 16:00:00+00:00,2023-11-01 20:00:00+00:00,-1,34296.9,35163.498009754905,35163.498009754905,32563.703980490194,SL,13,-1.0554070739368304,True,433.29900487745186,34888.2
BTC/USDT:USDT,2023-11-08 20:00:00+00:00,2023-11-09 00:00:00+00:00,2023-11-09 00:00:00+00:00,-1,35626.7,36558.147398618494,36558.147398618494,33763.805202763004,SL,13,-1.053548251972121,True,465.72369930924657,35921.7
BTC/USDT:USDT,2023-11-14 04:00:00+00:00,2023-11-14 08:00:00+00:00,2023-11-14 12:00:00+00:00,1,36705.5,35933.481658369885,35933.481658369885,38249.53668326023,SL,13,-1.0665627968002611,True,386.0091708150576,36588.0
BTC/USDT:USDT,2023-11-24 08:00:00+00:00,2023-11-24 12:00:00+00:00,2023-11-26 12:00:00+00:00,-1,37749.8,37418.0,38712.49955744119,35824.100885117616,TIMEOUT,13,0.28975839642166357,True,481.39977872059643,37880.0
BTC/USDT:USDT,2023-11-27 08:00:00+00:00,2023-11-27 12:00:00+00:00,2023-11-29 12:00:00+00:00,1,37023.3,37817.6,36279.80084525983,38510.29830948035,TIMEOUT,13,0.9986122718047499,True,371.74957737008737,36856.3
BTC/USDT:USDT,2023-12-01 12:00:00+00:00,2023-12-01 16:00:00+00:00,2023-12-02 16:00:00+00:00,-1,38401.4,39246.708805056594,39246.708805056594,36711.08238988681,SL,13,-1.0636003785579882,True,422.60440252829613,38500.0
BTC/USDT:USDT,2024-06-11 00:00:00+00:00,2024-06-11 04:00:00+00:00,2024-06-11 08:00:00+00:00,1,68472.2,67147.68213247186,67147.68213247186,71121.53573505628,SL,13,-1.0723743200073996,True,662.3089337640697,68405.0
BTC/USDT:USDT,2024-06-18 00:00:00+00:00,2024-06-18 04:00:00+00:00,2024-06-20 04:00:00+00:00,1,65474.9,65831.4,63592.28020123256,69240.13959753487,TIMEOUT,13,0.14067372507894677,True,941.3098993837206,65052.4
BTC/USDT:USDT,2024-07-03 00:00:00+00:00,2024-07-03 04:00:00+00:00,2024-07-03 20:00:00+00:00,1,60983.4,59403.92214613505,59403.92214613505,64142.65570772989,SL,13,-1.0540537873266693,True,789.7889269324733,60705.0
BTC/USDT:USDT,2024-07-13 20:00:00+00:00,2024-07-14 00:00:00+00:00,2024-07-14 20:00:00+00:00,-1,59173.9,60878.18125705438,60878.18125705438,55765.637485891246,SL,13,-1.048609030731925,True,852.0906285271889,59780.0
BTC/USDT:USDT,2024-07-14 00:00:00+00:00,2024-07-14 04:00:00+00:00,2024-07-14 20:00:00+00:00,-1,59435.0,61085.957089447125,61085.957089447125,56133.08582110575,SL,13,-1.0504004619695264,True,825.4785447235637,59780.0
BTC/USDT:USDT,2024-07-21 16:00:00+00:00,2024-07-21 20:00:00+00:00,2024-07-23 20:00:00+00:00,-1,67391.5,65916.4,69188.36034472681,63797.47931054636,TIMEOUT,13,0.7684247159508277,True,898.480172363408,67648.7
BTC/USDT:USDT,2024-07-29 00:00:00+00:00,2024-07-29 04:00:00+00:00,2024-07-30 20:00:00+00:00,-1,69323.1,65328.818895288685,71320.24055235567,65328.818895288685,TP,13,1.9514043516438915,True,998.5702761778329,69381.7
BTC/USDT:USDT,2024-07-29 16:00:00+00:00,2024-07-29 20:00:00+00:00,2024-07-31 16:00:00+00:00,1,67276.7,64918.23282734163,64918.23282734163,71993.33434531676,SL,13,-1.0399358452353762,True,1179.1835863291874,66624.5
BTC/USDT:USDT,2024-07-29 20:00:00+00:00,2024-07-30 00:00:00+00:00,2024-08-01 00:00:00+00:00,1,66750.1,64446.37511702941,64446.37511702941,71357.24976594117,SL,13,-1.040564800376466,True,1151.812441485295,66624.5
BTC/USDT:USDT,2024-07-30 04:00:00+00:00,2024-07-30 08:00:00+00:00,2024-07-31 20:00:00+00:00,1,66914.0,64761.18131012431,64761.18131012431,71219.63737975138,SL,13,-1.0435148581905935,True,1076.409344937845,66624.5
BTC/USDT:USDT,2024-08-23 12:00:00+00:00,2024-08-23 16:00:00+00:00,2024-08-23 16:00:00+00:00,-1,61498.6,63400.39400040381,63400.39400040381,57696.21199919238,SL,13,-1.0452720115752383,True,950.6970002019028,61793.9
BTC/USDT:USDT,2024-08-26 08:00:00+00:00,2024-08-26 12:00:00+00:00,2024-08-27 08:00:00+00:00,1,63816.6,62386.89818672507,62386.89818672507,66676.00362654985,SL,13,-1.0624908209323363,True,714.8509066374638,63522.7
BTC/USDT:USDT,2024-09-01 12:00:00+00:00,2024-09-01 16:00:00+00:00,2024-09-03 16:00:00+00:00,1,58184.1,58020.9,56607.16439665627,61337.971206687456,TIMEOUT,13,-0.15514757830391152,True,788.4678016718631,57525.0
BTC/USDT:USDT,2024-09-06 04:00:00+00:00,2024-09-06 08:00:00+00:00,2024-09-06 16:00:00+00:00,1,55766.3,53712.965037245755,53712.965037245755,59872.9699255085,SL,13,-1.0380224471000468,True,1026.6674813771224,55555.0
BTC/USDT:USDT,2024-09-12 04:00:00+00:00,2024-09-12 08:00:00+00:00,2024-09-13 16:00:00+00:00,-1,58101.7,59941.38594990631,59941.38594990631,54422.62810018739,SL,13,-1.0442153618687702,True,919.7929749531544,58153.2
BTC/USDT:USDT,2024-09-12 08:00:00+00:00,2024-09-12 12:00:00+00:00,2024-09-13 16:00:00+00:00,-1,58031.7,59746.141156585465,59746.141156585465,54602.81768682906,SL,13,-1.0473882580851062,True,857.2205782927339,58153.2
BTC/USDT:USDT,2024-09-16 12:00:00+00:00,2024-09-16 16:00:00+00:00,2024-09-17 12:00:00+00:00,1,57860.7,60900.306624997684,56340.896687501154,60900.306624997684,TP,13,1.9467003530431761,True,759.9016562494211,57594.0
BTC/USDT:USDT,2024-09-27 08:00:00+00:00,2024-09-27 12:00:00+00:00,2024-09-29 12:00:00+00:00,-1,65408.3,65720.0,66923.60473718289,62377.39052563421,TIMEOUT,13,-0.2661323561554503,True,757.7023685914443,65800.0
BTC/USDT:USDT,2024-10-09 12:00:00+00:00,2024-10-09 16:00:00+00:00,2024-10-09 16:00:00+00:00,1,62285.4,60936.948378808185,60936.948378808185,64982.303242383634,SL,13,-1.064666435658203,True,674.2258105959074,61671.9
BTC/USDT:USDT,2024-10-28 12:00:00+00:00,2024-10-28 16:00:00+00:00,2024-10-28 16:00:00+00:00,-1,68459.1,69794.50733853657,69794.50733853657,65788.28532292688,SL,13,-1.0717704158380854,True,667.7036692682797,68842.5
BTC/USDT:USDT,2024-11-04 16:00:00+00:00,2024-11-04 20:00:00+00:00,2024-11-06 00:00:00+00:00,1,67845.6,71736.5134798661,65900.29326006694,71736.5134798661,TP,13,1.9513270385300343,True,972.7033699665276,67446.6
BTC/USDT:USDT,2024-11-05 16:00:00+00:00,2024-11-05 20:00:00+00:00,2024-11-06 00:00:00+00:00,-1,68955.9,71191.55242934162,71191.55242934162,64484.595141316735,SL,13,-1.0431812471084465,True,1117.8262146708155,69495.3
BTC/USDT:USDT,2024-11-05 20:00:00+00:00,2024-11-06 00:00:00+00:00,2024-11-06 00:00:00+00:00,-1,69353.1,71580.98543876276,71580.98543876276,64897.329122474504,SL,13,-1.0435813881228655,True,1113.9427193813751,69495.3
BTC/USDT:USDT,2025-05-12 00:00:00+00:00,2025-05-12 04:00:00+00:00,2025-05-14 04:00:00+00:00,-1,104064.0,103662.2,106508.1883156059,99175.62336878819,TIMEOUT,13,0.1047834155677625,True,1222.0941578029503,105000.1
BTC/USDT:USDT,2025-05-18 16:00:00+00:00,2025-05-18 20:00:00+00:00,2025-05-18 20:00:00+00:00,-1,103834.1,105905.04718141664,105905.04718141664,99691.90563716672,SL,13,-1.0701938423656758,True,1035.5235907083168,104524.2
BTC/USDT:USDT,2025-05-20 16:00:00+00:00,2025-05-20 20:00:00+00:00,2025-05-21 20:00:00+00:00,-1,106972.3,109900.98911997891,109900.98911997891,101114.62176004217,SL,13,-1.0511359225458106,True,1464.3945599894555,107114.3
BTC/USDT:USDT,2025-05-20 20:00:00+00:00,2025-05-21 00:00:00+00:00,2025-05-21 16:00:00+00:00,-1,106800.0,109716.17057064839,109716.17057064839,100967.95885870323,SL,13,-1.0512727209803627,True,1458.0352853241943,107114.3
BTC/USDT:USDT,2025-05-21 00:00:00+00:00,2025-05-21 04:00:00+00:00,2025-05-21 16:00:00+00:00,-1,106791.0,109590.74116122861,109590.74116122861,101191.51767754278,SL,13,-1.0534004364654879,True,1399.870580614302,107114.3
BTC/USDT:USDT,2025-05-21 04:00:00+00:00,2025-05-21 08:00:00+00:00,2025-05-21 12:00:00+00:00,-1,106463.7,109303.3756730648,109303.3756730648,100784.04865387041,SL,13,-1.0524880997551154,True,1419.887836532395,107114.3
BTC/USDT:USDT,2025-05-25 08:00:00+00:00,2025-05-25 12:00:00+00:00,2025-05-27 12:00:00+00:00,1,107214.0,110091.3,104662.77078857746,112316.45842284508,TIMEOUT,13,1.068975060253148,True,1275.6146057112744,106721.9
BTC/USDT:USDT,2025-05-29 12:00:00+00:00,2025-05-29 16:00:00+00:00,2025-05-30 16:00:00+00:00,1,106972.6,104292.66809284092,104292.66809284092,112332.16381431816,SL,13,-1.0558826288085645,True,1339.9159535795384,106497.0
BTC/USDT:USDT,2025-05-30 16:00:00+00:00,2025-05-30 20:00:00+00:00,2025-06-01 20:00:00+00:00,1,104597.6,105583.3,101741.80473879696,110309.1905224061,TIMEOUT,13,0.2938807873945571,True,1427.8976306015236,104521.0
BTC/USDT:USDT,2025-06-03 00:00:00+00:00,2025-06-03 04:00:00+00:00,2025-06-05 04:00:00+00:00,-1,105448.8,104473.0,107679.5817879988,100987.2364240024,TIMEOUT,13,0.37124728400393797,True,1115.3908939993994,105900.0
BTC/USDT:USDT,2025-06-08 20:00:00+00:00,2025-06-09 00:00:00+00:00,2025-06-09 08:00:00+00:00,-1,105676.5,107144.00809372489,107144.00809372489,102741.48381255023,SL,13,-1.1008151850287073,True,733.754046862443,105878.3
BTC/USDT:USDT,2025-06-09 00:00:00+00:00,2025-06-09 04:00:00+00:00,2025-06-09 08:00:00+00:00,-1,105617.0,107069.26701456157,107069.26701456157,102712.46597087686,SL,13,-1.101815849645693,True,726.1335072807848,105878.3
BTC/USDT:USDT,2025-06-24 16:00:00+00:00,2025-06-24 20:00:00+00:00,2025-06-26 20:00:00+00:00,-1,105582.1,106913.7,108567.53873584123,99611.22252831756,TIMEOUT,13,-0.4955435602275489,True,1492.7193679206096,106050.0
BTC/USDT:USDT,2025-06-24 20:00:00+00:00,2025-06-25 00:00:00+00:00,2025-06-27 00:00:00+00:00,-1,106034.9,107428.0,108806.68023772904,100491.3395245419,TIMEOUT,13,-0.5561583992181911,True,1385.8901188645284,106050.0
BTC/USDT:USDT,2025-06-29 12:00:00+00:00,2025-06-29 16:00:00+00:00,2025-07-01 16:00:00+00:00,-1,107686.9,105340.1,108978.19104659307,105104.31790681384,TIMEOUT,13,1.700653269295086,True,645.6455232965388,108249.9
BTC/USDT:USDT,2025-07-01 08:00:00+00:00,2025-07-01 12:00:00+00:00,2025-07-02 00:00:00+00:00,1,106556.8,105052.57056260362,105052.57056260362,109565.25887479277,SL,13,-1.099173381594107,True,752.1147186981914,106313.1
BTC/USDT:USDT,2025-07-03 08:00:00+00:00,2025-07-03 12:00:00+00:00,2025-07-05 12:00:00+00:00,-1,109551.1,108012.7,111485.73559125785,105681.5288174843,TIMEOUT,13,0.715911805953856,True,967.3677956289237,109690.4
BTC/USDT:USDT,2025-07-09 12:00:00+00:00,2025-07-09 16:00:00+00:00,2025-07-09 16:00:00+00:00,-1,109019.9,110638.11786979456,110638.11786979456,105783.76426041088,SL,13,-1.0943184863107318,True,809.0589348972779,109684.7
BTC/USDT:USDT,2025-07-13 12:00:00+00:00,2025-07-13 16:00:00+00:00,2025-07-14 00:00:00+00:00,-1,118610.6,120508.34099920656,120508.34099920656,114815.1180015869,SL,13,-1.0875013187096805,True,948.8704996032765,118882.8
BTC/USDT:USDT,2025-07-15 08:00:00+00:00,2025-07-15 12:00:00+00:00,2025-07-17 12:00:00+00:00,1,117110.4,118875.0,113979.63382174794,123371.93235650411,TIMEOUT,13,0.5112631697374678,True,1565.3830891260263,116862.4
BTC/USDT:USDT,2025-07-27 16:00:00+00:00,2025-07-27 20:00:00+00:00,2025-07-29 20:00:00+00:00,-1,118953.3,117897.0,120522.85426171935,115814.19147656132,TIMEOUT,13,0.5668904871280616,True,784.7771308596701,119469.9
BTC/USDT:USDT,2025-07-27 20:00:00+00:00,2025-07-28 00:00:00+00:00,2025-07-30 00:00:00+00:00,-1,119423.5,118106.5,121065.49369349009,116139.2126130198,TIMEOUT,13,0.7002506188413318,True,821.0468467450479,119469.9
BTC/USDT:USDT,2025-08-10 04:00:00+00:00,2025-08-10 08:00:00+00:00,2025-08-11 00:00:00+00:00,-1,117770.0,119799.92665826457,119799.92665826457,113710.14668347087,SL,13,-1.0812236241781061,True,1014.9633291322805,117906.7
BTC/USDT:USDT,2025-08-14 12:00:00+00:00,2025-08-14 16:00:00+00:00,2025-08-16 16:00:00+00:00,1,118185.9,117622.3,114657.09026270991,125243.51947458016,TIMEOUT,13,-0.20660231473966253,True,1764.4048686450415,118050.0
BTC/USDT:USDT,2025-08-15 12:00:00+00:00,2025-08-15 16:00:00+00:00,2025-08-17 16:00:00+00:00,1,117216.8,117527.0,114286.04905022864,123078.30189954273,TIMEOUT,13,0.049849503592720695,True,1465.375474885681,117004.0
BTC/USDT:USDT,2025-08-19 04:00:00+00:00,2025-08-19 08:00:00+00:00,2025-08-19 20:00:00+00:00,1,114928.7,112675.63058446816,112675.63058446816,119434.83883106367,SL,13,-1.0714137695407044,True,1126.5347077659144,114605.0
BTC/USDT:USDT,2025-08-22 12:00:00+00:00,2025-08-22 16:00:00+00:00,2025-08-24 16:00:00+00:00,-1,116319.4,112556.4,119590.81255755496,109776.27488489008,TIMEOUT,13,1.1004887878436,True,1635.7562787774802,116938.7
BTC/USDT:USDT,2025-09-02 08:00:00+00:00,2025-09-02 12:00:00+00:00,2025-09-03 12:00:00+00:00,-1,109698.6,112108.8867819524,112108.8867819524,104878.02643609521,SL,13,-1.063717745601873,True,1205.1433909762013,109874.8
BTC/USDT:USDT,2025-09-05 08:00:00+00:00,2025-09-05 12:00:00+00:00,2025-09-07 12:00:00+00:00,-1,112299.6,111276.2,114766.96941827849,107364.86116344304,TIMEOUT,13,0.35105426596571615,True,1233.6847091392433,112541.2
BTC/USDT:USDT,2025-09-16 16:00:00+00:00,2025-09-16 20:00:00+00:00,2025-09-18 20:00:00+00:00,-1,116757.1,117017.1,118589.58691268283,113094.82617463433,TIMEOUT,13,-0.23108483726087806,True,915.7934563414149,116759.9
BTC/USDT:USDT,2025-09-16 20:00:00+00:00,2025-09-17 00:00:00+00:00,2025-09-19 00:00:00+00:00,-1,116747.3,116914.2,118432.56865765846,113376.7626846831,TIMEOUT,13,-0.19601991557772402,True,842.634328829227,116759.9
BTC/USDT:USDT,2025-09-17 00:00:00+00:00,2025-09-17 04:00:00+00:00,2025-09-19 04:00:00+00:00,-1,116320.2,116850.1,117984.639503304,112991.02099339201,TIMEOUT,13,-0.41620514210631543,True,832.269751651996,116759.9
BTC/USDT:USDT,2025-09-25 12:00:00+00:00,2025-09-25 16:00:00+00:00,2025-09-25 16:00:00+00:00,1,111538.4,109486.86411009713,109486.86411009713,115641.47177980572,SL,13,-1.0761155389815742,True,1025.767944951433,110935.0
BTC/USDT:USDT,2025-10-05 00:00:00+00:00,2025-10-05 04:00:00+00:00,2025-10-06 16:00:00+00:00,-1,123735.7,125947.38255693486,125947.38255693486,119312.33488613028,SL,13,-1.078324974556962,True,1105.841278467427,123900.0
BTC/USDT:USDT,2025-10-07 12:00:00+00:00,2025-10-07 16:00:00+00:00,2025-10-09 16:00:00+00:00,1,121788.2,120897.6,118656.78564701593,128051.32870596815,TIMEOUT,13,-0.33885757692488633,True,1565.7571764920367,121432.0
BTC/USDT:USDT,2026-03-30 16:00:00+00:00,2026-03-30 20:00:00+00:00,2026-04-01 04:00:00+00:00,-1,66515.9,68930.60871328991,68930.60871328991,61686.782573420176,SL,13,-1.038564593521148,True,1207.304356644954,67284.0
BTC/USDT:USDT,2026-03-31 16:00:00+00:00,2026-03-31 20:00:00+00:00,2026-04-02 20:00:00+00:00,-1,67803.0,66868.5,70461.86918721195,62485.261625576095,TIMEOUT,13,0.3157642369312519,True,1329.4345936059779,68377.0
BTC/USDT:USDT,2026-03-31 20:00:00+00:00,2026-04-01 00:00:00+00:00,2026-04-03 00:00:00+00:00,-1,68241.4,66550.0,70702.67996225036,63319.14007549928,TIMEOUT,13,0.6483870443331794,True,1230.5899811251797,68377.0
BTC/USDT:USDT,2026-04-05 12:00:00+00:00,2026-04-05 16:00:00+00:00,2026-04-05 20:00:00+00:00,-1,67272.2,68418.66028352406,68418.66028352406,64979.279432951866,SL,13,-1.0821494484837275,True,573.2301417620354,67554.5
BTC/USDT:USDT,2026-04-10 12:00:00+00:00,2026-04-10 16:00:00+00:00,2026-04-12 16:00:00+00:00,-1,72421.1,71055.2,74566.10255885388,68130.79488229225,TIMEOUT,13,0.5895146627124161,True,1072.551279426937,73128.0
BTC/USDT:USDT,2026-04-17 08:00:00+00:00,2026-04-17 12:00:00+00:00,2026-04-17 12:00:00+00:00,-1,75542.1,77516.47321742897,77516.47321742897,71593.65356514206,SL,13,-1.053565829938536,True,987.1366087144876,76009.0
BTC/USDT:USDT,2026-04-26 20:00:00+00:00,2026-04-27 00:00:00+00:00,2026-04-28 12:00:00+00:00,-1,78614.4,76036.71870356568,79901.89064821716,76036.71870356568,TP,13,1.916612862276955,True,644.1953241085765,78648.0
BTC/USDT:USDT,2026-04-27 20:00:00+00:00,2026-04-28 00:00:00+00:00,2026-04-28 12:00:00+00:00,1,77331.2,75654.08907841927,75654.08907841927,80685.42184316144,SL,13,-1.0645536789528258,True,838.5554607903581,77100.0
BTC/USDT:USDT,2026-05-03 20:00:00+00:00,2026-05-04 00:00:00+00:00,2026-05-04 00:00:00+00:00,-1,78529.0,79663.62595242384,79663.62595242384,76259.74809515232,SL,13,-1.0968958975115453,True,567.312976211918,79145.0
BTC/USDT:USDT,2026-05-04 08:00:00+00:00,2026-05-04 12:00:00+00:00,2026-05-04 16:00:00+00:00,-1,78753.5,80669.14587184449,80669.14587184449,74922.20825631102,SL,13,-1.0575549487619234,True,957.822935922247,79145.0
BTC/USDT:USDT,2026-05-12 12:00:00+00:00,2026-05-12 16:00:00+00:00,2026-05-13 12:00:00+00:00,1,80301.6,78792.11380283738,78792.11380283738,83320.57239432525,SL,13,-1.0744771566717997,True,754.7430985813147,80225.1
BTC/USDT:USDT,2026-06-01 08:00:00+00:00,2026-06-01 12:00:00+00:00,2026-06-01 12:00:00+00:00,1,72452.7,71072.7249924356,71072.7249924356,75212.95001512881,SL,13,-1.073504070323003,True,690.037503782205,72436.0
BTC/USDT:USDT,2026-06-03 16:00:00+00:00,2026-06-03 20:00:00+00:00,2026-06-04 00:00:00+00:00,1,65428.5,62828.373151510496,62828.373151510496,70629.05369697901,SL,13,-1.0352290120203993,True,1300.1134242447524,65359.1
BTC/USDT:USDT,2026-06-22 00:00:00+00:00,2026-06-22 04:00:00+00:00,2026-06-22 12:00:00+00:00,-1,63935.1,65406.148656105215,65406.148656105215,60993.002687789565,SL,13,-1.0608471647953417,True,735.5243280526065,64568.0
BTC/USDT:USDT,2026-07-01 20:00:00+00:00,2026-07-02 00:00:00+00:00,2026-07-02 12:00:00+00:00,-1,59999.6,62031.500483813754,62031.500483813754,55935.79903237249,SL,13,-1.041340331708735,True,1015.9502419068787,60758.3
BTC/USDT:USDT,2026-07-02 04:00:00+00:00,2026-07-02 08:00:00+00:00,2026-07-03 12:00:00+00:00,-1,60125.8,62263.52080784234,62263.52080784234,55850.35838431533,SL,13,-1.0393765732602664,True,1068.8604039211664,60758.3
BTC/USDT:USDT,2026-07-03 12:00:00+00:00,2026-07-03 16:00:00+00:00,2026-07-05 16:00:00+00:00,-1,61895.2,62744.0,63509.01649125191,58667.56701749617,TIMEOUT,13,-0.5796528199277031,True,806.9082456259567,62180.0
BTC/USDT:USDT,2026-07-03 16:00:00+00:00,2026-07-03 20:00:00+00:00,2026-07-05 20:00:00+00:00,-1,62178.4,63687.65429241833,63687.65429241833,59159.89141516334,SL,13,-1.0576773314061723,True,754.6271462091629,62180.0
BTC/USDT:USDT,2026-07-04 12:00:00+00:00,2026-07-04 16:00:00+00:00,2026-07-06 16:00:00+00:00,-1,62908.7,63709.8,64173.9712790056,60378.45744198881,TIMEOUT,13,-0.7027522040165336,True,632.5856395027996,62957.2
BTC/USDT:USDT,2026-07-20 00:00:00+00:00,2026-07-20 04:00:00+00:00,2026-07-21 04:00:00+00:00,-1,64839.3,65796.77105539004,65796.77105539004,62924.657889219925,SL,13,-1.0948070643900787,True,478.68552769501827,64948.8
BTC/USDT:USDT,2026-07-27 20:00:00+00:00,2026-07-28 00:00:00+00:00,2026-07-30 00:00:00+00:00,1,63720.7,64134.0,62358.48306241383,66445.43387517236,TIMEOUT,13,0.2379143960537502,True,681.1584687930887,63666.0
BTC/USDT:USDT,2026-08-04 04:00:00+00:00,2026-08-04 08:00:00+00:00,2026-08-05 20:00:00+00:00,-1,63666.5,64968.875642945655,64968.875642945655,61061.74871410869,SL,13,-1.0684388567022052,True,651.1878214728272,63779.0
BTC/USDT:USDT,2026-08-05 12:00:00+00:00,2026-08-05 16:00:00+00:00,2026-08-07 16:00:00+00:00,-1,64353.6,64932.9,65549.4178136566,61961.96437268679,TIMEOUT,13,-0.5597801206465621,True,597.9089068283005,64512.9
BTC/USDT:USDT,2026-08-07 08:00:00+00:00,2026-08-07 12:00:00+00:00,2026-08-09 12:00:00+00:00,-1,64996.2,65207.7,66074.33343284183,62839.63313431634,TIMEOUT,13,-0.2805725810790045,True,539.1167164209132,65022.0
BTC/USDT:USDT,2026-08-14 08:00:00+00:00,2026-08-14 12:00:00+00:00,2026-08-16 12:00:00+00:00,1,62837.5,63113.8,61930.60745752657,64650.98508494687,TIMEOUT,13,0.20766241994488535,True,453.3962712367192,62800.0
BTC/USDT:USDT,2026-08-24 12:00:00+00:00,2026-08-24 16:00:00+00:00,2026-08-26 16:00:00+00:00,-1,79069.3,78434.9,81664.48703548593,73878.92592902815,TIMEOUT,13,0.2017977790575505,True,1297.593517742967,79555.5
BTC/USDT:USDT,2026-08-24 16:00:00+00:00,2026-08-24 20:00:00+00:00,2026-08-26 20:00:00+00:00,-1,78715.1,78989.4,81345.54209742114,73454.21580515773,TIMEOUT,13,-0.14617358062241698,True,1315.2210487105717,79555.5
ETH/USDT:USDT,2023-07-06 12:00:00+00:00,2023-07-06 16:00:00+00:00,2023-07-07 00:00:00+00:00,1,1887.6,1833.3179408165329,1833.3179408165329,1996.164118366934,SL,13,-1.0486834884260412,True,27.141029591733464,1883.55
ETH/USDT:USDT,2023-07-17 08:00:00+00:00,2023-07-17 12:00:00+00:00,2023-07-19 12:00:00+00:00,1,1909.01,1905.3,1867.4347344724144,1992.160531055171,TIMEOUT,13,-0.15351950057336658,True,20.787632763792825,1896.8
ETH/USDT:USDT,2023-09-01 12:00:00+00:00,2023-09-01 16:00:00+00:00,2023-09-03 16:00:00+00:00,1,1633.76,1638.08,1592.1132401949972,1717.0235196100057,TIMEOUT,13,0.04880898320823876,True,20.818379902501437,1628.3
ETH/USDT:USDT,2023-09-14 00:00:00+00:00,2023-09-14 04:00:00+00:00,2023-09-16 04:00:00+00:00,-1,1619.36,1636.21,1668.1869085254375,1521.7361829491247,TIMEOUT,13,-0.39152804421440285,True,24.408454262718767,1626.78
ETH/USDT:USDT,2023-09-28 08:00:00+00:00,2023-09-28 12:00:00+00:00,2023-09-28 16:00:00+00:00,-1,1622.95,1660.0796393762196,1660.0796393762196,1548.660721247561,SL,13,-1.0611945076271123,True,18.56981968810981,1633.98
ETH/USDT:USDT,2023-10-06 16:00:00+00:00,2023-10-06 20:00:00+00:00,2023-10-08 20:00:00+00:00,-1,1645.52,1632.02,1686.197877871604,1564.1042442567918,TIMEOUT,13,0.2752422836643539,True,20.348938935802057,1655.13
ETH/USDT:USDT,2023-10-12 08:00:00+00:00,2023-10-12 12:00:00+00:00,2023-10-12 16:00:00+00:00,1,1551.49,1515.0276528407596,1515.0276528407596,1624.4146943184808,SL,13,-1.0595706576571702,True,18.231173579620208,1541.78
ETH/USDT:USDT,2023-10-21 20:00:00+00:00,2023-10-22 00:00:00+00:00,2023-10-22 20:00:00+00:00,-1,1628.29,1662.2503022379697,1662.2503022379697,1560.3693955240606,SL,13,-1.0671256098967004,True,16.9801511189849,1630.01
ETH/USDT:USDT,2023-10-22 00:00:00+00:00,2023-10-22 04:00:00+00:00,2023-10-22 20:00:00+00:00,-1,1628.72,1663.1362619395738,1663.1362619395738,1559.8874761208524,SL,13,-1.0662537960689473,True,17.20813096978692,1630.01
ETH/USDT:USDT,2023-10-26 04:00:00+00:00,2023-10-26 08:00:00+00:00,2023-10-28 08:00:00+00:00,-1,1850.57,1788.39,1935.6792591948342,1680.3214816103314,TIMEOUT,13,0.7001494615713516,True,42.55962959741709,1854.87
ETH/USDT:USDT,2023-11-05 12:00:00+00:00,2023-11-05 16:00:00+00:00,2023-11-07 16:00:00+00:00,-1,1874.91,1895.18,1927.1340001115332,1770.461999776934,TIMEOUT,13,-0.4383975557426499,True,26.11200005576649,1876.26
ETH/USDT:USDT,2023-11-09 04:00:00+00:00,2023-11-09 08:00:00+00:00,2023-11-09 12:00:00+00:00,-1,1912.49,1963.1161462626371,1963.1161462626371,1811.2677074747257,SL,13,-1.0528874148569358,True,25.30807313131857,1916.8
ETH/USDT:USDT,2023-11-09 08:00:00+00:00,2023-11-09 12:00:00+00:00,2023-11-09 12:00:00+00:00,-1,1913.91,1962.083993427619,1962.083993427619,1817.5620131447624,SL,13,-1.0556207573703826,True,24.086996713809437,1916.8
ETH/USDT:USDT,2023-11-27 04:00:00+00:00,2023-11-27 08:00:00+00:00,2023-11-27 16:00:00+00:00,1,2045.1,1993.4802405988519,1993.4802405988519,2148.339518802296,SL,13,-1.0554659694895114,True,25.809879700574037,2033.5
ETH/USDT:USDT,2023-12-03 20:00:00+00:00,2023-12-04 00:00:00+00:00,2023-12-04 04:00:00+00:00,-1,2193.25,2248.7302008941415,2248.7302008941415,2082.2595982117164,SL,13,-1.0553449690252337,True,27.745100447070797,2199.99
ETH/USDT:USDT,2023-12-05 16:00:00+00:00,2023-12-05 20:00:00+00:00,2023-12-07 20:00:00+00:00,-1,2273.76,2360.7187052569748,2360.7187052569748,2099.8125894860505,SL,13,-1.0366066167911887,True,43.484352628487464,2276.84
ETH/USDT:USDT,2024-07-03 00:00:00+00:00,2024-07-03 04:00:00+00:00,2024-07-03 16:00:00+00:00,1,3359.36,3271.6242266532217,3271.6242266532217,3534.831546693557,SL,13,-1.053605317655443,True,43.8678866733891,3348.5
ETH/USDT:USDT,2024-07-10 04:00:00+00:00,2024-07-10 08:00:00+00:00,2024-07-12 08:00:00+00:00,-1,3095.63,3069.22,3222.110868219247,2842.668263561506,TIMEOUT,13,0.17454116429476657,True,63.240434109623486,3115.8
ETH/USDT:USDT,2024-07-11 08:00:00+00:00,2024-07-11 12:00:00+00:00,2024-07-13 12:00:00+00:00,-1,3145.55,3153.92,3255.77673974425,2925.096520511501,TIMEOUT,13,-0.11588630879982342,True,55.11336987212491,3150.0
ETH/USDT:USDT,2024-07-14 08:00:00+00:00,2024-07-14 12:00:00+00:00,2024-07-15 00:00:00+00:00,-1,3201.6,3280.112236716153,3280.112236716153,3044.5455265676947,SL,13,-1.0570896994847407,True,39.261118358076274,3216.6
ETH/USDT:USDT,2024-07-21 20:00:00+00:00,2024-07-22 00:00:00+00:00,2024-07-24 00:00:00+00:00,-1,3534.3,3447.02,3634.50140443873,3333.86719112254,TIMEOUT,13,0.8216649303587742,True,50.105702219364844,3539.38
ETH/USDT:USDT,2024-08-14 08:00:00+00:00,2024-08-14 12:00:00+00:00,2024-08-15 20:00:00+00:00,-1,2748.59,2516.1483676668745,2864.8258161665626,2516.1483676668745,TP,13,1.9666365658374851,True,58.11290808328132,2749.97
ETH/USDT:USDT,2024-08-23 12:00:00+00:00,2024-08-23 16:00:00+00:00,2024-08-23 20:00:00+00:00,-1,2669.46,2757.677921705031,2757.677921705031,2492.994156589937,SL,13,-1.042363772890683,True,44.113960852515625,2694.96
ETH/USDT:USDT,2024-08-26 00:00:00+00:00,2024-08-26 04:00:00+00:00,2024-08-27 08:00:00+00:00,1,2743.0,2663.707951798787,2663.707951798787,2901.614096402427,SL,13,-1.0484310859300168,True,39.651024100606705,2729.15
ETH/USDT:USDT,2024-08-26 04:00:00+00:00,2024-08-26 08:00:00+00:00,2024-08-27 08:00:00+00:00,1,2731.92,2656.8128915589486,2656.8128915589486,2882.134216882103,SL,13,-1.0509231160590058,True,37.553554220525825,2729.15
ETH/USDT:USDT,2024-08-26 08:00:00+00:00,2024-08-26 12:00:00+00:00,2024-08-27 08:00:00+00:00,1,2735.81,2659.3598393510883,2659.3598393510883,2888.710321297823,SL,13,-1.050099750837535,True,38.22508032445574,2729.15
ETH/USDT:USDT,2024-09-10 16:00:00+00:00,2024-09-10 20:00:00+00:00,2024-09-12 20:00:00+00:00,-1,2379.6,2360.79,2470.264151802287,2198.2416963954265,TIMEOUT,13,0.17072414722143234,True,45.337075901143315,2382.51
ETH/USDT:USDT,2024-09-15 20:00:00+00:00,2024-09-16 00:00:00+00:00,2024-09-18 00:00:00+00:00,1,2314.85,2333.92,2243.231601646972,2458.0867967060553,TIMEOUT,13,0.2210215582031509,True,35.80919917651391,2313.16
ETH/USDT:USDT,2024-09-30 04:00:00+00:00,2024-09-30 08:00:00+00:00,2024-09-30 16:00:00+00:00,1,2636.7,2574.0775191399093,2574.0775191399093,2761.944961720181,SL,13,-1.0589465627886443,True,31.31124043004518,2632.8
ETH/USDT:USDT,2024-10-06 20:00:00+00:00,2024-10-07 00:00:00+00:00,2024-10-07 00:00:00+00:00,-1,2438.76,2490.7738612595,2490.7738612595,2334.762277481,SL,13,-1.0656414255224405,True,26.001930629750056,2440.0
ETH/USDT:USDT,2024-10-12 12:00:00+00:00,2024-10-12 16:00:00+00:00,2024-10-14 04:00:00+00:00,-1,2471.73,2533.9897646880963,2533.9897646880963,2347.2404706238067,SL,13,-1.055580389957073,True,31.124882344048327,2472.9
ETH/USDT:USDT,2024-10-12 16:00:00+00:00,2024-10-12 20:00:00+00:00,2024-10-14 04:00:00+00:00,-1,2471.31,2530.9457960630175,2530.9457960630175,2352.0084078739656,SL,13,-1.0580160612988878,True,29.82289803150857,2472.9
ETH/USDT:USDT,2024-10-22 00:00:00+00:00,2024-10-22 04:00:00+00:00,2024-10-23 08:00:00+00:00,1,2644.66,2572.9825066164494,2572.9825066164494,2787.9849867671014,SL,13,-1.0516553219877205,True,35.83374669177543,2630.05
ETH/USDT:USDT,2024-10-22 08:00:00+00:00,2024-10-22 12:00:00+00:00,2024-10-23 08:00:00+00:00,1,2632.75,2563.5919271919106,2563.5919271919106,2771.066145616179,SL,13,-1.0532960195439232,True,34.57903640404466,2630.05
ETH/USDT:USDT,2024-11-02 12:00:00+00:00,2024-11-02 16:00:00+00:00,2024-11-04 16:00:00+00:00,1,2488.18,2409.5969723663015,2409.5969723663015,2645.3460552673964,SL,13,-1.0443282996964374,True,39.291513816849076,2467.3
ETH/USDT:USDT,2024-11-04 16:00:00+00:00,2024-11-04 20:00:00+00:00,2024-11-06 00:00:00+00:00,1,2430.06,2587.5644516559055,2351.307774172047,2587.5644516559055,TP,13,1.9568001543545905,True,39.376112913976385,2410.35
ETH/USDT:USDT,2024-11-11 12:00:00+00:00,2024-11-11 16:00:00+00:00,2025-04-27 08:00:00+00:00,-1,3240.63,2890.5264611851867,3415.6967694074065,2890.5264611851867,TP,13,1.9739134844639106,True,87.52838470370338,3252.28
ETH/USDT:USDT,2025-05-04 20:00:00+00:00,2025-05-05 00:00:00+00:00,2025-05-06 08:00:00+00:00,1,1807.87,1760.5550745374203,1760.5550745374203,1902.499850925159,SL,13,-1.053493014630272,True,23.65746273128975,1807.75
ETH/USDT:USDT,2025-05-17 00:00:00+00:00,2025-05-17 04:00:00+00:00,2025-05-18 20:00:00+00:00,1,2495.92,2360.1531343553115,2360.1531343553115,2767.4837312893765,SL,13,-1.0257374137894941,True,67.88843282234404,2475.61
ETH/USDT:USDT,2025-05-17 04:00:00+00:00,2025-05-17 08:00:00+00:00,2025-05-18 20:00:00+00:00,1,2491.49,2363.4700497746035,2363.4700497746035,2747.5299004507924,SL,13,-1.0272464252162163,True,64.00997511269814,2475.61
ETH/USDT:USDT,2025-05-17 08:00:00+00:00,2025-05-17 12:00:00+00:00,2025-05-18 20:00:00+00:00,1,2480.55,2361.229376471323,2361.229376471323,2719.1612470573536,SL,13,-1.0291045244091048,True,59.65531176433838,2475.61
ETH/USDT:USDT,2025-05-30 20:00:00+00:00,2025-05-31 00:00:00+00:00,2025-06-02 00:00:00+00:00,1,2529.62,2495.12,2402.381030642339,2784.1279387153227,TIMEOUT,13,-0.2989765493389665,True,63.62448467883055,2508.0
ETH/USDT:USDT,2025-06-02 12:00:00+00:00,2025-06-02 16:00:00+00:00,2025-06-03 00:00:00+00:00,-1,2543.25,2638.3494277810105,2638.3494277810105,2353.0211444379784,SL,13,-1.037440288370599,True,47.5547138905054,2550.0
ETH/USDT:USDT,2025-06-02 16:00:00+00:00,2025-06-02 20:00:00+00:00,2025-06-03 00:00:00+00:00,-1,2531.22,2624.9768374102096,2624.9768374102096,2343.676325179581,SL,13,-1.0377967953899232,True,46.883418705104674,2550.0
ETH/USDT:USDT,2025-06-17 12:00:00+00:00,2025-06-17 16:00:00+00:00,2025-06-19 16:00:00+00:00,1,2497.76,2503.76,2370.955661222206,2751.338677555588,TIMEOUT,13,0.019740144731059808,True,63.39716938889703,2486.68
ETH/USDT:USDT,2025-06-24 12:00:00+00:00,2025-06-24 16:00:00+00:00,2025-06-26 16:00:00+00:00,-1,2437.0,2434.52,2577.2424171198163,2156.5151657603674,TIMEOUT,13,-0.006644209499069722,True,70.12120855990817,2447.96
ETH/USDT:USDT,2025-07-09 00:00:00+00:00,2025-07-09 04:00:00+00:00,2025-07-09 12:00:00+00:00,-1,2590.42,2667.3511427459653,2667.3511427459653,2436.5577145080697,SL,13,-1.0471407010289107,True,38.46557137298265,2607.08
ETH/USDT:USDT,2025-07-14 00:00:00+00:00,2025-07-14 04:00:00+00:00,2025-07-16 00:00:00+00:00,-1,3036.37,3145.170075953094,3145.170075953094,2818.7698480938116,SL,13,-1.0390709102246642,True,54.400037976547125,3040.95
ETH/USDT:USDT,2025-07-15 16:00:00+00:00,2025-07-15 20:00:00+00:00,2025-07-16 04:00:00+00:00,-1,3040.86,3164.697308779243,3164.697308779243,2793.2153824415136,SL,13,-1.0343773943568901,True,61.9136543896216,3083.0
ETH/USDT:USDT,2025-07-20 00:00:00+00:00,2025-07-20 04:00:00+00:00,2025-07-20 16:00:00+00:00,-1,3657.12,3817.2724800340297,3817.2724800340297,3336.785039931941,SL,13,-1.031969333218643,True,80.08124001701479,3674.43
ETH/USDT:USDT,2025-07-20 04:00:00+00:00,2025-07-20 08:00:00+00:00,2025-07-20 16:00:00+00:00,-1,3667.37,3821.374149362826,3821.374149362826,3359.3917012743486,SL,13,-1.0333388289941707,True,76.9970746814128,3674.43
ETH/USDT:USDT,2025-07-21 08:00:00+00:00,2025-07-21 12:00:00+00:00,2025-07-23 12:00:00+00:00,-1,3808.88,3643.55,3966.52508161682,3493.3498367663606,TIMEOUT,13,1.0149226754114544,True,78.86254080840986,3826.0
ETH/USDT:USDT,2025-07-23 12:00:00+00:00,2025-07-23 16:00:00+00:00,2025-07-25 16:00:00+00:00,1,3643.55,3639.56,3478.660315240696,3973.3293695186085,TIMEOUT,13,-0.05513364898035118,True,82.44484237965209,3616.53
ETH/USDT:USDT,2025-07-23 20:00:00+00:00,2025-07-24 00:00:00+00:00,2025-07-26 00:00:00+00:00,1,3627.5,3738.01,3453.784414558567,3974.9011708828657,TIMEOUT,13,0.6069202123234108,True,86.85279272071648,3616.53
ETH/USDT:USDT,2025-07-24 00:00:00+00:00,2025-07-24 04:00:00+00:00,2025-07-26 04:00:00+00:00,1,3640.31,3741.03,3475.3411592840916,3970.2476814318165,TIMEOUT,13,0.579646226432984,True,82.48442035795425,3616.53
ETH/USDT:USDT,2025-07-26 08:00:00+00:00,2025-07-26 12:00:00+00:00,2025-07-28 00:00:00+00:00,-1,3738.43,3899.2807097221435,3899.2807097221435,3416.7585805557133,SL,13,-1.032538258668805,True,80.42035486107162,3772.63
ETH/USDT:USDT,2025-07-26 20:00:00+00:00,2025-07-27 00:00:00+00:00,2025-07-28 00:00:00+00:00,-1,3740.0,3881.2373923732,3881.2373923732,3457.5252152536004,SL,13,-1.0370723355339542,True,70.61869618659979,3772.63
ETH/USDT:USDT,2025-07-27 04:00:00+00:00,2025-07-27 08:00:00+00:00,2025-07-28 00:00:00+00:00,-1,3766.5,3899.3268413825363,3899.3268413825363,3500.8463172349275,SL,13,-1.0396990543862568,True,66.41342069126824,3772.63
ETH/USDT:USDT,2025-08-01 00:00:00+00:00,2025-08-01 04:00:00+00:00,2025-08-01 16:00:00+00:00,1,3703.49,3545.3248064306886,3545.3248064306886,4019.820387138622,SL,13,-1.0327814602125331,True,79.08259678465569,3670.0
ETH/USDT:USDT,2025-08-11 00:00:00+00:00,2025-08-11 04:00:00+00:00,2025-08-12 12:00:00+00:00,-1,4307.78,4474.922696017199,4474.922696017199,3973.464607965603,SL,13,-1.0360822946123796,True,83.57634800859925,4331.99
ETH/USDT:USDT,2025-08-11 04:00:00+00:00,2025-08-11 08:00:00+00:00,2025-08-12 12:00:00+00:00,-1,4272.93,4440.662336548239,4440.662336548239,3937.4653269035225,SL,13,-1.0356645720384368,True,83.86616827411936,4331.99
ETH/USDT:USDT,2025-08-19 04:00:00+00:00,2025-08-19 08:00:00+00:00,2025-08-21 08:00:00+00:00,1,4232.61,4277.01,4036.847730823445,4624.134538353109,TIMEOUT,13,0.19653606469641605,True,97.88113458827733,4224.1
ETH/USDT:USDT,2025-08-19 08:00:00+00:00,2025-08-19 12:00:00+00:00,2025-08-19 20:00:00+00:00,1,4307.29,4111.132700046986,4111.132700046986,4699.634599906028,SL,13,-1.0307416853792566,True,98.08364997650698,4224.1
ETH/USDT:USDT,2025-08-29 12:00:00+00:00,2025-08-29 16:00:00+00:00,2025-08-31 16:00:00+00:00,1,4313.88,4453.25,4095.05394906416,4751.50210187168,TIMEOUT,13,0.6092993381263022,True,109.40802546792,4310.0
ETH/USDT:USDT,2025-08-29 16:00:00+00:00,2025-08-29 20:00:00+00:00,2025-08-31 20:00:00+00:00,1,4338.79,4389.58,4130.027422522272,4756.285154955455,TIMEOUT,13,0.21419401187825676,True,104.376288738864,4310.0
ETH/USDT:USDT,2025-08-29 20:00:00+00:00,2025-08-30 00:00:00+00:00,2025-09-01 00:00:00+00:00,1,4358.65,4401.34,4157.571099519302,4760.807800961395,TIMEOUT,13,0.18195787779092595,True,100.53945024034886,4310.0
ETH/USDT:USDT,2025-09-11 12:00:00+00:00,2025-09-11 16:00:00+00:00,2025-09-12 04:00:00+00:00,-1,4410.4,4551.36958930802,4551.36958930802,4128.490821383959,SL,13,-1.0438006525400914,True,70.47979465401043,4453.56
ETH/USDT:USDT,2025-09-25 04:00:00+00:00,2025-09-25 08:00:00+00:00,2025-09-25 16:00:00+00:00,1,4006.94,3852.110236504984,3852.110236504984,4316.599526990032,SL,13,-1.036231509196748,True,77.414881747508,4000.88
ETH/USDT:USDT,2025-09-25 08:00:00+00:00,2025-09-25 12:00:00+00:00,2025-09-25 16:00:00+00:00,1,4000.93,3849.757538304319,3849.757538304319,4303.274923391362,SL,13,-1.037052396561986,True,75.58623084784031,4000.88
ETH/USDT:USDT,2025-09-25 12:00:00+00:00,2025-09-25 16:00:00+00:00,2025-09-25 16:00:00+00:00,1,4001.0,3840.5545331970766,3840.5545331970766,4321.890933605847,SL,13,-1.0349115503953767,True,80.22273340146162,4000.88
ETH/USDT:USDT,2025-10-07 20:00:00+00:00,2025-10-08 00:00:00+00:00,2025-10-10 00:00:00+00:00,1,4445.77,4345.01,4257.084497657169,4823.111004685663,TIMEOUT,13,-0.5669968104153323,True,94.33775117141575,4438.0
ETH/USDT:USDT,2025-10-08 00:00:00+00:00,2025-10-08 04:00:00+00:00,2025-10-10 04:00:00+00:00,1,4441.82,4321.06,4260.575231302879,4804.339537394242,TIMEOUT,13,-0.7005915200355042,True,90.62738434856034,4438.0
ETH/USDT:USDT,2025-10-09 00:00:00+00:00,2025-10-09 04:00:00+00:00,2025-10-09 16:00:00+00:00,1,4448.8,4274.319125056775,4274.319125056775,4797.791749886451,SL,13,-1.0356962905076368,True,87.24543747161277,4408.69
ETH/USDT:USDT,2025-10-09 04:00:00+00:00,2025-10-09 08:00:00+00:00,2025-10-10 12:00:00+00:00,1,4424.42,4259.649908382538,4259.649908382538,4753.990183234924,SL,13,-1.0375929147043308,True,82.39004580873106,4408.69
ETH/USDT:USDT,2026-05-03 20:00:00+00:00,2026-05-04 00:00:00+00:00,2026-05-04 00:00:00+00:00,-1,2321.67,2366.4853548723536,2366.4853548723536,2232.039290255293,SL,13,-1.0725273292883177,True,22.40767743617676,2342.0
ETH/USDT:USDT,2026-05-27 12:00:00+00:00,2026-05-27 16:00:00+00:00,2026-05-28 00:00:00+00:00,1,2070.86,2011.3972393658576,2011.3972393658576,2189.7855212682853,SL,13,-1.0487566330436284,True,29.731380317071306,2053.0
ETH/USDT:USDT,2026-05-27 16:00:00+00:00,2026-05-27 20:00:00+00:00,2026-05-28 00:00:00+00:00,1,2056.85,1996.7322741170765,1996.7322741170765,2177.0554517658475,SL,13,-1.0478991837716527,True,30.05386294146178,2053.0
ETH/USDT:USDT,2026-06-01 08:00:00+00:00,2026-06-01 12:00:00+00:00,2026-06-02 12:00:00+00:00,1,1980.73,1934.3732847359665,1934.3732847359665,2073.443430528067,SL,13,-1.0598192081601494,True,23.178357632016684,1975.37
ETH/USDT:USDT,2026-06-10 08:00:00+00:00,2026-06-10 12:00:00+00:00,2026-06-12 12:00:00+00:00,1,1619.17,1658.98,1546.416645635555,1764.7067087288904,TIMEOUT,13,0.5160334163004233,True,36.38167718222262,1613.1
ETH/USDT:USDT,2026-06-22 00:00:00+00:00,2026-06-22 04:00:00+00:00,2026-06-24 04:00:00+00:00,-1,1729.31,1672.38,1781.2914572275217,1625.3470855449564,TIMEOUT,13,1.0486232765929435,True,25.99072861376085,1749.13
ETH/USDT:USDT,2026-06-22 04:00:00+00:00,2026-06-22 08:00:00+00:00,2026-06-23 08:00:00+00:00,-1,1745.76,1642.7734741389625,1797.2532629305188,1642.7734741389625,TP,13,1.9525362375404751,True,25.746631465259416,1749.13
ETH/USDT:USDT,2026-06-25 12:00:00+00:00,2026-06-25 16:00:00+00:00,2026-06-27 16:00:00+00:00,1,1569.42,1577.52,1472.7912597572092,1762.7074804855818,TIMEOUT,13,0.061087539640570836,True,48.31937012139547,1551.0
ETH/USDT:USDT,2026-07-01 20:00:00+00:00,2026-07-02 00:00:00+00:00,2026-07-02 12:00:00+00:00,-1,1608.87,1673.5145611684636,1673.5145611684636,1479.5808776630724,SL,13,-1.034843116873053,True,32.3222805842319,1637.2
ETH/USDT:USDT,2026-07-02 04:00:00+00:00,2026-07-02 08:00:00+00:00,2026-07-02 12:00:00+00:00,-1,1615.55,1681.829737055424,1681.829737055424,1483.020525889152,SL,13,-1.0341246073156367,True,33.134868527711966,1637.2
ETH/USDT:USDT,2026-07-08 08:00:00+00:00,2026-07-08 12:00:00+00:00,2026-07-10 12:00:00+00:00,1,1747.35,1790.49,1684.1541887521214,1873.771622495757,TIMEOUT,13,0.6439304947029411,True,31.602905623939225,1728.3
ETH/USDT:USDT,2026-07-13 00:00:00+00:00,2026-07-13 04:00:00+00:00,2026-07-15 04:00:00+00:00,1,1779.77,1869.13,1720.9976298084,1897.2847403832,TIMEOUT,13,1.4780469413911053,True,29.381185095799943,1778.26
ETH/USDT:USDT,2026-07-13 04:00:00+00:00,2026-07-13 08:00:00+00:00,2026-07-15 08:00:00+00:00,1,1786.74,1883.64,1730.8792791672802,1898.4614416654397,TIMEOUT,13,1.6898916195994935,True,27.93036041635995,1778.26
ETH/USDT:USDT,2026-07-13 08:00:00+00:00,2026-07-13 12:00:00+00:00,2026-07-14 12:00:00+00:00,1,1779.9,1885.5145827767146,1727.0927086116428,1885.5145827767146,TP,13,1.9528121981929678,True,26.403645694178625,1778.26
ETH/USDT:USDT,2026-07-20 04:00:00+00:00,2026-07-20 08:00:00+00:00,2026-07-20 16:00:00+00:00,-1,1863.11,1907.1854138706422,1907.1854138706422,1774.9591722587154,SL,13,-1.0591793421986984,True,22.037706935321125,1878.76
ETH/USDT:USDT,2026-08-19 08:00:00+00:00,2026-08-19 12:00:00+00:00,2026-08-19 12:00:00+00:00,-1,1922.35,1953.3607281742513,1953.3607281742513,1860.298543651497,SL,13,-1.0867857724874261,True,15.510364087125714,1922.72
ETH/USDT:USDT,2026-08-20 12:00:00+00:00,2026-08-20 16:00:00+00:00,2026-08-21 20:00:00+00:00,-1,2325.12,2454.679720632212,2454.679720632212,2066.0005587355754,SL,13,-1.0251248457785782,True,64.7798603161062,2336.82
ETH/USDT:USDT,2026-08-20 16:00:00+00:00,2026-08-20 20:00:00+00:00,2026-08-21 08:00:00+00:00,-1,2322.73,2448.653091214584,2448.653091214584,2070.8538175708313,SL,13,-1.0258238736726897,True,62.96654560729201,2336.82
ETH/USDT:USDT,2026-08-20 20:00:00+00:00,2026-08-21 00:00:00+00:00,2026-08-21 08:00:00+00:00,-1,2326.18,2444.2180123859725,2444.2180123859725,2090.1039752280544,SL,13,-1.0275898579971938,True,59.01900619298643,2336.82
BNB/USDT:USDT,2023-07-06 12:00:00+00:00,2023-07-06 16:00:00+00:00,2023-07-07 00:00:00+00:00,1,238.19,230.83092873579605,230.83092873579605,252.87814252840792,SL,13,-1.0453135984186006,True,3.6745356321019798,235.0
BNB/USDT:USDT,2023-07-10 08:00:00+00:00,2023-07-10 12:00:00+00:00,2023-07-11 20:00:00+00:00,-1,241.91,249.28118181362743,249.28118181362743,227.1976363727451,SL,13,-1.0459456853138365,True,3.6805909068137233,244.44
BNB/USDT:USDT,2023-07-17 00:00:00+00:00,2023-07-17 04:00:00+00:00,2023-07-19 04:00:00+00:00,1,243.47,242.69,236.21394606654007,257.9821078669198,TIMEOUT,13,-0.1544721153230926,True,3.628026966729957,241.04
BNB/USDT:USDT,2023-07-24 04:00:00+00:00,2023-07-24 08:00:00+00:00,2023-07-24 08:00:00+00:00,1,242.07,238.25310171453563,238.25310171453563,249.70379657092872,SL,13,-1.0887888475547285,True,1.9084491427321784,240.18
BNB/USDT:USDT,2023-08-16 12:00:00+00:00,2023-08-16 16:00:00+00:00,2023-08-17 00:00:00+00:00,1,233.08,228.91819675946164,228.91819675946164,241.40360648107676,SL,13,-1.0784063976935603,True,2.0809016202691897,232.21
BNB/USDT:USDT,2023-08-31 20:00:00+00:00,2023-09-01 00:00:00+00:00,2023-09-03 00:00:00+00:00,1,216.58,214.05,210.20414630652746,229.3317073869451,TIMEOUT,13,-0.4443659055258087,True,3.1879268467362802,215.08
BNB/USDT:USDT,2023-09-10 04:00:00+00:00,2023-09-10 08:00:00+00:00,2023-09-11 08:00:00+00:00,1,213.18,210.5983274165387,210.5983274165387,218.34334516692263,SL,13,-1.1156041249815878,True,1.2908362917306628,211.58
BNB/USDT:USDT,2023-09-26 00:00:00+00:00,2023-09-26 04:00:00+00:00,2023-09-27 08:00:00+00:00,-1,211.6,215.12573981489888,215.12573981489888,204.54852037020223,SL,13,-1.0840220820459197,True,1.7628699074494423,212.34
BNB/USDT:USDT,2023-09-28 16:00:00+00:00,2023-09-28 20:00:00+00:00,2023-09-30 20:00:00+00:00,-1,215.38,214.69,219.55653456427353,206.99693087145295,TIMEOUT,13,0.09301204001111084,True,2.093267282136767,216.13
BNB/USDT:USDT,2023-10-03 12:00:00+00:00,2023-10-03 16:00:00+00:00,2023-10-05 16:00:00+00:00,1,213.63,211.16,209.0784705908712,222.76305881825755,TIMEOUT,13,-0.608384951758453,True,2.2807647045643904,213.13
BNB/USDT:USDT,2023-10-03 20:00:00+00:00,2023-10-04 00:00:00+00:00,2023-10-06 00:00:00+00:00,1,213.46,211.7,209.3648067993655,221.650386401269,TIMEOUT,13,-0.5027464881708213,True,2.047596600317255,213.13
BNB/USDT:USDT,2023-10-05 12:00:00+00:00,2023-10-05 16:00:00+00:00,2023-10-07 16:00:00+00:00,1,211.18,211.73,207.74082554674504,218.05834890650993,TIMEOUT,13,0.07395612041699672,True,1.7195872266274754,210.79
BNB/USDT:USDT,2023-10-06 16:00:00+00:00,2023-10-06 20:00:00+00:00,2023-10-08 20:00:00+00:00,-1,213.44,211.42,216.79810892393837,206.72378215212325,TIMEOUT,13,0.5125456139110025,True,1.6790544619691898,214.09
BNB/USDT:USDT,2023-10-15 00:00:00+00:00,2023-10-15 04:00:00+00:00,2023-10-15 12:00:00+00:00,-1,207.15,210.02856137165352,210.02856137165352,201.3628772566929,SL,13,-1.1007482428048463,True,1.4442806858267747,208.43
BNB/USDT:USDT,2023-11-01 20:00:00+00:00,2023-11-02 00:00:00+00:00,2023-11-04 00:00:00+00:00,-1,228.15,231.4,234.03291768265095,216.38416463469812,TIMEOUT,13,-0.6067414491496954,True,2.941458841325476,229.49
BNB/USDT:USDT,2023-11-05 20:00:00+00:00,2023-11-06 00:00:00+00:00,2023-11-06 12:00:00+00:00,-1,244.0,252.29587802320125,252.29587802320125,227.4082439535975,SL,13,-1.0411770760183117,True,4.147939011600628,245.34
BNB/USDT:USDT,2023-11-06 00:00:00+00:00,2023-11-06 04:00:00+00:00,2023-11-06 12:00:00+00:00,-1,243.82,251.99842762010778,251.99842762010778,227.49314475978449,SL,13,-1.0417376072584843,True,4.0842138100538765,245.34
BNB/USDT:USDT,2023-11-09 12:00:00+00:00,2023-11-09 16:00:00+00:00,2023-11-11 16:00:00+00:00,-1,251.93,254.08,261.0887857225069,233.73242855498623,TIMEOUT,13,-0.2732569661336049,True,4.5593928612534445,256.0
BNB/USDT:USDT,2023-11-26 16:00:00+00:00,2023-11-26 20:00:00+00:00,2023-11-27 08:00:00+00:00,1,231.43,226.18678249637318,226.18678249637318,241.94643500725363,SL,13,-1.0617944992317945,True,2.626608751813411,230.03
BNB/USDT:USDT,2023-12-08 12:00:00+00:00,2023-12-08 16:00:00+00:00,2023-12-09 00:00:00+00:00,-1,235.18,242.85007811899123,242.85007811899123,219.8098437620175,SL,13,-1.0429268118123551,True,3.8400390594956257,235.19
BNB/USDT:USDT,2023-12-11 12:00:00+00:00,2023-12-11 16:00:00+00:00,2023-12-12 16:00:00+00:00,-1,244.48,256.64902996987394,256.64902996987394,220.17194006025215,SL,13,-1.0281264818023572,True,6.079514984936969,245.92
BNB/USDT:USDT,2023-12-11 16:00:00+00:00,2023-12-11 20:00:00+00:00,2023-12-12 00:00:00+00:00,-1,240.07,253.30249264055743,253.30249264055743,213.54501471888517,SL,13,-1.0253994473399413,True,6.626246320278708,245.92
BNB/USDT:USDT,2024-06-03 00:00:00+00:00,2024-06-03 04:00:00+00:00,2024-06-03 04:00:00+00:00,-1,608.55,621.4182606191251,621.4182606191251,582.8134787617496,SL,13,-1.0662070830873425,True,6.434130309562606,609.0
BNB/USDT:USDT,2024-06-27 12:00:00+00:00,2024-06-27 16:00:00+00:00,2024-06-29 16:00:00+00:00,-1,579.48,572.24,595.3768714842064,547.7162570315872,TIMEOUT,13,0.4044020866864895,True,7.94343574210319,584.5
BNB/USDT:USDT,2024-07-03 00:00:00+00:00,2024-07-03 04:00:00+00:00,2024-07-03 08:00:00+00:00,1,570.28,556.5773054134687,556.5773054134687,597.6853891730625,SL,13,-1.0582653283964134,True,6.851347293265656,568.5
BNB/USDT:USDT,2024-07-14 20:00:00+00:00,2024-07-15 00:00:00+00:00,2024-07-15 04:00:00+00:00,-1,544.74,558.071841042001,558.071841042001,518.136317915998,SL,13,-1.0572041023889627,True,6.655920521000509,547.0
BNB/USDT:USDT,2024-07-21 16:00:00+00:00,2024-07-21 20:00:00+00:00,2024-07-23 20:00:00+00:00,-1,597.81,582.19,615.5424157543323,562.3151684913353,TIMEOUT,13,0.8336746783296077,True,8.871207877166142,599.33
BNB/USDT:USDT,2024-07-23 08:00:00+00:00,2024-07-23 12:00:00+00:00,2024-07-25 00:00:00+00:00,1,584.82,565.7907782401923,565.7907782401923,622.9084435196156,SL,13,-1.0430258268222667,True,9.519610879903897,580.79
BNB/USDT:USDT,2024-07-23 12:00:00+00:00,2024-07-23 16:00:00+00:00,2024-07-25 00:00:00+00:00,1,585.13,565.9800078081665,565.9800078081665,623.4899843836669,SL,13,-1.0427771453791683,True,9.58499609591671,580.79
BNB/USDT:USDT,2024-07-27 08:00:00+00:00,2024-07-27 12:00:00+00:00,2024-07-29 12:00:00+00:00,-1,587.31,583.26,600.5599431166238,560.8101137667522,TIMEOUT,13,0.24360602695345035,True,6.624971558311954,589.01
BNB/USDT:USDT,2024-07-29 16:00:00+00:00,2024-07-29 20:00:00+00:00,2024-07-31 20:00:00+00:00,1,577.88,576.79,562.3039941797165,609.032011640567,TIMEOUT,13,-0.12192034478614915,True,7.788002910141746,573.04
BNB/USDT:USDT,2024-08-01 04:00:00+00:00,2024-08-01 08:00:00+00:00,2024-08-02 12:00:00+00:00,1,569.15,552.8476325242233,552.8476325242233,601.7547349515534,SL,13,-1.0488769500002966,True,8.151183737888362,566.83
BNB/USDT:USDT,2024-08-02 12:00:00+00:00,2024-08-02 16:00:00+00:00,2024-08-03 00:00:00+00:00,1,558.98,533.5137474030666,533.5137474030666,609.9725051938667,SL,13,-1.0307297666596709,True,12.743126298466665,553.74
BNB/USDT:USDT,2024-08-02 16:00:00+00:00,2024-08-02 20:00:00+00:00,2024-08-03 00:00:00+00:00,1,555.29,531.2872477493244,531.2872477493244,603.2955045013512,SL,13,-1.03238820248116,True,12.001376125337785,553.74
BNB/USDT:USDT,2024-08-03 20:00:00+00:00,2024-08-04 00:00:00+00:00,2024-08-04 12:00:00+00:00,1,529.7,506.82824305211045,506.82824305211045,575.263513895779,SL,13,-1.0324233945686636,True,11.405878473944755,526.14
BNB/USDT:USDT,2024-08-26 00:00:00+00:00,2024-08-26 04:00:00+00:00,2024-08-26 16:00:00+00:00,1,569.9,553.4320356370713,553.4320356370713,602.8659287258573,SL,13,-1.0484492182771585,True,8.238982181464348,568.0
BNB/USDT:USDT,2024-08-27 16:00:00+00:00,2024-08-27 20:00:00+00:00,2024-08-27 20:00:00+00:00,1,550.0,532.6621819750221,532.6621819750221,584.6756360499558,SL,13,-1.0444115862152141,True,8.668909012488923,546.41
BNB/USDT:USDT,2024-09-01 04:00:00+00:00,2024-09-01 08:00:00+00:00,2024-09-02 04:00:00+00:00,1,521.82,506.20058913870224,506.20058913870224,553.0588217225957,SL,13,-1.0467718025018582,True,7.809705430648908,521.57
BNB/USDT:USDT,2024-09-04 00:00:00+00:00,2024-09-04 04:00:00+00:00,2024-09-06 04:00:00+00:00,1,512.85,501.31,490.6047539000132,557.3404921999737,TIMEOUT,13,-0.5510386329242394,True,11.122623049993427,501.7
BNB/USDT:USDT,2024-09-09 08:00:00+00:00,2024-09-09 12:00:00+00:00,2024-09-09 20:00:00+00:00,-1,505.39,520.9882071475083,520.9882071475083,474.2235857049833,SL,13,-1.0453607259673445,True,7.794103573754188,510.19
BNB/USDT:USDT,2024-09-13 08:00:00+00:00,2024-09-13 12:00:00+00:00,2024-09-15 12:00:00+00:00,-1,546.07,561.31,562.8002131987103,512.6095736025796,TIMEOUT,13,-0.9566224775446222,True,8.365106599355114,548.87
BNB/USDT:USDT,2024-09-16 04:00:00+00:00,2024-09-16 08:00:00+00:00,2024-09-16 12:00:00+00:00,1,550.34,536.0150920132746,536.0150920132746,578.9898159734508,SL,13,-1.0537857556023384,True,7.162453993362695,547.13
BNB/USDT:USDT,2024-09-19 00:00:00+00:00,2024-09-19 04:00:00+00:00,2024-09-21 04:00:00+00:00,-1,559.81,579.0613534658003,579.0613534658003,521.3072930683993,SL,13,-1.0407105921873123,True,9.625676732900173,561.92
BNB/USDT:USDT,2024-09-22 20:00:00+00:00,2024-09-23 00:00:00+00:00,2024-09-23 16:00:00+00:00,-1,588.65,606.3553819747444,606.3553819747444,553.2392360505111,SL,13,-1.0465457340132813,True,8.852690987372252,590.8
BNB/USDT:USDT,2024-10-06 00:00:00+00:00,2024-10-06 04:00:00+00:00,2024-10-07 00:00:00+00:00,-1,562.05,575.1639003980023,575.1639003980023,535.8221992039953,SL,13,-1.0600027433577173,True,6.556950199001172,565.08
BNB/USDT:USDT,2024-10-16 08:00:00+00:00,2024-10-16 12:00:00+00:00,2024-10-18 12:00:00+00:00,-1,599.43,600.69,615.2184068794272,567.8831862411457,TIMEOUT,13,-0.13295844324454437,True,7.889203439713563,600.34
BNB/USDT:USDT,2024-10-16 12:00:00+00:00,2024-10-16 16:00:00+00:00,2024-10-18 16:00:00+00:00,-1,595.46,599.47,611.3132859621702,563.7534280756597,TIMEOUT,13,-0.3055293401984999,True,7.926642981085083,600.34
BNB/USDT:USDT,2024-10-20 20:00:00+00:00,2024-10-21 00:00:00+00:00,2024-10-22 08:00:00+00:00,-1,606.29,587.9064578005359,615.466771099732,587.9064578005359,TP,13,1.910774063000881,True,4.593385549866019,606.68
BNB/USDT:USDT,2024-10-21 00:00:00+00:00,2024-10-21 04:00:00+00:00,2024-10-23 04:00:00+00:00,-1,604.77,584.7975967604643,614.7712016197678,584.7975967604643,TP,13,1.912342733070476,True,4.995600809883885,606.68
BNB/USDT:USDT,2024-11-02 16:00:00+00:00,2024-11-02 20:00:00+00:00,2024-11-03 12:00:00+00:00,1,569.54,556.0859014029531,556.0859014029531,596.4181971940936,SL,13,-1.0592649142748976,True,6.722049298523423,567.52
BNB/USDT:USDT,2024-11-02 20:00:00+00:00,2024-11-03 00:00:00+00:00,2024-11-03 12:00:00+00:00,1,568.59,555.8937812158928,555.8937812158928,593.9524375682146,SL,13,-1.0626978798598241,True,6.343109392053633,567.52
BNB/USDT:USDT,2024-11-05 16:00:00+00:00,2024-11-05 20:00:00+00:00,2024-11-06 00:00:00+00:00,-1,560.25,576.5727847189561,576.5727847189561,527.6044305620878,SL,13,-1.0480524624630447,True,8.161392359478022,564.71
BNB/USDT:USDT,2024-11-05 20:00:00+00:00,2024-11-06 00:00:00+00:00,2024-11-06 00:00:00+00:00,-1,563.29,579.6890800897619,579.6890800897619,530.5218398204761,SL,13,-1.0480884290876982,True,8.194540044880963,564.71
BNB/USDT:USDT,2025-05-06 16:00:00+00:00,2025-05-06 20:00:00+00:00,2025-05-07 12:00:00+00:00,-1,599.43,608.5696581177842,608.5696581177842,581.1506837644314,SL,13,-1.0918198459050728,True,4.569829058892155,600.25
BNB/USDT:USDT,2025-05-07 16:00:00+00:00,2025-05-07 20:00:00+00:00,2025-05-08 00:00:00+00:00,-1,598.7,609.063530460343,609.063530460343,578.002939079314,SL,13,-1.080877844013425,True,5.176765230171494,600.25
BNB/USDT:USDT,2025-05-18 20:00:00+00:00,2025-05-19 00:00:00+00:00,2025-05-21 00:00:00+00:00,1,651.32,657.0,632.3319624525078,689.2960750949845,TIMEOUT,13,0.25111347015582886,True,9.494018773746111,634.32
BNB/USDT:USDT,2025-05-21 04:00:00+00:00,2025-05-21 08:00:00+00:00,2025-05-21 16:00:00+00:00,-1,653.2,670.5618360471594,670.5618360471594,618.4463279056813,SL,13,-1.0526718486176248,True,8.685918023579685,654.97
BNB/USDT:USDT,2025-05-21 08:00:00+00:00,2025-05-21 12:00:00+00:00,2025-05-21 16:00:00+00:00,-1,654.94,671.3715912408715,671.3715912408715,622.0768175182573,SL,13,-1.0558020210312493,True,8.215795620435722,654.97
BNB/USDT:USDT,2025-05-30 16:00:00+00:00,2025-05-30 20:00:00+00:00,2025-05-31 00:00:00+00:00,1,666.08,650.3300707427918,650.3300707427918,697.5798585144165,SL,13,-1.0592073770473107,True,7.874964628604119,665.0
BNB/USDT:USDT,2025-06-09 12:00:00+00:00,2025-06-09 16:00:00+00:00,2025-06-09 20:00:00+00:00,-1,656.17,665.7389648899766,665.7389648899766,637.0020702200467,SL,13,-1.096001815302119,True,4.7894824449883355,656.19
BNB/USDT:USDT,2025-06-10 16:00:00+00:00,2025-06-10 20:00:00+00:00,2025-06-12 20:00:00+00:00,-1,667.34,654.41,680.0966738988781,641.826652202244,TIMEOUT,13,0.9403488789546548,True,6.37833694943901,668.01
BNB/USDT:USDT,2025-06-24 16:00:00+00:00,2025-06-24 20:00:00+00:00,2025-06-26 20:00:00+00:00,-1,642.01,642.05,656.9974730040668,612.0050539918664,TIMEOUT,13,-0.06263991266207572,True,7.498736502033424,642.56
BNB/USDT:USDT,2025-06-29 12:00:00+00:00,2025-06-29 16:00:00+00:00,2025-06-29 20:00:00+00:00,-1,648.79,654.405236024861,654.405236024861,637.5595279502779,SL,13,-1.1617574036030802,True,2.8076180124305172,649.94
BNB/USDT:USDT,2025-07-14 00:00:00+00:00,2025-07-14 04:00:00+00:00,2025-07-16 04:00:00+00:00,-1,697.62,692.16,710.1801141776948,672.4697716446104,TIMEOUT,13,0.3569499398311105,True,6.285057088847396,697.78
BNB/USDT:USDT,2025-07-16 16:00:00+00:00,2025-07-16 20:00:00+00:00,2025-07-17 12:00:00+00:00,-1,706.96,725.8829248805607,725.8829248805607,669.1441502388786,SL,13,-1.052303964965625,True,9.456462440280372,708.0
BNB/USDT:USDT,2025-07-21 04:00:00+00:00,2025-07-21 08:00:00+00:00,2025-07-22 20:00:00+00:00,-1,760.88,784.9431457192659,784.9431457192659,712.7237085614682,SL,13,-1.0442681938773755,True,12.036572859632933,766.26
BNB/USDT:USDT,2025-08-01 08:00:00+00:00,2025-08-01 12:00:00+00:00,2025-08-02 16:00:00+00:00,1,772.03,741.4888508468762,741.4888508468762,833.1122983062476,SL,13,-1.035389696523238,True,15.270574576561893,765.79
BNB/USDT:USDT,2025-08-06 12:00:00+00:00,2025-08-06 16:00:00+00:00,2025-08-08 00:00:00+00:00,-1,769.71,791.5788777102333,791.5788777102333,725.9722445795335,SL,13,-1.049275230959646,True,10.934438855116614,770.04
BNB/USDT:USDT,2025-08-14 04:00:00+00:00,2025-08-14 08:00:00+00:00,2025-08-16 08:00:00+00:00,-1,858.29,826.98,887.2120130452752,800.4159739094496,TIMEOUT,13,1.041019999294916,True,14.466006522637574,860.0
BNB/USDT:USDT,2025-08-25 20:00:00+00:00,2025-08-26 00:00:00+00:00,2025-08-28 00:00:00+00:00,1,839.63,864.85,804.4645222331478,909.9609555337044,TIMEOUT,13,0.6837534857173181,True,17.582738883426117,833.72
BNB/USDT:USDT,2025-09-01 04:00:00+00:00,2025-09-01 08:00:00+00:00,2025-09-01 12:00:00+00:00,1,865.93,847.4851357940389,847.4851357940389,902.8497284119223,SL,13,-1.065725721071354,True,9.227432102980591,850.56
BNB/USDT:USDT,2025-09-06 12:00:00+00:00,2025-09-06 16:00:00+00:00,2025-09-07 08:00:00+00:00,-1,860.01,872.8293615300528,872.8293615300528,834.3712769398944,SL,13,-1.0939215262146555,True,6.409680765026412,864.43
BNB/USDT:USDT,2025-09-12 00:00:00+00:00,2025-09-12 04:00:00+00:00,2025-09-12 16:00:00+00:00,-1,905.25,923.2899606039296,923.2899606039296,869.1700787921409,SL,13,-1.0702523707132674,True,9.019980301964758,908.1
BNB/USDT:USDT,2025-09-12 04:00:00+00:00,2025-09-12 08:00:00+00:00,2025-09-12 16:00:00+00:00,-1,903.96,921.3512991900722,921.3512991900722,869.0874016198555,SL,13,-1.0727688015811054,True,8.710649595036115,908.1
BNB/USDT:USDT,2025-09-12 08:00:00+00:00,2025-09-12 12:00:00+00:00,2025-09-12 16:00:00+00:00,-1,906.0,922.9704592980626,922.9704592980626,872.0590814038749,SL,13,-1.0747416423870628,True,8.485229649031297,908.1
BNB/USDT:USDT,2025-09-12 12:00:00+00:00,2025-09-12 16:00:00+00:00,2025-09-12 16:00:00+00:00,-1,907.43,923.838398058321,923.838398058321,874.6432038833582,SL,13,-1.0774238896133892,True,8.19919902916046,908.1
BNB/USDT:USDT,2025-10-02 00:00:00+00:00,2025-10-02 04:00:00+00:00,2025-10-02 12:00:00+00:00,-1,1031.25,1058.2537149970613,1058.2537149970613,977.2425700058775,SL,13,-1.0534648658585353,True,13.501857498530622,1036.78
BNB/USDT:USDT,2025-10-02 04:00:00+00:00,2025-10-02 08:00:00+00:00,2025-10-02 12:00:00+00:00,-1,1036.44,1063.6705529974531,1063.6705529974531,981.948894005094,SL,13,-1.0532863214395871,True,13.620276498726554,1036.78
BNB/USDT:USDT,2026-03-30 00:00:00+00:00,2026-03-30 04:00:00+00:00,2026-04-01 04:00:00+00:00,-1,615.63,616.71,644.3434544765205,558.173091046959,TIMEOUT,13,-0.06762968912667587,True,14.361727238260244,618.8
BNB/USDT:USDT,2026-03-30 04:00:00+00:00,2026-03-30 08:00:00+00:00,2026-04-01 08:00:00+00:00,-1,618.23,615.76,644.1763272129845,566.3673455740311,TIMEOUT,13,0.06183834755606915,True,12.968163606492208,618.8
BNB/USDT:USDT,2026-04-14 04:00:00+00:00,2026-04-14 08:00:00+00:00,2026-04-15 16:00:00+00:00,-1,613.99,626.7559716088094,626.7559716088094,588.4280567823812,SL,13,-1.0673341619690604,True,6.387985804404706,614.57
BNB/USDT:USDT,2026-04-27 08:00:00+00:00,2026-04-27 12:00:00+00:00,2026-04-29 12:00:00+00:00,1,627.65,616.6523878062915,616.6523878062915,649.675224387417,SL,13,-1.0799000714448441,True,5.503806096854232,627.15
BNB/USDT:USDT,2026-05-06 04:00:00+00:00,2026-05-06 08:00:00+00:00,2026-05-06 08:00:00+00:00,-1,638.42,650.0821281502921,650.0821281502921,615.1257436994157,SL,13,-1.0766402142457687,True,5.826064075146082,639.56
BNB/USDT:USDT,2026-05-14 16:00:00+00:00,2026-05-14 20:00:00+00:00,2026-05-16 20:00:00+00:00,-1,680.72,656.52,699.3876651804169,643.3546696391663,TIMEOUT,13,1.2453079576543449,True,9.33883259020844,686.14
BNB/USDT:USDT,2026-05-15 00:00:00+00:00,2026-05-15 04:00:00+00:00,2026-05-17 04:00:00+00:00,-1,682.25,655.58,699.796468513291,647.1270629734181,TIMEOUT,13,1.4655285182042002,True,8.77823425664545,686.14
BNB/USDT:USDT,2026-05-15 04:00:00+00:00,2026-05-15 08:00:00+00:00,2026-05-17 08:00:00+00:00,-1,684.88,655.37,704.2776060448522,646.0547879102957,TIMEOUT,13,1.4718913217426137,True,9.70380302242606,686.14
BNB/USDT:USDT,2026-06-05 04:00:00+00:00,2026-06-05 08:00:00+00:00,2026-06-07 08:00:00+00:00,1,593.4,593.67,556.2719945207823,667.6560109584353,TIMEOUT,13,-0.015103423756870064,True,18.564002739608835,588.33
BNB/USDT:USDT,2026-06-05 08:00:00+00:00,2026-06-05 12:00:00+00:00,2026-06-07 12:00:00+00:00,1,590.45,591.84,555.1603952513448,661.0292094973106,TIMEOUT,13,0.015964191268576157,True,17.644802374327654,588.33
BNB/USDT:USDT,2026-06-10 04:00:00+00:00,2026-06-10 08:00:00+00:00,2026-06-12 08:00:00+00:00,1,588.92,607.01,568.6809531962816,629.3980936074366,TIMEOUT,13,0.853079305929961,True,10.119523401859151,583.99
BNB/USDT:USDT,2026-06-17 20:00:00+00:00,2026-06-18 00:00:00+00:00,2026-06-18 12:00:00+00:00,1,601.93,585.2182851109652,585.2182851109652,635.3534297780694,SL,13,-1.0504258243750275,True,8.355857444517355,600.77
BNB/USDT:USDT,2026-06-21 20:00:00+00:00,2026-06-22 00:00:00+00:00,2026-06-22 00:00:00+00:00,-1,584.54,595.3653936399234,595.3653936399234,562.9192127201532,SL,13,-1.0755959577286827,True,5.4076968199616955,589.92
BNB/USDT:USDT,2026-06-30 16:00:00+00:00,2026-06-30 20:00:00+00:00,2026-07-02 20:00:00+00:00,1,547.79,559.18,534.4898679062366,574.4502641875267,TIMEOUT,13,0.7987209393943752,True,6.660066046881675,545.78
BNB/USDT:USDT,2026-06-30 20:00:00+00:00,2026-07-01 00:00:00+00:00,2026-07-03 00:00:00+00:00,1,546.84,561.33,534.3332188520718,571.8535622958565,TIMEOUT,13,1.097358611913785,True,6.253390573964105,545.78
BNB/USDT:USDT,2026-07-01 00:00:00+00:00,2026-07-01 04:00:00+00:00,2026-07-01 08:00:00+00:00,1,551.9,537.5014563384622,537.5014563384622,580.6670873230756,SL,13,-1.053662371567756,True,7.1942718307688995,545.78
BNB/USDT:USDT,2026-07-01 04:00:00+00:00,2026-07-01 08:00:00+00:00,2026-07-03 08:00:00+00:00,1,547.15,567.19,532.6239288266672,576.2021423466655,TIMEOUT,13,1.3268549885246086,True,7.263035586666369,545.78
BNB/USDT:USDT,2026-07-03 08:00:00+00:00,2026-07-03 12:00:00+00:00,2026-07-05 12:00:00+00:00,-1,567.2,581.3373111425335,581.3373111425335,538.8953777149331,SL,13,-1.0561690969374602,True,7.07365557126672,567.77
BNB/USDT:USDT,2026-07-03 12:00:00+00:00,2026-07-03 16:00:00+00:00,2026-07-05 12:00:00+00:00,-1,566.14,579.7903363235289,579.7903363235289,538.8393273529422,SL,13,-1.0580642103765467,True,6.825168161764481,567.77
BNB/USDT:USDT,2026-07-05 08:00:00+00:00,2026-07-05 12:00:00+00:00,2026-07-05 12:00:00+00:00,-1,577.37,589.8078984691545,589.8078984691545,552.5242030616911,SL,13,-1.0649883098824613,True,6.21394923457725,579.24
BNB/USDT:USDT,2026-07-08 00:00:00+00:00,2026-07-08 04:00:00+00:00,2026-07-10 04:00:00+00:00,1,569.38,574.41,553.2239354149335,601.692129170133,TIMEOUT,13,0.26199870505051936,True,8.07803229253326,568.58
BNB/USDT:USDT,2026-07-13 04:00:00+00:00,2026-07-13 08:00:00+00:00,2026-07-15 08:00:00+00:00,1,570.3,579.3,557.838214704361,595.1935705912779,TIMEOUT,13,0.6581384452892298,True,6.225892647819494,570.24
BNB/USDT:USDT,2026-07-20 16:00:00+00:00,2026-07-20 20:00:00+00:00,2026-07-22 20:00:00+00:00,-1,571.68,571.39,582.3969648944293,550.2460702111413,TIMEOUT,13,-0.04762094539148079,True,5.358482447214647,573.1
BNB/USDT:USDT,2026-07-20 20:00:00+00:00,2026-07-21 00:00:00+00:00,2026-07-23 00:00:00+00:00,-1,571.58,570.64,581.7193695751721,551.271260849656,TIMEOUT,13,0.0137866559615648,True,5.07468478758603,573.1
BNB/USDT:USDT,2026-07-30 00:00:00+00:00,2026-07-30 04:00:00+00:00,2026-07-30 08:00:00+00:00,-1,573.84,585.4237714241053,585.4237714241053,550.6724571517894,SL,13,-1.0693535784319959,True,5.791885712052634,577.6
BNB/USDT:USDT,2026-08-04 16:00:00+00:00,2026-08-04 20:00:00+00:00,2026-08-05 00:00:00+00:00,-1,594.13,603.4092300535576,603.4092300535576,575.5715398928847,SL,13,-1.0896391182457101,True,4.639615026778823,594.77
BNB/USDT:USDT,2026-08-04 20:00:00+00:00,2026-08-05 00:00:00+00:00,2026-08-05 00:00:00+00:00,-1,593.57,602.22999937975,602.22999937975,576.2800012405002,SL,13,-1.0959582054870765,True,4.324999689874976,594.77
BNB/USDT:USDT,2026-08-11 12:00:00+00:00,2026-08-11 16:00:00+00:00,2026-08-12 00:00:00+00:00,-1,608.78,619.5074649066711,619.5074649066711,587.3550701866577,SL,13,-1.07944952581201,True,5.358732453335583,612.46
BNB/USDT:USDT,2026-08-16 20:00:00+00:00,2026-08-17 00:00:00+00:00,2026-08-19 00:00:00+00:00,1,603.31,602.38,596.8620067540094,616.2359864919814,TIMEOUT,13,-0.2752226828251464,True,3.228996622995352,603.1
SOL/USDT:USDT,2023-07-06 08:00:00+00:00,2023-07-06 12:00:00+00:00,2023-07-07 12:00:00+00:00,-1,19.888,20.992418853773632,20.992418853773632,17.685162292452738,SL,13,-1.0252107249933882,True,0.5512094268868151,19.95
SOL/USDT:USDT,2023-08-03 04:00:00+00:00,2023-08-03 08:00:00+00:00,2023-08-05 08:00:00+00:00,1,22.698,22.777,21.633375307450752,24.827249385098497,TIMEOUT,13,0.044356288493483484,True,0.5323123462746243,22.6
SOL/USDT:USDT,2023-09-01 12:00:00+00:00,2023-09-01 16:00:00+00:00,2023-09-03 16:00:00+00:00,1,19.389,19.475,18.521057048880284,21.12488590223943,TIMEOUT,13,0.0678102171623998,True,0.43397147555985705,19.356
SOL/USDT:USDT,2023-09-27 12:00:00+00:00,2023-09-27 16:00:00+00:00,2023-09-29 00:00:00+00:00,1,18.933,20.315249430224146,18.24337528488793,20.315249430224146,TP,13,1.965914504679293,True,0.3453123575560369,18.812
SOL/USDT:USDT,2023-10-12 00:00:00+00:00,2023-10-12 04:00:00+00:00,2023-10-14 04:00:00+00:00,1,21.695,22.046,20.785342040942027,23.514315918115948,TIMEOUT,13,0.3524698451844856,True,0.454828979528987,21.5
SOL/USDT:USDT,2023-10-19 20:00:00+00:00,2023-10-20 00:00:00+00:00,2023-10-20 04:00:00+00:00,-1,24.909,26.148022621445744,26.148022621445744,22.433954757108513,SL,13,-1.0281452488408236,True,0.6190113107228715,25.048
SOL/USDT:USDT,2023-11-21 12:00:00+00:00,2023-11-21 16:00:00+00:00,2023-11-23 16:00:00+00:00,1,55.129,56.374,50.41392379811916,64.5621524037617,TIMEOUT,13,0.24767773626525108,True,2.3580381009404237,54.093
SOL/USDT:USDT,2023-11-27 04:00:00+00:00,2023-11-27 08:00:00+00:00,2023-11-29 08:00:00+00:00,1,55.927,60.648,52.966152070662496,61.83069585867501,TIMEOUT,13,1.5680312906305922,True,1.4774239646687506,55.63
SOL/USDT:USDT,2023-12-02 12:00:00+00:00,2023-12-02 16:00:00+00:00,2023-12-03 00:00:00+00:00,-1,61.911,64.76711393013915,64.76711393013915,56.201772139721704,SL,13,-1.0303473188115353,True,1.4275569650695743,61.937
SOL/USDT:USDT,2023-12-07 16:00:00+00:00,2023-12-07 20:00:00+00:00,2023-12-08 00:00:00+00:00,-1,64.837,69.69800236438918,69.69800236438918,55.114995271221645,SL,13,-1.0186734737396916,True,2.430501182194591,66.797
SOL/USDT:USDT,2024-06-23 20:00:00+00:00,2024-06-24 00:00:00+00:00,2024-06-24 04:00:00+00:00,1,128.66,123.94983958311677,123.94983958311677,138.08332083376646,SL,13,-1.038241585011491,True,2.355580208441619,128.639
SOL/USDT:USDT,2024-06-25 04:00:00+00:00,2024-06-25 08:00:00+00:00,2024-06-27 08:00:00+00:00,-1,134.778,139.015,142.57913348147653,119.16073303704692,TIMEOUT,13,-0.5673136103245259,True,3.9030667407382698,136.679
SOL/USDT:USDT,2024-06-25 20:00:00+00:00,2024-06-26 00:00:00+00:00,2024-06-27 12:00:00+00:00,-1,136.543,144.03006329608795,144.03006329608795,121.57187340782414,SL,13,-1.0255320667717451,True,3.7430316480439623,136.679
SOL/USDT:USDT,2024-07-01 16:00:00+00:00,2024-07-01 20:00:00+00:00,2024-07-02 16:00:00+00:00,-1,147.281,153.02860839251582,153.02860839251582,135.76178321496835,SL,13,-1.0358746431417443,True,2.8778041962579195,149.115
SOL/USDT:USDT,2024-07-02 00:00:00+00:00,2024-07-02 04:00:00+00:00,2024-07-04 00:00:00+00:00,-1,149.085,137.35854828146515,154.94822585926744,137.35854828146515,TP,13,1.9644020194667926,True,2.9316129296337223,149.115
SOL/USDT:USDT,2024-07-02 04:00:00+00:00,2024-07-02 08:00:00+00:00,2024-07-02 16:00:00+00:00,-1,147.384,153.2577290780318,153.2577290780318,135.63654184393639,SL,13,-1.0351288929500884,True,2.936864539015893,149.115
SOL/USDT:USDT,2024-07-02 12:00:00+00:00,2024-07-02 16:00:00+00:00,2024-07-02 20:00:00+00:00,-1,148.334,154.76827650749945,154.76827650749945,135.48944698500114,SL,13,-1.03227520604033,True,3.2131382537497135,149.115
SOL/USDT:USDT,2024-07-14 08:00:00+00:00,2024-07-14 12:00:00+00:00,2024-07-15 00:00:00+00:00,-1,144.842,150.2335645054785,150.2335645054785,134.052870989043,SL,13,-1.0376103818833942,True,2.696782252739249,146.071
SOL/USDT:USDT,2024-07-19 04:00:00+00:00,2024-07-19 08:00:00+00:00,2024-07-19 16:00:00+00:00,-1,161.36,169.53103781789684,169.53103781789684,145.0059243642063,SL,13,-1.0276469164669888,True,4.08751890894843,163.722
SOL/USDT:USDT,2024-07-20 16:00:00+00:00,2024-07-20 20:00:00+00:00,2024-07-21 20:00:00+00:00,-1,172.348,179.93592638767635,179.93592638767635,157.16914722464733,SL,13,-1.0317988324704728,True,3.794463193838172,172.585
SOL/USDT:USDT,2024-07-21 04:00:00+00:00,2024-07-21 08:00:00+00:00,2024-07-21 16:00:00+00:00,-1,171.26,178.2260300070296,178.2260300070296,157.32793998594076,SL,13,-1.034419030603952,True,3.4830150035148044,172.585
SOL/USDT:USDT,2024-07-25 00:00:00+00:00,2024-07-25 04:00:00+00:00,2024-07-27 04:00:00+00:00,1,170.476,185.721,158.9632908613203,193.51341827735936,TIMEOUT,13,1.3034580670141873,True,5.758354569339839,170.35
SOL/USDT:USDT,2024-07-25 12:00:00+00:00,2024-07-25 16:00:00+00:00,2024-07-27 16:00:00+00:00,1,170.364,181.426,159.47407437698394,192.14685124603216,TIMEOUT,13,0.9938993868906072,True,5.445462811508037,170.35
SOL/USDT:USDT,2024-07-26 12:00:00+00:00,2024-07-26 16:00:00+00:00,2024-07-28 16:00:00+00:00,-1,181.435,184.676,191.8396576846753,160.6256846306494,TIMEOUT,13,-0.3359081197978936,True,5.202328842337653,183.387
SOL/USDT:USDT,2024-07-26 20:00:00+00:00,2024-07-27 00:00:00+00:00,2024-07-29 00:00:00+00:00,-1,182.991,192.0468006609339,192.0468006609339,164.87939867813222,SL,13,-1.0282898674111913,True,4.527900330466946,183.387
SOL/USDT:USDT,2024-07-31 16:00:00+00:00,2024-07-31 20:00:00+00:00,2024-08-01 04:00:00+00:00,1,176.541,166.91300907284793,166.91300907284793,195.80598185430418,SL,13,-1.0256707138457086,True,4.815495463576048,175.213
SOL/USDT:USDT,2024-08-08 00:00:00+00:00,2024-08-08 04:00:00+00:00,2024-08-10 04:00:00+00:00,-1,153.069,155.349,169.9296207295607,119.34775854087857,TIMEOUT,13,-0.14793622607422166,True,8.43031036478036,154.888
SOL/USDT:USDT,2024-08-08 04:00:00+00:00,2024-08-08 08:00:00+00:00,2024-08-10 08:00:00+00:00,-1,153.62,154.757,169.32520463228596,122.20359073542807,TIMEOUT,13,-0.0860904414591637,True,7.853602316142977,154.888
SOL/USDT:USDT,2024-08-08 08:00:00+00:00,2024-08-08 12:00:00+00:00,2024-08-10 12:00:00+00:00,-1,154.039,153.881,168.41584401464783,125.28831197070431,TIMEOUT,13,-0.004010240351865232,True,7.187922007323916,154.888
SOL/USDT:USDT,2024-08-15 04:00:00+00:00,2024-08-15 08:00:00+00:00,2024-08-17 08:00:00+00:00,1,142.456,139.057,134.8407717023421,157.71345659531582,TIMEOUT,13,-0.472531913600899,True,3.8121141488289547,141.038
SOL/USDT:USDT,2024-08-16 12:00:00+00:00,2024-08-16 16:00:00+00:00,2024-08-18 16:00:00+00:00,1,137.84,146.383,128.71442438466954,156.09715123066096,TIMEOUT,13,0.9150134032063061,True,4.56378780766524,137.65
SOL/USDT:USDT,2024-08-20 00:00:00+00:00,2024-08-20 04:00:00+00:00,2024-08-22 04:00:00+00:00,-1,145.499,143.258,151.67933793620963,133.1353241275807,TIMEOUT,13,0.32964239512919724,True,3.0906689681048287,147.445
SOL/USDT:USDT,2024-09-01 04:00:00+00:00,2024-09-01 08:00:00+00:00,2024-09-02 04:00:00+00:00,1,132.741,127.00856657468562,127.00856657468562,144.2028668506288,SL,13,-1.0324185884443668,True,2.865716712657195,132.002
SOL/USDT:USDT,2024-09-01 12:00:00+00:00,2024-09-01 16:00:00+00:00,2024-09-01 20:00:00+00:00,1,134.181,127.97591889387496,127.97591889387496,146.59416221225004,SL,13,-1.0302741248320781,True,3.1030405530625162,132.002
SOL/USDT:USDT,2024-09-01 16:00:00+00:00,2024-09-01 20:00:00+00:00,2024-09-01 20:00:00+00:00,1,135.157,128.68992970802498,128.68992970802498,148.08814058395006,SL,13,-1.0292589675783796,True,3.2330351459875146,132.002
SOL/USDT:USDT,2024-09-18 08:00:00+00:00,2024-09-18 12:00:00+00:00,2024-09-19 04:00:00+00:00,1,129.348,138.85399467545935,124.59350266227034,138.85399467545935,TP,13,1.96128145902214,True,2.3767486688648325,128.84
SOL/USDT:USDT,2024-09-22 16:00:00+00:00,2024-09-22 20:00:00+00:00,2024-09-24 20:00:00+00:00,1,144.603,152.712,138.8741419651293,156.06371606974145,TIMEOUT,13,1.3801277238629315,True,2.864929017435363,144.54
SOL/USDT:USDT,2024-09-27 04:00:00+00:00,2024-09-27 08:00:00+00:00,2024-09-29 08:00:00+00:00,-1,157.399,156.689,164.04016602194636,144.11666795610728,TIMEOUT,13,0.07372822760068662,True,3.320583010973176,158.265
SOL/USDT:USDT,2024-09-27 08:00:00+00:00,2024-09-27 12:00:00+00:00,2024-09-29 12:00:00+00:00,-1,155.967,157.21,162.6826105523535,142.53877889529295,TIMEOUT,13,-0.21760550118378458,True,3.3573052761767532,158.265
SOL/USDT:USDT,2024-09-30 08:00:00+00:00,2024-09-30 12:00:00+00:00,2024-10-01 12:00:00+00:00,1,155.56,149.70892001373414,149.70892001373414,167.26215997253172,SL,13,-1.0372211626761556,True,2.9255399931329356,154.831
SOL/USDT:USDT,2024-09-30 16:00:00+00:00,2024-09-30 20:00:00+00:00,2024-10-01 12:00:00+00:00,1,155.044,149.38457992142696,149.38457992142696,166.3598401571461,SL,13,-1.0383540357468444,True,2.8292100392865174,154.831
SOL/USDT:USDT,2024-10-01 00:00:00+00:00,2024-10-01 04:00:00+00:00,2024-10-01 12:00:00+00:00,1,155.045,148.5642800298718,148.5642800298718,168.0034399402564,SL,13,-1.0334936551803682,True,3.239859985064099,154.831
SOL/USDT:USDT,2024-10-01 04:00:00+00:00,2024-10-01 08:00:00+00:00,2024-10-01 12:00:00+00:00,1,156.757,150.51510935922224,150.51510935922224,169.24078128155554,SL,13,-1.0351591869563184,True,3.1209453203888873,154.831
SOL/USDT:USDT,2024-10-09 12:00:00+00:00,2024-10-09 16:00:00+00:00,2024-10-10 00:00:00+00:00,1,142.728,137.573628081096,137.573628081096,153.03674383780805,SL,13,-1.038766934777669,True,2.577185959452011,141.004
SOL/USDT:USDT,2024-10-09 16:00:00+00:00,2024-10-09 20:00:00+00:00,2024-10-10 16:00:00+00:00,1,141.066,135.77247767028317,135.77247767028317,151.65304465943368,SL,13,-1.0373083152764493,True,2.646761164858412,141.004
SOL/USDT:USDT,2024-10-13 08:00:00+00:00,2024-10-13 12:00:00+00:00,2024-10-14 00:00:00+00:00,-1,146.392,150.04774800627212,150.04774800627212,139.08050398745576,SL,13,-1.056062069827672,True,1.8278740031360616,147.2
SOL/USDT:USDT,2024-10-13 12:00:00+00:00,2024-10-13 16:00:00+00:00,2024-10-14 00:00:00+00:00,-1,145.26,149.39351493876916,149.39351493876916,136.99897012246169,SL,13,-1.049198806103881,True,2.065757469384586,147.2
SOL/USDT:USDT,2024-10-23 20:00:00+00:00,2024-10-24 00:00:00+00:00,2024-10-26 00:00:00+00:00,-1,170.82,165.59,179.55677736698848,153.31644526602304,TIMEOUT,13,0.571246329208032,True,4.373388683494243,171.93
SOL/USDT:USDT,2024-10-28 20:00:00+00:00,2024-10-29 00:00:00+00:00,2024-10-31 00:00:00+00:00,-1,178.2,174.34,185.49720345397878,163.6055930920424,TIMEOUT,13,0.49478132585591433,True,3.648601726989394,179.3
SOL/USDT:USDT,2024-11-02 12:00:00+00:00,2024-11-02 16:00:00+00:00,2024-11-04 16:00:00+00:00,1,163.74,159.54,156.46493655618158,178.2601268876368,TIMEOUT,13,-0.6088243812861193,True,3.632531721909201,163.0
SOL/USDT:USDT,2024-11-02 16:00:00+00:00,2024-11-02 20:00:00+00:00,2024-11-03 12:00:00+00:00,1,165.09,158.1329450153574,158.1329450153574,178.97410996928525,SL,13,-1.0332218159135151,True,3.4735274923213075,163.0
SOL/USDT:USDT,2024-11-03 04:00:00+00:00,2024-11-03 08:00:00+00:00,2024-11-04 20:00:00+00:00,1,163.47,156.56974524407116,156.56974524407116,177.27050951185768,SL,13,-1.0331666015379157,True,3.4501273779644173,163.0
SOL/USDT:USDT,2024-11-03 08:00:00+00:00,2024-11-03 12:00:00+00:00,2024-11-04 20:00:00+00:00,1,163.53,156.96577921152834,156.96577921152834,176.65844157694332,SL,13,-1.0348772546472045,True,3.2821103942358283,163.0
SOL/USDT:USDT,2024-11-05 16:00:00+00:00,2024-11-05 20:00:00+00:00,2024-11-06 00:00:00+00:00,-1,163.97,172.1982714141154,172.1982714141154,147.5134571717692,SL,13,-1.0278986907998926,True,4.1141357070576925,164.953
SOL/USDT:USDT,2024-11-10 04:00:00+00:00,2024-11-10 08:00:00+00:00,2024-11-11 08:00:00+00:00,-1,205.09,215.86393810152444,215.86393810152444,183.51212379695116,SL,13,-1.0266500510114656,True,5.3919690507622136,205.33
SOL/USDT:USDT,2025-05-06 08:00:00+00:00,2025-05-06 12:00:00+00:00,2025-05-08 08:00:00+00:00,1,142.49,153.1775418664751,137.14622906676246,153.1775418664751,TP,13,1.962669432785896,True,2.67188546661877,142.42
SOL/USDT:USDT,2025-05-12 16:00:00+00:00,2025-05-12 20:00:00+00:00,2025-05-14 20:00:00+00:00,1,171.13,176.51,160.1408320485825,193.108335902835,TIMEOUT,13,0.467771356550878,True,5.4945839757087445,168.68
SOL/USDT:USDT,2025-05-30 16:00:00+00:00,2025-05-30 20:00:00+00:00,2025-05-31 00:00:00+00:00,1,160.72,152.7850775736738,152.7850775736738,176.6198448526524,SL,13,-1.0283566729340008,True,3.9724612131630948,159.85
SOL/USDT:USDT,2025-06-08 20:00:00+00:00,2025-06-09 00:00:00+00:00,2025-06-09 20:00:00+00:00,-1,152.37,157.52462953653563,157.52462953653563,142.06074092692876,SL,13,-1.0413837693840107,True,2.577314768267806,152.8
SOL/USDT:USDT,2025-06-09 00:00:00+00:00,2025-06-09 04:00:00+00:00,2025-06-09 08:00:00+00:00,-1,151.46,156.57734559833085,156.57734559833085,141.2553088033383,SL,13,-1.0414363259087218,True,2.5536727991654327,152.8
SOL/USDT:USDT,2025-06-25 00:00:00+00:00,2025-06-25 04:00:00+00:00,2025-06-27 04:00:00+00:00,-1,145.44,140.27,152.601761107749,131.11647778450197,TIMEOUT,13,0.6934584839232305,True,3.5808805538745023,146.88
SOL/USDT:USDT,2025-06-25 08:00:00+00:00,2025-06-25 12:00:00+00:00,2025-06-27 12:00:00+00:00,-1,146.2,143.42,152.79865612093147,133.00268775813703,TIMEOUT,13,0.3902794679405818,True,3.2993280604657396,146.88
SOL/USDT:USDT,2025-06-25 12:00:00+00:00,2025-06-25 16:00:00+00:00,2025-06-27 16:00:00+00:00,-1,143.6,141.72,150.63816863814063,129.5536627237188,TIMEOUT,13,0.2385506921362357,True,3.514084319070307,146.88
SOL/USDT:USDT,2025-07-09 08:00:00+00:00,2025-07-09 12:00:00+00:00,2025-07-10 00:00:00+00:00,-1,153.65,158.35335485758776,158.35335485758776,144.21329028482444,SL,13,-1.0457354391733744,True,2.3566774287938923,154.0
SOL/USDT:USDT,2025-07-09 12:00:00+00:00,2025-07-09 16:00:00+00:00,2025-07-10 00:00:00+00:00,-1,153.92,158.7095742099094,158.7095742099094,144.3108515801812,SL,13,-1.0449910556880329,True,2.399787104954704,154.0
SOL/USDT:USDT,2025-07-10 16:00:00+00:00,2025-07-10 20:00:00+00:00,2025-07-10 20:00:00+00:00,-1,159.25,165.15960569680922,165.15960569680922,147.46078860638153,SL,13,-1.0377267133271475,True,2.949802848404611,159.33
SOL/USDT:USDT,2025-07-14 00:00:00+00:00,2025-07-14 04:00:00+00:00,2025-07-16 04:00:00+00:00,-1,167.07,164.02,173.8534977882072,153.53300442358565,TIMEOUT,13,0.4151401073492863,True,3.386748894103596,168.18
SOL/USDT:USDT,2025-07-17 00:00:00+00:00,2025-07-17 04:00:00+00:00,2025-07-17 08:00:00+00:00,-1,169.54,178.00023015936725,178.00023015936725,152.64953968126554,SL,13,-1.0280555015086907,True,4.225115079683619,169.76
SOL/USDT:USDT,2025-07-27 20:00:00+00:00,2025-07-28 00:00:00+00:00,2025-07-30 00:00:00+00:00,-1,188.56,181.6,195.55002118283258,174.54995763433487,TIMEOUT,13,0.9579393001619734,True,3.500010591416283,189.75
SOL/USDT:USDT,2025-07-29 04:00:00+00:00,2025-07-29 08:00:00+00:00,2025-07-30 08:00:00+00:00,1,185.96,177.94415817756277,177.94415817756277,201.99168364487448,SL,13,-1.0324786848052898,True,4.007920911218613,184.19
SOL/USDT:USDT,2025-07-30 12:00:00+00:00,2025-07-30 16:00:00+00:00,2025-07-30 16:00:00+00:00,1,179.11,171.03473981318314,171.03473981318314,195.29052037363374,SL,13,-1.0310521263957988,True,4.042630093408429,178.18
SOL/USDT:USDT,2025-08-01 00:00:00+00:00,2025-08-01 04:00:00+00:00,2025-08-01 20:00:00+00:00,1,171.03,162.33968882134664,162.33968882134664,188.38062235730675,SL,13,-1.0275527532993478,True,4.340155589326684,170.0
SOL/USDT:USDT,2025-08-07 12:00:00+00:00,2025-08-07 16:00:00+00:00,2025-08-08 04:00:00+00:00,-1,170.39,177.5036936319498,177.5036936319498,156.13261273610038,SL,13,-1.033533353043012,True,3.561846815974904,171.66
SOL/USDT:USDT,2025-08-11 12:00:00+00:00,2025-08-11 16:00:00+00:00,2025-08-13 00:00:00+00:00,1,180.1,196.7879746930539,171.77101265347306,196.7879746930539,TP,13,1.9733292907339366,True,4.1694936732634815,177.42
SOL/USDT:USDT,2025-08-19 04:00:00+00:00,2025-08-19 08:00:00+00:00,2025-08-21 08:00:00+00:00,1,180.05,183.95,171.677429401155,196.76514119768999,TIMEOUT,13,0.43570011825319266,True,4.181285299422493,179.84
SOL/USDT:USDT,2025-08-19 08:00:00+00:00,2025-08-19 12:00:00+00:00,2025-08-21 12:00:00+00:00,1,182.57,181.57,174.317105481001,199.075789037998,TIMEOUT,13,-0.15214031841912992,True,4.126447259499495,179.84
SOL/USDT:USDT,2025-08-28 08:00:00+00:00,2025-08-28 12:00:00+00:00,2025-08-30 12:00:00+00:00,-1,213.08,200.94,224.88740801337738,189.43518397324522,TIMEOUT,13,1.0029032609514135,True,5.90870400668869,213.66
SOL/USDT:USDT,2025-08-28 12:00:00+00:00,2025-08-28 16:00:00+00:00,2025-08-30 16:00:00+00:00,-1,210.99,201.16,223.03708694492707,186.8958261101459,TIMEOUT,13,0.791445603703804,True,6.023543472463532,213.66
SOL/USDT:USDT,2025-08-28 16:00:00+00:00,2025-08-28 20:00:00+00:00,2025-08-30 20:00:00+00:00,-1,209.88,202.59,222.15547535227012,185.32904929545975,TIMEOUT,13,0.5699305158643964,True,6.137737676135061,213.66
SOL/USDT:USDT,2025-09-15 08:00:00+00:00,2025-09-15 12:00:00+00:00,2025-09-17 12:00:00+00:00,1,236.32,233.79,225.71527350570142,257.5594529885972,TIMEOUT,13,-0.2697710310150932,True,5.307363247149299,235.54
SOL/USDT:USDT,2025-09-18 12:00:00+00:00,2025-09-18 16:00:00+00:00,2025-09-20 16:00:00+00:00,-1,248.11,238.51,257.5121430129867,229.3357139740266,TIMEOUT,13,0.9840996874031609,True,4.696071506493363,248.36
SOL/USDT:USDT,2025-09-29 12:00:00+00:00,2025-09-29 16:00:00+00:00,2025-10-01 12:00:00+00:00,-1,209.97,218.74885211465084,218.74885211465084,192.38229577069833,SL,13,-1.033484787778737,True,4.394426057325412,210.88
SOL/USDT:USDT,2025-10-05 04:00:00+00:00,2025-10-05 08:00:00+00:00,2025-10-07 08:00:00+00:00,-1,236.49,230.31,245.56177240337632,218.31645519324732,TIMEOUT,13,0.6447377359051875,True,4.540886201688166,236.88
SOL/USDT:USDT,2026-03-29 12:00:00+00:00,2026-03-29 16:00:00+00:00,2026-03-31 16:00:00+00:00,1,81.75,82.67,75.4031333667068,94.47373326658642,TIMEOUT,13,0.12692089601731957,True,3.178433316646606,81.6
SOL/USDT:USDT,2026-04-02 00:00:00+00:00,2026-04-02 04:00:00+00:00,2026-04-04 04:00:00+00:00,1,78.94,80.27,74.183841357804,88.452317284392,TIMEOUT,13,0.2564010353189022,True,2.3780793210979967,78.77
SOL/USDT:USDT,2026-04-02 04:00:00+00:00,2026-04-02 08:00:00+00:00,2026-04-04 08:00:00+00:00,1,79.59,80.14,75.17999584343015,88.41000831313971,TIMEOUT,13,0.09944979288661814,True,2.2050020782849304,78.77
SOL/USDT:USDT,2026-04-12 12:00:00+00:00,2026-04-12 16:00:00+00:00,2026-04-13 20:00:00+00:00,1,81.54,86.74389835645904,78.95305082177047,86.74389835645904,TP,13,1.9674690168990399,True,1.2984745891147609,81.36
SOL/USDT:USDT,2026-04-26 16:00:00+00:00,2026-04-26 20:00:00+00:00,2026-04-27 12:00:00+00:00,-1,86.84,83.65122231696458,88.43438884151772,83.65122231696458,TP,13,1.923747584758389,True,0.7971944207588565,86.92
SOL/USDT:USDT,2026-04-26 20:00:00+00:00,2026-04-27 00:00:00+00:00,2026-04-28 08:00:00+00:00,-1,86.88,83.45039267470264,88.57980366264869,83.45039267470264,TP,13,1.9460925976255146,True,0.8549018313243428,86.92
SOL/USDT:USDT,2026-05-05 12:00:00+00:00,2026-05-05 16:00:00+00:00,2026-05-06 04:00:00+00:00,-1,85.46,87.47911735485185,87.47911735485185,81.4517652902963,SL,13,-1.0592555948828335,True,1.0045586774259267,85.88
SOL/USDT:USDT,2026-05-10 08:00:00+00:00,2026-05-10 12:00:00+00:00,2026-05-10 16:00:00+00:00,-1,93.49,95.97226199945003,95.97226199945003,88.49547600109996,SL,13,-1.0527285194024638,True,1.2461309997250087,94.16
SOL/USDT:USDT,2026-05-21 08:00:00+00:00,2026-05-21 12:00:00+00:00,2026-05-21 16:00:00+00:00,-1,85.54,88.00217353474766,88.00217353474766,80.61565293050471,SL,13,-1.0486383263851764,True,1.2310867673738262,85.94
SOL/USDT:USDT,2026-06-10 12:00:00+00:00,2026-06-10 16:00:00+00:00,2026-06-12 16:00:00+00:00,1,65.41,66.74,62.03581071830315,72.12837856339371,TIMEOUT,13,0.3670292021605876,True,1.6820946408484279,63.5
SOL/USDT:USDT,2026-06-10 16:00:00+00:00,2026-06-10 20:00:00+00:00,2026-06-12 20:00:00+00:00,1,63.51,66.79,60.03636928919606,70.48726142160788,TIMEOUT,13,0.9186601183812836,True,1.7418153554019702,63.5
SOL/USDT:USDT,2026-06-21 16:00:00+00:00,2026-06-21 20:00:00+00:00,2026-06-23 08:00:00+00:00,-1,74.39,68.78950774335513,77.17524612832243,68.78950774335513,TP,13,1.9733790133496594,True,1.3976230641612195,74.66
SOL/USDT:USDT,2026-06-29 12:00:00+00:00,2026-06-29 16:00:00+00:00,2026-07-01 12:00:00+00:00,-1,73.88,77.62804714324699,77.62804714324699,66.35390571350604,SL,13,-1.0275962377331238,True,1.8790235716234949,73.91
SOL/USDT:USDT,2026-07-03 16:00:00+00:00,2026-07-03 20:00:00+00:00,2026-07-05 20:00:00+00:00,-1,82.45,81.55,85.88232867943613,75.58534264112775,TIMEOUT,13,0.22858242122922143,True,1.7161643397180593,82.79
SOL/USDT:USDT,2026-07-03 20:00:00+00:00,2026-07-04 00:00:00+00:00,2026-07-06 00:00:00+00:00,-1,82.3,80.78,85.5226848555113,75.85463028897739,TIMEOUT,13,0.4359036216642775,True,1.6113424277556523,82.79
SOL/USDT:USDT,2026-07-04 00:00:00+00:00,2026-07-04 04:00:00+00:00,2026-07-06 04:00:00+00:00,-1,82.68,80.77,85.75832687477647,76.52334625044708,TIMEOUT,13,0.5828646771406631,True,1.539163437388231,82.79
SOL/USDT:USDT,2026-07-13 00:00:00+00:00,2026-07-13 04:00:00+00:00,2026-07-15 04:00:00+00:00,1,75.82,77.36,73.27265084982079,80.9146983003584,TIMEOUT,13,0.5628800433184189,True,1.2736745750896004,75.6
SOL/USDT:USDT,2026-07-13 12:00:00+00:00,2026-07-13 16:00:00+00:00,2026-07-15 16:00:00+00:00,1,75.78,77.14,73.38427671616483,80.57144656767034,TIMEOUT,13,0.5233943370925104,True,1.197861641917586,75.6
SOL/USDT:USDT,2026-08-04 16:00:00+00:00,2026-08-04 20:00:00+00:00,2026-08-06 20:00:00+00:00,-1,74.17,72.65,75.99348164937163,70.49303670125673,TIMEOUT,13,0.7766253093295479,True,0.9167408246858156,74.32
SOL/USDT:USDT,2026-08-04 20:00:00+00:00,2026-08-05 00:00:00+00:00,2026-08-07 00:00:00+00:00,-1,73.72,72.57,75.50901742945541,70.14196514108917,TIMEOUT,13,0.5851211859454355,True,0.8945087147277069,74.32
SOL/USDT:USDT,2026-08-08 00:00:00+00:00,2026-08-08 04:00:00+00:00,2026-08-08 12:00:00+00:00,-1,74.82,76.55918377558451,76.55918377558451,71.31163244883098,SL,13,-1.060228252741603,True,0.8745918877922528,74.82
SOL/USDT:USDT,2026-08-08 04:00:00+00:00,2026-08-08 08:00:00+00:00,2026-08-08 12:00:00+00:00,-1,74.78,76.48729260550658,76.48729260550658,71.39541478898686,SL,13,-1.061320478787487,True,0.8486463027532848,74.82
SOL/USDT:USDT,2026-08-17 08:00:00+00:00,2026-08-17 12:00:00+00:00,2026-08-18 12:00:00+00:00,-1,75.66,77.02110094614156,77.02110094614156,72.9077981077169,SL,13,-1.0778222954735814,True,0.6855504730707793,75.7
SOL/USDT:USDT,2026-08-18 04:00:00+00:00,2026-08-18 08:00:00+00:00,2026-08-19 08:00:00+00:00,-1,76.06,77.49887905658699,77.49887905658699,73.18224188682603,SL,13,-1.0740048300185698,True,0.7194395282934892,76.2
SOL/USDT:USDT,2026-09-06 04:00:00+00:00,2026-09-06 08:00:00+00:00,2026-09-07 04:00:00+00:00,-1,105.18,104.06,108.78706028277033,97.99587943445934,TIMEOUT,6,0.26967888633480436,True,1.798530141385165,105.88
XRP/USDT:USDT,2023-07-06 12:00:00+00:00,2023-07-06 16:00:00+00:00,2023-07-08 16:00:00+00:00,1,0.4693,0.4701,0.4517776022024058,0.5046447955951883,TIMEOUT,13,0.00815984214327414,True,0.00881119889879709,0.465
XRP/USDT:USDT,2023-07-06 16:00:00+00:00,2023-07-06 20:00:00+00:00,2023-07-08 20:00:00+00:00,1,0.4674,0.4702,0.4509205885754184,0.5006588228491633,TIMEOUT,13,0.13020125201798594,True,0.008289705712290813,0.465
XRP/USDT:USDT,2023-07-30 16:00:00+00:00,2023-07-30 20:00:00+00:00,2023-07-30 20:00:00+00:00,1,0.703,0.6804567893786152,0.6804567893786152,0.7480864212427695,SL,13,-1.0436583775279273,True,0.011271605310692386,0.7015
XRP/USDT:USDT,2023-08-07 04:00:00+00:00,2023-08-07 08:00:00+00:00,2023-08-09 08:00:00+00:00,1,0.612,0.6448,0.5882315918317702,0.6595368163364596,TIMEOUT,13,1.3439351837914484,True,0.01188420408411487,0.6102
XRP/USDT:USDT,2023-08-07 12:00:00+00:00,2023-08-07 16:00:00+00:00,2023-08-09 12:00:00+00:00,1,0.6159,0.6630720976038295,0.5923139511980853,0.6630720976038295,TP,13,1.9634419479395802,True,0.011793024400957383,0.6102
XRP/USDT:USDT,2023-08-17 16:00:00+00:00,2023-08-17 20:00:00+00:00,2023-08-17 20:00:00+00:00,1,0.5761,0.5495623427173559,0.5495623427173559,0.628875314565288,SL,13,-1.0303922833658525,True,0.01321882864132203,0.57
XRP/USDT:USDT,2023-09-03 08:00:00+00:00,2023-09-03 12:00:00+00:00,2023-09-05 12:00:00+00:00,-1,0.5023,0.502,0.5143081068596598,0.4779837862806804,TIMEOUT,13,-0.033578981659017015,True,0.006054053429829871,0.5025
XRP/USDT:USDT,2023-09-03 12:00:00+00:00,2023-09-03 16:00:00+00:00,2023-09-05 16:00:00+00:00,-1,0.5014,0.5023,0.5134603592783717,0.47757928144325634,TIMEOUT,13,-0.13282854706267794,True,0.005980179639185882,0.5025
XRP/USDT:USDT,2023-09-06 12:00:00+00:00,2023-09-06 16:00:00+00:00,2023-09-08 16:00:00+00:00,1,0.4972,0.5047,0.4858723817253822,0.5198552365492355,TIMEOUT,13,0.6006487714408487,True,0.00566380913730888,0.4937
XRP/USDT:USDT,2023-09-11 00:00:00+00:00,2023-09-11 04:00:00+00:00,2023-09-11 04:00:00+00:00,1,0.4964,0.4864790123924477,0.4864790123924477,0.5162419752151046,SL,13,-1.0700494776821374,True,0.004960493803776158,0.4937
XRP/USDT:USDT,2023-09-19 16:00:00+00:00,2023-09-19 20:00:00+00:00,2023-09-21 20:00:00+00:00,-1,0.5152,0.5068,0.5308710430122539,0.48385791397549227,TIMEOUT,13,0.4899941882614733,True,0.007835521506126914,0.5154
XRP/USDT:USDT,2023-09-24 20:00:00+00:00,2023-09-25 00:00:00+00:00,2023-09-25 04:00:00+00:00,1,0.5017,0.4911717438975459,0.4911717438975459,0.5227565122049083,SL,13,-1.0667138026625582,True,0.005264128051227056,0.5
XRP/USDT:USDT,2023-09-25 00:00:00+00:00,2023-09-25 04:00:00+00:00,2023-09-27 04:00:00+00:00,1,0.5017,0.4995,0.49040884471120644,0.5245823105775872,TIMEOUT,13,-0.2570489844277166,True,0.0056955776443967905,0.5
XRP/USDT:USDT,2023-10-09 00:00:00+00:00,2023-10-09 04:00:00+00:00,2023-10-09 08:00:00+00:00,1,0.5184,0.509706068844573,0.509706068844573,0.5354878623108539,SL,13,-1.0834789219082974,True,0.0042969655777134646,0.5148
XRP/USDT:USDT,2023-10-12 08:00:00+00:00,2023-10-12 12:00:00+00:00,2023-10-14 12:00:00+00:00,1,0.4799,0.4873,0.46556630510426034,0.5085673897914793,TIMEOUT,13,0.46939327570030764,True,0.00716684744786984,0.4781
XRP/USDT:USDT,2023-10-19 00:00:00+00:00,2023-10-19 04:00:00+00:00,2023-10-19 20:00:00+00:00,1,0.483,0.505203418082441,0.4717482909587795,0.505203418082441,TP,13,1.9132398468158327,True,0.005575854520610237,0.4825
XRP/USDT:USDT,2023-10-23 08:00:00+00:00,2023-10-23 12:00:00+00:00,2023-10-23 20:00:00+00:00,-1,0.5312,0.5484834355120188,0.5484834355120188,0.49663312897596235,SL,13,-1.0430284823571592,True,0.008641717756009424,0.535
XRP/USDT:USDT,2023-10-23 12:00:00+00:00,2023-10-23 16:00:00+00:00,2023-10-23 20:00:00+00:00,-1,0.532,0.5505056441104164,0.5505056441104164,0.4946887117791674,SL,13,-1.0402471805658886,True,0.009302822055208175,0.535
XRP/USDT:USDT,2023-11-05 00:00:00+00:00,2023-11-05 04:00:00+00:00,2023-11-05 08:00:00+00:00,-1,0.6254,0.6451947260055284,0.6451947260055284,0.586110547988943,SL,13,-1.0442319837999003,True,0.009847363002764257,0.6273
XRP/USDT:USDT,2023-11-26 16:00:00+00:00,2023-11-26 20:00:00+00:00,2023-11-27 12:00:00+00:00,1,0.618,0.5978431029748917,0.5978431029748917,0.6583137940502165,SL,13,-1.0429232733055227,True,0.010078448512554154,0.6155
XRP/USDT:USDT,2023-11-26 20:00:00+00:00,2023-11-27 00:00:00+00:00,2023-11-27 12:00:00+00:00,1,0.6159,0.5971506892449061,0.5971506892449061,0.6533986215101878,SL,13,-1.0459888905391221,True,0.009374655377546937,0.6155
XRP/USDT:USDT,2023-12-04 04:00:00+00:00,2023-12-04 08:00:00+00:00,2023-12-04 08:00:00+00:00,-1,0.6335,0.6043226470982441,0.6480886764508779,0.6043226470982441,TP,13,1.9392062739216738,True,0.007294338225438977,0.6348
XRP/USDT:USDT,2024-06-23 20:00:00+00:00,2024-06-24 00:00:00+00:00,2024-06-24 04:00:00+00:00,1,0.4796,0.46949116984146055,0.46949116984146055,0.49981766031707897,SL,13,-1.0664211377053157,True,0.005054415079269739,0.4792
XRP/USDT:USDT,2024-07-01 04:00:00+00:00,2024-07-01 08:00:00+00:00,2024-07-02 08:00:00+00:00,-1,0.4799,0.4878269285271303,0.4878269285271303,0.46374614294573946,SL,13,-1.0847566617638253,True,0.004013464263565143,0.4809
XRP/USDT:USDT,2024-07-16 00:00:00+00:00,2024-07-16 04:00:00+00:00,2024-07-17 04:00:00+00:00,-1,0.5653,0.598499430678453,0.598499430678453,0.4986011386430941,SL,13,-1.0238383605931425,True,0.0166497153392265,0.5658
XRP/USDT:USDT,2024-08-01 20:00:00+00:00,2024-08-02 00:00:00+00:00,2024-08-02 04:00:00+00:00,1,0.5961,0.5570182399927025,0.5570182399927025,0.6745635200145949,SL,13,-1.0213536954283577,True,0.01959088000364874,0.5916
XRP/USDT:USDT,2024-08-07 08:00:00+00:00,2024-08-07 12:00:00+00:00,2024-08-07 20:00:00+00:00,-1,0.5138,0.551051057607353,0.551051057607353,0.4392978847852942,SL,13,-1.0193100557729673,True,0.018625528803676468,0.5188
XRP/USDT:USDT,2024-08-19 12:00:00+00:00,2024-08-19 16:00:00+00:00,2024-08-19 16:00:00+00:00,-1,0.5791,0.5987572782961383,0.5987572782961383,0.5397854434077232,SL,13,-1.0412437565255037,True,0.00982863914806918,0.5844
XRP/USDT:USDT,2024-08-26 12:00:00+00:00,2024-08-26 16:00:00+00:00,2024-08-27 20:00:00+00:00,1,0.5923,0.5743260223068174,0.5743260223068174,0.6285479553863653,SL,13,-1.046134473634877,True,0.00903698884659132,0.5903
XRP/USDT:USDT,2024-09-09 08:00:00+00:00,2024-09-09 12:00:00+00:00,2024-09-11 12:00:00+00:00,-1,0.5308,0.5319,0.5429981594459445,0.5064036811081111,TIMEOUT,13,-0.15109820527987688,True,0.006099079722972268,0.5325
XRP/USDT:USDT,2024-09-09 12:00:00+00:00,2024-09-09 16:00:00+00:00,2024-09-09 20:00:00+00:00,-1,0.529,0.5411917381864852,0.5411917381864852,0.5049165236270295,SL,13,-1.0607460551294456,True,0.006045869093242638,0.5325
XRP/USDT:USDT,2024-09-14 08:00:00+00:00,2024-09-14 12:00:00+00:00,2024-09-16 12:00:00+00:00,-1,0.5867,0.5682,0.6065375234609868,0.5470249530780265,TIMEOUT,13,0.8911707166858508,True,0.009918761730493398,0.5882
XRP/USDT:USDT,2024-09-14 12:00:00+00:00,2024-09-14 16:00:00+00:00,2024-09-16 16:00:00+00:00,-1,0.5867,0.5867,0.6061258536661885,0.5481482926676229,TIMEOUT,13,-0.04228282649063933,True,0.00966292683309428,0.5882
XRP/USDT:USDT,2024-10-02 12:00:00+00:00,2024-10-02 16:00:00+00:00,2024-10-02 20:00:00+00:00,1,0.5842,0.5429087575833185,0.5429087575833185,0.6667824848333632,SL,13,-1.0198075899907912,True,0.020645621208340778,0.5768
XRP/USDT:USDT,2024-10-07 08:00:00+00:00,2024-10-07 12:00:00+00:00,2024-10-09 12:00:00+00:00,-1,0.537,0.5314,0.5530274844170232,0.5049450311659537,TIMEOUT,13,0.30249288496269944,True,0.008013742208511594,0.5386
XRP/USDT:USDT,2024-10-08 04:00:00+00:00,2024-10-08 08:00:00+00:00,2024-10-10 08:00:00+00:00,1,0.5271,0.5296,0.5092677107204613,0.5624645785590775,TIMEOUT,13,0.09881288781142554,True,0.008866144639769391,0.5256
XRP/USDT:USDT,2024-10-20 04:00:00+00:00,2024-10-20 08:00:00+00:00,2024-10-21 08:00:00+00:00,1,0.5401,0.5604674701410255,0.5297662649294873,0.5604674701410255,TP,13,1.8977968766575353,True,0.005116867535256359,0.5392
XRP/USDT:USDT,2024-10-25 16:00:00+00:00,2024-10-25 20:00:00+00:00,2024-10-25 20:00:00+00:00,1,0.5148,0.5000709867318346,0.5000709867318346,0.5442580265363309,SL,13,-1.048931994756073,True,0.007364506634082731,0.5113
XRP/USDT:USDT,2024-11-03 04:00:00+00:00,2024-11-03 08:00:00+00:00,2024-11-03 12:00:00+00:00,1,0.5058,0.4915277556194332,0.4915277556194332,0.5343444887611337,SL,13,-1.0496151818255144,True,0.0071361221902834235,0.5022
XRP/USDT:USDT,2024-11-03 08:00:00+00:00,2024-11-03 12:00:00+00:00,2024-11-05 12:00:00+00:00,1,0.5024,0.5097,0.488750721536842,0.5296985569263158,TIMEOUT,13,0.4832958766139689,True,0.006824639231578971,0.5022
XRP/USDT:USDT,2024-11-06 20:00:00+00:00,2024-11-07 00:00:00+00:00,2024-11-07 00:00:00+00:00,-1,0.5422,0.5623505271213682,0.5623505271213682,0.5015989457572636,SL,13,-1.037670478565052,True,0.01012526356068411,0.543
XRP/USDT:USDT,2025-05-05 04:00:00+00:00,2025-05-05 08:00:00+00:00,2025-05-05 12:00:00+00:00,1,2.176,2.1084570609362903,2.1084570609362903,2.3107858781274193,SL,13,-1.0451031601856484,True,0.033721469531854786,2.1744
XRP/USDT:USDT,2025-05-08 04:00:00+00:00,2025-05-08 08:00:00+00:00,2025-05-08 12:00:00+00:00,-1,2.1881,2.2637423841300985,2.2637423841300985,2.0371152317398034,SL,13,-1.0404976658949738,True,0.03777119206504924,2.1992
XRP/USDT:USDT,2025-05-10 08:00:00+00:00,2025-05-10 12:00:00+00:00,2025-05-12 12:00:00+00:00,-1,2.3791,2.486966319772218,2.486966319772218,2.1630673604555644,SL,13,-1.030878405854891,True,0.05398315988610888,2.4293
XRP/USDT:USDT,2025-05-10 16:00:00+00:00,2025-05-10 20:00:00+00:00,2025-05-12 12:00:00+00:00,-1,2.419,2.5245693690733546,2.5245693690733546,2.207861261853291,SL,13,-1.032079380882222,True,0.0527846845366773,2.4293
XRP/USDT:USDT,2025-05-23 12:00:00+00:00,2025-05-23 16:00:00+00:00,2025-05-25 16:00:00+00:00,1,2.3607,2.3046,2.244934464202021,2.592231071595958,TIMEOUT,13,-0.5131490956312482,True,0.05788276789898947,2.3125
XRP/USDT:USDT,2025-05-25 08:00:00+00:00,2025-05-25 12:00:00+00:00,2025-05-27 12:00:00+00:00,1,2.2911,2.337,2.2190483480983096,2.4349033038033805,TIMEOUT,13,0.5925257627438018,True,0.03597582595084522,2.2822
XRP/USDT:USDT,2025-06-03 00:00:00+00:00,2025-06-03 04:00:00+00:00,2025-06-03 12:00:00+00:00,-1,2.195,2.2649916544623308,2.2649916544623308,2.055016691075338,SL,13,-1.0439052344684017,True,0.03499582723116553,2.2056
XRP/USDT:USDT,2025-06-03 04:00:00+00:00,2025-06-03 08:00:00+00:00,2025-06-03 12:00:00+00:00,-1,2.1893,2.25518610053402,2.25518610053402,2.0575277989319596,SL,13,-1.0465199787991306,True,0.03294305026701014,2.2056
XRP/USDT:USDT,2025-06-11 08:00:00+00:00,2025-06-11 12:00:00+00:00,2025-06-12 20:00:00+00:00,-1,2.3138,2.1714721470565927,2.3849639264717037,2.1714721470565927,TP,13,1.9544808702863237,True,0.03558196323585178,2.3288
XRP/USDT:USDT,2025-06-12 12:00:00+00:00,2025-06-12 16:00:00+00:00,2025-06-13 00:00:00+00:00,1,2.2275,2.1574603691942777,2.1574603691942777,2.367279261611444,SL,13,-1.0445247920944953,True,0.034969815402861135,2.221
XRP/USDT:USDT,2025-06-16 00:00:00+00:00,2025-06-16 04:00:00+00:00,2025-06-16 08:00:00+00:00,-1,2.1713,2.227549449891913,2.227549449891913,2.059101100216175,SL,13,-1.054041772956735,True,0.028074724945956323,2.178
XRP/USDT:USDT,2025-07-14 04:00:00+00:00,2025-07-14 08:00:00+00:00,2025-07-16 08:00:00+00:00,-1,2.9576,2.9523,3.15030829257058,2.572183414858839,TIMEOUT,13,0.006016139650944278,True,0.0963541462852902,2.9777
XRP/USDT:USDT,2025-07-17 00:00:00+00:00,2025-07-17 04:00:00+00:00,2025-07-17 08:00:00+00:00,-1,3.0253,3.191048675759238,3.191048675759238,2.694102648481524,SL,13,-1.0255532659950313,True,0.08282433787961899,3.0379
XRP/USDT:USDT,2025-07-30 12:00:00+00:00,2025-07-30 16:00:00+00:00,2025-08-01 00:00:00+00:00,1,3.1428,2.988586433093946,2.988586433093946,3.451227133812108,SL,13,-1.0285313418804483,True,0.07710678345302707,3.0516
XRP/USDT:USDT,2025-08-04 12:00:00+00:00,2025-08-04 16:00:00+00:00,2025-08-06 16:00:00+00:00,-1,3.0291,3.01,3.1747098785083088,2.737880242983383,TIMEOUT,13,0.1020484334732307,True,0.07280493925415436,3.0576
XRP/USDT:USDT,2025-08-04 16:00:00+00:00,2025-08-04 20:00:00+00:00,2025-08-06 20:00:00+00:00,-1,3.0476,2.9896,3.1896085613738676,2.763582877252265,TIMEOUT,13,0.3783811305470229,True,0.07100428068693378,3.0576
XRP/USDT:USDT,2025-08-12 04:00:00+00:00,2025-08-12 08:00:00+00:00,2025-08-14 08:00:00+00:00,1,3.1544,3.2176,3.0217115404024595,3.4197769191950806,TIMEOUT,13,0.443021496958352,True,0.0663442297987703,3.1511
XRP/USDT:USDT,2025-08-13 12:00:00+00:00,2025-08-13 16:00:00+00:00,2025-08-15 16:00:00+00:00,-1,3.2556,3.0638,3.396655023297485,2.97348995340503,TIMEOUT,13,1.3274405662611966,True,0.07052751164874255,3.3328
XRP/USDT:USDT,2025-08-18 00:00:00+00:00,2025-08-18 04:00:00+00:00,2025-08-19 16:00:00+00:00,1,2.9882,2.87947415095366,2.87947415095366,3.20565169809268,SL,13,-1.0384773265667206,True,0.05436292452317012,2.981
XRP/USDT:USDT,2025-08-22 16:00:00+00:00,2025-08-22 20:00:00+00:00,2025-08-24 20:00:00+00:00,-1,3.0714,3.025,3.2407871600062426,2.7323256799875146,TIMEOUT,13,0.24854327800553894,True,0.08474358000312135,3.0952
XRP/USDT:USDT,2025-08-29 12:00:00+00:00,2025-08-29 16:00:00+00:00,2025-08-31 16:00:00+00:00,1,2.833,2.7988,2.717115991442958,3.0647680171140843,TIMEOUT,13,-0.32934828951152073,True,0.057942004278521135,2.8202
XRP/USDT:USDT,2025-09-12 00:00:00+00:00,2025-09-12 04:00:00+00:00,2025-09-12 20:00:00+00:00,-1,3.0358,3.1219009499191017,3.1219009499191017,2.8635981001617967,SL,13,-1.0493620570271676,True,0.043050474959550875,3.0363
XRP/USDT:USDT,2025-09-12 12:00:00+00:00,2025-09-12 16:00:00+00:00,2025-09-12 20:00:00+00:00,-1,3.0264,3.1121094776214124,3.1121094776214124,2.854681044757175,SL,13,-1.0494339729698867,True,0.04290473881070618,3.0363
XRP/USDT:USDT,2025-09-17 16:00:00+00:00,2025-09-17 20:00:00+00:00,2025-09-18 08:00:00+00:00,-1,3.0306,3.1169288071846806,3.1169288071846806,2.8582423856306387,SL,13,-1.0491474414898776,True,0.04311440359234031,3.0655
XRP/USDT:USDT,2025-09-20 08:00:00+00:00,2025-09-20 12:00:00+00:00,2025-09-22 00:00:00+00:00,1,2.9875,2.9166619635812165,2.9166619635812165,3.1291760728375664,SL,13,-1.0590431385657517,True,0.035419018209391646,2.9803
XRP/USDT:USDT,2025-09-21 08:00:00+00:00,2025-09-21 12:00:00+00:00,2025-09-22 00:00:00+00:00,1,2.9738,2.912714325962929,2.912714325962929,3.0956713480741422,SL,13,-1.068155423765536,True,0.030492837018535487,2.9635
XRP/USDT:USDT,2025-09-21 16:00:00+00:00,2025-09-21 20:00:00+00:00,2025-09-22 00:00:00+00:00,1,2.9801,2.9210720937232666,2.9210720937232666,3.0984558125534667,SL,13,-1.070680806133293,True,0.029563953138366628,2.9635
XRP/USDT:USDT,2025-09-21 20:00:00+00:00,2025-09-22 00:00:00+00:00,2025-09-22 00:00:00+00:00,1,2.9686,2.9095691478934977,2.9095691478934977,3.0866617042130042,SL,13,-1.0704045401970779,True,0.029515426053251064,2.9635
XRP/USDT:USDT,2025-10-09 00:00:00+00:00,2025-10-09 04:00:00+00:00,2025-10-10 12:00:00+00:00,1,2.8433,2.7516408488129938,2.7516408488129938,3.0269183023740123,SL,13,-1.043428506029677,True,0.045879575593503016,2.8284
XRP/USDT:USDT,2026-04-01 04:00:00+00:00,2026-04-01 08:00:00+00:00,2026-04-03 08:00:00+00:00,-1,1.356,1.3197,1.4079593396838508,1.2520813206322987,TIMEOUT,13,0.6620869358486525,True,0.025979669841925304,1.3663
XRP/USDT:USDT,2026-04-15 20:00:00+00:00,2026-04-16 00:00:00+00:00,2026-04-16 12:00:00+00:00,-1,1.3916,1.4332415355108878,1.4332415355108878,1.3080169289782242,SL,13,-1.0467859788573504,True,0.0208707677554439,1.395
XRP/USDT:USDT,2026-04-22 00:00:00+00:00,2026-04-22 04:00:00+00:00,2026-04-24 04:00:00+00:00,-1,1.4427,1.432,1.484318458829048,1.3591630823419045,TIMEOUT,13,0.20856658906220124,True,0.020859229414523877,1.4488
XRP/USDT:USDT,2026-05-03 20:00:00+00:00,2026-05-04 00:00:00+00:00,2026-05-04 00:00:00+00:00,-1,1.387,1.4084882237701533,1.4084882237701533,1.3443235524596935,SL,13,-1.0903657752623148,True,0.010694111885076652,1.3999
XRP/USDT:USDT,2026-05-05 20:00:00+00:00,2026-05-06 00:00:00+00:00,2026-05-06 08:00:00+00:00,-1,1.4118,1.4411468225950137,1.4411468225950137,1.3528063548099725,SL,13,-1.0673503918047953,True,0.014723411297506848,1.4204
XRP/USDT:USDT,2026-05-07 20:00:00+00:00,2026-05-08 00:00:00+00:00,2026-05-10 00:00:00+00:00,1,1.3859,1.4164,1.3488662653015462,1.4599674693969074,TIMEOUT,13,0.7711817409868915,True,0.018516867349226824,1.3822
XRP/USDT:USDT,2026-05-08 00:00:00+00:00,2026-05-08 04:00:00+00:00,2026-05-10 04:00:00+00:00,1,1.3846,1.4194,1.3496307632613402,1.4542384734773197,TIMEOUT,13,0.9397276882417696,True,0.01743461836932991,1.3822
XRP/USDT:USDT,2026-05-16 04:00:00+00:00,2026-05-16 08:00:00+00:00,2026-05-17 20:00:00+00:00,1,1.4158,1.365301466429928,1.365301466429928,1.517097067140144,SL,13,-1.0392510407703146,True,0.025299266785036047,1.4104
XRP/USDT:USDT,2026-05-19 12:00:00+00:00,2026-05-19 16:00:00+00:00,2026-05-21 16:00:00+00:00,1,1.3667,1.3788,1.3243356047070272,1.4514287905859458,TIMEOUT,13,0.2404523876607697,True,0.02118219764648643,1.36
XRP/USDT:USDT,2026-05-19 20:00:00+00:00,2026-05-20 00:00:00+00:00,2026-05-22 00:00:00+00:00,1,1.3607,1.3716,1.3212440764243893,1.4396118471512214,TIMEOUT,13,0.22797641481544487,True,0.01972796178780535,1.36
XRP/USDT:USDT,2026-05-22 12:00:00+00:00,2026-05-22 16:00:00+00:00,2026-05-23 04:00:00+00:00,1,1.3529,1.3163484206879124,1.3163484206879124,1.4257031586241753,SL,13,-1.051818827958923,True,0.0182257896560438,1.3465
XRP/USDT:USDT,2026-05-27 12:00:00+00:00,2026-05-27 16:00:00+00:00,2026-05-27 20:00:00+00:00,1,1.3359,1.3049330944597322,1.3049330944597322,1.397533811080536,SL,13,-1.0603954436961096,True,0.01543345277013401,1.3315
XRP/USDT:USDT,2026-06-01 16:00:00+00:00,2026-06-01 20:00:00+00:00,2026-06-02 04:00:00+00:00,1,1.2992,1.2592509063146597,1.2592509063146597,1.3790981873706802,SL,13,-1.0455299440414454,True,0.019974546842670117,1.2935
XRP/USDT:USDT,2026-06-01 20:00:00+00:00,2026-06-02 00:00:00+00:00,2026-06-02 04:00:00+00:00,1,1.2966,1.2582107854727052,1.2582107854727052,1.3736784290545896,SL,13,-1.0472851560614598,True,0.01924460726364743,1.2935
XRP/USDT:USDT,2026-06-03 20:00:00+00:00,2026-06-04 00:00:00+00:00,2026-06-04 00:00:00+00:00,1,1.2005,1.1423233092035783,1.1423233092035783,1.3168533815928432,SL,13,-1.0288895771999356,True,0.029088345398210803,1.1886
XRP/USDT:USDT,2026-06-08 12:00:00+00:00,2026-06-08 16:00:00+00:00,2026-06-10 16:00:00+00:00,-1,1.1704,1.0974,1.235118876888013,1.0409622462239743,TIMEOUT,13,1.1026371814745997,True,0.03235943844400649,1.1713
XRP/USDT:USDT,2026-06-24 08:00:00+00:00,2026-06-24 12:00:00+00:00,2026-06-24 12:00:00+00:00,1,1.0953,1.0630457301430178,1.0630457301430178,1.1598085397139641,SL,13,-1.0475416125306602,True,0.016127134928491094,1.0911
XRP/USDT:USDT,2026-06-30 12:00:00+00:00,2026-06-30 16:00:00+00:00,2026-07-02 12:00:00+00:00,1,1.0335,1.104115997416998,0.9981920012915011,1.104115997416998,TP,13,1.9590206170577513,True,0.017653999354249487,1.0313
XRP/USDT:USDT,2026-07-03 08:00:00+00:00,2026-07-03 12:00:00+00:00,2026-07-03 16:00:00+00:00,-1,1.1094,1.144526862028343,1.144526862028343,1.0394462759433136,SL,13,-1.0442157343501617,True,0.017513431014171577,1.112
XRP/USDT:USDT,2026-07-07 12:00:00+00:00,2026-07-07 16:00:00+00:00,2026-07-08 00:00:00+00:00,1,1.13,1.0903818562534846,1.0903818562534846,1.2092362874930305,SL,13,-1.039931199455531,True,0.019809071873257596,1.1088
XRP/USDT:USDT,2026-07-07 20:00:00+00:00,2026-07-08 00:00:00+00:00,2026-07-08 12:00:00+00:00,1,1.1115,1.072188149808173,1.072188149808173,1.189823700383654,SL,13,-1.0395834841760643,True,0.019605925095913482,1.1088
XRP/USDT:USDT,2026-07-19 16:00:00+00:00,2026-07-19 20:00:00+00:00,2026-07-20 12:00:00+00:00,-1,1.0943,1.1125562082908234,1.1125562082908234,1.0577875834183534,SL,13,-1.0839177542014617,True,0.009128104145411708,1.0955
XRP/USDT:USDT,2026-07-20 04:00:00+00:00,2026-07-20 08:00:00+00:00,2026-07-20 12:00:00+00:00,-1,1.0896,1.1118725006266486,1.1118725006266486,1.0450549987467026,SL,13,-1.0684898398060807,True,0.011136250313324315,1.0955
XRP/USDT:USDT,2026-08-11 00:00:00+00:00,2026-08-11 04:00:00+00:00,2026-08-11 12:00:00+00:00,1,1.0141,0.9916505628415813,0.9916505628415813,1.0589988743168375,SL,13,-1.063241674612211,True,0.011224718579209382,1.012
XRP/USDT:USDT,2026-08-19 08:00:00+00:00,2026-08-19 12:00:00+00:00,2026-08-19 12:00:00+00:00,-1,1.0054,1.0209967222869947,1.0209967222869947,0.9739065554260109,SL,13,-1.0902471669431275,True,0.007848361143497268,1.0085
XRP/USDT:USDT,2026-09-02 00:00:00+00:00,2026-09-02 04:00:00+00:00,2026-09-03 12:00:00+00:00,1,1.3512,1.4611373057928905,1.2962313471035547,1.4611373057928905,TP,13,1.965586204130494,True,0.02748432644822264,1.3335
DOGE/USDT:USDT,2023-07-04 00:00:00+00:00,2023-07-04 04:00:00+00:00,2023-07-06 04:00:00+00:00,-1,0.06892,0.06771,0.07215918683523191,0.06244162632953616,TIMEOUT,13,0.34376281969553785,True,0.001619593417615961,0.06919
DOGE/USDT:USDT,2023-07-06 12:00:00+00:00,2023-07-06 16:00:00+00:00,2023-07-08 16:00:00+00:00,1,0.06576,0.06519,0.062399882567346916,0.07248023486530616,TIMEOUT,13,-0.1970359706973837,True,0.0016800587163265427,0.0653
DOGE/USDT:USDT,2023-07-06 16:00:00+00:00,2023-07-06 20:00:00+00:00,2023-07-08 20:00:00+00:00,1,0.06581,0.06568,0.062559898225034,0.072280203549932,TIMEOUT,13,-0.06834678277184567,True,0.0016200508874830049,0.0653
DOGE/USDT:USDT,2023-07-15 04:00:00+00:00,2023-07-15 08:00:00+00:00,2023-07-17 08:00:00+00:00,-1,0.07315,0.06931,0.07884346539674436,0.0617630692065113,TIMEOUT,13,0.6564701354182716,True,0.0028467326983721794,0.07319
DOGE/USDT:USDT,2023-07-25 04:00:00+00:00,2023-07-25 08:00:00+00:00,2023-07-25 16:00:00+00:00,-1,0.07676,0.08243731676182009,0.08243731676182009,0.06537536647635982,SL,13,-1.0189286602295462,True,0.002843658380910043,0.07823
DOGE/USDT:USDT,2023-07-25 08:00:00+00:00,2023-07-25 12:00:00+00:00,2023-07-25 16:00:00+00:00,-1,0.07766,0.08336500786024408,0.08336500786024408,0.06624998427951187,SL,13,-1.0190576424543871,True,0.002852503930122037,0.07823
DOGE/USDT:USDT,2023-07-25 12:00:00+00:00,2023-07-25 16:00:00+00:00,2023-07-25 16:00:00+00:00,-1,0.07718,0.08267100681221153,0.08267100681221153,0.06619798637557694,SL,13,-1.019677994163056,True,0.0027455034061057647,0.07823
DOGE/USDT:USDT,2023-08-02 12:00:00+00:00,2023-08-02 16:00:00+00:00,2023-08-04 16:00:00+00:00,1,0.07533,0.07332,0.07225650565841943,0.08147698868316113,TIMEOUT,13,-0.6882921407664304,True,0.00153674717079028,0.0748
DOGE/USDT:USDT,2023-08-13 20:00:00+00:00,2023-08-14 00:00:00+00:00,2023-08-15 16:00:00+00:00,1,0.07473,0.07297095073917949,0.07297095073917949,0.07824809852164104,SL,13,-1.0594764469251978,True,0.0008795246304102554,0.07415
DOGE/USDT:USDT,2023-08-15 12:00:00+00:00,2023-08-15 16:00:00+00:00,2023-08-15 16:00:00+00:00,1,0.07365,0.07165799896170887,0.07165799896170887,0.07760400207658226,SL,13,-1.0517620212128276,True,0.0009910005191455665,0.07355
DOGE/USDT:USDT,2023-08-17 00:00:00+00:00,2023-08-17 04:00:00+00:00,2023-08-17 16:00:00+00:00,1,0.06816,0.0647766135066711,0.0647766135066711,0.07492677298665779,SL,13,-1.0282036947857272,True,0.001691693246664448,0.0676
DOGE/USDT:USDT,2023-08-29 00:00:00+00:00,2023-08-29 04:00:00+00:00,2023-08-29 12:00:00+00:00,-1,0.06322,0.06465740968721674,0.06465740968721674,0.060345180625566514,SL,13,-1.061574651115214,True,0.0007187048436083699,0.06376
DOGE/USDT:USDT,2023-09-15 20:00:00+00:00,2023-09-16 00:00:00+00:00,2023-09-18 00:00:00+00:00,-1,0.06247,0.06179,0.06386895465003407,0.05964209069993186,TIMEOUT,13,0.4235605492898335,True,0.000704477325017036,0.0625
DOGE/USDT:USDT,2023-09-19 08:00:00+00:00,2023-09-19 12:00:00+00:00,2023-09-21 12:00:00+00:00,-1,0.06254,0.06161,0.06383334953356712,0.05995330093286576,TIMEOUT,13,0.651366067822748,True,0.0006466747667835609,0.06296
DOGE/USDT:USDT,2023-09-24 20:00:00+00:00,2023-09-25 00:00:00+00:00,2023-09-26 20:00:00+00:00,1,0.06064,0.05959969039073594,0.05959969039073594,0.06272061921852812,SL,13,-1.0816064748840082,True,0.0005201548046320291,0.06053
DOGE/USDT:USDT,2023-10-01 08:00:00+00:00,2023-10-01 12:00:00+00:00,2023-10-02 08:00:00+00:00,-1,0.06269,0.0637118181390828,0.0637118181390828,0.06061636372183439,SL,13,-1.0858919964748124,True,0.0005159090695414034,0.06271
DOGE/USDT:USDT,2023-10-01 12:00:00+00:00,2023-10-01 16:00:00+00:00,2023-10-01 20:00:00+00:00,-1,0.06247,0.06352357572053843,0.06352357572053843,0.060392848558923136,SL,13,-1.083010644887777,True,0.000521787860269216,0.06271
DOGE/USDT:USDT,2023-10-16 08:00:00+00:00,2023-10-16 12:00:00+00:00,2023-10-16 12:00:00+00:00,-1,0.05981,0.06101074559939446,0.06101074559939446,0.05737850880121107,SL,13,-1.0697350046856113,True,0.0006053727996972309,0.05997
DOGE/USDT:USDT,2023-10-21 08:00:00+00:00,2023-10-21 12:00:00+00:00,2023-10-22 00:00:00+00:00,-1,0.06041,0.061606008573117,0.061606008573117,0.057987982853766,SL,13,-1.0707135399369132,True,0.0006030042865584987,0.06046
DOGE/USDT:USDT,2023-10-22 20:00:00+00:00,2023-10-23 00:00:00+00:00,2023-10-23 08:00:00+00:00,-1,0.06166,0.06319613459898422,0.06319613459898422,0.05861773080203156,SL,13,-1.0561955964386727,True,0.0007630672994921086,0.06169
DOGE/USDT:USDT,2023-11-05 08:00:00+00:00,2023-11-05 12:00:00+00:00,2023-11-06 00:00:00+00:00,-1,0.07066,0.07297246203920321,0.07297246203920321,0.06603507592159358,SL,13,-1.0427786481779764,True,0.0011562310196016074,0.07099
DOGE/USDT:USDT,2023-11-05 12:00:00+00:00,2023-11-05 16:00:00+00:00,2023-11-06 00:00:00+00:00,-1,0.06994,0.07262213376730946,0.07262213376730946,0.0645457324653811,SL,13,-1.0365067548805453,True,0.001346066883654728,0.07099
DOGE/USDT:USDT,2023-11-05 16:00:00+00:00,2023-11-05 20:00:00+00:00,2023-11-06 12:00:00+00:00,-1,0.07088,0.07363984926500153,0.07363984926500153,0.06536030146999694,SL,13,-1.0359555868714971,True,0.001379924632500765,0.07099
DOGE/USDT:USDT,2023-11-17 04:00:00+00:00,2023-11-17 08:00:00+00:00,2023-11-19 08:00:00+00:00,-1,0.0827,0.0782,0.08962072765403802,0.06888854469192399,TIMEOUT,13,0.633491190401336,True,0.0034553638270190066,0.08354
DOGE/USDT:USDT,2023-11-20 20:00:00+00:00,2023-11-21 00:00:00+00:00,2023-11-21 20:00:00+00:00,1,0.07774,0.07275945015054171,0.07275945015054171,0.0877010996989166,SL,13,-1.0218522057382555,True,0.0024902749247291494,0.07739
DOGE/USDT:USDT,2023-11-27 00:00:00+00:00,2023-11-27 04:00:00+00:00,2023-11-27 04:00:00+00:00,-1,0.07824,0.08120162509444231,0.08120162509444231,0.07231674981111538,SL,13,-1.0369850999053025,True,0.0014808125472211572,0.07917
DOGE/USDT:USDT,2024-06-05 00:00:00+00:00,2024-06-05 04:00:00+00:00,2024-06-07 04:00:00+00:00,-1,0.16309,0.1611,0.16802363849489985,0.1532527230102003,TIMEOUT,13,0.35707399352854013,True,0.002461819247449924,0.16363
DOGE/USDT:USDT,2024-06-11 12:00:00+00:00,2024-06-11 16:00:00+00:00,2024-06-12 16:00:00+00:00,1,0.13677,0.15052725726878124,0.12989137136560938,0.15052725726878124,TP,13,1.9721633467690523,True,0.003439314317195309,0.13628
DOGE/USDT:USDT,2024-06-17 16:00:00+00:00,2024-06-17 20:00:00+00:00,2024-06-18 00:00:00+00:00,1,0.1325,0.12535421584333734,0.12535421584333734,0.1468215683133253,SL,13,-1.025959362322334,True,0.0035778920783313276,0.131
DOGE/USDT:USDT,2024-06-23 20:00:00+00:00,2024-06-24 00:00:00+00:00,2024-06-24 08:00:00+00:00,1,0.12214,0.11760657047145637,0.11760657047145637,0.13120685905708726,SL,13,-1.0377189055048426,True,0.0022667147642718138,0.12127
DOGE/USDT:USDT,2024-06-24 00:00:00+00:00,2024-06-24 04:00:00+00:00,2024-06-24 08:00:00+00:00,1,0.12147,0.11638569440859553,0.11638569440859553,0.13166861118280895,SL,13,-1.0334476354622546,True,0.0025471527957022385,0.12127
DOGE/USDT:USDT,2024-06-25 20:00:00+00:00,2024-06-26 00:00:00+00:00,2024-06-28 00:00:00+00:00,-1,0.1261,0.12659,0.132933367406373,0.11246326518725402,TIMEOUT,13,-0.09754195265110192,True,0.003411683703186496,0.12635
DOGE/USDT:USDT,2024-06-30 00:00:00+00:00,2024-06-30 04:00:00+00:00,2024-07-02 04:00:00+00:00,1,0.12101,0.12292,0.11707214181207715,0.12888571637584573,TIMEOUT,13,0.4420133780688834,True,0.0019689290939614275,0.12059
DOGE/USDT:USDT,2024-07-13 16:00:00+00:00,2024-07-13 20:00:00+00:00,2024-07-14 20:00:00+00:00,-1,0.1123,0.11628291333507777,0.11628291333507777,0.10436417332984443,SL,13,-1.0394736181215276,True,0.001986456667538891,0.11238
DOGE/USDT:USDT,2024-07-13 20:00:00+00:00,2024-07-14 00:00:00+00:00,2024-07-14 20:00:00+00:00,-1,0.11226,0.11628652489040074,0.11628652489040074,0.1042369502191985,SL,13,-1.039032168998801,True,0.002008262445200372,0.11238
DOGE/USDT:USDT,2024-07-20 04:00:00+00:00,2024-07-20 08:00:00+00:00,2024-07-20 12:00:00+00:00,-1,0.1274,0.13331689447433423,0.13331689447433423,0.11559621105133153,SL,13,-1.0301441914797829,True,0.0029534472371671202,0.12765
DOGE/USDT:USDT,2024-07-20 08:00:00+00:00,2024-07-20 12:00:00+00:00,2024-07-20 12:00:00+00:00,-1,0.12591,0.13158464187775637,0.13158464187775637,0.1145307162444873,SL,13,-1.0310634580643694,True,0.0028423209388781724,0.12765
DOGE/USDT:USDT,2024-07-25 16:00:00+00:00,2024-07-25 20:00:00+00:00,2024-07-27 12:00:00+00:00,1,0.12205,0.136885672836914,0.114632163581543,0.136885672836914,TP,13,1.9769649813825962,True,0.003708918209228503,0.12151
DOGE/USDT:USDT,2024-07-27 04:00:00+00:00,2024-07-27 08:00:00+00:00,2024-07-29 08:00:00+00:00,-1,0.13416,0.13328,0.13998859764174587,0.12247280471650823,TIMEOUT,13,0.11875515219003192,True,0.002919298820872936,0.13477
DOGE/USDT:USDT,2024-07-27 08:00:00+00:00,2024-07-27 12:00:00+00:00,2024-07-29 12:00:00+00:00,-1,0.13476,0.12985,0.14039345128951308,0.12349309742097381,TIMEOUT,13,0.8380894335216788,True,0.0028167256447565463,0.13477
DOGE/USDT:USDT,2024-07-30 00:00:00+00:00,2024-07-30 04:00:00+00:00,2024-07-30 20:00:00+00:00,1,0.12923,0.12311513848120959,0.12311513848120959,0.14142972303758083,SL,13,-1.0295872603891425,True,0.0030524307593952104,0.12805
DOGE/USDT:USDT,2024-08-02 12:00:00+00:00,2024-08-02 16:00:00+00:00,2024-08-04 12:00:00+00:00,1,0.1132,0.10466967523626382,0.10466967523626382,0.13026064952747235,SL,13,-1.0185784251349637,True,0.004265162381868086,0.112
DOGE/USDT:USDT,2024-08-02 16:00:00+00:00,2024-08-02 20:00:00+00:00,2024-08-04 12:00:00+00:00,1,0.11251,0.10444238520476198,0.10444238520476198,0.12864522959047603,SL,13,-1.0195242341135293,True,0.004033807397619008,0.112
DOGE/USDT:USDT,2024-08-26 00:00:00+00:00,2024-08-26 04:00:00+00:00,2024-08-26 16:00:00+00:00,1,0.10929,0.10461425617997855,0.10461425617997855,0.1186414876400429,SL,13,-1.0327233496721593,True,0.0023378719100107283,0.10772
DOGE/USDT:USDT,2024-09-01 16:00:00+00:00,2024-09-01 20:00:00+00:00,2024-09-01 20:00:00+00:00,1,0.09907,0.09511321664625424,0.09511321664625424,0.1069535667074915,SL,13,-1.0350532206593264,True,0.0019733916768728773,0.09676
DOGE/USDT:USDT,2024-09-13 08:00:00+00:00,2024-09-13 12:00:00+00:00,2024-09-15 12:00:00+00:00,-1,0.10441,0.10616,0.10846478329973443,0.09630043340053115,TIMEOUT,13,-0.46763880085137843,True,0.0020273916498672116,0.10492
DOGE/USDT:USDT,2024-09-16 00:00:00+00:00,2024-09-16 04:00:00+00:00,2024-09-18 04:00:00+00:00,1,0.10143,0.10153,0.09741345542691772,0.10946308914616458,TIMEOUT,13,-0.010457247326843128,True,0.0020082722865411465,0.10037
DOGE/USDT:USDT,2024-09-19 20:00:00+00:00,2024-09-20 00:00:00+00:00,2024-09-21 12:00:00+00:00,-1,0.10496,0.10873681364072961,0.10873681364072961,0.09743637271854076,SL,13,-1.038906870705861,True,0.0018834068203648071,0.10555
DOGE/USDT:USDT,2024-09-24 20:00:00+00:00,2024-09-25 00:00:00+00:00,2024-09-26 04:00:00+00:00,-1,0.10973,0.11421477721394711,0.11421477721394711,0.10076044557210576,SL,13,-1.0342540984025368,True,0.002242388606973562,0.11048
DOGE/USDT:USDT,2024-09-30 08:00:00+00:00,2024-09-30 12:00:00+00:00,2024-10-01 12:00:00+00:00,1,0.12047,0.11318927258745558,0.11318927258745558,0.13500145482508885,SL,13,-1.0231649930622877,True,0.00363536370627221,0.12004
DOGE/USDT:USDT,2024-10-08 08:00:00+00:00,2024-10-08 12:00:00+00:00,2024-10-10 12:00:00+00:00,1,0.10797,0.10535,0.10252703230130814,0.11882593539738373,TIMEOUT,13,-0.5091262989978803,True,0.002716483849345936,0.10758
DOGE/USDT:USDT,2024-10-10 12:00:00+00:00,2024-10-10 16:00:00+00:00,2024-10-12 16:00:00+00:00,1,0.10534,0.11118,0.10070795563952535,0.1146340887209493,TIMEOUT,13,1.2289441890009614,True,0.0023210221802373236,0.10517
DOGE/USDT:USDT,2024-10-12 00:00:00+00:00,2024-10-12 04:00:00+00:00,2024-10-14 04:00:00+00:00,-1,0.10967,0.113547307302235,0.113547307302235,0.10191538539553001,SL,13,-1.0395991310545585,True,0.0019386536511174972,0.11149
DOGE/USDT:USDT,2024-10-17 20:00:00+00:00,2024-10-18 00:00:00+00:00,2024-10-18 12:00:00+00:00,-1,0.12961,0.13791654281791843,0.13791654281791843,0.11296691436416312,SL,13,-1.0218447077174606,True,0.004158271408959226,0.13006
DOGE/USDT:USDT,2024-10-21 00:00:00+00:00,2024-10-21 04:00:00+00:00,2024-10-23 04:00:00+00:00,-1,0.14542,0.13965,0.15469616889403837,0.12686766221192325,TIMEOUT,13,0.6000766117548195,True,0.004638084447019188,0.14697
DOGE/USDT:USDT,2024-10-23 08:00:00+00:00,2024-10-23 12:00:00+00:00,2024-10-25 12:00:00+00:00,1,0.13698,0.13633,0.1288802677562333,0.1531794644875334,TIMEOUT,13,-0.10392590454428728,True,0.004049866121883344,0.13642
DOGE/USDT:USDT,2024-10-23 12:00:00+00:00,2024-10-23 16:00:00+00:00,2024-10-25 16:00:00+00:00,1,0.13937,0.13543,0.13110489872206887,0.15590020255586223,TIMEOUT,13,-0.5003106266878173,True,0.004132550638965566,0.13642
DOGE/USDT:USDT,2024-10-25 16:00:00+00:00,2024-10-25 20:00:00+00:00,2024-10-27 20:00:00+00:00,1,0.13543,0.14425,0.12765008584606835,0.15098982830786328,TIMEOUT,13,1.1093178959614294,True,0.0038899570769658177,0.1331
DOGE/USDT:USDT,2024-10-27 16:00:00+00:00,2024-10-27 20:00:00+00:00,2024-10-28 12:00:00+00:00,-1,0.14126,0.1476249623620428,0.1476249623620428,0.12853007527591437,SL,13,-1.031070725756268,True,0.0031824811810214,0.14385
DOGE/USDT:USDT,2024-10-28 00:00:00+00:00,2024-10-28 04:00:00+00:00,2024-10-28 12:00:00+00:00,-1,0.14317,0.15067697172971217,0.15067697172971217,0.12812605654057568,SL,13,-1.0267002470792153,True,0.0037584858648560754,0.14385
DOGE/USDT:USDT,2024-10-28 04:00:00+00:00,2024-10-28 08:00:00+00:00,2024-10-28 12:00:00+00:00,-1,0.14338,0.15084404216575054,0.15084404216575054,0.12845191566849895,SL,13,-1.0268932028440405,True,0.0037320210828752664,0.14385
DOGE/USDT:USDT,2024-11-05 04:00:00+00:00,2024-11-05 08:00:00+00:00,2024-11-06 00:00:00+00:00,-1,0.16769,0.18121188441384595,0.18121188441384595,0.1406162311723081,SL,13,-1.0173619292115534,True,0.006765942206922979,0.16894
DOGE/USDT:USDT,2024-11-09 20:00:00+00:00,2024-11-10 00:00:00+00:00,2024-11-10 08:00:00+00:00,-1,0.219,0.23707286327994437,0.23707286327994437,0.18285427344011126,SL,13,-1.016964661063985,True,0.009036431639972177,0.22
DOGE/USDT:USDT,2025-05-01 16:00:00+00:00,2025-05-01 20:00:00+00:00,2025-05-03 20:00:00+00:00,-1,0.1806,0.17555,0.19024074686806092,0.1613185062638782,TIMEOUT,13,0.4975921539743608,True,0.004820373434030449,0.18269
DOGE/USDT:USDT,2025-05-06 00:00:00+00:00,2025-05-06 04:00:00+00:00,2025-05-08 04:00:00+00:00,1,0.16972,0.18143,0.16263360257871765,0.18389279484256474,TIMEOUT,13,1.6189314990357875,True,0.0035431987106411883,0.168
DOGE/USDT:USDT,2025-05-12 16:00:00+00:00,2025-05-12 20:00:00+00:00,2025-05-14 20:00:00+00:00,1,0.22722,0.23267,0.2015703964417834,0.2785192071164332,TIMEOUT,13,0.20007685453508814,True,0.012824801779108308,0.22204
DOGE/USDT:USDT,2025-05-15 12:00:00+00:00,2025-05-15 16:00:00+00:00,2025-05-17 16:00:00+00:00,1,0.22508,0.21439,0.2059651975714455,0.263309604857109,TIMEOUT,13,-0.5757376797973123,True,0.009557401214277261,0.21717
DOGE/USDT:USDT,2025-05-17 00:00:00+00:00,2025-05-17 04:00:00+00:00,2025-05-19 04:00:00+00:00,1,0.21816,0.21777,0.20175730549145185,0.25093538901709633,TIMEOUT,13,-0.04239693665193767,True,0.008196347254274077,0.21353
DOGE/USDT:USDT,2025-05-17 12:00:00+00:00,2025-05-17 16:00:00+00:00,2025-05-19 16:00:00+00:00,1,0.21494,0.22422,0.20130093930806509,0.2422181213838698,TIMEOUT,13,0.6583359516326188,True,0.006819530345967451,0.21353
DOGE/USDT:USDT,2025-05-21 16:00:00+00:00,2025-05-21 20:00:00+00:00,2025-05-23 00:00:00+00:00,-1,0.23009,0.24585488927640758,0.24585488927640758,0.19853022144718485,SL,13,-1.020433127968876,True,0.00788744463820379,0.23793
DOGE/USDT:USDT,2025-05-25 00:00:00+00:00,2025-05-25 04:00:00+00:00,2025-05-27 04:00:00+00:00,1,0.22358,0.22769,0.211218148744609,0.248303702510782,TIMEOUT,13,0.3071536715299126,True,0.006180925627695502,0.22244
DOGE/USDT:USDT,2025-05-30 16:00:00+00:00,2025-05-30 20:00:00+00:00,2025-05-31 00:00:00+00:00,1,0.20031,0.18683602203233052,0.18683602203233052,0.22725795593533893,SL,13,-1.0208130071663242,True,0.006736988983834738,0.2
DOGE/USDT:USDT,2025-06-02 20:00:00+00:00,2025-06-03 00:00:00+00:00,2025-06-05 00:00:00+00:00,-1,0.19498,0.19005,0.20513025247770192,0.17467949504459612,TIMEOUT,13,0.4588090798953569,True,0.00507512623885097,0.19543
DOGE/USDT:USDT,2025-06-10 12:00:00+00:00,2025-06-10 16:00:00+00:00,2025-06-11 04:00:00+00:00,-1,0.191,0.2014797594155231,0.2014797594155231,0.1700104811689538,SL,13,-1.0255158529311192,True,0.005244879707761547,0.19619
DOGE/USDT:USDT,2025-06-10 16:00:00+00:00,2025-06-10 20:00:00+00:00,2025-06-11 04:00:00+00:00,-1,0.19454,0.20541779149345335,0.20541779149345335,0.17278441701309327,SL,13,-1.025037802955123,True,0.005438895746726676,0.19619
DOGE/USDT:USDT,2025-06-12 20:00:00+00:00,2025-06-13 00:00:00+00:00,2025-06-13 00:00:00+00:00,1,0.18103,0.1702821136198237,0.1702821136198237,0.20252577276035258,SL,13,-1.023580636325618,True,0.005373943190088144,0.18009
DOGE/USDT:USDT,2025-06-17 00:00:00+00:00,2025-06-17 04:00:00+00:00,2025-06-17 16:00:00+00:00,1,0.17518,0.16589879400309854,0.16589879400309854,0.19374241199380293,SL,13,-1.0264245831933778,True,0.00464060299845073,0.16961
DOGE/USDT:USDT,2025-06-17 08:00:00+00:00,2025-06-17 12:00:00+00:00,2025-06-19 12:00:00+00:00,1,0.17129,0.16818,0.16282082749566068,0.18822834500867863,TIMEOUT,13,-0.3955293150875926,True,0.0042345862521696595,0.17126
DOGE/USDT:USDT,2025-06-25 12:00:00+00:00,2025-06-25 16:00:00+00:00,2025-06-27 16:00:00+00:00,-1,0.1629,0.15903,0.17078576314543312,0.14712847370913373,TIMEOUT,13,0.4618373558568186,True,0.0039428815727165605,0.16763
DOGE/USDT:USDT,2025-07-02 20:00:00+00:00,2025-07-03 00:00:00+00:00,2025-07-05 00:00:00+00:00,-1,0.16866,0.16427,0.17586185384689546,0.1542562923062091,TIMEOUT,13,0.576778713968299,True,0.003600926923447723,0.16999
DOGE/USDT:USDT,2025-07-09 16:00:00+00:00,2025-07-09 20:00:00+00:00,2025-07-09 20:00:00+00:00,-1,0.17689,0.1837149928096204,0.1837149928096204,0.1632400143807592,SL,13,-1.036285166432838,True,0.0034124964048102007,0.17715
DOGE/USDT:USDT,2025-07-10 16:00:00+00:00,2025-07-10 20:00:00+00:00,2025-07-10 20:00:00+00:00,-1,0.1857,0.19397889061736392,0.19397889061736392,0.16914221876527216,SL,13,-1.0314027581732659,True,0.0041394453086819605,0.18667
DOGE/USDT:USDT,2025-07-17 20:00:00+00:00,2025-07-18 00:00:00+00:00,2025-07-18 00:00:00+00:00,-1,0.21827,0.23537473265332512,0.23537473265332512,0.1840305346933498,SL,13,-1.0178651140706718,True,0.008557366326662553,0.22083
DOGE/USDT:USDT,2025-07-19 04:00:00+00:00,2025-07-19 08:00:00+00:00,2025-07-20 16:00:00+00:00,-1,0.25375,0.27664712815792875,0.27664712815792875,0.20795574368414244,SL,13,-1.0155150461468236,True,0.01144856407896438,0.25439
DOGE/USDT:USDT,2025-07-23 16:00:00+00:00,2025-07-23 20:00:00+00:00,2025-07-25 20:00:00+00:00,1,0.2422,0.23662,0.21941990144320736,0.28779019711358533,TIMEOUT,13,-0.2598355746900416,True,0.011395049278396319,0.2374
DOGE/USDT:USDT,2025-07-23 20:00:00+00:00,2025-07-24 00:00:00+00:00,2025-07-26 00:00:00+00:00,1,0.24072,0.23656,0.21724058125077972,0.28767883749844053,TIMEOUT,13,-0.191529783936808,True,0.011739709374610142,0.2374
DOGE/USDT:USDT,2025-07-27 20:00:00+00:00,2025-07-28 00:00:00+00:00,2025-07-30 00:00:00+00:00,-1,0.24059,0.22431,0.25301187883038706,0.21574624233922587,TIMEOUT,13,1.283475246997173,True,0.0062109394151935214,0.24327
DOGE/USDT:USDT,2025-07-29 12:00:00+00:00,2025-07-29 16:00:00+00:00,2025-07-31 16:00:00+00:00,1,0.22255,0.21368,0.20796728008603949,0.251715439827921,TIMEOUT,13,-0.6296198551554277,True,0.007291359956980254,0.22082
DOGE/USDT:USDT,2025-07-30 12:00:00+00:00,2025-07-30 16:00:00+00:00,2025-08-01 00:00:00+00:00,1,0.22134,0.20732570863888647,0.20732570863888647,0.24933858272222706,SL,13,-1.022111428399429,True,0.007002145680556766,0.21728
DOGE/USDT:USDT,2025-07-31 20:00:00+00:00,2025-08-01 00:00:00+00:00,2025-08-01 20:00:00+00:00,1,0.20967,0.196023264591779,0.196023264591779,0.23693347081644206,SL,13,-1.0215097597498057,True,0.006818367704110516,0.20871
DOGE/USDT:USDT,2025-08-01 00:00:00+00:00,2025-08-01 04:00:00+00:00,2025-08-01 20:00:00+00:00,1,0.20903,0.19527016264620842,0.19527016264620842,0.23654967470758315,SL,13,-1.0212678385998044,True,0.006879918676895782,0.20871
DOGE/USDT:USDT,2025-08-01 12:00:00+00:00,2025-08-01 16:00:00+00:00,2025-08-01 20:00:00+00:00,1,0.20952,0.19573788069147258,0.19573788069147258,0.23711423861705483,SL,13,-1.0212832289021405,True,0.006896059654263712,0.20871
DOGE/USDT:USDT,2025-08-11 12:00:00+00:00,2025-08-11 16:00:00+00:00,2025-08-13 16:00:00+00:00,1,0.23141,0.24383,0.21775908598907887,0.2587118280218423,TIMEOUT,13,0.8860964174503483,True,0.006825457005460568,0.22937
DOGE/USDT:USDT,2025-08-14 12:00:00+00:00,2025-08-14 16:00:00+00:00,2025-08-16 16:00:00+00:00,1,0.2253,0.2292,0.205443857427093,0.265012285145814,TIMEOUT,13,0.1805275111637756,True,0.009928071286453491,0.21854
DOGE/USDT:USDT,2025-08-19 08:00:00+00:00,2025-08-19 12:00:00+00:00,2025-08-20 00:00:00+00:00,1,0.22018,0.2080737882967019,0.2080737882967019,0.24439242340659617,SL,13,-1.0254623004747243,True,0.006053105851649048,0.21978
DOGE/USDT:USDT,2025-09-01 00:00:00+00:00,2025-09-01 04:00:00+00:00,2025-09-03 04:00:00+00:00,1,0.21033,0.216,0.2024338049968952,0.22612239000620957,TIMEOUT,13,0.6807757404530086,True,0.003948097501552388,0.20966
DOGE/USDT:USDT,2025-09-03 16:00:00+00:00,2025-09-03 20:00:00+00:00,2025-09-05 20:00:00+00:00,-1,0.22114,0.21778,0.2295302736528393,0.20435945269432143,TIMEOUT,13,0.36356430388509897,True,0.004195136826419642,0.2213
DOGE/USDT:USDT,2025-09-07 16:00:00+00:00,2025-09-07 20:00:00+00:00,2025-09-08 00:00:00+00:00,-1,0.2222,0.22956058200266416,0.22956058200266416,0.20750883599467165,SL,13,-1.0422629623428425,True,0.003675291001332089,0.22347
DOGE/USDT:USDT,2025-09-11 12:00:00+00:00,2025-09-11 16:00:00+00:00,2025-09-12 00:00:00+00:00,-1,0.24678,0.2604880312251235,0.2604880312251235,0.21939393754975306,SL,13,-1.0252036192744292,True,0.006849015612561727,0.24948
DOGE/USDT:USDT,2025-09-25 12:00:00+00:00,2025-09-25 16:00:00+00:00,2025-09-27 16:00:00+00:00,1,0.23098,0.22972,0.21827107462091438,0.25639785075817123,TIMEOUT,13,-0.12458740237830443,True,0.006354462689542808,0.22775
DOGE/USDT:USDT,2025-10-07 16:00:00+00:00,2025-10-07 20:00:00+00:00,2025-10-09 20:00:00+00:00,1,0.24916,0.24843,0.23449249961896612,0.27849500076206773,TIMEOUT,13,-0.07355200081637478,True,0.0073337501905169295,0.24662
DOGE/USDT:USDT,2025-10-07 20:00:00+00:00,2025-10-08 00:00:00+00:00,2025-10-10 00:00:00+00:00,1,0.24672,0.25119,0.23242216633643734,0.27528566732712534,TIMEOUT,13,0.28847670892348914,True,0.007143916831781335,0.24662
DOGE/USDT:USDT,2025-10-09 12:00:00+00:00,2025-10-09 16:00:00+00:00,2025-10-10 16:00:00+00:00,1,0.24464,0.2312362516603001,0.2312362516603001,0.27141749667939974,SL,13,-1.0255522553333516,True,0.006696874169849944,0.2428
DOGE/USDT:USDT,2026-04-12 00:00:00+00:00,2026-04-12 04:00:00+00:00,2026-04-14 04:00:00+00:00,1,0.09109,0.09355,0.08778653677013569,0.09772692645972862,TIMEOUT,13,0.7060693089947889,True,0.0016567316149321539,0.09086
DOGE/USDT:USDT,2026-04-12 08:00:00+00:00,2026-04-12 12:00:00+00:00,2026-04-14 12:00:00+00:00,1,0.09125,0.09680000254086282,0.08847499872956859,0.09680000254086282,TP,13,1.9539639850398558,True,0.001387500635215706,0.09086
DOGE/USDT:USDT,2026-04-14 08:00:00+00:00,2026-04-14 12:00:00+00:00,2026-04-14 12:00:00+00:00,-1,0.09429,0.09725628915730043,0.09725628915730043,0.08832742168539914,SL,13,-1.0445020673979526,True,0.0014881445786502122,0.09527
DOGE/USDT:USDT,2026-04-19 00:00:00+00:00,2026-04-19 04:00:00+00:00,2026-04-21 04:00:00+00:00,1,0.09472,0.09521,0.09129156937157959,0.10157686125684082,TIMEOUT,13,0.10424361427568585,True,0.0017142153142102067,0.09432
DOGE/USDT:USDT,2026-04-19 08:00:00+00:00,2026-04-19 12:00:00+00:00,2026-04-21 12:00:00+00:00,1,0.09448,0.09474,0.09108046766131978,0.10124906467736045,TIMEOUT,13,0.037572226787404926,True,0.0016947661693401093,0.09432
DOGE/USDT:USDT,2026-04-19 12:00:00+00:00,2026-04-19 16:00:00+00:00,2026-04-21 16:00:00+00:00,1,0.09556,0.0938,0.09186240530647716,0.1029551893870457,TIMEOUT,13,-0.5121664641388065,True,0.001848797346761427,0.09432
DOGE/USDT:USDT,2026-04-19 16:00:00+00:00,2026-04-19 20:00:00+00:00,2026-04-21 20:00:00+00:00,1,0.09445,0.09513,0.09072208459894686,0.10193583080210629,TIMEOUT,13,0.14693734730279914,True,0.0018689577005265704,0.09432
DOGE/USDT:USDT,2026-04-24 08:00:00+00:00,2026-04-24 12:00:00+00:00,2026-04-26 12:00:00+00:00,-1,0.09817,0.09898,0.101356879976214,0.091766240047572,TIMEOUT,13,-0.29729327965641084,True,0.0015984399881069982,0.09858
DOGE/USDT:USDT,2026-04-26 16:00:00+00:00,2026-04-26 20:00:00+00:00,2026-04-28 20:00:00+00:00,-1,0.09914,0.09928,0.10138332226656482,0.09462335546687034,TIMEOUT,13,-0.12427817623675867,True,0.0011266611332824128,0.09951
DOGE/USDT:USDT,2026-04-26 20:00:00+00:00,2026-04-27 00:00:00+00:00,2026-04-29 00:00:00+00:00,-1,0.09916,0.10132,0.10145421263102285,0.0945715747379543,TIMEOUT,13,-1.002010000692521,True,0.0011471063155114249,0.09951
DOGE/USDT:USDT,2026-05-05 16:00:00+00:00,2026-05-05 20:00:00+00:00,2026-05-07 20:00:00+00:00,-1,0.11348,0.10778,0.11742116358891444,0.10559767282217111,TIMEOUT,13,1.405962446112583,True,0.0019705817944572247,0.11383
DOGE/USDT:USDT,2026-05-07 12:00:00+00:00,2026-05-07 16:00:00+00:00,2026-05-09 16:00:00+00:00,1,0.10793,0.10964,0.10300769332634853,0.11777461334730294,TIMEOUT,13,0.31670070626533725,True,0.0024611533368257377,0.10753
DOGE/USDT:USDT,2026-05-07 16:00:00+00:00,2026-05-07 20:00:00+00:00,2026-05-09 20:00:00+00:00,1,0.10789,0.10869,0.10322933421616873,0.11721133156766254,TIMEOUT,13,0.139240621426093,True,0.0023303328919156386,0.10753
DOGE/USDT:USDT,2026-05-07 20:00:00+00:00,2026-05-08 00:00:00+00:00,2026-05-10 00:00:00+00:00,1,0.10779,0.10842,0.10343408965401289,0.11647182069197422,TIMEOUT,13,0.10998711220982138,True,0.002172955172993555,0.10753
DOGE/USDT:USDT,2026-05-10 16:00:00+00:00,2026-05-10 20:00:00+00:00,2026-05-12 20:00:00+00:00,-1,0.11105,0.11012,0.1142301804382071,0.10465963912358581,TIMEOUT,13,0.24354907372383536,True,0.001595090219103551,0.11129
DOGE/USDT:USDT,2026-05-13 08:00:00+00:00,2026-05-13 12:00:00+00:00,2026-05-14 12:00:00+00:00,-1,0.11265,0.11653997360030874,0.11653997360030874,0.10484005279938254,SL,13,-1.0405426915975684,True,0.0019499868001543695,0.11283
DOGE/USDT:USDT,2026-05-13 12:00:00+00:00,2026-05-13 16:00:00+00:00,2026-05-13 16:00:00+00:00,-1,0.10988,0.11421397712026758,0.11421397712026758,0.10124204575946484,SL,13,-1.0354944190361814,True,0.002161988560133787,0.11283
DOGE/USDT:USDT,2026-05-13 20:00:00+00:00,2026-05-14 00:00:00+00:00,2026-05-14 16:00:00+00:00,-1,0.1126,0.11742934281477876,0.11742934281477876,0.10297131437044248,SL,13,-1.0326421225508344,True,0.0024096714073893783,0.11283
DOGE/USDT:USDT,2026-05-14 00:00:00+00:00,2026-05-14 04:00:00+00:00,2026-05-14 16:00:00+00:00,-1,0.11237,0.11743743043947492,0.11743743043947492,0.10223513912105014,SL,13,-1.0310449254072644,True,0.0025337152197374606,0.11283
DOGE/USDT:USDT,2026-05-17 20:00:00+00:00,2026-05-18 00:00:00+00:00,2026-05-18 04:00:00+00:00,1,0.10891,0.1038271915704353,0.1038271915704353,0.11907561685912943,SL,13,-1.029997982830342,True,0.0025414042147823587,0.10764
DOGE/USDT:USDT,2026-05-22 20:00:00+00:00,2026-05-23 00:00:00+00:00,2026-05-23 04:00:00+00:00,1,0.10229,0.09838003543134043,0.09838003543134043,0.11007992913731914,SL,13,-1.03662590734143,True,0.001949982284329785,0.10181
DOGE/USDT:USDT,2026-05-27 20:00:00+00:00,2026-05-28 00:00:00+00:00,2026-05-28 12:00:00+00:00,1,0.10043,0.09670268180442873,0.09670268180442873,0.10788463639114255,SL,13,-1.037722027640962,True,0.00186365909778564,0.1002
DOGE/USDT:USDT,2026-06-03 20:00:00+00:00,2026-06-04 00:00:00+00:00,2026-06-04 00:00:00+00:00,1,0.09136,0.08673083691207183,0.08673083691207183,0.10061832617585634,SL,13,-1.0276300483630714,True,0.002314581543964082,0.09078
DOGE/USDT:USDT,2026-06-10 08:00:00+00:00,2026-06-10 12:00:00+00:00,2026-06-12 12:00:00+00:00,1,0.08326,0.09004605515999341,0.0798519724200033,0.09004605515999341,TP,13,1.956994479487126,True,0.0016990137899983472,0.08313
DOGE/USDT:USDT,2026-06-10 12:00:00+00:00,2026-06-10 16:00:00+00:00,2026-06-12 12:00:00+00:00,1,0.08508,0.09228724780532761,0.0814763760973362,0.09228724780532761,TP,13,1.9669466061894105,True,0.001801811951331901,0.08313
DOGE/USDT:USDT,2026-06-12 04:00:00+00:00,2026-06-12 08:00:00+00:00,2026-06-12 12:00:00+00:00,-1,0.08591,0.08935465726696129,0.08935465726696129,0.07899068546607743,SL,13,-1.0349161006970367,True,0.0017273286334806431,0.08749
DOGE/USDT:USDT,2026-06-17 08:00:00+00:00,2026-06-17 12:00:00+00:00,2026-06-18 12:00:00+00:00,1,0.08579,0.08288828257055476,0.08288828257055476,0.09156343485889046,SL,13,-1.0413913494061213,True,0.0014458587147226129,0.08563
DOGE/USDT:USDT,2026-06-17 12:00:00+00:00,2026-06-17 16:00:00+00:00,2026-06-18 04:00:00+00:00,1,0.08724,0.08423317822781413,0.08423317822781413,0.09322364354437174,SL,13,-1.040619634036776,True,0.0014984108860929323,0.08563
DOGE/USDT:USDT,2026-06-17 20:00:00+00:00,2026-06-18 00:00:00+00:00,2026-06-18 12:00:00+00:00,1,0.08588,0.08250194275778039,0.08250194275778039,0.09263611448443922,SL,13,-1.035592055249188,True,0.0016890286211098024,0.08563
DOGE/USDT:USDT,2026-06-22 08:00:00+00:00,2026-06-22 12:00:00+00:00,2026-06-23 04:00:00+00:00,-1,0.0842,0.07978794318357585,0.08640602840821207,0.07978794318357585,TP,13,1.9465646047162473,True,0.00110301420410604,0.08428
DOGE/USDT:USDT,2026-06-22 20:00:00+00:00,2026-06-23 00:00:00+00:00,2026-06-23 04:00:00+00:00,1,0.08241,0.08006215869249127,0.08006215869249127,0.08710568261501746,SL,13,-1.049140459208643,True,0.0011739206537543618,0.08181
DOGE/USDT:USDT,2026-06-23 00:00:00+00:00,2026-06-23 04:00:00+00:00,2026-06-23 04:00:00+00:00,1,0.08217,0.07972453753349244,0.07972453753349244,0.08706092493301514,SL,13,-1.0470414089668238,True,0.0012227312332537801,0.08181
DOGE/USDT:USDT,2026-06-24 08:00:00+00:00,2026-06-24 12:00:00+00:00,2026-06-24 12:00:00+00:00,1,0.07899,0.07639385319,0.07639385319,0.08415229361999998,SL,13,-1.0425962043340684,True,0.0012930734049999982,0.07821
DOGE/USDT:USDT,2026-07-02 08:00:00+00:00,2026-07-02 12:00:00+00:00,2026-07-03 12:00:00+00:00,-1,0.07414,0.07729298635944556,0.07729298635944556,0.06783402728110886,SL,13,-1.0329199013782768,True,0.0015764931797227866,0.07425
DOGE/USDT:USDT,2026-07-07 04:00:00+00:00,2026-07-07 08:00:00+00:00,2026-07-08 04:00:00+00:00,1,0.07494,0.07192141679698456,0.07192141679698456,0.08097716640603089,SL,13,-1.0347567030437304,True,0.0015092916015077183,0.07432
DOGE/USDT:USDT,2026-07-07 12:00:00+00:00,2026-07-07 16:00:00+00:00,2026-07-08 04:00:00+00:00,1,0.07516,0.0722322641719573,0.0722322641719573,0.08101547165608541,SL,13,-1.035940401108643,True,0.001463867914021354,0.07432
DOGE/USDT:USDT,2026-07-07 16:00:00+00:00,2026-07-07 20:00:00+00:00,2026-07-08 04:00:00+00:00,1,0.07471,0.07173796228236298,0.07173796228236298,0.08065407543527403,SL,13,-1.0351926893051544,True,0.0014860188588185078,0.07432
DOGE/USDT:USDT,2026-07-20 00:00:00+00:00,2026-07-20 04:00:00+00:00,2026-07-22 04:00:00+00:00,-1,0.0727,0.07218,0.0741235169197268,0.06985296616054641,TIMEOUT,13,0.29379348724585064,True,0.0007117584598633958,0.07295
DOGE/USDT:USDT,2026-08-02 16:00:00+00:00,2026-08-02 20:00:00+00:00,2026-08-04 20:00:00+00:00,-1,0.07074,0.07003,0.07257110286031539,0.06707779427936922,TIMEOUT,13,0.33365902770463135,True,0.000915551430157697,0.07113
DOGE/USDT:USDT,2026-08-06 08:00:00+00:00,2026-08-06 12:00:00+00:00,2026-08-08 12:00:00+00:00,1,0.06913,0.07114,0.06754989030200734,0.07229021939598532,TIMEOUT,13,1.2108134026583801,True,0.0007900548489963298,0.06892
DOGE/USDT:USDT,2026-09-01 16:00:00+00:00,2026-09-01 20:00:00+00:00,2026-09-03 12:00:00+00:00,1,0.08193,0.08755383785130916,0.07911808107434543,0.08755383785130916,TP,13,1.9592086389996828,True,0.0014059594628272865,0.08075
DOGE/USDT:USDT,2026-09-02 00:00:00+00:00,2026-09-02 04:00:00+00:00,2026-09-03 12:00:00+00:00,1,0.08149,0.08704177154164999,0.07871411422917501,0.08704177154164999,TP,13,1.9589010465779744,True,0.0013879428854124938,0.08075
ADA/USDT:USDT,2023-07-05 08:00:00+00:00,2023-07-05 12:00:00+00:00,2023-07-07 12:00:00+00:00,1,0.2857,0.2839,0.2732509374992219,0.3105981250015562,TIMEOUT,13,-0.17671852799056312,True,0.006224531250389039,0.2848
ADA/USDT:USDT,2023-07-06 12:00:00+00:00,2023-07-06 16:00:00+00:00,2023-07-08 16:00:00+00:00,1,0.2821,0.2893,0.26787336904361186,0.3105532619127763,TIMEOUT,13,0.478332503377711,True,0.00711331547819409,0.279
ADA/USDT:USDT,2023-07-17 00:00:00+00:00,2023-07-17 04:00:00+00:00,2023-07-18 16:00:00+00:00,1,0.3182,0.30133387504253545,0.30133387504253545,0.35193224991492905,SL,13,-1.0264127060082548,True,0.008433062478732259,0.3159
ADA/USDT:USDT,2023-07-18 04:00:00+00:00,2023-07-18 08:00:00+00:00,2023-07-20 08:00:00+00:00,1,0.3063,0.3251,0.29073674502603336,0.33742650994793333,TIMEOUT,13,1.1804201647232708,True,0.007781627486983334,0.3051
ADA/USDT:USDT,2023-07-19 20:00:00+00:00,2023-07-20 00:00:00+00:00,2023-07-22 00:00:00+00:00,-1,0.3224,0.3132,0.34006268926358957,0.2870746214728209,TIMEOUT,13,0.49531755155964713,True,0.00883134463179477,0.3237
ADA/USDT:USDT,2023-07-24 08:00:00+00:00,2023-07-24 12:00:00+00:00,2023-07-26 12:00:00+00:00,1,0.3061,0.3054,0.2931987271463462,0.33160254570730757,TIMEOUT,13,-0.08747508969088766,True,0.006400636426826881,0.3058
ADA/USDT:USDT,2023-07-29 20:00:00+00:00,2023-07-30 00:00:00+00:00,2023-08-01 00:00:00+00:00,-1,0.3129,0.3004754963449157,0.31911225182754216,0.3004754963449157,TP,13,1.929484507041738,True,0.0031061259137710774,0.3134
ADA/USDT:USDT,2023-08-03 08:00:00+00:00,2023-08-03 12:00:00+00:00,2023-08-05 12:00:00+00:00,1,0.2958,0.291,0.28602543534085745,0.3153491293182851,TIMEOUT,13,-0.5334375679967538,True,0.0048872823295712685,0.2928
ADA/USDT:USDT,2023-08-07 12:00:00+00:00,2023-08-07 16:00:00+00:00,2023-08-07 16:00:00+00:00,1,0.2891,0.28140016877246404,0.28140016877246404,0.30479966245507195,SL,13,-1.0525647885050489,True,0.0038999156137679877,0.2885
ADA/USDT:USDT,2023-08-16 12:00:00+00:00,2023-08-16 16:00:00+00:00,2023-08-16 20:00:00+00:00,1,0.2733,0.2643375283985769,0.2643375283985769,0.2912249432028462,SL,13,-1.0426913486609257,True,0.004481235800711555,0.2728
ADA/USDT:USDT,2023-08-16 16:00:00+00:00,2023-08-16 20:00:00+00:00,2023-08-16 20:00:00+00:00,1,0.2748,0.26567919127876666,0.26567919127876666,0.2927416174424667,SL,13,-1.0421804701489208,True,0.004510404360616679,0.2728
ADA/USDT:USDT,2023-08-22 08:00:00+00:00,2023-08-22 12:00:00+00:00,2023-08-22 20:00:00+00:00,1,0.2589,0.250484864374257,0.250484864374257,0.2757302712514861,SL,13,-1.0430723895751823,True,0.00420756781287151,0.258
ADA/USDT:USDT,2023-08-29 04:00:00+00:00,2023-08-29 08:00:00+00:00,2023-08-29 12:00:00+00:00,-1,0.2626,0.2691450806046643,0.2691450806046643,0.24920983879067143,SL,13,-1.056170431230137,True,0.0033225403023321555,0.2651
ADA/USDT:USDT,2023-08-31 12:00:00+00:00,2023-08-31 16:00:00+00:00,2023-08-31 16:00:00+00:00,1,0.259,0.25029340320345705,0.25029340320345705,0.2764131935930859,SL,13,-1.0416465822953893,True,0.004353298398271482,0.2573
ADA/USDT:USDT,2023-09-11 08:00:00+00:00,2023-09-11 12:00:00+00:00,2023-09-13 12:00:00+00:00,1,0.243,0.2485,0.23476098941396537,0.2591780211720693,TIMEOUT,13,0.6262645187938006,True,0.004069505293017325,0.241
ADA/USDT:USDT,2023-09-17 20:00:00+00:00,2023-09-18 00:00:00+00:00,2023-09-20 00:00:00+00:00,1,0.2468,0.2534,0.24073721450528654,0.2589255709894269,TIMEOUT,13,1.031618223249647,True,0.003031392747356728,0.2449
ADA/USDT:USDT,2023-09-18 12:00:00+00:00,2023-09-18 16:00:00+00:00,2023-09-20 16:00:00+00:00,-1,0.2541,0.2509,0.2611016299558422,0.23979674008831564,TIMEOUT,13,0.4062282665519501,True,0.0035508149779210955,0.2551
ADA/USDT:USDT,2023-10-01 00:00:00+00:00,2023-10-01 04:00:00+00:00,2023-10-01 08:00:00+00:00,-1,0.2553,0.26076381211791333,0.26076381211791333,0.2440723757641733,SL,13,-1.0654158657520791,True,0.0027819060589566727,0.2558
ADA/USDT:USDT,2023-10-01 04:00:00+00:00,2023-10-01 08:00:00+00:00,2023-10-01 08:00:00+00:00,-1,0.2556,0.2607953038355249,0.2607953038355249,0.24520939232895017,SL,13,-1.0688775885547115,True,0.002597651917762444,0.2558
ADA/USDT:USDT,2023-10-06 12:00:00+00:00,2023-10-06 16:00:00+00:00,2023-10-08 16:00:00+00:00,-1,0.2642,0.2564,0.2719935386329731,0.24861292273405378,TIMEOUT,13,0.9533692395601182,True,0.0038967693164865657,0.2645
ADA/USDT:USDT,2023-10-09 00:00:00+00:00,2023-10-09 04:00:00+00:00,2023-10-09 08:00:00+00:00,1,0.2572,0.25195316954673835,0.25195316954673835,0.26769366090652325,SL,13,-1.068628099041424,True,0.0026234152266308166,0.2551
ADA/USDT:USDT,2023-10-10 16:00:00+00:00,2023-10-10 20:00:00+00:00,2023-10-12 16:00:00+00:00,1,0.2486,0.24252619003263048,0.24252619003263048,0.260747619934739,SL,13,-1.057301759829462,True,0.0030369049836847586,0.248
ADA/USDT:USDT,2023-10-10 20:00:00+00:00,2023-10-11 00:00:00+00:00,2023-10-12 08:00:00+00:00,1,0.249,0.24278269802827976,0.24278269802827976,0.2611346039434405,SL,13,-1.0560693370831313,True,0.0030586509858601253,0.248
ADA/USDT:USDT,2023-10-12 08:00:00+00:00,2023-10-12 12:00:00+00:00,2023-10-14 12:00:00+00:00,1,0.2455,0.2475,0.23946667946228467,0.25756664107543065,TIMEOUT,13,0.2745254440976881,True,0.003016660268857667,0.2438
ADA/USDT:USDT,2023-10-29 12:00:00+00:00,2023-10-29 16:00:00+00:00,2023-10-31 16:00:00+00:00,-1,0.2966,0.2923,0.30610637181059097,0.2778872563788181,TIMEOUT,13,0.4086480181294804,True,0.004703185905295484,0.2977
ADA/USDT:USDT,2023-11-03 20:00:00+00:00,2023-11-04 00:00:00+00:00,2023-11-05 16:00:00+00:00,-1,0.3292,0.34963712597177565,0.34963712597177565,0.28832574805644867,SL,13,-1.0225511160735854,True,0.010218562985887828,0.3296
ADA/USDT:USDT,2023-11-04 20:00:00+00:00,2023-11-05 00:00:00+00:00,2023-11-05 08:00:00+00:00,-1,0.3279,0.342445169556078,0.342445169556078,0.29880966088784405,SL,13,-1.031560993375163,True,0.007272584778038987,0.3305
ADA/USDT:USDT,2023-11-10 20:00:00+00:00,2023-11-11 00:00:00+00:00,2023-11-13 00:00:00+00:00,-1,0.3864,0.3769,0.41313311490369725,0.3326337701926054,TIMEOUT,13,0.33512892277139616,True,0.013416557451848643,0.3872
ADA/USDT:USDT,2023-11-11 00:00:00+00:00,2023-11-11 04:00:00+00:00,2023-11-13 04:00:00+00:00,-1,0.3744,0.3774,0.40152869958320436,0.31984260083359134,TIMEOUT,13,-0.12990523151289732,True,0.01361434979160216,0.3872
ADA/USDT:USDT,2023-12-02 08:00:00+00:00,2023-12-02 12:00:00+00:00,2023-12-02 20:00:00+00:00,-1,0.3892,0.3983321347807082,0.3983321347807082,0.3712357304385835,SL,13,-1.0596662240630816,True,0.00451606739035412,0.3894
ADA/USDT:USDT,2023-12-07 16:00:00+00:00,2023-12-07 20:00:00+00:00,2023-12-08 04:00:00+00:00,-1,0.4523,0.478988147911279,0.478988147911279,0.399223704177442,SL,13,-1.0237266370864344,True,0.013294073955639508,0.4558
ADA/USDT:USDT,2024-06-03 04:00:00+00:00,2024-06-03 08:00:00+00:00,2024-06-05 08:00:00+00:00,-1,0.4538,0.4608,0.46758028357419973,0.4262394328516005,TIMEOUT,13,-0.5540756805828945,True,0.0068901417870998695,0.4562
ADA/USDT:USDT,2024-06-03 08:00:00+00:00,2024-06-03 12:00:00+00:00,2024-06-05 12:00:00+00:00,-1,0.4537,0.4619,0.46705624576430643,0.4269875084713871,TIMEOUT,13,-0.661501754004208,True,0.006678122882153224,0.4562
ADA/USDT:USDT,2024-06-03 12:00:00+00:00,2024-06-03 16:00:00+00:00,2024-06-05 16:00:00+00:00,-1,0.4534,0.4634,0.46724207966239895,0.4257158406752022,TIMEOUT,13,-0.7682920673320905,True,0.006921039831199461,0.4562
ADA/USDT:USDT,2024-06-17 16:00:00+00:00,2024-06-17 20:00:00+00:00,2024-06-18 00:00:00+00:00,1,0.4123,0.39288542886798167,0.39288542886798167,0.45112914226403666,SL,13,-1.029731277403705,True,0.009707285566009166,0.3967
ADA/USDT:USDT,2024-06-24 04:00:00+00:00,2024-06-24 08:00:00+00:00,2024-06-24 08:00:00+00:00,1,0.3735,0.35942534757835587,0.35942534757835587,0.4019493048432882,SL,13,-1.0371518943654963,True,0.007087326210822066,0.3711
ADA/USDT:USDT,2024-06-25 08:00:00+00:00,2024-06-25 12:00:00+00:00,2024-06-27 12:00:00+00:00,-1,0.3929,0.3861,0.4110764970616838,0.35654700587663246,TIMEOUT,13,0.34384733091256386,True,0.009088248530841902,0.3932
ADA/USDT:USDT,2024-07-01 20:00:00+00:00,2024-07-02 00:00:00+00:00,2024-07-02 12:00:00+00:00,-1,0.4032,0.41645557173524705,0.41645557173524705,0.3766888565295059,SL,13,-1.042584357074469,True,0.00662778586762354,0.4037
ADA/USDT:USDT,2024-07-09 20:00:00+00:00,2024-07-10 00:00:00+00:00,2024-07-11 00:00:00+00:00,-1,0.3752,0.3950961139153327,0.3950961139153327,0.3354077721693345,SL,13,-1.0264011355300493,True,0.00994805695766636,0.38
ADA/USDT:USDT,2024-07-18 12:00:00+00:00,2024-07-18 16:00:00+00:00,2024-07-20 16:00:00+00:00,1,0.4254,0.435,0.4028461330483285,0.47080773390334296,TIMEOUT,13,0.39924151451698914,True,0.011326933475835754,0.4245
ADA/USDT:USDT,2024-07-30 16:00:00+00:00,2024-07-30 20:00:00+00:00,2024-08-01 04:00:00+00:00,1,0.3997,0.3836024592267481,0.3836024592267481,0.4315950815465038,SL,13,-1.0347618315047111,True,0.007998770386625949,0.3979
ADA/USDT:USDT,2024-07-31 16:00:00+00:00,2024-07-31 20:00:00+00:00,2024-08-01 04:00:00+00:00,1,0.3949,0.3783783382226876,0.3783783382226876,0.4282433235546248,SL,13,-1.033462735616534,True,0.008310830888656208,0.3937
ADA/USDT:USDT,2024-08-04 16:00:00+00:00,2024-08-04 20:00:00+00:00,2024-08-05 00:00:00+00:00,1,0.3504,0.32781263655340753,0.32781263655340753,0.39587472689318487,SL,13,-1.0217183382717474,True,0.011343681723296214,0.3487
ADA/USDT:USDT,2024-08-08 16:00:00+00:00,2024-08-08 20:00:00+00:00,2024-08-10 20:00:00+00:00,-1,0.3396,0.3455,0.36090051578780474,0.29699896842439055,TIMEOUT,13,-0.29930918403629064,True,0.010650257893902376,0.3409
ADA/USDT:USDT,2024-08-20 04:00:00+00:00,2024-08-20 08:00:00+00:00,2024-08-21 04:00:00+00:00,-1,0.344,0.35478303110680465,0.35478303110680465,0.32213393778639066,SL,13,-1.0446627664549797,True,0.0054415155534023405,0.3452
ADA/USDT:USDT,2024-08-20 12:00:00+00:00,2024-08-20 16:00:00+00:00,2024-08-21 04:00:00+00:00,-1,0.3391,0.35085436558688887,0.35085436558688887,0.3152912688262223,SL,13,-1.0403883983776663,True,0.0059271827934444235,0.3399
ADA/USDT:USDT,2024-08-23 00:00:00+00:00,2024-08-23 04:00:00+00:00,2024-08-23 16:00:00+00:00,-1,0.3747,0.39012684541150033,0.39012684541150033,0.3435463091769993,SL,13,-1.034004359673491,True,0.007763422705750162,0.3773
ADA/USDT:USDT,2024-09-01 12:00:00+00:00,2024-09-01 16:00:00+00:00,2024-09-01 20:00:00+00:00,1,0.3402,0.32796900790827294,0.32796900790827294,0.36436198418345417,SL,13,-1.038940422528942,True,0.0060654960458635465,0.337
ADA/USDT:USDT,2024-09-01 16:00:00+00:00,2024-09-01 20:00:00+00:00,2024-09-01 20:00:00+00:00,1,0.3396,0.3267998068538365,0.3267998068538365,0.364900386292327,SL,13,-1.0371431895262064,True,0.006350096573081739,0.337
ADA/USDT:USDT,2024-09-08 08:00:00+00:00,2024-09-08 12:00:00+00:00,2024-09-10 12:00:00+00:00,-1,0.3388,0.341,0.35172311587168414,0.3126537682566317,TIMEOUT,13,-0.20694080487661176,True,0.006511557935842076,0.3397
ADA/USDT:USDT,2024-09-08 12:00:00+00:00,2024-09-08 16:00:00+00:00,2024-09-09 00:00:00+00:00,-1,0.332,0.3457867004221263,0.3457867004221263,0.30472659915574746,SL,13,-1.033713650530481,True,0.006843350211063134,0.3397
ADA/USDT:USDT,2024-09-08 20:00:00+00:00,2024-09-09 00:00:00+00:00,2024-09-11 00:00:00+00:00,-1,0.3388,0.3394,0.35281534387261926,0.31076931225476145,TIMEOUT,13,-0.07665313172221255,True,0.007007671936309644,0.3397
ADA/USDT:USDT,2024-09-11 04:00:00+00:00,2024-09-11 08:00:00+00:00,2024-09-12 12:00:00+00:00,1,0.3395,0.3607657104473758,0.3290171447763121,0.3607657104473758,TP,13,1.9832774567367952,True,0.005291427611843949,0.3372
ADA/USDT:USDT,2024-09-23 16:00:00+00:00,2024-09-23 20:00:00+00:00,2024-09-24 12:00:00+00:00,-1,0.361,0.37499638978121497,0.37499638978121497,0.33270722043757006,SL,13,-1.03610931160822,True,0.007048194890607491,0.3611
ADA/USDT:USDT,2024-10-06 16:00:00+00:00,2024-10-06 20:00:00+00:00,2024-10-07 00:00:00+00:00,-1,0.3544,0.3651795981573842,0.3651795981573842,0.33284080368523156,SL,13,-1.0460276897854601,True,0.00538979907869212,0.356
ADA/USDT:USDT,2024-10-09 12:00:00+00:00,2024-10-09 16:00:00+00:00,2024-10-11 16:00:00+00:00,1,0.3433,0.3531,0.33078853205838465,0.3680229358832307,TIMEOUT,13,0.7448670326686557,True,0.006205733970807676,0.3406
ADA/USDT:USDT,2024-10-10 12:00:00+00:00,2024-10-10 16:00:00+00:00,2024-10-12 16:00:00+00:00,1,0.3374,0.3523,0.32572915416284876,0.3607416916743024,TIMEOUT,13,1.2362120279297355,True,0.0058354229185756026,0.3336
ADA/USDT:USDT,2024-10-12 08:00:00+00:00,2024-10-12 12:00:00+00:00,2024-10-14 12:00:00+00:00,-1,0.3544,0.36346471148780096,0.36346471148780096,0.3359705770243981,SL,13,-1.0547353327977087,True,0.00458235574390049,0.3547
ADA/USDT:USDT,2024-10-12 12:00:00+00:00,2024-10-12 16:00:00+00:00,2024-10-14 12:00:00+00:00,-1,0.3542,0.3629427499560942,0.3629427499560942,0.3367145000878116,SL,13,-1.0567189960241676,True,0.004371374978047091,0.3547
ADA/USDT:USDT,2024-10-12 16:00:00+00:00,2024-10-12 20:00:00+00:00,2024-10-14 12:00:00+00:00,-1,0.3523,0.361343716628615,0.361343716628615,0.33421256674277006,SL,13,-1.0545373125070523,True,0.0045218583143074795,0.3547
ADA/USDT:USDT,2024-10-15 08:00:00+00:00,2024-10-15 12:00:00+00:00,2024-10-15 12:00:00+00:00,-1,0.3551,0.36907813089044,0.36907813089044,0.32684373821911994,SL,13,-1.0355655562175345,True,0.007039065445220004,0.3595
ADA/USDT:USDT,2024-10-25 08:00:00+00:00,2024-10-25 12:00:00+00:00,2024-10-25 20:00:00+00:00,1,0.3429,0.3287425148640836,0.3287425148640836,0.3712149702718327,SL,13,-1.0339085646491075,True,0.007078742567958184,0.3393
ADA/USDT:USDT,2024-11-04 12:00:00+00:00,2024-11-04 16:00:00+00:00,2024-11-06 00:00:00+00:00,1,0.3279,0.3567732612419439,0.3134633693790281,0.3567732612419439,TP,13,1.968201721575315,True,0.007218315310485986,0.3271
ADA/USDT:USDT,2024-11-04 16:00:00+00:00,2024-11-04 20:00:00+00:00,2024-11-06 00:00:00+00:00,1,0.3282,0.3562101597430181,0.31419492012849093,0.3562101597430181,TP,13,1.9671919043507398,True,0.007002539935754521,0.3271
ADA/USDT:USDT,2025-05-10 16:00:00+00:00,2025-05-10 20:00:00+00:00,2025-05-12 20:00:00+00:00,-1,0.8122,0.8166,0.8648447125213121,0.7072105749573758,TIMEOUT,13,-0.10517827403385271,True,0.026272356260656052,0.8181
ADA/USDT:USDT,2025-05-15 08:00:00+00:00,2025-05-15 12:00:00+00:00,2025-05-17 12:00:00+00:00,1,0.7714,0.7501,0.7203941955833206,0.8737116088333586,TIMEOUT,13,-0.4387728074470196,True,0.025552902208339667,0.771
ADA/USDT:USDT,2025-05-18 20:00:00+00:00,2025-05-19 00:00:00+00:00,2025-05-21 00:00:00+00:00,1,0.7595,0.7517,0.7050841045066621,0.8683317909866756,TIMEOUT,13,-0.16288071563730971,True,0.027207947746668897,0.726
ADA/USDT:USDT,2025-05-21 16:00:00+00:00,2025-05-21 20:00:00+00:00,2025-05-22 08:00:00+00:00,-1,0.7606,0.8030242936155959,0.8030242936155959,0.6760514127688083,SL,13,-1.0250997697132793,True,0.02116214680779792,0.7763
ADA/USDT:USDT,2025-05-21 20:00:00+00:00,2025-05-22 00:00:00+00:00,2025-05-23 00:00:00+00:00,-1,0.7691,0.8114877211335164,0.8114877211335164,0.6843245577329672,SL,13,-1.025402167684561,True,0.021193860566758194,0.7763
ADA/USDT:USDT,2025-05-24 20:00:00+00:00,2025-05-25 00:00:00+00:00,2025-05-27 00:00:00+00:00,1,0.7463,0.7536,0.710874661994819,0.817150676010362,TIMEOUT,13,0.17657361516452594,True,0.017712669002590525,0.7418
ADA/USDT:USDT,2025-05-25 00:00:00+00:00,2025-05-25 04:00:00+00:00,2025-05-27 04:00:00+00:00,1,0.7438,0.7646,0.7082713737288431,0.8148572525423139,TIMEOUT,13,0.556134083237565,True,0.017764313135578455,0.7418
ADA/USDT:USDT,2025-06-11 08:00:00+00:00,2025-06-11 12:00:00+00:00,2025-06-13 00:00:00+00:00,-1,0.7147,0.6517049879294604,0.7461975060352698,0.6517049879294604,TP,13,1.9682330404547081,True,0.015748753017634894,0.7156
ADA/USDT:USDT,2025-06-14 16:00:00+00:00,2025-06-14 20:00:00+00:00,2025-06-16 20:00:00+00:00,1,0.6186,0.63,0.591527392259315,0.67274521548137,TIMEOUT,13,0.3891003076208808,True,0.013536303870342494,0.6168
ADA/USDT:USDT,2025-06-18 08:00:00+00:00,2025-06-18 12:00:00+00:00,2025-06-20 12:00:00+00:00,1,0.6065,0.5828,0.5770153250137215,0.665469349972557,TIMEOUT,13,-0.8326054131993877,True,0.014742337493139255,0.5992
ADA/USDT:USDT,2025-06-20 04:00:00+00:00,2025-06-20 08:00:00+00:00,2025-06-20 16:00:00+00:00,1,0.6025,0.5781559370232372,0.5781559370232372,0.6511881259535257,SL,13,-1.0346491052379032,True,0.012172031488381401,0.5875
ADA/USDT:USDT,2025-07-01 12:00:00+00:00,2025-07-01 16:00:00+00:00,2025-07-03 04:00:00+00:00,1,0.5464,0.600289053259889,0.5194554733700555,0.600289053259889,TP,13,1.971609818554026,True,0.013472263314972246,0.5446
ADA/USDT:USDT,2025-07-02 20:00:00+00:00,2025-07-03 00:00:00+00:00,2025-07-05 00:00:00+00:00,-1,0.5839,0.5777,0.6133334129960573,0.5253331740078854,TIMEOUT,13,0.18287175872947506,True,0.01466670649802863,0.5904
ADA/USDT:USDT,2025-07-16 16:00:00+00:00,2025-07-16 20:00:00+00:00,2025-07-17 08:00:00+00:00,-1,0.7637,0.8077959747742612,0.8077959747742612,0.6758080504514776,SL,13,-1.0242466575571447,True,0.021997987387130605,0.7684
ADA/USDT:USDT,2025-07-16 20:00:00+00:00,2025-07-17 00:00:00+00:00,2025-07-17 08:00:00+00:00,-1,0.7644,0.8094898448043597,0.8094898448043597,0.6742203103912805,SL,13,-1.0237339472921967,True,0.02254492240217986,0.7684
ADA/USDT:USDT,2025-07-17 00:00:00+00:00,2025-07-17 04:00:00+00:00,2025-07-17 08:00:00+00:00,-1,0.7447,0.7925711988304451,0.7925711988304451,0.6492576023391098,SL,13,-1.0217788571306248,True,0.023885599415222558,0.7684
ADA/USDT:USDT,2025-07-21 04:00:00+00:00,2025-07-21 08:00:00+00:00,2025-07-23 08:00:00+00:00,-1,0.8942,0.8625,0.9500402070798019,0.7822195858403963,TIMEOUT,13,0.5452723331861252,True,0.027970103539900936,0.8957
ADA/USDT:USDT,2025-07-30 12:00:00+00:00,2025-07-30 16:00:00+00:00,2025-07-30 16:00:00+00:00,1,0.7731,0.7306460897583655,0.7306460897583655,0.858007820483269,SL,13,-1.0254944713888463,True,0.021226955120817247,0.7689
ADA/USDT:USDT,2025-08-01 00:00:00+00:00,2025-08-01 04:00:00+00:00,2025-08-02 16:00:00+00:00,1,0.7343,0.6906501504262461,0.6906501504262461,0.8218996991475079,SL,13,-1.0235515130072323,True,0.02187492478687695,0.7285
ADA/USDT:USDT,2025-08-01 12:00:00+00:00,2025-08-01 16:00:00+00:00,2025-08-02 16:00:00+00:00,1,0.7327,0.6888292682922853,0.6888292682922853,0.8207414634154294,SL,13,-1.0233818757989763,True,0.021985365853857377,0.7285
ADA/USDT:USDT,2025-08-01 16:00:00+00:00,2025-08-01 20:00:00+00:00,2025-08-02 16:00:00+00:00,1,0.731,0.6870520325199805,0.6870520325199805,0.818895934960039,SL,13,-1.0232866286811848,True,0.021973983740009733,0.7285
ADA/USDT:USDT,2025-08-09 04:00:00+00:00,2025-08-09 08:00:00+00:00,2025-08-11 08:00:00+00:00,-1,0.8066,0.7902,0.8437668380124964,0.7322663239750071,TIMEOUT,13,0.4108705721715029,True,0.018583419006248197,0.8067
ADA/USDT:USDT,2025-08-09 08:00:00+00:00,2025-08-09 12:00:00+00:00,2025-08-11 12:00:00+00:00,-1,0.8065,0.7958,0.8422512596108302,0.7352974807783395,TIMEOUT,13,0.26770805012701415,True,0.01782562980541511,0.8067
ADA/USDT:USDT,2025-08-09 12:00:00+00:00,2025-08-09 16:00:00+00:00,2025-08-11 16:00:00+00:00,-1,0.8047,0.7846,0.8421310916627195,0.7298378166745609,TIMEOUT,13,0.5068893039765946,True,0.018715545831359773,0.8067
ADA/USDT:USDT,2025-08-09 20:00:00+00:00,2025-08-10 00:00:00+00:00,2025-08-12 00:00:00+00:00,-1,0.8026,0.7814,0.8393420199599982,0.7288159600800035,TIMEOUT,13,0.5464141607308883,True,0.018421009979999108,0.8067
ADA/USDT:USDT,2025-08-12 00:00:00+00:00,2025-08-12 04:00:00+00:00,2025-08-13 08:00:00+00:00,1,0.7814,0.8693987941078495,0.7374006029460752,0.8693987941078495,TP,13,1.9751369320206988,True,0.021999698526962357,0.7755
ADA/USDT:USDT,2025-08-12 04:00:00+00:00,2025-08-12 08:00:00+00:00,2025-08-13 08:00:00+00:00,1,0.7819,0.8675989548934695,0.7392005225532653,0.8675989548934695,TP,13,1.981389467798726,True,0.02139973872336737,0.7755
ADA/USDT:USDT,2025-08-29 04:00:00+00:00,2025-08-29 08:00:00+00:00,2025-08-31 08:00:00+00:00,1,0.8271,0.824,0.7817253362096397,0.9175493275807205,TIMEOUT,13,-0.09383959338349039,True,0.02263733189518015,0.8259
ADA/USDT:USDT,2025-09-01 00:00:00+00:00,2025-09-01 04:00:00+00:00,2025-09-03 04:00:00+00:00,1,0.8086,0.8302,0.7785007598359301,0.8687984803281397,TIMEOUT,13,0.6800158372247929,True,0.015049620082034917,0.8048
ADA/USDT:USDT,2025-09-11 12:00:00+00:00,2025-09-11 16:00:00+00:00,2025-09-12 20:00:00+00:00,-1,0.8763,0.9103490213600746,0.9103490213600746,0.8082019572798508,SL,13,-1.0360309915232557,True,0.017024510680037304,0.8965
ADA/USDT:USDT,2025-09-11 20:00:00+00:00,2025-09-12 00:00:00+00:00,2025-09-13 00:00:00+00:00,-1,0.8937,0.9254754871549006,0.9254754871549006,0.830149025690199,SL,13,-1.039375635498543,True,0.015887743577450243,0.8965
ADA/USDT:USDT,2025-09-25 12:00:00+00:00,2025-09-25 16:00:00+00:00,2025-09-25 16:00:00+00:00,1,0.7906,0.7541066615432881,0.7541066615432881,0.8638866769134237,SL,13,-1.030329919015574,True,0.01829666922835596,0.7782
ADA/USDT:USDT,2025-10-09 08:00:00+00:00,2025-10-09 12:00:00+00:00,2025-10-10 12:00:00+00:00,1,0.812,0.7763821813891122,0.7763821813891122,0.8832356372217758,SL,13,-1.0319166092797298,True,0.017808909305443946,0.8073
ADA/USDT:USDT,2026-03-29 04:00:00+00:00,2026-03-29 08:00:00+00:00,2026-03-31 08:00:00+00:00,1,0.2449,0.2409,0.2124989136853819,0.3097021726292362,TIMEOUT,13,-0.1340343949530073,True,0.01620054315730905,0.2439
ADA/USDT:USDT,2026-04-15 20:00:00+00:00,2026-04-16 00:00:00+00:00,2026-04-16 16:00:00+00:00,-1,0.246,0.2561013464037713,0.2561013464037713,0.22579730719245739,SL,13,-1.0340944648597952,True,0.005050673201885651,0.2495
ADA/USDT:USDT,2026-04-16 00:00:00+00:00,2026-04-16 04:00:00+00:00,2026-04-16 16:00:00+00:00,-1,0.2492,0.25956116688326847,0.25956116688326847,0.22817766623346303,SL,13,-1.0336718830929537,True,0.005230583441634233,0.2495
ADA/USDT:USDT,2026-04-16 08:00:00+00:00,2026-04-16 12:00:00+00:00,2026-04-16 16:00:00+00:00,-1,0.2483,0.2579334986812105,0.2579334986812105,0.22903300263757895,SL,13,-1.0360845017478446,True,0.004816749340605265,0.2495
ADA/USDT:USDT,2026-05-12 12:00:00+00:00,2026-05-12 16:00:00+00:00,2026-05-14 16:00:00+00:00,1,0.269,0.2738,0.25811451830018184,0.2907709633996364,TIMEOUT,13,0.4063577636691866,True,0.005442740849909091,0.2682
ADA/USDT:USDT,2026-05-27 20:00:00+00:00,2026-05-28 00:00:00+00:00,2026-05-28 04:00:00+00:00,1,0.237,0.22875384307847274,0.22875384307847274,0.25379231384305456,SL,13,-1.040236925292291,True,0.0041730784607636375,0.2365
ADA/USDT:USDT,2026-06-01 08:00:00+00:00,2026-06-01 12:00:00+00:00,2026-06-02 08:00:00+00:00,1,0.2302,0.22224581651756348,0.22224581651756348,0.246108366964873,SL,13,-1.0405170437307136,True,0.003977091741218249,0.2296
ADA/USDT:USDT,2026-06-01 16:00:00+00:00,2026-06-01 20:00:00+00:00,2026-06-02 08:00:00+00:00,1,0.2313,0.22231930218430326,0.22231930218430326,0.2492613956313935,SL,13,-1.036057331695764,True,0.004490348907848371,0.2296
ADA/USDT:USDT,2026-06-01 20:00:00+00:00,2026-06-02 00:00:00+00:00,2026-06-02 12:00:00+00:00,1,0.231,0.22215672855972948,0.22215672855972948,0.24838654288054102,SL,13,-1.0365701767930926,True,0.004371635720135254,0.2296
ADA/USDT:USDT,2026-06-13 04:00:00+00:00,2026-06-13 08:00:00+00:00,2026-06-14 20:00:00+00:00,-1,0.1731,0.18251885646429303,0.18251885646429303,0.1539622870714139,SL,13,-1.025729238036349,True,0.004759428232146523,0.1744
ADA/USDT:USDT,2026-06-17 16:00:00+00:00,2026-06-17 20:00:00+00:00,2026-06-19 20:00:00+00:00,1,0.1654,0.1619,0.1550992046691206,0.1863015906617588,TIMEOUT,13,-0.3622594062046507,True,0.005200397665439698,0.1652
ADA/USDT:USDT,2026-07-07 16:00:00+00:00,2026-07-07 20:00:00+00:00,2026-07-08 08:00:00+00:00,1,0.1765,0.16741290276787113,0.16741290276787113,0.19497419446425776,SL,13,-1.0271924018955514,True,0.004593548616064444,0.175
ADA/USDT:USDT,2026-07-12 00:00:00+00:00,2026-07-12 04:00:00+00:00,2026-07-13 00:00:00+00:00,1,0.1663,0.15912717692892736,0.15912717692892736,0.18034564614214524,SL,13,-1.032458628589201,True,0.0035364115355363164,0.1647
ADA/USDT:USDT,2026-07-13 16:00:00+00:00,2026-07-13 20:00:00+00:00,2026-07-15 20:00:00+00:00,1,0.1582,0.165,0.15196656968606387,0.17036686062787224,TIMEOUT,13,1.0553611203918236,True,0.0030667151569680664,0.1571
ADA/USDT:USDT,2026-07-20 16:00:00+00:00,2026-07-20 20:00:00+00:00,2026-07-21 04:00:00+00:00,-1,0.1677,0.17532402077819276,0.17532402077819276,0.15245195844361445,SL,13,-1.0307947744150368,True,0.00381201038909638,0.1692
ADA/USDT:USDT,2026-08-01 12:00:00+00:00,2026-08-01 16:00:00+00:00,2026-08-02 00:00:00+00:00,-1,0.1725,0.17985808967028913,0.17985808967028913,0.1577838206594217,SL,13,-1.032821018881455,True,0.003679044835144565,0.1762
ADA/USDT:USDT,2026-08-10 16:00:00+00:00,2026-08-10 20:00:00+00:00,2026-08-11 12:00:00+00:00,1,0.1938,0.18620391788903548,0.18620391788903548,0.20869216422192907,SL,13,-1.035718413260484,True,0.0037480410554822687,0.1927
ADA/USDT:USDT,2026-08-15 16:00:00+00:00,2026-08-15 20:00:00+00:00,2026-08-17 08:00:00+00:00,1,0.178,0.17345765930732787,0.17345765930732787,0.18708468138534423,SL,13,-1.0548615827962924,True,0.0022711703463360647,0.1779
ADA/USDT:USDT,2026-08-16 16:00:00+00:00,2026-08-16 20:00:00+00:00,2026-08-17 08:00:00+00:00,1,0.1782,0.17335021331696407,0.17335021331696407,0.1875995733660719,SL,13,-1.051441437800276,True,0.0023748933415179657,0.1779
ADA/USDT:USDT,2026-09-03 00:00:00+00:00,2026-09-03 04:00:00+00:00,2026-09-03 12:00:00+00:00,-1,0.2047,0.21435024496556324,0.21435024496556324,0.1853995100688735,SL,13,-1.0296966554758615,True,0.0048251224827816274,0.2061
ADA/USDT:USDT,2026-09-03 04:00:00+00:00,2026-09-03 08:00:00+00:00,2026-09-03 12:00:00+00:00,-1,0.205,0.21448354563682148,0.21448354563682148,0.186032908726357,SL,13,-1.0302629428898062,True,0.004741772818410741,0.2061
LINK/USDT:USDT,2023-07-06 04:00:00+00:00,2023-07-06 08:00:00+00:00,2023-07-06 12:00:00+00:00,1,6.362,6.114957654897958,6.114957654897958,6.856084690204085,SL,13,-1.0360537380598496,True,0.1235211725510213,6.33
LINK/USDT:USDT,2023-07-06 08:00:00+00:00,2023-07-06 12:00:00+00:00,2023-07-06 20:00:00+00:00,1,6.341,6.073763300911563,6.073763300911563,6.878473398176873,SL,13,-1.033219239836001,True,0.1341183495442185,6.33
LINK/USDT:USDT,2023-07-12 12:00:00+00:00,2023-07-12 16:00:00+00:00,2023-07-13 08:00:00+00:00,-1,6.242,6.398771764622685,6.398771764622685,5.92845647075463,SL,13,-1.0557421804942513,True,0.0783858823113428,6.302
LINK/USDT:USDT,2023-07-12 16:00:00+00:00,2023-07-12 20:00:00+00:00,2023-07-13 08:00:00+00:00,-1,6.209,6.385668862672993,6.385668862672993,5.855662274654012,SL,13,-1.0492027846247565,True,0.08833443133649704,6.302
LINK/USDT:USDT,2023-07-17 00:00:00+00:00,2023-07-17 04:00:00+00:00,2023-07-18 00:00:00+00:00,1,6.701,7.268755325598017,6.418622337200992,7.268755325598017,TP,13,1.9774011869892798,True,0.14168883139950433,6.66
LINK/USDT:USDT,2023-07-17 04:00:00+00:00,2023-07-17 08:00:00+00:00,2023-07-17 20:00:00+00:00,1,6.675,7.213654615518283,6.4056726922408584,7.213654615518283,TP,13,1.9653024415617104,True,0.1346636538795705,6.66
LINK/USDT:USDT,2023-07-24 00:00:00+00:00,2023-07-24 04:00:00+00:00,2023-07-25 16:00:00+00:00,1,7.703,7.3434715492550815,7.3434715492550815,8.425056901489835,SL,13,-1.0299954008581402,True,0.18026422537245892,7.7
LINK/USDT:USDT,2023-07-24 04:00:00+00:00,2023-07-24 08:00:00+00:00,2023-07-24 08:00:00+00:00,1,7.729,7.384275342687737,7.384275342687737,8.418449314624525,SL,13,-1.031389109454385,True,0.17236232865613113,7.7
LINK/USDT:USDT,2023-07-25 04:00:00+00:00,2023-07-25 08:00:00+00:00,2023-07-27 08:00:00+00:00,1,7.43,8.031,7.079018243122151,8.131963513755696,TIMEOUT,13,1.6827028426025739,True,0.17549087843892439,7.372
LINK/USDT:USDT,2023-07-25 16:00:00+00:00,2023-07-25 20:00:00+00:00,2023-07-27 12:00:00+00:00,1,7.42,8.069257730287784,7.096871134856109,8.069257730287784,TP,13,1.9771360568585907,True,0.1620644325719458,7.372
LINK/USDT:USDT,2023-08-03 08:00:00+00:00,2023-08-03 12:00:00+00:00,2023-08-04 20:00:00+00:00,1,7.312,7.04269252062882,7.04269252062882,7.84761495874236,SL,13,-1.0380115696151566,True,0.13415373968558997,7.241
LINK/USDT:USDT,2023-08-17 12:00:00+00:00,2023-08-17 16:00:00+00:00,2023-08-17 20:00:00+00:00,1,6.605,6.282422320031183,6.282422320031183,7.250155359937635,SL,13,-1.0286659635003075,True,0.1612888399844085,6.59
LINK/USDT:USDT,2023-08-17 16:00:00+00:00,2023-08-17 20:00:00+00:00,2023-08-17 20:00:00+00:00,1,6.623,6.302699344027025,6.302699344027025,7.260601311945949,SL,13,-1.0289484265083189,True,0.15965032798648737,6.59
LINK/USDT:USDT,2023-08-22 16:00:00+00:00,2023-08-22 20:00:00+00:00,2023-08-24 20:00:00+00:00,1,6.016,6.08,5.799586100153898,6.451827799692205,TIMEOUT,13,0.2568116005465587,True,0.10870694992305127,6.0
LINK/USDT:USDT,2023-08-23 08:00:00+00:00,2023-08-23 12:00:00+00:00,2023-08-25 12:00:00+00:00,-1,6.242,5.951,6.484653044809966,5.756693910380068,TIMEOUT,13,1.1632295824725931,True,0.12132652240498298,6.261
LINK/USDT:USDT,2023-08-28 00:00:00+00:00,2023-08-28 04:00:00+00:00,2023-08-29 12:00:00+00:00,1,5.929,6.224327018579418,5.7813364907102915,6.224327018579418,TP,13,1.9437870599180018,True,0.07383175464485443,5.907
LINK/USDT:USDT,2023-08-28 04:00:00+00:00,2023-08-28 08:00:00+00:00,2023-08-29 12:00:00+00:00,1,5.91,6.213950082768829,5.758024958615586,6.213950082768829,TP,13,1.9455568498312084,True,0.07598752069220716,5.907
LINK/USDT:USDT,2023-09-06 16:00:00+00:00,2023-09-06 20:00:00+00:00,2023-09-08 20:00:00+00:00,-1,6.246,6.275,6.476623845912873,5.781752308174254,TIMEOUT,13,-0.1636621740071899,True,0.11581192295643644,6.273
LINK/USDT:USDT,2023-09-10 00:00:00+00:00,2023-09-10 04:00:00+00:00,2023-09-10 04:00:00+00:00,1,6.109,5.971623143218442,5.971623143218442,6.383753713563117,SL,13,-1.0622564833725916,True,0.06868842839077931,6.088
LINK/USDT:USDT,2023-09-14 00:00:00+00:00,2023-09-14 04:00:00+00:00,2023-09-15 20:00:00+00:00,-1,6.04,6.253418881979837,6.253418881979837,5.613162236040327,SL,13,-1.0396216113661345,True,0.10670944098991841,6.094
LINK/USDT:USDT,2023-09-14 12:00:00+00:00,2023-09-14 16:00:00+00:00,2023-09-15 20:00:00+00:00,-1,6.089,6.276635343321393,6.276635343321393,5.713729313357215,SL,13,-1.0454317392933727,True,0.09381767166069659,6.094
LINK/USDT:USDT,2023-09-15 16:00:00+00:00,2023-09-15 20:00:00+00:00,2023-09-16 00:00:00+00:00,-1,6.22,6.395154528302608,6.395154528302608,5.869690943394784,SL,13,-1.04971609974568,True,0.08757726415130385,6.236
LINK/USDT:USDT,2023-09-19 20:00:00+00:00,2023-09-20 00:00:00+00:00,2023-09-22 00:00:00+00:00,-1,6.84,6.694,7.18528011995091,6.15243976009818,TIMEOUT,13,0.39511107682479896,True,0.17214005997545478,6.929
LINK/USDT:USDT,2023-09-23 16:00:00+00:00,2023-09-23 20:00:00+00:00,2023-09-25 16:00:00+00:00,-1,7.177,7.501625888898799,7.501625888898799,6.530748222202402,SL,13,-1.030951936809736,True,0.16181294444939934,7.194
LINK/USDT:USDT,2023-09-23 20:00:00+00:00,2023-09-24 00:00:00+00:00,2023-09-25 16:00:00+00:00,-1,7.183,7.489342437045625,7.489342437045625,6.570315125908749,SL,13,-1.032826663184449,True,0.1531712185228127,7.194
LINK/USDT:USDT,2023-09-25 00:00:00+00:00,2023-09-25 04:00:00+00:00,2023-09-25 16:00:00+00:00,-1,7.159,7.497131003737891,7.497131003737891,6.482737992524217,SL,13,-1.0296411742466811,True,0.1690655018689459,7.249
LINK/USDT:USDT,2023-09-29 20:00:00+00:00,2023-09-30 00:00:00+00:00,2023-10-02 00:00:00+00:00,-1,7.941,7.877,8.32924150916746,7.16451698166508,TIMEOUT,13,0.13621057705396009,True,0.19412075458373035,8.068
LINK/USDT:USDT,2023-10-15 20:00:00+00:00,2023-10-16 00:00:00+00:00,2023-10-16 12:00:00+00:00,-1,7.419,7.646352234722943,7.646352234722943,6.967295530554114,SL,13,-1.0456850578691579,True,0.11317611736147118,7.43
LINK/USDT:USDT,2023-10-25 04:00:00+00:00,2023-10-25 08:00:00+00:00,2023-10-27 08:00:00+00:00,-1,10.919,10.935,12.304594705556218,8.144810588887562,TIMEOUT,13,-0.02257990729507059,True,0.6932973527781093,11.156
LINK/USDT:USDT,2023-11-06 04:00:00+00:00,2023-11-06 08:00:00+00:00,2023-11-07 04:00:00+00:00,-1,12.458,13.303260643202798,13.303260643202798,10.770478713594404,SL,13,-1.020634108709845,True,0.42213032160139907,12.58
LINK/USDT:USDT,2023-11-06 08:00:00+00:00,2023-11-06 12:00:00+00:00,2023-11-08 00:00:00+00:00,-1,12.529,13.353759224109092,13.353759224109092,10.879481551781815,SL,13,-1.0212675402556999,True,0.4123796120545459,12.58
LINK/USDT:USDT,2023-11-08 00:00:00+00:00,2023-11-08 04:00:00+00:00,2023-11-08 16:00:00+00:00,-1,13.256,14.233929401328533,14.233929401328533,11.300141197342935,SL,13,-1.018977239026445,True,0.4889647006642661,13.352
LINK/USDT:USDT,2023-11-14 04:00:00+00:00,2023-11-14 08:00:00+00:00,2023-11-14 16:00:00+00:00,1,14.808,13.450320537241208,13.450320537241208,17.526358925517584,SL,13,-1.0152695835568393,True,0.6793397313793959,14.7
LINK/USDT:USDT,2023-11-17 08:00:00+00:00,2023-11-17 12:00:00+00:00,2023-11-19 12:00:00+00:00,1,13.428,14.202,12.324752949918315,15.637494100163371,TIMEOUT,13,0.6845255556714003,True,0.5521235250408429,13.322
LINK/USDT:USDT,2023-12-01 12:00:00+00:00,2023-12-01 16:00:00+00:00,2023-12-02 04:00:00+00:00,-1,14.935,15.517382011644388,15.517382011644388,13.773235976711224,SL,13,-1.0359025512154165,True,0.29069100582219404,14.996
LINK/USDT:USDT,2023-12-01 16:00:00+00:00,2023-12-01 20:00:00+00:00,2023-12-02 04:00:00+00:00,-1,14.956,15.511064410091803,15.511064410091803,13.845871179816392,SL,13,-1.0377224689951512,True,0.27753220504590154,14.996
LINK/USDT:USDT,2023-12-01 20:00:00+00:00,2023-12-02 00:00:00+00:00,2023-12-02 04:00:00+00:00,-1,14.99,15.503789155412896,15.503789155412896,13.965421689174207,SL,13,-1.0408455487604347,True,0.25639457770644797,14.996
LINK/USDT:USDT,2023-12-07 08:00:00+00:00,2023-12-07 12:00:00+00:00,2023-12-08 12:00:00+00:00,1,15.113,16.92513290178325,14.205433549108376,16.92513290178325,TP,13,1.9733813430672071,True,0.45328322544581184,15.07
LINK/USDT:USDT,2024-06-06 04:00:00+00:00,2024-06-06 08:00:00+00:00,2024-06-07 16:00:00+00:00,1,17.489,16.964716317455196,16.964716317455196,18.53756736508961,SL,13,-1.0467010529131002,True,0.2621418412724025,17.475
LINK/USDT:USDT,2024-06-06 12:00:00+00:00,2024-06-06 16:00:00+00:00,2024-06-07 16:00:00+00:00,1,17.478,16.96779581177746,16.96779581177746,18.498408376445084,SL,13,-1.0479596219804588,True,0.25510209411127144,17.475
LINK/USDT:USDT,2024-06-17 16:00:00+00:00,2024-06-17 20:00:00+00:00,2024-06-18 00:00:00+00:00,1,14.689,13.916223517954705,13.916223517954705,16.23455296409059,SL,13,-1.0266113170855977,True,0.3863882410226473,14.46
LINK/USDT:USDT,2024-06-29 12:00:00+00:00,2024-06-29 16:00:00+00:00,2024-07-01 16:00:00+00:00,1,13.674,14.463,13.084776416962196,14.852447166075606,TIMEOUT,13,1.3065607388470857,True,0.29461179151890166,13.58
LINK/USDT:USDT,2024-06-29 16:00:00+00:00,2024-06-29 20:00:00+00:00,2024-07-01 20:00:00+00:00,1,13.646,14.332,13.08787289470057,14.762254210598861,TIMEOUT,13,1.1948812262794803,True,0.2790635526497149,13.58
LINK/USDT:USDT,2024-07-02 04:00:00+00:00,2024-07-02 08:00:00+00:00,2024-07-04 00:00:00+00:00,-1,14.548,13.54345004369397,15.051774978153015,13.54345004369397,TP,13,1.9536157986931602,True,0.2513874890765075,14.596
LINK/USDT:USDT,2024-07-14 08:00:00+00:00,2024-07-14 12:00:00+00:00,2024-07-15 00:00:00+00:00,-1,13.099,13.548319677822867,13.548319677822867,12.197360644354267,SL,13,-1.0408141483784057,True,0.22515983891143296,13.16
LINK/USDT:USDT,2024-07-18 00:00:00+00:00,2024-07-18 04:00:00+00:00,2024-07-20 04:00:00+00:00,1,13.87,14.099,13.250767058058358,15.102465883883285,TIMEOUT,13,0.3384542161837261,True,0.3086164709708213,13.805
LINK/USDT:USDT,2024-07-18 04:00:00+00:00,2024-07-18 08:00:00+00:00,2024-07-20 08:00:00+00:00,1,13.83,13.905,13.22419811698391,15.038603766032182,TIMEOUT,13,0.09184190666921639,True,0.3024009415080452,13.805
LINK/USDT:USDT,2024-07-23 04:00:00+00:00,2024-07-23 08:00:00+00:00,2024-07-25 00:00:00+00:00,1,13.863,13.180185663617548,13.180185663617548,15.234628672764904,SL,13,-1.0284238320226617,True,0.34240716819122563,13.838
LINK/USDT:USDT,2024-08-01 08:00:00+00:00,2024-08-01 12:00:00+00:00,2024-08-01 12:00:00+00:00,1,13.025,12.519140401921348,12.519140401921348,14.039719196157304,SL,13,-1.0360475516709773,True,0.25342979903932566,12.972
LINK/USDT:USDT,2024-08-29 16:00:00+00:00,2024-08-29 20:00:00+00:00,2024-08-31 20:00:00+00:00,1,10.947,11.009,10.312060067126218,12.213879865747563,TIMEOUT,13,0.07350963072798175,True,0.3169699664368908,10.88
LINK/USDT:USDT,2024-09-03 16:00:00+00:00,2024-09-03 20:00:00+00:00,2024-09-04 00:00:00+00:00,1,10.484,9.980628066704448,9.980628066704448,11.487743866591106,SL,13,-1.0291585585710081,True,0.2511859666477762,10.222
LINK/USDT:USDT,2024-09-06 04:00:00+00:00,2024-09-06 08:00:00+00:00,2024-09-06 20:00:00+00:00,1,9.912,9.446102253074894,9.446102253074894,10.843795493850214,SL,13,-1.029785076428435,True,0.23294887346255322,9.812
LINK/USDT:USDT,2024-09-13 00:00:00+00:00,2024-09-13 04:00:00+00:00,2024-09-13 12:00:00+00:00,-1,10.728,11.080163147723347,11.080163147723347,10.026673704553303,SL,13,-1.0426484147960842,True,0.17558157386167417,10.82
LINK/USDT:USDT,2024-09-18 08:00:00+00:00,2024-09-18 12:00:00+00:00,2024-09-19 08:00:00+00:00,1,10.441,11.239509115469092,10.040245442265453,11.239509115469092,TP,13,1.9560394269759669,True,0.19987727886727327,10.408
LINK/USDT:USDT,2024-09-24 12:00:00+00:00,2024-09-24 16:00:00+00:00,2024-09-24 20:00:00+00:00,-1,11.512,11.978660504854732,11.978660504854732,10.581678990290536,SL,13,-1.0345364560153147,True,0.232830252427366,11.604
LINK/USDT:USDT,2024-09-28 12:00:00+00:00,2024-09-28 16:00:00+00:00,2024-09-30 16:00:00+00:00,-1,12.834,11.965,13.368755474827038,11.764489050345922,TIMEOUT,13,1.5914421451697298,True,0.26737773741351945,12.88
LINK/USDT:USDT,2024-10-02 12:00:00+00:00,2024-10-02 16:00:00+00:00,2024-10-04 16:00:00+00:00,1,10.923,11.131,10.295272361598613,12.178455276802774,TIMEOUT,13,0.30699269589397515,True,0.3138638192006938,10.833
LINK/USDT:USDT,2024-10-08 08:00:00+00:00,2024-10-08 12:00:00+00:00,2024-10-09 08:00:00+00:00,1,11.169,10.671678536711942,10.671678536711942,12.160642926576113,SL,13,-1.031441635148055,True,0.24816073164402852,11.073
LINK/USDT:USDT,2024-10-10 12:00:00+00:00,2024-10-10 16:00:00+00:00,2024-10-12 16:00:00+00:00,1,10.628,11.019,10.232841569584531,11.418316860830938,TIMEOUT,13,0.951822790683087,True,0.19757921520773458,10.406
LINK/USDT:USDT,2024-10-23 12:00:00+00:00,2024-10-23 16:00:00+00:00,2024-10-25 16:00:00+00:00,1,11.317,11.601,10.812997738131301,12.3220045237374,TIMEOUT,13,0.5320535646124935,True,0.2515011309343499,11.277
LINK/USDT:USDT,2024-11-02 12:00:00+00:00,2024-11-02 16:00:00+00:00,2024-11-03 12:00:00+00:00,1,11.174,10.708574163307357,10.708574163307357,12.101851673385285,SL,13,-1.0336113699900393,True,0.23221291834632152,11.133
LINK/USDT:USDT,2024-11-02 16:00:00+00:00,2024-11-02 20:00:00+00:00,2024-11-03 12:00:00+00:00,1,11.184,10.736164274866375,10.736164274866375,12.079671450267247,SL,13,-1.0349628203407133,True,0.22391786256681198,11.133
LINK/USDT:USDT,2024-11-02 20:00:00+00:00,2024-11-03 00:00:00+00:00,2024-11-03 12:00:00+00:00,1,11.184,10.758475704884193,10.758475704884193,12.038048590231616,SL,13,-1.0367960188870973,True,0.21326214755790374,11.133
LINK/USDT:USDT,2024-11-08 00:00:00+00:00,2024-11-08 04:00:00+00:00,2024-11-08 12:00:00+00:00,-1,12.633,13.269211380042256,13.269211380042256,11.360577239915486,SL,13,-1.0277992512470073,True,0.31810569002112854,12.716
LINK/USDT:USDT,2025-04-28 12:00:00+00:00,2025-04-28 16:00:00+00:00,2025-04-30 16:00:00+00:00,-1,14.537,14.202,15.389099813155575,12.832800373688853,TIMEOUT,13,0.3692621394138873,True,0.42604990657778663,14.877
LINK/USDT:USDT,2025-05-10 16:00:00+00:00,2025-05-10 20:00:00+00:00,2025-05-12 04:00:00+00:00,-1,16.769,17.732035506330067,17.732035506330067,14.84292898733986,SL,13,-1.0243777096957354,True,0.48151775316503426,16.777
LINK/USDT:USDT,2025-05-15 12:00:00+00:00,2025-05-15 16:00:00+00:00,2025-05-17 00:00:00+00:00,1,16.437,15.379698167692892,15.379698167692892,18.557603664614216,SL,13,-1.0217646459098502,True,0.5296509161535544,16.004
LINK/USDT:USDT,2025-05-15 16:00:00+00:00,2025-05-15 20:00:00+00:00,2025-05-17 20:00:00+00:00,1,16.169,15.316,15.057138412000505,18.389723175998988,TIMEOUT,13,-0.7875410118047869,True,0.5554307939997475,16.004
LINK/USDT:USDT,2025-05-16 20:00:00+00:00,2025-05-17 00:00:00+00:00,2025-05-19 00:00:00+00:00,1,15.749,15.133,14.79989243065396,17.644215138692076,TIMEOUT,13,-0.6722616282995546,True,0.47405378467301973,15.678
LINK/USDT:USDT,2025-05-18 20:00:00+00:00,2025-05-19 00:00:00+00:00,2025-05-21 00:00:00+00:00,1,15.864,15.857,14.660459426274848,18.268081147450303,TIMEOUT,13,-0.02426972603806202,True,0.6012702868625762,15.063
LINK/USDT:USDT,2025-05-21 16:00:00+00:00,2025-05-21 20:00:00+00:00,2025-05-23 00:00:00+00:00,-1,15.952,17.031674933185688,17.031674933185688,13.798650133628627,SL,13,-1.0206847443740357,True,0.538837466592844,16.413
LINK/USDT:USDT,2025-05-22 00:00:00+00:00,2025-05-22 04:00:00+00:00,2025-05-24 04:00:00+00:00,-1,16.405,15.672,17.477880283148362,14.256239433703275,TIMEOUT,13,0.6618007723251401,True,0.5369401415741811,16.413
LINK/USDT:USDT,2025-05-22 04:00:00+00:00,2025-05-22 08:00:00+00:00,2025-05-24 08:00:00+00:00,-1,16.412,15.749,17.417096245395246,14.401807509209505,TIMEOUT,13,0.6367780229328325,True,0.5025481226976236,16.413
LINK/USDT:USDT,2025-05-25 00:00:00+00:00,2025-05-25 04:00:00+00:00,2025-05-27 04:00:00+00:00,1,15.452,15.834,14.680801568097692,16.994396863804617,TIMEOUT,13,0.467282070466722,True,0.3855992159511541,15.41
LINK/USDT:USDT,2025-05-27 08:00:00+00:00,2025-05-27 12:00:00+00:00,2025-05-29 12:00:00+00:00,-1,15.943,15.342,16.644872649210374,14.539254701579251,TIMEOUT,13,0.8244797694439719,True,0.3509363246051867,15.95
LINK/USDT:USDT,2025-05-27 16:00:00+00:00,2025-05-27 20:00:00+00:00,2025-05-29 20:00:00+00:00,-1,15.923,15.034,16.608957678740236,14.551084642519529,TIMEOUT,13,1.2635003978550279,True,0.342978839370118,15.95
LINK/USDT:USDT,2025-05-27 20:00:00+00:00,2025-05-28 00:00:00+00:00,2025-05-30 00:00:00+00:00,-1,15.901,14.584540023516926,16.559229988241537,14.584540023516926,TP,13,1.9661799061153817,True,0.32911499412076933,15.95
LINK/USDT:USDT,2025-05-29 16:00:00+00:00,2025-05-29 20:00:00+00:00,2025-05-30 00:00:00+00:00,1,15.187,14.382967261061776,14.382967261061776,16.79806547787645,SL,13,-1.0264439480761411,True,0.40251636946911246,15.144
LINK/USDT:USDT,2025-05-30 16:00:00+00:00,2025-05-30 20:00:00+00:00,2025-06-01 20:00:00+00:00,1,14.257,14.054,13.382359771864873,16.00928045627025,TIMEOUT,13,-0.254916013267976,True,0.43782011406756305,14.134
LINK/USDT:USDT,2025-06-05 12:00:00+00:00,2025-06-05 16:00:00+00:00,2025-06-05 16:00:00+00:00,1,13.705,13.115950027797771,13.115950027797771,14.88009994440446,SL,13,-1.0325727882275713,True,0.29402498610111505,13.58
LINK/USDT:USDT,2025-06-09 16:00:00+00:00,2025-06-09 20:00:00+00:00,2025-06-10 00:00:00+00:00,-1,14.005,14.460682817317386,14.460682817317386,13.093634365365231,SL,13,-1.0430277360806073,True,0.22784140865869265,14.075
LINK/USDT:USDT,2025-06-18 08:00:00+00:00,2025-06-18 12:00:00+00:00,2025-06-20 12:00:00+00:00,1,12.85,12.895,12.183726107927557,14.182547784144885,TIMEOUT,13,0.040538883965549666,True,0.3331369460362218,12.796
LINK/USDT:USDT,2025-06-24 04:00:00+00:00,2025-06-24 08:00:00+00:00,2025-06-26 08:00:00+00:00,-1,13.024,13.188,13.901897884886116,11.268204230227765,TIMEOUT,13,-0.20757949544854093,True,0.4389489424430583,13.274
LINK/USDT:USDT,2025-06-24 08:00:00+00:00,2025-06-24 12:00:00+00:00,2025-06-26 12:00:00+00:00,-1,13.149,13.108,14.0023781669013,11.442243666197397,TIMEOUT,13,0.026472906006056098,True,0.4266890834506505,13.274
LINK/USDT:USDT,2025-07-03 08:00:00+00:00,2025-07-03 12:00:00+00:00,2025-07-05 12:00:00+00:00,-1,13.809,13.118,14.371760700497804,12.68347859900439,TIMEOUT,13,1.1935222189571129,True,0.28138035024890207,13.87
LINK/USDT:USDT,2025-07-13 12:00:00+00:00,2025-07-13 16:00:00+00:00,2025-07-14 12:00:00+00:00,-1,15.697,16.41177224673168,16.41177224673168,14.26445550653664,SL,13,-1.0307451780626418,True,0.35788612336584036,15.878
LINK/USDT:USDT,2025-07-13 16:00:00+00:00,2025-07-13 20:00:00+00:00,2025-07-15 20:00:00+00:00,-1,15.785,16.106,16.507135947167455,14.343728105665088,TIMEOUT,13,-0.4751169102518596,True,0.36056797358372833,15.878
LINK/USDT:USDT,2025-07-13 20:00:00+00:00,2025-07-14 00:00:00+00:00,2025-07-14 12:00:00+00:00,-1,15.649,16.39051782087846,16.39051782087846,14.165964358243075,SL,13,-1.0295456149307987,True,0.37075891043923137,15.878
LINK/USDT:USDT,2025-07-16 08:00:00+00:00,2025-07-16 12:00:00+00:00,2025-07-17 16:00:00+00:00,-1,16.402,17.32290700963799,17.32290700963799,14.557185980724018,SL,13,-1.024934982315996,True,0.46095350481899494,16.47
LINK/USDT:USDT,2025-07-17 00:00:00+00:00,2025-07-17 04:00:00+00:00,2025-07-17 20:00:00+00:00,-1,16.423,17.356883557575717,17.356883557575717,14.558232884848564,SL,13,-1.0246199858788452,True,0.46644177878785825,16.47
LINK/USDT:USDT,2025-07-29 04:00:00+00:00,2025-07-29 08:00:00+00:00,2025-07-29 12:00:00+00:00,1,18.589,17.6757673554047,17.6757673554047,20.415465289190593,SL,13,-1.0284972292153802,True,0.4566163222976493,18.165
LINK/USDT:USDT,2025-07-30 12:00:00+00:00,2025-07-30 16:00:00+00:00,2025-08-01 00:00:00+00:00,1,17.587,16.648026457137448,16.648026457137448,19.4619470857251,SL,13,-1.026222038083137,True,0.46898677143127465,17.468
LINK/USDT:USDT,2025-08-01 00:00:00+00:00,2025-08-01 04:00:00+00:00,2025-08-01 20:00:00+00:00,1,16.859,15.843007790836475,15.843007790836475,18.893984418327047,SL,13,-1.0232310836511553,True,0.5084961045817621,16.749
LINK/USDT:USDT,2025-09-01 04:00:00+00:00,2025-09-01 08:00:00+00:00,2025-09-01 16:00:00+00:00,1,23.589,22.55241793502445,22.55241793502445,25.662164129951094,SL,13,-1.0318591273338102,True,0.5182910324877731,22.814
LINK/USDT:USDT,2025-09-01 16:00:00+00:00,2025-09-01 20:00:00+00:00,2025-09-03 20:00:00+00:00,1,22.821,23.686,21.777148800962586,24.90570239807483,TIMEOUT,13,0.7980549342360227,True,0.5214255995187075,22.814
LINK/USDT:USDT,2025-09-08 12:00:00+00:00,2025-09-08 16:00:00+00:00,2025-09-10 16:00:00+00:00,-1,23.204,23.309,24.064429424021778,21.48614115195644,TIMEOUT,13,-0.1597871901653152,True,0.4297147120108897,23.235
LINK/USDT:USDT,2025-09-08 16:00:00+00:00,2025-09-08 20:00:00+00:00,2025-09-10 12:00:00+00:00,-1,22.986,23.836705500818876,23.836705500818876,21.28458899836225,SL,13,-1.0378278969267551,True,0.425352750409438,23.235
LINK/USDT:USDT,2025-09-09 00:00:00+00:00,2025-09-09 04:00:00+00:00,2025-09-11 04:00:00+00:00,-1,23.177,23.817,24.017201020615065,21.49659795876987,TIMEOUT,13,-0.8003415652931938,True,0.42010051030753326,23.235
LINK/USDT:USDT,2025-09-11 12:00:00+00:00,2025-09-11 16:00:00+00:00,2025-09-11 20:00:00+00:00,-1,23.507,24.425501206439364,24.425501206439364,21.67299758712127,SL,13,-1.035829893057601,True,0.45875060321968225,23.929
LINK/USDT:USDT,2025-09-15 08:00:00+00:00,2025-09-15 12:00:00+00:00,2025-09-17 12:00:00+00:00,1,23.408,22.951,22.43376438564196,25.35647122871608,TIMEOUT,13,-0.5027235637682256,True,0.48711780717901937,23.28
LINK/USDT:USDT,2025-09-18 08:00:00+00:00,2025-09-18 12:00:00+00:00,2025-09-20 12:00:00+00:00,-1,24.202,23.41,25.22360528994936,22.158789420101282,TIMEOUT,13,0.7420842545143643,True,0.5108026449746805,24.418
LINK/USDT:USDT,2025-09-28 16:00:00+00:00,2025-09-28 20:00:00+00:00,2025-09-30 20:00:00+00:00,-1,21.203,21.304,21.91691043967848,19.775179120643035,TIMEOUT,13,-0.18305405375337302,True,0.3569552198392409,21.23
LINK/USDT:USDT,2025-09-29 16:00:00+00:00,2025-09-29 20:00:00+00:00,2025-10-01 16:00:00+00:00,-1,21.712,22.590625249047708,22.590625249047708,19.954749501904583,SL,13,-1.0345958644290558,True,0.4393126245238538,21.714
LINK/USDT:USDT,2025-10-10 12:00:00+00:00,2025-10-10 16:00:00+00:00,2025-10-10 20:00:00+00:00,1,21.364,20.051563406883066,20.051563406883066,23.991873186233864,SL,13,-1.0227893676211564,True,0.6567182965584663,21.314
LINK/USDT:USDT,2026-05-21 16:00:00+00:00,2026-05-21 20:00:00+00:00,2026-05-23 04:00:00+00:00,-1,9.797,9.107015230156367,10.141992384921817,9.107015230156367,TP,13,1.9602431804310454,True,0.17249619246090847,9.821
LINK/USDT:USDT,2026-05-22 04:00:00+00:00,2026-05-22 08:00:00+00:00,2026-05-23 04:00:00+00:00,-1,9.818,9.202341173526973,10.125829413236513,9.202341173526973,TP,13,1.9553479966209752,True,0.15391470661825665,9.821
LINK/USDT:USDT,2026-05-22 20:00:00+00:00,2026-05-23 00:00:00+00:00,2026-05-25 00:00:00+00:00,1,9.414,9.387,8.985662303773864,10.27067539245227,TIMEOUT,13,-0.09380355815983785,True,0.21416884811306736,9.372
LINK/USDT:USDT,2026-05-23 00:00:00+00:00,2026-05-23 04:00:00+00:00,2026-05-25 04:00:00+00:00,1,9.402,9.517,9.003840663270683,10.198318673458632,TIMEOUT,13,0.255769965955195,True,0.19907966836465849,9.372
LINK/USDT:USDT,2026-05-27 16:00:00+00:00,2026-05-27 20:00:00+00:00,2026-05-28 00:00:00+00:00,1,9.319,8.979963520956584,8.979963520956584,9.99407295808683,SL,13,-1.0384814048234887,True,0.16901823952170755,9.242
LINK/USDT:USDT,2026-06-02 04:00:00+00:00,2026-06-02 08:00:00+00:00,2026-06-02 16:00:00+00:00,1,8.842,8.453663934293969,8.453663934293969,9.61567213141206,SL,13,-1.0318765139094,True,0.19366803285301532,8.785
LINK/USDT:USDT,2026-06-02 08:00:00+00:00,2026-06-02 12:00:00+00:00,2026-06-02 16:00:00+00:00,1,8.813,8.450175409721439,8.450175409721439,9.53564918055712,SL,13,-1.034005964123124,True,0.18091229513928003,8.785
LINK/USDT:USDT,2026-06-03 20:00:00+00:00,2026-06-04 00:00:00+00:00,2026-06-04 00:00:00+00:00,1,8.329,7.82384584558711,7.82384584558711,9.339308308825782,SL,13,-1.023083250722846,True,0.2525770772064452,8.165
LINK/USDT:USDT,2026-06-08 12:00:00+00:00,2026-06-08 16:00:00+00:00,2026-06-10 16:00:00+00:00,-1,8.023,7.614,8.492921404849552,7.080157190300897,TIMEOUT,13,0.8464560156125408,True,0.2354607024247758,8.04
LINK/USDT:USDT,2026-06-10 12:00:00+00:00,2026-06-10 16:00:00+00:00,2026-06-12 16:00:00+00:00,1,7.803,7.834,7.409540314250687,8.586919371498626,TIMEOUT,13,0.05102377887017038,True,0.1962298428746566,7.645
LINK/USDT:USDT,2026-06-13 16:00:00+00:00,2026-06-13 20:00:00+00:00,2026-06-15 04:00:00+00:00,-1,7.986,8.219223838506716,8.219223838506716,7.522552322986568,SL,13,-1.0479384957883626,True,0.11611191925335765,8.009
LINK/USDT:USDT,2026-06-22 00:00:00+00:00,2026-06-22 04:00:00+00:00,2026-06-22 12:00:00+00:00,-1,7.863,8.136784721443458,8.136784721443458,7.315430557113085,SL,13,-1.0402075029678872,True,0.13689236072172895,8.013
LINK/USDT:USDT,2026-06-30 12:00:00+00:00,2026-06-30 16:00:00+00:00,2026-07-02 08:00:00+00:00,1,7.154,7.654254062747696,6.9023729686261515,7.654254062747696,TP,13,1.9482742377520503,True,0.1253135156869241,7.152
LINK/USDT:USDT,2026-06-30 16:00:00+00:00,2026-06-30 20:00:00+00:00,2026-07-02 12:00:00+00:00,1,7.207,7.702686854381337,6.960656572809332,7.702686854381337,TP,13,1.9712198531909215,True,0.12367171359533427,7.152
LINK/USDT:USDT,2026-06-30 20:00:00+00:00,2026-07-01 00:00:00+00:00,2026-07-02 08:00:00+00:00,1,7.197,7.659928607130492,6.964035696434753,7.659928607130492,TP,13,1.9438720876980242,True,0.11598215178262301,7.152
LINK/USDT:USDT,2026-07-01 20:00:00+00:00,2026-07-02 00:00:00+00:00,2026-07-02 08:00:00+00:00,-1,7.355,7.653775042469352,7.653775042469352,6.757449915061297,SL,13,-1.0344640566859136,True,0.149387521234676,7.499
LINK/USDT:USDT,2026-07-02 04:00:00+00:00,2026-07-02 08:00:00+00:00,2026-07-02 12:00:00+00:00,-1,7.449,7.7615065874547575,7.7615065874547575,6.8269868250904855,SL,13,-1.0333708165480184,True,0.15575329372737876,7.499
LINK/USDT:USDT,2026-07-05 04:00:00+00:00,2026-07-05 08:00:00+00:00,2026-07-07 08:00:00+00:00,1,7.921,7.924,7.678820190478847,8.405359619042308,TIMEOUT,13,-0.03340245421777538,True,0.12108990476057648,7.874
LINK/USDT:USDT,2026-07-13 12:00:00+00:00,2026-07-13 16:00:00+00:00,2026-07-15 08:00:00+00:00,1,7.932,8.434819396037945,7.680590301981028,8.434819396037945,TP,13,1.9558298662004598,True,0.12570484900948628,7.854
LINK/USDT:USDT,2026-07-19 20:00:00+00:00,2026-07-20 00:00:00+00:00,2026-07-20 12:00:00+00:00,-1,8.381,8.55381975062555,8.55381975062555,8.0353604987489,SL,13,-1.0678938602649812,True,0.08640987531277489,8.39
LINK/USDT:USDT,2026-07-20 04:00:00+00:00,2026-07-20 08:00:00+00:00,2026-07-20 16:00:00+00:00,-1,8.355,8.574891279358747,8.574891279358747,7.918217441282506,SL,13,-1.0531944697129925,True,0.10944563967937328,8.39
LINK/USDT:USDT,2026-08-08 08:00:00+00:00,2026-08-08 12:00:00+00:00,2026-08-10 12:00:00+00:00,-1,8.325,8.3,8.536324011339856,7.90535197732029,TIMEOUT,13,0.06314947324436704,True,0.10516200566992798,8.339
LINK/USDT:USDT,2026-08-11 00:00:00+00:00,2026-08-11 04:00:00+00:00,2026-08-11 08:00:00+00:00,-1,8.389,8.609070796584959,8.609070796584959,7.94885840683008,SL,13,-1.0533673716924359,True,0.11003539829247987,8.397
LINK/USDT:USDT,2026-09-03 12:00:00+00:00,2026-09-03 16:00:00+00:00,2026-09-05 16:00:00+00:00,-1,11.78,12.005,12.30467143906129,10.72765712187742,TIMEOUT,13,-0.4602728146057732,True,0.2628357195306444,11.797
LINK/USDT:USDT,2026-09-05 16:00:00+00:00,2026-09-05 20:00:00+00:00,2026-09-06 20:00:00+00:00,-1,12.006,12.479946669432131,12.479946669432131,11.05510666113574,SL,9,-1.0354647496946003,True,0.2374733347160654,12.164
AVAX/USDT:USDT,2023-07-06 12:00:00+00:00,2023-07-06 16:00:00+00:00,2023-07-08 16:00:00+00:00,1,12.645,13.543,12.009007083836776,13.916985832326446,TIMEOUT,13,1.3841301964660204,True,0.3179964580816116,12.436
AVAX/USDT:USDT,2023-07-11 20:00:00+00:00,2023-07-12 00:00:00+00:00,2023-07-14 00:00:00+00:00,1,13.257,14.27638858273622,12.74730570863189,14.27638858273622,TP,13,1.963586407942333,True,0.2548471456840549,13.156
AVAX/USDT:USDT,2023-07-12 00:00:00+00:00,2023-07-12 04:00:00+00:00,2023-07-13 16:00:00+00:00,1,13.158,14.124670105038058,12.67466494748097,14.124670105038058,TP,13,1.9618873079781964,True,0.24166752625951435,13.156
AVAX/USDT:USDT,2023-07-12 04:00:00+00:00,2023-07-12 08:00:00+00:00,2023-07-13 16:00:00+00:00,1,13.217,14.12838075769965,12.761309621150176,14.12838075769965,TP,13,1.959393919953491,True,0.22784518942491241,13.156
AVAX/USDT:USDT,2023-07-12 08:00:00+00:00,2023-07-12 12:00:00+00:00,2023-07-13 16:00:00+00:00,1,13.256,14.116196656673031,12.827401671663484,14.116196656673031,TP,13,1.9636993451178704,True,0.21479916416825753,13.156
AVAX/USDT:USDT,2023-07-18 12:00:00+00:00,2023-07-18 16:00:00+00:00,2023-07-20 16:00:00+00:00,1,13.934,13.849,13.15673321235769,15.488533575284618,TIMEOUT,13,-0.13445524967946068,True,0.38863339382115436,13.783
AVAX/USDT:USDT,2023-07-24 04:00:00+00:00,2023-07-24 08:00:00+00:00,2023-07-24 08:00:00+00:00,1,13.438,13.012460302876752,13.012460302876752,14.289079394246498,SL,13,-1.0442102114730583,True,0.21276984856162426,13.25
AVAX/USDT:USDT,2023-07-31 12:00:00+00:00,2023-07-31 16:00:00+00:00,2023-08-01 00:00:00+00:00,1,12.893,12.546614544694647,12.546614544694647,13.588770910610707,SL,13,-1.052110155676392,True,0.17369272765267688,12.88
AVAX/USDT:USDT,2023-08-12 20:00:00+00:00,2023-08-13 00:00:00+00:00,2023-08-13 20:00:00+00:00,1,12.387,12.232866497675353,12.232866497675353,12.695267004649295,SL,13,-1.1125115548433682,True,0.07706675116232355,12.346
AVAX/USDT:USDT,2023-09-04 20:00:00+00:00,2023-09-05 00:00:00+00:00,2023-09-07 00:00:00+00:00,1,9.805,10.0,9.55666734708031,10.301665305839379,TIMEOUT,13,0.7299603892953371,True,0.12416632645984445,9.739
AVAX/USDT:USDT,2023-09-17 08:00:00+00:00,2023-09-17 12:00:00+00:00,2023-09-17 20:00:00+00:00,1,9.253,8.998971027227695,8.998971027227695,9.758057945544612,SL,13,-1.05099497060759,True,0.12651448638615262,9.166
AVAX/USDT:USDT,2023-09-27 00:00:00+00:00,2023-09-27 04:00:00+00:00,2023-09-28 16:00:00+00:00,-1,9.067,9.298092575623578,9.298092575623578,8.601814848752847,SL,13,-1.05492950158934,True,0.11604628781178822,9.067
AVAX/USDT:USDT,2023-09-27 04:00:00+00:00,2023-09-27 08:00:00+00:00,2023-09-28 12:00:00+00:00,-1,9.009,9.231280232207098,9.231280232207098,8.561439535585802,SL,13,-1.0567418878177564,True,0.11164011610354982,9.067
AVAX/USDT:USDT,2023-10-11 16:00:00+00:00,2023-10-11 20:00:00+00:00,2023-10-12 08:00:00+00:00,1,9.349,8.930127996273294,8.930127996273294,10.186744007453413,SL,13,-1.03124725425321,True,0.20943600186335332,9.246
AVAX/USDT:USDT,2023-10-11 20:00:00+00:00,2023-10-12 00:00:00+00:00,2023-10-12 12:00:00+00:00,1,9.297,8.900444263436853,8.900444263436853,10.087111473126292,SL,13,-1.0328221200701944,True,0.19777786828157287,9.246
AVAX/USDT:USDT,2023-10-18 12:00:00+00:00,2023-10-18 16:00:00+00:00,2023-10-19 00:00:00+00:00,1,9.009,8.728093631058735,8.728093631058735,9.573812737882529,SL,13,-1.0448996583720649,True,0.1409531844706319,8.981
AVAX/USDT:USDT,2023-11-01 04:00:00+00:00,2023-11-01 08:00:00+00:00,2023-11-01 20:00:00+00:00,1,11.063,12.304961567742778,10.442019216128612,12.304961567742778,TP,13,1.9750584874729267,True,0.3104903919356944,10.977
AVAX/USDT:USDT,2023-11-06 04:00:00+00:00,2023-11-06 08:00:00+00:00,2023-11-08 08:00:00+00:00,-1,12.632,12.804,13.317979727994265,11.254040544011472,TIMEOUT,13,-0.27651662616127093,True,0.3439898639971319,12.693
AVAX/USDT:USDT,2023-11-15 08:00:00+00:00,2023-11-15 12:00:00+00:00,2023-11-16 00:00:00+00:00,-1,19.661,21.983422502287738,21.983422502287738,15.016154995424529,SL,13,-1.011852020884609,True,1.1612112511438673,19.778
AVAX/USDT:USDT,2023-11-21 16:00:00+00:00,2023-11-21 20:00:00+00:00,2023-11-23 20:00:00+00:00,1,20.829,20.644,18.590990907621396,25.29601818475721,TIMEOUT,13,-0.09569246198744787,True,1.1175045461893023,20.413
AVAX/USDT:USDT,2023-11-27 20:00:00+00:00,2023-11-28 00:00:00+00:00,2023-11-30 00:00:00+00:00,1,20.362,21.38,19.132938770549217,22.81712245890157,TIMEOUT,13,0.8050804762934111,True,0.6140306147253929,20.041
AVAX/USDT:USDT,2023-12-08 12:00:00+00:00,2023-12-08 16:00:00+00:00,2023-12-08 20:00:00+00:00,-1,27.723,30.013178121496892,30.013178121496892,23.136643757006215,SL,13,-1.016947240756379,True,1.1460890607484469,27.954
AVAX/USDT:USDT,2023-12-11 20:00:00+00:00,2023-12-12 00:00:00+00:00,2023-12-14 00:00:00+00:00,-1,38.056,38.753,43.27742281549686,27.610154369006274,TIMEOUT,13,-0.14369232803235588,True,2.6112114077484323,38.061
AVAX/USDT:USDT,2024-06-04 16:00:00+00:00,2024-06-04 20:00:00+00:00,2024-06-06 12:00:00+00:00,-1,35.704,37.212349794091864,37.212349794091864,32.687300411816274,SL,13,-1.033139262653657,True,0.7541748970459299,36.303
AVAX/USDT:USDT,2024-06-06 08:00:00+00:00,2024-06-06 12:00:00+00:00,2024-06-07 16:00:00+00:00,-1,36.821,34.58828472491108,37.938857637544466,34.58828472491108,TP,13,1.9512018362912116,True,0.5584288187722308,36.937
AVAX/USDT:USDT,2024-06-14 12:00:00+00:00,2024-06-14 16:00:00+00:00,2024-06-16 16:00:00+00:00,1,30.697,29.842,28.924851961460533,34.24129607707893,TIMEOUT,13,-0.5067160194698385,True,0.8860740192697335,30.586
AVAX/USDT:USDT,2024-06-24 04:00:00+00:00,2024-06-24 08:00:00+00:00,2024-06-26 08:00:00+00:00,1,24.259,26.045,22.578934469617288,27.619131060765426,TIMEOUT,13,1.0428387276065914,True,0.8400327651913558,24.1
AVAX/USDT:USDT,2024-06-24 08:00:00+00:00,2024-06-24 12:00:00+00:00,2024-06-26 12:00:00+00:00,1,24.481,25.951,22.63474320700165,28.1645135859967,TIMEOUT,13,0.7776418781205168,True,0.9216283964991753,24.1
AVAX/USDT:USDT,2024-07-14 08:00:00+00:00,2024-07-14 12:00:00+00:00,2024-07-15 00:00:00+00:00,-1,25.882,27.029631860531126,27.029631860531126,23.58373627893775,SL,13,-1.0315735396046173,True,0.5743159302655624,26.358
AVAX/USDT:USDT,2024-07-14 20:00:00+00:00,2024-07-15 00:00:00+00:00,2024-07-15 20:00:00+00:00,-1,26.331,27.50544598447019,27.50544598447019,23.985108031059625,SL,13,-1.031387905861528,True,0.5867229922350933,26.358
AVAX/USDT:USDT,2024-07-24 20:00:00+00:00,2024-07-25 00:00:00+00:00,2024-07-25 16:00:00+00:00,1,28.357,26.41603334930068,26.41603334930068,32.235933301398646,SL,13,-1.0204536229335504,True,0.9699833253496603,28.349
AVAX/USDT:USDT,2024-07-30 00:00:00+00:00,2024-07-30 04:00:00+00:00,2024-07-31 16:00:00+00:00,1,27.138,25.820826737723667,25.820826737723667,29.77234652455267,SL,13,-1.02884449683889,True,0.6585866311381665,27.048
AVAX/USDT:USDT,2024-07-30 04:00:00+00:00,2024-07-30 08:00:00+00:00,2024-07-30 20:00:00+00:00,1,27.219,26.006783172693847,26.006783172693847,29.64343365461231,SL,13,-1.0314354652910422,True,0.6061084136530778,27.048
AVAX/USDT:USDT,2024-08-02 12:00:00+00:00,2024-08-02 16:00:00+00:00,2024-08-03 20:00:00+00:00,1,24.099,22.313703597827693,22.313703597827693,27.66659280434461,SL,13,-1.0188980384203696,True,0.8921482010861532,23.982
AVAX/USDT:USDT,2024-08-08 16:00:00+00:00,2024-08-08 20:00:00+00:00,2024-08-10 20:00:00+00:00,-1,21.659,21.564,23.30478381733446,18.36143236533108,TIMEOUT,13,0.0392988430915255,True,0.8238919086672295,21.677
AVAX/USDT:USDT,2024-08-27 00:00:00+00:00,2024-08-27 04:00:00+00:00,2024-08-27 20:00:00+00:00,1,26.284,25.026070430932556,25.026070430932556,28.799859138134885,SL,13,-1.0292525121476233,True,0.6289647845337222,26.118
AVAX/USDT:USDT,2024-08-29 16:00:00+00:00,2024-08-29 20:00:00+00:00,2024-08-31 20:00:00+00:00,1,23.181,22.786,21.316521646790417,26.90995670641917,TIMEOUT,13,-0.22926165877129379,True,0.9322391766047925,23.17
AVAX/USDT:USDT,2024-08-30 04:00:00+00:00,2024-08-30 08:00:00+00:00,2024-09-01 08:00:00+00:00,1,23.364,22.337,21.777270239406974,26.54345952118605,TIMEOUT,13,-0.6678576442682611,True,0.794364880296512,23.17
AVAX/USDT:USDT,2024-09-01 04:00:00+00:00,2024-09-01 08:00:00+00:00,2024-09-01 20:00:00+00:00,1,22.262,21.15441142680738,21.15441142680738,24.477177146385245,SL,13,-1.0281393296701877,True,0.5537942865963109,22.172
AVAX/USDT:USDT,2024-09-01 08:00:00+00:00,2024-09-01 12:00:00+00:00,2024-09-01 20:00:00+00:00,1,22.337,21.224823236566394,21.224823236566394,24.56135352686721,SL,13,-1.028117652722266,True,0.556088381716803,22.172
AVAX/USDT:USDT,2024-09-01 12:00:00+00:00,2024-09-01 16:00:00+00:00,2024-09-01 20:00:00+00:00,1,22.418,21.275713471690874,21.275713471690874,24.714573056618253,SL,13,-1.0274757683139781,True,0.5731432641545623,22.172
AVAX/USDT:USDT,2024-09-10 16:00:00+00:00,2024-09-10 20:00:00+00:00,2024-09-12 20:00:00+00:00,-1,24.384,24.005,25.447421256179673,22.251157487640658,TIMEOUT,13,0.32429519157715075,True,0.5327106280898355,24.42
AVAX/USDT:USDT,2024-09-11 04:00:00+00:00,2024-09-11 08:00:00+00:00,2024-09-13 08:00:00+00:00,1,23.619,23.844,22.523672148199488,25.812655703601028,TIMEOUT,13,0.1752291788111652,True,0.5481639259002569,23.552
AVAX/USDT:USDT,2024-09-11 08:00:00+00:00,2024-09-11 12:00:00+00:00,2024-09-13 12:00:00+00:00,1,23.615,24.689,22.57851586177289,25.684968276454224,TIMEOUT,13,1.0042980510830701,True,0.517742069113556,23.552
AVAX/USDT:USDT,2024-09-18 08:00:00+00:00,2024-09-18 12:00:00+00:00,2024-09-19 00:00:00+00:00,1,23.24,25.16579444973794,22.27560277513103,25.16579444973794,TP,13,1.9631521129638034,True,0.48169861243448503,23.136
AVAX/USDT:USDT,2024-10-10 04:00:00+00:00,2024-10-10 08:00:00+00:00,2024-10-12 00:00:00+00:00,1,26.103,28.216328561068664,25.04633571946567,28.216328561068664,TP,13,1.9654155054985674,True,0.5283321402671651,26.01
AVAX/USDT:USDT,2024-10-10 08:00:00+00:00,2024-10-10 12:00:00+00:00,2024-10-10 16:00:00+00:00,1,26.134,25.07129095687025,25.07129095687025,28.271418086259505,SL,13,-1.0344286145267447,True,0.5333545215648763,26.01
AVAX/USDT:USDT,2024-10-17 08:00:00+00:00,2024-10-17 12:00:00+00:00,2024-10-19 12:00:00+00:00,1,27.247,28.109,25.92647464840439,29.88805070319122,TIMEOUT,13,0.6238836679693632,True,0.6602626757978041,27.236
AVAX/USDT:USDT,2024-10-17 12:00:00+00:00,2024-10-17 16:00:00+00:00,2024-10-19 16:00:00+00:00,1,27.736,27.894,26.403544695283806,30.40091060943239,TIMEOUT,13,0.08943609558849713,True,0.6662276523580967,27.236
AVAX/USDT:USDT,2024-10-23 00:00:00+00:00,2024-10-23 04:00:00+00:00,2024-10-23 16:00:00+00:00,1,27.327,26.29795186272832,26.29795186272832,29.382096274543365,SL,13,-1.0371778526332431,True,0.514024068635841,27.191
AVAX/USDT:USDT,2024-10-25 16:00:00+00:00,2024-10-25 20:00:00+00:00,2024-10-25 20:00:00+00:00,1,25.884,24.740578282504114,24.740578282504114,28.173843434991777,SL,13,-1.031692243942472,True,0.5722108587479441,25.86
AVAX/USDT:USDT,2024-11-05 16:00:00+00:00,2024-11-05 20:00:00+00:00,2024-11-06 00:00:00+00:00,-1,23.69,24.89572070230376,24.89572070230376,21.28155859539248,SL,13,-1.0275071995833116,True,0.6023603511518801,23.915
AVAX/USDT:USDT,2025-05-07 12:00:00+00:00,2025-05-07 16:00:00+00:00,2025-05-08 08:00:00+00:00,1,19.298,21.111636305862806,18.394181847068598,21.111636305862806,TP,13,1.976746207263235,True,0.4529090764657011,19.254
AVAX/USDT:USDT,2025-05-12 16:00:00+00:00,2025-05-12 20:00:00+00:00,2025-05-14 20:00:00+00:00,1,24.462,24.947,22.34148848750104,28.712023024997922,TIMEOUT,13,0.21256814563048515,True,1.0617557562494804,24.14
AVAX/USDT:USDT,2025-05-15 12:00:00+00:00,2025-05-15 16:00:00+00:00,2025-05-17 16:00:00+00:00,1,23.782,22.09660676854732,22.09660676854732,27.15578646290536,SL,13,-1.019754914982839,True,0.8431966157263406,23.449
AVAX/USDT:USDT,2025-05-15 16:00:00+00:00,2025-05-15 20:00:00+00:00,2025-05-17 20:00:00+00:00,1,23.498,22.165,21.782925866074343,26.925148267851313,TIMEOUT,13,-0.7964070899218685,True,0.8570370669628284,23.449
AVAX/USDT:USDT,2025-05-16 20:00:00+00:00,2025-05-17 00:00:00+00:00,2025-05-18 20:00:00+00:00,1,23.047,21.580863506618265,21.580863506618265,25.979272986763473,SL,13,-1.0220073643522622,True,0.7330682466908672,22.921
AVAX/USDT:USDT,2025-05-18 20:00:00+00:00,2025-05-19 00:00:00+00:00,2025-05-21 00:00:00+00:00,1,23.041,22.532,21.16125663104559,26.800486737908823,TIMEOUT,13,-0.28794217813949213,True,0.9398716844772061,21.957
AVAX/USDT:USDT,2025-05-23 04:00:00+00:00,2025-05-23 08:00:00+00:00,2025-05-25 08:00:00+00:00,-1,25.101,22.101943711316338,26.599028144341833,22.101943711316338,TP,13,1.9785441948327824,True,0.7495140721709154,25.464
AVAX/USDT:USDT,2025-05-29 16:00:00+00:00,2025-05-29 20:00:00+00:00,2025-05-30 00:00:00+00:00,1,22.614,21.287346383392677,21.287346383392677,25.267307233214648,SL,13,-1.0238642548466899,True,0.6633268083036626,22.492
AVAX/USDT:USDT,2025-05-30 16:00:00+00:00,2025-05-30 20:00:00+00:00,2025-05-31 00:00:00+00:00,1,21.258,19.8545963395755,19.8545963395755,24.067807320849,SL,13,-1.021206443191831,True,0.7022018302122491,20.933
AVAX/USDT:USDT,2025-06-05 00:00:00+00:00,2025-06-05 04:00:00+00:00,2025-06-05 16:00:00+00:00,1,20.205,19.269810286299816,19.269810286299816,22.075379427400364,SL,13,-1.0302473386796347,True,0.46759485685009156,20.151
AVAX/USDT:USDT,2025-06-05 04:00:00+00:00,2025-06-05 08:00:00+00:00,2025-06-05 16:00:00+00:00,1,20.208,19.31323558145984,19.31323558145984,21.997528837080317,SL,13,-1.0316186019624676,True,0.4473822092700792,20.151
AVAX/USDT:USDT,2025-06-05 08:00:00+00:00,2025-06-05 12:00:00+00:00,2025-06-05 16:00:00+00:00,1,20.168,19.299470837265194,19.299470837265194,21.90505832546961,SL,13,-1.032509213520354,True,0.43426458136740204,20.151
AVAX/USDT:USDT,2025-06-12 20:00:00+00:00,2025-06-13 00:00:00+00:00,2025-06-13 00:00:00+00:00,1,20.273,19.096387882344903,19.096387882344903,22.617224235310193,SL,13,-1.0241219681270695,True,0.586806058827549,20.2
AVAX/USDT:USDT,2025-06-18 12:00:00+00:00,2025-06-18 16:00:00+00:00,2025-06-20 16:00:00+00:00,1,18.336,17.344541851995174,17.344541851995174,20.31291629600965,SL,13,-1.0258915618895847,True,0.49472907400241173,18.116
AVAX/USDT:USDT,2025-06-18 16:00:00+00:00,2025-06-18 20:00:00+00:00,2025-06-20 16:00:00+00:00,1,18.203,17.23180293839582,17.23180293839582,20.148394123208362,SL,13,-1.0262399887803473,True,0.48609853080209015,18.116
AVAX/USDT:USDT,2025-06-18 20:00:00+00:00,2025-06-19 00:00:00+00:00,2025-06-20 16:00:00+00:00,1,18.156,17.15962921327638,17.15962921327638,20.145741573447246,SL,13,-1.0255109848047468,True,0.4976853933618115,18.116
AVAX/USDT:USDT,2025-06-28 12:00:00+00:00,2025-06-28 16:00:00+00:00,2025-06-29 20:00:00+00:00,-1,17.753,18.35989673473515,18.35989673473515,16.5362065305297,SL,13,-1.0409529308323704,True,0.3039483673675745,17.776
AVAX/USDT:USDT,2025-06-29 08:00:00+00:00,2025-06-29 12:00:00+00:00,2025-06-29 20:00:00+00:00,-1,18.051,18.576051961586856,18.576051961586856,17.003896076826287,SL,13,-1.0481312362373099,True,0.26202598079342754,18.066
AVAX/USDT:USDT,2025-06-29 16:00:00+00:00,2025-06-29 20:00:00+00:00,2025-06-29 20:00:00+00:00,-1,18.034,18.563839028925237,18.563839028925237,16.977321942149526,SL,13,-1.0476514537843955,True,0.26441951446261913,18.066
AVAX/USDT:USDT,2025-07-09 12:00:00+00:00,2025-07-09 16:00:00+00:00,2025-07-09 20:00:00+00:00,-1,18.524,19.20615232409745,19.20615232409745,17.159695351805105,SL,13,-1.0380173153178252,True,0.34107616204872365,18.617
AVAX/USDT:USDT,2025-07-13 12:00:00+00:00,2025-07-13 16:00:00+00:00,2025-07-15 16:00:00+00:00,-1,21.283,21.207,22.29086018318949,19.267279633621023,TIMEOUT,13,0.04584346199071312,True,0.5039300915947452,21.528
AVAX/USDT:USDT,2025-07-13 16:00:00+00:00,2025-07-13 20:00:00+00:00,2025-07-15 20:00:00+00:00,-1,21.524,22.504,22.582812158764227,19.40637568247155,TIMEOUT,13,-0.9540253118919222,True,0.5294060793821126,21.528
AVAX/USDT:USDT,2025-07-13 20:00:00+00:00,2025-07-14 00:00:00+00:00,2025-07-15 20:00:00+00:00,-1,21.184,22.26883720426233,22.26883720426233,19.014325591475345,SL,13,-1.027338295445137,True,0.5424186021311641,21.528
AVAX/USDT:USDT,2025-07-17 00:00:00+00:00,2025-07-17 04:00:00+00:00,2025-07-17 20:00:00+00:00,-1,22.156,23.5398285218897,23.5398285218897,19.388342956220598,SL,13,-1.0224149159446738,True,0.6919142609448495,22.571
AVAX/USDT:USDT,2025-07-17 16:00:00+00:00,2025-07-17 20:00:00+00:00,2025-07-17 20:00:00+00:00,-1,22.42,23.777565479776626,23.777565479776626,19.71086904044675,SL,13,-1.0231208000406466,True,0.6777827398883127,22.571
AVAX/USDT:USDT,2025-07-19 16:00:00+00:00,2025-07-19 20:00:00+00:00,2025-07-21 20:00:00+00:00,-1,24.962,25.435,26.580260886517433,21.72247822696513,TIMEOUT,13,-0.3138843707043567,True,0.8096304432587171,25.038
AVAX/USDT:USDT,2025-07-19 20:00:00+00:00,2025-07-20 00:00:00+00:00,2025-07-21 08:00:00+00:00,-1,24.496,26.183359434981774,26.183359434981774,21.121281130036447,SL,13,-1.020324300376683,True,0.8436797174908884,25.038
AVAX/USDT:USDT,2025-08-01 00:00:00+00:00,2025-08-01 04:00:00+00:00,2025-08-01 20:00:00+00:00,1,22.405,21.02124224205527,21.02124224205527,25.172515515889465,SL,13,-1.0226679849272091,True,0.6918788789723659,22.343
AVAX/USDT:USDT,2025-08-11 12:00:00+00:00,2025-08-11 16:00:00+00:00,2025-08-13 16:00:00+00:00,1,23.736,25.366,22.451228379714692,26.30854324057061,TIMEOUT,13,1.2428431440954504,True,0.6428858101426537,23.256
AVAX/USDT:USDT,2025-08-12 20:00:00+00:00,2025-08-13 00:00:00+00:00,2025-08-14 00:00:00+00:00,-1,24.684,25.95586710576721,25.95586710576721,22.14026578846558,SL,13,-1.027170763237213,True,0.6359335528836059,24.813
AVAX/USDT:USDT,2025-08-13 04:00:00+00:00,2025-08-13 08:00:00+00:00,2025-08-15 08:00:00+00:00,-1,24.766,24.573,26.072144626109594,22.15671074778081,TIMEOUT,13,0.12121751055362294,True,0.6525723130547975,24.813
AVAX/USDT:USDT,2025-09-01 00:00:00+00:00,2025-09-01 04:00:00+00:00,2025-09-03 04:00:00+00:00,1,23.147,24.741,22.29331760857167,24.854364782856656,TIMEOUT,13,1.8292449459889146,True,0.42684119571416435,23.094
AVAX/USDT:USDT,2025-09-29 04:00:00+00:00,2025-09-29 08:00:00+00:00,2025-10-01 08:00:00+00:00,-1,29.56,31.008060890991835,31.008060890991835,26.66687821801633,SL,13,-1.028578908702972,True,0.7235304454959179,29.58
AVAX/USDT:USDT,2025-10-07 08:00:00+00:00,2025-10-07 12:00:00+00:00,2025-10-07 12:00:00+00:00,1,30.0,28.933835789279872,28.933835789279872,32.132328421440256,SL,13,-1.0393935564312664,True,0.533082105360064,29.612
AVAX/USDT:USDT,2026-04-19 00:00:00+00:00,2026-04-19 04:00:00+00:00,2026-04-21 04:00:00+00:00,1,9.29,9.336,8.925730347107459,10.01853930578508,TIMEOUT,13,0.09057575820002332,True,0.18213482644627005,9.257
AVAX/USDT:USDT,2026-04-26 08:00:00+00:00,2026-04-26 12:00:00+00:00,2026-04-28 12:00:00+00:00,-1,9.479,9.161,9.696336308042866,9.041327383914266,TIMEOUT,13,1.4021099499854168,True,0.10916815402143351,9.498
AVAX/USDT:USDT,2026-04-26 16:00:00+00:00,2026-04-26 20:00:00+00:00,2026-04-28 20:00:00+00:00,-1,9.471,9.171,9.695150382485531,9.01969923502894,TIMEOUT,13,1.2792331506215913,True,0.11257519124276552,9.498
AVAX/USDT:USDT,2026-04-26 20:00:00+00:00,2026-04-27 00:00:00+00:00,2026-04-29 00:00:00+00:00,-1,9.451,9.253,9.67873033148746,8.992539337025079,TIMEOUT,13,0.8113482239855937,True,0.11436516574373005,9.498
AVAX/USDT:USDT,2026-05-22 04:00:00+00:00,2026-05-22 08:00:00+00:00,2026-05-23 04:00:00+00:00,-1,9.505,8.93486072708699,9.790069636456506,8.93486072708699,TP,13,1.953320177604989,True,0.14253481822825237,9.514
AVAX/USDT:USDT,2026-06-03 20:00:00+00:00,2026-06-04 00:00:00+00:00,2026-06-04 00:00:00+00:00,1,8.044,7.5770945897154025,7.5770945897154025,8.977810820569196,SL,13,-1.024119660539242,True,0.2334527051422992,7.988
AVAX/USDT:USDT,2026-06-10 08:00:00+00:00,2026-06-10 12:00:00+00:00,2026-06-12 12:00:00+00:00,1,6.456,6.546,6.128865079178448,7.1132698416431035,TIMEOUT,13,0.24748687726971005,True,0.1640674604107758,6.436
AVAX/USDT:USDT,2026-06-10 12:00:00+00:00,2026-06-10 16:00:00+00:00,2026-06-12 16:00:00+00:00,1,6.574,6.582,6.228549735287989,7.264900529424022,TIMEOUT,13,-0.003484148437412226,True,0.1727251323560056,6.436
AVAX/USDT:USDT,2026-06-10 16:00:00+00:00,2026-06-10 20:00:00+00:00,2026-06-12 20:00:00+00:00,1,6.457,6.567,6.11707643724959,7.136847125500819,TIMEOUT,13,0.29700853681076184,True,0.16996178137520487,6.436
AVAX/USDT:USDT,2026-06-15 00:00:00+00:00,2026-06-15 04:00:00+00:00,2026-06-15 16:00:00+00:00,-1,6.761,7.044720689986677,7.044720689986677,6.1935586200266455,SL,13,-1.0333616839873203,True,0.14186034499333877,6.772
AVAX/USDT:USDT,2026-06-15 04:00:00+00:00,2026-06-15 08:00:00+00:00,2026-06-15 12:00:00+00:00,-1,6.753,7.016557931321787,7.016557931321787,6.2228841373564245,SL,13,-1.0358714304387866,True,0.13227896566089364,6.772
AVAX/USDT:USDT,2026-06-22 08:00:00+00:00,2026-06-22 12:00:00+00:00,2026-06-24 12:00:00+00:00,-1,6.361,6.23,6.67488961921957,5.730220761560861,TIMEOUT,13,0.38897304187237997,True,0.1574448096097851,6.37
AVAX/USDT:USDT,2026-06-27 00:00:00+00:00,2026-06-27 04:00:00+00:00,2026-06-29 04:00:00+00:00,-1,6.546,6.546,7.024062835535294,5.586874328929412,TIMEOUT,13,-0.01916986496082359,True,0.23953141776764714,6.635
AVAX/USDT:USDT,2026-06-29 12:00:00+00:00,2026-06-29 16:00:00+00:00,2026-07-01 16:00:00+00:00,-1,6.655,6.69,7.009369900710793,5.946260198578416,TIMEOUT,13,-0.1250585896576133,True,0.17718495035539608,6.67
AVAX/USDT:USDT,2026-07-03 12:00:00+00:00,2026-07-03 16:00:00+00:00,2026-07-04 16:00:00+00:00,-1,6.825,7.0476071387880435,7.0476071387880435,6.379785722423914,SL,13,-1.0429231517552446,True,0.11130356939402165,6.877
AVAX/USDT:USDT,2026-07-05 00:00:00+00:00,2026-07-05 04:00:00+00:00,2026-07-07 04:00:00+00:00,1,6.801,6.761,6.538634326847454,7.325731346305092,TIMEOUT,13,-0.18874953954516385,True,0.13118283657627297,6.786
AVAX/USDT:USDT,2026-07-07 04:00:00+00:00,2026-07-07 08:00:00+00:00,2026-07-08 00:00:00+00:00,1,6.761,6.4856936344264975,6.4856936344264975,7.311612731147005,SL,13,-1.0343813336109473,True,0.13765318278675137,6.706
AVAX/USDT:USDT,2026-07-07 12:00:00+00:00,2026-07-07 16:00:00+00:00,2026-07-08 00:00:00+00:00,1,6.766,6.496294329858125,6.496294329858125,7.30241134028375,SL,13,-1.035121249008288,True,0.13435283507093768,6.706
AVAX/USDT:USDT,2026-07-07 16:00:00+00:00,2026-07-07 20:00:00+00:00,2026-07-08 00:00:00+00:00,1,6.754,6.488655085877041,6.488655085877041,7.281689828245918,SL,13,-1.0356351280794414,True,0.13217245706147937,6.706
AVAX/USDT:USDT,2026-07-21 00:00:00+00:00,2026-07-21 04:00:00+00:00,2026-07-23 04:00:00+00:00,-1,6.639,6.556,6.854801031548527,6.2043979369029465,TIMEOUT,13,0.34154331641100766,True,0.1084005157742634,6.66
AVAX/USDT:USDT,2026-09-05 12:00:00+00:00,2026-09-05 16:00:00+00:00,2026-09-06 00:00:00+00:00,-1,7.541,7.740431879267588,7.740431879267588,7.142136241464826,SL,10,-1.052937374098725,True,0.09971593963379383,7.579
LTC/USDT:USDT,2023-08-20 08:00:00+00:00,2023-08-20 12:00:00+00:00,2023-08-22 12:00:00+00:00,-1,64.91,65.82,67.53142428701223,59.63715142597556,TIMEOUT,13,-0.38180541965632836,True,1.3157121435061128,64.94
LTC/USDT:USDT,2023-08-20 12:00:00+00:00,2023-08-20 16:00:00+00:00,2023-08-21 20:00:00+00:00,-1,64.5,67.02390104874392,67.02390104874392,59.42219790251214,SL,13,-1.0357779478101725,True,1.2669505243719648,64.94
LTC/USDT:USDT,2023-08-21 20:00:00+00:00,2023-08-22 00:00:00+00:00,2023-08-24 00:00:00+00:00,-1,66.94,65.72,69.93149507054932,60.987009858901374,TIMEOUT,13,0.3764953554789521,True,1.490747535274656,67.0
LTC/USDT:USDT,2023-08-31 16:00:00+00:00,2023-08-31 20:00:00+00:00,2023-09-02 20:00:00+00:00,1,64.2,64.54,61.37793821436638,69.87412357126722,TIMEOUT,13,0.08863023526745548,True,1.4160308928168064,63.89
LTC/USDT:USDT,2023-09-01 12:00:00+00:00,2023-09-01 16:00:00+00:00,2023-09-03 16:00:00+00:00,1,63.18,64.01,60.83162977899817,67.87674044200367,TIMEOUT,13,0.31577133510220395,True,1.1741851105009138,63.11
LTC/USDT:USDT,2023-09-11 08:00:00+00:00,2023-09-11 12:00:00+00:00,2023-09-13 12:00:00+00:00,1,59.76,61.59,57.49188746717864,64.29622506564272,TIMEOUT,13,0.7699512148225289,True,1.1340562664106788,59.69
LTC/USDT:USDT,2023-09-14 00:00:00+00:00,2023-09-14 04:00:00+00:00,2023-09-15 16:00:00+00:00,-1,62.44,64.9438214678906,64.9438214678906,57.46235706421881,SL,13,-1.0349130323871076,True,1.246910733945298,62.71
LTC/USDT:USDT,2023-10-11 20:00:00+00:00,2023-10-12 00:00:00+00:00,2023-10-14 00:00:00+00:00,1,61.53,61.63,60.01517295497787,64.52965409004426,TIMEOUT,13,0.009148239098014625,True,0.752413522511067,61.46
LTC/USDT:USDT,2023-10-15 20:00:00+00:00,2023-10-16 00:00:00+00:00,2023-10-16 04:00:00+00:00,-1,61.58,62.46240776317339,62.46240776317339,59.81518447365322,SL,13,-1.0977008630227334,True,0.4412038815866959,62.13
LTC/USDT:USDT,2023-10-22 16:00:00+00:00,2023-10-22 20:00:00+00:00,2023-10-23 16:00:00+00:00,-1,64.53,66.80011316195034,66.80011316195034,59.98977367609933,SL,13,-1.039796253999243,True,1.135056580975169,65.38
LTC/USDT:USDT,2023-10-31 00:00:00+00:00,2023-10-31 04:00:00+00:00,2023-11-02 04:00:00+00:00,-1,68.82,69.88,70.96039406576098,64.50921186847805,TIMEOUT,13,-0.5402500495108031,True,1.075197032880492,68.86
LTC/USDT:USDT,2023-10-31 04:00:00+00:00,2023-10-31 08:00:00+00:00,2023-11-02 00:00:00+00:00,-1,68.61,70.80167485699285,70.80167485699285,64.2266502860143,SL,13,-1.043826756370146,True,1.095837428496427,68.86
LTC/USDT:USDT,2023-11-05 12:00:00+00:00,2023-11-05 16:00:00+00:00,2023-11-06 08:00:00+00:00,-1,70.47,72.87006631236223,72.87006631236223,65.66986737527554,SL,13,-1.0411063642249523,True,1.2000331561811128,70.87
LTC/USDT:USDT,2023-11-09 08:00:00+00:00,2023-11-09 12:00:00+00:00,2023-11-09 16:00:00+00:00,-1,74.5,69.45904157694663,77.00547921152668,69.45904157694663,TP,13,1.9703449944193667,True,1.2577396057633388,75.0
LTC/USDT:USDT,2023-11-13 20:00:00+00:00,2023-11-14 00:00:00+00:00,2023-11-16 00:00:00+00:00,1,71.14,73.89,67.03435693340127,79.35128613319746,TIMEOUT,13,0.6455514902311502,True,2.052821533299366,70.69
LTC/USDT:USDT,2023-11-21 16:00:00+00:00,2023-11-21 20:00:00+00:00,2023-11-23 20:00:00+00:00,1,68.08,69.52,64.57012731167109,75.09974537665782,TIMEOUT,13,0.38311589034878024,True,1.7549363441644568,67.37
LTC/USDT:USDT,2023-11-27 08:00:00+00:00,2023-11-27 12:00:00+00:00,2023-11-29 12:00:00+00:00,1,68.64,69.63,66.56092039355983,72.79815921288035,TIMEOUT,13,0.429951790797731,True,1.0395398032200878,68.38
LTC/USDT:USDT,2023-11-27 20:00:00+00:00,2023-11-28 00:00:00+00:00,2023-11-30 00:00:00+00:00,1,69.22,70.04,67.07734580878545,73.50530838242909,TIMEOUT,13,0.33747489583941137,True,1.07132709560727,68.85
LTC/USDT:USDT,2023-12-01 04:00:00+00:00,2023-12-01 08:00:00+00:00,2023-12-01 12:00:00+00:00,-1,70.4,71.75459015375054,71.75459015375054,67.69081969249893,SL,13,-1.0727600150695846,True,0.6772950768752656,70.47
LTC/USDT:USDT,2024-06-04 04:00:00+00:00,2024-06-04 08:00:00+00:00,2024-06-06 08:00:00+00:00,1,82.1,85.77092415632588,80.27953792183706,85.77092415632588,TP,13,1.953341516410109,True,0.9152310390814702,82.05
LTC/USDT:USDT,2024-06-05 08:00:00+00:00,2024-06-05 12:00:00+00:00,2024-06-06 16:00:00+00:00,-1,84.11,85.80819542907412,85.80819542907412,80.68360914185175,SL,13,-1.0693406647927448,True,0.8540977145370641,84.38
LTC/USDT:USDT,2024-06-13 20:00:00+00:00,2024-06-14 00:00:00+00:00,2024-06-16 00:00:00+00:00,-1,79.14,79.77,81.93614704082613,73.51770591834773,TIMEOUT,13,-0.26493456502241947,True,1.4030735204130635,79.29
LTC/USDT:USDT,2024-06-17 16:00:00+00:00,2024-06-17 20:00:00+00:00,2024-06-18 00:00:00+00:00,1,77.46,74.84651983504679,74.84651983504679,82.6869603299064,SL,13,-1.0414940972019742,True,1.3067400824766016,76.21
LTC/USDT:USDT,2024-06-24 00:00:00+00:00,2024-06-24 04:00:00+00:00,2024-06-24 04:00:00+00:00,1,72.47,70.71072325627813,70.71072325627813,76.01855348744375,SL,13,-1.0576702899996044,True,0.8846383718609379,72.14
LTC/USDT:USDT,2024-06-29 12:00:00+00:00,2024-06-29 16:00:00+00:00,2024-06-29 20:00:00+00:00,-1,74.7,76.77947162884206,76.77947162884206,70.51105674231587,SL,13,-1.0502916214626283,True,1.0447358144210346,74.74
LTC/USDT:USDT,2024-07-03 12:00:00+00:00,2024-07-03 16:00:00+00:00,2024-07-03 20:00:00+00:00,1,74.4,72.36875196983672,72.36875196983672,78.43249606032656,SL,13,-1.0512788189592124,True,1.0106240150816381,74.07
LTC/USDT:USDT,2024-07-10 16:00:00+00:00,2024-07-10 20:00:00+00:00,2024-07-11 12:00:00+00:00,-1,66.61,68.91700882587828,68.91700882587828,62.025982348243446,SL,13,-1.0404220386822742,True,1.1485044129391382,66.98
LTC/USDT:USDT,2024-07-11 00:00:00+00:00,2024-07-11 04:00:00+00:00,2024-07-11 12:00:00+00:00,-1,66.93,69.1095310736597,69.1095310736597,62.57093785268063,SL,13,-1.0429918165115504,True,1.089765536829841,66.98
LTC/USDT:USDT,2024-07-12 08:00:00+00:00,2024-07-12 12:00:00+00:00,2024-07-14 12:00:00+00:00,-1,68.45,69.43,70.75189843058102,63.846203138837964,TIMEOUT,13,-0.4673664075301771,True,1.1509492152905128,69.12
LTC/USDT:USDT,2024-07-12 12:00:00+00:00,2024-07-12 16:00:00+00:00,2024-07-14 16:00:00+00:00,-1,68.81,69.54,71.20431197317022,64.05137605365954,TIMEOUT,13,-0.3451237805514067,True,1.1921559865851103,69.12
LTC/USDT:USDT,2024-07-12 16:00:00+00:00,2024-07-12 20:00:00+00:00,2024-07-14 20:00:00+00:00,-1,68.97,69.88,71.24173704341419,64.42652591317162,TIMEOUT,13,-0.4430785697306065,True,1.135868521707097,69.12
LTC/USDT:USDT,2024-07-21 20:00:00+00:00,2024-07-22 00:00:00+00:00,2024-07-24 00:00:00+00:00,-1,73.94,72.7,76.1721215298762,69.50575694024762,TIMEOUT,13,0.5091496967295638,True,1.1110607649380986,74.08
LTC/USDT:USDT,2024-08-04 16:00:00+00:00,2024-08-04 20:00:00+00:00,2024-08-05 00:00:00+00:00,1,63.34,59.465173360508125,59.465173360508125,71.08965327898376,SL,13,-1.0228851528727048,True,1.9374133197459384,62.53
LTC/USDT:USDT,2024-08-08 12:00:00+00:00,2024-08-08 16:00:00+00:00,2024-08-10 16:00:00+00:00,-1,59.43,60.97,63.2078761579913,51.8742476840174,TIMEOUT,13,-0.4296599285200118,True,1.8889380789956514,59.46
LTC/USDT:USDT,2024-08-11 00:00:00+00:00,2024-08-11 04:00:00+00:00,2024-08-13 04:00:00+00:00,-1,61.8,61.89,63.82835457130842,57.74329085738316,TIMEOUT,13,-0.0870262046374548,True,1.0141772856542084,61.98
LTC/USDT:USDT,2024-08-11 04:00:00+00:00,2024-08-11 08:00:00+00:00,2024-08-13 08:00:00+00:00,-1,61.62,61.73,63.53524062846729,57.78951874306541,TIMEOUT,13,-0.1024769405383105,True,0.9576203142336478,61.98
LTC/USDT:USDT,2024-08-13 00:00:00+00:00,2024-08-13 04:00:00+00:00,2024-08-15 00:00:00+00:00,-1,61.93,64.71959108839923,64.71959108839923,56.38081782320154,SL,13,-1.0310805409296575,True,1.389795544199617,62.35
LTC/USDT:USDT,2024-08-26 16:00:00+00:00,2024-08-26 20:00:00+00:00,2024-08-27 20:00:00+00:00,1,63.81,61.70664276532025,61.70664276532025,68.01671446935951,SL,13,-1.0424721005671684,True,1.0516786173398769,63.4
LTC/USDT:USDT,2024-08-30 08:00:00+00:00,2024-08-30 12:00:00+00:00,2024-08-31 04:00:00+00:00,-1,63.5,66.40144815558722,66.40144815558722,57.697103688825564,SL,13,-1.0306398719649041,True,1.4507240777936097,63.92
LTC/USDT:USDT,2024-09-05 00:00:00+00:00,2024-09-05 04:00:00+00:00,2024-09-05 04:00:00+00:00,-1,65.17,67.78373937449322,67.78373937449322,59.94252125101356,SL,13,-1.034907076386562,True,1.3068696872466123,66.31
LTC/USDT:USDT,2024-09-11 04:00:00+00:00,2024-09-11 08:00:00+00:00,2024-09-13 08:00:00+00:00,-1,61.45,63.33676666953339,63.33676666953339,57.646466660933214,SL,13,-1.0455965230832045,True,0.9483833347666968,61.77
LTC/USDT:USDT,2024-09-16 16:00:00+00:00,2024-09-16 20:00:00+00:00,2024-09-18 20:00:00+00:00,1,62.39,64.81,60.780833262006986,65.60833347598603,TIMEOUT,13,1.4496036643842982,True,0.8045833689965075,62.35
LTC/USDT:USDT,2024-09-16 20:00:00+00:00,2024-09-17 00:00:00+00:00,2024-09-19 00:00:00+00:00,1,62.58,64.9,61.03072216040605,65.6785556791879,TIMEOUT,13,1.4409216623049976,True,0.774638919796973,62.35
LTC/USDT:USDT,2024-10-07 16:00:00+00:00,2024-10-07 20:00:00+00:00,2024-10-09 20:00:00+00:00,1,65.6,64.56,63.51422843634907,69.77154312730184,TIMEOUT,13,-0.5426481114829399,True,1.0428857818254622,65.02
LTC/USDT:USDT,2024-10-10 12:00:00+00:00,2024-10-10 16:00:00+00:00,2024-10-12 16:00:00+00:00,1,64.36,66.21,62.915936883440196,67.2481262331196,TIMEOUT,13,1.2187112736405876,True,0.722031558279901,64.06
LTC/USDT:USDT,2024-10-15 08:00:00+00:00,2024-10-15 12:00:00+00:00,2024-10-15 12:00:00+00:00,-1,66.02,67.90875459237955,67.90875459237955,62.21249081524091,SL,13,-1.0489359498438355,True,0.9493772961897756,66.63
LTC/USDT:USDT,2024-10-15 12:00:00+00:00,2024-10-15 16:00:00+00:00,2024-10-15 16:00:00+00:00,-1,66.25,68.67492064672894,68.67492064672894,61.370158706542114,SL,13,-1.0382486742917192,True,1.2174603233644714,66.63
LTC/USDT:USDT,2024-10-17 20:00:00+00:00,2024-10-18 00:00:00+00:00,2024-10-19 08:00:00+00:00,-1,72.79,75.79688579000293,75.79688579000293,66.74622841999414,SL,13,-1.0338908781766203,True,1.5084428950014652,73.06
LTC/USDT:USDT,2024-10-25 04:00:00+00:00,2024-10-25 08:00:00+00:00,2024-10-25 20:00:00+00:00,-1,71.23,67.60123812714087,73.02938093642956,67.60123812714087,TP,13,1.9612522292592856,True,0.9046904682147847,71.57
LTC/USDT:USDT,2024-10-29 00:00:00+00:00,2024-10-29 04:00:00+00:00,2024-10-29 20:00:00+00:00,-1,72.18,74.33922458213418,74.33922458213418,67.83155083573165,SL,13,-1.0468001341019009,True,1.0846122910670875,72.26
LTC/USDT:USDT,2024-11-03 00:00:00+00:00,2024-11-03 04:00:00+00:00,2024-11-04 20:00:00+00:00,1,67.83,65.2226950476208,65.2226950476208,73.04460990475839,SL,13,-1.0364215163682122,True,1.3036524761895993,67.7
LTC/USDT:USDT,2024-11-07 20:00:00+00:00,2024-11-08 00:00:00+00:00,2024-11-10 00:00:00+00:00,-1,71.49,74.45138519550876,74.45138519550876,65.53722960898249,SL,13,-1.0337970217963506,True,1.4856925977543778,72.33
LTC/USDT:USDT,2024-11-08 00:00:00+00:00,2024-11-08 04:00:00+00:00,2024-11-09 20:00:00+00:00,-1,71.1,74.20053383610758,74.20053383610758,64.89893232778482,SL,13,-1.032104148918098,True,1.550266918053794,72.33
LTC/USDT:USDT,2024-11-09 16:00:00+00:00,2024-11-09 20:00:00+00:00,2024-11-10 00:00:00+00:00,-1,72.05,74.63962440567539,74.63962440567539,66.87075118864921,SL,13,-1.0389515945937697,True,1.2948122028376956,72.33
LTC/USDT:USDT,2025-05-01 12:00:00+00:00,2025-05-01 16:00:00+00:00,2025-05-03 16:00:00+00:00,-1,87.52,87.02,91.1705916786118,80.21881664277639,TIMEOUT,13,0.10340022473933315,True,1.8252958393059053,88.07
LTC/USDT:USDT,2025-05-08 12:00:00+00:00,2025-05-08 16:00:00+00:00,2025-05-09 04:00:00+00:00,-1,93.11,98.2877414132323,98.2877414132323,82.78451717353542,SL,13,-1.0251758420509116,True,2.5838707066161484,93.68
LTC/USDT:USDT,2025-05-25 08:00:00+00:00,2025-05-25 12:00:00+00:00,2025-05-27 12:00:00+00:00,1,94.43,96.31,90.75346554633192,101.81306890733615,TIMEOUT,13,0.4753927977626364,True,1.8432672268340358,94.11
LTC/USDT:USDT,2025-05-29 20:00:00+00:00,2025-05-30 00:00:00+00:00,2025-05-30 16:00:00+00:00,1,93.14,88.84175099965906,88.84175099965906,101.73649800068189,SL,13,-1.030337004670892,True,2.1491245001704735,92.93
LTC/USDT:USDT,2025-06-02 20:00:00+00:00,2025-06-03 00:00:00+00:00,2025-06-05 00:00:00+00:00,-1,89.49,88.31,92.81696980754225,82.83606038491548,TIMEOUT,13,0.31701940835439846,True,1.6634849037711255,89.88
LTC/USDT:USDT,2025-06-04 00:00:00+00:00,2025-06-04 04:00:00+00:00,2025-06-05 20:00:00+00:00,-1,90.37,84.66406060127457,93.22296969936272,84.66406060127457,TP,13,1.9556539278954626,True,1.4264848496813602,90.55
LTC/USDT:USDT,2025-06-04 04:00:00+00:00,2025-06-04 08:00:00+00:00,2025-06-05 16:00:00+00:00,-1,90.26,84.77551918777128,93.01724040611435,84.77551918777128,TP,13,1.9432896748309556,True,1.3736202030571791,90.55
LTC/USDT:USDT,2025-06-09 12:00:00+00:00,2025-06-09 16:00:00+00:00,2025-06-10 00:00:00+00:00,-1,88.07,90.82089537644131,90.82089537644131,82.56820924711735,SL,13,-1.044821043016003,True,1.3754476882206612,89.27
LTC/USDT:USDT,2025-06-09 16:00:00+00:00,2025-06-09 20:00:00+00:00,2025-06-10 00:00:00+00:00,-1,88.42,91.14210932624916,91.14210932624916,83.00578134750171,SL,13,-1.0454750287970873,True,1.3560546631245736,89.27
LTC/USDT:USDT,2025-06-16 00:00:00+00:00,2025-06-16 04:00:00+00:00,2025-06-18 04:00:00+00:00,-1,86.49,85.09,89.04668661960986,81.37662676078027,TIMEOUT,13,0.5002232147619042,True,1.2783433098049317,86.87
LTC/USDT:USDT,2025-06-21 16:00:00+00:00,2025-06-21 20:00:00+00:00,2025-06-22 12:00:00+00:00,1,80.96,78.12916746885833,78.12916746885833,86.62166506228333,SL,13,-1.040039104663775,True,1.4154162655708324,80.9
LTC/USDT:USDT,2025-06-26 00:00:00+00:00,2025-06-26 04:00:00+00:00,2025-06-28 04:00:00+00:00,-1,85.13,85.31,87.67762280034856,80.0047543993029,TIMEOUT,13,-0.11743575224678986,True,1.2788114001742792,85.44
LTC/USDT:USDT,2025-07-02 20:00:00+00:00,2025-07-03 00:00:00+00:00,2025-07-03 04:00:00+00:00,-1,87.29,90.02447797057505,90.02447797057505,81.8510440588499,SL,13,-1.0446907970424426,True,1.3622389852875265,88.46
LTC/USDT:USDT,2025-07-03 00:00:00+00:00,2025-07-03 04:00:00+00:00,2025-07-03 04:00:00+00:00,-1,87.98,90.76854757449838,90.76854757449838,82.37290485100323,SL,13,-1.0441706647311393,True,1.3992737872491898,88.46
LTC/USDT:USDT,2025-07-09 12:00:00+00:00,2025-07-09 16:00:00+00:00,2025-07-09 20:00:00+00:00,-1,88.48,90.47780766179831,90.47780766179831,84.4843846764034,SL,13,-1.0620039668325718,True,0.9989038308991494,88.5
LTC/USDT:USDT,2025-07-16 12:00:00+00:00,2025-07-16 16:00:00+00:00,2025-07-17 08:00:00+00:00,-1,96.84,101.06756999773881,101.06756999773881,88.41486000452235,SL,13,-1.0320694867435702,True,2.1087849988694103,97.97
LTC/USDT:USDT,2025-07-16 20:00:00+00:00,2025-07-17 00:00:00+00:00,2025-07-17 16:00:00+00:00,-1,97.46,102.16955257607937,102.16955257607937,88.04089484784124,SL,13,-1.0289717542793815,True,2.35477628803969,97.97
LTC/USDT:USDT,2025-07-17 00:00:00+00:00,2025-07-17 04:00:00+00:00,2025-07-17 08:00:00+00:00,-1,96.1,101.12761223260213,101.12761223260213,86.07477553479573,SL,13,-1.0267602181265212,True,2.5088061163010655,97.97
LTC/USDT:USDT,2025-07-24 00:00:00+00:00,2025-07-24 04:00:00+00:00,2025-07-26 04:00:00+00:00,1,112.97,113.16,105.2200775948157,128.4998448103686,TIMEOUT,13,0.004108686298419853,True,3.8799612025921473,112.62
LTC/USDT:USDT,2025-07-29 00:00:00+00:00,2025-07-29 04:00:00+00:00,2025-07-31 04:00:00+00:00,1,109.22,110.62,104.35158159765027,118.95683680469946,TIMEOUT,13,0.25615957728655764,True,2.4342092011748697,108.15
LTC/USDT:USDT,2025-08-01 00:00:00+00:00,2025-08-01 04:00:00+00:00,2025-08-03 04:00:00+00:00,1,106.41,108.1,101.2247211344773,116.81055773104539,TIMEOUT,13,0.29719250207474773,True,2.5976394327613477,105.03
LTC/USDT:USDT,2025-08-04 00:00:00+00:00,2025-08-04 04:00:00+00:00,2025-08-04 12:00:00+00:00,-1,111.46,116.51939743828275,116.51939743828275,101.34120512343448,SL,13,-1.0308424079949259,True,2.5296987191413813,111.79
LTC/USDT:USDT,2025-08-11 00:00:00+00:00,2025-08-11 04:00:00+00:00,2025-08-13 04:00:00+00:00,-1,125.84,132.96808150148308,132.96808150148308,111.55383699703383,SL,13,-1.0247157667828777,True,3.569040750741542,126.39
LTC/USDT:USDT,2025-08-11 04:00:00+00:00,2025-08-11 08:00:00+00:00,2025-08-12 20:00:00+00:00,-1,123.32,130.40033730128533,130.40033730128533,109.12932539742934,SL,13,-1.0243841490388683,True,3.54516865064267,126.39
LTC/USDT:USDT,2025-08-18 00:00:00+00:00,2025-08-18 04:00:00+00:00,2025-08-20 04:00:00+00:00,1,116.47,113.86,111.3713009237815,126.697398152437,TIMEOUT,13,-0.543875596215156,True,2.554349538109252,116.46
LTC/USDT:USDT,2025-08-19 00:00:00+00:00,2025-08-19 04:00:00+00:00,2025-08-21 04:00:00+00:00,1,115.42,116.04,110.39335920115155,125.50328159769691,TIMEOUT,13,0.09119649052803257,True,2.51832039942423,115.21
LTC/USDT:USDT,2025-08-19 08:00:00+00:00,2025-08-19 12:00:00+00:00,2025-08-21 12:00:00+00:00,1,116.14,114.09,110.87012313330938,126.64975373338123,TIMEOUT,13,-0.41985724827560583,True,2.6299384333453095,115.21
LTC/USDT:USDT,2025-08-25 04:00:00+00:00,2025-08-25 08:00:00+00:00,2025-08-27 08:00:00+00:00,1,112.48,112.97,106.2045155087447,125.00096898251059,TIMEOUT,13,0.05298841873696967,True,3.1327422456276475,112.44
LTC/USDT:USDT,2025-09-02 12:00:00+00:00,2025-09-02 16:00:00+00:00,2025-09-03 12:00:00+00:00,-1,109.52,113.2624938913981,113.2624938913981,102.0350122172038,SL,13,-1.040969472349017,True,1.8712469456990517,111.87
LTC/USDT:USDT,2025-09-02 20:00:00+00:00,2025-09-03 00:00:00+00:00,2025-09-05 00:00:00+00:00,-1,111.69,111.26,115.58369541176124,103.90260917647751,TIMEOUT,13,0.07027616982403338,True,1.9468477058806213,111.87
LTC/USDT:USDT,2025-09-03 00:00:00+00:00,2025-09-03 04:00:00+00:00,2025-09-05 04:00:00+00:00,-1,111.38,113.13,115.13853602352641,103.86292795294716,TIMEOUT,13,-0.5070942484174394,True,1.8792680117632068,111.87
LTC/USDT:USDT,2025-09-03 08:00:00+00:00,2025-09-03 12:00:00+00:00,2025-09-05 12:00:00+00:00,-1,111.86,112.29,115.17338927989317,105.23322144021365,TIMEOUT,13,-0.17704047138672446,True,1.6566946399465858,111.87
LTC/USDT:USDT,2025-09-07 12:00:00+00:00,2025-09-07 16:00:00+00:00,2025-09-09 16:00:00+00:00,-1,114.66,111.79,117.00641534184669,109.96716931630661,TIMEOUT,13,1.1547299200096257,True,1.1732076709233445,115.09
LTC/USDT:USDT,2025-09-07 20:00:00+00:00,2025-09-08 00:00:00+00:00,2025-09-10 00:00:00+00:00,-1,114.86,112.87,117.21477419009818,110.15045161980363,TIMEOUT,13,0.7768031464298181,True,1.1773870950490912,115.09
LTC/USDT:USDT,2025-09-15 08:00:00+00:00,2025-09-15 12:00:00+00:00,2025-09-17 12:00:00+00:00,1,113.83,113.82,110.04264329748074,121.40471340503852,TIMEOUT,13,-0.044717731468849886,True,1.8936783512596307,112.83
LTC/USDT:USDT,2025-09-15 12:00:00+00:00,2025-09-15 16:00:00+00:00,2025-09-17 16:00:00+00:00,1,113.05,114.91,109.31895752448331,120.54208495103339,TIMEOUT,13,0.4561004092467047,True,1.8705212377583464,112.83
LTC/USDT:USDT,2026-04-02 04:00:00+00:00,2026-04-02 08:00:00+00:00,2026-04-04 08:00:00+00:00,1,52.42,53.33,50.68212461173149,55.89575077653703,TIMEOUT,13,0.48139930264708636,True,0.8689376941342565,52.18
LTC/USDT:USDT,2026-04-12 16:00:00+00:00,2026-04-12 20:00:00+00:00,2026-04-14 20:00:00+00:00,1,53.7,54.25,52.56813920660487,55.96372158679027,TIMEOUT,13,0.4195038849041896,True,0.5659303966975664,53.58
LTC/USDT:USDT,2026-04-13 00:00:00+00:00,2026-04-13 04:00:00+00:00,2026-04-15 04:00:00+00:00,1,53.68,53.99,52.57420233740543,55.89159532518914,TIMEOUT,13,0.21237881752161683,True,0.5528988312972831,53.58
LTC/USDT:USDT,2026-04-15 20:00:00+00:00,2026-04-16 00:00:00+00:00,2026-04-16 16:00:00+00:00,-1,55.13,56.44702564347674,56.44702564347674,52.49594871304652,SL,13,-1.058603262876683,True,0.658512821738371,55.24
LTC/USDT:USDT,2026-04-19 16:00:00+00:00,2026-04-19 20:00:00+00:00,2026-04-21 20:00:00+00:00,1,54.69,55.53,53.224167010281356,57.6516659794373,TIMEOUT,13,0.5208192238506927,True,0.7379164948593234,54.55
LTC/USDT:USDT,2026-05-05 20:00:00+00:00,2026-05-06 00:00:00+00:00,2026-05-06 08:00:00+00:00,-1,56.3,57.41031979475241,57.41031979475241,54.07936041049517,SL,13,-1.0709885569657664,True,0.5551598973762056,56.4
LTC/USDT:USDT,2026-06-05 04:00:00+00:00,2026-06-05 08:00:00+00:00,2026-06-06 04:00:00+00:00,1,44.15,41.195910007354115,41.195910007354115,50.058179985291765,SL,13,-1.0209235331875042,True,1.4770449963229426,43.84
LTC/USDT:USDT,2026-06-05 08:00:00+00:00,2026-06-05 12:00:00+00:00,2026-06-06 04:00:00+00:00,1,44.03,41.20312200637357,41.20312200637357,49.683755987252866,SL,13,-1.02180568108669,True,1.413438996813217,43.84
LTC/USDT:USDT,2026-06-08 12:00:00+00:00,2026-06-08 16:00:00+00:00,2026-06-10 16:00:00+00:00,-1,43.1,41.59,45.41709618854967,38.46580762290066,TIMEOUT,13,0.6256365217653643,True,1.1585480942748347,43.44
LTC/USDT:USDT,2026-06-08 16:00:00+00:00,2026-06-08 20:00:00+00:00,2026-06-10 20:00:00+00:00,-1,43.37,41.69,45.55948336340971,38.99103327318057,TIMEOUT,13,0.7395726439676018,True,1.0947416817048568,43.44
LTC/USDT:USDT,2026-06-13 00:00:00+00:00,2026-06-13 04:00:00+00:00,2026-06-14 00:00:00+00:00,-1,43.34,44.62342431733743,44.62342431733743,40.80315136532514,SL,13,-1.047276648245124,True,0.6367121586687164,43.47
LTC/USDT:USDT,2026-06-23 04:00:00+00:00,2026-06-23 08:00:00+00:00,2026-06-23 12:00:00+00:00,1,43.77,42.44757209408634,42.44757209408634,46.41485581182733,SL,13,-1.0463374976631812,True,0.6612139529568315,43.75
LTC/USDT:USDT,2026-06-30 20:00:00+00:00,2026-07-01 00:00:00+00:00,2026-07-03 00:00:00+00:00,1,41.91,43.19,40.67001632608061,44.38996734783878,TIMEOUT,13,0.9849532906667917,True,0.6199918369596943,41.82
LTC/USDT:USDT,2026-07-01 00:00:00+00:00,2026-07-01 04:00:00+00:00,2026-07-01 12:00:00+00:00,1,42.82,41.30601414926986,41.30601414926986,45.81797170146028,SL,13,-1.0395961428378537,True,0.7519929253650683,41.82
LTC/USDT:USDT,2026-07-05 16:00:00+00:00,2026-07-05 20:00:00+00:00,2026-07-07 20:00:00+00:00,-1,45.63,43.88,47.19581460708219,42.52837078583562,TIMEOUT,13,1.0768311857442627,True,0.7779073035410938,45.69
LTC/USDT:USDT,2026-07-07 16:00:00+00:00,2026-07-07 20:00:00+00:00,2026-07-09 20:00:00+00:00,1,43.99,43.77,42.371248506016414,47.22750298796718,TIMEOUT,13,-0.17395258076769,True,0.8093757469917939,43.72
LTC/USDT:USDT,2026-07-07 20:00:00+00:00,2026-07-08 00:00:00+00:00,2026-07-10 00:00:00+00:00,1,43.89,44.35,42.35174870521423,46.93650258957155,TIMEOUT,13,0.25909550757472694,True,0.7641256473928879,43.72
LTC/USDT:USDT,2026-07-08 04:00:00+00:00,2026-07-08 08:00:00+00:00,2026-07-10 08:00:00+00:00,1,43.83,44.57,42.37740236080535,46.7351952783893,TIMEOUT,13,0.4671892488936254,True,0.7262988195973246,43.72
LTC/USDT:USDT,2026-07-13 04:00:00+00:00,2026-07-13 08:00:00+00:00,2026-07-15 08:00:00+00:00,1,43.88,45.39,42.699708683387634,46.24058263322474,TIMEOUT,13,1.2272970067742495,True,0.5901456583061849,43.55
LTC/USDT:USDT,2026-07-24 08:00:00+00:00,2026-07-24 12:00:00+00:00,2026-07-26 12:00:00+00:00,1,46.33,47.73,44.932996410594725,49.124007178810544,TIMEOUT,13,0.9557155114886917,True,0.6985017947026373,46.16
LTC/USDT:USDT,2026-08-01 00:00:00+00:00,2026-08-01 04:00:00+00:00,2026-08-03 04:00:00+00:00,1,44.57,44.12,43.45116410197748,46.77767179604504,TIMEOUT,13,-0.457974222051365,True,0.5544179490112606,44.3
LTC/USDT:USDT,2026-08-04 20:00:00+00:00,2026-08-05 00:00:00+00:00,2026-08-06 12:00:00+00:00,-1,44.81,45.714839673103334,45.714839673103334,43.00032065379334,SL,13,-1.0693316195838771,True,0.4524198365516654,45.02
LTC/USDT:USDT,2026-08-05 16:00:00+00:00,2026-08-05 20:00:00+00:00,2026-08-07 20:00:00+00:00,-1,45.24,45.52,46.12299078419168,43.444018431616634,TIMEOUT,13,-0.38883305029542764,True,0.4464953920958393,45.31
LTC/USDT:USDT,2026-08-05 20:00:00+00:00,2026-08-06 00:00:00+00:00,2026-08-08 00:00:00+00:00,-1,45.29,45.56,46.16459201296612,43.570815974067756,TIMEOUT,13,-0.3812131771810717,True,0.4322960064830612,45.31
LTC/USDT:USDT,2026-08-06 00:00:00+00:00,2026-08-06 04:00:00+00:00,2026-08-07 08:00:00+00:00,-1,44.93,45.8386464112373,45.8386464112373,43.142707177525395,SL,13,-1.069226047912682,True,0.4493232056186524,45.31
LTC/USDT:USDT,2026-08-07 08:00:00+00:00,2026-08-07 12:00:00+00:00,2026-08-09 12:00:00+00:00,-1,45.69,46.42,46.52159982844476,43.996800343110486,TIMEOUT,13,-0.9547452667046158,True,0.4207999142223776,45.82
LTC/USDT:USDT,2026-08-08 20:00:00+00:00,2026-08-09 00:00:00+00:00,2026-08-11 00:00:00+00:00,-1,45.98,45.2,46.63041150004179,44.679176999916415,TIMEOUT,13,1.100269598483441,True,0.32520575002089536,46.05
LTC/USDT:USDT,2026-08-09 00:00:00+00:00,2026-08-09 04:00:00+00:00,2026-08-11 04:00:00+00:00,-1,45.92,45.13,46.56368996670289,44.63262006659423,TIMEOUT,13,1.1274247503301102,True,0.3218449833514423,46.05
LTC/USDT:USDT,2026-08-14 04:00:00+00:00,2026-08-14 08:00:00+00:00,2026-08-14 12:00:00+00:00,1,44.61,44.0297312253194,44.0297312253194,45.80053754936119,SL,13,-1.1076294343675086,True,0.2951343873402976,44.6
LTC/USDT:USDT,2026-08-28 00:00:00+00:00,2026-08-28 04:00:00+00:00,2026-08-30 04:00:00+00:00,1,49.32,48.88,47.339880175328226,53.28023964934355,TIMEOUT,13,-0.2570793916900346,True,0.9900599123358884,49.15
LTC/USDT:USDT,2026-09-07 00:00:00+00:00,2026-09-07 04:00:00+00:00,2026-09-07 04:00:00+00:00,-1,54.13,54.49,56.685155386389496,48.989689227221,TIMEOUT,1,-0.17055009739183477,True,1.282577693194748,55.34
