signal_time,entry_time,entry_price,qty,notional,entry_fee,layer,exit_time,exit_price,exit_fee,net_pnl
1610200799999,1610200800000,16.16,3.094059405940594,50.0,0.0375,1,1610305200000,16.432,0.03813118811881188,0.7659529702970304
1610215199999,1610215200000,16.853,2.9668308313059986,50.0,0.0375,2,1610305200000,16.432,0.036563223165015125,-1.3230990031448528
1610240399999,1610240400000,18.307,2.7311957174851154,50.0,0.0375,3,1610305200000,16.432,0.03365925602228656,-5.1921512263068745
1610636399999,1610636400000,16.41,3.0469226081657528,50.0,0.0375,1,1610823600000,20.744,0.04740402193784278,13.120458561852532
1610643599999,1610643600000,16.607,3.010778587342687,50.0,0.0375,2,1610823600000,20.744,0.04684169326187753,12.371249322574828
1610654399999,1610654400000,17.268,2.8955293027565436,50.0,0.0375,3,1610823600000,20.744,0.045048644892286306,9.982311211489455
1610902799999,1610902800000,21.733,2.300648782956794,50.0,0.0375,1,1610974800000,21.577,0.03723082409239406,-0.43363203423365204
1611046799999,1611046800000,22.611,2.2113130777055416,50.0,0.0375,1,1611061200000,21.821,0.036189797001459474,-1.8206271283888342
1611183599999,1611183600000,21.489,2.326771836753688,50.0,0.0375,1,1611198000000,21.392,0.03733072734887617,-0.3005275955139822
1611323999999,1611324000000,21.621,2.3125664862864808,50.0,0.0375,1,1611568800000,24.204,0.041980019425558485,5.893879214652424
1611338399999,1611338400000,22.299,2.2422530158303062,50.0,0.0375,2,1611568800000,24.204,0.040703618996367555,4.193288376160369
1611381599999,1611381600000,23.411,2.135748152577848,50.0,0.0375,3,1611568800000,24.204,0.03877023621374568,1.617378048780496
1611827999999,1611828000000,23.72,2.1079258010118043,50.0,0.0375,1,1611867600000,23.292,0.036823355817875214,-0.9765155986509256
1611835199999,1611835200000,24.355,2.0529665366454526,50.0,0.0375,2,1611867600000,23.292,0.035863272428659415,-2.255666700882769
1612029599999,1612029600000,23.761,2.104288540044611,50.0,0.0375,1,1612069200000,23.274,0.036731408610748716,-1.0990199276124657
1612231199999,1612231200000,23.21,2.1542438604049976,50.0,0.0375,1,1612281600000,22.815,0.03686180525635502,-0.9252881301163342
1612306799999,1612306800000,23.845,2.0968756552736423,50.0,0.0375,1,1612429200000,24.049,0.037820821975256866,0.35244181170055955
1612321199999,1612321200000,24.137,2.0715084724696524,50.0,0.0375,2,1612429200000,24.049,0.03736328044081701,-0.2571560260181428
1612349999999,1612350000000,24.809,2.0153976379539684,50.0,0.0375,3,1612429200000,24.049,0.03635122334636624,-1.6055534281913766
1612493999999,1612494000000,25.8,1.937984496124031,50.0,0.0375,1,1612576800000,25.04,0.036395348837209296,-1.5467635658914802
1612508399999,1612508400000,26.63,1.877581674802854,50.0,0.0375,2,1612576800000,25.04,0.0352609838527976,-3.0581158467893403
1612781999999,1612782000000,25.305,1.9758940920766648,50.0,0.0375,1,1612810800000,25.153,0.03727474807350326,-0.375110650069152
1612861199999,1612861200000,26.186,1.9094172458565646,50.0,0.0375,1,1612990800000,26.162,0.03746563048957458,-0.12079164439013682
1612893599999,1612893600000,26.676,1.8743439796071377,50.0,0.0375,2,1612990800000,26.162,0.03677744039586145,-1.0376902459139274
1612907999999,1612908000000,26.907,1.8582524993496117,50.0,0.0375,3,1612990800000,26.162,0.0364617014159884,-1.4583598134314486
1613033999999,1613034000000,27.724,1.8034915596595007,50.0,0.0375,1,1613098800000,27.406,0.03706986726302121,-0.6480801832347453
1613041199999,1613041200000,27.94,1.7895490336435218,50.0,0.0375,2,1613098800000,27.406,0.03678328561202577,-1.0299024695776695
1613138399999,1613138400000,28.519,1.7532171534766297,50.0,0.0375,1,1613354400000,31.335,0.04120279462814265,4.858356709562054
1613145599999,1613145600000,28.484,1.7553714365959836,50.0,0.0375,2,1613354400000,31.335,0.04125342297430136,4.9258105427608445
1613170799999,1613170800000,31.182,1.6034891924828427,50.0,0.0375,3,1613354400000,31.335,0.037684000384837414,0.17014984606504555
1613613599999,1613613600000,33.232,1.5045739046701974,50.0,0.0375,1,1613638800000,32.486,0.03665819090033702,-1.196570323784313
1613728799999,1613728800000,33.928,1.4737090308889413,50.0,0.0375,1,1613862000000,33.934,0.037506631690639,-0.06616437750530793
1613757599999,1613757600000,35.062,1.4260452911984485,50.0,0.0375,2,1613862000000,33.934,0.03629356568364611,-1.682372654155499
1613822399999,1613822400000,36.015,1.3883104262113009,50.0,0.0375,3,1613862000000,33.934,0.035333194502290714,-2.9619071914480117
1613937599999,1613937600000,35.272,1.417555001134044,50.0,0.0375,1,1613941200000,34.481,0.03665903549557723,-1.1954450413926012
1614653999999,1614654000000,29.014,1.7233059902116221,50.0,0.0375,1,1614830400000,29.251,0.037806317639760126,0.33311720204039974
1614754799999,1614754800000,30.559,1.6361791943453647,50.0,0.0375,2,1614830400000,29.251,0.0358949082103472,-2.2135172944140806
1614761999999,1614762000000,31.04,1.6108247422680413,50.0,0.0375,3,1614830400000,29.251,0.035338675902061856,-2.9546041398195855
1615085999999,1615086000000,28.791,1.7366538154284326,50.0,0.0375,1,1615122000000,28.336,0.03690736688548505,-0.864584852905422
1615179599999,1615179600000,29.089,1.7188628003712745,50.0,0.0375,1,1615345200000,30.191,0.03892064010450686,1.8177661659046378
1615211999999,1615212000000,29.889,1.672856234735187,50.0,0.0375,2,1615345200000,30.191,0.037878901937167524,0.42982368095285894
1615229999999,1615230000000,30.885,1.618908855431439,50.0,0.0375,3,1615345200000,30.191,0.03665735794074793,-1.1976801036101734
1615499999999,1615500000000,30.33,1.6485328058028357,50.0,0.0375,1,1615503600000,30.021,0.0371179525222552,-0.5840145895153256
1615989599999,1615989600000,29.954,1.669226146758363,50.0,0.0375,1,1616097600000,29.166,0.03651348734726581,-1.3893636909928504
1616155199999,1616155200000,30.487,1.6400432971430448,50.0,0.0375,1,1616187600000,30.015,0.03691942467281137,-0.8485198609243184
1616209199999,1616209200000,30.752,1.625910509885536,50.0,0.0375,1,1616274000000,30.26,0.036900039021852245,-0.8743480098855286
1616230799999,1616230800000,31.09,1.608234158893535,50.0,0.0375,2,1616274000000,30.26,0.036498874236088774,-1.40883322611772
1616237999999,1616238000000,31.315,1.596678907871627,50.0,0.0375,3,1616274000000,30.26,0.036236627814146584,-1.7582328756187082
1617008399999,1617008400000,27.605,1.8112660749864156,50.0,0.0375,1,1617141600000,27.756,0.03770512588299221,0.19829605143995507
1617037199999,1617037200000,28.449,1.7575310204225103,50.0,0.0375,2,1617141600000,27.756,0.0365865232521354,-1.292055520404935
1617105599999,1617105600000,28.627,1.746602857442275,50.0,0.0375,3,1617141600000,27.756,0.03635903168337584,-1.5951501205155894
1617217199999,1617217200000,28.297,1.7669717637912146,50.0,0.0375,1,1617465600000,31.101,0.041215941619252926,4.875872884051313
1617224399999,1617224400000,28.487,1.7551865763330643,50.0,0.0375,2,1617465600000,31.101,0.04094104328290097,4.509616667251729
1617375599999,1617375600000,30.906,1.6178088397075003,50.0,0.0375,3,1617465600000,31.101,0.03773660454280722,0.2402361192001564
1617548399999,1617548400000,31.28,1.59846547314578,50.0,0.0375,1,1617552000000,31.148,0.03734175191815857,-0.28583919437340055
1617559199999,1617559200000,31.451,1.5897745699659789,50.0,0.0375,1,1617562800000,31.08,0.03705764522590697,-0.6643640106832848
1617634799999,1617634800000,31.561,1.584233706156332,50.0,0.0375,1,1617789600000,32.656,0.038801051931180885,1.6584348563099964
1617713999999,1617714000000,33.773,1.4804725668433363,50.0,0.0375,2,1617789600000,32.656,0.036259734107127,-1.7274475912711353
1617929999999,1617930000000,33.134,1.5090239633005371,50.0,0.0375,1,1617958800000,32.179,0.03641916158628599,-1.515037046538302
1618030799999,1618030800000,32.897,1.5198954311943338,50.0,0.0375,1,1618059600000,32.117,0.036610861172751315,-1.2596292975043384
1618131599999,1618131600000,32.841,1.5224871349837092,50.0,0.0375,1,1618221600000,32.772,0.03742121129076459,-0.17997282360464908
1618156799999,1618156800000,33.783,1.4800343367966136,50.0,0.0375,2,1618221600000,32.772,0.03637776396412397,-1.5701924784655064
1618163999999,1618164000000,33.972,1.4718003061344636,50.0,0.0375,3,1618221600000,32.772,0.03617537972447898,-1.8398357470858415
1618315199999,1618315200000,33.726,1.4825357291110717,50.0,0.0375,1,1618570800000,40.047,0.04452833125778331,9.289080012453306
1618325999999,1618326000000,34.373,1.4546300875687315,50.0,0.0375,2,1618570800000,40.047,0.04369017833764874,8.172380938527334
1618343999999,1618344000000,35.74,1.3989927252378287,50.0,0.0375,3,1618570800000,40.047,0.042019096250699495,5.945942571348626
1618624799999,1618624800000,43.384,1.1524986170016596,50.0,0.0375,1,1618660800000,41.68,0.03602710676747188,-2.0373847501383
1618793999999,1618794000000,40.846,1.2241100719776723,50.0,0.0375,1,1618812000000,40.237,0.036940887724624207,-0.8199239215590225
1619103599999,1619103600000,40.227,1.2429462798617845,50.0,0.0375,1,1619114400000,38.332,0.03573346259974645,-2.4286166629378187
1619503199999,1619503200000,35.762,1.3981320955203846,50.0,0.0375,1,1619593200000,35.402,0.037122504334209494,-0.5779500587215466
1619524799999,1619524800000,36.941,1.3535096505238082,50.0,0.0375,2,1619593200000,35.402,0.035937711485882894,-2.156489063642026
1619697599999,1619697600000,36.898,1.3550869965851806,50.0,0.0375,1,1619715600000,35.524,0.03610358285001897,-1.9354931161580624
1619765999999,1619766000000,37.584,1.3303533418475946,50.0,0.0375,1,1619996400000,39.27,0.039182231800766285,2.1662935025542764
1619773199999,1619773200000,37.89,1.3196093956188968,50.0,0.0375,2,1619996400000,39.27,0.038865795724465566,1.7446951702296132
1619787599999,1619787600000,38.574,1.2962098823041428,50.0,0.0375,3,1619996400000,39.27,0.038176621558562766,0.8264854565251284
1620021599999,1620021600000,40.513,1.23417174734036,50.0,0.0375,1,1620050400000,39.63,0.03668266976032385,-1.1639563226618592
1620028799999,1620028800000,40.848,1.2240501370936154,50.0,0.0375,2,1620050400000,39.63,0.03638183019976499,-1.5647748971797797
1620064799999,1620064800000,41.405,1.2075836251660428,50.0,0.0375,1,1620090000000,39.536,0.035807269653423505,-2.3302810650887538
1620133199999,1620133200000,43.439,1.1510393885678767,50.0,0.0375,1,1620284400000,46.197,0.039880924975252655,3.0971857086949526
1620151199999,1620151200000,45.608,1.096298894930714,50.0,0.0375,2,1620284400000,46.197,0.03798429003683565,0.5702357590773574
1620403199999,1620403200000,49.019,1.0200126481568372,50.0,0.0375,1,1620468000000,48.2,0.03687345723086967,-0.9097638160713103
1620554399999,1620554400000,49.065,1.0190563538163662,50.0,0.0375,1,1620565200000,47.847,0.03656909202078876,-1.3152797309691153
1620572399999,1620572400000,50.044,0.9991207737191272,50.0,0.0375,1,1620658800000,49.148,0.03682859084006075,-0.9695408040923951
1620777599999,1620777600000,48.828,1.0240026214467108,50.0,0.0375,1,1620802800000,48.339,0.03712444703858442,-0.5753617289260319
1620791999999,1620792000000,49.695,1.006137438374082,50.0,0.0375,2,1620802800000,48.339,0.03647675822517356,-1.4382991246604235
1622012399999,1622012400000,31.372,1.5937778911130944,50.0,0.0375,1,1622149200000,31.158,0.03724419864847635,-0.41581266734667677
1622073599999,1622073600000,34.011,1.4701126106259739,50.0,0.0375,2,1622149200000,31.158,0.03435432654141307,-4.266085604657318
1622116799999,1622116800000,34.755,1.4386419220256077,50.0,0.0375,3,1622149200000,31.158,0.03361890375485541,-5.245913897280969
1622476799999,1622476800000,30.185,1.656451880072884,50.0,0.0375,1,1622685600000,30.21,0.03753105847275137,-0.03361976147092207
1622505599999,1622505600000,32.097,1.557777985481509,50.0,0.0375,2,1622685600000,30.21,0.03529535470604729,-3.01232241330966
1622645999999,1622646000000,31.284,1.598261091931978,50.0,0.0375,3,1622685600000,30.21,0.03621260069044879,-1.7902450134253898
1622703599999,1622703600000,32.011,1.5619630751929023,50.0,0.0375,1,1622772000000,29.928,0.03505982318577989,-3.326128908812598
1622714399999,1622714400000,32.286,1.548658861426005,50.0,0.0375,2,1622772000000,29.928,0.03476119680356811,-3.7239987920460877
1623679199999,1623679200000,24.104,2.0743445071357454,50.0,0.0375,1,1623790800000,24.602,0.03827476767341521,0.9572487968801952
1623686399999,1623686400000,24.784,2.0174306003873466,50.0,0.0375,2,1623790800000,24.602,0.03722462072304713,-0.4418969899935433
1623718799999,1623718800000,25.35,1.972386587771203,50.0,0.0375,3,1623790800000,24.602,0.03639349112426035,-1.5492386587771194
1624895999999,1624896000000,19.266,2.5952455102252676,50.0,0.0375,1,1625025600000,19.08,0.037137963251323576,-0.5573536281532213
1624960799999,1624960800000,19.715,2.53613999492772,50.0,0.0375,2,1625025600000,19.08,0.03629216332741567,-1.6842410601065212
1624975199999,1624975200000,20.375,2.4539877300613497,50.0,0.0375,3,1625025600000,19.08,0.03511656441717791,-3.2505306748466283
1625421599999,1625421600000,19.451,2.570561924836769,50.0,0.0375,1,1625461200000,18.564,0.03578993367950233,-2.353378361009723
1625435999999,1625436000000,19.854,2.5183842046942684,50.0,0.0375,2,1625461200000,18.564,0.0350634632819583,-3.321279087337557
1625547599999,1625547600000,19.541,2.5587226856353307,50.0,0.0375,1,1625698800000,20.127,0.03862455862033672,1.4232869351619626
1625626799999,1625626800000,20.646,2.4217766153250024,50.0,0.0375,2,1625698800000,20.127,0.03655732345248474,-1.3309593868061627
1626969599999,1626969600000,15.9,3.144654088050314,50.0,0.0375,1,1627056000000,15.614,0.036825471698113205,-0.973696540880509
1627084799999,1627084800000,16.496,3.0310378273520855,50.0,0.0375,1,1627156800000,16.414,0.03731359117361785,-0.3233586930164861
1627109999999,1627110000000,17.087,2.926201205594897,50.0,0.0375,2,1627156800000,16.414,0.03602299994147599,-2.0428564113068277
1627261199999,1627261200000,17.737,2.818966003270001,50.0,0.0375,1,1627344000000,18.019,0.038096211309691604,0.7193522016124462
1627437599999,1627437600000,19.944,2.5070196550340955,50.0,0.0375,1,1627495200000,18.672,0.03510830324909747,-3.261537304452466
1627603199999,1627603200000,19.364,2.58211113406321,50.0,0.0375,1,1627646400000,19.07,0.03693064449493906,-0.8335713179095222
1627660799999,1627660800000,20.483,2.4410486745105695,50.0,0.0375,1,1627754400000,21.285,0.03896829077771811,1.8812527461797557
1627768799999,1627768800000,23.262,2.1494282520849453,50.0,0.0375,1,1627862400000,22.066,0.0355719628578798,-2.643788152351482
1627779599999,1627779600000,23.481,2.12938120182275,50.0,0.0375,2,1627862400000,22.066,0.0352401941995656,-3.0858145947787663
1627927199999,1627927200000,23.707,2.1090817058252838,50.0,0.0375,1,1627966800000,22.727,0.03594982494621842,-2.1403498966549876
1627952399999,1627952400000,24.138,2.071422653078134,50.0,0.0375,2,1627966800000,22.727,0.03530791697738006,-2.995585280470634
1628092799999,1628092800000,24.661,2.0274928024005514,50.0,0.0375,1,1628154000000,23.295,0.035422833623940636,-2.8424780017030913
1628272799999,1628272800000,24.33,2.055076037813399,50.0,0.0375,1,1628287200000,23.619,0.03640413070283601,-1.5350631935881567
1628337599999,1628337600000,24.87,2.010454362685967,50.0,0.0375,1,1628434800000,23.827,0.0359273220747889,-2.170331222356259
1628510399999,1628510400000,24.174,2.0683378836766773,50.0,0.0375,1,1628571600000,23.807,0.03693068999751799,-0.8335106933068687
1628524799999,1628524800000,24.619,2.0309517039684795,50.0,0.0375,2,1628571600000,23.807,0.03626315041228319,-1.7228959340346948
1628600399999,1628600400000,25.353,1.972153196860332,50.0,0.0375,1,1628614800000,23.93,0.03539521950065081,-2.879269218632905
1628665199999,1628665200000,25.79,1.938735944164405,50.0,0.0375,1,1628748000000,25.359,0.03687330360604886,-0.9099684955409003
1628690399999,1628690400000,26.482,1.8880749188127786,50.0,0.0375,2,1628748000000,25.359,0.03590976889962994,-2.1937179027263753
1628837999999,1628838000000,26.032,1.9207129686539643,50.0,0.0375,1,1629010800000,26.921,0.03878063537185003,1.6312331937615254
1628888399999,1628888400000,27.196,1.8385056625974407,50.0,0.0375,2,1629010800000,26.921,0.037120808207089274,-0.5802098654213935
1628899199999,1628899200000,27.778,1.7999856001151993,50.0,0.0375,3,1629010800000,26.921,0.03634305925552596,-1.6164307185542541
1629068399999,1629068400000,27.767,1.8006986710843809,50.0,0.0375,1,1629162000000,27.436,0.037052976554903305,-0.6705842366838283
1629089999999,1629090000000,28.503,1.7542013121425815,50.0,0.0375,2,1629162000000,27.436,0.036096200399957895,-1.945329000456097
1629111599999,1629111600000,30.204,1.6554098794861607,50.0,0.0375,3,1629162000000,27.436,0.03406336909018673,-4.653737915507881
1629457199999,1629457200000,27.893,1.7925644426917147,50.0,0.0375,1,1629576000000,27.825,0.03740857921342272,-0.19680296131646316
1629464399999,1629464400000,28.169,1.7750008875004437,50.0,0.0375,2,1629576000000,27.825,0.03704204977102488,-0.6851423550711772
1629691199999,1629691200000,28.873,1.7317216776919613,50.0,0.0375,1,1629770400000,28.183,0.03660383403179441,-1.2689917916392504
1630411199999,1630411200000,26.938,1.856114039646596,50.0,0.0375,1,1630753200000,30.364,0.042269285024871935,6.279277414804371
1630490399999,1630490400000,27.596,1.811856790839252,50.0,0.0375,2,1630753200000,30.364,0.04126141469778229,4.936458182345271
1630497599999,1630497600000,27.901,1.7920504641410702,50.0,0.0375,3,1630753200000,30.364,0.04081036521988459,4.335509927959572
1630846799999,1630846800000,30.905,1.6178611875101117,50.0,0.0375,1,1631005200000,32.928,0.03995469988674971,3.1954784824461995
1630886399999,1630886400000,33.623,1.4870772982779645,50.0,0.0375,2,1631005200000,32.928,0.03672486095827261,-1.1077435832614584
1630936799999,1630936800000,35.25,1.4184397163120568,50.0,0.0375,3,1631005200000,32.928,0.035029787234042556,-3.3661468085106407
1631660399999,1631660400000,30.082,1.6621235290206768,50.0,0.0375,1,1631800800000,30.119,0.037546123927930324,-0.01354755335416371
1631703599999,1631703600000,31.303,1.597290994473373,50.0,0.0375,2,1631800800000,30.119,0.036081605596907644,-1.9647741430533814
1631761199999,1631761200000,31.897,1.5675455371978557,50.0,0.0375,3,1631800800000,30.119,0.03540967802614666,-2.860005643163936
1632974399999,1632974400000,24.266,2.0604961674771287,50.0,0.0375,1,1633014000000,23.664,0.036569685980384084,-1.3144883788016046
1633075199999,1633075200000,24.462,2.0439865914479602,50.0,0.0375,1,1633316400000,26.715,0.040953826342899194,4.52664796418936
1633186799999,1633186800000,27.011,1.8510977009366556,50.0,0.0375,2,1633316400000,26.715,0.03708905631039207,-0.6225139757876391
1633287599999,1633287600000,27.852,1.7952032170041647,50.0,0.0375,3,1633316400000,26.715,0.035969140456699696,-2.114615198190441
1633471199999,1633471200000,27.306,1.8310993920750018,50.0,0.0375,1,1633492800000,26.639,0.03658399252911448,-1.2954272870431454
1633777199999,1633777200000,27.283,1.8326430377890994,50.0,0.0375,1,1633863600000,26.952,0.03704504636586886,-0.6811498918740554
1633802399999,1633802400000,27.633,1.8094307530850795,50.0,0.0375,2,1633863600000,26.952,0.0365758332428618,-1.306298176093796
1634374799999,1634374800000,27.726,1.8033614657721995,50.0,0.0375,1,1634457600000,27.221,0.03681697684483878,-0.9850145170598011
1634396399999,1634396400000,28.509,1.7538321231891683,50.0,0.0375,2,1634457600000,27.221,0.035805798168999266,-2.3322415728366495
1634806799999,1634806800000,28.106,1.7789795773144523,50.0,0.0375,1,1634925600000,28.33,0.03779886856898883,0.3231925567494415
1634864399999,1634864400000,29.54,1.6926201760324984,50.0,0.0375,2,1634925600000,28.33,0.035963947190250506,-2.121534360189577
1634972399999,1634972400000,29.859,1.6745369905221206,50.0,0.0375,1,1635076800000,29.744,0.03735557118456747,-0.2674273250946143
1634990399999,1634990400000,31.052,1.61020224140152,50.0,0.0375,2,1635076800000,29.744,0.03592039160118511,-2.1795649233543757
1635004799999,1635004800000,31.305,1.5971889474524836,50.0,0.0375,3,1635076800000,29.744,0.03563009103977001,-2.566342038013096
1635137999999,1635138000000,30.758,1.625593341569673,50.0,0.0375,1,1635321600000,31.6,0.03852656219520125,1.2927230314064686
1635152399999,1635152400000,31.334,1.5957107295589457,50.0,0.0375,2,1635321600000,31.6,0.037818344290547014,0.34914070977213785
1635170399999,1635170400000,32.286,1.548658861426005,50.0,0.0375,3,1635321600000,31.6,0.03670321501579632,-1.1365831939540372
1635472799999,1635472800000,31.182,1.6034891924828427,50.0,0.0375,1,1635494400000,31.119,0.03742423513565518,-0.17594405426207374
1635775199999,1635775200000,31.295,1.5976993129892954,50.0,0.0375,1,1635944400000,31.029,0.03718125898705864,-0.49966927624221424
1635850799999,1635850800000,32.345,1.545833977430824,50.0,0.0375,2,1635944400000,31.029,0.035974261864275776,-2.107791776163238
1636084799999,1636084800000,31.499,1.5873519794279185,50.0,0.0375,1,1636192800000,31.881,0.0379547763421061,0.5309136797993631
1636117199999,1636117200000,33.051,1.5128135306042176,50.0,0.0375,2,1636192800000,31.881,0.0361725061268948,-1.8436643369338328
1636131599999,1636131600000,33.441,1.4951705989653419,50.0,0.0375,3,1636192800000,31.881,0.03575065039921055,-2.4057167847851404
1636333199999,1636333200000,32.82,1.5234613040828764,50.0,0.0375,1,1636484400000,33.686,0.038489488117001834,1.2433280012187722
1636354799999,1636354800000,33.606,1.4878295542462654,50.0,0.0375,2,1636484400000,33.686,0.037589269773254774,0.04393709456643933
1636369199999,1636369200000,34.062,1.4679114555809996,50.0,0.0375,3,1636484400000,33.686,0.037086048969526164,-0.6265207562679777
1636538399999,1636538400000,34.895,1.4328700386874909,50.0,0.0375,1,1636581600000,33.456,0.03595357501074652,-2.1353535606820473
1636552799999,1636552800000,36.627,1.3651131678816173,50.0,0.0375,2,1636581600000,33.456,0.03425341960848555,-4.400527274961091
1638277199999,1638277200000,25.739,1.9425774117098566,50.0,0.0375,1,1638316800000,25.343,0.03692305450872217,-0.8436837095458202
1638367199999,1638367200000,26.6,1.8796992481203008,50.0,0.0375,1,1638392400000,25.421,0.03583787593984962,-2.2895032894736844
1638521999999,1638522000000,25.349,1.9724643970176339,50.0,0.0375,1,1638543600000,25.256,0.03736242060830802,-0.2583016095309517
1638532799999,1638532800000,25.592,1.9537355423569867,50.0,0.0375,2,1638543600000,25.256,0.037007658643326044,-0.7309628008752668
1638539999999,1638540000000,25.803,1.937759175289695,50.0,0.0375,3,1638543600000,25.256,0.0367050342983374,-1.1341593031818022
1638975599999,1638975600000,22.994,2.174480299208489,50.0,0.0375,1,1638982800000,22.295,0.03636002870313995,-1.5938217578498723
1639807199999,1639807200000,19.255,2.5967281225655676,50.0,0.0375,1,1639944000000,18.907,0.03682225396001039,-0.9779836406128254
1639814399999,1639814400000,19.419,2.574797878366548,50.0,0.0375,2,1639944000000,18.907,0.036511277614707245,-1.3923077913383808
1639886399999,1639886400000,20.121,2.4849659559664032,50.0,0.0375,3,1639944000000,18.907,0.03523743849709259,-3.089486109040307
1640069999999,1640070000000,19.128,2.613969050606441,50.0,0.0375,1,1640073600000,19.016,0.037280426599749054,-0.3675449602676778
1640077199999,1640077200000,19.232,2.5998336106489184,50.0,0.0375,1,1640102400000,18.968,0.03698523294509151,-0.7608413061564064
1640127599999,1640127600000,19.506,2.563313852148057,50.0,0.0375,1,1640386800000,21.49,0.04131421101199631,5.006800471649749
1640141999999,1640142000000,19.716,2.5360113613308988,50.0,0.0375,2,1640386800000,21.49,0.04087416311625076,4.420509991884758
1640188799999,1640188800000,20.48,2.44140625,50.0,0.0375,3,1640386800000,21.49,0.039349365234374996,2.3889709472656206
1640516399999,1640516400000,22.444,2.2277668864729994,50.0,0.0375,1,1640653200000,22.839,0.03815997594011762,0.8043079442167113
1640541599999,1640541600000,22.994,2.174480299208489,50.0,0.0375,2,1640653200000,22.839,0.03724721666521701,-0.4117916630425341
1640613599999,1640613600000,23.95,2.0876826722338206,50.0,0.0375,3,1640653200000,22.839,0.03576043841336117,-2.3926758872651335
1641142799999,1641142800000,21.936,2.2793581327498176,50.0,0.0375,1,1641416400000,24.643,0.04212766684901532,6.090594798504741
1641207599999,1641207600000,22.512,2.221037668798863,50.0,0.0375,2,1641416400000,24.643,0.041049773454157786,4.654481498756228
1641218399999,1641218400000,23.19,2.1561017680034498,50.0,0.0375,3,1641416400000,24.643,0.039849611901681764,3.055466257007333
1641495599999,1641495600000,25.612,1.9522099016086212,50.0,0.0375,1,1641506400000,24.965,0.036552690145244426,-1.3371324964860123
1641574799999,1641574800000,26.97,1.8539117538005192,50.0,0.0375,1,1641654000000,25.368,0.03527252502780868,-3.0427391546162412
1641704399999,1641704400000,27.58,1.8129079042784628,50.0,0.0375,1,1641812400000,26.908,0.03658629441624366,-1.2923604060913676
1641747599999,1641747600000,28.514,1.7535245844146736,50.0,0.0375,2,1641812400000,26.908,0.03538787963807253,-2.8890483622080354
1641995999999,1641996000000,27.126,1.8432500184325,50.0,0.0375,1,1641999600000,26.87,0.03714609599646096,-0.5465181007151813
1643464799999,1643464800000,16.619,3.008604609182261,50.0,0.0375,1,1643594400000,16.681,0.037639900114326975,0.11139358565497445
1643522399999,1643522400000,17.384,2.8762080073630925,50.0,0.0375,2,1643594400000,16.681,0.03598351932811781,-2.0954577485043715
1643993999999,1643994000000,16.958,2.9484609034084213,50.0,0.0375,1,1644159600000,17.39,0.038455301332704334,1.1977798089397438
1644004799999,1644004800000,17.102,2.9236346626125598,50.0,0.0375,2,1644159600000,17.39,0.03813150508712431,0.7663752777452914
1644019199999,1644019200000,17.497,2.8576327370406354,50.0,0.0375,3,1644159600000,17.39,0.03727067497285249,-0.3805373778362039
1644206399999,1644206400000,18.469,2.707239157507174,50.0,0.0375,1,1644310800000,18.251,0.03705736639774757,-0.6647355027343153
1644969599999,1644969600000,17.336,2.8841716658975542,50.0,0.0375,1,1644976800000,16.97,0.03670829487771112,-1.129815124596219
1645829999999,1645830000000,14.451,3.4599681682928516,50.0,0.0375,1,1645866000000,14.172,0.03677600166078472,-1.0396071206144897
1645837199999,1645837200000,14.749,3.3900603430741065,50.0,0.0375,2,1645866000000,14.172,0.03603295138653468,-2.0295977693402976
1646060399999,1646060400000,14.327,3.4899141481119567,50.0,0.0375,1,1646269200000,15.278,0.03998918126614086,3.241419173588335
1646092799999,1646092800000,15.117,3.307534563736191,50.0,0.0375,2,1646269200000,15.278,0.03789938479857115,0.45711367996295993
1646143199999,1646143200000,15.529,3.2197823427136325,50.0,0.0375,3,1646269200000,15.278,0.03689387597398416,-0.8825592439951094
1647305999999,1647306000000,13.528,3.6960378474275575,50.0,0.0375,1,1647316800000,13.221,0.036648987285629805,-1.208832606445894
1647381599999,1647381600000,13.625,3.669724770642202,50.0,0.0375,1,1647565200000,14.184,0.03903853211009174,1.9748376146788984
1647399599999,1647399600000,14.067,3.5544181417501957,50.0,0.0375,2,1647565200000,14.184,0.037811900191938586,0.34055502239283586
1647460799999,1647460800000,14.452,3.4597287572654305,50.0,0.0375,3,1647565200000,14.184,0.036804594519789645,-1.0015119014669254
1647615599999,1647615600000,14.925,3.350083752093802,50.0,0.0375,1,1647752400000,14.898,0.0374321608040201,-0.1653844221105615
1647694799999,1647694800000,15.224,3.284287966368891,50.0,0.0375,2,1647752400000,14.898,0.036696991592222804,-1.144874868628483
1647701999999,1647702000000,15.236,3.2817012339196636,50.0,0.0375,3,1647752400000,14.898,0.03666808873720136,-1.1833831058020565
1647849599999,1647849600000,14.953,3.3438106065672444,50.0,0.0375,1,1647882000000,14.8,0.03711629773289642,-0.5862193205376712
1647917999999,1647918000000,15.421,3.242331885091758,50.0,0.0375,1,1648000800000,15.32,0.0372543933597043,-0.402229913753969
1648047599999,1648047600000,15.667,3.1914214591178913,50.0,0.0375,1,1648224000000,15.896,0.0380481266356035,0.6552873875023991
1648083599999,1648083600000,15.946,3.1355825912454534,50.0,0.0375,2,1648224000000,15.896,0.037382415652828294,-0.23166154521510265
1648112399999,1648112400000,16.057,3.113906707355048,50.0,0.0375,3,1648224000000,15.896,0.03712399576508688,-0.5759629756492387
1648346399999,1648346400000,15.993,3.126367785906334,50.0,0.0375,1,1648386000000,15.678,0.03676139561057963,-1.0590672481710741
1648357199999,1648357200000,16.107,3.104240392375986,50.0,0.0375,2,1648386000000,15.678,0.03650121065375303,-1.4057203389830435
1648364399999,1648364400000,16.138,3.098277357789069,50.0,0.0375,3,1648386000000,15.678,0.03643109431156277,-1.4991386788945307
1648403999999,1648404000000,16.252,3.0765444253015017,50.0,0.0375,1,1648512000000,16.495,0.03806070022151121,0.6720395951267634
1648414799999,1648414800000,16.582,3.015317814497648,50.0,0.0375,2,1648512000000,16.495,0.03730325051260403,-0.33713590037389307
1648447199999,1648447200000,17.074,2.9284291905821713,50.0,0.0375,3,1648512000000,16.495,0.03622832962398969,-1.7692888309710697
1648558799999,1648558800000,17.456,2.864344637946838,50.0,0.0375,1,1648576800000,16.881,0.036264751374885426,-1.7207629181943163
1648717199999,1648717200000,17.838,2.803004821168292,50.0,0.0375,1,1648742400000,17.175,0.036106205852674066,-1.9319984022872547
1648825199999,1648825200000,17.278,2.8938534552610258,50.0,0.0375,1,1648832400000,17.122,0.03716141914573447,-0.5261025581664484
1648861199999,1648861200000,17.546,2.8496523424142257,50.0,0.0375,1,1648926000000,17.14,0.036632280861734874,-1.2310911318819096
1648893599999,1648893600000,17.702,2.8245396000451923,50.0,0.0375,2,1648926000000,17.14,0.03630945655858095,-1.6612007117839824
1648965599999,1648965600000,17.915,2.7909572983533355,50.0,0.0375,1,1649037600000,17.616,0.03687412782584427,-0.9088703600334881
1649008799999,1649008800000,18.163,2.752849198920883,50.0,0.0375,2,1649037600000,17.616,0.03637064361614271,-1.5796791554258705
1650376799999,1650376800000,14.309,3.494304284017052,50.0,0.0375,1,1650470400000,13.913,0.03646219162764693,-1.4577066880984035
1653213599999,1653213600000,7.322,6.828735318219066,50.0,0.0375,1,1653249600000,7.223,0.036992966402622236,-0.7505377629063105
1653224399999,1653224400000,7.362,6.791632708503124,50.0,0.0375,2,1653249600000,7.223,0.03679197229013855,-1.018328918772076
1653289199999,1653289200000,7.482,6.682705159048383,50.0,0.0375,1,1653336000000,7.182,0.03599639133921412,-2.078307939053721
1653303599999,1653303600000,7.538,6.633059166887769,50.0,0.0375,2,1653336000000,7.182,0.03572897320244097,-2.43459803661448
1653447599999,1653447600000,7.363,6.790710308298247,50.0,0.0375,1,1653458400000,7.193,0.03663418443569197,-1.228554936846399
1653875999999,1653876000000,6.928,7.2170900692840645,50.0,0.0375,1,1654095600000,7.28,0.03940531177829099,2.4635103926097
1653947999999,1653948000000,7.453,6.70870790285791,50.0,0.0375,2,1654095600000,7.28,0.03662954514960419,-1.234736012344014
1653965999999,1653966000000,7.554,6.619009796134498,50.0,0.0375,3,1654095600000,7.28,0.03613979348689436,-1.887248477627749
1654444799999,1654444800000,7.56,6.613756613756614,50.0,0.0375,1,1654563600000,7.514,0.0372718253968254,-0.37900462962963244
1654451999999,1654452000000,7.578,6.598046978094484,50.0,0.0375,2,1654563600000,7.514,0.037183293745051464,-0.4969583003431012
1654477199999,1654477200000,7.859,6.36213258684311,50.0,0.0375,3,1654563600000,7.514,0.035853798193154346,-2.2682895406540227
1654628399999,1654628400000,8.239,6.068697657482704,50.0,0.0375,1,1654851600000,8.865,0.040349253550188126,3.7211554800339797
1654725599999,1654725600000,8.89,5.624296962879639,50.0,0.0375,2,1654851600000,8.865,0.037394544431946,-0.21550196850394202
1654768799999,1654768800000,9.13,5.476451259583789,50.0,0.0375,3,1654851600000,8.865,0.03641155531215772,-1.5251711391018632
1655665199999,1655665200000,6.656,7.512019230769231,50.0,0.0375,1,1655841600000,6.788,0.038243689903846155,0.9158428485576963
1655672399999,1655672400000,6.714,7.447125409591897,50.0,0.0375,2,1655841600000,6.788,0.03791331546023235,0.47567396484957103
1655722799999,1655722800000,6.895,7.251631617113851,50.0,0.0375,3,1655841600000,6.788,0.03691805656272662,-0.850342639593903
1656107999999,1656108000000,7.325,6.8259385665529,50.0,0.0375,1,1656162000000,6.956,0.035610921501706486,-2.5918822525597265
1656997199999,1656997200000,6.492,7.701786814540974,50.0,0.0375,1,1657015200000,6.243,0.03606169131238447,-1.9913066081330855
1657004399999,1657004400000,6.519,7.6698880196349135,50.0,0.0375,2,1657015200000,6.243,0.03591233317993558,-2.1903014265991687
1657184399999,1657184400000,6.5,7.6923076923076925,50.0,0.0375,1,1657270800000,6.467,0.037309615384615386,-0.32865576923076956
1657202399999,1657202400000,6.603,7.572315614114797,50.0,0.0375,2,1657270800000,6.467,0.0367276238073603,-1.1040625473269672
1657213199999,1657213200000,6.702,7.460459564309161,50.0,0.0375,3,1657270800000,6.467,0.036185094001790506,-1.8268930916144428
1657821599999,1657821600000,6.349,7.875255945818239,50.0,0.0375,1,1657832400000,6.277,0.037074736178925816,-0.6415931642778346
1657915199999,1657915200000,6.398,7.814942169427947,50.0,0.0375,1,1657933200000,6.214,0.03642153798061895,-1.5118708971553532
1657990799999,1657990800000,6.502,7.689941556444171,50.0,0.0375,1,1658080800000,6.344,0.036588741925561365,-1.2890995078437428
1658012399999,1658012400000,6.583,7.595321282090232,50.0,0.0375,2,1658080800000,6.344,0.03613853866018533,-1.8889203250797437
1658123999999,1658124000000,6.733,7.42611020347542,50.0,0.0375,1,1658340000000,7.09,0.039488341006980544,2.5741330016337485
1658235599999,1658235600000,7.134,7.008690776562938,50.0,0.0375,2,1658340000000,7.09,0.03726871320437342,-0.3831511073731434
1658451599999,1658451600000,7.108,7.034327518289252,50.0,0.0375,1,1658455200000,7.04,0.03714124929656725,-0.5529755205402352
1658480399999,1658480400000,7.17,6.97350069735007,50.0,0.0375,1,1658505600000,6.958,0.036391213389121345,-1.5522733612273343
1658642399999,1658642400000,7.036,7.106310403638432,50.0,0.0375,1,1658660400000,6.976,0.03718021603183627,-0.5010588402501369
1658977199999,1658977200000,6.931,7.213966238638003,50.0,0.0375,1,1659016800000,6.749,0.03651529360842591,-1.3869571490405463
1659023999999,1659024000000,7.067,7.075137965190321,50.0,0.0375,1,1659247200000,7.809,0.041437314277628416,5.170815055893593
1659041999999,1659042000000,7.245,6.901311249137336,50.0,0.0375,2,1659247200000,7.809,0.0404192546583851,3.814420289855073
1659049199999,1659049200000,7.283,6.865302759851709,50.0,0.0375,3,1659247200000,7.809,0.040208361938761504,3.533440889743241
1659743999999,1659744000000,7.875,6.349206349206349,50.0,0.0375,1,1659834000000,7.682,0.03658095238095238,-1.29947777777778
1659772799999,1659772800000,7.947,6.291682395872656,50.0,0.0375,2,1659834000000,7.682,0.03624952812382031,-1.7410453630300737
1659891599999,1659891600000,7.947,6.291682395872656,50.0,0.0375,1,1660053600000,8.421,0.03973669309173273,2.9050207625519007
1659923999999,1659924000000,8.386,5.962318149296447,50.0,0.0375,2,1660053600000,8.421,0.03765651085141903,0.13352462437395615
1660139999999,1660140000000,9.091,5.499945000549995,50.0,0.0375,1,1660233600000,8.861,0.03655125948740513,-1.3390386096138926
1660298399999,1660298400000,9.236,5.413598960588999,50.0,0.0375,1,1660417200000,9.152,0.037158943265482886,-0.5294012559549642
1660309199999,1660309200000,9.383,5.328786102525845,50.0,0.0375,2,1660417200000,9.152,0.03657678780773739,-1.3050263774912154
1660460399999,1660460400000,9.26,5.399568034557236,50.0,0.0375,1,1660474800000,9.202,0.037265118790496765,-0.38794006479481025
1662065999999,1662066000000,6.757,7.399733609590055,50.0,0.0375,1,1662192000000,6.819,0.03784408761284594,0.38343939618173695
1662123599999,1662123600000,7.088,7.054176072234763,50.0,0.0375,2,1662192000000,6.819,0.036076819977426636,-1.9711501834085738
1662292799999,1662292800000,7.062,7.080147267063155,50.0,0.0375,1,1662472800000,7.173,0.038089422259983005,0.7103069243840224
1662422399999,1662422400000,7.372,6.782419967444384,50.0,0.0375,2,1662472800000,7.173,0.03648772381985893,-1.4236892973412894
1662584399999,1662584400000,7.071,7.0711356243812755,50.0,0.0375,1,1662602400000,7.033,0.037298472634705135,-0.3435016263611871
1662634799999,1662634800000,7.243,6.903216899074969,50.0,0.0375,1,1662933600000,7.842,0.04060127019190943,4.056925652353998
1662649199999,1662649200000,7.395,6.76132521974307,50.0,0.0375,2,1662933600000,7.842,0.039766734279918864,2.9450456389452326
1662667199999,1662667200000,7.493,6.6728947017216065,50.0,0.0375,3,1662933600000,7.842,0.039246630188175625,2.252093620712658
1662947999999,1662948000000,8.205,6.0938452163315056,50.0,0.0375,1,1662994800000,7.854,0.035895795246800734,-2.212335466179154
1663070399999,1663070400000,7.89,6.337135614702155,50.0,0.0375,1,1663074000000,7.372,0.035038022813688216,-3.3551742712294
1663329599999,1663329600000,7.741,6.459113809585325,50.0,0.0375,1,1663351200000,7.595,0.03679272703785041,-1.0173233432373068
1663390799999,1663390800000,7.849,6.370238246910434,50.0,0.0375,1,1663495200000,7.847,0.037490444642629635,-0.08773092113645334
1663970399999,1663970400000,7.344,6.808278867102397,50.0,0.0375,1,1664143200000,7.635,0.0389859068627451,1.9047232434640562
1664002799999,1664002800000,7.604,6.575486586007364,50.0,0.0375,2,1664143200000,7.635,0.03765288006312467,0.12868720410309606
1664045999999,1664046000000,7.827,6.388143605468251,50.0,0.0375,3,1664143200000,7.635,0.03658010732081257,-1.300603679570719
1664240399999,1664240400000,7.986,6.260956674179815,50.0,0.0375,1,1664298000000,7.849,0.03685668670172803,-0.9321077510643562
1664373599999,1664373600000,8.384,5.963740458015267,50.0,0.0375,1,1664384400000,7.955,0.03558116650763359,-2.63152582299618
1665341999999,1665342000000,7.648,6.537656903765691,50.0,0.0375,1,1665345600000,7.619,0.0373578059623431,-0.2644498561715437
1665363599999,1665363600000,7.69,6.501950585175552,50.0,0.0375,1,1665374400000,7.624,0.037178153446033806,-0.5038068920676281
1665950399999,1665950400000,7.199,6.945409084595083,50.0,0.0375,1,1665954000000,7.17,0.03734893735241006,-0.2762658008056732
1666565999999,1666566000000,7.048,7.094211123723042,50.0,0.0375,1,1666580400000,6.942,0.03693601021566402,-0.8264223893303025
1666713599999,1666713600000,7.007,7.135721421435708,50.0,0.0375,1,1666879200000,7.073,0.03785321821036107,0.39560439560440275
1666976399999,1666976400000,7.14,7.002801120448179,50.0,0.0375,1,1667250000000,7.765,0.040782563025210085,4.298468137254902
1667033999999,1667034000000,7.251,6.895600606812853,50.0,0.0375,2,1667250000000,7.765,0.04015825403392635,3.466680457867875
1667062799999,1667062800000,7.33,6.8212824010914055,50.0,0.0375,3,1667250000000,7.765,0.03972544338335607,2.8900324010914047
1667530799999,1667530800000,8.04,6.218905472636816,50.0,0.0375,1,1667736000000,8.641,0.04030317164179105,3.6597590174129393
1667545199999,1667545200000,8.283,6.036460219727152,50.0,0.0375,2,1667736000000,8.641,0.03912078956899674,2.0844319690933246
1667591999999,1667592000000,8.588,5.822077317186773,50.0,0.0375,3,1667736000000,8.641,0.03773142757335818,0.23333867023755203
1667836799999,1667836800000,8.535,5.858230814294083,50.0,0.0375,1,1667840400000,8.407,0.03693760984182777,-0.8242911540714729
1667843999999,1667844000000,8.525,5.865102639296188,50.0,0.0375,1,1667880000000,8.481,0.037306451612903226,-0.33287096774193825
1669125599999,1669125600000,6.367,7.85299198994817,50.0,0.0375,1,1669561200000,7.042,0.04147557719491126,5.2217940160201
1669233599999,1669233600000,6.747,7.410701052319549,50.0,0.0375,2,1669561200000,7.042,0.0391396176078257,2.109517192826439
1669474799999,1669474800000,7.054,7.088176920895945,50.0,0.0375,3,1669561200000,7.042,0.03743620640771193,-0.15999432945846906
1669665599999,1669665600000,7.048,7.094211123723042,50.0,0.0375,1,1669831200000,7.338,0.03904299091940976,1.9807782349602703
1669769999999,1669770000000,7.602,6.577216521967903,50.0,0.0375,2,1669831200000,7.338,0.036197711128650355,-1.810082872928183
1669845599999,1669845600000,7.678,6.512112529304506,50.0,0.0375,1,1669989600000,7.573,0.03698717113831727,-0.758258986715289
1670216399999,1670216400000,7.547,6.625149065853982,50.0,0.0375,1,1670248800000,7.473,0.0371323042268451,-0.5648933351000366
1670939999999,1670940000000,7.01,7.132667617689016,50.0,0.0375,1,1670947200000,6.92,0.03701854493580599,-0.7164586305278163
1672005599999,1672005600000,5.972,8.372404554588076,50.0,0.0375,1,1672034400000,5.96,0.0374246483590087,-0.17539350301406956
1672012799999,1672012800000,5.985,8.35421888053467,50.0,0.0375,2,1672034400000,5.96,0.03734335839598998,-0.28369883040934807
1672019999999,1672020000000,6.016,8.311170212765957,50.0,0.0375,3,1672034400000,5.96,0.03715093085106383,-0.5400764627659583
1672099199999,1672099200000,6.044,8.272667107875579,50.0,0.0375,1,1672146000000,5.965,0.03700984447385837,-0.7280505459960324
1672801199999,1672801200000,5.747,8.700191404210893,50.0,0.0375,1,1672912800000,5.714,0.03728467026274578,-0.36189098660169916
1673035199999,1673035200000,5.711,8.755034144633164,50.0,0.0375,1,1673038800000,5.675,0.037263614078094906,-0.38994484328488566
1673045999999,1673046000000,5.714,8.750437521876092,50.0,0.0375,1,1673406000000,6.083,0.039921683584179204,3.1514897619880897
1673053199999,1673053200000,5.73,8.726003490401396,50.0,0.0375,2,1673406000000,6.083,0.03981020942408377,3.00296902268761
1673157599999,1673157600000,5.865,8.525149190110827,50.0,0.0375,3,1673406000000,6.083,0.03889386189258313,1.7820886615515845
1673477999999,1673478000000,6.187,8.081461128171973,50.0,0.0375,1,1673773200000,6.632,0.04019718765152739,3.518553014384993
1673643599999,1673643600000,6.485,7.710100231303007,50.0,0.0375,2,1673773200000,6.632,0.038350038550501155,1.0575346954510336
1673679599999,1673679600000,7.025,7.117437722419928,50.0,0.0375,3,1673773200000,6.632,0.035402135231316724,-2.8700551601423556
1673798399999,1673798400000,6.889,7.257947452460444,50.0,0.0375,1,1673812800000,6.736,0.03666715052983016,-1.184633110756279
1673848799999,1673848800000,6.941,7.203572972194208,50.0,0.0375,1,1673859600000,6.618,0.03575493444748595,-2.400009004466219
1673985599999,1673985600000,6.868,7.2801397786837505,50.0,0.0375,1,1674032400000,6.759,0.036904848573092605,-0.86794008444962
1674399599999,1674399600000,7.083,7.059155724975293,50.0,0.0375,1,1674421200000,6.884,0.03644642100804744,-1.4787184102781255
1674410399999,1674410400000,7.194,6.950236308034473,50.0,0.0375,2,1674421200000,6.884,0.035884070058381984,-2.227957325549069
1674694799999,1674694800000,7.025,7.117437722419928,50.0,0.0375,1,1674702000000,6.955,0.03712633451957295,-0.5728469750889701
1674763199999,1674763200000,7.132,7.0106561974200785,50.0,0.0375,1,1674914400000,7.237,0.03805208917554683,0.6605668115535664
1674845999999,1674846000000,7.449,6.7123103772318435,50.0,0.0375,2,1674914400000,7.237,0.036432742650020146,-1.4969425426231653
1674989999999,1674990000000,7.421,6.737636437137851,50.0,0.0375,1,1675011600000,7.304,0.03690877240264115,-0.8627122355477738
1675360799999,1675360800000,7.394,6.76223965377333,50.0,0.0375,1,1675375200000,7.07,0.035856775764133084,-2.2643224235866897
1675792799999,1675792800000,7.125,7.017543859649122,50.0,0.0375,1,1675796400000,6.966,0.03666315789473684,-1.189952631578946
1675803599999,1675803600000,7.16,6.983240223463687,50.0,0.0375,1,1675872000000,7.094,0.037154329608938545,-0.5355481843575433
1675814399999,1675814400000,7.2,6.944444444444445,50.0,0.0375,2,1675872000000,7.094,0.03694791666666667,-0.8105590277777764
1675929599999,1675929600000,7.446,6.715014773032501,50.0,0.0375,1,1675980000000,7.094,0.03572723609991942,-2.4369124362073493
1676487599999,1676487600000,6.954,7.190106413574921,50.0,0.0375,1,1676588400000,7.016,0.03783433994823124,0.3704522576934167
1676566799999,1676566800000,7.432,6.727664155005382,50.0,0.0375,2,1676588400000,7.016,0.03540096878363832,-2.8716092572658796
1676663999999,1676664000000,7.483,6.681812107443539,50.0,0.0375,1,1676829600000,7.899,0.03958472537752239,2.7025491113189957
1676674799999,1676674800000,7.587,6.590220113351786,50.0,0.0375,2,1676829600000,7.899,0.03904211150652432,1.9796065638592366
1676685599999,1676685600000,7.709,6.485925541574783,50.0,0.0375,3,1676829600000,7.899,0.038424244389674414,1.1564016085095417
1676879999999,1676880000000,8.375,5.970149253731344,50.0,0.0375,1,1676912400000,8.03,0.03595522388059701,-2.1331567164179135
1677135599999,1677135600000,7.942,6.295643414756988,50.0,0.0375,1,1677175200000,7.789,0.036777574918156634,-1.0375110173759752
1677715199999,1677715200000,7.533,6.6374618345944505,50.0,0.0375,1,1677718800000,7.498,0.037325766626841894,-0.3071369308376489
1678798799999,1678798800000,6.949,7.195279896387969,50.0,0.0375,1,1678881600000,6.813,0.03676608145056843,-1.0528241473593298
1679018399999,1679018400000,6.774,7.381163271331562,50.0,0.0375,1,1679155200000,7.026,0.03889503985828166,1.7836581045172664
1679036399999,1679036400000,6.943,7.201497911565606,50.0,0.0375,2,1679155200000,7.026,0.037948293244994956,0.5222760334149484
1679050799999,1679050800000,7.04,7.1022727272727275,50.0,0.0375,3,1679155200000,7.026,0.03742542613636363,-0.17435724431818614
1679245199999,1679245200000,7.218,6.927126627874758,50.0,0.0375,1,1679259600000,7.077,0.036767456359102245,-1.05099231088944
1679252399999,1679252400000,7.23,6.915629322268326,50.0,0.0375,2,1679259600000,7.077,0.03670643153526971,-1.132297717842333
1679309999999,1679310000000,7.357,6.796248470844094,50.0,0.0375,1,1679342400000,7.104,0.03621041185265733,-1.7931612749762125
1679403599999,1679403600000,7.307,6.842753524018065,50.0,0.0375,1,1679515200000,7.033,0.036093814150814287,-1.9485082797317674
1679468399999,1679468400000,7.561,6.612881893929375,50.0,0.0375,2,1679515200000,7.033,0.03488129877000397,-3.5639829387647084
1679489999999,1679490000000,7.668,6.520605112154408,50.0,0.0375,3,1679515200000,7.033,0.03439456181533646,-4.212478808033387
1679583599999,1679583600000,7.508,6.659563132658498,50.0,0.0375,1,1679648400000,7.342,0.03667088438998402,-1.1796583644112943
1680145199999,1680145200000,7.512,6.656017039403621,50.0,0.0375,1,1680195600000,7.214,0.0360123801916933,-2.057005457933967
1680249599999,1680249600000,7.508,6.659563132658498,50.0,0.0375,1,1680361200000,7.478,0.03735015982951519,-0.2746370538092705
1680267599999,1680267600000,7.595,6.583278472679394,50.0,0.0375,2,1680361200000,7.478,0.03692231731402238,-0.8446658986175123
1680641999999,1680642000000,7.457,6.70510929328148,50.0,0.0375,1,1680652800000,7.368,0.03705243395467346,-0.6713071610567226
1680656399999,1680656400000,7.513,6.65513110608279,50.0,0.0375,1,1680706800000,7.283,0.03635198988420072,-1.604532144283246
1680674399999,1680674400000,7.59,6.587615283267457,50.0,0.0375,2,1680706800000,7.283,0.03598320158102767,-2.095881093544135
1681145999999,1681146000000,7.289,6.859651529702291,50.0,0.0375,1,1681261200000,7.262,0.03736109205652353,-0.2600716833584883
1681178399999,1681178400000,7.39,6.765899864682003,50.0,0.0375,2,1681261200000,7.262,0.036850473612990535,-0.940385656292284
1681376399999,1681376400000,7.367,6.787023211619384,50.0,0.0375,1,1681693200000,7.928,0.04035564001628886,3.7296643817021873
1681390799999,1681390800000,7.435,6.724949562878279,50.0,0.0375,2,1681693200000,7.928,0.03998655010087425,3.237913584398116
1681397999999,1681398000000,7.435,6.724949562878279,50.0,0.0375,3,1681693200000,7.928,0.03998655010087425,3.237913584398116
1681700399999,1681700400000,8.235,6.071645415907711,50.0,0.0375,1,1681732800000,7.981,0.03634335154826958,-1.616041287188827
1681707599999,1681707600000,8.277,6.040836051709557,50.0,0.0375,2,1681732800000,7.981,0.03615893439652048,-1.861746405702546
1681801199999,1681801200000,8.379,5.967299200381907,50.0,0.0375,1,1681887600000,8.402,0.037602935911206586,0.062144945697569655
1682513999999,1682514000000,7.489,6.676458806249165,50.0,0.0375,1,1682517600000,7.466,0.03738483108559221,-0.22844338362931751
1682769599999,1682769600000,7.14,7.002801120448179,50.0,0.0375,1,1682773200000,7.126,0.0374264705882353,-0.1729656862745074
1682776799999,1682776800000,7.2,6.944444444444445,50.0,0.0375,1,1682820000000,7.122,0.03709375,-0.6162604166666611
1683151199999,1683151200000,7.088,7.054176072234763,50.0,0.0375,1,1683187200000,7.066,0.037383606094808126,-0.23007547968397404
1683302399999,1683302400000,7.139,7.003782042302843,50.0,0.0375,1,1683363600000,7.06,0.037085025913993555,-0.6278838072559253
1684115999999,1684116000000,6.63,7.541478129713424,50.0,0.0375,1,1684202400000,6.584,0.03723981900452488,-0.42164781297134935
1684130399999,1684130400000,6.666,7.500750075007501,50.0,0.0375,2,1684202400000,6.584,0.03703870387038704,-0.689600210021004
1684353599999,1684353600000,6.774,7.381163271331562,50.0,0.0375,1,1684414800000,6.662,0.03687998228520815,-0.9010702686743443
1684814399999,1684814400000,6.623,7.549448890231013,50.0,0.0375,1,1684821600000,6.568,0.03718858523327797,-0.4899082741959887
1685217599999,1685217600000,6.42,7.788161993769471,50.0,0.0375,1,1685224800000,6.413,0.037459112149532715,-0.12947624610591504
1685231999999,1685232000000,6.435,7.77000777000777,50.0,0.0375,1,1685426400000,6.564,0.038251748251748256,0.9265792540792589
1685314799999,1685314800000,6.644,7.525586995785671,50.0,0.0375,2,1685426400000,6.564,0.037048464780252865,-0.6765954244431057
1685401199999,1685401200000,6.644,7.525586995785671,50.0,0.0375,3,1685426400000,6.564,0.037048464780252865,-0.6765954244431057
1685876399999,1685876400000,6.502,7.689941556444171,50.0,0.0375,1,1685901600000,6.475,0.037344278683482,-0.28247270070747843
1687118399999,1687118400000,5.293,9.446438692612885,50.0,0.0375,1,1687122000000,5.176,0.03667107500472322,-1.1794044020404315
1687301999999,1687302000000,5.249,9.525623928367308,50.0,0.0375,1,1687723200000,6.115,0.04368689274147457,8.168003429224614
1687359599999,1687359600000,5.46,9.157509157509157,50.0,0.0375,2,1687723200000,6.115,0.04199862637362637,5.9186698717948705
1687366799999,1687366800000,5.489,9.109127345600292,50.0,0.0375,3,1687723200000,6.115,0.041776735288759345,5.623036983057036
1687787999999,1687788000000,6.246,8.005123278898495,50.0,0.0375,1,1687798800000,6.083,0.03652137367915466,-1.3788564681396154
1688039999999,1688040000000,6.132,8.153946510110893,50.0,0.0375,1,1688043600000,6.077,0.03716364970645793,-0.5231307077625601
1688147999999,1688148000000,6.379,7.838219156607619,50.0,0.0375,1,1688446800000,6.52,0.03832889167581126,1.0293600094058646
1688234399999,1688234400000,6.376,7.841907151819322,50.0,0.0375,2,1688446800000,6.52,0.03834692597239648,1.053387703889578
1688252399999,1688252400000,6.485,7.710100231303007,50.0,0.0375,3,1688446800000,6.52,0.037702390131071704,0.19465111796452703
1689238799999,1689238800000,6.338,7.888923950773115,50.0,0.0375,1,1689361200000,6.755,0.039967260965604295,3.212214026506787
1689263999999,1689264000000,6.611,7.563152321887763,50.0,0.0375,2,1689361200000,6.755,0.03831682045076388,1.01327711390107
1689292799999,1689292800000,7.128,7.014590347923681,50.0,0.0375,3,1689361200000,6.755,0.03553766835016835,-2.6894798681257
1689631199999,1689631200000,7.02,7.122507122507123,50.0,0.0375,1,1689699600000,6.871,0.03670405982905984,-1.135457621082614
1689839999999,1689840000000,7.428,6.731287022078622,50.0,0.0375,1,1690016400000,8.106,0.04092285945072698,4.485389741518583
1690423199999,1690423200000,7.976,6.268806419257773,50.0,0.0375,1,1690524000000,7.829,0.03680886409227683,-0.9958234077231779
1690430399999,1690430400000,7.981,6.264879087833605,50.0,0.0375,2,1690524000000,7.829,0.03678580378398697,-1.026547425134693
1690671599999,1690671600000,7.847,6.371861858034918,50.0,0.0375,1,1690678800000,7.824,0.0373900853829489,-0.22144290811774994
1691531999999,1691532000000,7.494,6.672004270082733,50.0,0.0375,1,1691697600000,7.58,0.037930344275420344,0.4983620229516973
1691578799999,1691578800000,7.602,6.577216521967903,50.0,0.0375,2,1691697600000,7.58,0.03739147592738753,-0.2195902394106838
1691956799999,1691956800000,7.538,6.633059166887769,50.0,0.0375,1,1691960400000,7.5,0.0373109578137437,-0.32686720615547527
1693321199999,1693321200000,6.249,8.001280204832774,50.0,0.0375,1,1693378800000,6.057,0.03634781565050409,-1.6100936149783878
1693713599999,1693713600000,6.008,8.322237017310252,50.0,0.0375,1,1693839600000,6.011,0.037518725033288944,-0.050052013981363074
1693724399999,1693724400000,6.038,8.280887711162636,50.0,0.0375,2,1693839600000,6.011,0.03733231202384896,-0.2984162802252456
1693796399999,1693796400000,6.083,8.21962847279303,50.0,0.0375,3,1693839600000,6.011,0.03705614006246918,-0.6663693901035671
1693915199999,1693915200000,6.083,8.21962847279303,50.0,0.0375,1,1694167200000,6.242,0.03848019069538057,1.230940736478709
1693969199999,1693969200000,6.235,8.019246190858059,50.0,0.0375,2,1694167200000,6.242,0.037542101042502,-0.018907377706503324
1694055599999,1694055600000,6.383,7.833307222309259,50.0,0.0375,3,1694167200000,6.242,0.03667162776124079,-1.1786679461068545
1694653199999,1694653200000,6.116,8.175277959450622,50.0,0.0375,1,1694656800000,6.023,0.03692977436232832,-0.8347306245912364
1694714399999,1694714400000,6.129,8.157937673356177,50.0,0.0375,1,1694876400000,6.197,0.03791605482134117,0.4793237069668891
1694721599999,1694721600000,6.164,8.111615833874108,50.0,0.0375,2,1694876400000,6.197,0.03770076249188838,0.1924825600259595
1694732399999,1694732400000,6.191,8.076239702794378,50.0,0.0375,3,1694876400000,6.197,0.037536343078662576,-0.02657890486189842
1695005999999,1695006000000,6.273,7.970667941973538,50.0,0.0375,1,1695265200000,6.835,0.04085963653754185,4.401155746851595
1695034799999,1695034800000,6.776,7.378984651711924,50.0,0.0375,2,1695265200000,6.835,0.037826520070838254,0.36003357438016936
1695175199999,1695175200000,6.953,7.19114051488566,50.0,0.0375,3,1695265200000,6.835,0.03686358406443262,-0.9229181648209476
1695383999999,1695384000000,6.781,7.37354372511429,50.0,0.0375,1,1695387600000,6.752,0.03733962542397877,-0.28867239345229334
1695405599999,1695405600000,6.819,7.332453438920663,50.0,0.0375,1,1695582000000,7.046,0.03874835019797625,1.5882185804370166
1695419999999,1695420000000,6.948,7.196315486470927,50.0,0.0375,2,1695582000000,7.046,0.038028929188255615,0.6297099884858938
1695430799999,1695430800000,7.081,7.061149555147578,50.0,0.0375,3,1695582000000,7.046,0.03731464482417738,-0.32195487925434063
1695657599999,1695657600000,7.387,6.768647624204684,50.0,0.0375,1,1695733200000,7.372,0.0374238527142277,-0.17645356707729434
1695808799999,1695808800000,7.544,6.6277836691410394,50.0,0.0375,1,1695985200000,7.698,0.038265509013785795,0.9449131760339441
1695891599999,1695891600000,7.843,6.375111564452378,50.0,0.0375,2,1695985200000,7.698,0.036806706617365806,-0.9986978834629582
1696013999999,1696014000000,7.97,6.273525721455458,50.0,0.0375,1,1696147200000,8.058,0.037914052697616066,0.4766562107904676
1696798799999,1696798800000,7.799,6.411078343377356,50.0,0.0375,1,1696806000000,7.688,0.03696627772791383,-0.7860959738428036
1697363999999,1697364000000,7.399,6.757669955399378,50.0,0.0375,1,1697371200000,7.343,0.03721617786187322,-0.45314569536424043
1697396399999,1697396400000,7.426,6.733099919202801,50.0,0.0375,1,1697526000000,7.45,0.037621195798545656,0.08647320226232721
1697435999999,1697436000000,7.605,6.574621959237343,50.0,0.0375,2,1697526000000,7.45,0.03673570019723866,-1.0933021038790316
1697630399999,1697630400000,7.435,6.724949562878279,50.0,0.0375,1,1697634000000,7.418,0.03741425689307331,-0.18923839946199764
1697777999999,1697778000000,7.467,6.696129637069774,50.0,0.0375,1,1698163200000,9.895,0.04969365206910406,16.1710091067363
1697792399999,1697792400000,7.613,6.567713122290818,50.0,0.0375,2,1698163200000,9.895,0.048740641008800725,14.901280704058829
1697871599999,1697871600000,7.783,6.424257998201208,50.0,0.0375,3,1698163200000,9.895,0.04767602466915071,13.482856867531796
1698195599999,1698195600000,10.976,4.55539358600583,50.0,0.0375,1,1698328800000,10.855,0.03708659803206997,-0.6257892219387798
1698469199999,1698469200000,11.484,4.3538836642284915,50.0,0.0375,1,1698516000000,11.048,0.03607628004179728,-1.9718695576454253
1698659999999,1698660000000,11.416,4.379817799579538,50.0,0.0375,1,1698760800000,11.211,0.03682660301331465,-0.9721892519271179
1698731999999,1698732000000,11.802,4.236570072869005,50.0,0.0375,2,1698760800000,11.211,0.03562214031520081,-2.576935053380778
1698872399999,1698872400000,11.609,4.307003187182358,50.0,0.0375,1,1698904800000,11.28,0.03643724696356275,-1.4909412955465684
1699052399999,1699052400000,11.485,4.3535045711798,50.0,0.0375,1,1699588800000,14.336,0.046808881149325215,12.327532651284296
1699138799999,1699138800000,11.541,4.332380209687202,50.0,0.0375,2,1699588800000,14.336,0.046581752014556804,12.02492093406118
1699149599999,1699149600000,11.705,4.271678769756514,50.0,0.0375,3,1699588800000,14.336,0.045929090132422044,11.155357753096967
1699714799999,1699714800000,15.785,3.1675641431738994,50.0,0.0375,1,1699848000000,15.52,0.036870446626544186,-0.9137749445676263
1700420399999,1700420400000,14.633,3.4169343265222443,50.0,0.0375,1,1700521200000,14.47,0.03708227977858266,-0.6315425750017013
1700884799999,1700884800000,14.76,3.3875338753387534,50.0,0.0375,1,1701010800000,14.742,0.03745426829268293,-0.13592987804877624
1700978399999,1700978400000,14.991,3.3353345340537657,50.0,0.0375,2,1701010800000,14.742,0.03687712627576546,-0.9048754252551546
1701248399999,1701248400000,14.878,3.3606667562844468,50.0,0.0375,1,1701277200000,14.5,0.03654725097459336,-1.344379284850112
1701345599999,1701345600000,14.767,3.38592808288752,50.0,0.0375,1,1701352800000,14.518,0.03686767793052076,-0.9174637705695105
1701424799999,1701424800000,14.823,3.3731363421709504,50.0,0.0375,1,1701648000000,15.721,0.039771807326452135,2.9518046279430563
1701478799999,1701478800000,15.084,3.3147706178732435,50.0,0.0375,2,1701648000000,15.721,0.039083631662688946,2.034925251922567
1701496799999,1701496800000,15.327,3.262217002675018,50.0,0.0375,3,1701648000000,15.721,0.03846398512429047,1.2093495139296748
1701824399999,1701824400000,16.154,3.09520861706079,50.0,0.0375,1,1701835200000,15.719,0.036490188188683916,-1.4204059366101291
1702033199999,1702033200000,16.468,3.036191401505951,50.0,0.0375,1,1702134000000,16.519,0.037616134321107594,0.0797296271556874
1702951199999,1702951200000,14.757,3.388222538456326,50.0,0.0375,1,1702962000000,14.616,0.037141695466558246,-0.5523810733888993
1703080799999,1703080800000,14.726,3.3953551541491236,50.0,0.0375,1,1703102400000,14.344,0.036527230748336276,-1.371052899633304
1703159999999,1703160000000,15.097,3.3119162747565745,50.0,0.0375,1,1703300400000,15.013,0.03729134927469034,-0.3529923163542378
1703224799999,1703224800000,15.543,3.2168821977739177,50.0,0.0375,2,1703300400000,15.013,0.03622128932638487,-1.778668854146558
1703339999999,1703340000000,15.734,3.1778314478200076,50.0,0.0375,1,1703458800000,15.327,0.03652996695055294,-1.3674073662132984
1703347199999,1703347200000,15.835,3.1575623618566464,50.0,0.0375,2,1703458800000,15.327,0.036296968740132614,-1.677838648563315
1703545199999,1703545200000,15.712,3.1822810590631363,50.0,0.0375,1,1703552400000,15.536,0.03707993890020366,-0.6346614052953242
1703674799999,1703674800000,15.458,3.2345710958726874,50.0,0.0375,1,1703779200000,16.179,0.03924909432009316,2.2553766658041154
1703725199999,1703725200000,17.232,2.9015784586815228,50.0,0.0375,2,1703779200000,16.179,0.035208478412256265,-3.1280705954039036
1704157199999,1704157200000,15.779,3.168768616515622,50.0,0.0375,1,1704207600000,15.448,0.036713353190949996,-1.123075765257616
1704171599999,1704171600000,15.866,3.1513929156687257,50.0,0.0375,2,1704207600000,15.448,0.036512038320937856,-1.3912942770704633
1704880799999,1704880800000,14.357,3.4826217176290313,50.0,0.0375,1,1704891600000,13.78,0.03599289545169604,-2.082965626523651
1704923999999,1704924000000,14.758,3.387992952974658,50.0,0.0375,1,1705075200000,14.786,0.03757114785201247,0.019792654831279323
1704977999999,1704978000000,15.525,3.2206119162640903,50.0,0.0375,2,1705075200000,14.786,0.03571497584541063,-2.4532471819645694
1705071599999,1705071600000,15.258,3.2769694586446456,50.0,0.0375,3,1705075200000,14.786,0.0363399528116398,-1.6205695372919053
1705208399999,1705208400000,14.562,3.4335942864991074,50.0,0.0375,1,1705356000000,15.125,0.03894983518747425,1.8566637481115236
1705226399999,1705226400000,15.234,3.2821320729946173,50.0,0.0375,2,1705356000000,15.125,0.037231685703032695,-0.4324840816594445
1705283999999,1705284000000,15.399,3.2469640885771804,50.0,0.0375,3,1705356000000,15.125,0.03683274887979739,-0.9640009091499436
1705456799999,1705456800000,15.595,3.2061558191728117,50.0,0.0375,1,1705543200000,15.43,0.03710323821737736,-0.6036189483808968
1705658399999,1705658400000,15.385,3.249918752031199,50.0,0.0375,1,1705676400000,15.315,0.03732937926551836,-0.3023236919077078
1705705199999,1705705200000,15.848,3.154972236244321,50.0,0.0375,1,1705798800000,15.557,0.036811427309439676,-0.9924083480565343
1705715999999,1705716000000,16.383,3.051944088384301,50.0,0.0375,2,1705798800000,15.557,0.03560932063724593,-2.594015137642677
1706547599999,1706547600000,14.921,3.35098183767844,50.0,0.0375,1,1706734800000,15.397,0.03869630051605121,1.5188710542188928
1706615999999,1706616000000,15.23,3.2829940906106367,50.0,0.0375,2,1706734800000,15.397,0.03791119500984898,0.4728488181221252
1706630399999,1706630400000,15.597,3.2057446944925307,50.0,0.0375,3,1706734800000,15.397,0.03701913829582612,-0.7156680771943286
1706799599999,1706799600000,16.468,3.036191401505951,50.0,0.0375,1,1706983200000,17.75,0.04041929803254797,3.8144780786980816
1706824799999,1706824800000,17.364,2.8795208477309373,50.0,0.0375,2,1706983200000,17.75,0.038333621285418104,1.0356614259387213
1706835599999,1706835600000,17.816,2.8064660978895377,50.0,0.0375,3,1706983200000,17.75,0.03736107992815447,-0.2600878423888616
1707047999999,1707048000000,18.153,2.7543656695862944,50.0,0.0375,1,1707094800000,17.931,0.03704139811601389,-0.686010576764167
1707069599999,1707069600000,18.486,2.704749540192578,50.0,0.0375,2,1707094800000,17.931,0.03637414800389484,-1.5750101428107812
1707127199999,1707127200000,19.172,2.6079699561861047,50.0,0.0375,1,1707217200000,18.724,0.03662372209472147,-1.2424942624661015
1707343199999,1707343200000,18.744,2.667520273154076,50.0,0.0375,1,1707397200000,18.616,0.037243918053777206,-0.41618651301749876
1707375599999,1707375600000,19.093,2.61876080238831,50.0,0.0375,2,1707397200000,18.616,0.03656313832294558,-1.323212041062169
1707537599999,1707537600000,18.671,2.6779497616624712,50.0,0.0375,1,1707544800000,18.469,0.03709429061110814,-0.615540142466925
1707609599999,1707609600000,19.079,2.620682425703653,50.0,0.0375,1,1707793200000,20.178,0.03966009748938624,2.8029698883589247
1707764399999,1707764400000,20.807,2.4030374393233047,50.0,0.0375,2,1707793200000,20.178,0.036366367087999237,-1.5853769164223537
1707901199999,1707901200000,20.266,2.467186420605941,50.0,0.0375,1,1707922800000,20.091,0.037176181782295474,-0.5064338053883247
1708293599999,1708293600000,20.189,2.4765961662291347,50.0,0.0375,1,1708333200000,19.929,0.037017063747585316,-0.7184320669671592
1708966799999,1708966800000,18.992,2.632687447346251,50.0,0.0375,1,1709049600000,18.861,0.03724133845829823,-0.4196233940606632
1708977599999,1708977600000,19.231,2.5999688003743953,50.0,0.0375,2,1709049600000,18.861,0.03677850865789611,-1.036266964796424
1709110799999,1709110800000,19.424,2.5741350906095555,50.0,0.0375,1,1709146800000,19.046,0.0367702327018122,-1.0472932969522177
1709341199999,1709341200000,20.23,2.4715768660405337,50.0,0.0375,1,1709452800000,20.245,0.03752780523974296,-0.0379541522491337
1709618399999,1709618400000,21.009,2.3799324099195585,50.0,0.0375,1,1709625600000,20.438,0.03648079394545195,-1.43292220000952
1709773199999,1709773200000,20.359,2.455916302372415,50.0,0.0375,1,1709780400000,20.195,0.037197922294808186,-0.47746819588389255
1709859599999,1709859600000,20.293,2.463903809195289,50.0,0.0375,1,1709863200000,20.116,0.03717291676932932,-0.5107838909968961
1710107999999,1710108000000,20.2,2.4752475247524752,50.0,0.0375,1,1710216000000,20.848,0.0387029702970297,1.5277574257425726
1710410399999,1710410400000,21.143,2.3648488861561745,50.0,0.0375,1,1710432000000,20.586,0.03651208437780825,-1.391232913966809
1711321199999,1711321200000,18.555,2.6946914578280787,50.0,0.0375,1,1711526400000,19.606,0.03962409054163299,2.7549966316356786
1711335599999,1711335600000,18.647,2.6813964712822442,50.0,0.0375,2,1711526400000,19.606,0.03942859441196976,2.4945306215477117
1711375199999,1711375200000,19.131,2.613559144843448,50.0,0.0375,3,1711526400000,19.606,0.038431080445350485,1.1655095133552975
1711619999999,1711620000000,19.752,2.5313892264074527,50.0,0.0375,1,1711623600000,19.603,0.037217117253948974,-0.45189411198865626
1712883599999,1712883600000,17.742,2.8181715702851986,50.0,0.0375,1,1712926800000,17.438,0.03685745688197497,-0.9310816142486885
1713614399999,1713614400000,14.159,3.5313228335334417,50.0,0.0375,1,1713888000000,15.237,0.04035507451091179,3.728910940038135
1713743999999,1713744000000,15.091,3.3132330528129352,50.0,0.0375,2,1713888000000,15.237,0.03786279901928302,0.4083692266914142
1713751199999,1713751200000,15.244,3.279979008134348,50.0,0.0375,3,1713888000000,15.237,0.037482780110207295,-0.09794263316714905
1713934799999,1713934800000,15.458,3.2345710958726874,50.0,0.0375,1,1713967200000,15.175,0.036813462284901025,-0.9896970824168733
1713959999999,1713960000000,15.586,3.2080071859360966,50.0,0.0375,2,1713967200000,15.175,0.0365111317849352,-1.3925020852046672
1714766399999,1714766400000,14.046,3.5597323081304286,50.0,0.0375,1,1715054400000,14.322,0.038236864587783,0.906749252456217
1714820399999,1714820400000,14.317,3.4923517496682264,50.0,0.0375,2,1715054400000,14.322,0.03751309631906125,-0.05755133757072741
1714841999999,1714842000000,14.43,3.465003465003465,50.0,0.0375,3,1715054400000,14.322,0.03721933471933472,-0.44893970893971014
1715295599999,1715295600000,14.342,3.4862641193696833,50.0,0.0375,1,1715299200000,14.227,0.037199309719704365,-0.47561968344721917
1715885999999,1715886000000,14.41,3.4698126301179735,50.0,0.0375,1,1716210000000,16.458,0.0428296321998612,7.025846634281743
1715911199999,1715911200000,15.813,3.1619553531904128,50.0,0.0375,2,1716210000000,16.458,0.039029595902105856,1.9629316069056997
1716098399999,1716098400000,16.62,3.0084235860409145,50.0,0.0375,3,1716210000000,16.458,0.037134476534296024,-0.5619990974729333
1716519599999,1716519600000,17.279,2.8936859771977543,50.0,0.0375,1,1716717600000,17.314,0.03757595925690144,0.026203049945019076
1716663599999,1716663600000,17.364,2.8795208477309373,50.0,0.0375,2,1716717600000,17.314,0.03739201796821009,-0.21886806035475673
1716692399999,1716692400000,17.715,2.822466836014677,50.0,0.0375,3,1716717600000,17.314,0.036651143099068584,-1.2059603443409572
1716811199999,1716811200000,17.341,2.883340061126809,50.0,0.0375,1,1717052400000,18.352,0.0396862926013494,2.837870509197843
1716825599999,1716825600000,18.033,2.772694504519492,50.0,0.0375,2,1717052400000,18.352,0.03816336716020629,0.8088261797815065
1716980399999,1716980400000,18.705,2.6730820636193533,50.0,0.0375,3,1717052400000,18.352,0.036792301523656784,-1.0178902699812782
1719352799999,1719352800000,14.239,3.5114825479317364,50.0,0.0375,1,1719406800000,13.937,0.03670464920289346,-1.1346723786782875
1719511199999,1719511200000,14.367,3.4801976752279526,50.0,0.0375,1,1719597600000,14.089,0.03677437878471497,-1.0417693324980903
1719856799999,1719856800000,14.511,3.4456619116532288,50.0,0.0375,1,1719964800000,14.411,0.03724157535662601,-0.4193077665219448
1719899999999,1719900000000,14.674,3.4073872154831677,50.0,0.0375,2,1719964800000,14.411,0.03682789287174595,-0.9704707305438219
1720429199999,1720429200000,13.428,3.7235627047959485,50.0,0.0375,1,1720436400000,13.182,0.03681300268096515,-0.9903094280607675
1720439999999,1720440000000,13.473,3.7111259556149334,50.0,0.0375,1,1720447200000,13.296,0.037007348029392116,-0.7313766421732367
1720702799999,1720702800000,13.026,3.838476892369108,50.0,0.0375,1,1720710000000,12.854,0.03700483648088439,-0.7347228619683704
1720853999999,1720854000000,12.951,3.860705737008725,50.0,0.0375,1,1721232000000,14.119,0.04088197822561964,4.430922322600567
1720864799999,1720864800000,13.056,3.8296568627450984,50.0,0.0375,2,1721232000000,14.119,0.040553193933823534,3.992872051164221
1720936799999,1720936800000,13.14,3.8051750380517504,50.0,0.0375,3,1721232000000,14.119,0.0402939497716895,3.647472412480974
1721419199999,1721419200000,14.123,3.5403242937053037,50.0,0.0375,1,1721437200000,13.894,0.03689194930255612,-0.8851262125610674
1721498399999,1721498400000,14.228,3.5141973573235874,50.0,0.0375,1,1721548800000,13.967,0.03681209586730391,-0.9915176061287582
1721509199999,1721509200000,14.311,3.4938159457759763,50.0,0.0375,2,1721548800000,13.967,0.0365985954859898,-1.2759712808329255
1721573999999,1721574000000,14.549,3.4366623135610697,50.0,0.0375,1,1721635200000,14.278,0.03680149838476872,-1.0056369853598128
1721581199999,1721581200000,14.701,3.401129174886062,50.0,0.0375,2,1721635200000,14.278,0.0364209917692674,-1.5125986327460752
1721599199999,1721599200000,14.833,3.370862266567788,50.0,0.0375,3,1721635200000,14.278,0.03609687858154116,-1.944425436526656
1722221999999,1722222000000,13.743,3.6382158189623808,50.0,0.0375,1,1722225600000,13.705,0.03739631084915957,-0.21314851196973308
1722229199999,1722229200000,13.764,3.632664922987504,50.0,0.0375,1,1722265200000,13.646,0.037178509154315614,-0.5033329700668346
1722239999999,1722240000000,13.881,3.602045962106476,50.0,0.0375,2,1722265200000,13.646,0.03686513939917874,-0.9208459404941948
1723363199999,1723363200000,10.73,4.659832246039143,50.0,0.0375,1,1723381200000,10.481,0.03662977632805219,-1.2344280055918007
1723463999999,1723464000000,10.639,4.699689820471849,50.0,0.0375,1,1723471200000,10.235,0.03607599398439703,-1.9722506814550287
1723474799999,1723474800000,10.667,4.687353520202493,50.0,0.0375,1,1723485600000,10.445,0.036719555638886285,-1.1148120371238464
1723730399999,1723730400000,10.592,4.720543806646526,50.0,0.0375,1,1723744800000,10.322,0.03654408987915408,-1.3485909176737239
1723996799999,1723996800000,10.383,4.815563902532987,50.0,0.0375,1,1724004000000,10.324,0.037286911297312916,-0.35890518154675843
1724115599999,1724115600000,10.324,4.843084075939559,50.0,0.0375,1,1724166000000,10.162,0.03691156528477335,-0.8589911855869715
1724259599999,1724259600000,10.512,4.756468797564688,50.0,0.0375,1,1724612400000,12.111,0.043204195205479454,7.524889412100466
1724403599999,1724403600000,11.692,4.276428327061239,50.0,0.0375,2,1724612400000,12.111,0.038843867601779,1.715479601436884
1724435999999,1724436000000,11.879,4.209108510817409,50.0,0.0375,3,1724612400000,12.111,0.038232384880882236,0.9007807896287631
1724659199999,1724659200000,12.365,4.043671653861707,50.0,0.0375,1,1724688000000,12.185,0.03695410432672867,-0.8023150020218338
1725843599999,1725843600000,10.398,4.808617041738796,50.0,0.0375,1,1725940800000,10.35,0.037326889786497404,-0.3056405077899583
1725868799999,1725868800000,10.616,4.709871891484552,50.0,0.0375,2,1725940800000,10.35,0.03656038055764883,-1.3268863036925382
1726106399999,1726106400000,10.548,4.740235115661736,50.0,0.0375,1,1726390800000,11.231,0.03992818543799772,3.160152398558958
1726163999999,1726164000000,10.733,4.658529768005217,50.0,0.0375,2,1726390800000,11.231,0.039239960868349945,2.243207863598245
1726189199999,1726189200000,10.801,4.6292009999074155,50.0,0.0375,3,1726390800000,11.231,0.03899291732247014,1.914063512637719
1726703999999,1726704000000,10.892,4.590525156077856,50.0,0.0375,1,1726884000000,11.299,0.038901257803892766,1.7919424807197983
1726804799999,1726804800000,11.424,4.3767507002801125,50.0,0.0375,2,1726884000000,11.299,0.037089679621848747,-0.621683517156859
1726963199999,1726963200000,11.485,4.3535045711798,50.0,0.0375,1,1726970400000,11.402,0.03722899434044406,-0.4360698737483645
1727063999999,1727064000000,11.421,4.37790035898783,50.0,0.0375,1,1727078400000,11.308,0.03712897294457578,-0.5693317135102006
1727200799999,1727200800000,11.749,4.255681334581666,50.0,0.0375,1,1727312400000,11.998,0.03829474848923312,0.9838699038215936
1727366399999,1727366400000,12.592,3.970775095298602,50.0,0.0375,1,1727510400000,12.571,0.03743746029224904,-0.15832373729352014
1727377199999,1727377200000,12.678,3.943839722353683,50.0,0.0375,2,1727510400000,12.571,0.03718350686228111,-0.4966743571541329
1728730799999,1728730800000,11.121,4.4959985612804605,50.0,0.0375,1,1728777600000,10.998,0.03708524413272188,-0.6275930671702156
1728921599999,1728921600000,11.258,4.441286196482502,50.0,0.0375,1,1729004400000,11.128,0.03706697459584297,-0.6519341801385593
1728961199999,1728961200000,11.447,4.3679566698698356,50.0,0.0375,2,1729004400000,11.128,0.03645496636673365,-1.467333144055202
1728968399999,1728968400000,11.533,4.3353854157634615,50.0,0.0375,3,1729004400000,11.128,0.03618312667996185,-1.8295142200641608
1729216799999,1729216800000,11.215,4.458314757021846,50.0,0.0375,1,1729224000000,11.164,0.03732946946054392,-0.3022035220686575
1729231199999,1729231200000,11.273,4.435376563470239,50.0,0.0375,1,1729339200000,11.303,0.03759979597267809,0.057961500931442346
1729418399999,1729418400000,11.485,4.3535045711798,50.0,0.0375,1,1729508400000,11.766,0.038417501088376146,1.1474172834131564
1729432799999,1729432800000,11.784,4.243041412084182,50.0,0.0375,2,1729508400000,11.766,0.03744271894093686,-0.15131746435845486
1729576799999,1729576800000,11.963,4.179553623672992,50.0,0.0375,1,1729645200000,11.862,0.03718339881300677,-0.49681831480397987
1729594799999,1729594800000,12.176,4.106438896189225,50.0,0.0375,2,1729645200000,11.862,0.03653293363994744,-1.3634547470433618
1730170799999,1730170800000,11.461,4.36262106273449,50.0,0.0375,1,1730174400000,11.417,0.03735603350492976,-0.26681136026524965
1730221199999,1730221200000,11.708,4.270584215920738,50.0,0.0375,1,1730368800000,12.069,0.03865626067646054,1.465524641270926
1730242799999,1730242800000,11.756,4.253147329023477,50.0,0.0375,2,1730368800000,12.069,0.038498426335488264,1.2552366876488619
1730253599999,1730253600000,11.832,4.2258282623394186,50.0,0.0375,3,1730368800000,12.069,0.03825114097363083,0.9257701572008173
1730930399999,1730930400000,12.093,4.134623335814108,50.0,0.0375,1,1731304800000,13.756,0.04265690895559415,6.795721698503273
1730944799999,1730944800000,12.422,4.025116728385123,50.0,0.0375,2,1731304800000,13.756,0.04152712928674931,5.290478586378997
1731027599999,1731027600000,12.717,3.9317449083903435,50.0,0.0375,3,1731304800000,13.756,0.04056381221986318,4.007019147597704
1731369599999,1731369600000,14.93,3.348961821835231,50.0,0.0375,1,1731409200000,14.23,0.0357417950435365,-2.4175150703281987
1731401999999,1731402000000,15.181,3.2935906725512156,50.0,0.0375,2,1731409200000,14.23,0.03515084645280285,-3.2048555760490047
1731509999999,1731510000000,14.383,3.4763262184523396,50.0,0.0375,1,1731517200000,14.095,0.036749113536814294,-1.0754310644510867
1731725999999,1731726000000,14.019,3.5665882017262285,50.0,0.0375,1,1731844800000,14.033,0.03753744917611812,-0.025105214351958692
1731758399999,1731758400000,14.471,3.4551862345380417,50.0,0.0375,2,1731844800000,14.033,0.03636497132195425,-1.5872365420496153
1731783599999,1731783600000,14.672,3.4078516902944385,50.0,0.0375,3,1731844800000,14.033,0.03586678707742639,-2.250984017175574
1731913199999,1731913200000,14.786,3.3815771675909647,50.0,0.0375,1,1732024800000,14.604,0.037038414716623835,-0.6899854592181768
1731945599999,1731945600000,15.172,3.2955444239388347,50.0,0.0375,2,1732024800000,14.604,0.03609609807540206,-1.9454653308726635
1732111199999,1732111200000,15.115,3.3079722130334104,50.0,0.0375,1,1732122000000,14.629,0.03629424412834932,-1.68146873966259
1732193999999,1732194000000,15.043,3.323805092069401,50.0,0.0375,1,1732449600000,16.714,0.04166555873163597,5.474912750116326
1732280399999,1732280400000,15.538,3.2179173638820955,50.0,0.0375,2,1732449600000,16.714,0.04033820311494401,3.7064326168103974
1732294799999,1732294800000,15.771,3.170376006594382,50.0,0.0375,3,1732449600000,16.714,0.039742248430663873,2.9124223257878312
1732683599999,1732683600000,17.839,2.8028476932563486,50.0,0.0375,1,1732806000000,17.832,0.03748528504961041,-0.09460521890240017
1732690799999,1732690800000,18.068,2.767323444764224,50.0,0.0375,2,1732806000000,17.832,0.03701018375027673,-0.7275985167146345
1732748399999,1732748400000,18.745,2.6673779674579885,50.0,0.0375,3,1732806000000,17.832,0.03567351293678314,-2.5084895972259305
1732892399999,1732892400000,18.285,2.7344818156959256,50.0,0.0375,1,1732906800000,17.993,0.03690114848236259,-0.8728698386655779
1732953599999,1732953600000,18.649,2.6811089066437876,50.0,0.0375,1,1733331600000,24.229,0.04872044077430425,14.874367258298031
1732982399999,1732982400000,18.898,2.6457826224997354,50.0,0.0375,2,1733331600000,24.229,0.04807850037040957,14.019088660175678
1732996799999,1732996800000,19.331,2.586519062645492,50.0,0.0375,3,1733331600000,24.229,0.047001577776628216,12.584268791060994
1733511599999,1733511600000,24.472,2.043151356652501,50.0,0.0375,1,1733734800000,25.332,0.03881783262504087,1.6807923340961124
1733525999999,1733526000000,25.685,1.9466614755693985,50.0,0.0375,2,1733734800000,25.332,0.036984621374343,-0.7616561222503421
1733543999999,1733544000000,26.639,1.87694733285784,50.0,0.0375,3,1733734800000,25.332,0.03566012237696611,-2.5263302864221573
1733972399999,1733972400000,26.484,1.8879323365050595,50.0,0.0375,1,1734210000000,28.91,0.04093509288627096,4.501688755475003
1734058799999,1734058800000,30.1,1.6611295681063123,50.0,0.0375,2,1734210000000,28.91,0.03601744186046512,-2.0502616279069756
1734137999999,1734138000000,29.75,1.680672268907563,50.0,0.0375,3,1734210000000,28.91,0.036441176470588234,-1.4857058823529443
1734343199999,1734343200000,29.907,1.6718493998060655,50.0,0.0375,1,1734386400000,29.031,0.03640159494432742,-1.538441669174445
1735077599999,1735077600000,25.778,1.9396384513926606,50.0,0.0375,1,1735146000000,24.376,0.035460470168360625,-2.792333579020861
1735905599999,1735905600000,22.657,2.2068234982566093,50.0,0.0375,1,1736071200000,23.093,0.03822163128392991,0.8864534139559496
1735916399999,1735916400000,23.005,2.1734405564007826,50.0,0.0375,2,1736071200000,23.093,0.03764344707672245,0.11611932188654492
1736135999999,1736136000000,24.055,2.0785699438786116,50.0,0.0375,1,1736154000000,23.364,0.03642278112658491,-1.5102146123466995
1736179199999,1736179200000,24.375,2.051282051282051,50.0,0.0375,1,1736218800000,23.479,0.036121538461538455,-1.9115702564102635
1736927999999,1736928000000,20.715,2.413709872073377,50.0,0.0375,1,1736946000000,20.187,0.03654417089065894,-1.3484829833453973
1736949599999,1736949600000,21.256,2.3522770041400074,50.0,0.0375,1,1737180000000,23.428,0.04133185923974408,5.0303137937523505
1737025199999,1737025200000,22.134,2.2589681033703806,50.0,0.0375,2,1737180000000,23.428,0.039692328544320955,2.8459123972169578
1737043199999,1737043200000,23.3,2.1459227467811157,50.0,0.0375,3,1737180000000,23.428,0.037706008583690984,0.19947210300429105
1737298799999,1737298800000,25.466,1.9634021833032278,50.0,0.0375,1,1737324000000,24.225,0.035672563417890525,-2.5097546728971936
1737485999999,1737486000000,27.004,1.8515775440675455,50.0,0.0375,1,1737554400000,25.467,0.03536559398607614,-2.9187402792178987
1737863999999,1737864000000,25.567,1.9556459498572378,50.0,0.0375,1,1737885600000,25.214,0.036982242734775295,-0.7648252630343805
1737914399999,1737914400000,25.938,1.9276736833988743,50.0,0.0375,1,1737936000000,24.867,0.03595159611380986,-2.1379901110339987
1738249199999,1738249200000,24.932,2.0054548371570675,50.0,0.0375,1,1738274400000,24.539,0.03690889218674796,-0.8625526431894585
1738306799999,1738306800000,25.129,1.9897329778343744,50.0,0.0375,1,1738404000000,24.621,0.0367419117354451,-1.085026264475316
1738324799999,1738324800000,25.662,1.9484062037253527,50.0,0.0375,2,1738404000000,24.621,0.03597878185644143,-2.101769639934537
1738339199999,1738339200000,25.895,1.9308746862328636,50.0,0.0375,3,1738404000000,24.621,0.035655049237304504,-2.5330893994979733
1739239199999,1739239200000,19.192,2.6052521884118383,50.0,0.0375,1,1739242800000,19.111,0.037341730929553986,-0.28586715819090924
1739246399999,1739246400000,19.32,2.587991718426501,50.0,0.0375,1,1739282400000,18.874,0.03663431677018634,-1.2283786231884037
1739401199999,1739401200000,19.198,2.6044379622877383,50.0,0.0375,1,1739430000000,18.818,0.03675773518074799,-1.0639441608500904
1739505599999,1739505600000,18.935,2.640612622128334,50.0,0.0375,1,1739512800000,18.707,0.03704845524161606,-0.6766081330868715
1739527199999,1739527200000,19.17,2.608242044861763,50.0,0.0375,1,1739631600000,18.973,0.03711463223787167,-0.5884383150756477
1739545199999,1739545200000,19.453,2.5702976404667663,50.0,0.0375,2,1739631600000,18.973,0.03657469284943197,-1.307817560273476
1739786399999,1739786400000,19.258,2.5963236057742236,50.0,0.0375,1,1739818800000,18.768,0.036545851074877976,-1.3462444179042437
1740135599999,1740135600000,18.613,2.6862945253317574,50.0,0.0375,1,1740139200000,18.562,0.037397249234406064,-0.21189827002632314
1740142799999,1740142800000,18.783,2.6619815790874726,50.0,0.0375,1,1740153600000,18.377,0.03668942660916786,-1.154953947718687
1741165199999,1741165200000,15.868,3.150995714645828,50.0,0.0375,1,1741309200000,15.927,0.037639431560373075,0.11076931560372713
1741226399999,1741226400000,16.87,2.9638411381149967,50.0,0.0375,2,1741309200000,15.927,0.03540382335506816,-2.8678060165975183
1742237999999,1742238000000,14.11,3.5435861091424523,50.0,0.0375,1,1742263200000,13.772,0.03660170092133239,-1.271833805811474
1742385599999,1742385600000,14.457,3.4585321989347717,50.0,0.0375,1,1742486400000,14.343,0.03720429549699107,-0.46897696617555906
1742428799999,1742428800000,15.013,3.3304469459801505,50.0,0.0375,2,1742486400000,14.343,0.03582645040964497,-2.304725904216346
1742637599999,1742637600000,14.212,3.5181536729524345,50.0,0.0375,1,1742655600000,14.153,0.03734432169997186,-0.28241538840415925
1742648399999,1742648400000,14.28,3.5014005602240896,50.0,0.0375,2,1742655600000,14.153,0.03716649159663866,-0.5193443627450932
1742669999999,1742670000000,14.393,3.4739109289237824,50.0,0.0375,1,1742688000000,14.242,0.03710657958729938,-0.5991671298547899
1742788799999,1742788800000,14.657,3.411339291805963,50.0,0.0375,1,1742875200000,14.896,0.03811148256805622,0.7396986081735705
1742900399999,1742900400000,15.401,3.24654243230959,50.0,0.0375,1,1743001200000,15.329,0.03732468670865528,-0.30857574183494874
1742972399999,1742972400000,15.748,3.1750063500127004,50.0,0.0375,2,1743001200000,15.329,0.036502254254508516,-1.4043299149098218
1744221599999,1744221600000,12.59,3.971405877680699,50.0,0.0375,1,1744257600000,12.312,0.03667196187450357,-1.178222795869742
1744466399999,1744466400000,13.05,3.8314176245210727,50.0,0.0375,1,1744545600000,12.783,0.03673275862068966,-1.0972212643678163
1744909199999,1744909200000,12.665,3.9478878799842088,50.0,0.0375,1,1744912800000,12.63,0.03739636794315042,-0.2130724437425954
1745038799999,1745038800000,12.765,3.916960438699569,50.0,0.0375,1,1745254800000,13.108,0.03850763807285546,1.267509792401094
1745099999999,1745100000000,13.001,3.845858010922237,50.0,0.0375,2,1745254800000,13.108,0.037808630105376516,0.3361981770633108
1745161199999,1745161200000,13.161,3.7991034115948636,50.0,0.0375,3,1745254800000,13.108,0.037348985639389105,-0.27620146645391797
1745323199999,1745323200000,13.439,3.720514919264826,50.0,0.0375,1,1745467200000,14.564,0.040639184463129696,4.1074400997098
1745380799999,1745380800000,14.417,3.4681279045571203,50.0,0.0375,2,1745467200000,14.564,0.03788236110147743,0.4344324408684216
1745395199999,1745395200000,14.733,3.3937419398628927,50.0,0.0375,3,1745467200000,14.564,0.03706984320912238,-0.6481122310459554
1745575199999,1745575200000,15.246,3.2795487340941887,50.0,0.0375,1,1745661600000,14.933,0.036730125934671384,-1.1007288797061592
1745812799999,1745812800000,14.832,3.3710895361380797,50.0,0.0375,1,1745820000000,14.795,0.03740645226537217,-0.1996367651024812
1745827199999,1745827200000,15.01,3.331112591605596,50.0,0.0375,1,1745848800000,14.678,0.036670552964690205,-1.1800999333777527
1745888399999,1745888400000,15.19,3.291639236339697,50.0,0.0375,1,1745946000000,14.848,0.03665569453587887,-1.1998963133640559
1746089999999,1746090000000,14.887,3.3586350507153893,50.0,0.0375,1,1746108000000,14.705,0.03704154631557735,-0.6858131255457763
1746734399999,1746734400000,15.536,3.2183316168898046,50.0,0.0375,1,1746972000000,16.416,0.039624098867147274,2.7550077239958823
1746748799999,1746748800000,15.882,3.1482181085505605,50.0,0.0375,2,1746972000000,16.416,0.0387608613524745,1.6048876086135322
1746863999999,1746864000000,16.35,3.0581039755351678,50.0,0.0375,3,1746972000000,16.416,0.03765137614678899,0.12668348623852807
1747155599999,1747155600000,17.031,2.935822911161999,50.0,0.0375,1,1747213200000,16.86,0.037123480711643474,-0.5766491985203416
1747846799999,1747846800000,16.258,3.0754090294009107,50.0,0.0375,1,1747850400000,15.647,0.03609069381227704,-1.952665610776228
1747925999999,1747926000000,16.841,2.968944837004928,50.0,0.0375,1,1748001600000,16.302,0.036299804049640755,-1.6740610711953026
1747969199999,1747969200000,16.978,2.944987631051949,50.0,0.0375,2,1748001600000,16.302,0.036006891271056655,-2.064318529862183
1748246399999,1748246400000,15.923,3.140111787979652,50.0,0.0375,1,1748250000000,15.808,0.037229165358286756,-0.4358420209759458
1748336399999,1748336400000,15.93,3.138731952291274,50.0,0.0375,1,1748358000000,15.851,0.03731403013182674,-0.3227738543628348
1748487599999,1748487600000,16.161,3.093867953715735,50.0,0.0375,1,1748494800000,15.811,0.036687859662149616,-1.157041643462661
1749275999999,1749276000000,13.972,3.5785857429144006,50.0,0.0375,1,1749315600000,13.791,0.037014206985399374,-0.7222382264529003
1749412799999,1749412800000,13.9,3.597122302158273,50.0,0.0375,1,1749423600000,13.729,0.037038669064748196,-0.6896465827338204
1749506399999,1749506400000,14.29,3.4989503149055285,50.0,0.0375,1,1749679200000,14.946,0.039221483554933524,2.218589923023097
1749556799999,1749556800000,15.159,3.298370604921169,50.0,0.0375,2,1749679200000,14.946,0.03697308529586384,-0.7770260241440695
1749657599999,1749657600000,15.611,3.202869771315098,50.0,0.0375,3,1749679200000,14.946,0.03590256870155659,-2.203310966626104
1750100399999,1750100400000,14.007,3.5696437495537947,50.0,0.0375,1,1750114800000,13.778,0.03688691368601414,-0.8918353323338252
1750744799999,1750744800000,13.225,3.780718336483932,50.0,0.0375,1,1750856400000,13.178,0.037366729678638945,-0.2525604914933751
1750784399999,1750784400000,13.715,3.645643456069996,50.0,0.0375,2,1750856400000,13.178,0.036031717098067816,-2.0312422530076533
1751126399999,1751126400000,13.269,3.768181475619866,50.0,0.0375,1,1751266800000,13.243,0.03742652046122542,-0.17289923882733974
1751133599999,1751133600000,13.368,3.7402752842609215,50.0,0.0375,2,1751266800000,13.243,0.03714934919210054,-0.5421837597247133
1751147999999,1751148000000,13.396,3.73245744998507,50.0,0.0375,3,1751266800000,13.243,0.037071700507614214,-0.6456376903553348
1751810399999,1751810400000,13.428,3.7235627047959485,50.0,0.0375,1,1751828400000,13.337,0.03724586684539767,-0.4135900729818317
1751839199999,1751839200000,13.566,3.6856848002358835,50.0,0.0375,1,1751907600000,13.397,0.0370328394515701,-0.6974135706914367
1751979599999,1751979600000,13.561,3.687043728338618,50.0,0.0375,1,1751986800000,13.429,0.037134982670894476,-0.5613247548115922
1751997599999,1751997600000,13.787,3.6266047726118806,50.0,0.0375,1,1752325200000,15.078,0.04101146007108145,4.603435301370853
1752091199999,1752091200000,14.288,3.4994400895856663,50.0,0.0375,2,1752325200000,15.078,0.03957341825307951,2.687484252519597
1752166799999,1752166800000,14.528,3.4416299559471364,50.0,0.0375,3,1752325200000,15.078,0.03891967235682819,1.816476803414092
1752393599999,1752393600000,15.355,3.25626831650928,50.0,0.0375,1,1752404400000,15.28,0.037316834907196346,-0.31903695864539683
1752407999999,1752408000000,15.41,3.244646333549643,50.0,0.0375,1,1752541200000,15.627,0.038028066190785206,0.6285601881894906
1752433199999,1752433200000,15.86,3.1525851197982346,50.0,0.0375,2,1752541200000,15.627,0.03694908575031526,-0.8090014186632984
1752465599999,1752465600000,16.152,3.095591877166914,50.0,0.0375,3,1752541200000,15.627,0.03628111069836553,-1.698966846210999
1752602399999,1752602400000,16.134,3.099045493987852,50.0,0.0375,1,1752609600000,15.618,0.0363006693938267,-1.672908144291553
1752623999999,1752624000000,16.105,3.104625892579944,50.0,0.0375,1,1752872400000,17.591,0.04096010555728035,4.535013970816516
1752656399999,1752656400000,16.456,3.038405444822557,50.0,0.0375,2,1752872400000,17.591,0.040086442634905205,3.3710037372387034
1752677999999,1752678000000,16.772,2.9811590746482235,50.0,0.0375,3,1752872400000,17.591,0.03933117696160268,2.3647381051753
1752955199999,1752955200000,18.364,2.722718362012633,50.0,0.0375,1,1753131600000,19.28,0.03937050751470268,2.4171395120888675
1753001999999,1753002000000,19.106,2.6169789594891655,50.0,0.0375,2,1753131600000,19.28,0.03784151575421334,0.3800128231968941
1753019999999,1753020000000,19.526,2.5606883130185394,50.0,0.0375,3,1753131600000,19.28,0.03702755300624808,-0.7044568780088042
1753228799999,1753228800000,19.67,2.541942043721403,50.0,0.0375,1,1753243200000,19.474,0.03712633451957296,-0.572846975088963
1753585199999,1753585200000,18.74,2.6680896478121667,50.0,0.0375,1,1753610400000,18.576,0.037171824973319105,-0.5122385272145124
1753592399999,1753592400000,18.864,2.650551314673452,50.0,0.0375,2,1753610400000,18.576,0.036927480916030535,-0.8377862595419842
1753657199999,1753657200000,19.208,2.6030820491461895,50.0,0.0375,1,1753711200000,18.764,0.03663317367763432,-1.2299016034985386
1753682399999,1753682400000,19.488,2.5656814449917897,50.0,0.0375,2,1753711200000,18.764,0.036106834975369456,-1.9311602011494302
1754503199999,1754503200000,16.789,2.9781404491035794,50.0,0.0375,1,1754514000000,16.727,0.03736151646911668,-0.25950622431354586
1754564399999,1754564400000,17.294,2.891176130449867,50.0,0.0375,1,1754906400000,21.711,0.04707774372614779,12.68574722447091
1754582399999,1754582400000,17.832,2.8039479587258858,50.0,0.0375,2,1754906400000,21.711,0.045657385598923274,10.793356746298779
1754596799999,1754596800000,18.285,2.7344818156959256,50.0,0.0375,3,1754906400000,21.711,0.04452625102543068,9.286308449548807
1755003599999,1755003600000,22.334,2.238739142115161,50.0,0.0375,1,1755162000000,23.342,0.039192486791439066,2.1799565684606406
1755403199999,1755403200000,23.376,2.138945927446954,50.0,0.0375,1,1755572400000,24.832,0.03983572895277207,3.0369695414099893
1755442799999,1755442800000,25.597,1.953353908661171,50.0,0.0375,2,1755572400000,24.832,0.03637926319490565,-1.5681950033207017
1755557999999,1755558000000,26.208,1.907814407814408,50.0,0.0375,3,1755572400000,24.832,0.03553113553113554,-2.69818376068376
1755680399999,1755680400000,25.082,1.9934614464556255,50.0,0.0375,1,1755792000000,25.072,0.03748504903915158,-0.09491966350370831
1755687599999,1755687600000,25.109,1.9913178541558803,50.0,0.0375,2,1755792000000,25.072,0.03744474092954717,-0.14862350153331363
1755694799999,1755694800000,25.309,1.9755818088427042,50.0,0.0375,3,1755792000000,25.072,0.037148840333478206,-0.5428617290292038
1755874799999,1755874800000,26.058,1.9187965308158723,50.0,0.0375,1,1755946800000,25.624,0.036875431729219435,-0.9071331261033094
1756061999999,1756062000000,26.375,1.8957345971563981,50.0,0.0375,1,1756069200000,25.863,0.03677203791469194,-1.0448881516587734
1756389599999,1756389600000,25.809,1.9373086907667867,50.0,0.0375,1,1756396800000,24.775,0.035997617110310354,-2.0766748033631743
1756915199999,1756915200000,23.803,2.1005755577028107,50.0,0.0375,1,1756954800000,23.586,0.037158131327983866,-0.5304830273494957
1757401199999,1757401200000,23.616,2.1172086720867207,50.0,0.0375,1,1757466000000,22.898,0.036359883130081296,-1.5940157096883554
1757512799999,1757512800000,23.752,2.1050858875042104,50.0,0.0375,1,1757782800000,24.639,0.03890040838666218,1.7908107738295782
1757624399999,1757624400000,24.172,2.0685090186993214,50.0,0.0375,2,1757782800000,24.639,0.03822449528379943,0.8902692164487803
1757645999999,1757646000000,24.66,2.02757502027575,50.0,0.0375,3,1757782800000,24.639,0.037468065693430655,-0.1175471411192234
1758218399999,1758218400000,24.562,2.0356648481394024,50.0,0.0375,1,1758279600000,24.215,0.03697021822327172,-0.7808459205276449
1759100399999,1759100400000,21.659,2.3085091647813845,50.0,0.0375,1,1759111200000,21.419,0.03708446835033936,-0.6286266678978606
1759175999999,1759176000000,21.712,2.3028739867354457,50.0,0.0375,1,1759226400000,21.262,0.036722780029476786,-1.1105160740604334
1759309199999,1759309200000,22.156,2.256725040621051,50.0,0.0375,1,1759417200000,22.086,0.037381521935367396,-0.2328522747788412
1759330799999,1759330800000,22.397,2.232441844889941,50.0,0.0375,2,1759417200000,22.086,0.03697928293967942,-0.7687686967004538
1759431599999,1759431600000,22.962,2.177510669802282,50.0,0.0375,1,1759474800000,22.403,0.036587078651685395,-1.2913155430711627
1759633199999,1759633200000,22.438,2.2283625991621356,50.0,0.0375,1,1759687200000,22.25,0.03718580087351814,-0.4936179695160007
1759759199999,1759759200000,22.628,2.2096517588828,50.0,0.0375,1,1759849200000,22.178,0.03675424253137706,-1.068597534028639
1760068799999,1760068800000,22.399,2.232242510826376,50.0,0.0375,1,1760079600000,22.332,0.03738782981383098,-0.2244480780391939
1760075999999,1760076000000,22.578,2.214545132429799,50.0,0.0375,2,1760079600000,22.332,0.0370914164230667,-0.6193695190007972
1761418799999,1761418800000,18.12,2.759381898454746,50.0,0.0375,1,1761444000000,17.823,0.03688534768211921,-0.8939217715231734
1761479999999,1761480000000,18.309,2.730897372876727,50.0,0.0375,1,1761598800000,18.278,0.03743650663608061,-0.15959432519527042
1761519599999,1761519600000,18.596,2.688750268875027,50.0,0.0375,2,1761598800000,18.278,0.036858733060873304,-0.9293813185631364
1761526799999,1761526800000,18.697,2.674225811627534,50.0,0.0375,3,1761598800000,18.278,0.03665962453869605,-1.194660239610633
1761760799999,1761760800000,18.396,2.7179821700369646,50.0,0.0375,1,1761764400000,18.138,0.03697407045009785,-0.7757134703196286
1762700399999,1762700400000,15.695,3.1857279388340234,50.0,0.0375,1,1762848000000,15.981,0.0381833386428799,0.8354348518636471
1762718399999,1762718400000,16.081,3.109259374417014,50.0,0.0375,2,1762848000000,15.981,0.037266805546918726,-0.38569274298862266
1762768799999,1762768800000,16.545,3.0220610456331216,50.0,0.0375,3,1762848000000,15.981,0.03622166817769719,-1.778164097914781
1762948799999,1762948800000,16.107,3.104240392375986,50.0,0.0375,1,1762959600000,15.803,0.03679223319053828,-1.0179813124728327
1764007199999,1764007200000,13.127,3.8089433991010893,50.0,0.0375,1,1764014400000,12.992,0.03711434448084102,-0.5888217033594841
1764017999999,1764018000000,13.106,3.8150465435678313,50.0,0.0375,1,1764028800000,12.962,0.03708797497329467,-0.6239546772470689
1764179999999,1764180000000,13.364,3.741394791978449,50.0,0.0375,1,1764295200000,13.16,0.0369275665968273,-0.8376721041604384
1764511199999,1764511200000,13.312,3.7560096153846154,50.0,0.0375,1,1764547200000,12.944,0.03646334134615385,-1.4561748798076892
1764521999999,1764522000000,13.371,3.73943609303717,50.0,0.0375,2,1764547200000,12.944,0.03630244559120485,-1.6705416573180742
1764752399999,1764752400000,14.463,3.457097421005324,50.0,0.0375,1,1764860400000,14.228,0.03689068657954781,-0.886808580515796
1764809999999,1764810000000,14.755,3.388681802778719,50.0,0.0375,2,1764860400000,14.228,0.03616062351745171,-1.8594959335818388
1765295999999,1765296000000,14.402,3.4717400361060964,50.0,0.0375,1,1765382400000,14.012,0.03648451603943897,-1.4279631301208142
1766872799999,1766872800000,12.399,4.032583272844585,50.0,0.0375,1,1766876400000,12.378,0.037436486813452706,-0.15962073554318437
1766879999999,1766880000000,12.516,3.9948865452221156,50.0,0.0375,1,1766948400000,12.36,0.03703259827420901,-0.6977348993288629
1766973599999,1766973600000,12.628,3.959455178967374,50.0,0.0375,1,1767013200000,12.372,0.036739784605638266,-1.087860310421283
1767088799999,1767088800000,12.529,3.9907414797669407,50.0,0.0375,1,1767114000000,12.467,0.037314430521190836,-0.3222404022667419
1767290399999,1767290400000,12.441,4.018969536210915,50.0,0.0375,1,1767722400000,13.511,0.04072522305280925,4.222072180692857
1767304799999,1767304800000,12.546,3.985333970986769,50.0,0.0375,2,1767722400000,13.511,0.04038438546150167,3.7679628965407317
1767326399999,1767326400000,12.924,3.8687712782420305,50.0,0.0375,3,1767722400000,13.511,0.03920322655524606,2.194265513772828
1768186799999,1768186800000,13.438,3.7207917844917398,50.0,0.0375,1,1768190400000,13.359,0.03727954308676887,-0.3687220940616157
1768316399999,1768316400000,13.397,3.7321788460103007,50.0,0.0375,1,1768449600000,13.753,0.03849649175188475,1.2526591774277818
1768345199999,1768345200000,14.128,3.539071347678369,50.0,0.0375,2,1768449600000,13.753,0.03650463618346546,-1.4011563915628558
1768762799999,1768762800000,13.845,3.6114120621162873,50.0,0.0375,1,1768766400000,13.767,0.0372887323943662,-0.3564788732394376
1771063199999,1771063200000,8.972,5.572893446277307,50.0,0.0375,1,1771160400000,8.832,0.036914846188140886,-0.8546199286669548
1771070399999,1771070400000,9.032,5.535872453498671,50.0,0.0375,2,1771160400000,8.832,0.0366696191319752,-1.1813441098317115
1771081199999,1771081200000,9.027,5.538938739337543,50.0,0.0375,3,1771160400000,8.832,0.03668993020937189,-1.154282984380187
1771279199999,1771279200000,8.944,5.590339892665473,50.0,0.0375,1,1771308000000,8.853,0.03711845930232558,-0.5833393895348905
1771603199999,1771603200000,8.825,5.6657223796034,50.0,0.0375,1,1771740000000,8.827,0.03750849858356941,-0.06367705382435532
1771624799999,1771624800000,8.975,5.571030640668524,50.0,0.0375,2,1771740000000,8.827,0.0368816155988858,-0.8988941504178228
1772024399999,1772024400000,8.81,5.675368898978434,50.0,0.0375,1,1772125200000,8.885,0.037819239500567536,0.3503334279228213
1772330399999,1772330400000,8.995,5.5586436909394115,50.0,0.0375,1,1772355600000,8.873,0.03699138410227905,-0.752645914396885
1772467199999,1772467200000,9.102,5.4932981762250055,50.0,0.0375,1,1772514000000,8.839,0.03641644693473962,-1.5186538672819112
1772614799999,1772614800000,9.178,5.447809980387883,50.0,0.0375,1,1772733600000,9.078,0.0370914142514709,-0.6193724122902665
1772639999999,1772640000000,9.496,5.265374894692502,50.0,0.0375,2,1772733600000,9.078,0.0358493049705139,-2.274276010951985
1773064799999,1773064800000,8.914,5.609154139555756,50.0,0.0375,1,1773079200000,8.908,0.037474758806372,-0.10862968364370432
1773363599999,1773363600000,9.249,5.405989836739106,50.0,0.0375,1,1773442800000,9.061,0.036737755433019784,-1.090563844739981
1773410399999,1773410400000,9.518,5.253204454717377,50.0,0.0375,2,1773442800000,9.061,0.035699464173145616,-2.4739138999789945
1773532799999,1773532800000,9.162,5.457323728443571,50.0,0.0375,1,1773813600000,9.792,0.04007858546168958,3.360535363457751
1773543599999,1773543600000,9.225,5.420054200542006,50.0,0.0375,2,1773813600000,9.792,0.03980487804878049,2.9958658536585374
1773615599999,1773615600000,9.48,5.274261603375527,50.0,0.0375,3,1773813600000,9.792,0.038734177215189874,1.5693354430379727
1774871999999,1774872000000,8.865,5.640157924421883,50.0,0.0375,1,1774879200000,8.843,0.03740693739424704,-0.19899041173152768
1775026799999,1775026800000,9.089,5.501155242600946,50.0,0.0375,1,1775095200000,8.736,0.03604356914952141,-2.015451369787647
1775429999999,1775430000000,8.706,5.7431656328968534,50.0,0.0375,1,1775516400000,8.814,0.03796519641626465,0.5447966919365982
1775599199999,1775599200000,8.883,5.628729032984353,50.0,0.0375,1,1775674800000,8.959,0.03782083755488011,0.35246256895192973
1775757599999,1775757600000,9.007,5.551237926057511,50.0,0.0375,1,1775761200000,8.961,0.03730848229155102,-0.33016542689018846
1775764799999,1775764800000,9.003,5.553704320781962,50.0,0.0375,1,1775779200000,8.942,0.03724591802732423,-0.41352188159502246
1775833199999,1775833200000,9.121,5.4818550597522195,50.0,0.0375,1,1775916000000,8.982,0.03692851661002083,-0.8364063699155849
1775847599999,1775847600000,9.129,5.4770511556577945,50.0,0.0375,2,1775916000000,8.982,0.03689615511008873,-0.8795226749917816
1775933999999,1775934000000,9.198,5.435964340073929,50.0,0.0375,1,1775959200000,8.784,0.03581213307240705,-2.3238013698630042
1776110399999,1776110400000,9.018,5.544466622310933,50.0,0.0375,1,1776193200000,8.969,0.03729624085163007,-0.3464751053448708
1776121199999,1776121200000,9.327,5.360780529645116,50.0,0.0375,2,1776193200000,8.969,0.036060630427790286,-1.9927200600407446
1776257999999,1776258000000,9.158,5.459707359685521,50.0,0.0375,1,1776502800000,9.493,0.03887175147412099,1.7526302140205359
1776265199999,1776265200000,9.203,5.433010974682169,50.0,0.0375,2,1776502800000,9.493,0.03868167988699338,1.4993915027708424
1776275999999,1776276000000,9.238,5.412426932236415,50.0,0.0375,3,1776502800000,9.493,0.03853512665079022,1.3041337410695006
1776769199999,1776769200000,9.465,5.282620179609086,50.0,0.0375,1,1776794400000,9.341,0.03700871632329636,-0.7295536185948265
1776826799999,1776826800000,9.509,5.258176464402145,50.0,0.0375,1,1776891600000,9.369,0.03694789147123777,-0.8105925964875439
1776992399999,1776992400000,9.374,5.333902282910177,50.0,0.0375,1,1776999600000,9.333,0.03733598250480052,-0.29352597610411235
1777064399999,1777064400000,9.427,5.303914288745094,50.0,0.0375,1,1777071600000,9.363,0.03724541211414024,-0.4141959265938254
1777190399999,1777190400000,9.418,5.308982798895732,50.0,0.0375,1,1777269600000,9.348,0.037221278403057986,-0.44635007432574836
1777201199999,1777201200000,9.44,5.296610169491526,50.0,0.0375,2,1777269600000,9.348,0.037134533898305094,-0.5619226694915141
1777251599999,1777251600000,9.537,5.242738806752647,50.0,0.0375,3,1777269600000,9.348,0.03675684177414282,-1.0651344762503911
1777456799999,1777456800000,9.379,5.331058748267406,50.0,0.0375,1,1777467600000,9.271,0.03706818424139034,-0.6503225290542701
1777859999999,1777860000000,9.248,5.406574394463668,50.0,0.0375,1,1778166000000,9.869,0.04001811202422145,3.279964586937717
1777885199999,1777885200000,9.396,5.321413367390378,50.0,0.0375,2,1778166000000,9.869,0.03938777139208173,2.4401407513835607
1777967999999,1777968000000,9.599,5.2088759245754765,50.0,0.0375,3,1778166000000,9.869,0.038554797374726536,1.330341702260648
1778252399999,1778252400000,10.032,4.984051036682615,50.0,0.0375,1,1778511600000,10.473,0.039148474880382776,2.1213180322966507
1778291999999,1778292000000,10.57,4.7303689687795645,50.0,0.0375,2,1778511600000,10.473,0.037155865657521284,-0.5335016556291435
1778403599999,1778403600000,10.485,4.768717215069147,50.0,0.0375,3,1778511600000,10.473,0.037457081545064386,-0.13218168812588119
1778655599999,1778655600000,10.508,4.75827940616673,50.0,0.0375,1,1778677200000,10.319,0.03682551389417587,-0.9736403216596855
1778770799999,1778770800000,10.481,4.770537162484496,50.0,0.0375,1,1778817600000,10.413,0.037256702604713296,-0.39915322965365474
1779454799999,1779454800000,9.993,5.0035024517162014,50.0,0.0375,1,1779462000000,9.775,0.036681927349144404,-1.164945461823271
1779569999999,1779570000000,9.753,5.126627704296114,50.0,0.0375,1,1779573600000,9.616,0.03697323900338357,-0.7768212344919533
1779706799999,1779706800000,9.581,5.2186619350798455,50.0,0.0375,1,1779710400000,9.528,0.03729255818808058,-0.3513816407473044
1779721199999,1779721200000,9.609,5.203455094182537,50.0,0.0375,1,1779739200000,9.547,0.03725803933812051,-0.3973722551774358
1781351999999,1781352000000,7.987,6.260172780768749,50.0,0.0375,1,1781413200000,7.915,0.03716195066983848,-0.5253943908851951
1781474399999,1781474400000,8.068,6.197322756569163,50.0,0.0375,1,1781622000000,8.156,0.03790902330193357,0.46995537927615916
1781531999999,1781532000000,8.467,5.905279319711822,50.0,0.0375,2,1781622000000,8.156,0.03612259359867721,-1.9101644620290572
1781539199999,1781539200000,8.557,5.843169335047329,50.0,0.0375,3,1781622000000,8.156,0.03574266682248452,-2.4163535701764673
1782129599999,1782129600000,8.084,6.185056902523503,50.0,0.0375,1,1782140400000,8.015,0.03717992330529442,-0.5014488495794097
1782917999999,1782918000000,7.344,6.808278867102397,50.0,0.0375,1,1783220400000,7.887,0.04027267156862745,3.6191227532679675
1782943199999,1782943200000,7.475,6.688963210702341,50.0,0.0375,2,1783220400000,7.887,0.03956688963210702,2.6787859531772553
1782964799999,1782964800000,7.535,6.635700066357001,50.0,0.0375,3,1783220400000,7.887,0.039251824817518245,2.259014598540142
1783288799999,1783288800000,8.046,6.214267959234403,50.0,0.0375,1,1783317600000,7.935,0.03698266219239374,-0.7642664056674121
1783648799999,1783648800000,7.873,6.350819255683983,50.0,0.0375,1,1783814400000,7.908,0.03766670900546171,0.1471119649434783
1783792799999,1783792800000,8.083,6.185822095756526,50.0,0.0375,2,1783814400000,7.908,0.03668811084993196,-1.1567069776073198
1784033999999,1784034000000,8.185,6.108735491753206,50.0,0.0375,1,1784196000000,8.408,0.03852168601099572,1.2862263286499611
1784116799999,1784116800000,8.42,5.938242280285036,50.0,0.0375,2,1784196000000,8.408,0.03744655581947744,-0.14620546318290054
1784127599999,1784127600000,8.554,5.845218611176058,50.0,0.0375,3,1784196000000,8.408,0.03685994856207622,-0.9277618657937822
1784408399999,1784408400000,8.349,5.988741166606779,50.0,0.0375,1,1784412000000,8.34,0.037459575997125405,-0.12885824649658986
1784516399999,1784516400000,8.467,5.905279319711822,50.0,0.0375,1,1784527200000,8.331,0.03689766150938939,-0.8775156489902102
1784548799999,1784548800000,8.507,5.877512636652169,50.0,0.0375,1,1784707200000,8.58,0.03782179381685671,0.35373662865875277
1784563199999,1784563200000,8.552,5.846585594013097,50.0,0.0375,2,1784707200000,8.58,0.03762277829747428,0.08858161833489361
1784570399999,1784570400000,8.573,5.832264084917765,50.0,0.0375,3,1784707200000,8.58,0.03753061938644582,-0.034204770792021576
1785092399999,1785092400000,8.604,5.8112505811250585,50.0,0.0375,1,1785168000000,8.571,0.037356171548117156,-0.266627440725243
1785106799999,1785106800000,8.787,5.690224194833276,50.0,0.0375,2,1785168000000,8.571,0.036578183680437006,-1.3031666097644306
1785419999999,1785420000000,8.516,5.871301080319399,50.0,0.0375,1,1785445200000,8.45,0.03720937059652419,-0.46221524189760144
1786039199999,1786039200000,8.333,6.000240009600384,50.0,0.0375,1,1786046400000,8.192,0.03686547461898476,-0.9203993159726366
1786186799999,1786186800000,8.343,5.9930480642454755,50.0,0.0375,1,1786316400000,8.256,0.037108953613807984,-0.5960041352031652
1786413599999,1786413600000,8.424,5.935422602089269,50.0,0.0375,1,1786572000000,8.644,0.03847934472934473,1.2298136277302958
1786435199999,1786435200000,8.473,5.901097604154372,50.0,0.0375,2,1786572000000,8.644,0.038256815767732794,0.9333308745426635
1786535999999,1786536000000,8.875,5.633802816901408,50.0,0.0375,3,1786572000000,8.644,0.03652394366197183,-1.3754323943661988
1786633199999,1786633200000,8.845,5.6529112492933855,50.0,0.0375,1,1786640400000,8.72,0.03697003957037874,-0.7810839457320554
1786658399999,1786658400000,8.869,5.637614161686774,50.0,0.0375,1,1786690800000,8.76,0.03703912504228211,-0.6890390686661391
1786733999999,1786734000000,8.942,5.591590248266607,50.0,0.0375,1,1786917600000,9.388,0.03937038693804518,2.4169788637888643
1786755599999,1786755600000,9.083,5.50478916657492,50.0,0.0375,2,1786917600000,9.388,0.03875922052185401,1.60270147528349
1786935599999,1786935600000,9.527,5.248241838983941,50.0,0.0375,1,1786946400000,9.405,0.03701978587173297,-0.7148052902277712
1787111999999,1787112000000,9.698,5.1557022066405445,50.0,0.0375,1,1787436000000,11.506,0.04449113219220458,9.239518457413903
1787122799999,1787122800000,9.675,5.167958656330749,50.0,0.0375,2,1787436000000,11.506,0.044596899224806204,9.380435400516797
1787137199999,1787137200000,9.79,5.107252298263535,50.0,0.0375,3,1787436000000,11.506,0.044073033707865174,8.682471910112364
1787572799999,1787572800000,11.72,4.266211604095563,50.0,0.0375,1,1787594400000,11.5,0.03679607508532423,-1.0128626279863497
1787788799999,1787788800000,11.617,4.3040371868812946,50.0,0.0375,1,1787792400000,11.488,0.03708358440216924,-0.6298043815098552
1787821199999,1787821200000,11.853,4.2183413481818945,50.0,0.0375,1,1787932800000,11.561,0.03657618324474816,-1.3058318569138678
1788098399999,1788098400000,11.541,4.332380209687202,50.0,0.0375,1,1788123600000,11.507,0.03738952430465298,-0.2221904514340153
