open_time,open,high,low,close,volume,quote_vol,close_time,upper,lower,sma50,sma100,sma150,sma200,entry,exit
1632960000000,2850.45,3048.42,2837.19,3000.61,506896.7612,1514341937.307,1633046399999,,,,,,,False,False
1633046400000,3000.62,3330.0,2969.07,3309.91,648714.6151,2063112280.668,1633132799999,,,,,,,False,False
1633132800000,3309.91,3469.0,3257.0,3387.76,422551.1811,1417055615.817,1633219199999,,,,,,,False,False
1633219200000,3387.77,3488.0,3342.51,3417.73,360586.89050000004,1231536168.315,1633305599999,,,,,,,False,False
1633305600000,3417.73,3437.19,3270.0,3386.31,485204.642,1631562261.555,1633391999999,,,,,,,False,False
1633392000000,3386.31,3545.0,3363.78,3515.27,393900.8818,1355905889.611,1633478399999,,,,,,,False,False
1633478400000,3515.48,3632.11,3342.0,3574.89,618265.5402,2172519696.5629997,1633564799999,,,,,,,False,False
1633564800000,3574.88,3653.98,3470.8,3587.47,486102.3591,1736906584.276,1633651199999,,,,,,,False,False
1633651200000,3587.47,3695.0,3532.0,3563.13,403597.1437,1455713871.288,1633737599999,,,,,,,False,False
1633737600000,3563.13,3635.0,3538.07,3574.82,361906.7514,1299757023.4989998,1633823999999,,,,,,,False,False
1633824000000,3574.83,3604.0,3405.0,3414.22,580223.6302,2049128230.3439999,1633910399999,,,,,,,False,False
1633910400000,3414.22,3623.8,3371.0,3542.12,493521.882,1743391083.659,1633996799999,,,,,,,False,False
1633996800000,3542.12,3547.11,3403.21,3491.46,409377.1918,1425455761.407,1634083199999,,,,,,,False,False
1634083200000,3491.43,3613.0,3412.7,3607.42,393463.1222,1376610269.517,1634169599999,,,,,,,False,False
1634169600000,3607.41,3824.0,3586.04,3790.82,481894.1473,1792792932.9429998,1634255999999,,,,,,,False,False
1634256000000,3790.82,3907.77,3734.1,3868.99,504321.732,1924965953.859,1634342399999,,,,,,,False,False
1634342400000,3868.38,3971.0,3803.56,3829.96,373727.8549,1452752901.397,1634428799999,,,,,,,False,False
1634428800000,3829.96,3919.19,3640.0,3846.85,368898.98309999995,1406207658.841,1634515199999,,,,,,,False,False
1634515200000,3847.0,3893.14,3676.0,3744.96,401819.9734,1520728621.309,1634601599999,,,,,,,False,False
1634601600000,3744.96,3886.89,3732.0,3877.03,341268.3723,1300066269.934,1634687999999,3968.3207816762347,3079.354807859916,,,,,False,False
1634688000000,3876.98,4169.0,3828.05,4161.15,537383.09732,2149449047.367,1634774399999,4002.5767884788465,3171.122131347408,,,,,False,False
1634774400000,4161.37,4375.0,4013.13,4052.99,798566.55805,3335123440.998,1634860799999,4102.053665613526,3230.4855585958267,,,,,False,False
1634860800000,4053.0,4167.41,3888.0,3972.2,463222.5428,1872218697.8509998,1634947199999,4149.134573356928,3257.2689835900715,,,,,False,False
1634947200000,3972.19,4172.0,3937.51,4167.12,326576.9601,1323345505.757,1635033599999,4190.245956195912,3274.8469249467335,,,,,False,False
1635033600000,4167.13,4186.57,3961.5,4082.33,350115.8386,1421627004.336,1635119999999,4223.113322666947,3309.153076150423,,,,,False,False
1635120000000,4082.33,4236.0,4067.71,4220.37,347438.6534,1445430078.546,1635206399999,4262.268280581993,3328.490916196766,,,,,False,False
1635206400000,4220.36,4297.0,4090.21,4131.52,414498.15989999997,1739912498.469,1635292799999,4307.6943121840395,3358.4562994618946,,,,,False,False
1635292800000,4131.52,4307.0,3909.0,3922.0,704604.25,2874313313.397,1635379199999,4348.815542735226,3384.030159658373,,,,,False,False
1635379200000,3921.99,4295.0,3890.17,4286.02,626378.5055,2587268364.261,1635465599999,4383.629199058102,3404.811320492468,,,,,False,False
1635465600000,4286.01,4460.47,4265.97,4418.89,559231.07691,2440933126.05,1635551999999,4435.299716774869,3409.0873237958685,,,,,False,False
1635552000000,4418.89,4434.06,4232.2,4322.68,340223.069,1469664811.937,1635638399999,4471.221576329437,3446.170925158347,,,,,False,False
1635638400000,4322.68,4399.14,4164.35,4287.21,412856.2893,1764886607.688,1635724799999,4494.210826608151,3503.903312291784,,,,,False,False
1635724800000,4287.48,4386.58,4146.3,4319.43,417620.7073,1794319887.303,1635811199999,4496.192487019533,3566.638500419066,,,,,False,False
1635811200000,4319.43,4599.6,4284.43,4589.89,468184.79301,2083371519.808,1635897599999,4524.885876628348,3632.2499434647307,,,,,False,False
1635897600000,4589.68,4665.87,4455.0,4603.35,448658.35125,2051737308.0110002,1635983999999,4575.33976363674,3658.443464109102,,,,,False,False
1635984000000,4603.35,4606.65,4420.08,4532.32,368218.25694999995,1663942873.794,1636070399999,4611.0492913387425,3675.75104260439,,,,,False,False
1636070400000,4532.31,4570.05,4438.8,4474.24,305651.7244,1375503505.2280002,1636156799999,4637.846399124246,3690.302181655894,,,,,False,False
1636156800000,4474.24,4530.0,4326.17,4518.0,322154.0973,1429791261.32,1636243199999,4649.043358613256,3743.4749552808944,,,,,False,False
1636243200000,4518.0,4637.98,4502.37,4612.59,243596.5952,1115635571.365,1636329599999,4662.9914255978365,3789.6553701401645,,,,,False,False
1636329600000,4612.59,4822.97,4612.0,4807.98,391102.31806,1850800839.693,1636415999999,4696.003294560681,3827.170396483398,,,,,False,False
1636416000000,4807.98,4838.28,4713.89,4732.33,311267.57998000004,1489567265.669,1636502399999,4747.9419959278575,3849.81543391285,,,,,False,False
1636502400000,4732.33,4868.0,4461.93,4628.78,553596.9916300001,2600175501.165,1636588799999,4800.931276255947,3870.8280820212526,,,,,False,False
1636588800000,4628.68,4779.0,4576.47,4719.0,303688.9765,1425610198.743,1636675199999,4828.10094237109,3910.206768035642,,,,,False,False
1636675200000,4719.0,4809.71,4507.85,4665.46,461580.0415,2146130116.871,1636761599999,4853.331512421591,3950.3012328735117,,,,,False,False
1636761600000,4665.47,4707.6,4584.08,4644.28,220720.6611,1026142451.546,1636847999999,4859.8282163170325,3990.341713804937,,,,,False,False
1636848000000,4644.27,4696.05,4514.12,4626.5,245309.0674,1126786539.405,1636934399999,4863.388225778357,4020.487184829593,,,,,False,False
1636934400000,4626.5,4772.01,4540.0,4563.78,375421.6601,1752738875.792,1637020799999,4874.760987828208,4050.773915906944,,,,,False,False
1637020800000,4563.77,4563.77,4103.0,4209.76,735857.063,3163788841.066,1637107199999,4867.191436649539,4086.666888406556,,,,,False,False
1637107200000,4209.59,4299.91,4063.48,4287.8,472852.1842,1980248927.711,1637193599999,4866.703687059039,4123.570599116944,,,,,False,False
1637193600000,4288.07,4344.81,3956.44,3996.9,576945.1836999999,2387588164.85,1637279999999,4872.208940249091,4074.7260244792465,4057.772,,,,False,True
1637280000000,3996.9,4308.97,3973.01,4294.76,420045.0897,1740904041.284,1637366399999,4878.94557437357,4036.900168418808,4083.655,,,,False,False
1637366400000,4294.75,4435.88,4199.86,4412.17,365584.578,1577172914.215,1637452799999,4877.784277076695,4040.9327237716498,4105.7002,,,,False,False
1637452800000,4412.17,4451.0,4242.41,4258.31,340206.3203,1479842945.951,1637539199999,4875.629906254851,4051.6256139130724,4123.1112,,,,False,False
1637539200000,4259.7,4320.0,4022.74,4085.97,518501.3338,2167112891.866,1637625599999,4879.033393828129,4019.5750581429065,4136.476,,,,False,True
1637625600000,4086.28,4385.59,4059.62,4339.44,502811.7902,2125825553.223,1637711999999,4872.714576729274,3987.8254251342864,4155.5386,,,,False,False
1637712000000,4339.45,4373.94,4167.65,4269.36,448727.0306,1913428104.737,1637798399999,4869.337280342797,3971.94233169849,4170.6204,,,,False,False
1637798400000,4270.1,4550.0,4248.27,4524.85,445868.2434,1962939107.448,1637884799999,4868.451930857954,3963.621097868642,4189.6196,,,,False,False
1637884800000,4524.48,4551.0,3913.0,4041.2,720245.1612,2994490664.0249996,1637971199999,4869.221860320385,3919.050427468834,4198.6942,,,,False,True
1637971200000,4041.2,4183.66,4028.34,4095.29,275326.5202,1133169071.351,1638057599999,4872.150675980446,3892.419379088329,4209.3374,,,,False,False
1638057600000,4095.29,4298.51,3964.0,4294.78,346471.3551,1421535999.7519999,1638143999999,4842.068071170342,3865.747939794295,4223.7366,,,,False,False
1638144000000,4294.77,4458.92,4276.89,4444.53,406881.2284,1772611136.3930001,1638230399999,4804.803715982248,3880.1820491872973,4244.3428,,,,False,False
1638230400000,4444.54,4753.0,4346.36,4630.26,743024.4662,3391424543.471,1638316799999,4785.430123372628,3881.6269533783575,4266.1056,,,,False,False
1638316800000,4630.25,4778.75,4523.99,4582.95,508198.3105,2382156066.737,1638403199999,4785.390147272029,3885.039962439895,4287.935399999999,,,,False,False
1638403200000,4582.95,4634.83,4433.0,4511.21,451861.9545,2047468326.803,1638489599999,4760.598250672634,3888.0829911273545,4306.0112,,,,False,False
1638489600000,4511.35,4654.88,4032.5,4215.73,677974.8659,2972156867.637,1638575999999,4753.7300566359,3883.450952400476,4314.5094,,,,False,True
1638576000000,4215.01,4238.59,3503.68,4117.25,1111773.1451,4370074804.514,1638662399999,4733.198627147798,3781.409559781137,4319.4746000000005,,,,False,False
1638662400000,4117.25,4248.19,4031.39,4196.44,536325.4413,2224220852.28,1638748799999,4694.426934231766,3784.838770568077,4326.8042,,,,False,False
1638748800000,4196.44,4376.15,3921.0,4347.59,726742.9638,2991267298.821,1638835199999,4682.279559331745,3770.1550106057784,4336.819,,,,False,False
1638835200000,4347.57,4425.0,4255.92,4306.4,420749.751,1830621575.428,1638921599999,4684.389609929533,3775.839582405454,4348.047799999999,,,,False,True
1638921600000,4306.4,4450.49,4222.95,4436.91,429403.9351,1868281437.565,1639007999999,4687.556862590348,3791.1724867945436,4359.2454,,,,False,False
1639008000000,4436.91,4488.0,4076.16,4105.64,462173.711,1970732612.6950002,1639094399999,4692.352145676653,3799.764623215793,4358.1352,,,,False,True
1639094400000,4105.64,4231.08,3887.37,3897.94,563236.5671,2287155262.156,1639180799999,4692.857523644663,3776.4070899579224,4355.0342,,,,False,False
1639180800000,3898.31,4097.08,3828.22,4089.37,427853.43429999996,1711893271.976,1639267199999,4699.393205838967,3747.0668869594165,4357.3776,,,,False,False
1639267200000,4089.68,4173.63,3986.25,4130.0,260535.5157,1061361793.041,1639353599999,4702.344590729127,3744.257079023142,4356.635200000001,,,,False,False
1639353600000,4130.0,4142.75,3671.45,3781.93,533467.2307,2068534029.5489998,1639439999999,4704.00131504251,3698.93427290538,4350.6272,,,,False,False
1639440000000,3781.92,3882.74,3685.0,3858.99,395145.7462,1499985094.813,1639526399999,4724.9777148513485,3656.394671813836,4343.399600000001,,,,False,False
1639526400000,3858.99,4092.22,3643.73,4019.08,542068.0573,2102151850.116,1639612799999,4709.244092629371,3612.1847665352766,4341.1508,,,,False,False
1639612800000,4019.54,4113.43,3942.11,3958.11,368780.031,1489983161.8899999,1639699199999,4689.43624097146,3614.33568012484,4341.873,,,,False,False
1639699200000,3959.11,3994.1,3700.0,3875.42,463370.9225,1789265513.243,1639785599999,4694.301479475613,3585.094711310042,4333.661,,,,False,False
1639785600000,3875.43,3996.93,3767.01,3959.93,339593.2543,1326617546.275,1639871999999,4694.708230169963,3568.505632963232,4324.4818,,,,False,False
1639872000000,3959.93,4032.43,3884.0,3924.14,306006.323,1208752533.5970001,1639958399999,4680.2346571936705,3559.947927056998,4316.5109999999995,,,,False,False
1639958400000,3924.14,3983.37,3753.0,3944.73,366916.4771,1416566980.693,1640044799999,4619.539794460643,3546.5762664334598,4309.6614,,,,False,False
1640044800000,3944.72,4063.0,3913.21,4014.15,340826.3553,1364232642.488,1640131199999,4540.230599082569,3572.1822942769995,4303.555799999999,,,,False,False
1640131200000,4014.41,4074.87,3933.4,3979.51,303191.8076,1215914916.527,1640217599999,4481.028200552406,3599.8339946027672,4291.3482,,,,False,False
1640217600000,3979.51,4150.0,3893.23,4111.41,380207.8166,1525274496.506,1640303999999,4407.849428656448,3597.5996235310085,4281.5094,,,,False,False
1640304000000,4111.41,4134.84,4017.17,4046.36,230833.16609999997,943702137.855,1640390399999,4401.391868483365,3651.2088564047326,4271.7901999999995,,,,False,False
1640390400000,4046.35,4137.91,4018.62,4094.83,208126.8805,846912042.1291001,1640476799999,4393.922035846931,3651.2896249550417,4264.202,,,,False,False
1640476800000,4094.36,4105.0,4000.0,4063.56,189309.255,767315615.2694,1640563199999,4368.0266777345405,3653.1565552264206,4255.1132,,,,False,False
1640563200000,4063.57,4127.46,4031.0,4037.23,222225.3761,905682624.777,1640649599999,4330.897467383529,3668.0022458755934,4243.606,,,,False,False
1640649600000,4037.22,4037.23,3759.36,3792.75,358064.7163,1393962041.502,1640735999999,4278.517167886898,3672.011998109035,4223.301399999999,,,,False,False
1640736000000,3792.75,3827.78,3604.2,3630.19,302753.6375,1136202240.4320002,1640822399999,4212.089755580724,3643.7548059684887,4201.2586,,,,False,True
1640822400000,3630.18,3769.1,3585.0,3709.27,249263.7305,921537785.386,1640908799999,4208.889757532955,3612.119101244306,4182.8684,,,,False,False
1640908800000,3709.27,3815.0,3622.29,3676.23,268014.2942,1001765030.1370001,1640995199999,4210.418404537753,3591.433439794762,4162.013,,,,False,False
1640995200000,3676.22,3776.45,3673.46,3765.54,154143.8968,574718328.4529,1641081599999,4202.1769685918125,3578.4474211606434,4144.0146,,,,False,False
1641081600000,3765.54,3857.44,3717.3,3828.27,154791.4263,585374957.7308,1641167999999,4188.8588577667515,3583.29757025314,4127.6944,,,,False,False
1641168000000,3828.11,3853.09,3680.0,3765.89,236245.8586,892944105.554,1641254399999,4189.6400395880155,3582.7348751995137,4110.4822,,,,False,False
1641254400000,3765.89,3900.73,3713.11,3785.11,288258.5549,1098182607.9254,1641340799999,4179.5973554534,3590.784709339615,4094.9088,,,,False,False
1641340800000,3785.1,3848.0,3415.0,3540.63,397942.03630000004,1464819255.0934,1641427199999,4166.350298889331,3534.4383528460244,4081.5262,,,,False,False
1641427200000,3539.82,3550.43,3300.0,3406.81,496745.7413,1698727637.365,1641513599999,4188.616788283948,3469.1423986466443,4063.9063999999994,,,,False,True
1641513600000,3406.81,3416.76,3064.42,3199.24,669631.7262,2149562773.329,1641599999999,4216.435177630851,3355.7455885522672,4047.9532,4052.8626,,,False,False
1641600000000,3198.68,3250.0,3000.0,3080.95,400692.1061,1252795163.487,1641686399999,4247.58445078184,3246.622220752566,4023.677,4053.666,,,False,False
1641686400000,3080.98,3211.72,3057.35,3151.97,275874.1643,864505480.8824,1641772799999,4267.976970478105,3167.278019836704,3998.473,4052.0865999999996,,,False,False
1641772800000,3151.97,3185.0,2928.83,3082.68,529818.3866,1616550523.099,1641859199999,4268.357172922685,3073.264920468575,3974.9604,4049.0357999999997,,,False,False
1641859200000,3082.87,3263.54,3051.8,3239.72,362446.7087,1145852583.6237001,1641945599999,4249.18535428792,3013.2449357212613,3958.0353999999998,4047.2557,,,False,False
1641945600000,3239.73,3411.43,3206.2,3371.26,370465.8015,1226038697.473,1642031999999,4205.694894722703,2980.3582285308676,3938.6718,4047.1052,,,False,False
1642032000000,3371.6,3410.0,3233.43,3240.61,336234.8799,1116293607.688,1642118399999,4158.045381843612,2961.5069178750405,3918.0968000000007,4044.3586,,,False,False
1642118400000,3240.61,3342.79,3188.0,3307.42,285326.3505,931347172.763,1642204799999,4104.288061113289,2945.8826238793363,3893.7482,4041.6839,,,False,False
1642204800000,3307.42,3371.64,3261.0,3326.04,203100.3778,675484534.6568999,1642291199999,4047.5242512328264,2945.041978958079,3879.445,4039.0696,,,False,False
1642291200000,3326.51,3393.6,3269.62,3346.88,210782.2277,701885138.8342,1642377599999,3977.8681853437433,2959.3005830793536,3864.4768,4036.9070999999994,,,False,False
1642377600000,3346.89,3357.57,3141.1,3209.67,284063.6548,922568646.9230001,1642463999999,3916.444753478367,2945.693561053281,3842.7745999999997,4033.2556,,,False,False
1642464000000,3209.68,3243.87,3082.0,3159.85,299134.27280000004,943140782.39,1642550399999,3885.529099653578,2922.692117606968,3817.0809999999997,4030.7119000000002,,,False,False
1642550400000,3159.85,3174.87,3000.0,3084.02,332996.57029999996,1035249881.475,1642636799999,3860.1820103219798,2893.038999934221,3786.1562,4026.1309,,,False,False
1642636800000,3084.02,3273.37,2987.15,3001.48,357596.7062,1124982397.8098001,1642723199999,3820.655768113679,2868.8015661996787,3754.5268,4021.2311,,,False,False
1642723200000,3001.48,3034.12,2403.0,2568.15,1022021.70024,2828122722.883,1642809599999,3790.493771265186,2743.166722400752,3715.6656,4010.8384,,,False,True
1642809600000,2567.47,2626.0,2300.0,2412.18,1081357.54893,2652383041.999,1642895999999,3779.3637731954395,2624.0875491857496,3679.5945999999994,3997.052,,,False,False
1642896000000,2412.18,2556.78,2370.8,2539.01,580497.7613,1431696375.6139998,1642982399999,3753.5895584735267,2542.083571165058,3648.0298,3983.7522000000004,,,False,False
1642982400000,2539.0,2539.75,2159.0,2439.29,1123134.70389,2592832133.2009997,1643068799999,3697.5823585737926,2439.5383467608676,3612.8867999999998,3969.8455,,,False,False
1643068800000,2439.56,2506.55,2348.96,2458.83,510152.954,1237051148.431,1643155199999,3634.390136112859,2372.356392937355,3575.1115999999997,3955.9653000000003,,,False,False
1643155200000,2459.04,2722.0,2402.03,2462.99,806441.62289,2058599145.342,1643241599999,3592.7862082229835,2319.335389042828,3538.2434000000003,3943.1456,,,False,False
1643241600000,2463.0,2521.0,2316.43,2424.25,599481.7159,1448742950.459,1643327999999,3573.309609059884,2257.593077675464,3497.9902,3928.6178000000004,,,False,False
1643328000000,2424.02,2558.98,2357.88,2544.99,485149.8065,1183543182.408,1643414399999,3561.1142419043063,2208.1979756447568,3466.7772000000004,3912.4562,,,False,False
1643414400000,2544.99,2636.66,2520.01,2601.43,376666.8246,966725225.7818999,1643500799999,3544.1211464804637,2181.217659887032,3440.847,3897.9406,,,False,False
1643500800000,2601.43,2640.0,2542.5,2601.68,290770.0859,755039834.5642,1643587199999,3525.9575108067206,2159.6387661635063,3411.0931999999993,3884.2353999999996,,,False,False
1643587200000,2601.67,2706.77,2476.07,2686.94,444584.851,1154488527.5787,1643673599999,3495.840335537374,2133.1641721277947,3382.2319999999995,3869.4336,,,False,False
1643673600000,2686.94,2813.0,2673.52,2787.23,390034.27362,1075341490.8023,1643759999999,3443.729892657725,2129.627834704358,3362.3379999999997,3856.4825999999994,,,False,False
1643760000000,2787.48,2810.88,2612.72,2680.67,447852.1228,1215958780.1234,1643846399999,3386.753814772077,2128.2926252319567,3338.7716000000005,3841.0856,,,False,False
1643846400000,2680.25,2726.64,2576.05,2695.46,405043.3931,1068724165.622,1643932799999,3333.2254203696757,2127.2862901444346,3312.2992,3826.725,,,False,False
1643932800000,2695.21,2995.0,2671.4,2994.99,664002.9328000001,1889746043.716,1644019199999,3283.6171053640783,2143.996209014851,3293.0368,3817.4549000000006,,,False,False
1644019200000,2994.99,3060.47,2958.01,3012.65,356803.3071,1073972573.3484,1644105599999,3232.2104488714845,2168.5477696335765,3275.7813999999994,3804.7212,,,False,False
1644105600000,3012.64,3074.56,2950.21,3054.99,249394.5966,749957614.9686999,1644191999999,3185.639607208116,2182.5974405713214,3257.6826,3791.0822,,,False,False
1644192000000,3055.0,3186.0,2991.8,3139.77,455070.2529,1410603197.757,1644278399999,3175.6338927670295,2189.686243942614,3241.9952000000003,3779.2531,,,False,False
1644278400000,3139.77,3232.87,3025.21,3116.69,514773.5837,1602652876.882,1644364799999,3185.4690851851788,2187.8336807981227,3225.4344,3767.5478999999996,,,False,False
1644364800000,3116.69,3269.7,3055.0,3243.94,370267.8913,1171445663.965,1644451199999,3184.7773533933214,2182.8508025363126,3210.0302,3756.7929999999997,,,False,False
1644451200000,3243.6,3283.66,3056.74,3072.49,578212.8383,1839815885.6349998,1644537599999,3222.0905731009957,2192.8022221070014,3191.8898,3741.6189999999997,,,False,True
1644537600000,3072.36,3138.62,2879.0,2927.54,462025.8751,1404238408.517,1644623999999,3254.3388046327236,2228.4177964786686,3168.2124,3724.8608999999997,,,False,False
1644624000000,2927.54,2985.98,2858.3,2918.88,336250.3131,981432045.703,1644710399999,3265.1348477919655,2258.702561651385,3145.6628,3708.7264999999998,,,False,False
1644710400000,2918.58,2954.4,2836.7,2871.13,242751.3547,705260941.4837999,1644796799999,3269.729732072285,2329.437669420328,3121.1888,3692.6953999999996,,,False,False
1644796800000,2871.14,2964.97,2829.01,2929.75,381778.238,1107566192.8890002,1644883199999,3269.186966232864,2372.365555134115,3098.5126,3676.8129,,,False,False
1644883200000,2929.75,3196.19,2912.06,3183.52,448971.754,1381094746.212,1644969599999,3297.839781431563,2411.820498670253,3081.4384000000005,3662.5222,,,False,False
1644969600000,3183.53,3186.77,3044.03,3122.3,319997.62440000003,999219896.169,1645055999999,3309.5580970336864,2471.1272550772596,3068.0294,3645.6654,,,False,False
1645056000000,3122.31,3160.0,2851.55,2891.87,488693.2624,1467352492.888,1645142399999,3313.2854275138207,2532.409467376294,3053.263,3627.2607999999996,,,False,True
1645142400000,2891.88,2943.97,2750.0,2779.48,502977.4069,1428246802.953,1645228799999,3303.4272159854436,2561.4918671062933,3034.6672,3608.7678,,,False,False
1645228800000,2779.3,2830.96,2694.45,2763.63,293838.0025,812399991.5550001,1645315199999,3290.7097342712773,2583.1368178571815,3016.4152000000004,3589.2140999999997,,,False,False
1645315200000,2763.63,2764.64,2576.0,2621.99,386384.904,1023095361.858,1645401599999,3286.3242726947196,2602.4410202884937,2993.5442,3568.7794,,,False,False
1645401600000,2621.99,2759.51,2558.0,2568.02,761838.9858,2030019705.148,1645487999999,3289.2329907269773,2584.8490659877484,2968.3392000000003,3548.0168,,,False,True
1645488000000,2568.03,2665.74,2500.0,2636.29,692639.4942000001,1787436157.608,1645574399999,3299.077474508003,2565.5986274382367,2945.7472,3528.1147,,,False,False
1645574400000,2636.28,2753.55,2575.83,2579.71,504470.1412,1347740672.086,1645660799999,3297.3838078560816,2565.5638519338027,2921.6392000000005,3508.2739999999994,,,False,False
1645660800000,2579.7,2740.0,2300.0,2596.2,1395732.7753,3417715584.1879997,1645747199999,3299.4118707176945,2498.4763495412208,2902.7506,3492.1384,,,False,False
1645747200000,2596.26,2834.97,2571.72,2768.49,679394.1762,1818778014.6030002,1645833599999,3292.8177984242825,2474.239826826412,2889.9842000000003,3476.9453,,,False,False
1645833600000,2768.05,2878.0,2727.5,2779.47,418485.25289999996,1169315477.809,1645919999999,3284.1183444127246,2467.3790908196174,2881.5887999999995,3464.771,3662.4379999999996,,False,False
1645920000000,2779.47,2836.33,2557.98,2616.79,650198.7785,1757950720.804,1646006399999,3262.1890130735173,2446.6414442357004,2872.3056,3447.9913,3659.8792,,False,False
1646006400000,2616.79,2951.6,2568.62,2920.95,733794.4488,2004492152.838,1646092799999,3233.714545515654,2432.2379403020045,2867.6852000000003,3433.0791,3657.286133333333,,False,False
1646092800000,2920.83,3037.94,2854.09,2976.33,673901.6976,1983738648.092,1646179199999,3202.27822481913,2439.4317226801386,2865.5582,3420.2592999999997,3654.5432666666666,,False,False
1646179200000,2976.33,3043.91,2914.21,2947.3,614623.7461,1828572588.4620001,1646265599999,3165.5196818068625,2447.528033906069,2859.7098000000005,3408.8726,3651.407066666666,,False,False
1646265600000,2947.31,2970.97,2785.0,2833.99,446192.2353,1282099960.4589999,1646351999999,3146.6228539341573,2447.4187460536896,2848.9644,3393.8181,3647.7249333333334,,False,True
1646352000000,2834.0,2836.17,2573.0,2622.1,556178.7588,1499282207.4819999,1646438399999,3139.749542169935,2434.3068807393765,2836.5942,3377.3455,3641.7704666666673,,False,False
1646438400000,2622.11,2685.12,2589.38,2665.15,268730.3036,709708518.8633001,1646524799999,3138.0087799650955,2424.0766746011986,2823.7488,3358.7484999999997,3635.7055333333333,,False,False
1646524800000,2665.16,2676.29,2535.0,2551.29,336487.90989999997,881200532.2855,1646611199999,3133.5785381834016,2409.7208061971555,2808.2538,3343.8494,3628.797666666667,,False,False
1646611200000,2551.3,2649.0,2445.0,2491.12,620171.6787,1575658962.135,1646697599999,3093.7267024553153,2390.0581435853965,2791.1385999999998,3327.8076999999994,3621.6509333333333,,False,False
1646697600000,2491.12,2624.0,2480.15,2575.97,561659.7421,1438848034.009,1646783999999,3048.945052416349,2395.349689143375,2778.4646000000002,3310.6196,3614.991933333333,,False,False
1646784000000,2575.98,2775.85,2567.7,2726.98,562771.7403,1524779168.022,1646870399999,2998.5066901902774,2395.2725079650795,2769.8071999999997,3293.4440999999997,3610.4103333333337,,False,False
1646870400000,2726.98,2733.25,2550.27,2606.7,559029.9377,1460470256.477,1646956799999,2983.973854864632,2390.5667609708034,2760.2608,3273.2084999999997,3604.1742,,False,False
1646956800000,2606.69,2676.78,2522.57,2556.86,494583.6568,1281060913.835,1647043199999,2980.4824124683923,2383.5408696211125,2751.3684,3252.9476,3597.9435333333336,,False,False
1647043200000,2556.86,2616.79,2553.39,2568.8,219236.5711,567134036.8971,1647129599999,2981.8592157981047,2382.1320802383557,2751.3814,3233.5235,3591.0194,,False,False
1647129600000,2568.8,2603.32,2493.0,2515.65,316942.1601,811775081.5579,1647215999999,2983.050181003721,2376.7692521757594,2753.4508,3216.5227,3582.5182666666674,,False,False
1647216000000,2515.66,2609.6,2498.67,2589.41,386630.1912,991479973.091,1647302399999,2984.5535956464146,2376.641989419505,2754.4588,3201.2443,3573.987733333333,,False,False
1647302400000,2589.42,2669.0,2507.0,2617.73,461202.3014,1189436494.537,1647388799999,2983.2018071940497,2371.7053771719925,2758.0276,3185.4572000000003,3565.9061999999994,,False,False
1647388800000,2617.74,2788.0,2603.38,2773.81,666224.7217,1792497068.361,1647475199999,2985.3545518637698,2410.4625163684714,2764.3272,3169.7194,3558.7526000000003,,False,False
1647475200000,2773.8,2836.0,2746.42,2811.92,379312.541,1058301299.0333999,1647561599999,2985.4394145348633,2412.9288614882544,2771.3057999999996,3154.7745999999997,3552.532333333334,,False,False
1647561600000,2811.91,2984.0,2765.59,2938.92,556535.7966,1590887965.7610002,1647647999999,2999.258564816537,2411.6691301670044,2781.5991999999997,3139.7947,3546.2782666666667,,False,False
1647648000000,2938.84,2987.7,2890.86,2950.84,325971.53979999997,961244629.5109999,1647734399999,3016.5636407942497,2408.0142503311067,2789.7162,3128.2466999999997,3538.2095333333327,,False,False
1647734400000,2950.85,2964.17,2817.21,2861.38,377608.8214,1089196046.053,1647820799999,3018.2392559076166,2412.1755763712167,2794.9152000000004,3117.8811,3530.2654666666663,,False,False
1647820800000,2861.39,2960.57,2829.81,2890.03,450223.9073,1305282353.585,1647907199999,3006.16585678092,2413.530372752626,2800.6822,3105.8876999999998,3523.051,,False,False
1647907200000,2890.03,3052.85,2886.43,2969.64,564868.9839,1692559175.066,1647993599999,3007.8059381007724,2415.9793889189623,2806.3361999999997,3094.2841,3515.0678000000003,,False,False
1647993600000,2969.64,3045.2,2920.65,3036.0,453962.72980000003,1350911495.417,1648079999999,3019.6604413871396,2407.910747388202,2811.3115999999995,3086.8248,3508.0922666666665,,False,False
1648080000000,3035.99,3129.11,2999.11,3110.76,577171.5239,1768485489.445,1648166399999,3059.5562132667137,2402.4032676498146,2819.9133999999995,3079.3425,3500.6948666666667,,False,False
1648166400000,3110.75,3193.28,3076.0,3102.14,489099.55720000004,1532535177.917,1648252799999,3111.110413916444,2394.6449334713193,2828.047,3070.1731,3493.8323333333337,,False,False
1648252800000,3102.13,3153.2,3084.9,3145.0,207134.847,646551585.6816,1648339199999,3148.6979577121942,2399.182254580527,2831.0472000000004,3062.042,3488.6523333333334,,False,False
1648339200000,3145.01,3299.37,3126.02,3295.65,335467.4145,1072163952.3218,1648425599999,3206.1920899607453,2419.666138349233,2836.7072000000003,3056.2443,3482.0498666666667,,False,False
1648425600000,3295.65,3431.15,3275.01,3332.92,527237.1133,1766636914.0509999,1648511999999,3279.448979710467,2430.099276549299,2842.2657999999997,3049.9742000000006,3474.810066666667,,False,False
1648512000000,3332.91,3481.87,3329.68,3400.51,465899.8226,1590016971.387,1648598399999,3354.2268583086707,2435.0446503294284,2847.4806,3044.7379000000005,3468.6622666666667,,False,False
1648598400000,3400.51,3446.9,3331.84,3385.79,356082.5231,1206555998.568,1648684799999,3412.033151729742,2452.61677571881,2852.8626,3039.1485000000002,3462.6528,,False,False
1648684800000,3385.8,3444.83,3261.35,3281.51,455091.2395,1526047563.602,1648771199999,3459.721317002083,2487.411240120215,2853.6139999999996,3031.8221000000003,3455.733333333333,,False,False
1648771200000,3281.51,3481.29,3210.68,3455.21,532169.2392,1780259682.532,1648857599999,3501.244892122429,2526.4565717588257,2861.2684000000004,3026.5791,3448.1687999999995,,False,False
1648857600000,3455.2,3532.2,3433.14,3443.77,499893.29000000004,1740311567.8049998,1648943999999,3539.32571092997,2571.6746499760193,2871.593,3019.9027,3440.4382666666666,,False,False
1648944000000,3443.77,3580.34,3412.11,3521.91,381581.7683,1334671716.894,1649030399999,3573.4446737663466,2629.395587085335,2883.6535999999996,3014.6581999999994,3433.7021999999997,,False,False
1649030400000,3521.9,3547.0,3405.97,3519.5,449984.1586,1564866359.687,1649116799999,3595.273515317227,2698.406845755347,2896.6209999999996,3008.9049,3427.3372666666664,,False,False
1649116800000,3519.5,3555.0,3400.0,3406.99,397782.7437,1383264215.875,1649203199999,3618.584625174,2760.222198095239,2906.1657999999998,3002.3392000000003,3419.9305333333336,,False,True
1649203200000,3407.0,3407.5,3162.39,3168.51,736273.1047,2411228209.987,1649289599999,3619.978242964371,2803.9928296738212,2905.8656,2993.6519999999996,3410.303333333333,,False,False
1649289600000,3168.52,3268.98,3143.15,3227.19,458179.3272,1470465124.581,1649375999999,3618.1502709915408,2848.002015753199,2907.9634,2987.9963999999995,3399.764733333333,,False,False
1649376000000,3227.2,3314.02,3173.52,3192.39,502422.5048,1634901495.647,1649462399999,3616.1107722688016,2875.5717410349366,2913.9738,2983.6184,3389.4984666666664,,False,False
1649462400000,3192.39,3268.4,3181.28,3258.57,212444.2566,683630508.1593,1649548799999,3606.996764549973,2919.6186350661183,2923.5556,2979.1114000000002,3380.363733333333,,False,False
1649548800000,3258.57,3307.22,3193.0,3203.04,232303.2326,756032282.6149,1649635199999,3593.917148084421,2967.440870027703,2932.3438,2974.3794999999996,3370.257333333333,,False,False
1649635200000,3203.04,3213.63,2950.0,2979.74,693394.2912,2127486125.623,1649721599999,3585.453406754749,2979.5009330792973,2939.4988,2966.5215000000003,3359.0192,,False,False
1649721600000,2979.75,3085.0,2950.0,3027.66,579522.9505,1750871209.721,1649807999999,3581.7194108179183,2984.9680412077782,2948.6915999999997,2958.5153999999998,3348.2417333333333,,False,False
1649808000000,3027.65,3128.97,2996.86,3118.28,419101.494,1285303924.979,1649894399999,3581.728389176304,2984.6175872393333,2958.3314,2952.0393000000004,3338.1869333333334,,False,False
1649894400000,3118.28,3145.0,2976.3,3021.98,408382.5572,1249759777.272,1649980799999,3583.781569156509,2970.8342898438973,2967.1767999999997,2944.408,3327.908266666667,,False,False
1649980800000,3021.98,3060.92,2993.13,3040.56,249626.2981,755644733.7345,1650067199999,3590.0186819332594,2959.2067388936575,2976.0640000000003,2939.4073,3320.1135999999997,,False,False
1650067200000,3040.57,3086.1,3010.03,3059.3,176352.4165,536234354.29770005,1650153599999,3594.087380077318,2946.6310194571624,2981.8801999999996,2935.9321999999997,3311.9236,,False,False
1650153600000,3059.3,3083.0,2981.7,2988.06,243772.07400000002,742151590.6218,1650239999999,3587.7447365511675,2924.764063674295,2986.052,2933.8203999999996,3305.198,3493.3415000000005,False,False
1650240000000,2988.07,3069.6,2883.22,3055.56,510251.6536,1508168472.867,1650326399999,3573.3169316410913,2891.2046108868653,2994.8274,2933.5664999999995,3296.9366666666665,3493.61625,False,False
1650326400000,3055.56,3131.0,3030.34,3101.77,359375.0038,1106468538.118,1650412799999,3558.102363296801,2880.8646649616317,2998.4438,2933.0645,3288.2006666666666,3492.57555,False,False
1650412800000,3101.74,3166.5,3036.45,3076.04,415000.0685,1285353922.303,1650499199999,3541.0523762847915,2871.3130966038248,3000.438,2932.9981,3280.3188666666665,3491.01695,False,False
1650499200000,3076.03,3180.0,2942.31,2983.58,562699.697,1736496193.475,1650585599999,3517.4769819151943,2852.8551247763667,3001.1636,2930.4366999999997,3272.9696,3488.8462,False,True
1650585600000,2983.57,3034.32,2930.35,2962.39,452433.082,1350044345.249,1650671999999,3484.031638187768,2846.1206247837813,3003.7315999999996,2926.348,3263.7892666666667,3486.7266000000004,False,False
1650672000000,2962.39,2978.03,2913.89,2933.03,187576.7324,554261385.8517001,1650758399999,3436.505604596838,2842.5422711146393,3009.9501999999998,2923.2722,3254.8804,3483.8154000000004,False,False
1650758400000,2933.04,2967.06,2912.09,2921.0,218957.0222,643702920.8907,1650844799999,3387.1904796164195,2847.239187266805,3015.0671999999995,2919.408,3244.1880666666666,3480.54595,False,False
1650844800000,2920.99,3025.65,2797.01,3006.62,619198.3616,1789151245.676,1650931199999,3320.6260274163556,2846.1851911681574,3024.1738,2916.2138,3237.2908666666667,3477.6417000000006,False,False
1650931200000,3006.63,3039.54,2767.0,2809.67,531184.3504,1544470478.045,1651017599999,3280.2992453151287,2817.5067784226485,3030.5447999999997,2910.8417000000004,3228.7200666666668,3473.8744,False,True
1651017600000,2809.68,2919.87,2794.46,2888.96,488951.2416,1401317315.553,1651103999999,3269.0207328687875,2797.6609767502778,3036.8045999999995,2907.6345999999994,3219.3479333333335,3470.4451,False,False
1651104000000,2888.95,2980.0,2853.83,2936.93,537392.9978,1567476627.908,1651190399999,3241.247298839132,2792.630821300461,3041.0036000000005,2905.4053999999996,3209.2972666666665,3468.05865,False,False
1651190400000,2936.92,2946.46,2776.63,2817.13,525978.147,1503869186.334,1651276799999,3219.6585267676055,2782.372519922554,3045.2122000000004,2902.7364999999995,3197.209733333333,3464.4337,False,True
1651276800000,2817.13,2841.63,2709.26,2726.66,367757.2469,1028113961.633,1651363199999,3193.149812658106,2768.865669719461,3048.6081999999997,2899.9883,3184.834466666667,3460.6097000000004,False,True
1651363200000,2726.67,2849.9,2716.13,2824.81,442544.87919999997,1230927404.407,1651449599999,3178.8113613689015,2744.4681792934007,3053.7283999999995,2902.5549,3173.5918,3456.69665,False,False
1651449600000,2824.81,2894.22,2778.78,2856.54,521706.8567,1476062750.216,1651535999999,3175.382682818281,2732.2161103806825,3060.5461999999998,2906.9984999999997,3164.5305333333336,3452.02525,False,False
1651536000000,2856.54,2861.47,2755.19,2781.7,371331.17960000003,1046307600.938,1651622399999,3166.872905631204,2718.7733625932538,3064.3920000000003,2909.4253999999996,3155.626866666667,3446.5887999999995,False,False
1651622400000,2781.7,2965.85,2771.74,2940.64,548738.0668,1572901182.252,1651708799999,3151.645394390315,2708.7231951705717,3070.8501999999994,2914.4389,3147.254866666667,3442.1422,False,False
1651708800000,2940.65,2954.65,2683.0,2747.97,734845.3194,2055752498.217,1651795199999,3145.8137115428694,2688.489104445437,3070.3333999999995,2917.3302999999996,3136.5907333333334,3436.6478,False,True
1651795200000,2747.96,2758.18,2632.95,2692.85,711449.3234,1918267933.165,1651881599999,3145.67733629152,2664.216500144326,3067.952,2919.6289,3125.8337333333334,3431.38725,False,False
1651881600000,2692.86,2704.36,2584.75,2635.34,371271.4532,987464053.4307001,1651967999999,3146.2378286008307,2634.074623463969,3061.8804,2921.7398,3113.8232666666668,3425.1788,False,False
1651968000000,2635.35,2642.0,2484.0,2519.71,757615.3415,1930282594.66,1652054399999,3148.7939632070975,2586.2632928154717,3053.2578,2921.487,3103.2504,3416.9716,False,True
1652054400000,2519.71,2530.78,2225.0,2228.55,1574924.9793,3725676633.1359997,1652140799999,3148.1018757699703,2489.892860434234,3040.6012,2917.7582,3092.121133333333,3407.8494,False,False
1652140800000,2229.0,2457.34,2200.0,2342.05,1550626.1387,3650912006.063,1652227199999,3139.009317036498,2410.043485784011,3029.6416,2915.1619,3080.472333333333,3399.6986500000003,False,False
1652227200000,2342.04,2451.37,2005.0,2084.99,2022864.83806,4605757120.003,1652313599999,3115.581437597447,2295.7330857705088,3011.9486000000006,2909.1423999999997,3066.838933333333,3389.2880000000005,False,False
1652313600000,2084.99,2195.0,1800.0,1960.22,2305192.9083600002,4485518775.57,1652399999999,3136.529940466122,2155.286619177876,2990.4330000000004,2900.8723000000005,3054.6942,3378.67745,False,False
1652400000000,1960.22,2147.54,1940.23,2009.69,1134042.3387,2355144482.314,1652486399999,3149.8265232298777,2070.173690478691,2968.4116,2894.1625,3042.3655333333336,3367.62405,False,False
1652486400000,2009.69,2070.06,1951.21,2056.48,563788.3078000001,1136170835.746,1652572799999,3156.8981691719673,1999.7311115007774,2947.4983999999995,2887.7727,3029.2815333333333,3357.24885,False,False
1652572800000,2056.47,2167.0,2000.68,2145.29,514398.2587,1067795595.552,1652659199999,3133.919113261395,1943.9553264634612,2927.5042,2879.2756999999997,3017.1960666666664,3348.3652999999995,False,False
1652659200000,2145.29,2145.29,1979.12,2023.66,822070.8531000001,1672324751.612,1652745599999,3100.76390519709,1891.494141725759,2902.0644,2869.3858,3004.851,3337.0535,False,False
1652745600000,2023.66,2122.42,2008.0,2090.72,568249.0448,1175068276.039,1652831999999,3076.2787333628326,1850.3401550842764,2877.2204,2859.7431,2992.3896,3325.41265,False,False
1652832000000,2090.72,2110.72,1908.0,1915.11,631577.2341,1262292139.414,1652918399999,3036.218574268548,1805.3655361289748,2847.5124,2847.4965,2978.996066666667,3313.3747999999996,False,False
1652918400000,1915.11,2040.39,1903.18,2019.55,741476.9794,1461787984.3920002,1653004799999,2995.9786231054513,1764.658935631591,2820.1876,2836.5251000000003,2966.1615333333334,3302.0365,False,False
1653004800000,2019.55,2064.0,1923.0,1959.08,576981.5371,1151839844.608,1653091199999,2961.1453864015743,1730.970215671191,2793.739,2823.6765,2952.4610666666667,3290.2347499999996,False,False
1653091200000,1959.08,1990.86,1937.36,1975.07,238869.7632,470714672.58529997,1653177599999,2921.0149256723726,1706.0145723746978,2764.1362,2812.7023,2939.098133333333,3277.16065,False,False
1653177600000,1975.06,2056.41,1966.33,2043.19,355735.1927,715445185.6268001,1653263999999,2863.542450432106,1696.2099033870813,2736.1246,2803.8588,2925.31,3264.35985,False,False
1653264000000,2043.19,2088.5,1957.12,1973.32,636085.0224,1296599784.113,1653350399999,2802.7279417020463,1693.3485040960022,2705.1528,2794.4032,2911.489733333333,3251.5648500000007,False,False
1653350400000,1973.33,1993.83,1913.02,1979.41,534096.972,1047864199.9326,1653436799999,2712.456883106307,1700.6571610666647,2674.3509999999997,2785.4860000000003,2897.3869333333337,3239.0907,False,False
1653436800000,1979.4,2022.34,1934.61,1942.63,524786.3091,1034922798.423,1653523199999,2605.945638936741,1714.4563675179131,2645.0638,2775.6148000000003,2883.2474,3226.21385,False,False
1653523200000,1942.64,1966.01,1735.0,1792.23,1168740.57514,2157585473.515,1653609599999,2529.642465854434,1714.109471285247,2617.5382,2761.7019,2868.280733333333,3212.1120499999997,False,False
1653609600000,1792.24,1822.26,1703.0,1727.27,1296693.28537,2284866824.038,1653695999999,2458.349406029948,1723.0410685397815,2587.5398,2747.7516000000005,2854.5108666666665,3196.7084999999997,False,False
1653696000000,1727.26,1808.98,1722.26,1792.22,558271.1818,988074924.5521001,1653782399999,2386.852600976107,1742.271845932522,2559.5364,2736.7551000000003,2842.2577333333334,3182.0079500000006,False,False
1653782400000,1792.21,1827.4,1759.96,1813.64,432430.61100000003,776046677.0578,1653868799999,2326.236115072301,1738.541842401669,2530.6378,2727.0967,2829.6202000000003,3167.93225,False,False
1653868800000,1813.64,2013.0,1803.18,1998.78,814922.8359000001,1557925971.047,1653955199999,2267.397882919474,1746.370851374983,2506.5526,2719.4482000000003,2818.4372,3154.33115,False,False
1653955200000,1998.78,2016.45,1925.0,1941.9,751103.4225999999,1477853073.767,1654041599999,2196.168327267015,1747.0323949520407,2485.7958000000003,2712.6472999999996,2806.2796,3140.71335,False,False
1654041600000,1941.9,1972.58,1763.75,1817.95,1037841.2705999999,1954005475.229,1654127999999,2176.20839289353,1742.2043540629054,2461.6016,2705.1466000000005,2792.877466666667,3126.5816999999997,False,False
1654128000000,1817.96,1853.05,1782.42,1834.08,788784.4017,1434781730.185,1654214399999,2164.6047032791935,1731.7043732041957,2435.9176,2697.1244999999994,2779.9987333333333,3112.6196,False,False
1654214400000,1834.09,1843.91,1737.0,1775.12,741282.5346,1319239612.462,1654300799999,2160.416869266513,1716.2619464331244,2410.9804,2689.0786000000003,2766.5988,3098.6763,False,False
1654300800000,1775.13,1816.0,1748.43,1804.58,388279.45790000004,689062742.9812,1654387199999,2141.90057425747,1706.0536248800622,2386.2608,2681.1623999999997,2755.025133333333,3086.6504,False,False
1654387200000,1804.58,1830.17,1773.05,1806.23,371974.5061,670583716.9566,1654473599999,2122.4334542506417,1699.7997762594334,2361.1994,2671.5398000000005,2744.3546,3074.24255,False,False
1654473600000,1806.22,1920.0,1804.35,1859.84,804250.3567,1509754495.647,1654559999999,2103.000397252841,1700.4334224776424,2338.635,2662.3435,2735.4252666666666,3063.5572500000003,False,False
1654560000000,1859.84,1874.98,1725.13,1813.33,1397598.2288,2491786694.534,1654646399999,2082.874942948386,1689.1867720269881,2313.7904,2654.3089,2726.9744666666666,3051.1501000000003,False,False
1654646400000,1813.33,1838.77,1765.28,1791.88,941510.1373000001,1696874614.384,1654732799999,2072.222693144871,1683.6401336495965,2287.5926,2643.0182,2717.9072,3038.0486499999997,False,False
1654732800000,1791.88,1833.0,1777.33,1788.81,535310.9617999999,963245550.843,1654819199999,2056.3187300198497,1680.644285486115,2261.848,2631.143,2709.2814000000003,3025.70115,False,False
1654819200000,1788.8,1804.32,1655.93,1662.91,955035.7923900001,1648304410.445,1654905599999,2049.5992793167056,1664.654276666857,2235.4346,2618.2991,2698.769333333333,3013.5858499999995,False,True
1654905600000,1662.91,1682.21,1496.74,1532.89,1220325.2542,1914818053.8330002,1654991999999,2040.0725935730989,1621.1010882786152,2206.8446,2605.2880999999998,2686.5135333333333,2999.5531,False,False
1654992000000,1532.89,1547.0,1423.0,1434.84,1563225.37018,2311178755.27,1655078399999,2035.8635844780122,1568.7727563240637,2176.8808,2593.4155,2674.475066666667,2985.3804999999998,False,False
1655078400000,1434.84,1455.0,1165.45,1209.82,3626351.66536,4611744120.821,1655164799999,2048.9305507073263,1457.4772914849439,2142.6572,2578.8622,2660.4910666666665,2968.8053500000005,False,False
1655164800000,1209.35,1268.45,1075.8,1208.9,2716493.80131,3217818700.124,1655251199999,2071.9348267924497,1352.1072076317005,2106.7028,2565.4383,2646.3768,2954.64385,False,False
1655251200000,1208.9,1250.0,1014.4,1237.52,3114823.13621,3493040697.137,1655337599999,2083.4376743644475,1251.9816553484343,2075.2598000000003,2552.9022999999997,2632.3144,2940.355,False,False
1655337600000,1237.53,1257.85,1051.55,1068.5,1447386.8303999999,1649596819.735,1655423999999,2094.4749622205013,1175.979696682969,2038.8506,2537.8275999999996,2618.0399333333335,2924.2236,False,False
1655424000000,1068.5,1118.0,1051.11,1086.94,1220677.9491,1329091114.65,1655510399999,2111.447293658505,1108.8990492044313,2001.8508000000002,2521.4272,2604.2205333333336,2907.43565,False,False
1655510400000,1086.93,1097.58,881.56,995.13,2308983.5187,2263399396.7530003,1655596799999,2116.9060069966145,1019.1303433718817,1965.4107999999999,2505.3115,2590.2946,2889.26,False,False
1655596800000,995.12,1158.62,936.15,1128.53,2018599.4499,2092850317.951,1655683199999,2086.2347080097497,951.1784999979418,1933.4482,2491.0281999999997,2577.8082666666664,2871.9879000000005,False,False
1655683200000,1128.53,1170.0,1053.0,1128.24,1721772.9132,1910020862.8140001,1655769599999,2045.4499541781365,913.7878587511458,1899.5167999999999,2476.6226,2568.2088666666664,2855.07305,False,False
1655769600000,1128.24,1194.0,1109.23,1125.85,1306095.3757,1500605189.573,1655855999999,2002.1422549351619,883.7267482234961,1864.9030000000002,2462.7246,2559.633333333333,2839.62365,False,False
1655856000000,1125.86,1127.33,1043.65,1050.19,1306959.8593000001,1420433701.92,1655942399999,1971.5376951281382,851.6535633954973,1830.2728,2447.3324,2549.7078666666666,2824.28835,False,False
1655942400000,1050.19,1155.0,1045.3,1144.72,1278257.0899,1415452039.242,1656028799999,1935.0441739744447,823.7955858712735,1794.3544,2432.6023,2541.0774,2809.02975,False,False
1656028800000,1144.71,1245.43,1132.0,1225.02,1337137.483,1589113478.227,1656115199999,1896.0384811963017,810.5190156700774,1763.8953999999999,2417.1144,2532.852,2793.4169,False,False
1656115200000,1225.02,1256.77,1180.0,1242.36,861986.6177000001,1048516642.22,1656201599999,1850.5390620865835,807.8855445732596,1734.8856,2401.4188,2524.7144666666663,2778.0967000000005,False,False
1656201600000,1242.31,1280.0,1194.6,1197.79,884184.273,1094067725.454,1656287999999,1783.7248094683848,815.4407739176372,1706.1346000000003,2384.0075,2516.5380666666665,2761.9011,False,False
1656288000000,1197.79,1238.93,1172.49,1192.51,868734.2061,1047407117.877,1656374399999,1716.2262186700432,822.0494061323272,1679.5906,2366.4242,2507.521533333333,2747.33545,False,False
1656374400000,1192.51,1237.99,1136.32,1144.05,1104065.2211,1314982778.266,1656460799999,1646.4063430273673,840.1748917929766,1657.9006,2349.2509,2497.8056666666666,2733.5660000000003,False,False
1656460800000,1144.05,1156.8,1087.42,1100.21,1295517.7959999999,1449586742.872,1656547199999,1564.2126140642592,874.2786825114141,1633.0637999999997,2331.3527,2487.795866666667,2718.6202000000003,False,False
1656547200000,1100.21,1106.62,998.0,1071.01,1420670.3656000001,1481000138.963,1656633599999,1470.2585801130735,902.3536047417092,1612.7842,2312.3664000000003,2477.023,2703.3252500000003,False,False
1656633600000,1071.02,1117.0,1033.44,1059.73,1562255.1439,1669000120.55,1656719999999,1388.156898899545,924.9393487371321,1594.7744,2292.6037,2465.5063333333333,2689.71425,False,False
1656720000000,1059.73,1078.88,1028.29,1067.01,714812.0804,752813687.0274,1656806399999,1328.1872541242483,951.1775159507281,1575.9207999999999,2272.1662,2454.7486,2675.75435,False,False
1656806400000,1067.01,1088.34,1040.78,1074.26,644746.3337,686056543.195,1656892799999,1280.299105188915,949.3831651932962,1556.2764000000002,2251.8874,2443.9406000000004,2661.0302500000003,False,False
1656892800000,1074.26,1160.9,1045.37,1151.0,1150108.9860999999,1266934953.3263,1656979199999,1270.3222751958804,947.8042958700797,1536.3906,2231.9474,2431.6473333333333,2646.9946999999997,False,False
1656979200000,1151.01,1174.9,1076.34,1132.5,1398961.4494999999,1578654373.5110002,1657065599999,1263.0048209683478,952.0021399433058,1518.5674000000001,2210.3159,2419.1130000000003,2633.2801,False,False
1657065600000,1132.51,1205.0,1111.44,1186.57,1211768.0757,1388074909.874,1657151999999,1256.282595283661,954.0944897645285,1500.4844,2188.8524,2406.6568666666667,2619.4133,False,False
1657152000000,1186.57,1254.29,1163.18,1237.49,1001316.0789999999,1208160386.3379998,1657238399999,1265.5632987976924,955.7191944735099,1486.932,2167.2222,2393.975,2605.98005,False,False
1657238400000,1237.49,1276.46,1193.15,1214.04,1189518.3631,1466331923.651,1657324799999,1276.1253287941684,985.1795452519609,1470.8218,2145.5047,2381.2906666666663,2592.3266,False,False
1657324800000,1214.03,1235.4,1204.67,1217.02,576337.1809,702039918.5467,1657411199999,1280.9850519153717,1006.251070686424,1455.9805999999999,2124.8598,2367.777866666667,2578.34095,False,False
1657411200000,1217.02,1219.95,1153.0,1168.36,1018038.6506,1200593502.216,1657497599999,1283.827852381172,1011.4774894604766,1439.8464,2101.9913,2355.0836666666664,2564.2852,False,False
1657497600000,1168.37,1171.29,1091.71,1096.4,1201652.3048,1370709630.796,1657583999999,1282.8916153282908,1010.4675448555568,1420.9106,2078.5176,2342.8760666666667,2549.2101500000003,False,False
1657584000000,1096.37,1098.26,1033.46,1038.58,1261349.6321,1347752238.274,1657670399999,1284.0535186008544,1009.1531697278249,1402.2158,2053.6843,2330.3407333333334,2534.17125,False,False
1657670400000,1038.58,1119.18,1006.32,1115.0,2035605.8299,2158672347.759,1657756799999,1284.3327911737726,1003.6809306089606,1384.9275999999998,2029.6392999999998,2318.6332,2519.2721,False,False
1657756800000,1115.01,1214.65,1072.11,1193.42,1605101.9262,1816929082.734,1657843199999,1281.2052896152131,1000.649752709685,1369.9433999999999,2007.5036000000002,2307.057666666667,2504.9214,False,False
1657843200000,1193.42,1287.82,1181.05,1231.25,1466037.2584000002,1794058728.784,1657929599999,1285.8512145710938,1000.6089361463207,1358.7237999999998,1988.131,2294.0425333333333,2490.8914999999997,False,False
1657929600000,1231.25,1422.91,1191.23,1355.85,1493809.9226,1936527899.326,1658015999999,1316.342422469927,1000.7873335464051,1351.2954,1969.4176,2282.2662,2478.707,False,False
1658016000000,1355.84,1387.0,1319.04,1338.65,1246202.8795,1687064377.699,1658102399999,1338.5545786677567,987.1001169690471,1342.224,1950.8802000000003,2271.9114,2467.2493,False,True
1658102400000,1338.65,1597.47,1336.07,1581.04,2029918.7652099999,2980357374.793,1658188799999,1407.963807053742,976.1197658611705,1337.572,1934.1048999999998,2263.9217999999996,2456.60815,False,False
1658188800000,1581.03,1631.0,1493.11,1542.32,1846048.6816,2856463586.861,1658275199999,1473.1694557074413,951.5395681742448,1328.4428,1917.4977,2255.7797333333333,2445.9386,False,False
1658275200000,1542.33,1620.4,1484.23,1521.58,1351177.4247,2109332407.427,1658361599999,1524.550051640859,951.0649212642277,1320.0364,1902.9161000000001,2248.4436666666666,2434.7188,False,False
1658361600000,1521.63,1605.98,1463.56,1575.45,1247327.4963,1897833300.9980001,1658447999999,1565.861881414634,956.1131320687387,1315.1863999999998,1888.394,2241.8265333333334,2423.4547000000002,False,False
1658448000000,1575.45,1650.05,1516.11,1535.27,1170723.0873,1865036182.284,1658534399999,1607.6587325113233,963.001638995619,1309.2102,1872.5639,2234.4864,2412.3016000000002,False,False
1658534400000,1535.27,1596.51,1488.0,1548.67,851284.7339,1310964570.1899998,1658620799999,1634.7891743191835,976.4338269449357,1304.6812,1857.8308,2227.6128000000003,2401.1194,False,False
1658620800000,1548.66,1664.34,1545.67,1597.7,1009935.8997,1616289077.63,1658707199999,1670.2977587177327,990.237663381772,1300.5436,1843.4022,2220.956133333333,2391.4047499999997,False,False
1658707200000,1597.7,1609.55,1435.58,1440.79,1418390.9808999998,2151224738.817,1658793599999,1693.6167843375886,1009.6005023443793,1293.2348,1827.2170999999998,2212.1048,2381.57465,False,False
1658793600000,1440.79,1454.11,1356.17,1449.12,1199643.7408,1684928509.398,1658879999999,1699.4611107179696,1026.7161802917444,1285.0204,1811.8277000000003,2203.2358,2372.82405,False,False
1658880000000,1449.12,1644.44,1420.83,1635.74,1513426.0413,2305847817.811,1658966399999,1723.9754015061346,1039.6888103633617,1281.4686,1797.6295,2196.6954666666666,2365.598,False,False
1658966400000,1635.74,1784.79,1593.27,1724.52,1578145.07555,2644280824.311,1659052799999,1766.6229579369317,1045.522564511446,1280.1214,1783.8569999999997,2188.719266666667,2358.46075,False,False
1659052800000,1724.52,1765.99,1655.02,1721.68,1205266.5703,2061258807.2280002,1659139199999,1800.0087771363583,1050.2352958310635,1278.7787999999998,1770.3134000000002,2180.354933333333,2351.65575,False,False
1659139200000,1721.68,1744.85,1673.01,1697.0,735132.5286,1257726968.666,1659225599999,1824.7853362671174,1064.7769339408496,1279.4605999999999,1757.4476000000002,2172.0196,2343.94215,False,False
1659225600000,1697.0,1754.69,1666.0,1678.12,696326.8079,1186613538.1223,1659311999999,1842.4887749001896,1094.1915710952785,1282.3652,1744.6049000000003,2164.3138,2335.47645,False,False
1659312000000,1678.12,1704.68,1606.12,1630.28,801566.5648,1328136208.959,1659398399999,1838.6929224295664,1142.887596173489,1286.274,1731.5774000000001,2157.701666666667,2327.4248,False,False
1659398400000,1630.28,1678.0,1559.28,1630.91,1081964.5104,1745550410.999,1659484799999,1822.4007446273652,1207.3539336365052,1294.6958,1718.6765000000003,2150.8067333333333,2319.04225,False,False
1659484800000,1630.91,1685.03,1589.71,1618.16,777724.7413,1276328467.023,1659571199999,1807.829632085421,1267.6284498767268,1302.881,1704.7919,2144.585866666667,2310.50285,False,False
1659571200000,1618.16,1662.79,1580.39,1607.96,735552.181,1190650505.148,1659657599999,1790.871013539374,1311.9788969305525,1310.2898,1692.7748000000001,2138.6981333333333,2301.80825,False,False
1659657600000,1607.97,1742.07,1605.64,1736.81,1005846.4712,1688798692.3070002,1659743999999,1792.8338103883555,1362.7281967854442,1323.656,1681.2533,2133.1037333333334,2294.44395,False,False
1659744000000,1736.81,1749.93,1685.26,1690.6,523314.6444,899479880.9867,1659830399999,1782.666900913117,1388.1305439732,1335.7291999999998,1668.79,2126.1945333333333,2287.0977,False,False
1659830400000,1690.6,1729.79,1668.0,1700.19,439904.764,745750151.3827,1659916799999,1788.3743530179777,1416.1292969816143,1349.8304,1657.6206,2120.1511333333333,2280.1785499999996,False,False
1659916800000,1700.2,1818.0,1693.87,1777.05,781620.5443,1379905145.703,1660003199999,1805.8689034034833,1420.68006956368,1362.8008,1648.1245000000001,2114.9524,2274.0564,False,False
1660003200000,1777.05,1790.83,1667.93,1702.76,818171.1019,1406671817.086,1660089599999,1817.182874727719,1428.832418510719,1374.2912,1636.9040000000002,2109.1788,2269.72945,False,False
1660089600000,1702.76,1885.0,1656.78,1853.57,1317767.5127,2346974815.069,1660175999999,1842.3259974460598,1441.2445045732306,1388.8455999999999,1626.8743,2104.7649333333334,2266.9364,False,False
1660176000000,1853.58,1942.0,1850.32,1880.19,1105261.9009,2093718964.801,1660262399999,1875.5988632280505,1435.4352741637574,1405.4456,1617.8591999999999,2100.0368000000003,2263.6423,False,False
1660262400000,1880.19,1964.71,1853.06,1958.28,717628.1015,1363895150.81,1660348799999,1907.077423949424,1438.9691085729698,1421.7168,1608.0356,2095.6404666666667,2261.23725,False,False
1660348800000,1958.28,2020.0,1946.5,1983.55,695876.0293,1382235354.293,1660435199999,1945.9993811298007,1431.4355673253997,1436.8874000000003,1600.3914000000002,2090.372066666667,2258.86085,False,False
1660435200000,1983.55,2030.0,1906.0,1935.31,569583.4852,1122186881.224,1660521599999,1979.7530886261447,1449.6748910361423,1450.7464000000002,1592.816,2084.5280000000002,2256.2224499999998,False,False
1660521600000,1935.32,2012.47,1872.31,1899.06,949162.3304999999,1824203091.996,1660607999999,1988.6789476152612,1492.7046030792371,1464.7718,1585.4532000000002,2077.5956,2253.5965,False,False
1660608000000,1899.05,1915.0,1853.0,1876.67,622729.1499,1173013843.3369,1660694399999,1996.7163866043832,1530.2841482234724,1478.455,1579.0228000000002,2070.4344666666666,2250.2549,False,False
1660694400000,1876.67,1959.43,1818.74,1834.25,951824.8975,1781033503.422,1660780799999,2010.7554185171318,1542.796983251948,1492.259,1575.0797999999998,2063.586933333333,2246.419,False,False
1660780800000,1834.24,1882.37,1821.25,1846.39,606254.024,1126844899.608,1660867199999,2016.1093017277117,1549.6783936929828,1507.1826,1570.1232,2056.6293333333333,2242.64255,False,False
1660867200000,1846.39,1848.0,1602.37,1609.01,1419826.9515,2447147973.006,1660953599999,2018.7228291951972,1542.2285421418783,1517.9425999999999,1565.3634,2047.5584666666668,2237.2529,False,False
1660953600000,1609.0,1657.08,1523.67,1576.04,914615.9226,1468671141.09,1661039999999,2021.630640963829,1524.334497496499,1528.2688,1561.5215999999998,2037.8254,2231.19695,False,False
1661040000000,1576.03,1646.52,1562.34,1618.13,780662.6062,1255041865.223,1661126399999,2024.109327235067,1518.8001412369401,1539.2912000000003,1557.606,2027.8745333333334,2225.88425,False,False
1661126400000,1618.13,1629.72,1529.92,1624.66,941192.8954,1483442567.236,1661212799999,2026.5793370702568,1514.4944102177903,1550.2992,1553.2878,2018.0246666666667,2220.5302500000003,False,False
1661212800000,1624.65,1676.07,1563.76,1665.41,940246.932,1528222432.8530002,1661299199999,2026.8820015877045,1511.2060880162862,1560.5874,1548.489,2008.1607333333332,2213.88235,False,False
1661299200000,1665.4,1694.13,1604.92,1656.56,744667.6078,1228169659.888,1661385599999,2025.7631741076782,1514.0938885186147,1571.0685999999998,1544.818,1997.2334666666668,2207.1019,False,False
1661385600000,1656.56,1722.0,1653.68,1695.11,603090.713,1023691864.1899999,1661471999999,2025.8746843243975,1518.8264270555114,1581.2394,1540.8619,1986.3147333333332,2200.3025,False,False
1661472000000,1695.11,1706.45,1486.85,1508.18,1149912.8292,1862598061.317,1661558399999,2026.150181783338,1495.2032132584407,1586.6532,1536.7926,1973.6991999999996,2192.14455,False,True
1661558400000,1508.18,1518.42,1447.52,1491.06,756136.6768,1125859038.1560001,1661644799999,2037.8153859869094,1467.976286863702,1592.1936,1531.5076999999999,1961.0676666666664,2184.0164,False,False
1661644800000,1491.06,1511.0,1424.0,1426.76,544846.4486,805616000.7385,1661731199999,2043.809862189065,1437.7602429885062,1596.3884,1526.1845,1948.7026666666663,2174.9305,False,True
1661731200000,1426.76,1559.99,1422.08,1551.8,826252.0830999999,1230281044.881,1661817599999,2044.6953774427432,1411.061716920331,1604.0572,1521.9517999999998,1936.0132666666666,2167.32705,False,False
1661817600000,1551.79,1606.13,1473.61,1524.59,1003075.0172,1551625838.938,1661903999999,2035.189791223308,1394.0485514365134,1612.621,1516.7658,1923.2187333333334,2160.3123,False,False
1661904000000,1524.59,1619.78,1524.59,1554.1,949227.6775,1497596316.301,1661990399999,2017.138487486562,1382.5868251978368,1622.9314000000002,1512.5736000000002,1910.1,2153.4884,False,False
1661990400000,1554.11,1599.0,1512.77,1586.16,728710.482,1133222116.0340002,1662076799999,1993.6965643604017,1372.5214510187766,1632.3546000000001,1508.6411,1897.211066666667,2147.0635500000003,False,False
1662076800000,1586.17,1650.0,1546.41,1575.35,919009.6598,1471855448.3600001,1662163199999,1957.541601499889,1376.401428632892,1639.9932000000001,1504.9683000000002,1885.000133333333,2140.29155,False,False
1662163200000,1575.35,1582.71,1534.28,1557.46,321397.21890000004,500057144.5186,1662249599999,1913.8206170573217,1381.0508882322636,1646.5174000000002,1502.6206,1874.2598000000003,2132.16125,False,False
1662249600000,1557.45,1583.66,1540.66,1579.28,296591.1166,463177013.87619996,1662335999999,1866.2165692930382,1388.446242970299,1650.986,1501.1407000000002,1863.2737333333332,2124.4461499999998,False,False
1662336000000,1579.29,1631.99,1556.56,1617.8,503492.93700000003,797702531.3996999,1662422399999,1833.8620198271494,1401.0357866150916,1656.5690000000002,1499.3964999999998,1852.776466666667,2118.0758,False,False
1662422400000,1617.8,1687.4,1555.0,1559.01,1010722.8578,1650513284.852,1662508799999,1787.0675438651645,1416.2011114464456,1656.1284,1496.8501999999999,1841.4460666666664,2111.9734499999995,False,False
1662508800000,1559.01,1657.5,1490.66,1630.0,850991.4243000001,1326011621.8530002,1662595199999,1750.2668203139317,1441.2184683548153,1657.882,1493.1624,1830.9591333333333,2106.3053,False,False
1662595200000,1630.0,1663.56,1595.06,1635.37,645124.0085,1050551822.4070001,1662681599999,1715.4461918906495,1441.5312341989604,1660.1578,1490.0971,1821.9966666666667,2101.3722,False,False
1662681600000,1635.37,1746.13,1630.51,1718.23,837458.2126,1425281242.156,1662767999999,1727.675053601144,1440.5296887956376,1663.0134000000003,1489.0999000000002,1813.2671333333333,2097.12325,False,False
1662768000000,1718.24,1789.0,1706.03,1774.12,411046.24659999995,713890164.1824,1662854399999,1747.623324885461,1431.919264565683,1667.7904,1488.5003,1804.3060666666665,2092.8124,False,False
1662854400000,1774.12,1789.0,1720.1,1766.11,409287.7263,720937620.9635999,1662940799999,1765.8593248232776,1426.5467390399504,1672.1392,1488.4101999999998,1795.9335999999998,2088.7444,False,False
1662940800000,1766.12,1783.0,1693.0,1716.37,630774.6032,1093457780.485,1663027199999,1778.939506036005,1424.3584108187351,1674.5126,1487.5281,1787.1056666666666,2084.34525,False,False
1663027200000,1716.37,1760.51,1560.54,1574.4,1134549.7256,1871967439.649,1663113599999,1786.4442203165436,1423.203509773899,1677.1848,1485.2098,1777.2063333333333,2078.3748,False,True
1663113600000,1574.4,1647.01,1552.38,1638.39,764562.5393,1222499363.047,1663199999999,1780.8357628816314,1422.749679714824,1680.9702000000002,1482.9953,1768.2085333333334,2072.6694,False,False
1663200000000,1638.4,1655.2,1458.0,1472.75,1335499.8047,2095367507.3309999,1663286399999,1777.0110750768442,1419.3757625049884,1677.7104000000002,1479.5894999999998,1757.6564666666668,2066.9492,False,True
1663286400000,1472.76,1483.35,1405.52,1433.9,693597.2424999999,1006033555.1969,1663372799999,1779.9157450583755,1412.9276498435283,1671.898,1476.0096999999996,1746.5373333333332,2059.51395,False,False
1663372800000,1433.9,1476.13,1409.12,1468.83,421391.3743,608805593.7143,1663459199999,1782.8064050444561,1410.5702191553173,1666.8410000000001,1472.8099,1735.8226000000002,2051.97645,False,False
1663459200000,1468.82,1469.63,1325.55,1334.51,804113.468,1118416540.5606,1663545599999,1787.9000693979133,1392.729310949693,1659.5911999999998,1469.5258999999999,1724.8288,2043.9125,False,True
1663545600000,1334.51,1393.35,1280.0,1375.98,974855.198,1293086590.942,1663631999999,1798.7762717683217,1361.2426855429846,1653.5484000000004,1467.9568,1714.2527333333333,2036.6224499999998,False,False
1663632000000,1375.98,1384.78,1312.71,1322.93,658027.1465,889324871.235,1663718399999,1805.9628651834944,1336.2890800167681,1647.4014000000002,1466.8376999999998,1703.5187333333333,2030.1266,False,True
1663718400000,1322.94,1408.9,1220.0,1245.78,1192266.7379,1582450799.9375,1663804799999,1809.1271634462482,1297.0972777144418,1639.6988000000001,1467.1973,1692.3506000000002,2023.0297500000001,False,False
1663804800000,1245.79,1350.08,1237.32,1326.46,904282.2725,1165151398.83,1663891199999,1811.2998909680664,1264.734424604752,1633.8648,1468.3729,1681.1495333333332,2016.9056,False,False
1663891200000,1326.47,1360.0,1262.15,1327.25,974052.3644,1273403019.694,1663977599999,1813.795771603945,1239.9300996305228,1628.2506,1469.2702000000002,1671.2667333333334,2011.08625,False,False
1663977600000,1327.24,1349.33,1306.52,1317.13,517557.3497,687931980.0087,1664063999999,1814.8735206451981,1223.1244488192015,1619.8569999999997,1471.7565000000002,1660.7878666666668,2004.7920499999998,False,False
1664064000000,1317.13,1337.0,1269.27,1294.63,515533.8409,674560079.1824,1664150399999,1811.2369651138813,1202.9570762357794,1611.9376000000002,1473.8334000000002,1649.8392000000001,1997.6303,False,False
1664150400000,1294.62,1340.42,1277.85,1336.17,799166.4333,1048795559.358,1664236799999,1799.5560419739427,1185.8179646744138,1604.6572,1477.2438,1639.9661333333331,1991.2776500000002,False,False
1664236800000,1336.17,1400.0,1303.75,1328.02,860584.8944,1170630640.626,1664323199999,1787.4684910759024,1173.6485343846243,1595.6766,1479.2386999999999,1630.6418666666666,1985.13345,False,False
1664323200000,1328.01,1355.7,1253.2,1337.2,919314.9131,1199743172.386,1664409599999,1773.6794643253047,1157.5329107665007,1588.3654000000001,1481.3283,1620.7244666666668,1978.9754500000001,False,False
1664409600000,1337.2,1352.02,1288.52,1335.7,770591.6895,1022673511.0865,1664495999999,1746.1755422162348,1149.6040530165005,1578.0079999999998,1483.4268000000002,1610.5855333333334,1973.0757,False,False
1664496000000,1335.69,1373.19,1313.35,1328.72,740753.6109999999,991505362.2649,1664582399999,1706.6274549174948,1154.4195182304954,1566.9786,1486.2121000000002,1600.8990000000001,1966.77225,False,False
1664582400000,1328.71,1333.69,1302.68,1311.79,252081.9056,332930112.0255,1664668799999,1660.9227217314806,1168.5304010326772,1554.0488,1487.8828,1590.04,1960.24255,False,False
1664668800000,1311.79,1317.93,1270.0,1276.72,371740.0407,482595051.28139997,1664755199999,1607.8235516566037,1188.5355482688124,1539.9122,1488.3998,1580.2316666666666,1952.7570999999998,False,False
1664755200000,1276.72,1329.9,1263.04,1323.09,483775.24350000004,631178676.5348,1664841599999,1547.6300559100064,1196.4365857457087,1527.6678,1489.2070999999999,1571.0999333333332,1945.3129500000002,False,False
1664841600000,1323.1,1369.55,1318.66,1361.49,476207.6702,641511283.3982,1664927999999,1507.1910670774437,1216.8498145173285,1516.9163999999998,1490.8441,1562.6076,1937.4258000000002,False,False
1664928000000,1361.5,1364.77,1316.29,1352.2,483508.77819999994,649745323.3677,1665014399999,1448.7835561397187,1227.4756909938724,1506.4270000000001,1492.4409999999998,1554.8242,1929.4326,False,False
1665014400000,1352.2,1383.99,1345.01,1352.06,573975.324,783638743.1553,1665100799999,1433.9326538172797,1232.8136584273739,1496.7832,1494.5211,1548.9809333333333,1921.886,False,False
1665100800000,1352.07,1361.75,1317.26,1331.1,491999.8776,659508723.3545,1665187199999,1416.8337445306386,1241.9285357874262,1486.4774,1496.83,1542.2412666666667,1914.0913500000001,False,False
1665187200000,1331.1,1337.35,1303.51,1315.48,203391.6612,269448439.3394,1665273599999,1396.4205514135801,1242.2077879241692,1480.6068000000002,1499.2747,1537.1112,1905.82055,False,False
1665273600000,1315.48,1329.0,1307.26,1323.13,186201.9185,245547831.3204,1665359999999,1392.6800823020922,1243.244581994267,1475.5485999999999,1501.9087,1532.8639333333333,1897.2562,False,False
1665360000000,1323.13,1338.0,1288.0,1290.03,393663.0114,515800751.3386,1665446399999,1389.5072892376397,1242.7100959715056,1468.9865999999997,1504.1389000000001,1528.0662000000002,1888.15255,False,False
1665446400000,1290.03,1298.0,1267.01,1280.11,429430.39410000003,550448836.8094,1665532799999,1383.3873722840972,1250.7492956963727,1462.0955999999999,1506.1974,1522.8904,1879.0423999999998,False,False
1665532800000,1280.11,1306.87,1275.25,1294.44,369712.5759,478797824.5421,1665619199999,1383.8907451604252,1256.6193083617482,1454.6761999999999,1507.6317999999999,1517.2180666666666,1869.7895999999998,False,False
1665619200000,1294.44,1301.58,1190.0,1287.08,945618.3163000001,1183462907.9304,1665705599999,1383.4922121860104,1240.5490789278792,1447.2866000000001,1509.1776,1512.3075333333334,1859.7467500000002,False,False
1665705600000,1287.08,1343.12,1283.39,1296.27,669742.8093,883059208.7129999,1665791999999,1383.1396159079063,1239.7557419048612,1439.3098,1510.2746,1507.0112,1849.5634999999997,False,False
1665792000000,1296.26,1301.69,1263.64,1274.92,287100.9529,368914560.6582,1665878399999,1383.670071153831,1239.1965050359631,1434.6445999999999,1510.6489,1502.7432666666666,1838.93555,False,False
1665878400000,1274.93,1315.35,1274.67,1305.95,293321.3632,379290237.6394,1665964799999,1383.3132540644347,1238.9555817848163,1430.9424,1511.568,1497.9859333333332,1828.53635,False,False
1665964800000,1305.96,1338.57,1295.64,1331.4,459848.4941,606979972.1185,1666051199999,1375.0380449253955,1238.79022786572,1429.0352000000003,1512.7118,1493.8014,1818.7857999999999,False,False
1666051200000,1331.39,1341.73,1286.72,1310.71,572728.9189,755297911.2924,1666137599999,1373.8551788228347,1241.8764180961432,1424.2133999999999,1514.1353,1489.3723333333335,1808.0633000000003,False,False
1666137600000,1310.71,1313.5,1280.31,1285.09,368637.51050000003,478516630.1869,1666223999999,1372.300181472807,1241.3892131857601,1419.4234,1516.0222,1484.3183333333334,1797.2699,False,False
1666224000000,1285.09,1310.87,1270.36,1282.57,428531.6103,552593958.2129,1666310399999,1367.5299091019679,1239.7442767027123,1413.9928,1518.4621,1479.7133333333334,1786.0732,False,False
1666310400000,1282.57,1306.97,1252.65,1299.75,468076.7986,600999941.1065,1666396799999,1367.0978796043453,1236.3952510831448,1408.2646,1520.3095999999998,1475.1822666666667,1774.9744500000002,False,False
1666396800000,1299.76,1320.2,1294.32,1313.61,221776.7007,290111447.628,1666483199999,1367.1308783599764,1237.7208169461994,1403.0298,1521.5114999999998,1470.9888,1764.5075499999998,False,False
1666483200000,1313.62,1371.55,1299.44,1364.2,432269.46,576212623.6005,1666569599999,1371.5819546264488,1239.9192627485736,1399.1645999999998,1522.8409999999997,1468.1352666666664,1755.486,False,False
1666569600000,1364.19,1370.6,1324.17,1343.61,611830.797,822740466.6736,1666655999999,1371.74775406909,1239.7335386716538,1394.4512,1522.7186,1465.5775333333333,1746.0681,False,False
1666656000000,1343.61,1525.16,1334.94,1459.74,1127932.9012,1612140846.3053,1666742399999,1414.4341013350036,1238.9822309057224,1391.29,1523.9294999999997,1463.3609999999999,1737.4048500000001,False,False
1666742400000,1459.74,1594.99,1457.44,1566.1,1236044.7023,1896388070.251,1666828799999,1461.9411827890985,1221.3788420974572,1391.4317999999998,1523.7801000000002,1461.7107333333333,1728.9425,False,False
1666828800000,1566.11,1578.58,1503.2,1514.05,869454.4851,1345399838.038,1666915199999,1495.4678004466268,1203.2480462013596,1389.1127999999999,1523.4974,1458.4791999999998,1720.49755,False,True
1666915200000,1514.04,1574.9,1479.82,1554.41,858954.4425,1309517416.241,1667001599999,1523.9554015476742,1196.3962551575685,1387.4936000000002,1523.8256999999999,1455.8959333333332,1713.3709,False,False
1667001600000,1554.4,1663.06,1547.66,1619.55,914161.0846,1477815830.64,1667087999999,1566.8554796119151,1184.9378575063297,1385.52,1524.2667000000001,1454.5732666666668,1706.33035,False,False
1667088000000,1619.55,1640.06,1576.56,1590.44,476036.42429999996,762732547.0917,1667174399999,1598.6712189467153,1177.3004437055486,1381.8464,1524.8183999999999,1452.949,1698.6911499999999,False,False
1667174400000,1590.45,1635.8,1545.43,1572.69,810334.2414,1283098004.7655,1667260799999,1625.6618789009594,1179.6596620454834,1377.9779999999998,1525.0586,1451.5994666666668,1691.4447,False,False
1667260800000,1572.69,1612.92,1563.69,1578.48,527539.2965,836251567.4250001,1667347199999,1645.9076533665864,1183.0343340167558,1375.2202000000002,1524.8663999999999,1450.092133333333,1684.1343,False,False
1667347200000,1578.47,1621.68,1502.32,1518.34,981395.3648,1534786415.439,1667433599999,1664.592568928031,1204.0729889633903,1374.099,1525.6419,1448.1728666666666,1676.4295000000002,False,True
1667433600000,1518.33,1559.01,1515.17,1531.01,560202.8813,863253444.7667,1667519999999,1674.4160765149936,1213.9586031597976,1371.9514,1526.4607999999998,1445.9806666666666,1669.1442500000003,False,False
1667520000000,1531.01,1680.0,1528.4,1644.78,935531.4781000001,1503427052.721,1667606399999,1696.661816662627,1227.8628516090955,1375.3919999999998,1526.5511999999999,1444.857,1662.09035,False,False
1667606400000,1644.78,1666.97,1621.42,1626.98,351385.5362,577061606.7337,1667692799999,1713.9814953644955,1238.1958971988945,1379.2535999999998,1525.5758,1443.7576666666666,1654.7163999999998,False,False
1667692800000,1626.98,1639.02,1564.39,1568.29,414863.9525,668569491.5771999,1667779199999,1725.7888437958227,1251.745190243516,1381.2428,1524.0418999999997,1442.2875333333332,1647.17765,False,False
1667779200000,1568.25,1608.04,1545.03,1568.1,642409.4494,1013046543.98,1667865599999,1732.0982519970794,1269.0964381930398,1385.9146000000003,1522.7528999999997,1441.6554666666666,1640.10025,False,False
1667865600000,1568.09,1579.98,1233.0,1334.77,2339916.5089,3356475001.546,1667951999999,1731.6824775746018,1261.163448445016,1385.0903999999998,1519.3194,1440.3346666666666,1631.96215,False,True
1667952000000,1334.78,1337.16,1073.53,1102.73,2494797.9357,3021176147.396,1668038399999,1729.5214300273774,1221.557481102134,1380.6864,1514.0439,1438.1206,1622.8106500000001,False,True
1668038400000,1102.73,1350.0,1085.93,1299.28,1975955.6767,2443394252.53,1668124799999,1725.912936153,1191.3992891984594,1381.7564000000002,1510.7275999999997,1438.7169999999999,1614.70205,False,False
1668124800000,1299.28,1310.0,1201.26,1289.28,1308087.1498,1652414528.521,1668211199999,1726.875034225892,1178.9820877871714,1381.0128,1507.4387999999997,1439.2528666666667,1606.11535,False,False
1668211200000,1289.35,1292.16,1238.7,1257.25,547772.9172,693031301.5988,1668297599999,1733.0921376382962,1171.6915469477713,1379.6127999999999,1503.9316999999999,1439.3844,1598.35325,False,False
1668297600000,1257.25,1274.23,1200.66,1221.49,547410.5304,676891239.2447,1668383999999,1740.2221024891812,1156.9723347354973,1377.7,1498.7785000000001,1440.4043333333334,1590.0158999999999,False,False
1668384000000,1221.5,1291.2,1171.13,1243.28,934742.0059,1152982945.602,1668470399999,1743.906787083431,1137.7173570853997,1376.6729999999998,1494.3053,1441.4466000000002,1581.5476500000002,False,False
1668470400000,1243.29,1291.0,1234.01,1253.23,632825.568,798023541.2078,1668556799999,1740.1347450012718,1121.343309955001,1375.0142,1489.8356999999999,1443.1672666666666,1573.72815,False,False
1668556800000,1253.22,1268.67,1187.06,1216.17,673339.7215,826025937.8363,1668643199999,1736.3133342572776,1099.9672067746485,1372.7772,1484.2269000000001,1443.7515333333333,1566.1756999999998,False,False
1668643200000,1216.16,1228.22,1181.05,1200.43,530537.3488,638342419.8553001,1668729599999,1732.269662174382,1079.9449358330153,1370.0418,1479.2035999999998,1444.2328,1558.0538000000001,False,False
1668729600000,1200.42,1234.0,1199.18,1212.58,360218.5337,437658373.6741,1668815999999,1714.2417752210115,1064.7667331454008,1367.5794,1472.7937000000002,1444.8110000000001,1549.8339999999998,False,False
1668816000000,1212.58,1235.0,1197.67,1217.67,209789.58880000003,254211466.1516,1668902399999,1695.4579797553884,1053.1595440798815,1365.3584,1466.1685,1445.9275333333333,1542.01385,False,False
1668902400000,1217.67,1227.07,1132.65,1142.21,531108.7607,625008081.7993,1668988799999,1673.9747000317875,1035.887089947795,1361.9668,1458.0078,1445.9107999999999,1533.0216999999998,False,False
1668988800000,1142.21,1146.99,1079.76,1107.34,922647.9454000001,1031424505.498,1669075199999,1655.439864897271,1016.7260922086156,1358.5792,1449.2457000000002,1445.1262666666667,1524.8185500000002,False,False
1669075200000,1107.34,1146.13,1075.0,1139.6,748884.5791,831782462.6963,1669161599999,1630.8948152185872,998.0160545339716,1354.9094,1441.2885999999999,1444.4412,1517.0522999999998,False,False
1669161600000,1139.59,1190.0,1127.75,1184.52,636927.1594,741271142.4295,1669247999999,1609.9848773016208,990.0471087013968,1351.37,1434.1432,1444.3527333333334,1509.7982000000002,False,False
1669248000000,1184.52,1217.71,1180.6,1203.73,486080.6123,583303022.4238,1669334399999,1563.730532968751,991.7688358465437,1348.4006,1427.4138,1444.4275333333333,1503.2182999999998,False,False
1669334400000,1203.72,1207.77,1171.2,1199.3,391430.1658,465159072.75750005,1669420799999,1512.4548415076558,1012.2735489601894,1345.3453999999997,1421.0643000000002,1444.7958666666666,1498.0720499999998,False,False
1669420800000,1199.29,1235.66,1196.2,1205.6,379840.8116,461938380.00380003,1669507199999,1458.2751438697067,1039.344478055374,1342.8354000000002,1414.6564,1445.498466666667,1492.3898000000002,False,False
1669507200000,1205.61,1223.33,1188.65,1193.88,286386.7986,347218857.86800003,1669593599999,1399.439588783161,1089.4442893294317,1340.4034,1410.5050999999999,1446.3175999999999,1487.9342500000002,False,False
1669593600000,1193.88,1199.25,1151.02,1167.77,478795.6093,560568777.5605,1669679999999,1327.1904709336889,1088.5079360754041,1337.2962,1406.4224000000002,1447.0378666666666,1483.9719999999998,False,False
1669680000000,1167.77,1228.37,1158.27,1216.49,512143.5861,617963786.6019,1669766399999,1315.505376018307,1099.3632150736903,1335.8254000000002,1402.406,1448.0344,1480.006,False,False
1669766400000,1216.49,1309.77,1212.5,1294.46,815679.2717,1038748742.5038,1669852799999,1307.8362497758942,1110.3904157960562,1336.1124,1399.104,1449.5023999999999,1476.1959,False,False
1669852800000,1294.46,1299.9,1262.77,1276.41,430018.7391,550769676.044,1669939199999,1306.2290692771362,1107.6327113681107,1335.7518,1395.214,1450.3384666666666,1471.8515000000002,False,False
1669939200000,1276.4,1297.18,1265.24,1295.59,371559.585,475691291.4546,1670025599999,1306.9474701418553,1105.856371071812,1335.922,1391.6043,1451.4257333333333,1468.2111499999999,False,False
1670025600000,1295.58,1309.0,1236.26,1240.51,347148.2588,441457418.332,1670111999999,1311.621954289415,1105.523077322313,1334.8067999999998,1387.0583,1451.7853333333333,1463.9601,False,False
1670112000000,1240.5,1287.19,1240.1,1279.41,324129.5466,409404653.049,1670198399999,1311.1089431823586,1106.5754817689929,1334.8966,1384.7706,1452.0648,1460.7815999999998,False,False
1670198400000,1279.4,1305.11,1246.61,1259.41,391628.51660000003,501560285.6998,1670284799999,1313.0948508302079,1106.1822549035069,1333.9658000000002,1382.4541,1452.3672666666666,1456.9809,False,False
1670284800000,1259.41,1274.76,1241.56,1271.32,301631.839,379095106.3553,1670371199999,1313.6955702560545,1106.7086051407014,1332.7642,1380.8997,1452.7292666666667,1453.5421,False,False
1670371200000,1271.31,1278.69,1218.01,1231.18,398559.5166,492706380.5272,1670457599999,1317.1449133769233,1107.9696554029588,1331.1736,1377.6935,1453.1480666666666,1449.82265,False,False
1670457600000,1231.18,1292.58,1222.01,1280.18,406653.5447,509776313.4237,1670543999999,1321.751788745594,1108.4494559916534,1331.0754000000002,1375.2494,1454.3732666666665,1446.0076000000001,False,False
1670544000000,1280.18,1296.64,1250.0,1263.1,406008.0032,518804946.7715,1670630399999,1326.51796532207,1108.7694072227823,1330.6860000000001,1372.3394,1455.8700666666666,1442.4565,False,False
1670630400000,1263.11,1283.61,1259.6,1266.35,182278.6396,231301933.5902,1670716799999,1329.774418253595,1115.092566235096,1330.0179999999998,1369.1413,1456.8790666666669,1438.8912,False,False
1670716800000,1266.35,1284.75,1255.85,1263.01,180494.902,229443304.73299998,1670803199999,1328.5064597053195,1132.7932258243357,1329.006,1366.0178999999998,1457.3429999999998,1435.4931,False,False
1670803200000,1263.0,1278.9,1240.03,1275.4,363750.5481,456347758.2774,1670889599999,1323.7462929120886,1156.0140208695332,1327.23,1363.1972999999998,1457.6373333333331,1432.90895,False,False
1670889600000,1275.41,1349.0,1255.1,1320.69,659393.8825,859595295.3784,1670975999999,1331.8533733225859,1169.4538275981565,1326.7716,1360.6113999999998,1457.402933333333,1430.8760499999999,False,False
1670976000000,1320.69,1352.72,1301.0,1307.44,554465.5717,734778540.9945,1671062399999,1340.8514079935192,1171.7276545549894,1323.7256,1357.5078,1457.1948666666665,1428.45215,False,False
1671062400000,1307.45,1311.14,1259.27,1266.54,390051.2447,499233719.9859,1671148799999,1341.5097904991796,1178.9108839937899,1317.7344,1354.5831,1455.0982000000001,1425.71665,False,False
1671148800000,1266.53,1280.06,1155.32,1166.83,751422.2779,907833696.2876999,1671235199999,1341.192070912278,1172.2812549968198,1310.79,1349.9514,1452.5949333333333,1421.5569,False,True
1671235200000,1166.82,1190.03,1161.92,1187.16,328881.6281,387145994.353,1671321599999,1344.7832642299868,1168.190457564735,1303.445,1345.4693,1450.3654666666664,1417.7832,False,False
1671321600000,1187.16,1199.54,1170.32,1183.06,252260.144,298608427.3528,1671407999999,1344.7504467358008,1171.660646899492,1294.7152,1340.1175999999998,1447.7495333333334,1414.60875,False,False
1671408000000,1183.06,1195.0,1150.51,1167.82,296832.7228,349312990.37450004,1671494399999,1347.531606384579,1170.1572118210513,1286.2628,1334.0546,1445.2998666666665,1411.2774500000003,False,True
1671494400000,1167.82,1230.47,1163.12,1216.94,465184.19430000003,561079146.6802,1671580799999,1345.1800633461285,1163.9941121504087,1279.1478000000002,1328.5629000000001,1443.0883333333334,1408.48655,False,False
1671580800000,1216.95,1223.39,1203.02,1213.78,245723.8377,297776619.1262,1671667199999,1343.4611522607024,1161.7127861369088,1271.8538,1323.5369999999998,1440.5288666666665,1405.5325500000001,False,False
1671667200000,1213.78,1237.99,1182.54,1217.71,336761.6598,406520096.7665,1671753599999,1341.1814778416424,1157.7573868961795,1265.8412,1319.9700999999998,1439.0416666666667,1402.58995,False,False
1671753600000,1217.72,1231.99,1210.0,1219.99,278604.2882,340146608.6779,1671839999999,1337.408254935006,1156.5939928596026,1259.6208,1315.7860999999998,1437.5141333333333,1399.3907000000002,False,False
1671840000000,1219.98,1227.99,1214.69,1220.41,123701.5301,150864338.6735,1671926399999,1335.4278710336603,1155.72304391604,1251.1334000000002,1313.2627,1434.7452666666668,1396.4261,False,False
1671926400000,1220.42,1225.0,1193.18,1218.51,231652.0612,280833354.71140003,1672012799999,1331.3129338964914,1153.3617072791214,1242.964,1311.1088,1431.3718666666666,1393.5592499999998,False,False
1672012800000,1218.52,1231.09,1211.67,1228.11,162723.0857,198389481.18,1672099199999,1329.709695714422,1152.5221229705207,1236.1604,1308.7016,1428.0814,1390.7557499999998,False,False
1672099200000,1228.12,1233.73,1200.58,1211.55,262437.6398,319100139.5428,1672185599999,1327.6570472211033,1151.5188186246392,1229.0294000000001,1307.472,1424.8450666666665,1388.4989500000001,False,False
1672185600000,1211.55,1215.78,1181.06,1190.15,367828.8914,439875906.9922,1672271999999,1324.0245904848337,1148.694686723803,1226.1370000000002,1305.6137,1421.5919333333331,1386.78525,False,False
1672272000000,1190.15,1206.57,1186.77,1200.49,249130.4869,298245107.213,1672358399999,1319.533270519221,1146.573470560242,1228.0922,1304.3892999999998,1418.7266666666667,1385.6134999999997,False,False
1672358400000,1200.48,1202.15,1181.08,1199.99,266014.2115,317524824.5777,1672444799999,1316.048870218481,1144.7811079989078,1226.1064,1303.9314,1415.8538666666666,1385.5643500000003,False,False
1672444800000,1199.98,1208.46,1191.66,1196.13,139379.2811,167161720.78079998,1672531199999,1311.8511257199755,1144.262279058201,1224.2434,1302.6281,1413.0403333333334,1385.5004999999999,False,False
1672531200000,1196.13,1204.67,1190.57,1200.34,117762.0685,141014996.6557,1672617599999,1307.8908311081314,1143.3803972597852,1223.1052,1301.359,1410.3228666666666,1385.3146,False,False
1672617600000,1200.33,1224.29,1193.0,1214.0,252794.14,306657437.5276,1672703999999,1290.342659683605,1143.892949478489,1222.9553999999998,1300.3277,1406.8374666666666,1386.0421,False,False
1672704000000,1213.99,1219.89,1204.93,1214.55,205519.49440000003,249325343.2522,1672790399999,1266.3889811711163,1153.9977471651362,1222.3808,1299.5269,1403.6637999999998,1386.68015,False,False
1672790400000,1214.56,1272.6,1212.71,1256.9,457799.66479999997,571805761.1585,1672876799999,1256.6155087427876,1159.231786817879,1222.4542,1298.7341999999999,1400.7085333333334,1387.989,False,False
1672876800000,1256.91,1259.95,1242.81,1251.24,272805.33,341379819.2781,1672963199999,1252.242896806696,1160.6870629392633,1223.1556,1297.9664,1397.2031333333334,1388.60255,False,False
1672963200000,1251.25,1276.7,1236.0,1269.14,342344.2023,429648347.1131,1673049599999,1259.4031841966566,1163.1500278944,1224.5298,1297.2858,1394.312333333333,1389.3070500000001,False,False
1673049600000,1269.13,1271.09,1261.3,1264.07,129474.2884,163760550.0118,1673135999999,1264.6821103633,1162.631399116562,1225.5596,1296.5695,1390.3823333333335,1389.9981500000001,False,False
1673136000000,1264.06,1296.0,1257.77,1290.16,213636.7848,271373377.53040004,1673222399999,1273.7615695774073,1167.7096160262504,1227.0094,1296.1839,1386.4488000000001,1391.1979999999999,False,False
1673222400000,1290.15,1344.91,1285.44,1320.39,581727.6968,766640085.9306,1673308799999,1293.499678661746,1168.6647934628731,1230.5729999999999,1296.2699,1382.1962,1392.07635,False,False
1673308800000,1320.4,1347.69,1316.8,1335.62,459660.2307,611680590.7409999,1673395199999,1309.8027274490385,1162.6460364731297,1235.1386,1296.8589,1377.8766666666668,1392.62935,False,False
1673395200000,1335.63,1398.0,1321.04,1389.39,472465.9556,635118946.4298999,1673481599999,1334.72691732045,1161.505714826957,1240.1344,1297.5219,1374.2371999999998,1393.3645000000001,False,False
1673481600000,1389.4,1438.0,1361.92,1415.92,877712.4492,1231660847.8678,1673567999999,1364.4274460972229,1155.091030465248,1244.7623999999998,1298.0662000000002,1371.0162666666668,1394.4551500000002,False,False
1673568000000,1415.91,1464.0,1401.03,1451.2,499377.8649,709963291.543,1673654399999,1394.5705051776529,1147.0771527534814,1249.7118,1299.0562,1368.1798000000001,1395.7486000000001,False,False
1673654400000,1451.21,1599.98,1449.14,1549.9,940691.7774,1444283818.1901999,1673740799999,1452.1557152816802,1139.7188278427034,1256.7238,1301.0346,1366.2841333333333,1397.77785,False,False
1673740800000,1549.91,1566.66,1516.03,1552.52,387832.7138,596626752.2983,1673827199999,1490.3337457712184,1127.736470158639,1263.6622,1303.2488,1364.325,1400.0394000000001,False,False
1673827200000,1552.52,1604.5,1521.31,1576.94,574622.8953,897953752.93,1673913599999,1530.3961658941505,1123.9563037042542,1271.3234000000002,1305.8634,1364.1112,1402.56905,False,False
1673913600000,1576.94,1609.0,1541.15,1565.57,506771.7219,797552620.1871,1673999999999,1565.3341200223208,1126.080790181526,1279.2794000000001,1308.2878,1364.0414,1405.09825,False,False
1674000000000,1565.56,1610.0,1501.39,1511.43,752534.8857,1172243167.731,1674086399999,1595.3162519367766,1135.429090712331,1285.1782,1310.5018,1363.3300666666667,1407.32035,False,False
1674086400000,1511.44,1564.43,1509.15,1551.09,308679.4645,473220810.9345,1674172799999,1614.029929422641,1148.342128526193,1290.3108,1313.2116,1362.8396,1409.7045,False,False
1674172800000,1551.09,1669.9,1542.02,1658.52,440570.9974,702227917.8709,1674259199999,1645.8391992904221,1161.222628911944,1297.953,1316.8524,1362.7936666666667,1412.2421,True,False
1674259200000,1658.53,1679.26,1616.21,1626.66,494248.60089999996,815990095.3458,1674345599999,1673.64213047634,1172.9027383040118,1304.5744,1320.2482,1362.5943333333332,1414.7129,False,False
1674345600000,1626.65,1663.89,1604.0,1627.44,431729.6909,703883818.6166,1674431999999,1695.051089296661,1190.342891297309,1312.3129999999999,1323.5599,1362.1432,1416.91725,False,False
1674432000000,1627.43,1648.09,1585.29,1626.29,407267.1156,662442276.0057,1674518399999,1709.3409269256213,1211.3572352230221,1319.2506,1327.0736000000002,1362.9306,1418.86125,False,False
1674518400000,1626.28,1641.46,1535.0,1555.97,462275.3243,742483248.7785001,1674604799999,1722.0455077955698,1236.3058092870695,1325.1817999999998,1329.5738000000001,1363.3633333333332,1420.5709,False,False
1674604800000,1555.97,1641.0,1518.0,1611.94,646474.9166,1010958308.5232999,1674691199999,1729.9845628028752,1259.3408402635362,1331.9942,1332.3792,1364.5978666666667,1422.5455,False,False
1674691200000,1611.95,1632.84,1577.43,1601.09,532777.8466,856294452.5485001,1674777599999,1734.0346824339495,1286.202967400471,1339.3924,1335.283,1364.9264666666668,1424.7091500000001,False,False
1674777600000,1601.08,1621.0,1552.54,1597.62,512093.3875,810894459.5915,1674863999999,1731.3197064324684,1312.6813160650672,1345.7412,1338.4082999999998,1365.4133333333334,1427.21525,False,False
1674864000000,1597.61,1606.83,1555.99,1572.1,313675.6574,496009423.63310003,1674950399999,1724.3024612176482,1344.1209859227024,1351.9212,1341.3036000000002,1365.5333333333333,1429.8828499999997,False,False
1674950400000,1572.1,1660.0,1566.33,1644.72,551767.9134,892135111.0288,1675036799999,1722.5726556782963,1374.5522507032433,1359.4886,1344.7533,1365.9237333333333,1432.53145,False,False
1675036800000,1644.73,1647.53,1535.0,1566.2,595055.3281,945663093.9187999,1675123199999,1712.7781163333796,1402.4569103143078,1365.5523999999998,1347.2792,1365.8627333333332,1434.39535,False,False
1675123200000,1566.21,1605.18,1561.63,1585.33,348856.6751,550862274.1479,1675209599999,1700.0586326105367,1435.6686954305599,1371.751,1349.4904999999999,1366.0485333333334,1436.16575,False,False
1675209600000,1585.32,1647.77,1555.18,1641.68,474617.17089999997,757974339.8878,1675295999999,1689.860420653238,1464.881689100702,1378.1708,1352.4712,1366.4645333333333,1437.5949000000003,False,False
1675296000000,1641.67,1714.68,1626.85,1643.12,629188.8874,1052104526.872,1675382399999,1686.1237781902087,1487.159738740474,1384.8844,1354.305,1366.6333333333334,1439.11725,False,False
1675382400000,1643.12,1676.0,1625.93,1663.52,464815.032,766949169.4306,1675468799999,1690.6102354805164,1501.2040785858865,1392.8239999999998,1355.2792000000002,1367.3300666666667,1439.52965,False,False
1675468800000,1663.52,1695.29,1645.43,1666.38,308227.1295,514857995.9859,1675555199999,1694.9699211494542,1502.6644483888733,1402.8150000000003,1356.8025000000002,1367.5726000000002,1440.14995,False,False
1675555200000,1666.39,1673.81,1609.3,1629.02,413579.6748,680127291.9271,1675641599999,1697.768142457292,1507.175180471521,1411.6522,1357.5486,1367.5302666666666,1440.68715,False,False
1675641600000,1629.01,1658.56,1605.01,1614.29,384119.4197,626831152.6875,1675727999999,1698.8589718042901,1509.981731972003,1420.2768000000003,1357.496,1366.8373333333334,1440.8813499999999,False,False
1675728000000,1614.28,1678.37,1613.14,1671.03,451922.4,743635216.7282,1675814399999,1701.456138910472,1519.13562392667,1430.3410000000001,1358.3019,1366.1500666666668,1441.5601500000002,False,False
1675814400000,1671.03,1697.91,1630.47,1650.43,417966.2539,695793337.577,1675900799999,1700.5310514823134,1527.6596226962452,1439.0107999999998,1359.0792999999999,1365.3788666666667,1442.0689499999999,False,False
1675900800000,1650.42,1656.17,1524.4,1545.35,658011.6964,1054014372.5833,1675987199999,1699.6477729599862,1525.038166199287,1445.6422,1358.7480000000003,1364.2387333333334,1441.8072,False,False
1675987200000,1545.35,1555.01,1490.0,1513.06,484654.21989999997,743164643.5111,1676073599999,1704.2708081200508,1512.617158942441,1451.5492000000002,1358.6952,1363.8298,1442.1685499999999,False,False
1676073600000,1513.05,1543.0,1505.0,1538.51,289691.5708,440657107.72819996,1676159999999,1708.6140834675816,1504.4261732627353,1457.9196,1358.7702,1363.1639333333333,1442.6154999999999,False,False
1676160000000,1538.5,1548.02,1493.08,1514.83,286758.374,438014692.3081,1676246399999,1711.0483085738374,1495.3748074835016,1463.808,1357.4707,1363.4444666666668,1442.01095,False,False
1676246400000,1514.82,1526.1,1461.93,1505.24,643152.3904,959644223.3361,1676332799999,1714.439251890124,1484.4443215686651,1469.5426,1356.2532999999999,1363.9200666666668,1440.91455,False,False
1676332800000,1505.25,1569.0,1482.66,1555.71,668964.3768,1021642935.314,1676419199999,1713.566113673581,1479.6142630111472,1476.0946,1356.1275,1364.4992666666665,1440.0847,False,False
1676419200000,1555.7,1680.0,1542.55,1674.92,581207.8586,928452953.9453,1676505599999,1717.4827937552427,1477.8701181264366,1485.362,1357.1957,1366.7686666666666,1439.9742999999999,False,False
1676505600000,1674.92,1742.97,1633.72,1637.84,832723.6731,1408096156.868,1676591999999,1730.7381078190367,1478.4107404628198,1494.3158,1360.2263999999998,1368.5144,1439.7729000000002,False,False
1676592000000,1637.83,1722.0,1630.51,1693.87,579934.663,970891863.0580001,1676678399999,1739.6146566961138,1479.3915775801388,1504.1834,1366.1378,1370.9873333333335,1440.0908500000003,False,False
1676678400000,1693.81,1713.13,1679.77,1691.62,267305.78130000003,452969773.6103,1676764799999,1744.7844795443975,1477.6074386481685,1514.0159999999998,1370.0611999999999,1373.9596,1440.3944000000001,False,False
1676764800000,1691.62,1726.59,1666.14,1679.75,401023.0477,680092027.3311,1676851199999,1752.11355901617,1480.3999180319774,1523.6884,1373.9659,1376.3148666666666,1440.7023500000003,False,False
1676851200000,1679.74,1719.89,1650.56,1703.27,451314.8335,765198951.9641,1676937599999,1758.8937745555131,1482.3709263124167,1533.7469999999998,1378.4261000000001,1378.8216666666667,1441.1788999999999,False,False
1676937600000,1703.27,1716.66,1636.3,1659.76,520354.4688,874136698.2841,1677023999999,1764.0974142892212,1485.5175601636988,1542.6621999999998,1382.8087999999998,1381.1058666666665,1440.7936499999998,False,False
1677024000000,1659.77,1666.95,1595.07,1643.14,528875.4809,861982489.0169,1677110399999,1760.070489465439,1484.7764233763337,1551.2340000000002,1386.8074,1383.4292666666668,1440.55635,False,False
1677110400000,1643.15,1679.0,1628.75,1650.53,501305.9717,829754759.5661,1677196799999,1760.2839703641364,1484.7883746207924,1559.1066,1390.7804,1385.525,1440.3080500000003,False,False
1677196800000,1650.52,1664.66,1575.64,1607.8,512515.4982,831164574.1184,1677283199999,1757.9946199611923,1483.3395473290193,1566.2377999999999,1394.6966999999997,1387.3902,1439.4618000000003,False,False
1677283200000,1607.8,1608.98,1557.33,1594.58,290188.0391,462128193.104,1677369599999,1755.7490602025991,1480.8537506493492,1572.7466,1398.6382,1389.1060666666667,1438.9209,False,False
1677369600000,1594.58,1651.26,1587.76,1641.36,308607.9941,499002379.5203,1677455999999,1755.3724446692665,1480.3186197554207,1580.2923999999998,1402.9259999999997,1391.1437999999998,1437.85985,False,False
1677456000000,1641.37,1665.22,1608.0,1633.45,431861.4129,707841123.0577999,1677542399999,1754.4415638102398,1480.2456909947402,1587.1581999999999,1407.0838,1393.1753333333334,1436.6261499999998,False,False
1677542400000,1633.45,1647.52,1596.66,1605.23,393523.1647,640150766.3105,1677628799999,1750.726389900976,1479.929561023983,1592.855,1411.7140000000002,1395.1316000000002,1434.8609,False,False
1677628800000,1605.24,1669.72,1595.0,1665.22,474456.8235,780632253.6063,1677715199999,1751.5930812203796,1485.0516239498052,1599.4470000000001,1417.2928,1397.7216,1433.2692499999998,False,False
1677715200000,1665.23,1677.86,1619.18,1647.86,423023.8082,694364877.5045,1677801599999,1752.467739112671,1496.090750229701,1604.6164,1422.3754000000001,1399.8867333333335,1431.832,False,False
1677801600000,1647.86,1649.25,1544.39,1569.45,742816.5976,1166573996.7452,1677887999999,1749.4805699953129,1501.2036302282581,1607.6870000000001,1426.2247,1401.2731333333334,1430.1839499999999,False,True
1677888000000,1569.45,1577.53,1549.12,1566.73,237640.26059999998,371865636.7947,1677974399999,1747.0558280772786,1509.1352063392324,1609.9976000000001,1429.8547,1402.7033333333334,1428.63425,False,False
1677974400000,1566.74,1588.77,1553.05,1564.58,299240.7415,469729098.4628,1678060799999,1740.5030334735995,1525.2301253399737,1610.2912,1433.5075,1404.1201333333336,1427.2858999999999,False,False
1678060800000,1564.57,1583.49,1554.44,1565.84,307709.30110000004,482146763.9663,1678147199999,1739.1860078018424,1538.5111572990002,1610.5575999999999,1437.1099,1405.6850666666667,1425.8831500000001,False,False
1678147200000,1565.84,1584.49,1536.14,1561.96,437947.90319999994,682865640.7444,1678233599999,1739.193082964031,1537.485187574551,1610.2580000000003,1440.7907,1407.3282666666667,1425.6479000000002,False,False
1678233600000,1561.95,1570.89,1523.61,1532.38,460101.7658,714552395.9933,1678319999999,1730.9846347152936,1528.4165704085585,1609.5941999999998,1444.4368,1408.7232666666666,1425.4296,False,False
1678320000000,1532.38,1546.45,1408.0,1437.32,718485.1364,1072396877.9075,1678406399999,1726.1144223173678,1494.746048839726,1608.112,1446.6451000000002,1409.7052,1424.5255499999998,False,True
1678406400000,1437.32,1439.43,1368.39,1426.44,960262.4509,1353741388.828,1678492799999,1733.4579532055363,1460.756289533646,1605.619,1447.9649000000002,1410.6807333333334,1423.5344499999999,False,False
1678492800000,1426.43,1478.07,1408.4,1471.97,1374859.6201,1987926852.349,1678579199999,1727.2167336585828,1441.557076548635,1601.8880000000001,1449.9205000000002,1411.8642666666667,1422.56725,False,False
1678579200000,1471.93,1594.19,1448.3,1580.33,1002355.0929,1506839740.47,1678665599999,1715.4349194356716,1431.3832045400786,1600.9614000000001,1452.7679,1413.8192666666666,1422.1861000000001,False,False
1678665600000,1580.33,1693.49,1565.0,1673.45,1228063.6053,1992277884.796,1678751999999,1711.8909456550239,1431.9839591765717,1601.8816,1457.0973000000001,1416.3338,1422.0778,False,False
1678752000000,1673.44,1780.02,1655.24,1699.4,1283321.2355,2195733827.9110003,1678838399999,1730.5360628350827,1429.9873702770258,1603.3438,1461.2972,1419.1636666666668,1423.0339000000001,False,False
1678838400000,1699.41,1716.9,1611.0,1649.96,963142.4833,1602460705.896,1678924799999,1735.390996738422,1430.4409293501105,1605.2236000000003,1465.2026999999998,1421.4570666666666,1423.8284000000003,False,False
1678924800000,1649.95,1691.42,1632.18,1673.73,627985.6119,1040043241.141,1679011199999,1738.223854119391,1429.973904917453,1606.4594,1469.2268,1423.7392666666667,1425.0632500000002,False,False
1679011200000,1673.73,1800.0,1662.65,1789.27,907528.2825,1569265196.453,1679097599999,1761.4268949176706,1429.143536342637,1610.2230000000002,1474.8076999999998,1426.9296666666667,1426.2506000000003,True,False
1679097600000,1789.26,1841.0,1747.47,1758.84,711614.731,1280189359.424,1679183999999,1787.8975160746068,1421.6019302905877,1613.4474,1479.5943,1430.088,1427.42185,False,False
1679184000000,1758.84,1841.36,1757.92,1780.68,541131.8907999999,972006261.58,1679270399999,1810.6449778804217,1415.1221674944659,1617.619,1484.7700999999997,1433.4087333333334,1428.55475,False,False
1679270400000,1780.67,1803.05,1722.0,1732.78,682848.1248,1205036446.951,1679356799999,1826.1003633738535,1413.2953831688294,1619.3802000000003,1489.4344,1436.2956000000001,1429.28785,False,False
1679356800000,1732.77,1835.0,1717.01,1801.23,742348.4998999999,1324018564.21,1679443199999,1844.1456407937537,1412.6749122657668,1624.0808000000002,1494.8166,1439.5464,1430.41725,False,False
1679443200000,1801.23,1819.98,1710.12,1734.33,891287.6009,1581074700.2089,1679529599999,1858.3037858593555,1412.1856424113614,1627.0608000000002,1499.4059000000002,1442.0139333333334,1431.3016,False,False
1679529600000,1734.34,1857.16,1729.35,1813.79,732061.103,1312199315.578,1679615999999,1878.0279123207943,1415.645090990214,1630.503,1504.3369,1445.1484666666665,1432.47415,False,False
1679616000000,1813.78,1818.99,1726.4,1749.57,564770.1417,1001546184.532,1679702399999,1891.4949786376083,1420.0265532716915,1632.632,1508.7582,1447.0806666666667,1433.1329999999998,False,False
1679702400000,1749.57,1763.23,1713.09,1741.88,355679.3743,620341997.1832,1679788799999,1897.959823399546,1425.3511131317066,1634.1991999999998,1513.5116,1448.2525333333333,1434.04735,False,False
1679788800000,1741.88,1801.0,1739.31,1773.88,354933.2372,627660488.2724,1679875199999,1906.80177498354,1430.975492263614,1636.3491999999999,1519.5821000000003,1449.9847333333335,1434.7667500000002,False,False
1679875200000,1773.88,1780.48,1686.13,1715.22,570563.5022999999,987197970.2204,1679961599999,1912.4178819647027,1439.5269245691302,1638.0732,1524.8627000000001,1451.0568,1435.1659999999997,False,False
1679961600000,1715.21,1795.73,1701.13,1772.99,536511.3973,935507384.15,1680047999999,1917.4050135804737,1450.4044706345053,1641.2472,1530.7620000000002,1452.0797333333333,1435.4398,False,False
1680048000000,1773.0,1827.99,1772.48,1793.07,536865.5972,967342311.0830001,1680134399999,1921.7375376901139,1481.0856097751393,1643.6879999999999,1537.0145000000002,1453.4306,1435.5345499999999,False,False
1680134400000,1793.06,1829.69,1763.0,1793.61,579690.0394,1039397383.781,1680220799999,1906.152666801572,1528.1485982115787,1646.5516,1542.7812,1454.9034,1435.6720500000001,False,False
1680220800000,1793.6,1847.28,1777.91,1821.52,554525.4762,1006896937.0259999,1680307199999,1883.9173830685252,1575.007373898819,1652.075,1548.8586000000003,1456.5236666666667,1436.1978,False,False
1680307200000,1821.52,1842.83,1807.81,1820.79,272904.96739999996,497460628.0762,1680393599999,1871.711727770186,1621.7118663981807,1658.2296,1554.8894,1458.54,1437.42975,False,False
1680393600000,1820.8,1824.81,1771.7,1794.51,322122.9385,580909276.1649,1680479999999,1868.7841010525622,1645.3669328979138,1663.3496000000002,1560.6345999999999,1460.2966666666666,1438.21035,False,False
1680480000000,1794.51,1839.99,1762.77,1810.51,628503.6619,1131436800.4377,1680566399999,1872.0619541451906,1653.0217530936743,1669.2632,1566.5356,1461.4015333333334,1439.8991499999997,False,False
1680566400000,1810.51,1891.91,1802.01,1870.37,622208.6411,1151551698.6526,1680652799999,1877.9861781973743,1670.0158334258224,1676.5657999999999,1573.0542,1463.0241333333333,1442.0815,False,False
1680652800000,1870.38,1942.98,1864.58,1908.69,548595.5155,1045846831.7917,1680739199999,1887.3185922313385,1678.710618667671,1683.6254000000001,1579.86,1465.2934666666667,1444.2807999999998,True,False
1680739200000,1908.68,1909.91,1853.7,1872.41,396241.4352,743618300.0244,1680825599999,1897.391603202975,1686.191593029801,1687.5752,1586.4686000000002,1467.3222,1446.9703,False,False
1680825600000,1872.41,1882.61,1841.46,1863.72,284256.4873,528718750.3789,1680911999999,1901.344738745783,1685.6816780899371,1692.0928,1593.2043000000003,1470.8485333333333,1449.4089999999999,False,False
1680912000000,1863.73,1879.38,1847.0,1848.82,197905.5407,368792680.9296,1680998399999,1904.6847172802752,1685.0837473220522,1695.1917999999998,1599.6875999999997,1475.8224666666667,1452.03845,False,False
1680998400000,1848.82,1873.99,1824.01,1858.92,287131.3079,529878494.8401,1681084799999,1907.8679810336184,1689.4724290161853,1698.5378,1606.2769,1479.5534,1455.10415,False,False
1681084800000,1858.91,1918.79,1846.4,1910.2,434739.79839999997,816212712.8624,1681171199999,1916.5070199320576,1694.5319210927978,1703.1468000000002,1613.4176,1483.6928666666668,1458.02285,False,False
1681171200000,1910.21,1937.37,1881.11,1889.86,405203.4892,774389695.8465,1681257599999,1927.591372695419,1699.8063808540091,1706.8786000000002,1620.3128,1487.9102666666668,1460.8359000000003,False,False
1681257600000,1889.86,1933.0,1852.65,1917.39,630844.4186,1195663632.0791001,1681343999999,1935.830425267467,1705.592123682196,1712.0312000000004,1627.3467,1492.5496,1463.8372,False,False
1681344000000,1917.4,2023.0,1899.55,2012.01,676164.5188,1333377092.123,1681430399999,1961.6261094586566,1710.506169474229,1719.4085999999998,1635.3213,1497.6744666666666,1467.4241,True,False
1681430400000,2012.0,2128.76,2009.22,2099.99,896307.3934,1877719501.123,1681516799999,2006.4818402066128,1707.332899229521,1728.3978,1643.7522,1503.3195333333335,1471.2432,False,False
1681516800000,2099.99,2111.85,2071.13,2090.6,321823.7851,674260851.4912,1681603199999,2039.067746944994,1698.6096940893544,1738.0538000000001,1652.1457999999998,1509.1490666666666,1475.0561000000002,False,False
1681603200000,2090.61,2141.54,2072.72,2118.67,319880.43929999997,673034613.4156,1681689599999,2071.362970816348,1706.0676904282675,1748.5356,1660.6411,1515.2706666666668,1478.96345,False,False
1681689600000,2118.66,2120.51,2056.25,2074.0,426972.7071,889433328.7862,1681775999999,2094.8317877711424,1718.7628068176693,1757.1884,1668.7404000000001,1521.0134666666665,1482.6549499999999,False,False
1681776000000,2073.99,2125.0,2051.0,2103.5,414244.6135,867291463.5699,1681862399999,2116.5876518802493,1725.3726169975414,1766.5894,1676.8738,1526.919,1486.5288500000001,False,False
1681862400000,2103.51,2104.6,1923.03,1933.73,775389.0602,1547934187.8594,1681948799999,2132.1845504215225,1738.4636380191437,1773.1594,1683.0072,1532.1958000000002,1489.63855,False,False
1681948800000,1933.74,1982.99,1914.43,1942.98,625336.2495,1218184973.3,1682035199999,2134.1566871186465,1750.21290724589,1778.7146,1689.0808,1537.7667333333331,1492.9698500000002,False,False
1682035200000,1942.98,1957.27,1825.0,1848.78,688876.6185999999,1306179482.092,1682121599999,2133.9714701746702,1752.147485908572,1782.733,1693.6747,1542.4946,1495.5982999999999,False,False
1682121600000,1848.77,1887.31,1841.64,1874.16,331007.5879,616579601.3124,1682207999999,2131.5502340728276,1760.7647895870468,1788.8272,1698.2570999999998,1547.0921999999998,1498.16165,False,False
1682208000000,1874.17,1882.01,1836.37,1862.0,344514.3444,641362428.6891,1682294399999,2129.879919187602,1770.6957696355994,1794.7326,1702.3651,1551.4806666666666,1500.71065,False,False
1682294400000,1862.01,1890.0,1806.0,1841.84,447864.0517,826968889.2416999,1682380799999,2129.915971622972,1771.2341216684806,1800.2778,1705.2844999999998,1555.7642666666666,1503.1595499999999,False,False
1682380800000,1841.84,1877.86,1801.66,1866.1,457870.6047,839226421.3764,1682467199999,2130.0596434779145,1764.3967730494503,1806.2830000000001,1708.4203,1560.1676,1505.8345500000003,False,False
1682467200000,1866.1,1964.72,1785.0,1866.01,897709.7298,1695903568.9609,1682553599999,2131.064735003459,1756.4724096689758,1812.364,1711.3110000000001,1564.6484666666668,1508.5872,False,False
1682553600000,1866.01,1940.96,1861.19,1908.68,727472.9466,1383094120.678,1682639999999,2130.8497439038633,1758.2139408236178,1819.89,1714.7421,1569.5878666666665,1511.51495,False,False
1682640000000,1908.68,1923.88,1873.94,1890.94,387630.7791,736203306.6133,1682726399999,2130.198127397193,1760.4270482079396,1828.9624,1718.5372,1574.0842,1514.5194999999999,False,False
1682726400000,1890.93,1918.0,1883.05,1907.8,182046.14059999998,346028241.2957,1682812799999,2129.2201968280733,1765.7301554405055,1838.5896,1722.1043,1578.1731333333335,1517.65795,False,False
1682812800000,1907.79,1939.0,1866.16,1870.09,355336.4888,677913240.8148,1682899199999,2129.256790891077,1767.5014267712093,1846.552,1724.22,1582.1309999999999,1520.5362,False,False
1682899200000,1870.08,1886.49,1806.12,1830.73,445519.1779,818821593.6949,1682985599999,2129.8024000268615,1760.1289139733221,1851.56,1726.2607,1585.6986,1523.2544500000001,False,True
1682985600000,1830.73,1881.87,1822.94,1870.08,373753.20269999997,690907892.1103,1683071999999,2130.3614472788995,1757.1586081375742,1855.4925999999998,1728.6870999999999,1589.8957333333333,1526.1235000000001,False,False
1683072000000,1870.09,1916.52,1842.64,1905.12,465185.2501,871222153.9594,1683158399999,2126.0155135667464,1753.0751060238665,1859.6070000000002,1731.4754,1594.0671333333335,1529.2744999999998,False,False
1683158400000,1905.12,1918.26,1866.71,1877.07,354528.6144,670584503.66,1683244799999,2107.248092581205,1750.9265178361215,1864.1491999999998,1734.6863999999998,1598.1848666666665,1532.1300999999999,False,False
1683244800000,1877.07,1998.36,1875.65,1993.3,546608.875,1061183389.0685,1683331199999,2093.0843837632424,1755.7900196989365,1870.5406,1738.5,1602.9980666666665,1535.4396,False,False
1683331200000,1993.3,2019.0,1860.0,1896.33,608106.9915,1169939393.3123,1683417599999,2073.5095101888396,1764.0573702300692,1872.6817999999998,1741.4524,1607.4324,1538.3676999999998,False,False
1683417600000,1896.33,1933.33,1867.59,1870.4,413268.8357,787566158.1973,1683503999999,2049.763842737067,1776.2073897268376,1874.9129999999998,1744.1801999999998,1611.3672,1541.2942500000001,False,True
1683504000000,1870.41,1883.97,1810.73,1847.56,625316.6168,1157603209.7613,1683590399999,2019.3440431662123,1793.9226734044,1876.2506000000003,1746.9348,1615.2636,1544.1192,False,False
1683590400000,1847.55,1861.88,1830.99,1846.52,304396.186,561440259.7914,1683676799999,1987.3061270233409,1795.520616206737,1878.5253999999998,1748.9528,1619.1314,1546.85305,False,False
1683676800000,1846.53,1887.47,1790.51,1840.84,639933.3855,1182254717.0316,1683763199999,1980.0637511185894,1792.8162914442469,1879.3175999999999,1751.6992,1622.9836,1549.4892000000002,False,False
1683763200000,1840.83,1842.02,1772.68,1794.3,522096.0725,944525427.0271,1683849599999,1977.5551701246043,1785.519938669251,1880.5169999999998,1753.7888999999998,1626.4429333333333,1551.6397,False,False
1683849600000,1794.31,1818.63,1740.0,1807.45,565539.8309,1002104362.594,1683935999999,1980.688055430329,1771.6005368803326,1880.3901999999998,1755.4466,1629.688,1553.9589,False,False
1683936000000,1807.45,1817.03,1785.23,1795.11,212895.4373,383397322.7447,1684022399999,1983.1497175278066,1767.3041362306376,1881.3009999999997,1756.9665,1632.9391333333333,1555.63575,False,False
1684022400000,1795.12,1824.0,1789.82,1799.21,218101.09769999998,393557662.8017,1684108799999,1984.2741240169555,1765.6199145399873,1882.4476000000002,1758.3234,1636.4902666666667,1556.8013,False,False
1684108800000,1799.2,1846.7,1785.05,1816.2,388171.9261,708011632.1744,1684195199999,1984.3998618947953,1763.7911417014795,1883.2939999999999,1759.8215999999998,1640.8194,1558.3120500000002,False,False
1684195200000,1816.21,1832.64,1796.2,1824.21,311238.6786,565367254.1073,1684281599999,1977.639177931423,1765.076324298505,1885.4738,1761.7735,1645.0664000000002,1559.6610499999997,False,False
1684281600000,1824.21,1837.5,1783.68,1822.12,352097.9913,637776970.834,1684367999999,1972.8410872908407,1760.918713635547,1886.4563999999998,1763.8518,1649.3268,1560.6738999999998,False,False
1684368000000,1822.12,1831.92,1771.12,1800.56,293755.311,531357170.82659996,1684454399999,1969.3663540039436,1756.2711969594782,1886.6062,1765.1471,1653.5450666666668,1561.7244999999998,False,False
1684454400000,1800.56,1829.54,1796.81,1812.32,243116.4676,440291732.3505,1684540799999,1965.9657836398067,1756.0251606273187,1886.9804000000001,1766.766,1657.5142666666668,1562.9226499999997,False,False
1684540800000,1812.31,1828.87,1807.06,1819.42,127754.43490000001,232010582.3066,1684627199999,1959.5312096868522,1756.0714949664546,1886.9384,1769.5067,1661.5518666666667,1564.1273500000002,False,False
1684627200000,1819.42,1828.98,1797.21,1804.91,161517.8053,292535613.8781,1684713599999,1957.8406835929925,1755.474218658826,1886.6208000000001,1772.4252,1665.4665333333335,1565.5602,False,False
1684713600000,1804.91,1828.27,1792.01,1817.35,237498.9423,430673377.9165,1684799999999,1956.2427498282857,1753.8389484019822,1887.0775999999998,1775.2136,1669.4489333333333,1566.9918999999998,False,False
1684800000000,1817.36,1872.5,1815.24,1854.05,396869.6097,734581474.7224001,1684886399999,1952.5277291079756,1753.7071166871708,1887.9484,1778.6057999999998,1673.6732,1568.03825,False,False
1684886400000,1854.06,1854.09,1777.6,1799.89,420846.1445,761360360.5984,1684972799999,1947.5497865299033,1752.7056076818585,1886.5388,1781.5523,1677.5490666666667,1568.9028,False,False
1684972800000,1799.89,1818.81,1761.41,1805.6,350633.0089,628769352.4432,1685059199999,1925.702270676351,1752.2311080171507,1884.477,1784.0512000000003,1681.3990000000001,1570.08935,False,False
1685059200000,1805.61,1838.2,1796.99,1827.79,275690.6854,501773973.8801,1685145599999,1888.6574700301574,1754.8137216374585,1883.5846,1785.5799,1685.5072666666667,1571.3878,False,False
1685145600000,1827.8,1836.12,1812.18,1829.89,138824.9406,253710138.2505,1685231999999,1871.4711513030802,1760.7633682257328,1882.908,1787.5004000000001,1689.7722,1573.8634,False,False
1685232000000,1829.89,1918.65,1823.6,1908.64,378392.4371,705699886.2300999,1685318399999,1880.0444829399787,1760.161697471165,1884.1044,1789.6480999999999,1694.4932,1577.8929500000002,True,False
1685318400000,1908.64,1927.62,1873.65,1892.6,313593.4942,596236148.9102,1685404799999,1892.2489796308364,1754.1157108441907,1884.7780000000002,1791.6579000000002,1699.1106,1580.85955,False,False
1685404800000,1892.6,1917.0,1881.19,1900.59,272665.8402,519059196.2471,1685491199999,1897.5532426058262,1749.3231834738351,1884.5857999999998,1793.8663000000001,1703.807,1583.9161000000001,False,False
1685491200000,1900.58,1907.13,1846.95,1873.63,319255.5681,597360395.544,1685577599999,1904.4068008823363,1751.343683274507,1884.2612,1795.5699,1708.2956,1586.9980000000003,False,True
1685577600000,1873.63,1889.2,1840.0,1861.78,270496.60970000003,504448237.2733,1685663999999,1908.1478963394584,1759.614369861926,1883.149,1797.5901000000001,1712.6141333333333,1590.19945,False,False
1685664000000,1861.78,1910.0,1847.51,1906.68,313004.0658,591169483.0996,1685750399999,1914.1287588174682,1761.5277208992472,1881.0423999999998,1800.2254999999998,1717.2283333333332,1593.5164499999998,False,False
1685750400000,1906.69,1907.92,1881.6,1892.06,148818.2427,282550389.9467,1685836799999,1919.1685584553397,1761.2949758920877,1876.8837999999998,1802.6408,1721.462733333333,1596.7105999999999,False,False
1685836800000,1892.05,1914.63,1884.22,1890.01,172683.0119,328166899.0624,1685923199999,1924.6891304161504,1762.6335401419267,1872.872,1805.4629,1725.7212,1600.0798000000002,False,False
1685923200000,1890.0,1890.63,1778.0,1810.5,555361.2683,1017689609.3613999,1686009599999,1926.8788719367908,1760.5877127068864,1866.7086000000002,1807.6220999999998,1729.3302666666668,1603.13015,False,True
1686009600000,1810.49,1898.29,1797.18,1884.64,491407.21739999996,907660359.4254,1686095999999,1929.5599974531194,1762.0112267274276,1862.9214000000002,1810.0549,1733.4674,1606.4904500000002,False,False
1686096000000,1884.65,1897.8,1821.18,1832.13,429196.7064,796856688.8672,1686182399999,1931.6472620419079,1766.952432435711,1857.4940000000001,1812.0417000000002,1737.0805333333335,1609.56275,False,True
1686182400000,1832.12,1861.28,1828.31,1845.64,189270.4853,349160385.1055,1686268799999,1931.2126293905744,1769.1673774782962,1855.7322,1814.4458,1740.5821999999998,1613.0799000000002,False,False
1686268800000,1845.65,1855.0,1827.0,1840.37,198324.3252,365037779.7428,1686355199999,1930.5181196253566,1770.4402785590992,1853.68,1816.1972999999998,1743.9471999999998,1616.74505,False,False
1686355200000,1840.37,1844.99,1715.03,1751.53,652324.6695,1148312156.5262,1686441599999,1929.8395954452021,1755.973451098261,1851.735,1817.234,1746.3614666666667,1619.8047,False,True
1686441600000,1751.52,1778.25,1738.72,1752.76,219956.2434,385656545.95019996,1686527999999,1935.0984046206224,1748.4979164417907,1849.3069999999998,1819.0671,1748.6070666666667,1622.6459,False,False
1686528000000,1752.77,1759.33,1720.0,1742.57,302132.4819,525467514.6197,1686614399999,1941.0136725395967,1736.7232622447586,1846.9184,1820.8255000000001,1750.5495333333333,1625.3401000000001,False,True
1686614400000,1742.57,1770.13,1724.22,1740.12,284268.00179999997,495907901.6684,1686700799999,1944.152135184293,1729.4187469161552,1844.884,1822.5809,1751.8176666666664,1628.0442,False,False
1686700800000,1740.12,1750.03,1630.43,1650.95,415847.327,705586390.2346001,1686787199999,1948.4451838714183,1704.6623372636527,1840.5809999999997,1823.4319999999998,1752.4738666666667,1630.27095,False,True
1686787200000,1650.95,1680.91,1626.01,1666.96,370774.7696,611499814.5419999,1686873599999,1959.3812929273704,1680.3079551613237,1836.6,1824.4820000000002,1753.0739999999998,1632.6363499999998,False,False
1686873600000,1666.96,1729.5,1649.86,1717.92,311734.5904,525393264.9622,1686959999999,1961.8870066583004,1663.0292918311034,1832.7848000000001,1826.3374,1754.0896666666667,1635.3871000000001,False,False
1686960000000,1717.91,1770.0,1714.26,1727.76,210914.9216,366944179.3201,1687046399999,1954.8099752722783,1656.0727904437888,1829.5212,1829.2418,1755.5318666666665,1637.9434499999998,False,False
1687046400000,1727.75,1747.84,1712.0,1720.95,156535.0128,270948973.4175,1687132799999,1945.9578931908893,1650.2772791396512,1825.7842,1832.1869,1756.6642666666667,1640.0759,False,False
1687132800000,1720.95,1752.19,1698.0,1737.11,245162.75890000002,422827205.7751,1687219199999,1936.9326495420148,1644.6894826486266,1823.1246,1834.8383,1757.1882000000003,1642.3794,False,False
1687219200000,1737.1,1796.99,1714.72,1791.99,328855.68460000004,577529266.79,1687305599999,1928.1382730697696,1640.6125919748965,1822.3497999999997,1836.9549,1758.2904,1644.8614000000002,False,False
1687305600000,1791.99,1901.0,1787.38,1889.11,613755.8868999999,1132377905.489,1687391999999,1929.6417771773058,1640.9379837543543,1822.7304000000001,1839.1115,1760.0348666666666,1648.1044,False,False
1687392000000,1889.1,1933.17,1865.98,1872.01,416714.57190000004,791056016.1468999,1687478399999,1933.1741174176266,1640.0237046721247,1822.0682000000002,1840.8376,1761.673,1651.0674000000001,False,False
1687478400000,1872.0,1936.42,1861.01,1892.63,401147.93240000005,760352485.3363,1687564799999,1937.4314037232232,1641.3431062166137,1822.3794,1843.2642999999998,1763.9173999999998,1654.2335,False,False
1687564800000,1892.63,1906.0,1864.77,1874.96,226910.2941,427721477.762,1687651199999,1936.255672767926,1642.7176701485505,1820.0126,1845.2766000000001,1765.6708666666666,1657.2516999999998,False,False
1687651200000,1874.95,1930.0,1868.83,1898.8,338757.6158,644415530.0395,1687737599999,1941.5515790606883,1641.2144892840618,1820.0620000000001,1846.3719,1767.6556000000003,1660.5898000000002,False,False
1687737600000,1898.8,1909.1,1837.18,1858.97,458743.861,859537162.3557,1687823999999,1942.9076778055423,1641.0075807670182,1819.8334,1847.3732,1769.397933333333,1663.48375,False,False
1687824000000,1858.97,1912.53,1855.19,1889.58,366634.5707,690855987.0419,1687910399999,1944.7581261431403,1640.2595169967458,1820.6737999999998,1848.4622,1771.5144666666665,1666.6161500000003,False,False
1687910400000,1889.58,1890.19,1816.56,1828.02,337836.5792,626358502.5892,1687996799999,1947.5346736152326,1640.3341149264008,1820.3038000000001,1849.4145999999998,1772.736466666667,1669.4244999999999,False,True
1687996800000,1828.03,1880.0,1827.84,1851.99,241844.82809999998,448678322.1768,1688083199999,1949.7009416669,1640.3245580087992,1820.5268000000003,1849.9222,1774.6417333333334,1672.3694,False,False
1688083200000,1851.99,1948.6,1825.01,1933.79,716538.1035,1353630452.6152,1688169599999,1961.0251885861976,1645.2250747639496,1823.3166,1851.9168,1776.9647999999997,1675.66135,False,False
1688169600000,1933.8,1944.56,1909.44,1924.5,178373.3688,343093755.6123,1688255999999,1972.707063897418,1645.6772814313483,1825.6576,1853.0239000000001,1778.8502666666666,1678.6804000000002,False,False
1688256000000,1924.5,1959.2,1885.75,1937.48,255852.7832,491981842.96019995,1688342399999,1984.7288792805693,1650.6590113781242,1828.505,1854.9029999999998,1780.812666666667,1681.8306,False,False
1688342400000,1937.49,1976.16,1933.55,1955.54,322102.42949999997,631158998.8122001,1688428799999,1997.7314739252224,1654.237007622558,1831.6316,1857.0395999999998,1782.7594666666666,1685.2756,False,False
1688428800000,1955.55,1967.08,1931.58,1936.2,205525.09840000002,401186997.2496,1688515199999,2006.8381128663154,1674.4017044254897,1834.0316,1858.6628,1784.5582666666667,1689.1224499999998,False,False
1688515200000,1936.19,1942.5,1894.51,1910.36,267633.4783,512774138.2186,1688601599999,2003.8418982785497,1700.9413880818802,1835.7546,1860.6141999999998,1786.4338666666667,1692.73845,False,False
1688601600000,1910.35,1958.0,1846.0,1846.17,456362.741,868009586.2235,1688687999999,2004.068113695071,1726.1611755271715,1836.2356,1861.346,1787.9797333333331,1696.0539999999999,False,True
1688688000000,1846.17,1878.0,1826.0,1870.91,232944.3466,432733381.05520004,1688774399999,2000.2677869202862,1739.7516634492738,1837.6426000000001,1862.1244,1789.3122666666668,1699.5694499999997,False,False
1688774400000,1870.92,1876.0,1842.8,1865.24,125819.8273,234001180.8046,1688860799999,1991.3463895293078,1756.3785578540285,1838.701,1862.8407,1790.7443333333335,1702.81095,False,False
1688860800000,1865.24,1879.36,1856.15,1862.8,135046.3743,252189550.0517,1688947199999,1978.309835908943,1780.1229620495883,1839.5685999999998,1863.2534999999998,1792.8606666666665,1706.0560500000001,False,True
1688947200000,1862.81,1905.5,1846.63,1880.4,247868.1494,464186441.1628,1689033599999,1968.5636072734158,1804.2422568765653,1841.0783999999999,1863.8496000000002,1795.3096,1709.3694999999998,False,False
1689033600000,1880.41,1891.99,1862.38,1878.3,177771.6117,333339876.93270004,1689119999999,1968.6492916332425,1813.8578811890548,1842.2974000000002,1864.6875,1797.5748666666666,1712.6610500000002,False,False
1689120000000,1878.31,1902.0,1864.37,1871.82,264406.8673,498567734.5593,1689206399999,1967.3013039980142,1813.786095349038,1842.6528,1865.3006,1799.9548000000002,1715.9180999999999,False,False
1689206400000,1871.82,2012.63,1862.59,2004.49,548861.4207,1069502144.0258,1689292799999,1979.8425477071748,1813.8687853546496,1846.7448000000002,1866.6417999999999,1803.2831333333331,1719.8480000000002,True,False
1689292800000,2004.49,2029.11,1898.39,1937.83,498724.0359,982369872.0196999,1689379199999,1995.3046801729074,1814.1880001050229,1849.3894,1866.9332000000002,1805.8306000000002,1723.3966,False,False
1689379200000,1937.82,1946.37,1926.23,1931.41,135181.7663,261553961.1674,1689465599999,1996.3513145902468,1813.1614194763868,1851.4618,1867.5231999999999,1807.540533333333,1726.9959,False,False
1689465600000,1931.41,1943.55,1914.0,1922.11,148667.1051,286787440.4568,1689551999999,1997.7803015487993,1816.013793599274,1853.3062,1868.1071,1809.4356666666665,1730.6557,False,False
1689552000000,1922.12,1936.18,1873.26,1911.2,277159.03489999997,528662412.29760003,1689638399999,1998.6211825914202,1817.193103600173,1853.3573999999999,1868.7309000000002,1810.8845333333334,1734.20925,False,False
1689638400000,1911.21,1917.19,1875.73,1897.21,215780.5006,409583830.8763,1689724799999,1998.5439588475688,1823.5881846825139,1853.4496,1869.1138,1812.2551333333336,1737.6953499999997,False,False
1689724800000,1897.21,1922.04,1882.17,1888.63,218045.0005,415268112.5434,1689811199999,1998.019197459969,1828.9171775740597,1853.2104000000002,1868.8980999999999,1813.6476666666667,1741.15785,False,False
1689811200000,1888.64,1929.05,1878.0,1891.59,292907.5164,556981450.4552,1689897599999,1996.9513556894092,1835.0612444004269,1853.5695999999998,1868.9154,1814.9031333333332,1744.6141,False,False
1689897600000,1891.59,1905.74,1884.64,1891.73,165554.0428,313414135.8951,1689983999999,1995.6996949758743,1834.8894424744487,1854.1686,1868.6587999999997,1816.4496,1748.0027499999999,False,False
1689984000000,1891.73,1897.35,1851.18,1866.52,131901.64870000002,247820592.7689,1690070399999,1993.06265021659,1832.300449983581,1853.3654000000001,1867.2039000000002,1817.9387999999997,1751.2626,False,True
1690070400000,1866.52,1905.25,1857.82,1888.73,153501.0178,288736391.8615,1690156799999,1988.0014570969881,1832.46934161799,1853.2988,1865.0912999999998,1819.5268,1754.42175,False,False
1690156800000,1888.74,1890.86,1833.19,1850.0,276504.5547,512402907.4582,1690243199999,1983.6758273221183,1830.6510256548163,1852.4986,1862.6853,1821.141466666667,1757.41555,False,True
1690243200000,1850.0,1868.71,1845.45,1857.66,152251.21,282696600.9213,1690329599999,1982.1500270045908,1828.5474819056583,1853.4417999999998,1860.0752,1822.8953333333332,1760.35815,False,False
1690329600000,1857.66,1888.0,1848.35,1872.0,272090.5333,507049348.717,1690415999999,1978.0150911875267,1828.7997314410388,1853.1889999999999,1858.0551999999998,1824.4329333333333,1763.3978,False,False
1690416000000,1871.99,1886.11,1854.84,1861.28,163766.4259,306463587.402,1690502399999,1977.9105101180614,1832.6226509075614,1853.772,1855.6329999999998,1825.9518,1766.2534,False,False
1690502400000,1861.29,1883.39,1856.52,1874.19,138695.7147,259228467.50219998,1690588799999,1977.7739016355695,1834.1314881514345,1854.3429999999998,1855.0375999999999,1827.744866666667,1769.0223999999998,False,False
1690588800000,1874.2,1886.58,1869.54,1880.46,72867.0269,136676328.6796,1690675199999,1977.675540879884,1835.0679642431044,1855.1448,1854.4124000000002,1829.1798,1771.7466,False,False
1690675200000,1880.45,1885.3,1848.17,1861.79,158657.59019999998,296504225.2214,1690761599999,1977.4695591227774,1835.2561111893137,1857.35,1854.5425,1830.6060000000002,1774.1085999999998,False,False
1690761600000,1861.79,1877.4,1851.02,1856.14,168204.4534,313517086.1618,1690847999999,1977.575464666053,1834.2278970585282,1859.4176,1854.3623,1832.5172666666665,1776.3097,False,True
1690848000000,1856.13,1875.62,1813.8,1873.47,358476.0966,659100582.1084,1690934399999,1977.4980606747094,1827.2986828860362,1862.0356,1854.477,1834.5622,1778.42105,False,False
1690934400000,1873.48,1879.74,1821.21,1839.9,254213.0553,470466371.2628,1691020799999,1961.8915284702148,1822.5365227590266,1864.0312,1854.4576000000002,1836.3976666666665,1779.8710500000002,False,True
1691020800000,1839.9,1859.12,1826.0,1835.81,171148.052,315081750.3864,1691107199999,1936.3662107491673,1818.883640347747,1867.7284,1854.1547,1838.1974666666667,1781.2875,False,True
1691107200000,1835.81,1851.31,1815.74,1830.23,187699.4552,344687096.6019,1691193599999,1931.0221646206448,1817.499543134228,1870.9938,1853.7969,1839.9859333333334,1782.55395,False,False
1691193600000,1830.24,1839.0,1827.5,1836.48,93657.3255,171683574.0225,1691279999999,1925.9664425406168,1818.1390496288993,1873.365,1853.0748999999998,1842.0132666666666,1783.9085,False,False
1691280000000,1836.48,1838.58,1825.86,1830.28,90403.9915,165701947.0194,1691366399999,1920.8999307840106,1815.7753541176135,1875.4154,1852.4682999999998,1844.633,1785.5027499999999,False,False
1691366400000,1830.28,1847.0,1802.0,1829.1,224092.9059,409166592.8922,1691452799999,1917.4911474084188,1810.200396700593,1877.5783999999999,1851.6813,1847.3174,1786.8928,False,False
1691452800000,1829.1,1876.51,1826.33,1856.3,236336.03,436891258.6347,1691539199999,1912.3665402313554,1809.4755753920979,1879.9622,1851.5434000000002,1849.8796,1787.8817000000001,False,False
1691539200000,1856.3,1871.99,1846.28,1855.35,191926.83430000002,356559464.8834,1691625599999,1904.733531074095,1810.3018623879295,1881.2294,1851.7895999999998,1851.713066666667,1789.02515,False,False
1691625600000,1855.36,1865.95,1845.38,1852.47,127321.4553,236043286.6563,1691711999999,1900.9702801597543,1812.4050245283388,1880.4966,1851.6135000000002,1852.9065333333333,1790.1503,False,True
1691712000000,1852.47,1857.26,1838.05,1848.84,113209.3103,209237745.6385,1691798399999,1898.1912301268478,1812.1296335431557,1880.0332,1851.0506999999998,1853.9028000000003,1791.26305,False,True
1691798400000,1848.84,1854.01,1846.08,1849.93,63292.647600000004,117106742.5699,1691884799999,1893.5403366754917,1812.3091960417369,1879.1792,1850.7793000000001,1855.2359333333334,1792.73285,False,False
1691884800000,1849.94,1862.0,1834.51,1840.73,120674.1364,222956657.3475,1691971199999,1891.0052857683697,1812.3946897534483,1878.4946,1849.2535999999998,1856.3492666666668,1793.8768000000002,False,False
1691971200000,1840.73,1856.5,1835.0,1845.5,150196.1203,277387603.6774,1692057599999,1890.6739348865926,1812.0321424865504,1877.4286,1848.7453,1856.7241333333334,1795.09885,False,False
1692057600000,1845.5,1847.36,1814.0,1828.98,186081.6989,341622741.9563,1692143999999,1888.3245805603456,1809.605478393708,1876.8288,1848.3311,1857.191733333333,1796.25565,False,False
1692144000000,1828.98,1831.52,1798.17,1807.81,205430.7368,373631455.8995,1692230399999,1886.8424629515657,1805.0718474678893,1875.1933999999999,1847.9335999999998,1857.3725999999997,1797.4342000000001,False,False
1692230400000,1807.81,1809.99,1550.0,1681.49,812138.2159000001,1390504308.0040998,1692316799999,1887.439754594789,1721.4294818093135,1872.2628,1846.2832999999998,1857.030666666667,1797.61805,False,True
1692316800000,1681.49,1699.4,1641.02,1661.59,538083.1018000001,901117750.7172999,1692403199999,1907.564151172449,1695.9967957375686,1868.4547999999998,1844.4907999999998,1856.099733333333,1798.095,False,False
1692403200000,1661.6,1696.72,1654.31,1669.67,231919.0485,387407573.3807,1692489599999,1915.1455948781725,1676.8890222312448,1863.1724,1843.2445,1855.6686666666667,1798.5167000000001,False,False
1692489600000,1669.68,1694.75,1662.03,1685.24,195623.5263,327342264.9486,1692575999999,1918.4195854427885,1661.43738891586,1858.3872000000001,1842.0223999999998,1854.8116666666667,1798.7344999999998,False,False
1692576000000,1685.23,1688.59,1649.4,1667.55,250835.15180000002,418860905.0678,1692662399999,1919.0416320250015,1645.9477510109773,1852.9886000000001,1840.7468000000001,1854.2648666666666,1798.8566499999997,False,False
1692662400000,1667.56,1669.38,1580.0,1634.99,402012.045,657589420.9229,1692748799999,1918.118329672693,1619.9620045187621,1846.5776,1839.1046,1853.5522666666668,1798.7140000000002,False,False
1692748800000,1635.0,1702.11,1629.05,1679.61,374761.1088,622717740.7633,1692835199999,1914.5154818088606,1605.1231614780197,1841.4458000000002,1837.7386999999999,1852.9238,1798.78015,False,False
1692835200000,1679.61,1683.37,1635.28,1661.16,231539.7805,383948287.5013,1692921599999,1911.3264078691154,1592.6402441792968,1836.4618,1836.1081999999997,1852.5634,1798.94085,False,False
1692921600000,1661.16,1677.22,1635.51,1653.8,236261.6898,390502520.5826,1693007999999,1908.1911691433975,1581.5497776711422,1832.6144,1834.425,1851.7688,1799.1384,False,False
1693008000000,1653.79,1655.59,1644.0,1647.04,79175.425,130634757.64819999,1693094399999,1904.8015212648136,1572.7278769667796,1828.1370000000002,1832.8898,1850.7952666666665,1799.01845,False,False
1693094400000,1647.03,1660.24,1646.32,1658.33,87789.9196,145109143.68379998,1693180799999,1898.569968452919,1564.9137128622488,1823.9987999999998,1831.3499,1849.8934000000002,1799.05795,False,False
1693180800000,1658.33,1664.34,1621.75,1653.08,214351.0143,352868062.8319,1693267199999,1886.5447756257608,1555.964580718279,1819.8044,1829.6865,1848.7704666666666,1799.5966,False,False
1693267200000,1653.08,1745.84,1640.0,1729.42,494371.0823,842464924.5218999,1693353599999,1874.083971481442,1551.4724542168174,1816.7848,1828.9316000000001,1848.1613333333335,1800.6784,False,False
1693353600000,1729.41,1730.93,1694.34,1705.23,202841.4402,347291135.28540003,1693439999999,1860.9014273620269,1552.5994153131326,1813.3234,1827.8104,1847.5661333333333,1801.5120000000002,False,False
1693440000000,1705.23,1729.0,1630.0,1645.76,330518.2668,554219312.0942,1693526399999,1847.8645965120022,1550.2599252100454,1808.8022,1825.7275,1846.4678,1802.1666500000001,False,False
1693526400000,1645.77,1654.53,1602.33,1629.12,302406.16860000003,493457144.9393,1693612799999,1833.4494300225756,1548.529857210567,1801.2948,1824.0197999999998,1844.8594666666665,1802.7860500000002,False,False
1693612800000,1629.13,1645.0,1628.03,1637.03,102145.9476,166937240.934,1693699199999,1815.1735481747141,1551.7049262408025,1795.2787999999998,1822.3340999999998,1843.0484000000001,1803.19265,False,False
1693699200000,1637.02,1647.5,1625.14,1635.84,116767.2862,190979647.35320002,1693785599999,1794.5820807545003,1559.3293006583062,1789.3674,1820.4146000000003,1841.4712666666667,1802.9972500000001,False,False
1693785600000,1635.84,1644.82,1616.32,1630.51,168010.9056,274049115.4178,1693871999999,1772.050174232975,1569.2502819749357,1783.5354,1818.4207999999999,1839.9165333333333,1802.9605999999999,False,False
1693872000000,1630.52,1648.02,1609.69,1634.45,204365.4907,333010633.964,1693958399999,1748.418633227517,1585.6924463847924,1778.0004000000001,1815.6789,1838.4874,1802.6634999999997,False,False
1693958400000,1634.46,1670.0,1609.2,1633.15,219541.01929999999,358419121.47389996,1694044799999,1724.6326565250224,1597.308578895807,1772.7192000000002,1813.0844,1836.9822666666669,1802.37115,False,False
1694044800000,1633.15,1660.0,1623.4,1648.11,228558.2782,374542954.1943,1694131199999,1722.630852175533,1596.425589833444,1767.9088000000002,1810.5596000000003,1835.235,1802.2129499999999,False,False
1694131200000,1648.11,1658.93,1616.21,1636.44,221570.0458,362938822.7852,1694217599999,1720.705559842114,1595.058654302921,1762.8057999999999,1808.1877,1833.5455333333334,1801.8788,False,False
1694217600000,1636.43,1637.52,1629.74,1635.54,58519.6229,95627623.4176,1694303999999,1719.1280502559525,1595.2412951272715,1757.682,1805.9252999999999,1831.6665333333333,1801.7577,False,False
1694304000000,1635.53,1635.7,1600.0,1617.42,207957.8428,336517904.44350004,1694390399999,1717.796305566994,1592.3783158606202,1752.7,1803.0327000000002,1829.035933333333,1801.6291,False,False
1694390400000,1617.42,1619.0,1531.01,1551.85,417424.8189,657137141.3426,1694476799999,1718.2761460870593,1580.0121047426733,1745.9624000000001,1799.6306000000002,1825.3816666666667,1801.1356999999998,False,True
1694476800000,1551.84,1626.0,1549.67,1592.97,329739.9685,525392019.7444,1694563199999,1714.9030081824437,1569.884574945947,1740.8218,1796.6601999999998,1822.0641333333333,1801.06155,False,False
1694563200000,1592.97,1619.3,1581.88,1607.62,223409.2889,357304191.6739,1694649599999,1713.3570742053437,1566.0771582950829,1735.8210000000001,1794.6314000000002,1818.6571333333334,1801.1267500000001,False,False
1694649600000,1607.61,1644.29,1607.05,1626.47,275301.1505,447913522.7514,1694735999999,1711.703129872655,1564.9880458802268,1730.9104,1792.0497,1815.6736000000003,1801.0522999999998,False,False
1694736000000,1626.48,1654.08,1611.42,1641.29,181340.02399999998,295616593.10800004,1694822399999,1711.643852452935,1564.331486102699,1726.5106,1790.1412999999998,1812.5922,1801.0915000000002,False,False
1694822400000,1641.3,1653.17,1631.31,1634.4,99555.4671,163144495.6911,1694908799999,1711.3343277221484,1564.4620301323735,1721.7148000000002,1788.0289000000002,1810.5966666666666,1801.2373499999999,False,False
1694908800000,1634.4,1635.0,1612.0,1622.48,120227.4117,195464805.891,1694995199999,1710.4358873755775,1564.0695538225027,1716.5551999999998,1785.85,1808.46,1801.02365,False,False
1694995200000,1622.48,1669.5,1603.88,1636.66,279041.6978,458235380.2466,1695081599999,1697.3533251249346,1563.1458413950943,1712.0526,1784.7013,1807.0458666666666,1800.9676499999998,False,False
1695081600000,1636.66,1661.04,1626.32,1643.12,184282.4258,302910996.59180003,1695167999999,1685.0248830109501,1568.912945833702,1707.7922,1783.6048999999998,1805.5056000000002,1801.336,False,False
1695168000000,1643.13,1649.34,1604.51,1622.26,232844.2347,379255954.9515,1695254399999,1668.0157370942989,1568.444888559096,1702.7679999999998,1782.4017999999999,1803.907333333333,1801.61365,False,False
1695254400000,1622.27,1625.3,1567.77,1583.94,240627.544,384503484.6562,1695340799999,1667.4567332061008,1564.6941131646875,1697.6488,1780.84,1802.1879999999996,1801.71045,False,False
1695340800000,1583.94,1602.68,1576.58,1593.08,124886.091,198987470.0559,1695427199999,1669.318511942277,1562.028568622283,1692.7942,1780.2613000000001,1800.3678666666667,1801.8466500000002,False,False
1695427200000,1593.07,1598.24,1587.45,1593.86,64537.1341,102806906.0835,1695513599999,1670.5907778073524,1560.7459540299265,1688.0667999999998,1779.5303,1798.5535333333332,1802.00615,False,False
1695513600000,1593.85,1601.12,1570.01,1580.71,137517.85330000002,218549215.974,1695599999999,1671.0033280583432,1557.7098193961476,1682.9514000000001,1778.1582,1796.3670666666667,1802.2478000000003,False,False
1695600000000,1580.71,1597.5,1563.01,1588.33,176706.9277,279294486.7226,1695686399999,1670.8966601590782,1554.083721883234,1678.1124,1776.7639,1794.3496666666667,1803.00285,False,False
1695686400000,1588.34,1599.78,1580.05,1594.01,125583.0161,199551097.2895,1695772799999,1667.213755383613,1552.6448256409928,1673.4106,1775.4944999999998,1792.2577333333336,1803.8407,False,False
1695772800000,1594.02,1634.1,1583.5,1598.64,274404.4328,440883556.9602,1695859199999,1664.61275115739,1551.8474215845397,1668.2574,1774.1098000000002,1790.4480666666664,1804.47405,False,False
1695859200000,1598.63,1668.21,1598.14,1652.99,331409.70149999997,541873730.2971,1695945599999,1666.0664587547853,1551.7671022203413,1664.2102,1772.7198,1789.2631333333331,1804.8373499999998,False,False
1695945600000,1653.0,1688.0,1648.37,1667.45,251975.6728,420335662.09639996,1696031999999,1673.2090111126872,1550.2079072163174,1660.5098,1770.5032,1787.9122666666665,1804.80735,False,False
1696032000000,1667.45,1694.32,1666.19,1670.89,136924.9141,229630339.5354,1696118399999,1680.8259432711359,1546.9102926657397,1656.9508,1768.4919999999997,1786.3507333333332,1804.6648,False,False
1696118400000,1670.89,1751.0,1668.0,1733.79,225611.5868,383793846.183,1696204799999,1700.5939325686247,1553.4167923049097,1654.628,1766.9036,1785.395533333333,1805.08395,False,False
1696204800000,1733.8,1744.0,1636.79,1662.4,378575.6898,643680600.0928,1696291199999,1714.8388907142028,1560.0104372831047,1651.0614,1764.7779999999998,1783.1895333333332,1805.0273000000002,False,False
1696291200000,1662.41,1670.65,1643.0,1656.88,198287.1164,328606758.3985,1696377599999,1716.8909268722857,1562.3720900735418,1647.289,1762.3588,1781.5931999999998,1804.3653499999998,False,False
1696377600000,1656.88,1657.66,1625.0,1646.58,222861.7167,365919693.0797,1696463999999,1717.5263485280725,1562.9987097469702,1643.641,1760.2349,1780.1010666666668,1803.80405,False,False
1696464000000,1646.58,1655.47,1606.73,1611.79,237378.7449,386770321.77250004,1696550399999,1717.6006892209562,1562.753329348608,1639.7206000000003,1757.457,1778.5292666666667,1802.9596000000001,False,True
1696550400000,1611.79,1662.0,1611.68,1645.03,220507.9286,360565723.5787,1696636799999,1718.1120631175625,1562.3395545491794,1638.9914,1755.6271,1777.1860000000001,1802.5208499999999,False,False
1696636800000,1645.03,1647.71,1630.03,1633.57,101241.5732,165907550.80900002,1696723199999,1718.477892090465,1562.7382874572786,1638.431,1753.4429,1775.8042,1801.68255,False,True
1696723200000,1633.56,1641.4,1616.17,1632.84,149424.6635,243516204.3887,1696809599999,1716.9616333534623,1563.356683497146,1637.6944,1750.4334,1774.7278,1801.1750999999997,False,False
1696809600000,1632.85,1636.0,1546.0,1580.13,340141.09880000004,540588837.4595,1696895999999,1715.8549378625835,1555.2421169886998,1635.5922,1746.9897,1773.2123333333336,1800.0067999999999,False,False
1696896000000,1580.13,1594.9,1550.55,1567.63,240659.3287,378967575.3398,1696982399999,1715.7104974984352,1549.3738702694511,1633.5938,1743.2912000000003,1771.6958,1799.0971,False,False
1696982400000,1567.62,1578.43,1544.26,1566.87,260253.9671,406667649.144,1697068799999,1716.8440522450285,1545.9515236898678,1632.2314,1739.4045,1770.146866666667,1798.2220499999999,False,False
1697068800000,1566.86,1568.56,1521.0,1539.61,237221.4977,366335747.0136,1697155199999,1718.3081218556492,1537.6554276631762,1629.4314,1735.4386,1768.3029333333334,1797.0507,False,False
1697155200000,1539.61,1575.36,1537.76,1552.16,192205.8736,297929349.1865,1697241599999,1719.1273848090277,1532.017019538384,1627.2514,1731.8566,1766.4892666666667,1796.2354,False,False
1697241600000,1552.16,1561.72,1544.55,1554.94,100314.6754,155648012.9079,1697327999999,1720.638013372937,1529.038167204931,1625.2742,1728.9442999999999,1764.7080666666668,1795.1451499999998,False,False
1697328000000,1554.94,1567.62,1547.44,1557.77,120311.2738,187266232.0623,1697414399999,1721.5669485419069,1527.211035632745,1623.4888,1725.8129,1763.0894666666666,1793.9686500000003,False,False
1697414400000,1557.78,1639.43,1555.06,1599.42,418510.86439999996,665124956.2542,1697500799999,1722.3822839188538,1524.8517787223368,1622.3106,1723.1547,1761.670133333333,1792.9977,False,False
1697500800000,1599.41,1600.53,1551.08,1565.01,234817.0699,370032208.15680003,1697587199999,1721.806077518468,1521.877575350278,1620.5492000000002,1720.1768000000002,1759.9740666666667,1791.7151500000002,False,False
1697587200000,1565.01,1585.42,1555.88,1563.44,177750.2253,279357949.4545,1697673599999,1718.9413717570353,1518.805348069093,1617.2296000000001,1717.0072,1758.3642666666665,1790.4284,False,False
1697673600000,1563.45,1574.45,1541.61,1566.57,216217.6675,336684246.0445,1697759999999,1713.5629663524833,1514.7188176609272,1614.4563999999998,1713.8899,1756.6924,1789.2887,False,False
1697760000000,1566.57,1630.4,1561.19,1603.89,315995.792,506065182.983,1697846399999,1707.4091611111303,1514.961756835066,1613.619,1711.2105999999999,1755.0246666666667,1788.2556,False,False
1697846400000,1603.88,1644.53,1592.36,1628.94,176419.4092,285546594.5622,1697932799999,1690.2818021466185,1518.4776803998823,1613.6154000000001,1707.4551000000001,1753.885,1787.04845,False,False
1697932800000,1628.94,1667.8,1621.1,1663.7,228650.9225,374841495.30480003,1698019199999,1674.6920680983633,1519.3595677809178,1614.1488,1704.7137999999998,1752.9389999999999,1785.8235,False,False
1698019200000,1663.69,1800.0,1657.07,1765.46,610931.9663,1044121568.0986,1698105599999,1705.303829530742,1517.985311000106,1616.7412,1703.0543000000002,1752.5234666666668,1785.28875,False,False
1698105600000,1765.47,1854.38,1756.21,1784.98,674055.1375,1216867823.8998,1698191999999,1744.4835220628624,1500.917246436646,1619.8306,1701.683,1752.2240666666667,1784.89505,False,False
1698192000000,1784.98,1817.69,1760.0,1787.15,354410.8294,634289515.5653,1698278399999,1767.812436681316,1490.1129307514839,1622.8846000000003,1700.4425,1751.4141333333332,1784.5867,False,False
1698278400000,1787.15,1865.54,1762.21,1803.38,431169.0453,781481904.96,1698364799999,1797.6751012066475,1482.9391573333526,1626.2892,1699.5041999999999,1750.8193333333336,1784.3090000000002,False,False
1698364800000,1803.39,1803.91,1744.66,1779.4,274532.6921,488398895.21819997,1698451199999,1813.6504369226825,1479.2793971054139,1628.915,1698.4119,1750.0114,1783.655,False,True
1698451200000,1779.41,1803.23,1770.0,1776.2,122919.7382,219588597.6411,1698537599999,1828.4688006635688,1475.510292761303,1631.7102000000002,1697.2579999999998,1749.3618666666669,1783.0866999999998,False,False
1698537600000,1776.21,1811.3,1762.66,1795.14,144110.6508,258015412.93150002,1698623999999,1843.375054194366,1479.6861813449932,1634.9022,1696.2921000000001,1748.9176,1782.4754500000001,False,False
1698624000000,1795.14,1829.84,1777.77,1809.04,277686.192,501228029.3176,1698710399999,1859.710533867191,1484.6030041442052,1638.7346,1695.7172999999998,1748.2666666666667,1781.4605999999999,False,False
1698710400000,1809.03,1819.41,1780.99,1814.67,258074.5796,464695558.9949,1698796799999,1872.375972241993,1492.2833107233298,1643.9909999999998,1694.9767000000002,1747.7507333333333,1780.0339999999999,False,False
1698796800000,1814.67,1857.66,1783.19,1846.99,471921.61840000004,858744655.3115,1698883199999,1887.7448080858321,1505.2943099033819,1649.0714,1694.9466,1747.4639333333332,1778.81595,False,False
1698883200000,1846.99,1875.0,1785.01,1800.8,368738.2193,674522153.7649,1698969599999,1903.152558755799,1518.1920111828379,1652.935,1694.3780000000002,1747.3992666666668,1777.2266,False,False
1698969600000,1800.79,1834.58,1777.11,1832.71,315000.26780000003,568244477.5185,1699055999999,1909.6862265144848,1532.503758125507,1657.0597999999998,1693.9851,1747.0530666666666,1776.0201499999998,False,False
1699056000000,1832.7,1869.9,1824.03,1855.54,171538.0364,315560482.7025,1699142399999,1917.8911213084339,1547.0231464352237,1661.3448,1693.9277000000002,1747.2091333333333,1774.78035,False,False
1699142400000,1855.54,1912.67,1846.11,1891.71,383106.7628,721508408.9441,1699228799999,1933.4731706515536,1562.159548938399,1666.4909999999998,1694.1029,1747.5162666666668,1774.57025,False,False
1699228800000,1891.71,1914.23,1868.48,1900.95,328746.2394,622198937.1563,1699315199999,1943.9355299104736,1580.1305181921734,1672.0604,1694.3078,1747.9201333333335,1774.3600999999999,False,False
1699315200000,1900.95,1906.99,1850.32,1885.27,332419.44060000003,625566317.4271,1699401599999,1947.7880222881797,1601.965839080771,1677.0325999999998,1694.5426,1748.8117333333334,1774.5425500000001,False,False
1699401600000,1885.26,1904.69,1872.51,1888.12,247881.09970000002,468144576.7419,1699487999999,1943.7849760738766,1630.3349842447208,1681.9326,1694.8624,1749.7141333333334,1774.6123499999999,False,False
1699488000000,1888.11,2132.0,1882.07,2121.32,1100330.3237,2200484378.929,1699574399999,1989.0536600074904,1659.5475380239066,1691.9138,1697.3409,1752.2391333333333,1775.90895,True,False
1699574400000,2121.33,2136.99,2064.61,2077.72,555573.6494999999,1167220520.829,1699660799999,2025.6601834757525,1664.6529799026655,1701.7894000000001,1699.7191,1754.4897999999998,1777.08835,False,False
1699660800000,2077.72,2089.6,2030.3,2053.17,370966.0372,763796737.4090999,1699747199999,2045.9091922431442,1678.9523284233296,1710.9912,1701.8926999999999,1757.1712666666667,1778.0237,False,False
1699747200000,2053.16,2066.5,2012.1,2044.68,281907.559,577153459.5162001,1699833599999,2065.833268729228,1694.4366780031428,1720.0076000000001,1704.0372,1759.6893999999998,1778.9170500000002,False,False
1699833600000,2044.69,2118.0,2028.49,2053.65,529143.5815000001,1093862454.3222,1699919999999,2092.1985490817624,1697.577708736705,1729.4663999999998,1706.2089,1761.9276,1779.6419,False,False
1699920000000,2053.65,2064.96,1936.6,1979.39,481909.733,972032428.3261,1700006399999,2107.2092548606306,1707.0969874498319,1737.2876,1707.7,1763.6051333333335,1780.0841500000001,False,False
1700006400000,1979.4,2062.4,1967.01,2058.48,421870.8032,847945999.665,1700092799999,2120.5584970658547,1717.1036585186312,1746.5769999999998,1709.9938,1765.8553333333332,1780.8375499999997,False,False
1700092800000,2058.49,2090.4,1939.1,1961.77,545286.1296999999,1101174547.3081,1700179199999,2134.7574753663175,1731.4094331034917,1753.8396,1711.0484999999999,1767.3530666666668,1781.29595,False,False
1700179200000,1961.77,1991.5,1904.0,1960.82,401100.50690000004,783561858.0113001,1700265599999,2136.665938805246,1742.7378551301522,1759.9962000000003,1712.1032,1768.4786000000001,1781.9463999999998,False,False
1700265600000,1960.82,1971.22,1916.0,1962.6,279368.2208,543924395.7326,1700351999999,2136.4031543250935,1756.5090867795188,1765.8991999999998,1713.2045,1768.9685333333334,1782.4089999999999,False,False
1700352000000,1962.59,2015.75,1942.89,2011.47,251132.61920000002,494600634.8912,1700438399999,2138.622693800659,1769.7954167546925,1772.7107999999998,1714.8308000000002,1769.8982666666666,1782.9407500000002,False,False
1700438400000,2011.47,2066.4,1990.0,2021.4,421717.679,854002757.4517,1700524799999,2142.790955595771,1783.94462578645,1778.4630000000002,1716.5455,1770.7567333333334,1783.6624000000002,False,False
1700524800000,2021.41,2034.6,1931.43,1933.01,490163.9863,974304142.3971,1700611199999,2144.455492291729,1799.1276998007397,1783.8752,1717.4683000000002,1771.1437333333333,1783.36095,False,False
1700611200000,1933.01,2092.46,1928.41,2063.21,466120.5109,943776525.6570001,1700697599999,2151.0060294339346,1815.480647302157,1792.0018,1719.6454,1772.2397999999998,1784.19535,False,False
1700697600000,2063.22,2088.94,2040.35,2062.2,250960.69580000002,517482313.452,1700783999999,2150.9524146040917,1835.1362949059203,1800.3142,1721.9776000000002,1773.5946666666669,1785.15435,False,False
1700784000000,2062.21,2133.02,2059.37,2080.84,426932.5402,894370772.5176,1700870399999,2156.342791593259,1847.6532286877382,1809.6951999999999,1724.7079,1774.8697333333334,1786.3207499999999,False,False
1700870400000,2080.84,2090.54,2065.3,2083.09,138847.393,288887833.9781,1700956799999,2157.702899528712,1858.6804192015363,1818.4563999999998,1728.7239000000002,1776.5701999999999,1787.5036000000002,False,False
1700956800000,2083.1,2094.99,2036.42,2062.33,241262.9136,499314260.8346,1701043199999,2157.302160358401,1869.5359695125571,1827.0316,1732.7313000000001,1777.9724666666666,1788.6110500000002,False,False
1701043200000,2062.34,2071.24,1985.78,2027.5,326073.2298,660673302.7407,1701129599999,2151.006310395442,1885.0767178781139,1834.9248,1736.3095999999998,1778.5972000000002,1789.7770500000001,False,False
1701129600000,2027.5,2075.0,1995.15,2048.14,283775.9279,578404413.9589,1701215999999,2139.011631285493,1898.4039260639242,1844.285,1739.9386000000002,1779.421466666667,1790.9805,False,False
1701216000000,2048.14,2075.7,2019.31,2028.81,254843.73189999998,521225853.3326,1701302399999,2133.093488484516,1912.0362037167463,1853.5086,1743.5511999999999,1780.0303333333331,1792.149,False,False
1701302400000,2028.8,2054.75,2020.85,2051.96,243680.0921,496360388.66690004,1701388799999,2124.8760787475785,1913.3662281194734,1863.2104000000002,1747.7209,1780.6731333333335,1793.41275,False,False
1701388800000,2051.95,2110.87,2045.04,2087.24,372645.586,778670941.0331,1701475199999,2127.2690957963114,1912.9954015273765,1874.1629999999998,1751.7971999999997,1781.6800666666668,1794.76795,False,False
1701475200000,2087.24,2186.6,2086.25,2164.74,320979.97680000006,684434398.6845,1701561599999,2144.800650834764,1910.4048535212733,1886.4145999999998,1756.833,1783.3759333333335,1796.4705999999999,True,False
1701561600000,2164.75,2217.27,2149.0,2192.95,257879.1136,560343820.0288,1701647999999,2162.9312056747667,1902.0798188348117,1899.1747999999998,1762.2244999999998,1785.6878000000004,1798.32475,False,False
1701648000000,2192.96,2274.28,2191.0,2243.37,565307.7134,1263069834.209,1701734399999,2194.6512809347337,1898.421930616271,1912.8868000000002,1768.1878,1788.1708666666666,1800.5388,False,False
1701734400000,2243.36,2309.72,2188.33,2293.33,529829.7214,1190597719.194,1701820799999,2228.6773290833953,1896.5828987969965,1926.765,1774.5378,1791.0248,1802.94385,False,False
1701820800000,2293.33,2312.23,2220.0,2232.7,408338.9056,925926168.108,1701907199999,2257.0474046555255,1898.3885230378837,1940.1188,1780.3340000000003,1793.4908,1805.01025,False,False
1701907200000,2232.7,2382.8,2222.0,2355.73,485190.0609,1115389522.5225,1701993599999,2295.04149416798,1909.3489847974613,1955.9646,1786.5971,1796.6596666666667,1807.76435,True,False
1701993600000,2355.74,2392.0,2336.34,2358.72,378569.8126,893841920.837,1702079999999,2326.8672506591147,1910.4807840664866,1971.8076,1793.1319999999998,1799.8624666666667,1810.4712000000002,False,False
1702080000000,2358.71,2403.0,2328.01,2340.49,287771.0664,679437458.9307001,1702166399999,2357.392828258987,1916.1076446964742,1986.5395999999998,1800.0792999999999,1802.9869333333331,1812.9034,False,False
1702166400000,2340.48,2377.47,2320.0,2352.39,200037.2102,469860963.9472,1702252799999,2380.5531245323727,1921.386842906975,2001.0086,1807.3120000000001,1805.3062666666667,1815.6659,False,False
1702252800000,2352.39,2355.0,2156.62,2225.12,640414.9166,1426910964.966,1702339199999,2396.180829712599,1942.3845511171496,2012.237,1813.1929,1807.2215333333331,1817.7635,False,False
1702339200000,2225.11,2244.12,2166.0,2203.46,361588.90869999997,799015127.415,1702425599999,2400.1261816588785,1966.5082913246235,2020.9969999999998,1818.8690999999997,1809.0352000000003,1819.64185,False,False
1702425600000,2203.47,2284.02,2144.32,2260.16,418916.6154,922420273.9476,1702511999999,2406.2338882796325,1974.6976131494885,2030.5006,1825.1656,1811.2888666666668,1821.7932,False,False
1702512000000,2260.16,2332.11,2228.2,2315.32,409508.0931,934716057.6518,1702598399999,2416.8392837432107,1982.8101390191493,2041.0639999999999,1831.9742999999999,1813.9830000000002,1823.8266,False,False
1702598400000,2315.32,2317.81,2200.0,2220.5,333552.6328,754022987.2476,1702684799999,2423.477156156136,1991.0370304261146,2049.4064000000003,1837.8478,1816.1382666666666,1825.4661,False,False
1702684800000,2220.51,2263.4,2210.0,2228.96,199285.923,446980227.0828,1702771199999,2424.5269909289204,2003.7799165099616,2058.3976,1843.6562999999996,1818.4071333333334,1827.1079499999998,False,False
1702771200000,2228.96,2248.68,2191.5,2196.52,225925.76750000002,501306718.2428,1702857599999,2421.855777421862,2025.891359879442,2066.804,1849.2571000000003,1820.44,1828.7223999999999,False,False
1702857600000,2196.53,2224.0,2116.6,2219.43,364103.1181,789100505.0321,1702943999999,2416.844497684949,2043.5507960447899,2075.2898,1855.096,1822.6246666666664,1830.51065,False,False
1702944000000,2219.44,2255.0,2135.55,2177.91,383551.4049,847060839.7081,1703030399999,2410.426468090349,2059.8132268104223,2082.6672,1860.7009,1824.7006000000001,1831.8668,False,False
1703030400000,2177.9,2266.0,2156.0,2202.17,416841.6272,922794580.7023,1703116799999,2397.0329743359202,2079.3156161526485,2090.4172,1867.2040999999997,1826.7901999999997,1833.4173500000002,False,False
1703116800000,2202.17,2279.31,2182.98,2239.61,453069.7252,1010354340.136,1703203199999,2387.091223611431,2097.9574911020654,2098.2696,1873.6705000000002,1829.3875999999998,1835.16535,False,False
1703203200000,2239.6,2343.15,2230.59,2324.54,591357.488,1358322906.958,1703289599999,2387.8006804098313,2112.2953682703164,2108.7444,1880.8397,1832.5001333333335,1837.7355499999999,False,False
1703289600000,2324.54,2330.65,2265.0,2308.2,255626.9352,586078143.2423999,1703375999999,2388.2912117817136,2118.03139531488,2118.2542000000003,1887.657,1835.4081333333336,1839.8533499999999,False,False
1703376000000,2308.2,2326.19,2245.0,2264.05,307951.076,705420988.7852,1703462399999,2390.079648897216,2120.2543250512117,2126.4244,1893.8846000000003,1838.0932666666665,1842.0129499999998,False,False
1703462400000,2264.04,2304.8,2253.1,2271.35,286277.1616,652158658.2578,1703548799999,2389.868881339725,2122.9438901882786,2134.0172000000002,1900.2540999999997,1840.7409999999998,1844.1415,False,False
1703548800000,2271.36,2274.99,2178.45,2230.88,410413.1591,916097827.4987999,1703635199999,2388.946274117909,2120.1046748903664,2140.6158,1906.3381,1843.0771333333334,1846.09405,False,False
1703635200000,2230.88,2392.44,2211.88,2378.35,541537.3574,1250873719.5508,1703721599999,2390.4841021330494,2119.6460794928303,2150.4774,1913.755,1846.5208666666667,1849.22815,False,False
1703721600000,2378.35,2445.8,2335.0,2344.15,580459.982,1385456486.2870002,1703807999999,2400.905748504061,2119.7781593609875,2159.598,1920.7653,1849.7742666666668,1852.1851000000001,False,False
1703808000000,2344.15,2385.41,2255.34,2299.2,450201.2069,1049566350.122,1703894399999,2398.1692529428587,2123.5404311486113,2163.1556,1927.5347,1852.6124666666667,1854.96825,False,False
1703894400000,2299.2,2322.84,2268.0,2291.68,210539.13270000002,483369913.4795,1703980799999,2392.5918245777248,2127.051555605831,2167.4348,1934.6120999999998,1855.6243333333334,1857.7260500000002,False,False
1703980800000,2291.68,2321.34,2258.88,2281.87,222175.8779,510046689.1877,1704067199999,2389.561365191962,2132.3548923356666,2172.0088,1941.5,1858.598066666667,1860.88065,False,False
1704067200000,2281.87,2352.37,2265.24,2352.04,216702.6914,500451219.612,1704153599999,2393.0733232839775,2137.1031573922132,2178.156,1949.0818,1862.0767999999998,1864.3060500000001,False,False
1704153600000,2352.05,2431.3,2341.0,2355.34,458041.6642,1090922198.049,1704239999999,2408.4597122096343,2141.249387002043,2184.1898,1956.8281,1865.5358666666666,1867.49315,False,False
1704240000000,2355.35,2385.45,2100.0,2209.72,798729.4869,1797597895.181,1704326399999,2413.59733242916,2125.3571551878445,2188.7964,1963.0420000000001,1868.0654666666662,1869.9029500000001,False,False
1704326400000,2209.72,2294.69,2201.91,2267.11,448844.055,1009072619.2060001,1704412799999,2412.922936497559,2125.4960228437044,2192.969,1969.773,1870.9855333333335,1872.63375,False,False
1704412800000,2267.11,2277.21,2206.17,2268.78,405568.0006,910367621.182,1704499199999,2412.7091574631936,2125.2502480582025,2199.1092000000003,1976.4744,1873.7354,1875.2921,False,False
1704499200000,2268.78,2270.0,2216.4,2240.78,194067.8656,434867515.9594,1704585599999,2412.038320574031,2126.9872375189193,2204.7084,1982.3523,1876.3049333333333,1877.5360499999997,False,False
1704585600000,2240.77,2258.01,2203.46,2221.42,207138.6927,463525159.2574,1704671999999,2410.0030377689704,2138.145064732397,2209.8848000000003,1987.8919999999998,1878.7646,1879.1976000000002,False,False
1704672000000,2221.42,2358.2,2166.38,2330.44,539407.5547,1221527410.441,1704758399999,2412.0958468026365,2142.7295217206074,2216.2642,1994.4875,1881.9752666666666,1881.48975,False,False
1704758400000,2330.43,2371.72,2226.78,2344.29,551454.9931000001,1267764132.8368,1704844799999,2415.182652382851,2149.879921918838,2222.7219999999998,2000.5925,1885.2709999999997,1883.74805,False,False
1704844800000,2344.3,2643.1,2339.59,2584.38,1038388.666,2536320982.388,1704931199999,2479.7962788145273,2152.058934866868,2235.7494,2009.8123,1890.2286666666666,1887.2951500000001,True,False
1704931200000,2584.37,2689.39,2566.01,2618.01,838712.2577,2194916359.191,1705017599999,2538.0265712229407,2117.7374050447747,2246.8454,2019.4235999999999,1895.3787333333332,1890.8912,False,False
1705017600000,2618.01,2717.32,2458.0,2522.54,887457.7627,2318179618.087,1705103999999,2591.209895721054,2112.1934244700606,2256.0522,2028.1832000000002,1900.002466666667,1894.20905,False,False
1705104000000,2522.55,2590.0,2497.5,2578.19,422061.232,1075466481.721,1705190399999,2613.1635266047165,2107.204221576787,2265.9991999999997,2037.8472,1905.1383333333333,1897.6521,False,False
1705190400000,2578.18,2578.69,2470.0,2472.87,306207.7463,774962904.8067,1705276799999,2631.3218669390058,2107.1239045527054,2273.7948,2046.1256,1910.4142,1900.87635,False,False
1705276800000,2472.87,2553.82,2470.92,2511.78,315247.88190000004,793871974.8714,1705363199999,2643.7019046851647,2116.5421632443276,2282.7838,2054.9076999999997,1916.0821333333333,1904.1752999999999,False,False
1705363200000,2511.79,2614.43,2500.05,2587.4,381077.6247,972060398.7752,1705449599999,2662.43959358702,2123.1412432833404,2293.9818,2064.4532999999997,1922.2003333333337,1907.44335,False,False
1705449600000,2587.41,2592.97,2506.75,2530.19,366281.3477,933809190.348,1705535999999,2675.2141082985318,2122.0925092529806,2303.6228,2073.9539,1927.8333333333333,1910.4718,False,False
1705536000000,2530.2,2550.0,2428.56,2470.81,452090.1074,1129803152.915,1705622399999,2684.5263818888716,2129.637911917793,2312.4628,2082.9856999999997,1933.1884,1913.13845,False,False
1705622400000,2470.81,2504.2,2415.2,2492.0,424209.0029,1047352971.8929,1705708799999,2689.0637131191816,2136.728206314804,2321.2635999999998,2092.2369999999996,1938.9018,1915.8207499999999,False,False
1705708800000,2491.99,2492.0,2454.2,2472.01,136620.9577,337794603.1477,1705795199999,2691.8578643607393,2145.4563617785107,2328.9590000000003,2101.561,1944.184466666667,1918.4998,False,False
1705795200000,2472.02,2482.18,2452.13,2457.05,122572.16870000001,303022758.7281,1705881599999,2694.0926089304103,2154.5658451689865,2334.8052,2110.6099,1949.4904,1921.2332499999998,False,False
1705881600000,2457.06,2466.1,2303.59,2314.2,526337.6492,1252505758.323,1705967999999,2695.185089525441,2151.925916373174,2337.2302,2118.2025,1953.8930666666668,1923.5734,False,True
1705968000000,2314.19,2352.23,2168.07,2242.6,700105.3314,1568448812.436,1706054399999,2695.5505425489077,2163.8879362128764,2337.2147999999997,2125.0508,1957.8634666666667,1925.43185,False,False
1706054400000,2242.6,2264.6,2196.12,2235.02,359851.1496,802477123.1089001,1706140799999,2697.2429049501743,2163.0634115879902,2336.0486,2131.4067999999997,1961.7080666666668,1927.28075,False,False
1706140800000,2235.02,2242.89,2171.3,2218.64,330426.6061,731016014.3813,1706227199999,2699.4324415533624,2157.94820892045,2335.7673999999997,2137.9431,1965.4784666666665,1929.0599499999998,False,False
1706227200000,2218.64,2282.36,2195.84,2267.68,363566.4255,815753832.1637001,1706313599999,2698.7580930105064,2155.170582759953,2334.0063999999998,2144.9855,1969.0668666666666,1930.9963500000001,False,False
1706313600000,2267.67,2282.94,2251.4,2267.94,145109.3836,329102144.4598,1706399999999,2697.288173819373,2161.116206430938,2332.1908,2151.9992,1972.8182666666667,1932.94455,False,False
1706400000000,2267.94,2308.24,2239.89,2256.9,209326.9087,476534769.1589,1706486399999,2698.5845624927306,2171.5194712779444,2330.5190000000002,2158.5293,1976.8925333333334,1934.8699500000002,False,False
1706486400000,2256.9,2322.34,2233.8,2317.6,305528.0776,696374288.6201,1706572799999,2699.3968615868484,2172.422566279441,2329.8232000000003,2165.4159,1981.4823999999999,1936.4354999999998,False,False
1706572800000,2317.61,2391.98,2297.0,2343.01,372879.5791,871148737.1656,1706659199999,2680.759603392446,2169.1430714428825,2332.181,2172.2090000000003,1986.1889333333331,1938.4614000000001,False,False
1706659200000,2343.0,2351.6,2263.57,2283.14,397116.1859,920131584.2909,1706745599999,2652.1608731170327,2164.5355208659844,2333.7746,2177.3858,1990.5042666666668,1940.2200500000001,False,True
1706745600000,2283.15,2311.72,2240.0,2304.28,310997.4538,708868445.0462999,1706831999999,2613.8194010068582,2154.4035996786297,2334.657,2182.5788000000002,1994.9960666666668,1942.1308999999999,False,False
1706832000000,2304.28,2324.74,2281.94,2309.06,238230.511,549302201.6979,1706918399999,2594.518354190944,2151.3679538739857,2334.5317999999997,2187.7978999999996,1999.4934666666668,1944.1201999999998,False,False
1706918400000,2309.07,2329.98,2292.75,2296.49,133232.845,307866239.1865,1707004799999,2574.657835389796,2149.311460813351,2336.0516000000002,2192.7290000000003,2003.9157333333333,1946.1166,False,False
1707004800000,2296.5,2311.0,2266.0,2289.79,171232.0444,393039532.4518,1707091199999,2556.5257243831247,2146.811326738275,2337.2682,2197.8329,2008.1935999999998,1948.1224000000002,False,False
1707091200000,2289.79,2338.41,2269.11,2301.83,236610.412,545576620.0033,1707177599999,2524.2132936598673,2149.159959624108,2339.3744,2203.0892000000003,2012.6295333333333,1950.1735999999999,False,False
1707177600000,2301.84,2392.4,2299.0,2372.64,368942.7498,864113645.7881,1707263999999,2494.3085448452694,2157.7295638911833,2342.4386,2208.8642,2017.5435333333335,1952.57815,False,False
1707264000000,2372.63,2444.44,2354.0,2425.1,342791.7013,820475884.3037,1707350399999,2475.9865280138624,2161.2140378065596,2347.3824,2215.0248,2022.9280666666668,1955.3710499999997,False,False
1707350400000,2425.09,2463.15,2411.01,2419.55,338040.0539,821961943.6516,1707436799999,2468.8585890758236,2161.515676842473,2351.73,2221.0735999999997,2028.712733333333,1958.0251500000002,False,False
1707436800000,2419.56,2525.0,2419.16,2486.56,492384.385,1222635531.629,1707523199999,2475.4101174996085,2164.9625856226403,2356.669,2227.4692999999997,2034.67,1961.2079500000002,True,False
1707523200000,2486.56,2516.45,2471.57,2500.24,185099.59,461966177.3947,1707609599999,2481.656484400659,2162.5501764950236,2360.183,2234.4637,2040.6208,1964.42085,False,False
1707609600000,2500.24,2539.63,2493.45,2507.21,219975.1471,553430378.3254,1707695999999,2494.5798305575777,2153.280271346008,2364.1632,2241.2087,2046.4923999999999,1967.5969,False,False
1707696000000,2507.22,2665.58,2472.0,2659.99,449501.776,1152087242.1264,1707782399999,2543.103334314055,2163.1843292437943,2372.082,2249.2531999999997,2053.283733333333,1971.5904500000001,False,False
1707782400000,2659.99,2686.12,2590.0,2639.99,502447.745,1328138932.9290001,1707868799999,2587.1520116819875,2160.629107817621,2379.4548,2256.736,2059.9876666666664,1975.41945,False,False
1707868800000,2639.99,2786.0,2618.4,2774.81,461670.6944,1258639954.5465999,1707955199999,2644.540488965602,2166.1527989364567,2390.3334,2265.4746,2067.6698666666666,1979.8912,False,False
1707955200000,2774.8,2867.65,2759.25,2822.59,481689.1874,1353587492.515,1708041599999,2710.8022014198978,2157.753424164959,2399.2182,2274.8478,2075.5760666666665,1984.6951999999999,False,False
1708041600000,2822.58,2857.4,2740.0,2801.8,378070.8037,1062271564.488,1708127999999,2763.4062321948836,2156.6650086935883,2408.3712,2283.9846,2083.3005999999996,1989.4235,False,False
1708128000000,2801.81,2804.21,2719.01,2785.93,243302.8759,673711593.2529,1708214399999,2799.494929918741,2166.265663573895,2418.1058000000003,2290.6307,2091.0584,1993.9858000000002,False,False
1708214400000,2785.92,2895.0,2764.25,2881.2,367987.8833,1037802342.594,1708300799999,2846.1028642676492,2179.0126001242843,2429.8962,2298.6655,2099.7068,1999.1923000000002,True,False
1708300800000,2881.2,2984.52,2856.93,2944.8,446451.0401,1302430726.13,1708387199999,2903.512240415987,2182.2301097856,2443.1548000000003,2307.5818000000004,2108.7182666666668,2004.7372500000001,False,False
1708387200000,2944.8,3033.09,2874.56,3014.81,634681.7471,1868745481.648,1708473599999,2961.0120657314887,2195.954202795025,2456.4102000000003,2317.2831,2118.1912666666667,2010.6601500000002,False,False
1708473600000,3014.81,3017.15,2868.0,2967.9,595955.0033,1746960179.794,1708559999999,3005.707490053162,2220.9593910818694,2468.6614,2326.4256,2127.4392000000003,2016.3172499999998,False,False
1708560000000,2967.91,3036.02,2906.51,2971.4,563525.9936,1676206889.453,1708646399999,3046.365794567423,2244.039063652285,2483.8950000000004,2336.3457,2136.659666666667,2022.02285,False,False
1708646400000,2971.4,2993.8,2906.05,2922.24,428826.5787,1261137725.513,1708732799999,3073.6093646586223,2272.2286969975003,2496.9976,2344.9833,2145.5145333333335,2027.4885499999998,False,False
1708732800000,2922.25,3007.48,2906.4,2992.62,243854.0783,721993808.5669,1708819199999,3094.0051140434025,2311.456492070522,2511.4743999999996,2355.2918,2154.8077333333335,2033.17015,False,False
1708819200000,2992.62,3122.0,2983.61,3112.59,412306.2237,1257766106.547,1708905599999,3125.0460888329544,2353.818586237286,2528.9106,2366.8095000000003,2164.5384,2039.4563500000002,False,False
1708905600000,3112.6,3196.0,3036.59,3175.94,546722.7747,1703165045.241,1708991999999,3163.1798995009867,2396.327189028965,2548.001,2378.9429,2174.595,2046.0737,True,False
1708992000000,3175.95,3288.14,3160.02,3242.36,625939.1221,2025805516.974,1709078399999,3211.749748752807,2428.198805494313,2566.2394,2391.2518,2185.0714666666668,2053.0413,False,False
1709078400000,3242.35,3488.0,3176.16,3383.1,947538.7660000001,3153201034.914,1709164799999,3290.357774414037,2459.366734595902,2587.0156,2404.8688,2196.066866666667,2060.70715,False,False
1709164800000,3383.11,3522.81,3300.0,3340.09,759698.1123,2608623102.49,1709251199999,3364.467385599608,2488.156401988495,2602.1297999999997,2418.9395999999997,2207.2514666666666,2068.20395,False,False
1709251200000,3340.1,3450.0,3338.54,3433.43,412788.5773,1405295834.573,1709337599999,3409.7038776026166,2516.642859947118,2618.4382,2432.6418,2219.0951333333333,2076.1436,True,False
1709337600000,3433.42,3460.04,3390.01,3421.4,283984.9448,971756920.452,1709423999999,3446.449493939465,2548.7439584748513,2636.4154,2446.2338,2230.9272666666666,2084.1057,False,False
1709424000000,3421.39,3491.8,3360.0,3487.81,341631.531,1172272660.983,1709510399999,3487.756664878747,2599.8310640826353,2654.6078,2460.3035,2243.4340666666667,2092.5057,True,False
1709510400000,3487.8,3640.94,3423.78,3627.76,715360.6361,2526905041.939,1709596799999,3546.487282862579,2635.538625921846,2677.7056,2475.7502,2256.6522666666665,2102.23705,False,False
1709596800000,3627.75,3822.04,3200.0,3553.65,1392904.864,5043847679.685,1709683199999,3634.8509761650103,2684.6278551858545,2698.5429999999997,2490.6634,2269.4528000000005,2111.69735,False,False
1709683200000,3553.66,3900.0,3499.4,3818.59,969494.71,3652250924.277,1709769599999,3726.975154550374,2703.6400678180626,2723.1668,2508.5742999999998,2284.0244666666667,2122.44195,True,False
1709769600000,3818.58,3933.81,3735.0,3868.76,540780.675,2067607917.445,1709855999999,3809.9393084276153,2712.3196157937323,2749.9382,2526.7805,2299.2819999999997,2133.35955,False,False
1709856000000,3868.76,3993.75,3820.0,3883.36,646399.2589,2534209920.006,1709942399999,3886.31172280881,2731.9425131029175,2778.1892,2545.326,2314.7201999999997,2144.4386,False,False
1709942400000,3883.37,3942.0,3870.01,3905.21,254839.1386,995823688.314,1710028799999,3945.048792521641,2756.269717555803,2806.4534000000003,2563.8585000000003,2330.309133333333,2155.7897,False,False
1710028800000,3905.2,3964.67,3791.26,3878.47,356664.68,1393415653.983,1710115199999,4001.082025906881,2787.685169021025,2834.5826,2581.7708000000002,2345.901533333333,2166.784,False,False
1710115200000,3878.47,4086.23,3722.95,4064.8,721554.5139,2874119154.303,1710201599999,4068.600600813362,2830.055888056232,2866.7376,2600.7713999999996,2362.6524666666664,2178.8022,False,False
1710201600000,4064.8,4093.92,3828.98,3979.96,632787.3940999999,2522475873.0820003,1710287999999,4124.805375704104,2877.0570502296723,2900.0527999999995,2618.6415,2378.8192666666664,2190.433,False,False
1710288000000,3979.97,4083.0,3932.23,4004.79,482305.7766,1933909390.3019998,1710374399999,4168.929668342329,2922.275046026469,2935.2965999999997,2636.2557,2395.1327333333334,2202.2217499999997,False,False
1710374400000,4004.79,4010.98,3723.0,3881.7,648237.5245,2520007951.69,1710460799999,4187.976711865468,2986.80329709088,2968.2302,2652.1394,2410.3479333333335,2213.3386,False,False
1710460800000,3881.69,3934.02,3570.0,3742.19,947537.4071,3513477459.32,1710547199999,4185.840044608848,3059.2117907906613,2998.7012000000004,2667.2343,2424.8624666666665,2223.78415,False,False
1710547200000,3742.19,3781.12,3468.8,3523.09,548288.1569000001,1999176881.313,1710633599999,4170.637289821992,3120.1199010659916,3023.8094,2678.9078999999997,2437.9268,2232.7525,False,False
1710633600000,3523.09,3678.68,3412.0,3644.71,517790.9936,1843487764.6200001,1710719999999,4149.420017017215,3172.464496200233,3051.3448,2691.7677999999996,2451.781066666667,2242.4499,False,False
1710720000000,3644.7,3645.02,3454.09,3520.46,570901.2851,2029690613.72,1710806399999,4130.783416182348,3209.3518068199883,3076.616,2703.5675,2464.5582,2251.8233999999998,False,False
1710806400000,3520.47,3548.09,3150.88,3158.64,1049629.6935999999,3474307712.277,1710892799999,4128.091234144692,3204.8823842348074,3093.4368,2711.63,2474.7562,2259.4709999999995,False,True
1710892800000,3158.65,3535.24,3056.56,3516.53,1207322.8201,3957251428.899,1710979199999,4127.561089122321,3164.821484439528,3116.9072,2724.5440999999996,2487.1084,2268.8685,False,False
1710979200000,3516.53,3587.32,3412.0,3492.85,602755.2072000001,2114084858.157,1711065599999,4120.730919984937,3172.1490714526544,3141.1014,2737.438,2498.6243333333337,2278.15355,False,False
1711065600000,3492.84,3542.52,3250.0,3336.35,558848.888,1891771641.019,1711151999999,4115.638087102876,3155.9740957477065,3161.7427999999995,2748.1999,2508.9667999999997,2286.68275,False,False
1711152000000,3336.35,3435.48,3270.08,3329.53,323675.9448,1089778379.602,1711238399999,4119.923876387183,3145.722146189132,3182.1521999999995,2758.3419999999996,2519.2493333333337,2295.15815,False,False
1711238400000,3329.53,3471.22,3298.76,3454.98,260824.1408,879033073.031,1711324799999,4126.241073175582,3133.4662781966986,3205.322,2770.6868,2530.26,2304.2673,False,False
1711324800000,3454.99,3666.0,3420.12,3590.42,548577.6942,1945377748.66,1711411199999,4121.195812300248,3158.624424601346,3231.3346,2784.3014000000003,2542.3334666666665,2313.97885,False,False
1711411200000,3590.43,3678.86,3542.62,3587.33,499013.8384,1800812035.845,1711497599999,4109.889212284517,3160.971538216819,3257.0446,2798.2095,2554.4076666666665,2323.7333000000003,False,False
1711497600000,3587.32,3665.84,3460.02,3501.19,443195.3297,1576098628.308,1711583999999,4094.1084190003826,3152.8602541895143,3279.6156,2811.0271000000002,2565.7813333333334,2333.06155,False,False
1711584000000,3501.2,3611.78,3465.0,3560.49,404654.0311,1436630524.623,1711670399999,4069.0247014071083,3149.273926024886,3302.3233999999998,2824.8529000000003,2577.4576666666662,2342.7769,False,False
1711670400000,3560.49,3584.37,3445.91,3509.74,323086.179,1138548291.159,1711756799999,4048.116837125909,3150.7349560085613,3324.1272000000004,2837.9285999999997,2588.7581333333333,2352.56635,False,False
1711756800000,3509.74,3565.81,3485.0,3505.64,216025.2634,759625521.4521999,1711843199999,4021.758220220216,3152.6290353142886,3344.5088,2850.5889,2599.8158,2362.1297,False,False
1711843200000,3505.65,3655.32,3505.09,3645.29,243464.9877,878141654.3458999,1711929599999,3972.306808367036,3153.6815659324147,3367.4098,2863.7964,2612.1124000000004,2372.31805,False,False
1711929600000,3645.29,3645.95,3413.71,3503.8,408854.1225,1437691729.032,1712015999999,3913.359317714296,3160.991762856811,3387.3415999999997,2875.7524,2623.253,2381.7047000000002,False,False
1712016000000,3503.8,3505.6,3212.0,3278.96,623264.6476,2068004456.0640001,1712102399999,3843.6710242295585,3174.4644155616434,3399.7210000000005,2885.9015000000004,2632.7424666666666,2389.89305,False,True
1712102400000,3278.96,3367.4,3202.79,3310.83,410484.1933,1358993604.7979999,1712188799999,3786.1191706563804,3168.792703909966,3413.1378000000004,2896.2963,2642.2032666666664,2398.2752,False,False
1712188800000,3310.83,3443.93,3250.92,3327.4,356338.57159999997,1187792289.214,1712275199999,3729.512753343625,3160.594425669084,3424.1895999999997,2907.2614999999996,2651.7129333333332,2406.7998,False,False
1712275200000,3327.39,3350.0,3210.0,3317.85,344556.7983,1132252495.888,1712361599999,3709.397450025935,3145.761733199381,3434.0948,2916.6565,2661.263466666667,2415.20575,False,False
1712361600000,3317.85,3398.42,3306.68,3351.59,183312.2125,612681489.1489,1712447999999,3698.2265066812133,3141.4509992507305,3445.0906,2926.7308999999996,2671.0199333333335,2423.7481,False,False
1712448000000,3351.59,3459.94,3344.08,3454.2,210459.0752,715174110.5743,1712534399999,3687.3447940521346,3139.792082603957,3458.456,2938.2809,2679.9058,2432.9078,False,False
1712534400000,3454.2,3730.71,3406.36,3694.61,496841.3532,1787240600.81,1712620799999,3709.347336386885,3162.048880209572,3474.7241999999997,2952.3101999999994,2690.685066666667,2443.46115,False,False
1712620800000,3694.61,3727.34,3450.46,3506.39,457592.252,1643610851.751,1712707199999,3729.333990683713,3208.5262864312426,3485.956,2964.5553999999997,2700.3732,2453.0277,False,False
1712707200000,3506.4,3562.95,3411.82,3545.64,389404.9055,1361401195.4320002,1712793599999,3727.784666962285,3208.52293099958,3496.5726,2976.4914000000003,2710.3796,2462.7866,False,False
1712793600000,3545.64,3618.3,3474.52,3502.52,338139.5534,1197654094.445,1712879999999,3732.794216401496,3221.4933428754357,3507.265,2987.9631999999997,2720.0387333333333,2472.39565,False,True
1712880000000,3502.52,3552.4,3100.0,3237.43,697327.1174,2328197177.4230003,1712966399999,3733.6040062853144,3191.417574396698,3512.5856,2998.2403000000004,2728.4256666666665,2480.6411500000004,False,False
1712966400000,3237.42,3301.9,2852.0,3007.01,994971.2354,3066250202.8360004,1713052799999,3743.4103714834437,3101.949616911006,3514.281,3005.6393,2734.7492,2487.70615,False,True
1713052800000,3007.01,3174.23,2906.73,3155.11,737580.4666,2244354713.135,1713139199999,3751.7698986005425,3038.8218533039917,3517.5308,3014.5026000000003,2742.7048,2495.4885,False,False
1713139200000,3155.11,3277.85,3023.19,3101.99,605430.8863,1911310147.231,1713225599999,3740.042382022383,3007.4603352811464,3517.3188,3023.1147,2750.3125999999997,2502.7335000000003,False,False
1713225600000,3102.0,3128.01,2986.0,3084.22,526113.855,1610290812.172,1713311999999,3738.0126955146557,2972.628447168923,3515.4844,3031.7427,2757.790066666667,2509.81735,False,False
1713312000000,3084.21,3123.75,2914.47,2985.41,491897.5661,1483253378.358,1713398399999,3734.9355719572504,2931.1566922663305,3510.3453999999997,3038.2924,2764.283,2516.3899499999998,False,True
1713398400000,2985.41,3094.4,2950.98,3064.4,389060.7133,1177977125.3584,1713484799999,3731.0360169088253,2900.3899870252994,3503.9713999999994,3045.4934999999996,2771.2363333333333,2523.0429999999997,False,False
1713484800000,3064.4,3128.89,2865.18,3056.46,607850.4018999999,1843119282.769,1713571199999,3721.5094098734953,2862.978721795533,3498.2988,3050.2143,2778.7259999999997,2530.0133,False,False
1713571200000,3056.45,3171.88,3018.75,3155.79,242577.6371,749727918.3956,1713657599999,3694.9848441999347,2853.1892417651634,3492.7459999999996,3055.5921,2786.0098666666668,2537.50785,False,False
1713657600000,3155.79,3197.18,3116.49,3147.67,219970.5072,694988777.1911,1713743999999,3665.1182739857304,2850.0760193267793,3487.2714,3061.8434,2793.2463333333335,2545.0133,False,False
1713744000000,3147.66,3235.0,3129.15,3200.2,290879.9569,928957385.38,1713830399999,3650.435834614261,2846.6323900199295,3481.5191999999997,3068.0634999999997,2800.7087333333334,2552.9553499999997,False,False
1713830400000,3200.19,3263.61,3152.0,3219.46,253914.22629999998,813798516.321,1713916799999,3646.579477229115,2844.716391206522,3473.3532,3075.5294,2808.2845333333335,2560.8275,False,False
1713916800000,3219.46,3293.56,3104.9,3140.8,393314.34140000003,1261617674.785,1714003199999,3637.619118004497,2839.5160403062823,3465.0962,3081.8196,2815.4743333333336,2568.36365,False,False
1714003200000,3140.79,3191.64,3072.2,3155.8,352288.5502,1104939534.275,1714089599999,3633.545202356642,2833.063054587561,3451.8404000000005,3087.5036,2822.9963333333335,2575.97845,False,False
1714089600000,3155.81,3167.7,3102.0,3131.3,252522.655,792255507.8635,1714175999999,3625.663683979332,2829.126799115894,3437.0912,3093.5147,2830.2174,2583.7343,False,False
1714176000000,3131.3,3285.0,3066.74,3255.56,323811.1919,1027413859.2497001,1714262399999,3613.2378117230514,2825.4778556118113,3424.5352000000003,3101.3622000000005,2838.3957333333333,2592.1739500000003,False,False
1714262400000,3255.55,3357.4,3250.45,3263.45,304766.009,1006628332.289,1714348799999,3558.7783111435706,2832.305315939011,3411.7,3109.0766999999996,2846.472333333333,2600.65685,False,False
1714348800000,3263.44,3286.95,3115.13,3216.73,421831.29120000004,1345237182.554,1714435199999,3490.8111442540053,2844.7204469330895,3398.4651999999996,3116.5239,2854.0022666666664,2609.04245,False,False
1714435200000,3216.74,3250.95,2921.0,3014.05,561717.4866,1710124473.496,1714521599999,3450.8935042191447,2844.3675949886974,3377.4502,3122.0939000000003,2859.664333333333,2616.3519,False,True
1714521600000,3014.04,3023.24,2817.0,2972.46,624963.7773000001,1827523436.861,1714607999999,3391.315820836432,2852.540430849833,3357.3002,3128.6765,2864.8610666666664,2623.4395,False,False
1714608000000,2972.46,3016.72,2893.26,2986.19,365939.7191,1084862887.849,1714694399999,3335.6407948227848,2839.309133665735,3336.9282000000003,3136.1124000000004,2869.8132,2630.5815999999995,False,False
1714694400000,2986.19,3126.99,2958.32,3102.61,355825.8391,1081409861.154,1714780799999,3323.9475080837933,2852.4058472060105,3321.3463999999994,3144.7883,2875.2084,2638.09755,False,False
1714780800000,3102.61,3168.0,3092.85,3117.23,196263.9488,613297368.1012,1714867199999,3323.732470370605,2864.6502360542813,3308.8471999999997,3153.7742,2881.105266666667,2645.8586500000006,False,False
1714867200000,3117.24,3171.93,3072.99,3136.41,218760.26619999998,684143592.8146,1714953599999,3315.012056184667,2866.476181798446,3301.1135999999997,3162.4615000000003,2886.3098,2653.7234999999996,False,False
1714953600000,3136.4,3221.4,3046.35,3062.6,355135.3027,1111315631.5771,1715039999999,3318.733247928122,2870.131306337342,3289.4714000000004,3170.4081,2891.0023333333334,2661.20365,False,False
1715040000000,3062.59,3129.85,2998.0,3005.69,298796.6829,917252045.6877,1715126399999,3318.7094957779627,2878.9231484900606,3279.1760000000004,3177.8959999999997,2895.437,2668.21265,False,False
1715126400000,3005.69,3038.15,2936.48,2974.21,266934.8125,800460076.6358,1715212799999,3321.696802341163,2877.241500374449,3275.4874,3184.4621,2899.5824666666667,2674.939,False,False
1715212800000,2974.2,3059.0,2950.77,3036.23,238561.7462,715090822.0758,1715299199999,3323.3657209342095,2889.627006300032,3265.8814,3191.3943,2904.9898666666663,2681.80165,False,False
1715299200000,3036.24,3053.89,2878.03,2909.99,327855.8758,972264869.4928,1715385599999,3323.654684105647,2873.554831930218,3254.2241999999997,3197.6627999999996,2909.7000666666668,2687.5243000000005,False,False
1715385600000,2909.98,2945.67,2886.46,2912.45,138163.1087,402989065.5664,1715471999999,3329.099073353608,2857.8302116880855,3245.7462,3203.7445000000002,2914.0486666666666,2693.16165,False,True
1715472000000,2912.45,2955.2,2901.17,2929.29,107670.6323,315212004.6226,1715558399999,3326.598522612533,2846.221558901693,3237.7414000000003,3209.9467999999997,2918.1418000000003,2698.8723500000006,False,False
1715558400000,2929.3,2996.4,2864.76,2950.99,368664.7648,1083553488.6233,1715644799999,3315.5521265777743,2832.7960215379467,3227.6616,3216.4918,2923.0117333333333,2704.6104000000005,False,False
1715644800000,2950.99,2960.6,2862.0,2881.93,269675.3037,783471918.2545999,1715731199999,3299.2348316190905,2819.499467888789,3213.4918,3222.4131999999995,2927.3648666666663,2710.12305,False,True
1715731200000,2881.93,3041.36,2863.75,3032.55,350254.3188,1036063008.5987,1715817599999,3291.728108130968,2807.5032933346515,3202.3962,3229.7204,2932.9384,2716.4048,False,False
1715817600000,3032.55,3041.24,2922.8,2944.7,293874.1513,876706595.6578,1715903999999,3285.8172223391225,2803.838593800827,3191.2664,3235.441,2937.7735333333335,2722.1526,False,False
1715904000000,2944.7,3120.0,2933.06,3092.01,357724.7731,1088374622.9912999,1715990399999,3266.884155276505,2800.7736159684364,3181.8968,3242.1101,2943.8675333333335,2728.56745,False,False
1715990400000,3092.0,3146.98,3083.61,3122.94,199976.5456,622730956.3377,1716076799999,3232.2980582754562,2820.281154654505,3174.1607999999997,3249.144,2950.0060000000003,2735.1088,False,False
1716076800000,3122.94,3136.64,3053.38,3071.19,166145.0102,513790068.6922,1716163199999,3208.966126306929,2824.6953497265213,3165.4718,3254.9902999999995,2955.5498666666667,2741.2297999999996,False,False
1716163200000,3071.2,3694.0,3047.67,3661.78,847107.8828,2853349713.67,1716249599999,3335.980718703552,2827.0819481234375,3165.8016,3266.6057,2964.4647999999997,2750.5347,True,False
1716249600000,3661.79,3841.54,3624.28,3789.6,952437.2694,3557244460.365,1716335999999,3477.305545134383,2746.8972652256625,3171.5176,3279.4295999999995,2974.3408,2760.31915,False,False
1716336000000,3789.59,3813.69,3653.15,3737.73,574938.3099,2151256432.12,1716422399999,3579.0596926394783,2706.8598668338923,3180.6929999999998,3290.2069999999994,2984.1653333333334,2769.7301,False,False
1716422400000,3737.72,3949.29,3498.0,3783.61,1127866.076,4283549690.445,1716508799999,3691.8345987661073,2701.2249063975646,3190.1486,3301.6432,2994.247066666667,2779.1895999999997,False,False
1716508800000,3783.6,3829.61,3626.1,3728.28,479418.4318,1782983862.213,1716595199999,3764.326169175169,2682.46908413379,3198.1662,3311.1778999999997,3004.2297333333336,2788.32625,False,False
1716595200000,3728.28,3779.43,3709.03,3749.26,158711.8992,594438275.8048,1716681599999,3821.386137307247,2665.6760917418646,3206.7944,3320.4446000000003,3013.369133333333,2797.6462,False,False
1716681600000,3749.25,3884.2,3731.17,3826.47,292208.2937,1115661431.008,1716767999999,3888.188585500343,2658.348607648922,3216.292,3330.6913,3023.2512666666667,2807.3379499999996,False,False
1716768000000,3826.47,3977.0,3823.37,3894.22,363717.6473,1424169372.467,1716854399999,3965.0119760263215,2656.4987836662312,3225.0924,3341.7742,3033.8847333333333,2816.2024500000007,False,False
1716854400000,3894.21,3931.09,3773.9,3844.69,416249.8344,1605074794.249,1716940799999,4025.9798388236745,2673.997910210812,3228.094,3351.4091,3044.2381333333337,2825.0373,False,False
1716940800000,3844.69,3888.55,3742.59,3767.43,334759.6348,1274087642.073,1717027199999,4074.2434350461544,2699.0619174548356,3233.3147999999997,3359.6353999999997,3054.141866666667,2833.6086000000005,False,False
1717027200000,3767.44,3825.35,3702.58,3747.91,277034.2894,1042146006.3909999,1717113599999,4108.777891211908,2740.97123222989,3237.3602,3366.9664000000002,3063.447666666667,2842.12475,False,False
1717113600000,3747.9,3849.94,3723.75,3762.29,273406.766,1032174005.2159,1717199999999,4135.2438022285605,2787.938968942575,3242.5556,3374.9103000000005,3072.827333333333,2850.66795,False,False
1717200000000,3762.29,3833.3,3752.67,3815.82,132687.2006,503500622.8379,1717286399999,4152.162042144063,2839.228641742034,3254.1233999999995,3383.3545,3083.534666666667,2859.8500999999997,False,False
1717286400000,3815.82,3838.59,3752.62,3780.91,210295.4407,798100737.6635001,1717372799999,4163.713925039572,2904.1560258999216,3269.6013999999996,3391.9411999999998,3093.6266666666666,2868.4622499999996,False,False
1717372800000,3780.92,3849.99,3758.43,3767.06,248848.702,946239636.2949001,1717459199999,4162.933046522026,2978.98718882981,3281.8403999999996,3399.6856,3103.6152,2877.4887,False,False
1717459200000,3767.07,3831.65,3730.0,3810.23,232063.74680000002,878533930.5989001,1717545599999,4156.371856754158,3064.906682890861,3296.0052,3406.6620000000003,3114.0782,2886.7357500000003,False,False
1717545600000,3810.23,3887.47,3777.33,3865.99,273738.6035,1046373693.4219999,1717631999999,4140.340088666236,3151.551729767496,3311.6406,3413.5625,3125.042,2896.2527,False,False
1717632000000,3866.0,3878.6,3760.0,3813.46,237504.1905,910751773.1816,1717718399999,4116.091898313634,3251.705048869474,3328.2016000000003,3419.2735,3134.9288,2905.26265,False,False
1717718400000,3813.47,3841.39,3600.0,3678.32,362223.3594,1352307567.2375002,1717804799999,4068.7224859304642,3326.621957520533,3340.48,3422.2257,3143.8223333333335,2913.5472500000005,False,False
1717804800000,3678.31,3709.5,3660.08,3681.57,140550.8394,518118534.0405,1717891199999,3947.0599280114498,3430.567863355578,3352.9822,3425.6405,3151.1369333333337,2922.29005,False,False
1717891200000,3681.58,3721.52,3666.36,3706.4,103451.102,381854484.956,1717977599999,3944.031216437956,3591.895588739862,3363.9944,3428.3702000000003,3158.3928666666666,2930.5060000000003,False,False
1717977600000,3706.4,3713.67,3642.74,3667.85,156363.1846,575211243.3059,1718063999999,3947.2446430782447,3594.1357706884987,3374.3979999999997,3430.8347,3166.0282666666667,2938.5342499999997,False,False
1718064000000,3667.85,3673.0,3432.0,3497.33,439568.5978,1552225947.1711,1718150399999,3953.5826474851365,3552.1411964467625,3380.3406000000004,3430.9299,3172.1558666666665,2945.6167,False,True
1718150400000,3497.33,3659.01,3462.07,3560.12,387043.77400000003,1384558593.8571,1718236799999,3945.2902607760902,3544.3870086611205,3387.1538,3430.2535,3179.4041999999995,2953.00185,False,False
1718236800000,3560.13,3561.65,3428.0,3469.4,300230.8299,1048214494.7513,1718323199999,3957.625617554935,3512.032365588407,3393.7258,3429.4110000000005,3185.7883333333334,2960.0371999999998,False,True
1718323200000,3469.4,3532.61,3362.26,3481.8,322316.4214,1116570671.849,1718409599999,3969.8825532024025,3465.612623645667,3400.2457999999997,3426.0431,3191.7509999999997,2967.3087,False,False
1718409600000,3481.8,3594.39,3473.1,3568.74,246649.5894,873576137.28,1718495999999,3964.0704606238,3444.74919804471,3408.9946,3423.0429,3198.6746666666663,2974.9116999999997,False,False
1718496000000,3568.75,3653.79,3541.05,3624.41,149839.98200000002,537492821.6426,1718582399999,3939.0980246578383,3436.576612191545,3416.3716,3420.4534,3206.365333333333,2982.8897,False,False
1718582400000,3624.41,3638.37,3463.39,3511.46,337805.6402,1196162530.92,1718668799999,3919.064969632643,3419.20087135471,3421.3318,3416.5159000000003,3213.1617333333334,2990.1872,False,False
1718668800000,3511.47,3517.2,3355.0,3483.42,449913.3014,1541798882.412,1718755199999,3909.3519405963048,3386.659457816268,3426.6656,3412.5654,3219.9044666666664,2997.1681,False,False
1718755200000,3483.42,3590.01,3465.65,3560.51,321500.0027,1138419054.6536999,1718841599999,3900.0826570385284,3373.3175006278234,3437.5948,3407.5225,3227.2608666666665,3004.1469500000003,False,False
1718841600000,3560.51,3625.96,3486.0,3513.08,329117.8453,1170597741.2576,1718927999999,3885.408137195454,3363.970795720052,3448.4071999999996,3402.8537,3235.2533999999996,3010.7476,False,False
1718928000000,3513.08,3547.55,3446.82,3518.5,342155.102,1197095546.2331,1719014399999,3872.921965346069,3353.3749383938098,3459.0534,3397.9908,3243.7594,3017.12325,False,False
1719014400000,3518.5,3521.19,3475.09,3495.75,115774.6157,405045499.4216,1719100799999,3858.1362622750216,3348.261840878461,3466.9162,3394.1313,3252.164266666666,3023.1353500000005,False,False
1719100800000,3495.76,3521.45,3406.38,3420.91,133411.4304,463204539.0566,1719187199999,3838.3008322811606,3339.099815503566,3472.9898,3390.9184999999998,3260.1794000000004,3029.0764,False,True
1719187200000,3420.91,3435.76,3240.0,3352.73,543370.4229,1807046957.964,1719273599999,3822.823770964548,3304.9876148755893,3477.3161999999998,3389.2149000000004,3267.413066666667,3034.0614,False,True
1719273600000,3352.74,3430.88,3336.76,3394.91,240036.2236,812730026.8439,1719359999999,3791.484017800218,3298.4831185828953,3483.9624,3386.7169,3274.9262000000003,3039.2423500000004,False,False
1719360000000,3394.91,3426.75,3325.01,3371.44,206949.3418,699375819.2752,1719446399999,3754.940070640524,3295.576196396933,3491.2774,3385.2266999999997,3282.356466666667,3044.3971,False,True
1719446400000,3371.77,3477.0,3361.74,3450.44,201041.66090000002,687897292.1453999,1719532799999,3716.793730048203,3287.449701337677,3500.802,3388.1447000000003,3289.908733333333,3049.88735,False,False
1719532800000,3450.44,3487.7,3365.22,3380.15,221634.34350000002,760116781.0295,1719619199999,3700.8553704202136,3287.2104835600103,3507.6803999999997,3386.7809,3296.823,3055.6625,False,True
1719619200000,3380.15,3408.32,3371.86,3378.8,88329.7651,299468173.2457,1719705599999,3683.539339849163,3293.9044863741387,3517.0566,3385.6404,3304.1274,3061.5391999999997,False,False
1719705600000,3378.8,3460.0,3352.66,3438.16,141221.6185,480491273.1215,1719791999999,3661.411041544924,3302.6383265524373,3527.5708,3386.6584999999995,3311.6866,3067.4292000000005,False,False
1719792000000,3438.16,3524.94,3423.78,3442.2,224273.2122,780112100.2083,1719878399999,3644.9552992088365,3302.409079193815,3537.829,3387.7852000000003,3319.2408666666665,3073.0636,False,False
1719878400000,3442.2,3464.12,3402.0,3421.35,137932.7014,473853655.5223,1719964799999,3628.137463012881,3301.126889296295,3547.2362000000007,3387.4488999999994,3326.7399333333333,3079.06785,False,False
1719964800000,3421.35,3432.1,3251.0,3295.48,310408.451,1031040642.948,1720051199999,3624.461658273995,3281.2336550757545,3555.5071999999996,3384.4995,3333.4445333333333,3084.4004499999996,False,True
1720051200000,3295.49,3313.45,3050.34,3059.7,450402.56919999997,1425360058.279,1720137599999,3631.339695265602,3219.299407734691,3556.0502,3379.2232,3338.497,3088.71635,False,True
1720137600000,3059.7,3110.0,2810.0,2981.78,886994.3753000001,2602693094.4643,1720223999999,3656.828396599448,3104.0841348218305,3556.7918,3374.0290999999997,3342.5579333333335,3092.5281000000004,False,False
1720224000000,2981.79,3081.78,2955.06,3066.83,214487.9713,646245038.4751999,1720310399999,3660.5406506516933,3052.979827291408,3556.2882,3369.0925,3346.8361333333332,3096.9727000000003,False,False
1720310400000,3066.83,3073.08,2922.24,2931.0,179892.7612,538755029.4600999,1720396799999,3655.5022496104566,3001.509267498473,3552.4494,3363.3051,3350.2458,3100.61685,False,True
1720396800000,2930.99,3097.06,2822.8,3019.01,500445.0105,1484924133.829,1720483199999,3654.8664308515968,2938.243149346438,3551.4058,3358.4388,3353.795466666667,3104.5138500000003,False,False
1720483200000,3019.01,3115.2,3004.0,3066.65,280358.1424,859567747.6642,1720569599999,3638.804490584072,2912.433139916323,3539.5032,3352.6524,3357.5715333333337,3108.2244,False,False
1720569600000,3066.65,3151.51,3024.0,3101.05,270827.0844,839730659.3741001,1720655999999,3610.361514116836,2893.4972276464982,3525.7322000000004,3348.6249,3361.5304666666666,3112.18865,False,False
1720656000000,3101.06,3217.24,3054.76,3099.57,289229.32,907129989.2224,1720742399999,3588.475922297522,2879.8398864542546,3512.9689999999996,3346.8309999999997,3364.4610000000002,3116.36625,False,False
1720742400000,3099.57,3157.89,3045.58,3133.88,185745.1825,575599522.8506,1720828799999,3568.489364363369,2869.714297149426,3499.9744,3345.0615,3367.7536000000005,3120.6789000000003,False,False
1720828800000,3133.89,3201.8,3113.37,3175.93,119302.4769,376336968.78330004,1720915199999,3545.1380725918943,2865.004064386544,3488.9274,3343.5468,3370.4277333333334,3125.40415,False,False
1720915200000,3175.93,3268.72,3163.67,3245.08,165430.7716,530204017.1692,1721001599999,3532.6246504822884,2862.4099282609086,3478.8438,3342.8190999999997,3373.2443333333335,3129.7378000000003,False,False
1721001600000,3245.2,3493.63,3233.22,3483.39,314296.8452,1058747637.288,1721087999999,3540.634629583483,2862.3960931054926,3471.9822,3344.1371000000004,3377.7882666666665,3135.4339999999997,False,False
1721088000000,3483.2,3498.59,3346.55,3444.13,376128.7869,1291412549.937,1721174399999,3549.5912672028066,2861.9522027368357,3462.9804,3344.0364,3382.176266666667,3141.15865,False,True
1721174400000,3444.14,3517.0,3376.0,3387.05,297812.5162,1029558208.6374999,1721260799999,3555.093650250743,2861.486305979363,3453.8276,3340.9608000000003,3385.5486,3146.6355,False,False
1721260800000,3387.05,3489.98,3367.2,3426.5,241950.3457,829503482.7673,1721347199999,3555.3964200632877,2861.424321417074,3447.009,3340.1619,3388.7599333333333,3152.35865,False,False
1721347200000,3426.49,3540.27,3377.0,3503.53,299511.6422,1034724329.319,1721433599999,3571.672057582848,2861.247980194353,3442.1214,3339.7407999999996,3392.018066666667,3158.1161000000006,False,False
1721433600000,3503.53,3539.65,3480.0,3517.5,147510.81650000002,516504071.7651,1721519999999,3582.005445980431,2855.263653807765,3437.2255999999998,3339.8906,3395.6820666666667,3163.9269,False,False
1721520000000,3517.5,3547.0,3411.4,3535.92,218890.9656,764360242.6014,1721606399999,3585.150361573039,2855.8160991595823,3431.6276000000003,3342.8755,3399.445533333333,3170.5579,False,False
1721606400000,3535.93,3562.82,3422.34,3439.6,207859.5043,724117324.169,1721692799999,3598.0190720843766,2854.9527476275907,3424.8014000000003,3347.2014,3402.8946,3176.4203500000003,False,False
1721692800000,3439.61,3541.0,3389.0,3482.51,500568.7811,1737977523.023,1721779199999,3610.5840672126237,2854.100323363851,3419.1104000000005,3350.4754,3406.160533333333,3182.4889999999996,False,False
1721779200000,3482.51,3487.82,3300.0,3335.81,275479.0506,940244066.4974,1721865599999,3624.112154767501,2866.538470139264,3409.6220000000003,3352.8136,3407.648666666667,3187.96415,False,True
1721865600000,3335.82,3342.5,3087.53,3175.48,494282.6398,1570457188.183,1721951999999,3625.2321958427524,2905.131375655744,3395.8118,3353.7262,3407.6456000000003,3192.73445,False,True
1721952000000,3175.47,3286.36,3171.0,3274.61,260237.46409999998,844064770.7242,1722038399999,3621.303708176798,2927.6694445735648,3385.0348,3356.6182,3407.8606,3197.4552999999996,False,False
1722038400000,3274.6,3327.59,3191.01,3249.01,231991.90370000002,757931406.546,1722124799999,3615.8385842357666,2958.5956275694757,3376.4486000000006,3358.4643,3406.9666666666667,3201.9789,False,False
1722124800000,3249.0,3284.3,3198.11,3270.16,103529.8329,336422802.7223,1722211199999,3609.0265181622717,3015.487730765343,3368.2203999999997,3360.6013000000003,3406.500466666667,3205.4078000000004,False,False
1722211200000,3270.16,3396.77,3258.0,3317.66,318471.50549999997,1061016180.079,1722297599999,3604.546474768732,3043.240321975327,3360.4456,3362.22,3405.7286666666664,3208.9060500000005,False,False
1722297600000,3317.66,3366.4,3233.18,3279.21,197277.1641,652703227.7964,1722383999999,3598.7875851179842,3068.6755829657804,3352.6728000000003,3363.5353999999998,3404.780733333333,3212.6894,False,False
1722384000000,3279.2,3350.0,3213.75,3232.74,233711.3352,769347274.9465001,1722470399999,3595.7820846494683,3089.1911871463562,3347.381,3363.8608000000004,3403.080266666667,3215.9621500000003,False,False
1722470400000,3232.74,3242.57,3080.02,3203.4,323285.6105,1020921619.452,1722556799999,3588.812673945319,3095.432072125133,3340.2466,3363.7002,3400.2512,3219.6148,False,True
1722556800000,3203.4,3218.6,2967.0,2989.61,385704.0395,1185594927.5147,1722643199999,3587.424921717105,3067.957467613099,3330.6508000000003,3362.1883000000003,3396.490933333333,3222.0039500000003,False,True
1722643200000,2989.61,3018.02,2859.0,2903.64,344595.3157,1013020792.7515,1722729599999,3613.9108396865995,3013.739868616662,3319.0876000000003,3359.6667,3390.3912666666665,3223.5851500000003,False,False
1722729600000,2903.65,2935.46,2630.0,2688.92,512064.2612,1426784556.4424,1722815999999,3632.576980038637,2908.3686010953656,3301.4912,3355.2428999999997,3382.5256666666664,3224.3787999999995,False,False
1722816000000,2688.91,2697.44,2111.0,2419.59,2670604.1003,6243689817.191,1722902399999,3670.415084335331,2683.683534165449,3277.3948000000005,3346.8832,3372.7672000000002,3224.1227000000003,False,False
1722902400000,2419.76,2556.23,2414.19,2461.33,642283.8038,1601879002.769,1722988799999,3701.2751639889298,2584.1200188088656,3256.3922,3338.862,3363.1413333333335,3223.96935,False,False
1722988800000,2461.33,2551.32,2309.04,2342.8,630115.4228000001,1537271441.496,1723075199999,3712.0521388206093,2478.5406991936525,3233.5798000000004,3330.1226999999994,3352.9035333333336,3223.3233,False,False
1723075200000,2342.79,2724.1,2320.4,2682.5,586502.8754,1474101815.471,1723161599999,3687.862892127873,2389.722789200755,3216.0196,3326.8071999999997,3343.6882,3224.45055,False,False
1723161600000,2682.5,2707.98,2552.61,2598.78,406739.9611,1069628608.098,1723247999999,3656.538986871278,2349.7206422876848,3197.7336000000005,3323.0703999999996,3334.4803333333334,3225.8734499999996,False,False
1723248000000,2598.79,2644.7,2576.49,2609.92,171012.3619,446695039.69210005,1723334399999,3619.251680292387,2317.16922751466,3179.562,3319.3076999999994,3325.1812,3227.71005,False,False
1723334400000,2609.92,2720.0,2540.0,2555.38,297098.9145,780682452.7539,1723420799999,3567.602220870696,2288.0456675904547,3160.7546,3313.8354,3316.339066666667,3229.31185,False,False
1723420800000,2555.38,2750.0,2510.05,2722.3,483414.2506,1275788778.661,1723507199999,3510.7055405839615,2261.5938657253937,3146.7824000000005,3309.8860999999997,3309.5398,3231.8301500000002,False,False
1723507200000,2722.3,2738.4,2611.37,2702.44,325668.6964,872886595.988,1723593599999,3455.0856632673,2247.67830337305,3133.7765999999997,3305.5463999999997,3304.0688,3234.0039500000003,False,False
1723593600000,2702.44,2780.0,2632.2,2661.45,338808.7141,914805683.8977,1723679999999,3415.54000860497,2232.4556545695964,3119.1074,3301.5349,3297.513733333333,3235.9715,False,False
1723680000000,2661.45,2675.6,2515.71,2569.89,356546.80590000004,927491377.0613999,1723766399999,3380.1838942207964,2212.319601487019,3103.0764,3297.1769,3291.1766,3237.5364499999996,False,False
1723766400000,2569.9,2630.97,2550.04,2592.73,270684.1373,702631292.5348,1723852799999,3334.2437808925274,2201.3996183053914,3085.9221999999995,3293.3621,3287.403866666667,3238.9121,False,False
1723852800000,2592.72,2629.69,2587.5,2614.51,89348.676,232787181.5259,1723939199999,3288.808046748232,2199.558613883952,3070.6094,3289.1449,3281.3903999999998,3240.2696,False,False
1723939200000,2614.51,2689.16,2594.53,2612.15,174074.05849999998,459975824.1544,1724025599999,3215.111349348035,2210.873509348857,3055.2764,3286.1665000000003,3275.5190666666667,3241.9146499999997,False,False
1724025600000,2612.15,2648.08,2563.58,2636.36,224867.1336,585578272.444,1724111999999,3135.935571146801,2228.628176815271,3039.2404000000006,3283.4056,3270.8524666666667,3243.5750499999995,False,False
1724112000000,2636.36,2695.0,2555.0,2572.82,281315.8751,738361057.6028,1724198399999,3045.6391581069147,2258.4816475908824,3021.8527999999997,3279.8409,3265.807733333333,3244.89385,False,False
1724198400000,2572.81,2663.74,2536.22,2630.71,245286.6218,638338169.862,1724284799999,2964.7667396190536,2283.6758218384402,3006.04,3276.6381,3260.3126,3246.56495,False,False
1724284800000,2630.71,2644.69,2584.2,2622.88,199063.1196,521285357.08669996,1724371199999,2866.1822513874627,2306.9726045268617,2992.5879999999997,3274.0476,3253.8623333333335,3248.2304,False,False
1724371200000,2622.89,2799.13,2621.4,2762.48,401786.4447,1082989033.0235,1724457599999,2819.289010165122,2323.367420663293,2986.6436,3271.3469,3248.3633333333332,3250.53365,False,False
1724457600000,2762.49,2820.0,2731.26,2768.0,263542.94409999996,730370481.1392,1724543999999,2792.380456964544,2319.0487244472038,2982.368,3269.5799000000006,3243.4754,3252.5104499999998,False,False
1724544000000,2768.01,2792.28,2733.21,2746.13,154527.2352,426733399.3269,1724630399999,2802.536108099132,2394.7263809250926,2975.954,3266.1211000000003,3238.046333333333,3254.1156,False,False
1724630400000,2746.12,2762.0,2666.66,2680.49,211708.1247,575695656.477,1724716799999,2804.223011820861,2410.605852639591,2970.9438,3261.6966,3232.518,3255.4202999999998,False,False
1724716800000,2680.49,2699.98,2392.96,2457.33,412660.71969999996,1058769621.8924999,1724803199999,2797.1114716313496,2428.649097593002,2959.7102,3255.558,3225.529266666667,3255.27415,False,False
1724803200000,2457.33,2554.6,2418.8,2528.33,451266.634,1124304892.425,1724889599999,2802.381714688552,2450.524366781629,2948.9438,3244.2234999999996,3218.0828666666666,3255.4146,False,False
1724889600000,2528.33,2595.4,2505.88,2527.61,237002.9632,603867504.2264,1724975999999,2802.628696878286,2446.3543305980356,2937.475,3231.6036,3211.5749333333333,3255.5166,False,False
1724976000000,2527.6,2552.17,2431.14,2526.0,338379.19409999996,845015735.1502,1725062399999,2807.040470541094,2430.9893844736666,2926.0036000000005,3219.4863,3206.5552000000002,3254.84665,False,False
1725062400000,2525.99,2533.95,2491.92,2513.01,97946.1147,246514334.0765,1725148799999,2808.253978346692,2426.6918915436486,2913.5861999999997,3206.7803,3201.2364000000002,3254.21175,False,False
1725148800000,2513.0,2516.28,2400.0,2425.72,223127.776,550299930.1531999,1725235199999,2805.4227043634705,2411.974221082096,2898.5820000000003,3193.7547000000004,3195.2252,3252.4663,False,False
1725235200000,2425.71,2564.83,2423.52,2538.01,262632.8385,654854126.1945,1725321599999,2798.921206042013,2397.6769217908886,2884.4406,3181.6422000000002,3190.0262666666667,3251.0433999999996,False,False
1725321600000,2538.0,2553.6,2411.12,2425.29,224793.1299,556674703.3521,1725407999999,2785.7073463039883,2383.3887956922767,2863.2786000000006,3167.6304,3183.850933333333,3249.16085,False,False
1725408000000,2425.28,2490.0,2306.65,2450.71,384179.3854,921640300.6742,1725494399999,2785.955334321672,2355.510479583438,2843.4102000000003,3153.1953000000003,3177.161,3247.4847499999996,False,False
1725494400000,2450.71,2466.0,2348.04,2368.81,278549.0969,667044058.8263,1725580799999,2788.7611400524065,2336.134580864608,2823.0454,3138.4365000000003,3168.322333333333,3244.9228000000003,False,False
1725580800000,2368.81,2408.83,2150.55,2225.23,643027.111,1467265008.0637,1725667199999,2794.2447296078426,2280.371615853062,2799.02,3123.0145,3159.781266666667,3241.32495,False,True
1725667200000,2225.24,2311.27,2220.98,2273.58,219453.2076,498662894.2307,1725753599999,2801.3133469117342,2247.1465774331173,2774.421,3108.2712,3151.3008666666665,3237.6188,False,False
1725753600000,2273.58,2333.58,2240.94,2297.3,192775.6493,440447734.8256,1725839999999,2803.5441396237843,2220.9730989068826,2750.0170000000003,3093.6213000000002,3143.2660666666666,3234.2658,False,False
1725840000000,2297.3,2381.41,2272.8,2359.5,321698.99,747001776.0458,1725926399999,2794.6003377627103,2201.8943225942667,2726.4886000000006,3079.0581,3137.4132,3231.2063,False,False
1725926400000,2359.51,2400.0,2320.41,2388.52,224382.1729,528411566.91929996,1726012799999,2785.8675734652256,2190.0347708581357,2705.467,3065.1342000000004,3133.2899333333335,3228.5377000000003,False,False
1726012800000,2388.52,2389.32,2277.68,2340.55,282898.3125,659291892.3273,1726099199999,2777.5646521122444,2175.414931215273,2682.6277999999998,3050.8691000000003,3127.8595333333333,3225.27735,False,False
1726099200000,2340.54,2391.93,2315.39,2361.76,202611.13079999998,476749201.7644,1726185599999,2745.1101989018744,2168.4426322373174,2663.1468,3036.3844,3122.924666666667,3221.5232,False,False
1726185600000,2361.75,2464.82,2337.35,2439.19,253888.61599999998,607650210.7035,1726271999999,2703.1580457506952,2177.134251153324,2648.421,3022.1164000000003,3118.6244666666666,3217.83945,False,False
1726272000000,2439.19,2440.6,2376.72,2417.79,122931.2302,296990460.13,1726358399999,2660.1614364280013,2198.0832372436275,2631.2846000000004,3008.1597,3114.840333333333,3213.7165999999997,False,False
1726358400000,2417.8,2430.32,2283.75,2316.1,174364.1946,413278017.2767,1726444799999,2616.329366341849,2213.1319740855347,2612.6264,2994.5375,3109.8516666666665,3208.3816,False,False
1726444800000,2316.09,2335.7,2252.39,2295.68,330555.232,756718235.6840999,1726531199999,2581.9414593327224,2203.7333223781925,2593.1367999999998,2980.6785999999997,3104.7798000000003,3203.1595500000003,False,False
1726531200000,2295.67,2393.63,2263.29,2341.8,274206.2588,640307796.5941,1726617599999,2570.6356520238355,2196.686485190688,2573.6196,2967.0326,3099.3532,3197.7014,False,False
1726617600000,2341.79,2376.14,2277.34,2374.75,292917.6008,679856751.1702,1726703999999,2550.596849548314,2198.450783376161,2555.5304,2954.1016000000004,3094.2004,3192.46815,False,False
1726704000000,2374.74,2494.95,2372.6,2465.21,326746.032,794820680.9951,1726790399999,2542.6316787600676,2200.116605459592,2540.1798,2943.7803999999996,3089.3004666666666,3187.3551500000003,False,False
1726790400000,2465.21,2571.93,2437.31,2561.4,340754.5912,864016608.1154,1726876799999,2549.076082549006,2205.475811725213,2527.3398,2933.7932,3084.9133999999995,3182.0233500000004,False,False
1726876800000,2561.4,2623.34,2528.97,2612.4,154757.8773,396953470.5173,1726963199999,2567.624336302249,2193.870478183428,2519.7956,2925.2231999999995,3081.390733333333,3177.3171,False,False
1726963200000,2612.4,2632.57,2524.58,2581.0,214266.3257,553059849.5533,1727049599999,2580.0771379065113,2186.08900913002,2513.3428000000004,2916.2152,3077.5587333333333,3171.12915,False,False
1727049600000,2580.99,2702.82,2539.49,2646.97,333282.0149,883518257.1996,1727135999999,2608.2423441967194,2178.1522098171513,2512.5038,2906.9975,3074.3298666666665,3165.0202000000004,False,False
1727136000000,2646.98,2670.96,2591.56,2653.2,288600.0402,760159619.9813,1727222399999,2632.684475089333,2171.0857307695715,2517.176,2897.2854,3070.3141333333333,3158.8694,False,False
1727222400000,2653.2,2673.5,2554.05,2579.95,220343.4293,576100924.7111,1727308799999,2656.6059791544026,2168.732245085338,2519.5484,2887.9703000000004,3065.7574666666665,3152.2431,False,False
1727308800000,2580.09,2666.22,2559.2,2632.26,278686.3573,731881168.917,1727395199999,2678.5858281590517,2192.1814195007137,2525.3376000000003,2879.4587,3061.8610000000003,3146.0120500000003,False,False
1727395200000,2632.25,2728.6,2615.21,2694.43,281826.9792,753233859.3596,1727481599999,2705.459939000227,2204.6339397795296,2525.5762000000004,2870.7979000000005,3059.7302,3139.1602,False,False
1727481600000,2694.43,2704.35,2650.0,2675.21,137230.0342,367299958.0626,1727567999999,2724.9494825558295,2216.159890255417,2527.1048,2862.4192,3057.7485333333334,3132.63645,False,False
1727568000000,2675.21,2683.7,2629.73,2657.62,160554.3146,426486288.2762,1727654399999,2740.290621482019,2229.112514763221,2528.0588000000002,2853.8104,3055.558066666667,3125.9006,False,False
1727654400000,2657.62,2663.5,2575.0,2602.23,282475.79610000004,738997897.5789,1727740799999,2751.4539126486566,2241.011928016711,2528.9958,2844.8752000000004,3052.2222,3119.50325,False,False
1727740800000,2602.24,2659.0,2414.0,2447.79,502828.68039999995,1275068045.8172,1727827199999,2759.616478793689,2255.8062121625503,2523.5056,2835.1440000000002,3047.7592666666665,3113.03125,False,True
1727827200000,2447.78,2499.0,2352.0,2364.1,317484.73500000004,772815459.3663,1727913599999,2757.2074695512565,2260.1792029829357,2516.7388,2825.2576999999997,3042.6105333333335,3107.2363,False,False
1727913600000,2364.09,2403.38,2310.0,2349.8,314635.9263,739732809.4812,1727999999999,2759.080650462884,2256.750342027114,2510.5058000000004,2814.8066000000003,3037.8585333333335,3100.7617499999997,False,False
1728000000000,2349.8,2441.64,2339.15,2414.41,239383.017,572627417.1056,1728086399999,2759.055223926413,2252.829033724409,2507.3962,2805.2363,3033.9166666666665,3095.2315000000003,False,False
1728086400000,2414.41,2428.23,2390.05,2414.66,103740.2316,250133597.6883,1728172799999,2759.1208042296976,2265.381096886225,2503.8348,2794.8785,3030.1863333333336,3091.5116000000003,False,False
1728172800000,2414.66,2457.8,2407.0,2440.03,105752.7096,257213775.4528,1728259199999,2752.309564142941,2285.4635425343754,2500.3451999999997,2785.4773,3026.2116666666666,3086.1290999999997,False,False
1728259200000,2440.02,2521.0,2403.0,2422.71,300459.5407,742163736.9663,1728345599999,2748.8040367055555,2304.748299116158,2496.5564,2775.9164,3022.963133333333,3080.7784,False,False
1728345600000,2422.7,2466.66,2401.18,2440.89,201358.3312,490043095.0246,1728431999999,2743.31262805197,2322.687688541569,2492.647,2765.9437,3019.8194000000003,3076.3011000000006,False,False
1728432000000,2440.88,2473.61,2351.42,2370.47,242082.2725,586469983.3937,1728518399999,2743.749329363813,2319.8606509955684,2488.6,2755.2264,3016.093933333333,3071.5058000000004,False,False
1728518400000,2370.47,2421.36,2330.66,2386.49,257862.9619,614182044.9493,1728604799999,2744.789252706845,2307.722722198958,2483.7156,2744.8778,3012.3306,3066.1633500000003,False,False
1728604800000,2386.49,2471.45,2381.86,2439.5,235441.2197,572065403.7427,1728691199999,2739.694880198632,2298.952075874209,2480.048,2736.3179999999998,3009.3810666666664,3060.40875,False,False
1728691200000,2439.49,2490.51,2434.35,2476.4,139637.5062,343538957.8201,1728777599999,2732.906694534426,2295.4014908617646,2474.3264,2730.485,3005.6734,3054.8541000000005,False,False
1728777600000,2476.4,2484.92,2436.4,2468.91,120022.8179,295322793.084,1728863999999,2716.4995689579655,2292.2904802286866,2468.3446000000004,2725.3563,3002.5014666666666,3049.6927,False,False
1728864000000,2468.92,2654.0,2443.39,2629.79,435900.1619,1119084230.8081,1728950399999,2714.354416401631,2291.615498424022,2466.0178,2720.9858999999997,2999.42,3045.0391999999997,False,False
1728950400000,2629.79,2688.6,2537.36,2607.41,416285.6663,1083630113.1397,1729036799999,2716.4553352520775,2291.946269665224,2464.5562,2717.75,2995.983133333333,3040.5275500000002,False,False
1729036800000,2607.41,2647.79,2588.67,2611.1,260322.42419999998,681342662.4187,1729123199999,2714.1914779617714,2290.7840115680024,2467.6316,2713.6708999999996,2992.9158666666667,3036.05485,False,False
1729123200000,2611.1,2648.37,2575.4,2605.8,221624.5434,579597649.9298999,1729209599999,2702.262392583728,2292.990208377655,2469.181,2709.0624,2985.876,3030.8574,False,False
1729209600000,2605.79,2675.58,2596.49,2642.17,292444.1153,771232214.936,1729295999999,2697.797019904315,2297.3726282209404,2471.4722,2704.4736000000003,2978.2264666666665,3026.54925,False,False
1729296000000,2642.17,2663.49,2631.02,2648.2,105413.7646,278723129.1579,1729382399999,2694.851043358153,2297.254719238031,2473.9162,2699.9599,2970.9629333333332,3023.3954500000004,False,False
1729382400000,2648.2,2759.0,2635.54,2746.91,256910.7448,692550694.442,1729468799999,2710.939651714971,2293.128956712853,2478.5942,2696.0902,2964.0516,3020.5758499999997,False,False
1729468800000,2746.91,2769.48,2655.01,2666.7,310674.7232,839718870.9672,1729555199999,2728.4904300635335,2291.665399393198,2483.4138,2690.9979000000003,2956.9743999999996,3017.2723499999997,False,True
1729555200000,2666.71,2671.92,2606.56,2622.81,265747.713,699818031.2886,1729641599999,2740.2013056628693,2302.2097643604448,2485.1097999999997,2684.7752,2949.4647333333332,3013.79715,False,False
1729641600000,2622.81,2628.2,2450.0,2524.61,352647.7086,897683017.7408,1729727999999,2743.9391360720497,2318.3423755702797,2487.0962,2675.1874,2940.7856666666667,3009.66225,False,False
1729728000000,2524.6,2562.65,2507.31,2535.82,290851.7842,737665762.6658,1729814399999,2743.979418012888,2334.030006954908,2488.7984,2666.1043,2931.729666666666,3005.0703500000004,False,False
1729814400000,2535.82,2566.33,2382.59,2440.62,514799.8822,1282541014.4702,1729900799999,2742.623510632635,2333.104535070746,2490.2346,2656.64,2922.3691999999996,2998.8003999999996,False,True
1729900800000,2440.63,2508.0,2430.12,2482.51,248724.8313,612908876.7387,1729987199999,2741.315954932197,2335.438554577217,2495.3802,2647.2001,2913.8030666666664,2993.6810000000005,False,False
1729987200000,2482.51,2527.99,2464.13,2507.8,137580.8836,342704461.2982,1730073599999,2741.3337644501594,2341.0652751156813,2500.0646,2637.2428000000004,2905.5356666666667,2988.4918000000007,False,False
1730073600000,2507.8,2589.67,2471.67,2567.48,360605.327,910015100.8305,1730159999999,2741.5639339988757,2347.6320661177074,2505.4682000000003,2627.7426,2897.570266666667,2983.8166,False,False
1730160000000,2567.49,2681.86,2561.2,2638.8,451915.7025,1187541746.021,1730246399999,2748.311615119029,2365.391429242883,2511.0542,2618.7714,2889.723466666667,2980.82345,False,False
1730246400000,2638.8,2722.3,2599.66,2659.19,460627.126,1230352880.144,1730332799999,2753.2147646770454,2389.4791247429616,2516.4676,2610.9673000000003,2882.2453333333333,2979.08435,False,False
1730332800000,2659.19,2669.0,2503.0,2518.61,403427.2017,1042550364.3913,1730419199999,2753.4722091394574,2404.2192430193913,2520.0287999999996,2601.3282999999997,2873.922333333333,2975.90185,False,True
1730419200000,2518.61,2586.8,2467.67,2511.49,430249.1073,1084316033.7115,1730505599999,2749.6859404766783,2408.23600524098,2523.0234,2593.0851000000002,2865.2640666666666,2972.94935,False,False
1730505600000,2511.49,2523.45,2470.0,2494.23,145961.13,364240307.8927,1730591999999,2746.493014908157,2412.3177707573445,2524.1241999999997,2586.2726,2856.119,2969.9994,False,False
1730592000000,2494.23,2496.39,2411.0,2457.73,276009.1197,675516839.2458,1730678399999,2747.663723942007,2407.586510395244,2524.9230000000002,2578.1038,2847.0808,2967.361,False,False
1730678400000,2457.73,2491.39,2357.59,2398.21,306316.9645,745000696.5497999,1730764799999,2744.0899443781095,2386.4895819036756,2526.5652,2569.5958,2838.5467333333336,2964.03005,False,False
1730764800000,2398.21,2480.0,2380.74,2422.55,331619.2545,807964220.3824,1730851199999,2743.2567592901173,2371.1556346453085,2529.1026,2561.1197,2830.1532666666667,2960.8605,False,False
1730851200000,2422.6,2744.7,2420.3,2721.87,1002141.3618,2613263657.615,1730937599999,2754.714936961908,2362.623150789016,2536.7039999999997,2555.1618,2823.5897333333337,2958.6908999999996,False,False
1730937600000,2721.88,2916.11,2699.49,2895.47,730845.9524,2069602523.371,1731023999999,2797.286212706242,2356.0236863936007,2547.1184,2551.3244,2818.440533333333,2957.4299,False,False
1731024000000,2895.47,2981.69,2886.4,2961.75,568864.435,1664276186.3669999,1731110399999,2848.8977236032415,2327.052004742779,2557.0492,2548.6145,2814.87,2956.2376499999996,False,False
1731110400000,2961.75,3157.4,2953.71,3126.21,526719.4212,1602480049.885,1731196799999,2927.0758952770893,2297.9106877234385,2568.3454,2547.8426,2811.9772666666668,2955.7714,False,False
1731196800000,3126.2,3248.52,3069.0,3183.21,865536.7322,2751696491.3529997,1731283199999,3012.1436285291975,2262.55908717616,2579.7616,2549.7785999999996,2810.0693333333334,2955.9834499999997,False,False
1731283200000,3183.2,3387.61,3105.0,3371.59,1000093.9663999999,3248336095.359,1731369599999,3120.303080566081,2236.497302524736,2595.5733999999998,2554.4581000000003,2809.3346,2957.0624,False,False
1731369600000,3371.59,3442.5,3207.67,3243.8,973215.7285,3215515065.967,1731455999999,3223.4088986505485,2221.2531081326624,2607.51,2560.0069,2807.1683333333335,2957.6249,False,False
1731456000000,3243.79,3331.0,3116.69,3187.16,919686.3747,2958494366.719,1731542399999,3291.6184921538024,2221.8140836546545,2618.1892,2567.6826,2804.2533333333336,2957.2829,False,False
1731542400000,3187.16,3240.4,3028.56,3058.82,605780.6662,1909266330.684,1731628799999,3338.1614272367156,2247.084606830076,2627.7666,2573.6575,2801.2357333333334,2956.2597499999997,False,False
1731628800000,3058.81,3131.06,3014.5,3090.01,519623.6317,1593247701.289,1731715199999,3364.7702659748948,2272.146022551292,2636.9216,2581.1295999999998,2798.6130000000003,2955.62615,False,False
1731715200000,3090.01,3219.97,3072.0,3132.87,423639.1573,1332892680.485,1731801599999,3397.6738607939824,2295.793076337989,2645.6904,2585.6333,2795.7620666666667,2956.2202500000003,False,False
1731801600000,3132.88,3162.11,3034.99,3076.0,449818.9575,1393762559.896,1731887999999,3421.003186343504,2324.036944177692,2653.7062,2590.4055,2792.8482000000004,2956.7379499999997,False,False
1731888000000,3075.99,3224.94,3050.01,3207.8,640658.4357,2006111259.658,1731974399999,3449.2910989763805,2345.3388430772875,2664.7098000000005,2596.3842999999997,2790.776866666667,2957.8460000000005,False,False
1731974400000,3207.81,3221.2,3065.4,3107.44,500112.0194,1561642778.419,1732060799999,3474.3971678051294,2365.299464051144,2674.8140000000003,2601.9049,2788.1881333333336,2957.87015,False,False
1732060800000,3107.45,3159.2,3029.41,3069.97,503607.8336,1559041767.186,1732147199999,3489.73854401668,2399.933359930172,2687.2575999999995,2605.3816,2785.8485333333333,2957.6338499999997,False,False
1732147200000,3069.97,3386.73,3032.59,3355.81,974923.3034999999,3167224819.423,1732233599999,3522.109417864048,2443.6902153044384,2707.0918000000006,2611.9153,2785.8690666666666,2958.7308500000004,False,False
1732233600000,3355.88,3425.92,3257.54,3327.78,603273.7093,2008464564.862,1732319999999,3546.4204937648447,2488.5380929121834,2726.6514,2618.5786000000003,2785.421533333333,2960.0567500000006,False,False
1732320000000,3327.78,3497.51,3312.72,3393.91,721024.0009,2449223191.456,1732406399999,3565.521760279487,2550.9179257927035,2746.2413999999994,2626.8188,2785.571333333333,2961.9978499999997,False,False
1732406400000,3393.91,3450.0,3281.4,3361.2,479098.0921,1608242778.283,1732492799999,3560.191108008414,2640.149289031224,2765.1721999999995,2634.5035000000003,2784.9764,2963.9328000000005,False,False
1732492800000,3361.21,3546.66,3300.01,3414.49,949330.37,3272920810.053,1732579199999,3540.107736569125,2743.2440609666464,2784.6613999999995,2642.5033000000003,2785.2053333333333,2965.8241000000003,False,False
1732579200000,3414.49,3462.49,3252.0,3324.73,672367.1503,2252619301.964,1732665599999,3529.2220124348305,2867.4002354218283,2802.7018,2649.6291,2784.844866666667,2967.8977999999997,False,False
1732665600000,3324.74,3684.92,3302.4,3653.28,754573.6485,2640023089.761,1732751999999,3568.231520430925,2931.6528994340683,2826.9496000000004,2659.7983000000004,2786.279,2971.60195,True,False
1732752000000,3653.27,3661.92,3529.76,3578.79,560976.425,2014252549.703,1732838399999,3598.1428904593436,2937.2879545952633,2851.1160000000004,2669.8580000000006,2787.1896,2974.84945,False,False
1732838400000,3578.8,3647.98,3534.28,3592.21,425493.2449,1525999121.819,1732924799999,3631.1230301140213,2943.458101572669,2875.2304,2679.473,2788.328666666667,2978.05555,False,False
1732924800000,3592.22,3738.98,3568.4,3703.6,503684.7485,1849683070.2979999,1733011199999,3677.4464515167733,2940.0763919043334,2900.5124,2690.2802,2791.049466666667,2982.1639,True,False
1733011200000,3703.59,3746.8,3659.2,3707.61,429089.2633,1589850114.026,1733097599999,3717.49518030317,2931.734409694709,2925.1366,2699.7315000000003,2795.3688666666667,2985.5391999999997,False,False
1733097600000,3707.61,3760.0,3554.32,3643.42,737130.569,2685285591.845,1733183999999,3753.541379610186,2931.4479534895045,2948.6268,2708.4857,2799.7798,2989.0328000000004,False,False
1733184000000,3643.43,3670.0,3500.0,3614.51,678400.2032,2439869839.0299997,1733270399999,3777.248096206252,2944.050329241351,2968.3212000000003,2717.1695,2803.431,2991.6453,False,False
1733270400000,3614.51,3887.24,3614.51,3837.8,968744.0399,3638907449.552,1733356799999,3830.3380671767873,2965.7453777973437,2992.929,2728.7426,2809.4763333333335,2995.2195999999994,True,False
1733356800000,3837.8,3956.0,3677.0,3785.2,946493.276,3653558567.7539997,1733443199999,3881.7929970716027,2992.0118262044175,3016.4110000000005,2742.0213,2814.5842666666667,2998.78965,False,False
1733443200000,3785.21,4087.73,3777.26,3998.87,803855.1146,3174080080.143,1733529599999,3953.2899964051,3010.038342192306,3044.2724,2756.7266999999997,2820.7990666666665,3000.4751,True,False
1733529600000,3998.87,4024.46,3968.0,3996.22,283920.02,1134418058.866,1733615999999,3997.1160133672743,3025.2538778645253,3071.3534000000004,2771.4127999999996,2826.7668666666664,3001.5082,False,False
1733616000000,3996.22,4015.58,3923.5,4004.15,251362.1685,1000371580.6370001,1733702399999,4033.9731916936094,3056.072807913307,3098.4724,2786.1943,2832.7974,3002.8403000000003,False,False
1733702400000,4004.15,4006.17,3509.0,3712.0,939642.2001,3566495804.1280003,1733788799999,4059.703078893655,3101.438310429674,3117.7742,2798.1841999999997,2836.651533333333,3002.4822500000005,False,False
1733788800000,3712.0,3780.76,3515.89,3628.25,942206.0337,3443114495.274,1733875199999,4042.862456989247,3158.900107335484,3137.0052,2810.2095,2839.667,3001.9821,False,False
1733875200000,3628.24,3848.64,3562.34,3831.81,461818.7801,1722223536.879,1733961599999,4046.6356406272585,3225.6638982708005,3161.1852000000003,2823.1475,2843.5785333333333,3002.3948499999997,False,False
1733961600000,3831.82,3987.41,3796.8,3881.61,572098.6343,2239803483.577,1734047999999,4063.538581325432,3255.891531192378,3188.3251999999998,2837.7107,2846.233333333333,3002.67055,False,False
1734048000000,3881.6,3968.47,3852.94,3906.8,387765.6873,1516942852.284,1734134399999,4077.4705854574727,3280.4125780187514,3215.7448000000004,2852.2716000000005,2849.3178000000003,3002.7334499999997,False,False
1734134400000,3906.8,3945.0,3825.03,3870.29,265538.9479,1031595277.3885,1734220799999,4079.169906423968,3316.66056294539,3244.3382,2867.2864,2852.5394,3002.8614500000003,False,False
1734220800000,3870.3,3974.61,3831.5,3959.09,253833.21409999998,987865003.1272,1734307199999,4086.86522703044,3355.398072497924,3273.8698000000004,2884.625,2856.09,3003.8197499999997,False,False
1734307200000,3959.09,4107.8,3884.0,3986.24,673351.0723,2686550997.11,1734393599999,4096.113623148181,3409.4237881111667,3303.4386,2901.7516000000005,2859.308066666667,3005.0114000000003,False,False
1734393600000,3986.24,4041.82,3847.96,3893.01,450825.9861,1788532842.701,1734479999999,4110.189779017213,3463.537935879878,3329.9492000000005,2917.7087,2861.8114666666665,3005.665,False,False
1734480000000,3893.01,3907.19,3617.42,3626.8,722505.0618,2735374632.736,1734566399999,4107.401106287862,3473.2800058831863,3349.7092,2930.3817000000004,2862.4173333333338,3004.7199000000005,False,False
1734566400000,3626.8,3720.0,3326.8,3417.01,1078153.4851,3807975330.676,1734652799999,4101.865388835327,3437.1693156002193,3364.8656,2940.6666000000005,2862.2667333333334,3002.9004000000004,False,True
1734652800000,3417.01,3497.84,3101.9,3472.21,1332783.731,4421584295.581,1734739199999,4126.295128463832,3350.554227427395,3383.9376,2951.9832,2862.198066666667,3001.42615,False,False
1734739200000,3472.2,3555.18,3293.11,3338.92,475275.82,1627460721.692,1734825599999,4138.3140940021085,3309.411170378442,3400.4862,2961.7547999999997,2862.2187999999996,2999.0696,False,True
1734825600000,3338.92,3403.0,3221.1,3281.83,361920.2495,1201895225.017,1734911999999,4164.102679128831,3265.889385276479,3416.2382000000002,2970.1812,2862.9278,2996.1488,False,False
1734912000000,3281.83,3466.99,3216.97,3422.53,488253.41000000003,1627069583.8790002,1734998399999,4176.027711285404,3229.2484910971443,3435.5342,2980.2286000000004,2863.9139333333337,2994.1941500000003,False,False
1734998400000,3422.53,3539.65,3358.19,3493.18,315723.6763,1087476459.252,1735084799999,4175.118620711804,3207.243495225106,3457.4336,2991.9994,2865.5417333333335,2993.2684499999996,False,False
1735084800000,3493.17,3547.95,3440.93,3497.0,219846.0452,766349902.7133,1735171199999,4165.493450031635,3192.7493004313847,3478.9226,3004.0126,2867.054,2992.3456,False,False
1735171200000,3497.0,3514.94,3304.63,3335.05,310170.1719,1047464157.0320001,1735257599999,4137.91159062211,3163.7447929759646,3491.1862,3013.9451,2867.169933333333,2990.48885,False,True
1735257600000,3335.04,3444.16,3306.6,3333.51,342529.6038,1152635224.265,1735343999999,4117.092275999077,3146.354193765301,3499.9469999999997,3023.5327,2867.5319333333337,2988.8171500000003,False,False
1735344000000,3333.51,3428.68,3322.23,3404.0,175963.613,592591876.1795,1735430399999,4092.7291315632174,3134.2097261483723,3508.7919999999995,3032.9206,2868.6736666666666,2988.3505000000005,False,False
1735430400000,3404.01,3413.78,3326.17,3356.48,156256.88189999998,527250656.1456,1735516799999,4064.876956544966,3120.4258789262317,3513.3974,3040.8714,2869.6942,2987.3323000000005,False,False
1735516800000,3356.48,3437.59,3305.0,3361.84,420794.6476,1420731724.372,1735603199999,4056.9196022964984,3104.764218943038,3516.97,3048.3658,2872.1757333333335,2986.7945,False,False
1735603200000,3361.83,3451.0,3315.59,3337.78,303053.16849999997,1024862944.0468,1735689599999,4040.3860095654827,3089.3930361833654,3516.2938,3055.9336,2875.07,2986.0744,False,False
1735689600000,3337.78,3374.85,3313.88,3360.38,190238.58610000001,636613395.6948,1735775999999,4004.396403424032,3078.54133474777,3518.6254,3063.0677,2879.5464,2985.0326,False,False
1735776000000,3360.39,3509.99,3354.5,3455.67,338632.8874,1166286232.162,1735862399999,3965.150978874438,3079.4735846952244,3523.9956,3071.0924,2886.4536,2984.1888999999996,False,False
1735862400000,3455.68,3630.0,3423.44,3609.01,334041.06039999996,1179953901.1026,1735948799999,3930.598336961101,3087.7796894069033,3534.9994,3081.383,2894.1047999999996,2984.67665,False,False
1735948800000,3609.0,3671.6,3572.42,3656.88,229266.31329999998,829864804.8608,1736035199999,3890.6882616396806,3103.931596886416,3546.3368,3091.6292,2902.865333333333,2985.5439499999998,False,False
1736035200000,3656.88,3675.25,3593.7,3635.99,155444.1741,564147572.8004,1736121599999,3813.5432210574563,3132.6352199548055,3556.3992000000003,3101.0447999999997,2909.2219333333333,2985.9213499999996,False,False
1736121600000,3636.0,3744.83,3610.63,3687.45,329642.3648,1210642823.303,1736207999999,3748.773664881599,3163.2893810059527,3568.6282,3111.1672,2916.4797333333336,2986.7932,False,False
1736208000000,3687.44,3700.86,3356.31,3381.31,541543.2874,1899318756.1585,1736294399999,3705.6398930194837,3169.5523734430735,3572.0984,3118.4040999999997,2921.6223333333332,2986.1072499999996,False,True
1736294400000,3381.31,3415.1,3208.2,3327.29,584749.9627,1944382187.657,1736380799999,3682.346248194401,3157.7065317853258,3576.4954,3125.6547000000005,2926.7684,2985.2649499999998,False,False
1736380800000,3327.29,3357.27,3158.0,3219.2,501818.42470000003,1638958679.7150002,1736467199999,3683.9270154420856,3167.939075788806,3579.48,3133.3688,2930.0810666666666,2984.2563999999998,False,False
1736467200000,3219.2,3322.49,3193.97,3267.04,454142.1333,1482940591.6717,1736553599999,3682.686530368348,3156.7176812792754,3577.7045999999996,3142.3982,2933.8450666666668,2983.82795,False,False
1736553600000,3267.05,3320.18,3217.56,3282.83,151679.7487,494933295.3588,1736639999999,3685.5870899633233,3156.2751549907402,3576.8056,3151.7284999999997,2937.9876,2983.2675499999996,False,False
1736640000000,3282.83,3300.0,3224.49,3267.3,164879.9709,538751712.0458,1736726399999,3688.0327259767273,3157.20980956964,3574.2734,3160.2574000000004,2942.637,2982.74685,False,False
1736726400000,3267.3,3339.0,2920.0,3137.51,845907.5669,2614824635.1549997,1736812799999,3683.139232793226,3089.6634372966478,3569.7996000000003,3167.4858999999997,2946.2688666666663,2981.1822,False,True
1736812800000,3137.51,3256.67,3125.65,3225.63,374308.45170000003,1197715520.8988,1736899199999,3679.6271389397934,3069.0574253477916,3566.0224000000003,3175.3419,2950.343,2980.4096000000004,False,False
1736899200000,3225.63,3473.75,3186.36,3451.52,464188.034,1537407357.3669999,1736985599999,3676.918504960252,3059.865260638586,3568.5582,3185.63,2955.9388,2980.7732,False,False
1736985600000,3451.51,3460.79,3265.44,3308.05,471282.6787,1573512574.074,1737071999999,3677.651051219842,3057.5262662312202,3561.6535999999996,3194.3016,2960.4167333333335,2980.1226499999993,False,False
1737072000000,3308.04,3525.72,3307.5,3473.63,518550.1813,1773013467.3109999,1737158399999,3683.0439531617803,3056.896246684215,3559.5503999999996,3205.3332,2966.4221333333335,2980.2798,False,False
1737158400000,3473.64,3494.39,3227.0,3307.71,634197.1281,2100633661.765,1737244799999,3686.3542935998266,3051.023311539372,3553.8603999999996,3214.5454000000004,2970.935466666667,2979.7116000000005,False,False
1737244800000,3307.71,3448.99,3130.48,3215.12,1342301.5217,4408659681.011,1737331199999,3686.743457068939,3036.556589080898,3544.0908,3222.3016000000002,2974.883733333333,2979.3098000000005,False,True
1737331200000,3215.2,3453.69,3142.78,3284.0,1158354.7814,3830020315.133,1737417599999,3686.8476241701437,3023.9030495930288,3535.6186000000002,3230.3776000000003,2978.3605333333335,2980.4313,False,False
1737417600000,3283.99,3368.0,3204.6,3327.54,548706.0512999999,1802317579.668,1737503999999,3686.8743352865713,3017.727671268967,3529.301,3238.9638999999997,2982.0908,2982.1600999999996,False,False
1737504000000,3327.55,3365.99,3222.85,3242.6,349240.7498,1150648371.196,1737590399999,3682.0772711366044,3012.3645629746807,3521.8628,3245.092,2985.4006000000004,2983.03895,False,True
1737590400000,3242.61,3347.97,3185.0,3338.21,605592.7225,1965307923.081,1737676799999,3663.548902341609,3005.3414402823532,3511.8709999999996,3252.4,2989.7854,2985.075,False,False
1737676800000,3338.22,3428.0,3275.9,3310.09,451524.27520000003,1519379297.692,1737763199999,3637.4614824050764,3015.9592549305567,3502.3688,3259.3899,2995.4704666666667,2986.5303999999996,False,False
1737763200000,3310.1,3350.68,3268.66,3318.77,208559.0415,690383485.1251,1737849599999,3605.6168906572098,3035.8616228302744,3488.7668,3266.5196,3000.7400666666667,2987.7909999999997,False,False
1737849600000,3318.76,3362.0,3230.0,3232.61,272165.469,899291017.613,1737935999999,3549.8043948924433,3073.497470523886,3473.4945999999995,3272.4240000000004,3005.4400666666666,2988.4488,False,True
1737936000000,3232.61,3253.91,3020.01,3182.44,753004.7529,2349770569.706,1738022399999,3494.681607653363,3054.94381602514,3457.0604,3277.7664,3009.816333333333,2988.86315,False,False
1738022400000,3182.44,3223.01,3040.03,3077.72,350959.7173,1107001736.1756,1738108799999,3495.7848138750874,3038.4791963428875,3444.3747999999996,3281.0745,3013.5810666666666,2988.5823499999997,False,False
1738108800000,3077.72,3182.52,3054.06,3113.9,409737.2576,1278256645.7494001,1738195199999,3501.857718352309,3027.6129649274144,3434.0878,3285.5465000000004,3018.1689333333334,2988.2722000000003,False,False
1738195200000,3113.9,3283.43,3091.06,3247.39,350639.48230000003,1130886606.54,1738281599999,3501.8010811253134,3020.317922891576,3422.3994000000002,3291.7923000000005,3022.8981333333336,2988.28375,False,False
1738281600000,3247.38,3437.31,3213.8,3300.99,648681.6561,2158479814.3320003,1738367999999,3508.959398739754,3020.2707539207036,3410.7870000000003,3299.5561000000002,3028.736133333334,2987.3717500000002,False,False
1738368000000,3300.99,3331.98,3101.7,3117.54,354065.2525,1142845926.868,1738454399999,3509.211421481103,3014.072927021704,3395.0018,3305.3733,3033.181666666667,2985.7388,False,True
1738454400000,3117.54,3163.2,2750.71,2869.68,1050805.93,3131430738.3900003,1738540799999,3515.697216706156,2968.570645895149,3374.9895999999994,3309.6639,3036.5208,2983.15195,False,True
1738540800000,2869.68,2921.0,2125.01,2879.9,2807979.021,7325488963.968,1738627199999,3553.4509648815747,2719.137039529667,3353.4057999999995,3313.6378000000004,3040.885266666667,2980.41895,False,False
1738627200000,2879.89,2888.5,2632.6,2731.19,1259594.3919,3477670143.19,1738713599999,3566.4336690118066,2663.390520830206,3328.3048,3315.8716999999997,3043.936,2976.55725,False,False
1738713600000,2731.19,2826.95,2699.13,2788.25,686593.0429,1897054238.491,1738799999999,3575.3093186635456,2623.156316471852,3306.2095999999997,3318.0794,3047.2090000000003,2972.9109999999996,False,False
1738800000000,2788.25,2857.64,2655.28,2686.64,719459.9571,1981674881.322,1738886399999,3560.4581910505813,2582.222933380568,3287.4064000000003,3318.5578000000005,3049.389933333334,2968.6646,False,False
1738886400000,2686.63,2797.5,2562.51,2622.1,695467.3611999999,1875060380.334,1738972799999,3546.6077318116177,2531.640247957139,3271.5082,3318.1869,3050.9471333333336,2964.5770999999995,False,False
1738972800000,2622.11,2667.3,2588.8,2632.46,379685.1509,996898803.9847,1739059199999,3542.0024547518406,2490.2346902220775,3254.7132,3319.3254,3052.8932000000004,2960.3268500000004,False,False
1739059200000,2632.46,2698.9,2520.02,2627.18,387166.7911,1016386052.0505,1739145599999,3522.433325890508,2443.287804436096,3240.4783999999995,3320.4823000000006,3054.6626666666666,2956.7837,False,False
1739145600000,2627.18,2693.79,2559.85,2661.19,398173.2716,1051708232.5567,1739231999999,3506.085939508201,2407.4668673108226,3228.0656,3322.1519,3056.1426666666666,2954.2122500000005,False,False
1739232000000,2661.19,2725.04,2558.24,2602.59,484196.1435,1286091770.774,1739318399999,3481.597695371626,2376.9270937618885,3211.6668,3323.6005,3057.3746666666666,2950.85215,False,False
1739318400000,2602.59,2795.45,2546.92,2738.27,646295.8959,1705436939.533,1739404799999,3451.9189912928514,2348.823222489373,3196.5686000000005,3327.0011,3060.1891333333333,2948.2984500000002,False,False
1739404800000,2738.27,2757.28,2612.76,2675.87,443769.2853,1185301387.8240001,1739491199999,3406.163805936336,2337.518429049386,3180.146,3329.5343,3062.7237333333333,2945.327,False,False
1739491200000,2675.87,2791.78,2664.46,2725.95,419895.7862,1142877818.045,1739577599999,3366.212939328908,2336.72141288076,3167.9639999999995,3329.5751,3065.2847333333334,2942.36845,False,False
1739577600000,2725.95,2739.0,2662.28,2693.04,202971.4295,548554180.2222,1739663999999,3319.5440017068304,2339.401462586779,3155.1546000000003,3327.5508,3067.4066666666668,2939.4376,False,False
1739664000000,2693.04,2727.31,2651.26,2661.41,191231.5314,514482095.1746,1739750399999,3284.739820235584,2332.940532156451,3140.3028000000004,3324.5474000000004,3068.7146666666667,2936.5809500000005,False,False
1739750400000,2661.41,2849.7,2637.71,2744.05,639739.8197,1752388687.8056,1739836799999,3251.7330917575173,2329.114386527894,3128.0542,3320.7258,3069.9323333333336,2934.2842,False,False
1739836800000,2744.05,2756.93,2605.44,2671.99,604863.8737,1616153629.0189998,1739923199999,3220.084197151845,2327.5267375929893,3114.2572000000005,3315.6135999999997,3070.3296,2932.6960999999997,False,False
1739923200000,2672.0,2736.7,2656.03,2715.5,326154.0202,882047186.132,1740009599999,3166.2899194459555,2337.4130685883056,3101.8116000000005,3309.0527,3071.2262666666666,2931.7554,False,False
1740009600000,2715.51,2770.59,2707.18,2738.04,336735.2544,921476439.3547,1740095999999,3060.5615944643146,2377.8297554274573,3089.3648,3303.9951,3071.8334,2932.001,False,False
1740096000000,2738.04,2845.32,2616.72,2663.0,890440.0604000001,2429306635.177,1740182399999,2959.711972482711,2415.8501212950773,3073.5113999999994,3298.7535,3071.8987333333334,2933.21805,False,False
1740182400000,2663.0,2798.07,2653.33,2763.22,444989.66689999995,1214059511.9004,1740268799999,2881.2379519166107,2417.2412796758417,3056.5956,3295.7975,3073.1205333333332,2934.7275,False,False
1740268800000,2763.23,2857.34,2745.41,2819.69,611002.1222,1711849865.819,1740355199999,2869.8655453947817,2541.3780812532455,3039.8518,3293.0942999999997,3074.370066666667,2937.11195,False,False
1740355200000,2819.7,2839.95,2470.33,2513.52,876876.3707,2334572148.6610003,1740441599999,2862.084627013366,2519.191287582541,3017.4024,3286.9007999999994,3073.1639999999998,2936.2670499999995,False,True
1740441600000,2513.52,2533.49,2313.49,2495.7,1322016.8718,3207776114.782,1740527999999,2876.776460886387,2462.2421368239065,2993.5674,3281.0977999999996,3071.9672666666665,2935.75165,False,False
1740528000000,2495.69,2507.5,2253.77,2336.37,863087.2133,2059160287.051,1740614399999,2881.3724332100364,2403.274917657323,2972.6686,3272.3835,3069.8255999999997,2934.3839000000003,False,True
1740614400000,2336.38,2381.6,2230.57,2307.72,637583.9106,1480849324.54,1740700799999,2903.2918514278126,2352.9056440745894,2952.2771999999995,3264.3863,3067.8622,2933.1456,False,False
1740700800000,2307.72,2314.18,2076.26,2237.59,1291539.0557,2794546441.727,1740787199999,2929.7690953198057,2274.2426117230475,2932.6449999999995,3256.0625,3066.460866666667,2930.7220499999994,False,False
1740787200000,2237.59,2281.14,2142.73,2217.39,446430.7271,988941461.4300001,1740873599999,2948.5346198792504,2225.3918820583517,2911.652,3244.6783,3065.4827999999998,2928.2968,False,False
1740873600000,2217.4,2550.58,2172.04,2518.11,1266684.7747999998,3001215557.6075,1740959999999,2944.9788483229913,2185.47633012706,2896.3575999999994,3236.5815999999995,3066.6048666666666,2927.5800999999997,False,False
1740960000000,2518.12,2523.56,2097.91,2149.01,1109565.2003,2529346005.909,1741046399999,2938.999671336695,2137.1613787232313,2873.9918,3224.1326,3064.8355333333334,2925.4757,False,False
1741046400000,2149.02,2221.88,1993.2,2171.51,1257822.3372,2634485208.259,1741132799999,2942.8481711035756,2075.84298712667,2854.6718,3212.2357,3063.2145333333333,2923.3695999999995,False,False
1741132800000,2171.5,2273.51,2155.03,2241.59,687130.7897,1514537132.807,1741219199999,2938.061021286571,2045.7229577318494,2834.991,3200.5067000000004,3061.8916000000004,2921.505,False,False
1741219200000,2241.59,2319.99,2176.9,2202.2,596908.3935,1343407922.36,1741305599999,2922.155701068923,2022.4465738252356,2810.0046,3189.2813999999994,3060.421533333333,2919.4552500000004,False,False
1741305600000,2202.21,2258.47,2101.82,2141.6,782387.2605999999,1698459492.2389998,1741391999999,2911.061757356789,1993.6216831962226,2786.6756,3174.1646,3058.426266666667,2916.98145,False,False
1741392000000,2141.6,2234.93,2105.06,2203.58,328793.0979,714743022.4107001,1741478399999,2898.163874001886,1969.3960760753494,2761.2746,3160.4125,3057.313666666667,2915.1352500000003,False,False
1741478400000,2203.57,2212.0,1989.66,2020.41,601671.5882,1249766628.5451,1741564799999,2865.4662461308203,1933.9704486458654,2735.5286000000006,3144.6945,3054.8731333333335,2912.08375,False,False
1741564800000,2020.43,2152.4,1810.01,1865.1,1248745.3514,2461512870.7676,1741651199999,2843.038682733974,1874.5233838142,2708.5281999999993,3126.3094999999994,3051.0438,2908.2948499999998,False,True
1741651200000,1865.11,1963.2,1754.28,1923.43,1171427.9995,2203451540.6115003,1741737599999,2830.187654767791,1817.9832380049334,2681.3168,3108.4676999999997,3047.3573333333334,2904.0996,False,False
1741737600000,1923.42,1960.0,1829.72,1908.2,788739.6763,1494384669.0176,1741823999999,2802.693949594751,1789.3336154944614,2652.93,3091.1155,3043.6192666666666,2899.8006,False,False
1741824000000,1908.2,1923.09,1821.81,1864.59,569537.2622,1069629049.4432,1741910399999,2755.078529280387,1762.1760170220655,2625.3698,3073.6163,3038.5179333333335,2895.3929000000003,False,False
1741910400000,1864.59,1945.64,1861.31,1911.65,375805.7355,718122712.7541001,1741996799999,2703.278008435998,1754.786938386969,2596.8386,3054.3547999999996,3033.8795333333333,2891.5487,False,False
1741996800000,1911.64,1957.19,1903.75,1937.17,209545.8675,404571982.7386,1742083199999,2626.640882646772,1785.2413632202756,2569.3802,3035.8745,3029.3866666666668,2888.9478999999997,False,False
1742083200000,1937.18,1940.87,1860.38,1887.0,324766.65640000004,616620264.8914,1742169599999,2538.1346035843285,1785.5073780658338,2540.7448,3014.7558000000004,3024.594666666667,2885.74125,False,False
1742169600000,1887.01,1952.4,1879.98,1926.31,334840.4877,641484974.2777,1742255999999,2501.800931593145,1779.1332056296148,2514.6188,2994.0567000000005,3019.822266666667,2882.7347500000005,False,False
1742256000000,1926.3,1936.2,1872.31,1931.54,332896.0155,632109997.5514,1742342399999,2464.254580077926,1771.7989260984643,2489.6007999999997,2973.3306,3015.044533333333,2879.76245,False,False
1742342400000,1931.54,2069.9,1927.58,2056.06,691809.5034,1385193898.482,1742428799999,2440.5401791663826,1771.8871242067894,2469.1675999999998,2956.7712,3010.438866666667,2877.4777000000004,False,False
1742428800000,2056.05,2067.9,1952.17,1983.79,401518.92819999997,800851703.9377999,1742515199999,2423.654089351242,1768.4794530017107,2446.5654,2940.3266000000003,3005.8861333333334,2875.2680500000006,False,False
1742515200000,1983.79,1996.73,1937.1,1965.75,262641.659,516587945.8589,1742601599999,2408.4485067158575,1766.9431583322184,2420.9326,2921.666,3001.5057333333334,2872.4067500000006,False,False
1742601600000,1965.74,2006.61,1964.34,1980.69,170782.9574,339679365.3192,1742687999999,2342.324512672779,1770.7857786873167,2394.5265999999997,2902.6567999999997,2997.8796,2870.18375,False,False
1742688000000,1980.68,2020.74,1976.81,2005.99,268707.5233,537810044.7519,1742774399999,2269.1566333327996,1771.773093494755,2372.2956,2883.6486999999997,2994.3474,2867.9601500000003,False,False
1742774400000,2005.99,2104.11,1977.67,2081.2,477912.8154,985984215.5941,1742860799999,2256.804011266389,1771.4256799857085,2356.526,2865.7578,2991.9512666666665,2866.5220999999997,False,False
1742860800000,2081.2,2097.7,2037.08,2066.15,328765.3292,678919919.7807,1742947199999,2234.651280545145,1778.069042503826,2340.251,2846.8284000000003,2989.1755333333335,2865.7266999999997,False,False
1742947200000,2066.16,2079.21,1981.6,2009.52,428975.3286,872757205.4672,1743033599999,2198.267798363018,1790.1491139830869,2325.8176,2827.0612,2985.853666666667,2864.4064000000003,False,False
1743033600000,2009.52,2037.38,1987.06,2003.66,360634.8383,726385594.5343,1743119999999,2168.4201929377246,1796.2314165775183,2310.1258,2808.1677,2982.0948666666663,2862.9382,False,False
1743120000000,2003.67,2015.93,1860.0,1896.9,626167.5832,1197329354.0581,1743206399999,2138.2970481189013,1799.757629892217,2294.331,2790.8687,2977.148866666667,2860.6252000000004,False,False
1743206400000,1896.9,1913.6,1797.2,1828.08,409769.7555,758545295.8716,1743292799999,2108.486768134918,1787.9822745779195,2278.4506,2774.9793999999993,2971.608133333333,2857.823,False,False
1743292800000,1828.09,1849.01,1767.69,1807.74,327843.44759999996,595676639.8833,1743379199999,2092.8959195398743,1781.2815616736357,2261.9562,2758.3347000000003,2966.869,2855.15895,False,False
1743379200000,1807.74,1854.22,1776.75,1822.43,497854.9052,904456573.0101,1743465599999,2096.7775887817597,1785.3247978630056,2245.8612000000003,2743.1698000000006,2962.275266666667,2852.4623000000006,False,False
1743465600000,1822.43,1927.9,1817.88,1904.98,452989.0974,851190042.2728,1743551999999,2096.5278274637253,1783.8600069792747,2230.737,2729.4013,2958.3469333333333,2849.79125,False,False
1743552000000,1904.98,1957.0,1781.53,1795.22,750840.7823000001,1411539014.5616,1743638399999,2096.6544405532222,1778.1221450029811,2214.5896,2713.1282,2953.9302000000002,2846.6784000000002,False,False
1743638400000,1795.21,1845.26,1750.0,1817.23,508075.018,912214691.8389,1743724799999,2100.3683956871237,1763.595109370221,2196.1688,2696.3687,2950.057,2844.18405,False,False
1743724800000,1817.23,1835.68,1758.72,1816.87,572734.4702,1030518559.1412001,1743811199999,2103.377543879751,1749.3851019526828,2178.9887999999996,2679.5674,2946.0191333333332,2841.79,False,False
1743811200000,1816.88,1827.29,1764.39,1806.01,201716.2696,362822603.9976,1743897599999,2106.249977424823,1739.1742036585729,2160.59,2664.277,2939.9134,2839.11105,False,False
1743897600000,1806.02,1817.0,1537.5,1580.76,979847.0958,1621420911.8032,1743983999999,2108.3058914249464,1682.956848050797,2138.3444,2646.7495,2931.148666666667,2835.1411,False,True
1743984000000,1580.77,1639.0,1411.01,1553.04,2168796.0067,3314200223.331,1744070399999,2127.977910521101,1607.1369022577956,2116.177,2628.2399,2921.757266666667,2830.5802500000004,False,False
1744070400000,1553.04,1618.67,1441.3,1473.41,891846.1327000001,1361139288.978,1744156799999,2129.871666853445,1551.4292403615248,2090.7641999999996,2609.4092,2910.7385999999997,2825.1402999999996,False,False
1744156800000,1473.41,1689.0,1385.05,1669.51,1968530.9138000002,2995077137.631,1744243199999,2118.6306588436137,1492.9343968662886,2070.7146000000002,2592.4859,2900.6472666666664,2820.4258499999996,False,False
1744243200000,1669.51,1669.85,1471.02,1522.25,911855.3934,1425649915.8952,1744329599999,2113.2985095291474,1457.3749176247748,2046.8496000000002,2574.3306,2888.318333333333,2815.1321,False,False
1744329600000,1522.24,1591.47,1504.63,1566.85,578484.3183,901210974.6097,1744415999999,2108.871014094857,1431.6446484628236,2023.4258,2556.3953,2877.138666666667,2809.7315000000003,False,False
1744416000000,1566.85,1669.59,1546.06,1644.18,501867.9033,813176435.3134,1744502399999,2093.8673775394236,1415.3441395909288,2003.0494,2538.2804,2866.8521333333333,2804.6864,False,False
1744502400000,1644.19,1649.75,1562.01,1597.76,580136.6145,931598664.2915,1744588799999,2063.3441146234645,1404.390601429845,1979.7402,2518.1679,2857.111733333333,2799.7754499999996,False,False
1744588800000,1597.76,1691.5,1595.56,1623.77,645930.1419,1062426756.8497,1744675199999,2027.7956202958158,1405.3703295873936,1955.8218,2497.8368,2847.3367999999996,2794.7329999999997,False,False
1744675200000,1623.78,1661.21,1583.12,1588.78,476178.8915,774210116.7109,1744761599999,1990.8970832837256,1405.753915601802,1937.3270000000002,2477.3647,2837.0428666666667,2789.2047500000003,False,False
1744761600000,1588.77,1613.66,1538.07,1577.14,611387.8686,965271509.8927,1744847999999,1958.0766319476752,1408.694281899309,1918.9558000000002,2456.2616,2827.0504666666666,2783.7144,False,False
1744848000000,1577.15,1616.96,1563.2,1583.62,449870.3628,716711483.1431,1744934399999,1923.5903599750006,1407.1634152325366,1903.9008,2438.2847,2816.2226,2778.3444,False,False
1744934400000,1583.63,1600.64,1573.54,1588.6,200409.03590000002,317931022.8394,1745020799999,1904.3060299462472,1404.9372170355095,1889.5184,2420.8978,2806.0969999999998,2773.27625,False,False
1745020800000,1588.6,1631.81,1585.01,1613.27,223096.3899,358254845.7123,1745107199999,1891.3713321695707,1403.546370075564,1877.0320000000002,2404.8385,2796.385666666667,2769.1036500000005,False,False
1745107200000,1613.26,1619.19,1565.59,1587.36,276052.2306,438377495.9753,1745193599999,1876.1507360193066,1402.9453707941834,1864.4314,2388.0417,2784.596,2765.21995,False,False
1745193600000,1587.36,1658.75,1564.07,1579.57,691486.6667000001,1117358203.8684,1745279999999,1845.2607093294364,1408.3167339362897,1845.6606,2371.0091,2772.9412666666667,2761.3688,False,False
1745280000000,1579.57,1778.0,1537.26,1756.26,1103036.9586,1833852783.08,1745366399999,1810.3428005521903,1412.0269273221145,1837.8056,2355.8986999999997,2762.0236000000004,2758.07805,False,False
1745366400000,1756.25,1834.86,1744.95,1795.07,887545.6316,1590311895.5157,1745452799999,1808.361644823423,1412.4804075391157,1830.2767999999999,2342.4743,2751.5827333333336,2754.9801,False,False
1745452800000,1795.08,1802.82,1722.9,1769.65,483465.0385,851507192.0475,1745539199999,1802.599855077877,1415.6384535932302,1820.838,2327.9145,2740.617133333333,2751.6282,False,False
1745539200000,1769.64,1827.32,1738.6,1784.6,595610.8894,1063192910.3391,1745625599999,1802.6054333239506,1418.2727882990755,1812.486,2311.2453,2730.3496,2748.4376500000003,False,False
1745625600000,1784.6,1841.16,1778.94,1820.88,355068.0442,640645562.8649,1745711999999,1807.0795631457695,1413.2475935855664,1806.0716,2296.3736,2718.1336,2745.3376000000003,False,False
1745712000000,1820.87,1857.47,1781.9,1791.29,340332.6435,616122293.3083,1745798399999,1829.101141507502,1427.4530619356308,1797.8257999999998,2279.5502,2706.216933333333,2742.4417,False,True
1745798400000,1791.29,1827.98,1744.71,1799.88,587269.743,1049690759.1522,1745884799999,1843.3927998841723,1443.4106510352149,1793.4152000000001,2264.4719,2694.268066666667,2739.5086499999998,False,False
1745884800000,1799.88,1842.99,1780.47,1797.81,480456.3884,871685371.749,1745971199999,1857.9509948861264,1472.1210206454932,1792.0694,2250.2988,2681.5627999999997,2736.3002,False,False
1745971200000,1797.81,1816.8,1731.7,1793.61,473523.9877,843558998.326,1746057599999,1868.1824044540203,1490.9063734194542,1789.4730000000002,2235.3949,2668.8028,2732.88625,False,False
1746057600000,1793.62,1873.17,1792.52,1838.11,537198.7291,988206595.8247,1746143999999,1883.04009206244,1504.3595203449383,1788.0711999999999,2220.5006,2656.7673999999997,2729.7322500000005,False,False
1746144000000,1838.1,1871.0,1813.0,1842.2,410667.875,755324594.319,1746230399999,1897.5786165213754,1513.412504814484,1787.6234,2206.4966,2644.9519999999998,2725.7943,False,False
1746230400000,1842.2,1848.6,1810.0,1833.52,213751.5979,391267436.332,1746316799999,1907.277903037138,1523.0826530126235,1786.0608000000002,2191.4497,2631.5901333333336,2721.92485,False,False
1746316800000,1833.52,1849.95,1803.0,1808.86,238254.3564,435999576.5652,1746403199999,1916.485743104649,1530.9265526601928,1783.4946000000002,2176.4374,2618.414533333333,2717.91365,False,False
1746403200000,1808.86,1833.55,1781.85,1820.19,342341.0078,619310042.7045,1746489599999,1922.4597094538576,1542.3122937484884,1782.1584,2161.4516,2603.89,2713.9856,False,False
1746489600000,1820.19,1820.9,1752.0,1817.0,384584.2451,687049952.314,1746575999999,1923.1560684323622,1562.2563415893808,1779.9721999999997,2147.2954999999997,2589.3618666666666,2709.8597500000005,False,False
1746576000000,1817.0,1850.0,1787.01,1811.11,456170.07050000003,831394497.7342999,1746662399999,1924.128424548634,1580.289823417752,1777.5636,2133.5822,2574.7416,2705.6743,False,False
1746662400000,1811.11,2226.0,1808.71,2207.39,1473152.686,2976074419.3240004,1746748799999,2002.7691405988141,1598.710737276746,1780.5901999999999,2124.8788999999997,2564.710866666667,2702.9767000000006,False,False
1746748800000,2207.39,2490.77,2184.33,2345.04,1667041.0382,3881949928.351,1746835199999,2138.3431919774807,1570.8358100620012,1787.8152,2117.1903,2556.1561333333334,2701.3684,False,False
1746835200000,2345.04,2600.0,2317.0,2583.23,979350.1606000001,2393510879.664,1746921599999,2264.823295406022,1546.7429533041193,1800.1647999999998,2110.5487,2547.832266666667,2701.1705000000006,False,False
1746921600000,2583.22,2608.13,2435.51,2514.57,831584.3888,2087255708.69,1747007999999,2367.063154771996,1528.226661953236,1810.8424000000002,2102.6845,2538.718666666667,2701.1203000000005,False,True
1747008000000,2514.58,2624.0,2406.63,2495.47,1068680.9433,2694150708.643,1747094399999,2457.3494874912303,1539.7256951532297,1820.632,2096.4638,2529.3098,2700.91855,False,False
1747094400000,2495.48,2738.5,2415.3,2679.71,1031355.6465,2653880363.3059998,1747180799999,2557.207388001231,1536.4956767244907,1832.6022,2094.5640999999996,2521.3726,2702.114,False,False
1747180800000,2679.71,2725.99,2547.26,2609.74,830047.1122,2183890526.34,1747267199999,2640.8243302779047,1533.0386872309434,1843.474,2091.8625,2512.3769333333335,2702.7501500000003,False,False
1747267200000,2609.75,2647.03,2476.03,2548.69,768954.0332,1963827790.236,1747353599999,2701.5189148395957,1545.6864685723335,1854.2574000000002,2090.0375,2502.7932666666666,2702.9545999999996,False,False
1747353600000,2548.7,2649.31,2529.4,2537.12,605953.6919,1568128704.048,1747439999999,2755.5696373512596,1558.1109232250476,1864.9266,2087.5262,2493.7540000000004,2702.8027999999995,False,False
1747440000000,2537.13,2538.16,2446.42,2475.08,494333.2782,1227578098.318,1747526399999,2789.696049088272,1581.6161569185638,1876.4902,2085.4106,2486.0758666666666,2701.9842000000003,False,True
1747526400000,2475.09,2587.61,2323.21,2497.78,810103.1851000001,2001441345.4348001,1747612799999,2823.9030963239857,1617.0923676236494,1889.8842000000002,2084.1674,2479.9476666666665,2701.1771499999995,False,False
1747612800000,2497.78,2547.36,2348.38,2528.14,861747.523,2109843607.574,1747699199999,2848.6937987048354,1651.7638420265475,1904.2922,2083.1242,2473.653866666667,2701.2248,False,False
1747699200000,2528.14,2588.63,2442.4,2524.19,676989.1747,1703522806.1299999,1747785599999,2870.9734420428495,1696.878178228716,1918.3274,2082.0943,2468.2223333333336,2701.2883,False,False
1747785600000,2524.19,2615.95,2452.2,2550.99,1095890.2902,2780015740.833,1747871999999,2892.568121967399,1738.762961161543,1931.2475999999997,2080.9923,2463.350066666667,2701.5721000000003,False,False
1747872000000,2551.0,2692.99,2544.83,2664.82,852555.6669,2246807632.745,1747958399999,2915.6111390838328,1781.4289747954767,1948.6396,2081.6146,2458.2986666666666,2702.60755,False,False
1747958400000,2664.83,2734.23,2498.3,2526.5,971442.4532,2537338702.6150002,1748044799999,2932.9011064415085,1832.2872108539,1962.825,2079.4969,2451.8541333333333,2703.249,False,False
1748044800000,2526.49,2575.85,2515.08,2530.4,257544.23440000002,656038924.2205,1748131199999,2924.3543004792045,1891.4429576323014,1977.0955999999999,2078.0422,2445.410133333333,2703.78825,False,False
1748131200000,2530.41,2554.26,2463.0,2551.22,359890.0299,901956598.7239001,1748217599999,2899.160187199673,1963.8565066104723,1991.9997999999998,2076.2949,2440.1846,2702.935,False,False
1748217600000,2551.22,2599.0,2525.86,2563.7,362971.1182,929347758.925,1748303999999,2851.827031661263,2057.0507959231995,2011.6585999999998,2075.0015,2435.0525333333335,2701.2761500000006,False,False
1748304000000,2563.7,2712.36,2509.46,2660.81,798430.8862,2101748442.524,1748390399999,2767.495675687712,2163.471002478819,2033.8139999999999,2074.9955,2430.0979333333335,2699.77145,False,False
1748390400000,2660.81,2689.14,2608.5,2681.6,560095.6833,1480645502.352,1748476799999,2729.7969353240687,2305.3377448871547,2057.9778,2074.3709999999996,2425.5987333333333,2697.5483999999997,False,False
1748476800000,2681.61,2788.0,2619.05,2631.39,811567.2545,2189640513.339,1748563199999,2746.5700905775757,2348.5746380197934,2077.2153999999996,2073.965,2420.7290666666668,2694.7893,False,False
1748563200000,2631.39,2649.23,2507.35,2531.34,763045.2564000001,1976177953.88,1748649599999,2748.114155481257,2369.7879004650235,2097.3972,2072.1234,2415.3528,2690.58805,False,False
1748649600000,2531.35,2550.34,2475.33,2528.06,394537.2521,994330383.1705,1748735999999,2749.0381398700315,2372.8455610483234,2116.6214,2070.0236,2409.804,2687.00935,False,False
1748736000000,2528.06,2547.79,2468.56,2539.21,332021.7088,834842712.2772,1748822399999,2749.302013101336,2378.9418151427317,2134.522,2068.7857,2403.694266666667,2683.7695999999996,False,False
1748822400000,2539.2,2615.0,2475.0,2607.41,468889.9737,1184963591.4720001,1748908799999,2737.6633052584543,2384.6090679824874,2154.715,2067.2275999999997,2397.016933333334,2681.51255,False,False
1748908800000,2607.42,2655.38,2575.0,2593.36,454383.0439,1188862077.1,1748995199999,2729.435008211576,2383.871108119234,2174.1068,2064.9643,2389.9268,2679.0293,False,False
1748995200000,2593.35,2679.88,2583.5,2607.68,502494.8214,1321537606.684,1749081599999,2732.3578975457917,2385.126162518295,2194.4847999999997,2065.9058999999997,2383.0714000000003,2676.40335,False,False
1749081600000,2607.68,2640.86,2391.66,2414.01,808938.0344,2047572739.902,1749167999999,2731.781725898114,2373.8943744197322,2211.2222,2065.0890000000004,2374.5818,2673.0934,False,False
1749168000000,2414.02,2531.36,2381.49,2476.1,578843.4974,1428256037.777,1749254399999,2732.1269166239626,2366.0871064879616,2229.0717999999997,2066.4862999999996,2368.5470666666665,2669.4348999999997,False,False
1749254400000,2476.1,2544.36,2457.0,2524.63,264787.6743,662320802.3053,1749340799999,2732.75670238646,2385.947101639001,2247.7924,2068.6553999999996,2363.196,2666.5208500000003,False,False
1749340800000,2524.64,2548.63,2490.58,2509.83,266474.71390000003,670516749.0588,1749427199999,2732.7166405627054,2405.235334255568,2265.7236,2071.3778,2358.4668666666666,2663.72015,False,False
1749427200000,2509.84,2693.99,2477.73,2680.13,568726.3025,1458505754.3353,1749513599999,2739.415971212917,2408.710284263469,2287.579,2076.0052,2354.554133333333,2660.34175,False,False
1749513600000,2680.13,2827.0,2655.61,2816.4,1138405.4775,3115655145.472,1749599999999,2767.2533198657275,2407.6922808686586,2312.3156,2078.9881,2351.4446,2657.78485,True,False
1749600000000,2816.41,2879.22,2743.75,2771.61,850210.9324,2388186204.977,1749686399999,2798.0459979372426,2392.875921165535,2332.6226,2085.2141,2348.14,2654.67335,False,False
1749686400000,2771.6,2784.83,2616.24,2642.65,699593.3757,1905633561.097,1749772799999,2804.673622502038,2395.3789415503343,2349.5742,2089.9255,2344.840933333333,2651.0806,False,True
1749772800000,2642.66,2645.45,2436.98,2579.19,1202176.2972000001,3033896895.563,1749859199999,2805.838173904878,2388.2420275160343,2365.765,2093.3015,2340.5313333333334,2646.9040999999997,False,False
1749859200000,2579.19,2579.43,2488.72,2530.76,331438.9278,838399986.4605,1749945599999,2805.3654568090774,2390.559100587256,2380.6882,2096.5870999999997,2334.3929333333335,2642.93425,False,False
1749945600000,2530.77,2559.51,2492.0,2547.61,299701.66240000003,758742736.7672,1750031999999,2805.7195924563043,2388.451342251854,2395.2228,2100.6472,2329.3233333333333,2637.4058999999997,False,False
1750032000000,2547.62,2680.34,2514.85,2544.17,680429.988,1774646762.4720001,1750118399999,2803.1267614360286,2388.768987357048,2410.2804,2104.0531,2323.1269333333335,2632.2328,False,False
1750118400000,2544.17,2618.6,2453.8,2509.95,715930.4081,1815306987.0939999,1750204799999,2799.538538170927,2382.6091371633975,2424.4818,2108.9485,2317.8085333333333,2626.8214999999996,False,False
1750204800000,2509.95,2548.42,2465.78,2525.0,504532.1818,1266177014.471,1750291199999,2783.282230548321,2379.044892135744,2439.0256,2115.5475,2313.207733333333,2620.9285,False,False
1750291200000,2525.0,2546.91,2485.03,2521.12,252646.059,636251233.0109,1750377599999,2781.19391061757,2377.7180558048135,2453.5758,2121.5244000000002,2308.1218666666664,2614.99605,False,False
1750377600000,2521.13,2569.0,2367.36,2406.49,632027.8235,1559837109.1812,1750463999999,2781.059210155016,2364.7663658198762,2464.9434,2126.5072999999998,2301.9815333333336,2608.8114,False,True
1750464000000,2406.49,2448.8,2216.0,2295.73,496783.864,1167664698.5787,1750550399999,2785.9815179724883,2323.3865316928195,2474.014,2130.8187,2295.6690666666664,2602.2175,False,True
1750550400000,2295.72,2314.48,2111.89,2227.7,840155.8295,1865382440.304,1750636799999,2801.9952924264035,2264.294096062627,2481.8976,2133.9791999999998,2288.2656666666667,2594.167,False,True
1750636800000,2227.7,2438.68,2188.0,2411.66,744583.8003,1707539521.026,1750723199999,2799.115415192055,2228.8567437610027,2493.9536,2138.7241,2282.2761333333333,2587.2993,False,False
1750723200000,2411.66,2482.04,2376.11,2448.45,516760.6621,1252322606.096,1750809599999,2791.2750708946487,2222.098805114401,2506.5188,2144.3386,2276.4739999999997,2579.5472,False,False
1750809600000,2448.46,2468.69,2389.69,2418.49,414894.7387,1007574107.706,1750895999999,2786.0767590226396,2221.9497777538522,2518.5486,2149.2603999999997,2271.046533333333,2571.65855,False,False
1750896000000,2418.5,2520.92,2394.32,2415.96,463704.0261,1138310757.5841,1750982399999,2785.9004235538387,2222.9406815677057,2530.6456,2154.1046,2265.9366666666665,2563.7176,False,False
1750982400000,2415.96,2463.54,2382.53,2423.17,381474.766,927024811.5496,1751068799999,2785.402653956863,2218.4716126210483,2534.9612,2157.7757,2261.573,2557.27345,False,False
1751068800000,2423.17,2447.8,2405.81,2435.62,155814.9859,378310903.9488,1751155199999,2784.76220390801,2214.7987707022135,2536.7728,2162.294,2257.0511333333334,2551.3103,False,False
1751155200000,2435.62,2525.0,2412.0,2500.09,284291.8057,700329421.9768,1751241599999,2772.840045661196,2211.9665681187807,2535.11,2167.6374,2252.0691333333334,2544.6517,False,False
1751241600000,2500.09,2524.3,2431.0,2485.47,440455.71400000004,1093515997.926,1751327999999,2737.517495662608,2215.0179019654893,2534.528,2172.6852,2246.632333333333,2537.6710000000003,False,False
1751328000000,2485.47,2500.8,2386.52,2405.01,351951.0868,858543228.3343999,1751414399999,2680.941672761678,2230.595007203193,2532.7187999999996,2176.6754,2241.8821333333335,2530.16205,False,False
1751414400000,2405.01,2619.28,2373.0,2570.41,634967.0337,1599878809.254,1751500799999,2648.946682974418,2235.3533278258533,2530.5328,2181.5675,2239.8869999999997,2523.66265,False,False
1751500800000,2570.41,2635.5,2556.12,2591.25,504943.6592,1308429372.9737,1751587199999,2647.3996829627145,2232.384797996173,2530.163,2186.8185,2237.9626666666663,2516.82345,False,False
1751587200000,2591.26,2603.17,2474.24,2508.04,452593.02,1142275937.9689,1751673599999,2650.016082907719,2232.540422530751,2529.35,2191.8037000000004,2236.475,2509.43245,False,True
1751673600000,2508.04,2529.81,2487.95,2516.41,157198.0958,394906375.018,1751759999999,2648.0024272899673,2232.6101612678294,2528.9357999999997,2196.9312,2234.662733333333,2502.54945,False,False
1751760000000,2516.42,2605.0,2503.5,2570.35,277593.63190000004,707971625.0703,1751846399999,2635.7016278800975,2232.964221155634,2530.8412,2203.6656999999996,2233.8874666666666,2497.2672000000002,False,False
1751846400000,2570.35,2590.57,2512.0,2542.29,315707.5272,805370144.4729999,1751932799999,2631.955721306728,2232.297715238316,2531.7313999999997,2210.8078,2233.3554,2492.8936,False,False
1751932800000,2542.3,2628.21,2523.59,2615.25,370915.7321,957180096.7832,1752019199999,2641.169709141331,2231.366032407103,2533.4736,2218.8829,2233.2406666666666,2488.6088,False,False
1752019200000,2615.25,2795.74,2589.78,2768.74,686119.3772,1844561572.9062,1752105599999,2683.497261274316,2227.2954073096043,2538.3646,2228.3459999999995,2234.1843999999996,2485.7579,True,False
1752105600000,2768.74,3000.0,2755.5,2951.29,951896.0700000001,2707997922.261,1752191999999,2769.198867651576,2213.3716853263027,2546.3706,2238.8091,2236.1184,2484.1052,False,False
1752192000000,2951.29,3040.15,2913.75,2958.22,906839.1688999999,2704484897.472,1752278399999,2847.338269697449,2206.1658378309694,2552.2385999999997,2250.4391,2238.489266666667,2481.78365,False,False
1752278400000,2958.21,2979.78,2903.85,2943.28,348884.8877,1027324169.832,1752364799999,2892.8944169980878,2235.4791733653647,2560.5742,2261.6996,2239.8559999999998,2479.03415,False,False
1752364800000,2943.29,3020.31,2936.49,2972.03,357333.50159999996,1063507989.9777,1752451199999,2943.873219022697,2258.6707274062537,2569.4067999999997,2273.2512,2241.8304,2476.4093,False,False
1752451200000,2972.03,3083.0,2962.81,3013.62,815552.6496,2470137078.017,1752537599999,2999.937752646229,2260.856529920757,2578.6548000000003,2285.3273,2243.7482,2474.80215,False,False
1752537600000,3013.61,3144.14,2932.46,3137.89,863583.7376999999,2610352115.954,1752623999999,3058.880586618339,2271.7918085620204,2590.1386,2300.8986,2246.713866666667,2473.82405,False,False
1752624000000,3137.9,3425.0,3101.0,3371.35,1135950.5831,3699155067.264,1752710399999,3167.9936219194988,2274.48025732008,2604.3493999999996,2319.0816999999997,2251.4467999999997,2473.6608,False,False
1752710400000,3371.35,3523.44,3310.77,3476.87,974065.8264,3331779733.255,1752796799999,3277.82249961572,2266.9190626945483,2620.2548,2339.1163,2256.3322666666663,2474.26275,False,False
1752796800000,3476.88,3673.84,3458.68,3546.92,1163823.3976999999,4180688128.2200003,1752883199999,3399.9148063259445,2256.7509679121595,2638.5654,2357.8903999999998,2262.1651333333334,2475.18815,False,False
1752883200000,3546.92,3608.3,3506.79,3592.01,381791.9213,1360031951.337,1752969599999,3491.3887010324165,2260.3002249851515,2659.7788,2378.5879999999997,2268.008533333333,2476.4593,False,False
1752969600000,3592.0,3824.56,3579.13,3756.69,852356.5533,3170505338.4,1753055999999,3609.6716028366836,2271.30913507842,2684.3514,2400.4864000000002,2274.7995333333333,2478.44085,False,False
1753056000000,3756.69,3860.0,3701.01,3762.33,812074.0534,3070256408.92,1753142399999,3714.8276999360733,2293.7042807988755,2708.8138,2421.6679,2282.1284,2479.97415,False,False
1753142400000,3762.32,3798.65,3616.54,3746.21,870127.3864000001,3216022611.721,1753228799999,3797.655110999856,2342.3802245531747,2731.5897999999997,2443.1524000000004,2288.681666666667,2480.6601499999997,False,False
1753228800000,3746.21,3764.2,3527.0,3628.29,800259.4025,2907900644.92,1753315199999,3863.959514615936,2382.060794496458,2752.2884000000004,2463.1976,2294.072333333333,2480.5172000000002,False,False
1753315200000,3628.29,3771.0,3502.85,3706.94,749459.495,2743326751.987,1753401599999,3919.101233411875,2443.0755151451285,2774.2736,2484.3792,2302.0284666666666,2480.87195,False,False
1753401600000,3706.95,3747.0,3573.76,3724.96,764606.7261,2799663682.7320004,1753487999999,3954.466850618005,2509.7521057559084,2800.4926,2505.8574,2310.2235333333333,2481.0595,False,False
1753488000000,3724.97,3793.0,3697.66,3741.1,407259.7024,1525422085.066,1753574399999,3988.0952638287786,2580.521515343892,2825.7926,2527.4322,2319.5884,2482.85845,False,False
1753574400000,3741.11,3879.82,3731.0,3872.1,457352.4605,1744992440.586,1753660799999,4017.1514063744135,2662.237841613448,2852.742,2550.2672000000002,2330.0176,2485.5825,False,False
1753660800000,3872.11,3941.0,3754.0,3799.0,620994.7463,2387363538.137,1753747199999,4040.3114020494154,2756.5273326844635,2878.5254000000004,2572.1245,2340.427,2488.4815,False,False
1753747200000,3799.0,3886.44,3716.04,3793.79,584210.4393,2218694085.769,1753833599999,4056.0615342682504,2855.8187257567474,2900.7986,2594.1888,2350.9363333333336,2491.11525,False,False
1753833600000,3793.79,3834.03,3677.65,3810.0,525424.9003,1984744001.488,1753919999999,4071.359585723823,2937.293658456657,2920.6705999999995,2616.4931,2359.5489333333335,2493.7511,False,False
1753920000000,3810.0,3878.67,3684.33,3698.39,516088.4503,1961880275.4029999,1754006399999,4085.3442505503176,2999.662610192244,2939.2062,2635.9144,2369.8781333333336,2495.90655,False,False
1754006400000,3698.39,3724.02,3431.75,3488.2,783869.1517,2826423714.237,1754092799999,4067.128752551634,3066.5714381233324,2956.1172,2652.8457,2378.6560666666664,2497.66,False,False
1754092800000,3488.21,3537.69,3368.29,3393.94,494195.7094,1709705648.161,1754179199999,4032.464152462456,3129.861878465863,2972.4122,2669.0886,2386.3383999999996,2498.50155,False,False
1754179200000,3393.94,3521.79,3354.28,3496.74,296347.67579999997,1026636932.333,1754265599999,3993.1193915228796,3193.908979528366,2991.7318,2686.21,2394.968666666667,2498.72765,False,False
1754265600000,3496.75,3736.73,3490.73,3720.99,463349.9861,1677819313.334,1754351999999,3947.3321831225685,3291.550274938726,3015.1994,2705.2111,2405.4979333333335,2500.7923499999997,False,False
1754352000000,3720.99,3722.24,3546.0,3612.0,489070.9589,1772309727.6399999,1754438399999,3933.2001137823254,3364.931669812447,3036.5559999999996,2723.4182,2414.8874,2501.4842,False,False
1754438400000,3612.01,3698.6,3564.19,3683.31,365309.9205,1326203496.302,1754524799999,3925.542073071438,3397.5137069818365,3060.0232,2742.2525,2425.9734,2503.3622,False,False
1754524800000,3683.31,3927.77,3647.63,3910.31,631678.9872,2402252971.432,1754611199999,3944.0710793743124,3410.0769705803054,3087.7294,2763.3775,2439.6081333333336,2506.83815,False,False
1754611200000,3910.3,4071.0,3880.0,4009.5,723300.0109,2868715363.889,1754697599999,3983.260570765081,3405.9052786495213,3117.4969999999994,2785.5363999999995,2453.515266666667,2510.46565,True,False
1754697600000,4009.51,4326.2,4006.63,4260.62,691932.1048,2897074775.1419997,1754783999999,4076.390232727173,3387.2572983957907,3154.5795999999996,2809.7614999999996,2469.198066666667,2515.13105,False,False
1754784000000,4260.63,4332.6,4153.07,4250.57,494843.8105,2091948332.589,1754870399999,4149.985360986206,3353.6634856494284,3193.6763999999994,2833.8451999999997,2485.1046,2520.1709,False,False
1754870400000,4250.58,4366.46,4166.77,4223.22,722664.04,3089081112.554,1754956799999,4222.055307825631,3335.6747728277314,3233.5868,2857.7422,2500.515066666667,2524.59595,False,False
1754956800000,4223.22,4639.7,4219.04,4590.52,885288.0652000001,3918279210.049,1755043199999,4343.772128549871,3330.668054472134,3277.164,2885.5587999999993,2518.2040666666667,2530.9981,False,False
1755043200000,4590.52,4783.85,4564.33,4749.3,925931.4988,4334944436.912,1755129599999,4476.086544342028,3298.8108097138083,3323.1809999999996,2914.8499000000006,2537.2860666666666,2538.1507500000002,False,False
1755129600000,4749.31,4788.0,4451.33,4546.84,1265449.0452999999,5853669749.162,1755215999999,4587.740162881484,3296.104138186164,3365.748,2942.1483000000003,2554.7562666666668,2544.7219,False,False
1755216000000,4546.84,4672.67,4368.0,4439.47,880409.2591,3978902618.058,1755302399999,4664.125851855093,3299.2950931576097,3406.2182000000003,2968.4319,2571.4758,2551.00705,False,False
1755302400000,4439.47,4490.42,4372.54,4421.99,358676.5884,1587545552.644,1755388799999,4706.702077153378,3305.6326978965462,3446.1946,2990.5779,2587.2486666666664,2557.7284,False,False
1755388800000,4422.0,4576.0,4393.98,4472.33,442461.38289999997,1990037593.514,1755475199999,4755.54304885129,3314.2729193392242,3486.9288,3011.8508,2603.838933333333,2564.52055,False,False
1755475200000,4472.34,4481.88,4225.86,4312.99,823188.1269,3561988639.06,1755561599999,4789.928113814032,3334.3920952842645,3523.1868,3029.1484,2619.4871999999996,2569.84855,False,False
1755561600000,4312.99,4355.0,4067.34,4075.59,831222.7951,3499853674.641,1755647999999,4809.100650267996,3358.7362500253366,3554.9892,3044.7585999999997,2633.4532000000004,2573.72155,False,False
1755648000000,4075.58,4378.0,4060.0,4336.16,728324.8933,3077553918.182,1755734399999,4828.1569660883215,3383.65226344877,3593.6121999999996,3063.1655,2648.9876666666664,2579.81465,False,False
1755734400000,4336.16,4340.26,4204.2,4225.3,433836.3992,1854414176.53,1755820799999,4837.428600958096,3447.869824655724,3626.71,3078.6214,2663.2816666666668,2586.59275,False,False
1755820800000,4225.3,4887.59,4207.39,4832.07,1277976.63526,5850514269.302,1755907199999,4889.944575111312,3531.773298018622,3671.5263999999997,3100.8447,2681.721133333333,2596.3536000000004,False,False
1755907200000,4832.07,4832.07,4659.7,4778.4,512442.0888,2428561923.417,1755993599999,4913.475902616601,3618.226917587119,3716.9336,3123.1418,2700.1803333333332,2606.58965,False,False
1755993600000,4778.4,4956.78,4711.0,4780.15,780668.77842,3755014998.451,1756079999999,4960.630416099698,3691.070403136671,3762.2084000000004,3145.5721000000003,2718.6902666666665,2616.5491500000003,False,False
1756080000000,4780.15,4797.97,4334.13,4376.18,1043917.1659,4769033242.726999,1756166399999,4966.986071325045,3779.4858435017595,3798.325,3164.5831,2735.2188,2624.99685,False,False
1756166400000,4376.17,4633.46,4311.04,4600.63,834750.2767,3739773474.025,1756252799999,4932.053595323642,3878.149729052215,3839.4918,3185.6115999999997,2753.7024666666666,2634.8895,False,False
1756252800000,4600.63,4663.93,4481.53,4506.71,606669.3611,2784659238.302,1756339199999,4912.191071983444,3976.1696474643913,3877.321,3205.3973000000005,2771.6955999999996,2644.2607499999995,False,False
1756339200000,4506.71,4633.97,4430.0,4511.21,485243.40270000004,2202472276.65,1756425599999,4894.871185514386,4034.7193228964165,3912.1704,3225.2675,2789.6208,2653.6809000000003,False,False
1756425600000,4511.2,4516.75,4265.0,4360.18,679063.8777000001,2969120530.276,1756511999999,4891.147692176229,4067.7522409148205,3940.3482,3243.3594,2805.9888,2662.1758499999996,False,False
1756512000000,4360.18,4415.61,4257.2,4373.7,340319.1826,1483613909.7491,1756598399999,4887.507090010807,4078.7691883087064,3968.6577999999995,3260.4482000000003,2823.1786666666667,2671.0314000000003,False,False
1756598400000,4373.7,4498.47,4372.63,4391.83,356586.1861,1588952837.4320002,1756684799999,4884.207121366783,4095.6774872126184,3997.6288,3279.1015,2840.3426666666664,2679.2992,False,False
1756684800000,4391.83,4491.84,4210.61,4314.5,513830.03949999996,2244610986.866,1756771199999,4879.765611485957,4094.757058249471,4024.4782,3296.9425,2856.9935333333333,2687.49235,False,False
1756771200000,4314.5,4416.78,4257.85,4326.5,524605.0512,2275752549.705,1756857599999,4861.447931416253,4089.3676957719663,4050.7358000000004,3314.6953000000003,2873.7967999999996,2695.4951,False,False
1756857600000,4326.49,4490.64,4283.23,4450.46,487091.6861,2146232316.546,1756943999999,4839.630675086545,4084.053699806189,4076.9872000000005,3333.5629000000004,2892.9281333333333,2704.2821999999996,False,False
1756944000000,4450.46,4482.05,4265.33,4297.55,471795.7096,2061920365.308,1757030399999,4829.641164808927,4078.706757277364,4095.5112,3349.9303000000004,2911.2248666666665,2712.4629,False,False
1757030400000,4297.56,4490.0,4256.03,4307.45,624169.8754,2722930703.9500003,1757116799999,4829.633971167409,4072.808563786061,4112.1228,3366.1888,2930.118466666667,2720.2799,False,False
1757116800000,4307.46,4329.3,4236.0,4273.14,191166.0686,819243725.2117,1757203199999,4828.485823847747,4065.3720832044655,4126.647199999999,3382.6063,2947.476,2728.28565,False,False
1757203200000,4273.15,4336.02,4270.81,4306.19,169620.8372,729149678.7607,1757289599999,4829.573990691613,4068.8390571208074,4140.930799999999,3400.3547999999996,2966.0356,2736.2391000000002,False,False
1757289600000,4306.19,4384.06,4279.0,4306.37,372882.4355,1611402674.924,1757375999999,4828.9515805948595,4093.7656275653712,4151.9244,3418.1378999999997,2984.2990666666665,2744.08075,False,False
1757376000000,4306.36,4381.87,4276.76,4310.09,405485.7821,1751903233.4559999,1757462399999,4828.882435252719,4122.138553139027,4162.8796,3435.8467,3002.0717999999997,2752.3161999999998,False,False
1757462400000,4310.08,4453.57,4285.1,4349.32,506633.9098,2207912091.686,1757548799999,4827.402996524362,4130.005502098572,4174.9418,3453.2658,3020.415533333333,2760.2466999999997,False,False
1757548800000,4349.33,4481.09,4338.82,4458.82,441259.66490000003,1949893256.335,1757635199999,4782.523239450766,4141.207665673586,4191.5524,3471.9204000000004,3039.315866666667,2768.44235,False,False
1757635200000,4458.83,4748.4,4450.71,4712.16,510777.5402,2337299050.099,1757721599999,4768.354230731395,4159.084435536875,4211.6568,3492.9652,3060.1384000000003,2779.4355500000006,False,False
1757721600000,4712.16,4769.36,4605.0,4666.53,394393.6869,1850836179.982,1757807999999,4726.946607272621,4179.011982500573,4230.4882,3515.4904000000006,3080.7343333333333,2790.2897,False,False
1757808000000,4666.54,4692.36,4576.89,4604.49,278244.32050000003,1287527692.947,1757894399999,4708.139358041384,4168.9894469448855,4247.755999999999,3536.7743,3100.8734666666664,2801.6303,False,False
1757894400000,4604.48,4670.28,4466.0,4523.74,412291.9687,1874781946.015,1757980799999,4712.871336416407,4171.666171383458,4260.7888,3556.7653999999998,3120.4410666666663,2812.7104,False,False
1757980800000,4523.74,4538.25,4424.0,4501.29,293307.1099,1315498731.649,1758067199999,4700.198863389218,4173.028741860928,4274.834599999999,3576.68,3139.6945333333333,2824.0289000000002,False,False
1758067200000,4501.3,4616.77,4412.0,4590.53,476981.4561,2149457762.914,1758153599999,4698.161234576421,4173.113174862141,4290.7694,3595.784,3159.7156666666665,2835.8946,False,False
1758153600000,4590.54,4644.47,4553.7,4587.66,290660.377,1336761563.704,1758239999999,4709.618467185352,4175.728409366256,4306.3225999999995,3613.4966,3179.7696,2846.2423500000004,False,False
1758240000000,4587.66,4620.72,4435.7,4468.59,331611.1482,1495953132.1,1758326399999,4719.452519330314,4185.999384797425,4321.7266,3630.4664000000002,3197.8518,2857.84025,False,False
1758326400000,4468.59,4508.71,4454.45,4480.42,130781.913,585813348.7759,1758412799999,4719.8240483662985,4187.573684413628,4341.571,3648.8441,3215.7541333333334,2869.3848000000003,False,False
1758412800000,4480.41,4498.16,4443.0,4444.97,149349.8262,668077573.1125,1758499199999,4720.020025550706,4206.015324132556,4362.5916,3667.5019,3233.5896,2880.4017,False,False
1758499200000,4444.98,4455.76,4077.0,4199.08,708243.2348,2991392446.13,1758585599999,4719.852311707374,4174.122407129597,4376.6384,3684.1850999999997,3249.686133333333,2890.3860999999997,False,True
1758585600000,4199.09,4229.03,4114.39,4164.26,315227.9057,1318382529.128,1758671999999,4730.535543868147,4150.116696814214,4385.5038,3700.3516,3265.308666666667,2900.4994,False,False
1758672000000,4164.25,4206.9,4073.74,4152.81,353665.5671,1472276097.668,1758758399999,4739.462684270323,4122.249945679027,4396.32,3716.438,3281.0521333333336,2910.24555,False,False
1758758400000,4152.81,4161.04,3815.0,3874.36,930327.6951,3702962412.9179997,1758844799999,4748.108302069687,4041.6672812966235,4400.1410000000005,3730.0820999999996,3294.882,2919.5153000000005,False,True
1758844800000,3874.35,4068.3,3867.65,4032.24,575711.0859000001,2275867014.047,1758931199999,4764.873994290454,3986.896072708932,4402.5796,3745.1545,3309.7781999999997,2930.3510000000006,False,False
1758931200000,4032.24,4039.01,3972.98,4018.38,172693.2638,692281857.2068,1759017599999,4780.337372914402,3953.7399366402915,4402.7572,3760.1271,3324.61,2940.82575,False,False
1759017600000,4018.39,4144.88,3966.0,4142.16,240331.8589,972239151.628,1759103999999,4783.722465518113,3921.4445500129323,4400.388000000001,3777.4838,3339.970333333333,2951.99555,False,False
1759104000000,4142.16,4235.86,4082.25,4215.07,380728.6784,1580732256.8009999,1759190399999,4782.882846765063,3905.909818323771,4399.678,3796.6772,3355.7894666666666,2963.74795,False,False
1759190400000,4215.07,4245.0,4092.1,4145.15,391126.61720000004,1625808124.644,1759276799999,4778.184728320019,3891.688124770544,4398.1166,3815.8516999999997,3371.200333333333,2974.9154500000004,False,False
1759276800000,4145.15,4355.46,4123.08,4348.03,507026.3822,2165739972.37,1759363199999,4772.198405657738,3879.280054124336,4393.2668,3835.2153999999996,3388.128133333333,2986.9697499999997,False,False
1759363200000,4348.03,4516.74,4332.73,4484.35,526411.1571,2322911121.294,1759449599999,4744.138084593113,3878.583047208479,4387.967799999999,3855.5744,3405.8892,2999.9565000000002,False,False
1759449600000,4484.35,4591.59,4428.0,4512.87,485684.0267,2184423024.582,1759535999999,4718.376853153564,3885.1099409523986,4387.2884,3876.5181999999995,3423.8616666666667,3012.8893,False,False
1759536000000,4512.88,4517.93,4440.0,4487.15,199732.70880000002,895195711.8814,1759622399999,4696.510963482361,3890.6276233391286,4388.242,3897.2301,3441.7019333333337,3025.6673499999997,False,False
1759622400000,4487.16,4618.17,4467.05,4514.32,506587.96140000003,2305062852.191,1759708799999,4688.988772918645,3890.597038054383,4390.0886,3918.1416,3457.0814666666665,3037.95865,False,False
1759708800000,4514.32,4735.93,4488.25,4684.01,456200.6528,2107882753.615,1759795199999,4716.362260623412,3889.0172980633774,4394.3222,3940.6255,3472.6746,3051.45975,False,False
1759795200000,4684.02,4755.0,4430.43,4447.7,640685.9319,2946435862.4,1759881599999,4736.861612046279,3888.799211678911,4397.0164,3960.1016000000004,3485.1043999999997,3063.8694999999993,False,False
1759881600000,4447.7,4558.0,4410.08,4525.72,399904.3287,1791815622.635,1759967999999,4726.69965545235,3893.692000489411,4406.019,3980.5040999999997,3498.512066666666,3076.5946499999995,False,False
1759968000000,4525.72,4531.52,4265.06,4368.09,515978.1829,2257574038.668,1760054399999,4716.7587766183915,3892.701918339668,4406.6576000000005,4000.1349000000005,3510.9962000000005,3088.40515,False,True
1760054400000,4368.09,4393.63,3435.0,3829.72,1493971.0244,5954598988.687,1760140799999,4708.742146971558,3763.7979226021675,4398.746,4012.728,3518.662933333333,3097.14775,False,True
1760140800000,3829.72,3878.3,3643.33,3746.79,789885.6582,2994511140.41,1760227199999,4717.067561738449,3701.4034265861515,4377.040400000001,4024.2834,3526.2432666666664,3105.5509500000003,False,False
1760227200000,3746.8,4197.7,3694.74,4152.29,811308.152,3213401552.274,1760313599999,4706.504552919781,3659.537165489066,4364.5182,4040.7259000000004,3536.9339333333337,3116.2648,False,False
1760313600000,4152.29,4292.0,4042.29,4240.85,622813.9247,2590697041.48,1760399999999,4707.864021537529,3655.4439960327236,4353.7321999999995,4057.9702999999995,3548.292133333334,3127.45075,False,False
1760400000000,4240.86,4263.38,3888.74,4125.02,962996.7657999999,3894019260.949,1760486399999,4708.5664097670215,3640.7630978653524,4348.709,4073.5170000000003,3559.2917333333335,3138.5913499999997,False,False
1760486400000,4125.01,4217.6,3926.74,3985.61,626081.6966,2543782117.972,1760572799999,4708.375134175954,3652.663454790913,4336.4086,4087.9502,3569.2106,3149.3790000000004,False,True
1760572800000,3985.61,4086.49,3826.04,3894.51,643804.6163,2552218455.019,1760659199999,4707.64135002329,3647.9532479305362,4324.1646,4100.7428,3578.3197333333337,3159.81285,False,False
1760659200000,3894.5,3950.45,3674.5,3831.57,830127.0885,3147006926.52,1760745599999,4713.394261279345,3613.552312655902,4310.5718,4111.3711,3587.0355999999997,3169.85855,False,False
1760745600000,3831.58,3927.73,3819.07,3889.21,250710.6121,971616631.643,1760831999999,4723.203762091121,3599.677937932408,4301.1524,4120.7503,3595.9570666666664,3179.7796999999996,False,False
1760832000000,3889.2,4030.94,3827.04,3982.58,408538.25450000004,1609546719.154,1760918399999,4725.1984562277175,3580.0606253439846,4293.33,4130.9939,3604.7421333333336,3190.7165000000005,False,False
1760918400000,3982.58,4085.3,3908.73,3979.22,511382.3301,2049366257.295,1761004799999,4724.660450119203,3568.431625242327,4285.0778,4141.3533,3614.4269333333336,3201.5264500000003,False,False
1761004800000,3979.22,4110.0,3840.24,3873.05,590594.1382,2335723187.677,1761091199999,4718.3110788485465,3550.0568193520066,4276.248799999999,4150.3635,3623.3779333333337,3211.80735,False,False
1761091200000,3873.04,3889.27,3710.0,3805.53,593130.0905,2268706650.111,1761177599999,4703.026205105922,3518.56686585299,4265.8294,4158.2826,3631.74,3221.8049499999997,False,False
1761177600000,3805.53,3934.86,3796.54,3856.8,477231.0181,1842438997.006,1761263999999,4670.523198139873,3504.6912244030323,4253.9562,4165.4717,3640.3606666666665,3233.1851500000002,False,False
1761264000000,3856.8,4026.39,3845.86,3934.88,425926.9383,1676037250.0993,1761350399999,4641.234691569019,3501.3658481741277,4246.7028,4171.107,3648.854466666667,3245.09435,False,False
1761350400000,3934.88,3969.22,3912.4,3953.82,138526.3338,545722019.6764,1761436799999,4593.491326308771,3511.143163582333,4239.6302000000005,4175.876499999999,3657.335933333333,3257.4964,False,False
1761436800000,3953.81,4178.78,3919.03,4158.46,344698.0918,1396836816.6925,1761523199999,4519.352731816911,3532.590130284698,4237.3366000000005,4181.9919,3667.5164000000004,3269.9411500000006,False,False
1761523200000,4158.46,4253.72,4095.0,4120.15,487131.2291,2035684992.6030002,1761609599999,4433.002767842524,3558.4160430744023,4233.6158000000005,4187.2733,3678.1084666666666,3282.9306500000002,False,False
1761609600000,4120.16,4175.55,3931.33,3979.2,472965.8377,1926589295.492,1761695999999,4376.804995511462,3592.4812634335426,4227.072400000001,4189.4983999999995,3687.7827333333335,3294.9924,False,False
1761696000000,3979.19,4036.66,3840.37,3902.99,486452.3127,1925328091.835,1761782399999,4310.410229967707,3614.4149411114768,4218.9304,4190.905,3696.8745999999996,3306.28645,False,False
1761782400000,3903.0,3948.74,3680.0,3805.09,531455.9923,2028708564.224,1761868799999,4266.807722669656,3665.9241643125365,4208.0458,4191.4938,3704.8591333333334,3317.3231,False,False
1761868800000,3804.95,3906.09,3796.36,3847.99,478636.2995,1843471240.95,1761955199999,4265.257931767515,3686.3328164881846,4195.8292,4193.690799999999,3713.2233333333334,3328.4442,False,False
1761955200000,3848.0,3909.39,3831.0,3873.77,152998.1626,592459458.7617,1762041599999,4253.083748288816,3701.803649075167,4179.0614000000005,4195.3591,3721.6639333333333,3339.86915,False,False
1762041600000,3873.78,3918.23,3839.12,3906.58,216083.1542,837354910.6885,1762127999999,4222.085613333057,3705.6987189433335,4163.8624,4197.1753,3731.6144000000004,3351.5163499999994,False,False
1762128000000,3906.58,3914.29,3558.82,3603.83,877187.3852,3238285047.508,1762214399999,4191.908473189562,3661.774155882679,4143.849200000001,4195.802599999999,3739.1326,3361.6174,False,True
1762214400000,3603.84,3654.54,3057.0,3287.05,1568004.2379,5314450723.753,1762300799999,4189.387690147146,3486.0315007411455,4119.1154,4189.9521,3744.2154000000005,3370.10965,False,True
1762300800000,3287.05,3480.46,3166.66,3424.29,809591.5132,2699190339.153,1762387199999,4218.959300716208,3391.7926310230414,4097.575400000001,4186.205,3750.3118,3379.16475,False,False
1762387200000,3424.29,3456.46,3245.45,3315.14,566363.7003,1896818057.208,1762473599999,4243.94377507334,3334.421161814449,4072.0676000000003,4181.418500000001,3754.5452,3387.80365,False,True
1762473600000,3315.14,3473.0,3194.2,3436.05,683417.3854,2269770217.236,1762559999999,4257.5496801792,3267.7573582844957,4049.0354,4177.679,3758.6762000000003,3397.08605,False,False
1762560000000,3436.04,3488.0,3355.58,3401.51,291532.2881,997076516.0906,1762646399999,4255.4517349304615,3232.47538770827,4027.6938,4174.7102,3762.875533333334,3405.3122999999996,False,True
1762646400000,3401.51,3623.25,3358.66,3583.46,464098.052,1616068059.8270001,1762732799999,4235.838890646417,3200.9818537948977,4009.7546,4175.6628,3769.1476000000002,3414.25425,False,False
1762732800000,3583.46,3658.98,3507.3,3567.85,595273.0298,2130222587.624,1762819199999,4209.353527805793,3187.1390179884825,3992.2122,4177.4019,3775.738666666666,3423.2452500000004,False,False
1762819200000,3567.85,3648.27,3405.24,3417.76,660283.2747,2334219569.457,1762905599999,4202.472745283598,3166.782950229187,3976.5858000000003,4176.6121,3781.6519999999996,3431.4110499999997,False,True
1762905600000,3417.76,3588.19,3371.65,3414.92,553101.9368,1913040553.622,1762991999999,4191.679642374406,3143.1993374278336,3961.599,4173.5514,3787.4340666666667,3439.3812499999995,False,False
1762992000000,3414.91,3565.84,3154.22,3231.54,951989.1347,3206643011.08,1763078399999,4169.722159934049,3095.3569196574845,3943.1736,4169.7468,3792.0165333333334,3446.5825,False,False
1763078400000,3231.55,3256.71,3070.0,3112.4,890446.1491,2825408309.9259996,1763164799999,4166.992246056659,3043.4260323385724,3927.9344,4164.0377,3796.0328666666665,3453.1451,False,False
1763164800000,3112.4,3230.0,3110.68,3167.88,338463.4782,1076796729.103,1763251199999,4126.9405695750775,3006.120189771811,3910.6472,4156.6134,3800.318733333333,3459.99545,False,False
1763251200000,3167.87,3249.0,3004.0,3095.29,570633.5809,1779987722.7099998,1763337599999,4058.113804670662,2977.857675376299,3892.1854,4147.4713,3804.146533333333,3466.50385,False,False
1763337600000,3095.29,3223.38,2959.46,3031.44,762500.4288999999,2363337280.7650003,1763423999999,3992.8854905374274,2940.638703305907,3869.9709999999995,4135.1795,3808.312866666666,3472.4705,False,False
1763424000000,3031.44,3169.95,2946.56,3123.66,766640.1058,2340587460.798,1763510399999,3946.0833865260242,2905.4260017939464,3848.1428,4123.910400000001,3813.8324,3478.8778,False,False
1763510400000,3123.65,3125.54,2873.64,3025.48,737926.7146,2216678695.223,1763596799999,3907.4677269449553,2857.9944961399597,3825.7494,4111.933,3819.1509333333333,3484.8376000000003,False,False
1763596800000,3025.48,3063.61,2790.01,2834.22,912524.3718,2661800409.3459997,1763683199999,3870.55564781806,2815.0903815752717,3795.4732,4094.37,3821.968,3489.9644,False,False
1763683200000,2834.21,2886.73,2623.57,2765.85,1180475.4085,3236847819.479,1763769599999,3837.2730411767975,2760.353811647417,3761.1032,4074.5355,3824.0840000000007,3494.6926999999996,False,False
1763769600000,2765.86,2799.01,2704.33,2770.12,264691.3089,726992504.4449999,1763855999999,3795.755797402577,2742.073521719064,3726.2481999999995,4056.7683,3826.4282,3499.4583,False,False
1763856000000,2770.12,2858.16,2768.29,2802.16,409808.5734,1154902366.8154001,1763942399999,3732.9178113472576,2716.941739913954,3692.5483999999997,4040.3951999999995,3829.0028666666663,3504.4135499999998,False,False
1763942400000,2802.16,2987.0,2763.0,2953.38,715279.7551,2052356496.553,1764028799999,3697.232443985077,2687.552907711311,3661.3295999999996,4025.7090999999996,3832.537599999999,3508.1434999999997,False,False
1764028800000,2953.38,2980.82,2857.32,2959.36,427686.45279999997,1246454120.371,1764115199999,3678.9087035180014,2667.645928498304,3626.8366000000005,4010.5793999999996,3836.029199999999,3511.2151,False,False
1764115200000,2959.36,3045.0,2888.69,3026.56,364535.326,1079536972.458,1764201599999,3658.9615104261397,2652.192227484708,3598.4138000000003,3997.7151,3839.5389999999998,3513.4317499999997,False,False
1764201600000,3026.56,3071.37,2985.78,3015.23,274980.3955,831942752.1005,1764287999999,3634.8994515411873,2645.45358368129,3568.2039999999997,3987.1115000000004,3843.0707333333335,3515.93505,False,False
1764288000000,3015.23,3099.0,2994.36,3031.15,346616.02749999997,1053857760.7156,1764374399999,3607.093917587977,2644.8325731021023,3541.4652,3974.0613999999996,3847.245,3518.6134500000003,False,False
1764374400000,3031.14,3052.64,2961.91,2989.16,217904.1303,654348734.5996001,1764460799999,3554.4896007088682,2645.731584321738,3524.6539999999995,3961.7,3850.036666666667,3520.1606999999995,False,False
1764460800000,2989.17,3053.02,2975.3,2991.26,182722.4253,551904047.4327,1764547199999,3487.419205605679,2669.82725164734,3509.5433999999996,3943.2919,3852.7034,3522.0682999999995,False,False
1764547200000,2991.25,2999.47,2716.04,2799.07,849002.9909000001,2386884973.9830003,1764633599999,3410.7627236253225,2668.614214336804,3482.4790000000003,3923.4986000000004,3854.6436000000003,3523.3202,False,False
1764633600000,2799.07,3033.76,2782.19,2996.07,523707.3586,1528447401.3246999,1764719999999,3334.8781167181787,2686.1388220047797,3457.5834000000004,3905.6577999999995,3857.841333333333,3525.61495,False,False
1764720000000,2996.07,3214.99,2985.58,3188.36,553669.8145999999,1713587615.132,1764806399999,3261.245277519909,2694.392895950124,3438.8502000000003,3893.7796000000003,3861.9614000000006,3529.1813499999994,False,False
1764806400000,3188.39,3240.35,3066.37,3133.26,486698.3987,1543790061.953,1764892799999,3258.69736197779,2694.5918803825502,3421.8032000000003,3879.1059000000005,3865.9012000000002,3532.35875,False,False
1764892800000,3133.26,3193.33,2983.08,3021.78,530382.8986000001,1639255389.988,1764979199999,3253.715972562867,2700.6618723120882,3404.3486,3864.2565999999997,3868.6114,3534.82695,False,False
1764979200000,3021.77,3069.0,3012.58,3038.06,159721.2488,485368537.2402,1765065599999,3233.9557377187166,2700.4162795084453,3388.4784000000004,3849.5251000000003,3870.4068666666667,3537.3963,False,False
1765065600000,3038.06,3150.0,2907.52,3059.85,391129.67500000005,1186332501.6513,1765151999999,3224.0561838048447,2699.530074695666,3371.8912,3836.5218000000004,3871.1306,3539.9406,False,False
1765152000000,3059.86,3180.51,3040.87,3124.16,452820.2207,1415589445.039,1765238399999,3225.4258622049656,2697.749970153872,3354.7228000000005,3824.0264,3872.2368666666666,3542.2373,False,False
1765238400000,3124.16,3397.85,3090.8,3318.04,603859.9458,1962292840.7676,1765324799999,3271.821618178306,2696.81412349336,3341.4991999999997,3813.2884999999997,3874.735266666666,3546.195,False,False
1765324800000,3318.04,3447.44,3288.1,3324.14,539585.4535000001,1810738811.7350001,1765411199999,3325.7209500678528,2687.4218883530507,3330.521,3803.3849,3877.0826666666667,3550.1637,False,False
1765411200000,3324.14,3327.37,3145.28,3237.39,504114.2391,1619734578.214,1765497599999,3349.427921714891,2726.0729495136084,3319.1582,3792.4938,3878.574466666666,3553.5945500000003,False,False
1765497600000,3237.38,3265.5,3045.31,3084.86,435686.4435,1371414759.8574,1765583999999,3352.2785266784776,2757.4785658617784,3303.7194,3778.8378,3878.2209333333335,3556.2003499999996,False,False
1765584000000,3084.86,3135.68,3078.6,3114.64,136465.7567,423920604.0381,1765670399999,3344.65884741435,2781.1831635720423,3287.3145999999997,3767.0087,3876.509533333333,3558.4695,False,False
1765670400000,3114.64,3129.54,3024.44,3063.5,279058.3545,862072488.5285,1765756799999,3344.1251932814753,2808.366155969464,3269.5081999999993,3754.5692,3873.753733333333,3560.3790000000004,False,False
1765756800000,3063.49,3177.5,2894.57,2964.85,520509.9555,1579982448.2389998,1765843199999,3344.3805324300447,2812.9139300905167,3245.636,3741.4863,3869.8732666666665,3562.0463,False,False
1765843200000,2964.85,2981.87,2876.0,2962.3,378293.11590000003,1111582164.8043,1765929599999,3347.0091791614623,2811.4057180869763,3222.4790000000003,3728.0474,3865.6752,3564.2011,False,False
1765929600000,2962.3,3030.92,2791.02,2833.49,497630.41620000004,1446107029.75,1766015999999,3347.6310597785405,2790.0229407753272,3199.5647999999997,3713.3186000000005,3859.520533333333,3565.72825,False,False
1766016000000,2833.5,2997.4,2775.19,2828.57,595253.7997,1712688363.6396,1766102399999,3348.999561902625,2767.5576753479904,3178.0764,3698.5033999999996,3853.2954666666665,3567.17505,False,False
1766102400000,2828.56,3020.0,2808.63,2979.5,531702.5439,1565878519.3169,1766188799999,3349.5531638543134,2753.0153248240285,3161.5646,3684.8052,3848.1840666666667,3569.0355,False,False
1766188800000,2979.49,2994.41,2964.17,2977.93,91783.7734,273573678.2125,1766275199999,3350.8257750001026,2752.492238389395,3144.1634000000004,3669.9963000000002,3843.8483333333334,3570.9583500000003,False,False
1766275200000,2977.93,3013.4,2944.0,3002.02,162244.8067,483780019.5276,1766361599999,3350.4049153458764,2781.557401301216,3126.7283999999995,3652.8949,3839.1488666666664,3572.93005,False,False
1766361600000,3002.03,3077.39,2963.43,3009.49,298443.5633,903056984.4667001,1766447999999,3350.2316963701865,2802.226121425413,3108.7866000000004,3636.3244999999997,3834.3790666666664,3575.90745,False,False
1766448000000,3009.48,3035.79,2900.93,2965.02,386465.747,1143899253.0625,1766534399999,3343.5345515877507,2795.9697026193794,3096.0103999999997,3619.9298,3829.2052000000003,3578.35205,False,False
1766534400000,2965.03,2978.15,2888.7,2947.47,197035.5598,578209287.8586,1766620799999,3334.428660771801,2787.29613688641,3089.2188,3604.1671,3823.041,3580.46625,False,False
1766620800000,2947.48,2971.46,2891.2,2903.95,188721.2981,554690625.4924,1766707199999,3328.429346892126,2780.9272463377547,3078.8119999999994,3588.1937,3817.074,3582.43685,False,False
1766707200000,2903.9,2994.38,2894.26,2927.99,314830.9989,928357784.2172999,1766793599999,3328.099011115187,2774.2820924596617,3071.0690000000004,3571.5683000000004,3811.302,3583.67615,False,False
1766793600000,2928.0,2960.89,2917.13,2949.05,95040.3956,278706096.3344,1766879999999,3324.0887809454566,2775.044538275873,3061.3289999999997,3555.1822,3805.5623333333333,3584.3394,False,False
1766880000000,2949.05,2961.23,2924.54,2950.91,128834.139,379078145.43259996,1766966399999,3316.4368902768815,2770.9578306824515,3052.317,3540.0054,3800.579133333333,3585.2359,False,False
1766966400000,2950.91,3057.78,2910.25,2937.9,485959.1824,1447180217.9338,1767052799999,3273.4935206082628,2767.492643559114,3039.4057999999995,3524.5802000000003,3796.910466666667,3586.71215,False,False
1767052800000,2937.91,3009.8,2919.44,2973.69,286583.2879,851498558.4886,1767139199999,3205.4778919564983,2793.169056509558,3027.5226000000002,3509.8674,3794.1087999999995,3588.68465,False,False
1767139200000,2973.69,3028.08,2958.91,2971.64,233729.5887,697600045.699,1767225599999,3157.8380574519188,2805.686616986491,3018.6002000000003,3497.593,3790.608133333333,3590.88905,False,False
1767225600000,2971.65,3010.0,2971.15,3004.19,136088.5207,406547667.0982,1767311999999,3116.0998482853042,2808.9629287133403,3010.3856,3485.9923,3785.829466666666,3593.17195,False,False
1767312000000,3004.19,3150.01,2992.49,3125.45,369891.2449,1137619077.2051,1767398399999,3118.8884356020194,2816.571222043193,3008.2638,3475.7187,3782.5858,3596.0783500000002,False,False
1767398400000,3125.46,3136.71,3076.0,3127.11,134405.22580000001,417746796.5122,1767484799999,3120.1749155655016,2810.960793527849,3008.558,3468.2462,3778.8778,3599.1641500000005,False,False
1767484800000,3127.11,3167.22,3118.75,3144.7,181576.0686,570517585.6482,1767571199999,3117.8178916722627,2802.370934255946,3008.0944,3459.3707999999997,3773.773733333333,3602.26265,False,False
1767571200000,3144.71,3265.66,3135.02,3224.99,382446.6618,1219648843.482,1767657599999,3159.3275083483963,2798.6100421817264,3010.6884000000005,3451.4368999999992,3768.543666666666,3605.782,False,False
1767657600000,3224.99,3308.86,3183.27,3296.84,412503.50659999996,1340863819.955,1767743999999,3201.923328961668,2806.005158811829,3015.9964,3442.9836999999998,3762.118466666667,3610.23375,False,False
1767744000000,3296.83,3296.84,3125.42,3168.72,321350.1225,1027448724.6883,1767830399999,3234.982144527217,2827.57316805244,3016.8976000000002,3432.5201999999995,3754.9061333333334,3614.5987,False,False
1767830400000,3168.72,3184.39,3054.65,3106.65,343616.1005,1069846020.0432999,1767916799999,3246.1442753704814,2849.4010911593878,3018.5209999999997,3422.1352,3747.4623333333334,3618.9934500000004,False,False
1767916800000,3106.66,3148.41,3058.69,3088.4,274587.4533,851846982.925,1768003199999,3252.5281139667572,2852.40431935376,3023.6045999999997,3409.5389,3737.4482000000007,3622.37715,False,False
1768003200000,3088.4,3104.12,3077.99,3086.72,82341.0546,254495724.0028,1768089599999,3255.111137785587,2857.3544466613407,3030.022,3395.5626,3726.3643333333334,3625.5685000000003,False,False
1768089600000,3086.72,3147.27,3084.46,3123.45,149381.2965,465227647.58379996,1768175999999,3259.483074525871,2861.2166505684186,3037.0886000000005,3381.6684000000005,3716.875066666667,3629.0933,False,False
1768176000000,3123.46,3171.49,3065.55,3095.75,297373.4681,928024542.2964,1768262399999,3266.677602588259,2872.7291850562174,3042.9604000000004,3367.7544,3707.916933333333,3632.49225,False,False
1768262400000,3095.75,3367.79,3091.96,3325.82,457782.2816,1470983302.1247,1768348799999,3301.62201104279,2887.4095984031965,3050.4092,3355.8694,3700.6091333333334,3637.0054999999998,False,False
1768348800000,3325.83,3402.89,3280.48,3354.92,503440.0759,1682648500.34,1768435199999,3337.3123084224712,2890.510916827133,3058.3203999999996,3342.5784999999996,3693.159733333333,3641.6020000000003,False,False
1768435200000,3354.92,3384.19,3273.72,3318.69,389993.836,1296628250.566,1768521599999,3364.7587962257094,2900.592428904088,3064.163,3331.2883999999995,3686.531066666667,3645.695,False,True
1768521600000,3318.7,3326.79,3253.01,3296.28,223921.78759999998,737278508.7499001,1768607999999,3377.149641248787,2913.734305998129,3069.784,3318.994,3681.3356666666673,3649.74905,False,False
1768608000000,3296.28,3330.26,3283.96,3310.56,124325.0303,411508868.3912,1768694399999,3385.81801873011,2927.452805759682,3075.3722,3308.4187,3674.4983333333334,3654.2768,False,False
1768694400000,3310.56,3368.82,3278.86,3284.03,173354.3026,576301516.5297,1768780799999,3402.4204437982344,2948.4702495814745,3081.2696,3302.9618,3668.2232,3657.8449000000005,False,True
1768780800000,3284.04,3284.58,3165.38,3189.55,442540.55960000004,1421588263.8981,1768867199999,3403.2878250670724,2974.333217782495,3085.2354000000005,3297.3894,3657.2730666666666,3660.8364,False,False
1768867200000,3189.56,3200.5,2920.0,2939.88,518166.47870000004,1586973026.8056,1768953599999,3398.0714547068746,2967.125879965154,3088.0516,3285.2652999999996,3645.016266666666,3662.9956,False,True
1768953600000,2939.88,3069.07,2866.11,2982.27,577800.2481,1712903183.8109999,1769039999999,3392.5132079606624,2947.28911490309,3087.7756,3272.6795,3633.0303999999996,3665.3249,False,False
1769040000000,2982.28,3038.33,2906.02,2952.69,291660.7349,867206892.2393,1769126399999,3398.4059084030914,2933.7196986159984,3083.0622000000003,3260.9562,3623.5404666666673,3667.2365999999997,False,False
1769126400000,2952.7,3019.26,2892.4,2956.41,318415.3317,939757975.6689,1769212799999,3404.5806235137557,2910.6897706278355,3079.5252,3250.6641999999997,3612.5789999999997,3669.3071999999997,False,False
1769212800000,2956.41,2970.41,2943.84,2953.22,92082.9039,272517275.8603,1769299199999,3413.405559035849,2894.99595180255,3078.1539999999995,3241.2513,3602.2224,3670.9970499999995,False,False
1769299200000,2953.23,2960.29,2787.0,2816.89,380186.53260000004,1088137895.953,1769385599999,3414.9294311080503,2854.267629990774,3073.7306,3231.1045,3590.9269333333336,3671.2378,False,True
1769385600000,2816.9,2951.21,2812.37,2930.35,485169.33719999995,1405058143.578,1769471999999,3409.1592853862903,2822.6691427843084,3071.1406,3221.5159000000003,3581.394733333334,3671.1331000000005,False,False
1769472000000,2930.35,3035.08,2899.77,3026.77,478792.39879999997,1416537368.433,1769558399999,3397.8931871518134,2806.866376129089,3069.1928,3211.9578,3572.4152000000004,3671.47585,False,False
1769558400000,3026.77,3045.78,2983.67,3010.78,296607.6549,894057677.7392,1769644799999,3394.728752674383,2802.37009277258,3063.0476,3202.2733999999996,3563.2082,3671.8133500000004,False,False
1769644800000,3010.78,3013.5,2754.53,2822.59,561288.5978999999,1601894306.0395,1769731199999,3393.368641131987,2769.2905584367663,3053.0166,3191.7688,3553.2621333333336,3671.06615,False,False
1769731200000,2822.6,2828.65,2636.01,2707.38,793279.6252,2161851949.087,1769817599999,3403.109467924261,2717.8705391578264,3042.4164,3180.7873000000004,3542.4680000000003,3669.5349499999998,False,True
1769817600000,2707.37,2714.64,2250.0,2451.95,1113097.7132,2759353621.3193,1769903999999,3417.5455310448033,2586.4782626696497,3029.7582,3166.7387999999996,3529.1445999999996,3666.10525,False,False
1769904000000,2451.96,2475.98,2222.0,2270.15,1026573.9466,2412828498.6280003,1769990399999,3450.4555650593948,2475.2072766221986,3012.8684000000003,3150.0915000000005,3515.6286000000005,3660.5992500000007,False,False
1769990400000,2270.16,2396.62,2157.14,2347.02,1248535.2114,2842177286.241,1770076799999,3453.5532128148798,2367.771272849573,2998.5388000000003,3134.0235000000002,3502.5590666666667,3654.95,False,False
1770076800000,2347.01,2359.88,2110.0,2233.72,1321099.3867000001,2981630480.1260004,1770163199999,3437.7264219555755,2271.008255130317,2983.9162,3114.7761,3488.9629333333332,3648.384,False,False
1770163200000,2233.72,2295.74,2076.68,2148.26,1264743.43,2756607838.333,1770249599999,3415.30096588416,2183.7052257999867,2967.6353999999997,3095.0571999999997,3474.5767333333333,3641.16525,False,False
1770249600000,2148.25,2173.77,1818.18,1826.83,1952286.6951000001,3895174109.7860003,1770335999999,3397.8146148249893,2061.387224481874,2947.5022,3073.5335000000005,3458.0464666666667,3631.5159500000004,False,False
1770336000000,1826.83,2093.94,1747.8,2063.38,2102311.5573,4099448671.011,1770422399999,3370.5111377902203,1948.6859182931946,2932.1983999999998,3055.1374,3443.0684,3623.0212,False,False
1770422400000,2063.37,2121.7,1994.57,2087.08,1142616.4487,2350131251.114,1770508799999,3317.7581357759336,1897.1138514378688,2914.35,3037.9573,3427.9868,3614.72555,False,False
1770508800000,2087.08,2152.03,2064.1,2089.74,482837.2515,1015368967.859,1770595199999,3262.4425916838654,1860.4345206231674,2896.5861999999997,3020.3748000000005,3412.1929333333333,3607.0327999999995,False,False
1770595200000,2089.73,2147.73,2008.62,2105.02,625378.5569,1299316807.805,1770681599999,3208.838581693933,1814.0520353002696,2878.6462,3002.6872999999996,3394.812,3599.0232,False,False
1770681600000,2105.02,2124.71,1989.38,2022.67,574321.6908,1163710989.708,1770767999999,3165.864643518657,1770.7026937976038,2858.9098,2983.8482,3377.1862666666666,3590.5117499999997,False,False
1770768000000,2022.67,2032.31,1903.19,1941.18,529655.8177,1036100476.1043,1770854399999,3122.568968404734,1725.3943941226976,2838.433,2967.2217000000005,3359.4308666666666,3581.5121499999996,False,False
1770854400000,1941.19,2001.42,1897.24,1947.85,427567.1469,833481568.5322,1770940799999,3073.6337801712316,1687.7376482040152,2818.4406,2953.8297,3342.258266666667,3571.8909000000003,False,False
1770940800000,1947.85,2073.68,1924.72,2048.72,425649.7698,850907791.2075,1771027199999,3020.07108209917,1666.769461987849,2801.3360000000002,2940.074,3325.9078,3563.1395,False,False
1771027200000,2048.72,2107.67,2042.37,2086.59,220677.2355,458319230.494,1771113599999,2959.429470192318,1656.1220105732489,2784.508,2927.7884999999997,3309.214866666667,3554.6034999999997,False,False
1771113600000,2086.59,2103.32,1928.88,1966.58,834778.0952,1680654508.88,1771199999999,2892.0838095560684,1644.5965677919767,2764.8586,2913.0938,3291.741,3545.3863999999994,False,False
1771200000000,1966.59,2023.51,1937.24,1998.33,351347.9433,694116360.94,1771286399999,2798.832680695738,1655.861420392791,2745.8070000000002,2899.062,3275.2726000000002,3536.8860999999997,False,False
1771286400000,1998.34,2015.33,1941.66,1991.66,406246.9427,804961298.7092,1771372799999,2685.463299556276,1707.3425934945321,2726.8822000000005,2883.1440000000002,3258.6808666666666,3529.4034,False,False
1771372800000,1991.67,2039.05,1923.78,1955.91,393639.0086,778491630.5996,1771459199999,2553.983599494418,1750.2451673077344,2706.5266,2867.0245999999997,3242.0871333333334,3522.2132500000002,False,False
1771459200000,1955.9,1987.55,1907.0,1949.08,300257.0733,583869775.948,1771545599999,2445.589400954186,1805.9342911940244,2686.0753999999997,2852.3378,3227.0871333333334,3514.47495,False,False
1771545600000,1949.08,1981.18,1922.97,1968.88,386253.5557,755968932.4747,1771631999999,2342.1986219894357,1811.0489941604242,2665.3691999999996,2837.8774,3212.4512666666665,3505.7144,False,False
1771632000000,1968.88,1995.56,1955.62,1973.35,179173.8456,354489354.6483,1771718399999,2286.3532852053295,1821.1354824194361,2642.3272,2825.2954999999997,3197.921533333333,3497.52115,False,False
1771718400000,1973.35,1983.13,1935.0,1957.82,155325.6482,304517550.2985,1771804799999,2240.2020761022704,1826.7569032983786,2618.9414,2813.7497,3185.1446,3488.8937,False,False
1771804800000,1957.82,1958.33,1837.13,1856.3,547359.4869,1031859704.045,1771891199999,2194.1622031440293,1820.4532942652288,2593.1734,2800.6339000000003,3170.6383333333333,3478.62365,False,False
1771891200000,1856.3,1869.58,1800.0,1851.94,438064.0284,804280693.8296,1771977599999,2163.696303889236,1808.6123729208066,2565.7124000000003,2788.2004,3156.1954,3467.8358499999995,False,False
1771977600000,1851.95,2148.39,1846.74,2057.48,682979.4378,1366356333.1518,1772063999999,2159.5862357900487,1812.6383102787656,2540.9251999999997,2778.4608000000003,3142.2975333333334,3456.8201499999996,False,False
1772064000000,2057.48,2083.33,1975.35,2027.68,439783.3566,897062353.2409999,1772150399999,2158.6174102798327,1841.089606118923,2518.1044,2767.5009999999997,3127.714933333333,3445.7057,False,False
1772150400000,2027.68,2063.52,1887.0,1929.84,428687.234,846919721.885,1772236799999,2152.9300128451932,1836.5617558749543,2494.5682,2756.5446,3112.9462,3434.2388,False,False
1772236800000,1929.84,1984.99,1835.36,1964.51,461680.9835,877128283.2339,1772323199999,2139.5866801460634,1831.8916202937783,2472.0904,2747.8475,3097.056066666667,3421.10875,False,False
1772323200000,1964.51,2054.8,1907.41,1939.71,529196.8464,1051030823.789,1772409599999,2127.885563538342,1832.2441550998312,2449.1502,2739.5861,3080.0918,3407.0608,False,False
1772409600000,1939.71,2090.0,1920.0,2027.35,577406.3749,1154427554.493,1772495999999,2122.9905303148903,1832.7937455701012,2427.2282,2732.1584,3063.5216666666665,3394.46335,False,False
1772496000000,2027.34,2041.48,1929.56,1982.8,509329.8534,1007923347.1078,1772582399999,2123.5246705016625,1833.9508466795617,2404.9692,2723.9648,3046.8259999999996,3382.18,False,False
1772582400000,1982.81,2199.0,1945.08,2127.28,737644.8152,1537991054.002,1772668799999,2147.7860465612016,1835.8517708365632,2380.9984,2715.7038000000002,3030.9124,3370.70645,False,False
1772668800000,2127.28,2163.66,2054.75,2072.86,432157.8126,909578852.9889,1772755199999,2159.2331434970506,1830.1333788730071,2355.3572,2706.8388,3013.5047333333337,3358.7090999999996,False,False
1772755200000,2072.86,2093.33,1955.95,1978.68,411597.75690000004,831917068.6312,1772841599999,2157.722152296034,1834.709675930016,2328.557,2696.359999999999,2997.0446,3347.03755,False,False
1772841600000,1978.68,1996.04,1948.09,1969.59,184459.82,364529234.7878,1772927999999,2151.4624744105713,1835.1309437728141,2302.0232,2685.9035999999996,2980.0037333333335,3336.5075500000003,False,False
1772928000000,1969.6,1979.8,1916.14,1937.1,391189.7317,761435521.2437,1773014399999,2150.8277020848127,1834.3313426276686,2274.554,2674.9631,2963.7971333333335,3324.5122499999998,False,False
1773014400000,1937.11,2053.52,1929.65,1992.98,550825.4883000001,1102883352.284,1773100799999,2152.6270505443736,1834.036610291321,2248.733,2665.0013,2951.5521999999996,3313.35065,False,False
1773100800000,1992.97,2088.19,1991.0,2036.51,463411.8739,948509257.0252,1773187199999,2156.2426583499146,1833.8936826569204,2225.6722,2655.4538000000002,2940.150333333333,3299.3728499999997,False,False
1773187200000,2036.5,2085.58,2007.17,2051.97,350061.256,717032957.2057999,1773273599999,2160.5068340395815,1834.4877778107052,2207.9139999999998,2647.9827999999998,2926.1482,3285.7407000000003,False,False
1773273600000,2051.97,2095.0,2017.59,2073.52,400507.8132,824458252.1263,1773359999999,2165.0293449195306,1834.304917144073,2189.739,2638.7572999999998,2911.699333333333,3272.20755,False,False
1773360000000,2073.51,2209.03,2070.12,2092.22,599657.0399,1279403180.4928,1773446399999,2184.9594689584346,1829.747295949247,2172.5296,2627.7959,2898.147333333334,3260.7877500000004,False,False
1773446400000,2092.21,2106.09,2061.6,2096.16,152500.5822,317648583.8401,1773532799999,2188.7786041268223,1828.3207964171913,2155.3246,2617.4249,2885.551,3248.2653999999998,False,False
1773532800000,2096.16,2202.87,2083.35,2178.3,280825.9377,598811241.3011,1773619199999,2202.435111186032,1837.6677289111083,2139.8262,2608.9901,2874.1096000000002,3236.6233500000003,False,False
1773619200000,2178.29,2386.02,2164.73,2352.97,845892.7756,1930037154.481,1773705599999,2243.6967339537086,1849.3398911127235,2130.5478,2602.1392,2864.252266666667,3225.8321499999997,False,False
1773705600000,2352.97,2376.66,2294.15,2317.39,493831.1016,1152094007.6693,1773791999999,2280.834886360301,1840.1779505273455,2118.2886,2594.7146,2853.773466666667,3215.6182,False,False
1773792000000,2317.38,2350.0,2153.21,2203.39,488040.8887,1091022905.1027,1773878399999,2310.3445766450586,1840.8555807631185,2101.821,2585.5069,2841.9121999999998,3204.7666499999996,False,False
1773878400000,2203.39,2233.72,2099.38,2137.81,490791.679,1055407061.6586,1773964799999,2320.2779016372806,1853.7983780523396,2084.3616,2573.7046,2829.6361333333334,3193.49655,False,False
1773964800000,2137.82,2176.84,2116.88,2146.22,300156.1778,642995528.1306,1774051199999,2322.1397875829757,1877.0471551357498,2070.8342,2561.9254,2818.1239333333333,3182.65515,False,False
1774051200000,2146.21,2168.27,2070.78,2084.87,132559.4646,283144610.7164,1774137599999,2324.808392324924,1890.569790339762,2058.384,2550.4002,2806.652866666667,3171.447,False,False
1774137600000,2084.86,2127.21,2026.0,2053.89,313070.5572,650684776.6588,1774223999999,2325.505963372424,1901.3775131675518,2050.4228,2540.0905,2794.6334666666667,3159.4641500000002,False,False
1774224000000,2053.9,2198.57,2023.04,2152.03,614508.4369,1308899803.0163,1774310399999,2329.0661075328476,1911.2257199545502,2048.0604,2530.4644,2782.7478,3148.7365499999996,False,False
1774310400000,2152.03,2175.16,2103.02,2156.23,316703.4728,678105646.8105,1774396799999,2327.4955436150613,1922.6285223031318,2044.2446,2521.3916999999997,2770.7638666666667,3137.9804500000005,False,False
1774396800000,2156.22,2199.02,2146.35,2169.02,275641.5255,599018681.1679,1774483199999,2329.6791370015308,1923.8149352213832,2042.9506,2513.4334,2757.5009333333333,3127.4598499999997,False,False
1774483200000,2169.02,2172.19,2034.54,2060.43,338010.6238,705496760.9698,1774569599999,2331.765601044852,1932.1101533875196,2041.194,2504.4147,2743.7694666666666,3116.23105,False,False
1774569600000,2060.43,2077.19,1970.93,1992.75,394873.5248,794108629.0078,1774655999999,2328.1019598721127,1935.3105343697302,2044.5123999999998,2496.0073,2730.5264666666667,3104.66295,False,True
1774656000000,1992.76,2047.45,1983.17,1994.74,154831.8055,311328052.1467,1774742399999,2323.363877378432,1945.6502137798916,2043.1396000000002,2487.669,2717.8048000000003,3093.0861999999997,False,False
1774742400000,1994.74,2019.65,1938.82,1984.64,166726.73820000002,331249654.0294,1774828799999,2325.2317507278913,1947.244359786198,2041.0908000000002,2477.7204,2705.6684666666665,3081.2628000000004,False,False
1774828800000,1984.65,2085.0,1980.28,2026.48,338304.43439999997,691966365.0815,1774915199999,2325.2820950541313,1945.8919304425497,2039.8256,2468.2059,2693.5250666666666,3069.1011,False,False
1774915200000,2026.48,2124.03,2012.64,2105.43,421897.9023,874387220.2057,1775001599999,2325.1605486494527,1946.4572709184818,2039.8337999999997,2459.24,2681.736133333334,3056.06745,False,False
1775001600000,2105.43,2167.85,2082.08,2140.35,399227.3779,852017259.8804,1775087999999,2326.194898057241,1950.844263205139,2042.1873999999998,2450.5486,2669.9612666666667,3043.4365500000004,False,False
1775088000000,2140.35,2159.37,2017.04,2057.17,346872.8323,716548524.6655,1775174399999,2323.5090061705605,1946.9099384931355,2044.5072,2441.4701,2659.6501999999996,3030.69995,False,False
1775174400000,2057.18,2081.76,2040.66,2053.83,136266.6393,280140562.113,1775260799999,2323.8442193224478,1945.543672554312,2046.6268,2432.5337,2651.428733333333,3018.3504000000003,False,False
1775260800000,2053.83,2084.0,2044.63,2065.52,86504.4406,178054333.9969,1775347199999,2320.600843339041,1943.5326094913228,2046.9628,2424.1494000000002,2642.370266666667,3006.1715500000005,False,False
1775347200000,2065.51,2123.49,2021.5,2110.17,157353.3199,324727424.3119,1775433599999,2288.39126769233,1940.6308940528902,2047.4344,2415.9712,2634.3371333333334,2993.76975,False,False
1775433600000,2110.17,2174.79,2087.5,2107.16,356054.2894,761391237.6706,1775519999999,2254.801242236106,1961.909153039178,2050.246,2407.5523000000003,2625.477866666667,2981.36725,False,False
1775520000000,2107.16,2273.87,2060.24,2240.01,460094.80929999996,986211206.7793,1775606399999,2236.7892124593823,1965.1161954198626,2055.0796,2400.4433000000004,2617.7345333333333,2970.22435,False,False
1775606400000,2240.01,2270.55,2179.78,2190.0,404717.63210000005,902920921.7497,1775692799999,2243.297859504999,1958.8289311005842,2059.0463999999997,2392.9643,2608.4447999999998,2958.77225,False,False
1775692800000,2190.0,2246.0,2157.31,2190.2,275317.9503,604408302.6649,1775779199999,2251.7409895611067,1956.3682598590965,2063.7322,2385.1294,2599.2604666666666,2947.4983999999995,False,False
1775779200000,2190.17,2257.99,2176.1,2245.05,272899.0858,605992300.0762,1775865599999,2262.145725046327,1952.8677224289709,2069.6516,2377.8635,2591.4424,2937.72825,False,False
1775865600000,2245.06,2329.93,2229.0,2284.99,214785.4039,488370993.1473,1775951999999,2286.115326339647,1948.6851884228006,2075.9738,2370.6715,2583.9095333333335,2928.3319,False,False
1775952000000,2285.0,2288.57,2175.0,2191.65,258156.8821,571520838.8427,1776038399999,2296.884438212832,1951.8216282185476,2080.3398,2361.3335,2576.9769333333334,2918.5261,False,False
1776038400000,2191.64,2394.71,2175.68,2369.46,453870.82920000004,1029253015.5861,1776124799999,2327.6971852437846,1951.0798985573188,2088.5726,2353.757,2572.0240000000003,2911.0015999999996,False,False
1776124800000,2369.46,2415.5,2302.9,2322.44,460107.38409999997,1087699649.0737,1776211199999,2357.442436829794,1939.8585776369312,2097.8954,2345.5343999999996,2566.3877333333335,2902.4526,False,True
1776211200000,2322.44,2385.61,2308.5,2359.95,268190.63769999996,627841344.4792,1776297599999,2379.716456996758,1937.081586914708,2108.0556,2336.884,2561.4854666666665,2894.16045,False,False
1776297600000,2359.94,2369.59,2285.1,2348.17,328960.9377,767882725.8934,1776383999999,2397.1958804141054,1947.7966302053042,2113.8694,2327.3973,2556.9303333333332,2885.1905000000006,False,False
1776384000000,2348.16,2464.91,2317.43,2419.0,491731.3615,1182467392.6057,1776470399999,2425.831328408837,1958.021189484029,2121.6958,2319.9001000000003,2552.2326000000003,2876.2101500000003,False,False
1776470400000,2419.0,2427.64,2339.92,2350.32,221741.3888,526019366.7748,1776556799999,2440.7361548408007,1978.1464186697071,2130.1054,2312.3368,2547.7315333333336,2867.236,False,False
1776556800000,2350.33,2355.3,2252.72,2263.27,256086.82760000002,591108513.0933,1776643199999,2447.0445912582063,1999.0671526357974,2136.0806,2304.0855,2543.9251999999997,2856.8122000000003,False,True
1776643200000,2263.28,2346.78,2259.67,2313.85,301000.0659,694052197.9787999,1776729599999,2452.4436952659726,2017.1554495219202,2143.5634,2296.3568,2540.911866666667,2845.9597,False,False
1776729600000,2313.84,2338.75,2284.19,2327.14,226645.977,524186949.6398,1776815999999,2457.3770769954963,2026.9106618848157,2149.5592,2288.3937,2537.958666666667,2835.0310499999996,False,False
1776816000000,2327.15,2423.75,2312.95,2374.07,379707.12590000004,906985929.2010001,1776902399999,2469.796233605042,2047.7191708701168,2157.3846,2281.1769,2535.104733333333,2824.46565,False,False
1776902400000,2374.08,2382.0,2285.42,2330.26,356645.6923,831612346.6812,1776988799999,2468.1529808725018,2068.029587942698,2161.4442,2271.2212999999997,2530.9505999999997,2813.54535,False,False
1776988800000,2330.27,2337.5,2300.22,2314.99,183887.61810000002,426084826.2174,1777075199999,2457.5593619755655,2090.4128711315852,2166.2868,2260.822,2526.6548,2801.70025,False,False
1777075200000,2314.98,2323.21,2300.55,2319.5,68139.2191,157673587.5387,1777161599999,2445.9228279637587,2122.145901219821,2173.1032,2250.8301,2521.9410666666663,2791.05925,False,False
1777161600000,2319.49,2380.0,2306.72,2369.44,154591.6219,363039217.9408,1777247999999,2440.0653424653774,2143.6408627876467,2181.1002,2241.5617,2517.6358,2780.27785,False,False
1777248000000,2369.45,2404.37,2266.09,2303.67,300363.85860000004,697653543.1007,1777334399999,2444.135899748904,2176.320393502571,2188.4316,2231.4928,2512.7859333333336,2769.95575,False,False
1777334400000,2303.66,2310.88,2258.24,2289.42,187932.2201,429094630.5091,1777420799999,2442.5621004609347,2184.9436399093106,2194.3603999999996,2221.5467000000003,2508.121,2762.25425,False,False
1777420800000,2289.42,2346.95,2220.36,2252.9,355078.1015,811555243.5265,1777507199999,2438.202169851288,2195.3095985386717,2198.6882,2212.1802,2503.1986,2754.7848,False,False
1777507200000,2252.9,2279.0,2231.64,2257.51,167194.2776,377557889.6716,1777593599999,2436.112688189657,2203.9543555665305,2202.799,2205.3565,2499.5881999999997,2745.3109000000004,False,False
1777593600000,2257.51,2325.28,2257.21,2295.63,191082.555,438751255.82809997,1777679999999,2436.156666667418,2206.721960503867,2207.2412,2198.4901,2494.9186,2735.5847999999996,False,False
1777680000000,2295.63,2343.6,2292.91,2316.97,85588.4724,197914496.9378,1777766399999,2434.386793576023,2221.5618982258816,2211.7362000000003,2192.1329,2489.1093333333333,2726.54455,False,False
1777766400000,2316.97,2356.92,2297.59,2322.65,151074.43420000002,351370000.0182,1777852799999,2431.920895703676,2239.7413978123955,2216.266,2185.7952999999998,2483.7052666666664,2718.22975,False,False
1777852800000,2322.65,2398.93,2309.24,2347.16,453020.7985,1067990750.0661,1777939199999,2429.903209417709,2239.707074070705,2219.6432,2179.7347,2479.2077999999997,2710.4930000000004,False,False
1777939200000,2347.17,2399.5,2344.93,2360.77,286636.7312,681480549.1101,1778025599999,2431.24882248715,2237.869978913898,2219.7992,2175.1735,2474.692533333333,2703.1389999999997,False,False
1778025600000,2360.76,2423.74,2338.0,2350.84,420667.3161,999441628.4158,1778111999999,2436.6506828857923,2237.63393514706,2220.4682000000003,2169.3784,2469.9658,2695.4471500000004,False,False
1778112000000,2350.84,2352.3,2280.1,2291.06,469521.9378,1084720938.6069999,1778198399999,2422.506930290206,2236.6699041654124,2222.2216,2162.0213,2464.4118000000003,2686.98955,False,False
1778198400000,2291.06,2321.22,2265.61,2307.06,421035.1582,964540001.642,1778284799999,2414.2513537857058,2235.9880388679458,2225.6066,2154.9841,2457.671933333333,2678.62875,False,False
1778284800000,2307.07,2338.37,2300.0,2326.44,230431.157,534441724.0958,1778371199999,2413.747501857916,2239.2663470462167,2229.2110000000002,2150.0226,2451.0206,2670.8957,False,False
1778371200000,2326.43,2382.53,2311.83,2371.27,398122.8623,933278254.4275,1778457599999,2416.0335781573594,2242.0184978310726,2234.9390000000003,2146.6615,2445.246466666667,2663.7244,False,False
1778457600000,2371.26,2374.92,2304.0,2339.87,236962.0552,553428064.2534,1778543999999,2417.6645198999845,2242.7486120271556,2240.6586,2145.5407,2440.2798666666667,2656.13975,False,False
1778544000000,2339.88,2340.85,2256.27,2274.96,252981.1082,579204959.7983,1778630399999,2409.4572855372553,2239.4835422804667,2243.1172,2145.5888,2434.682,2647.8401499999995,False,False
1778630400000,2274.97,2323.36,2234.13,2258.65,258455.7299,587994702.4217,1778716799999,2406.76677671498,2233.902334067525,2245.1656,2144.7050999999997,2429.316333333333,2639.3642999999997,False,False
1778716800000,2258.66,2319.33,2238.64,2283.25,256680.8359,585368708.597,1778803199999,2406.7772858314943,2229.074474287122,2247.4502,2145.2003999999997,2424.7723333333333,2629.9882500000003,False,False
1778803200000,2283.26,2300.29,2205.11,2224.66,288536.5507,647433872.9120001,1778889599999,2407.4887831873166,2219.24932301982,2250.7348,2145.9644,2419.8547333333336,2620.5108,False,True
1778889600000,2224.65,2231.51,2162.55,2180.77,199288.57609999998,435687947.0671,1778975999999,2411.2891456242855,2202.1231988420823,2254.4952,2149.5038,2415.5032666666666,2611.51865,False,True
1778976000000,2180.77,2198.14,2091.48,2131.0,175116.8149,378577487.5281,1779062399999,2412.7487827756177,2171.6893086846408,2257.2203999999997,2150.18,2410.8528,2602.6587,False,True
1779062400000,2131.0,2157.24,2077.23,2130.08,381878.3932,808389842.4646,1779148799999,2423.6780439977724,2144.309243113431,2260.1292,2150.61,2405.19,2594.28365,False,False
1779148800000,2130.08,2146.95,2094.47,2111.93,186945.075,396338335.8557,1779235199999,2429.3590108337025,2126.6196596936716,2261.8382,2150.8319,2399.4166666666665,2585.6033500000003,False,False
1779235200000,2111.93,2149.0,2103.29,2129.44,189088.294,402576774.2407,1779321599999,2434.890015242607,2111.474981132926,2262.3184,2151.0760999999998,2393.5994666666666,2576.8817,False,False
1779321600000,2129.44,2157.5,2105.15,2133.76,232889.11169999998,496323964.94420004,1779407999999,2435.716302651015,2096.8785710394977,2262.1866,2152.187,2387.761266666667,2568.0175999999997,False,False
1779408000000,2133.77,2141.39,2057.79,2065.85,221783.2548,467017252.5406,1779494399999,2434.3061943274392,2075.6860457173384,2262.3602,2153.4337,2381.7668,2560.3277000000003,False,True
1779494400000,2065.86,2149.95,2009.3,2117.68,350546.2289,726153698.5773001,1779580799999,2429.0697595436995,2048.6415934483707,2263.6372,2155.132,2376.2348666666667,2554.48085,False,False
1779580800000,2117.69,2132.14,2063.0,2099.85,197748.7605,416532783.725,1779667199999,2417.3653177056176,2034.1789721962593,2264.3238,2155.6433,2370.8742,2547.85865,False,False
1779667200000,2099.86,2141.98,2092.26,2113.01,166428.5979,351916867.9926,1779753599999,2402.517450235377,2027.5563001708272,2264.3806,2155.9075,2365.4410000000003,2541.848,False,False
1779753600000,2113.01,2140.49,2055.06,2073.77,282553.3096,592778366.3894,1779839999999,2380.624120621971,2018.5429213121868,2263.7128,2156.9794,2359.6058,2535.0366,False,False
1779840000000,2073.77,2097.4,2016.0,2024.84,267963.15729999996,552204762.4189999,1779926399999,2369.6520175794312,2003.1861645691404,2259.4094,2157.2445000000002,2353.432,2528.15325,False,False
1779926400000,2024.83,2030.0,1967.0,2009.9,363834.92110000004,726105347.824,1780012799999,2364.948953304441,1981.9859787121502,2255.8073999999997,2157.4269,2347.2453333333333,2520.2854500000003,False,False
1780012800000,2009.89,2046.59,1976.48,2014.54,283145.695,570689885.8487,1780099199999,2353.114100226578,1967.9583098180156,2252.2942000000003,2158.0132,2340.851,2512.5189,False,False
1780099200000,2014.54,2032.0,2002.0,2022.44,97977.5349,197997124.8603,1780185599999,2330.9525293138076,1962.7402083894408,2247.842,2158.7468000000003,2334.523,2505.5422999999996,False,False
1780185600000,2022.44,2038.0,1993.75,2007.01,163735.4958,329721845.8961,1780271999999,2305.190133788099,1960.3075739426686,2242.2824,2159.1281,2327.8751333333335,2498.50275,False,False
1780272000000,2007.02,2021.5,1956.04,2006.73,374428.28390000004,744774481.2672,1780358399999,2282.6045641883293,1951.5962489927797,2238.584,2159.4619000000002,2320.417,2492.3786999999998,False,False
1780358400000,2006.73,2006.78,1839.02,1859.84,556885.5418,1073808150.1223,1780444799999,2259.935049371659,1921.944644125886,2228.3916,2158.4820999999997,2311.968533333333,2486.1159,False,True
1780444800000,1859.84,1893.07,1769.62,1813.05,584760.4818,1077611599.899,1780531199999,2244.14124332212,1883.711341148258,2218.2038000000002,2158.0496,2303.090866666667,2479.34175,False,False
1780531200000,1813.05,1820.5,1717.28,1770.77,648306.1051,1147661693.3415,1780617599999,2234.791525453489,1839.053431039814,2206.4202,2157.2379,2293.3960666666667,2472.71915,False,False
1780617600000,1770.76,1774.99,1540.19,1583.4,1257013.1608,2055119895.176,1780703999999,2235.09489594544,1757.1648082116578,2191.1247999999996,2152.4971,2281.973133333333,2465.4789499999997,False,False
1780704000000,1583.4,1601.22,1505.68,1569.69,558458.3672,870946411.0993,1780790399999,2256.1600717748306,1683.3526290651655,2174.1385999999998,2147.9172,2271.312933333333,2457.7090999999996,False,False
1780790400000,1569.68,1721.93,1564.1,1690.51,458280.5909,745676201.8848,1780876799999,2252.084265693354,1633.9120413575738,2160.9424000000004,2145.5239,2261.872,2451.0342499999997,False,False
1780876800000,1690.5,1714.5,1645.0,1690.49,480027.3121,807959902.7874,1780963199999,2244.381071283444,1604.4174147289987,2149.4868,2142.7837,2252.5526,2445.3156,False,False
1780963200000,1690.48,1696.88,1614.02,1639.52,384147.23490000004,637600472.4207,1781049599999,2232.817029203985,1574.763507362111,2136.0002,2139.7817999999997,2242.9046,2439.68395,False,False
1781049600000,1639.52,1667.96,1603.44,1621.59,290791.2819,474642198.5285,1781135999999,2217.1289730161425,1548.2501190230464,2121.8891999999996,2135.7241999999997,2232.8922000000002,2433.9413,False,False
1781136000000,1621.6,1693.59,1621.6,1673.46,278507.7204,462505814.28999996,1781222399999,2197.44607260562,1526.644118753652,2107.877,2132.6308000000004,2223.4102666666668,2428.2978,False,False
1781222400000,1673.46,1691.07,1652.09,1666.41,201888.01020000002,337258161.6592,1781308799999,2172.4568921442196,1510.401736319378,2094.6,2128.0221,2212.3475333333336,2421.86295,False,False
1781308800000,1666.42,1697.28,1662.2,1681.18,106751.6077,178899182.7034,1781395199999,2145.7738017026754,1499.9993362552696,2081.9238,2124.1053,2201.1892666666663,2415.4720500000003,False,False
1781395200000,1681.19,1732.28,1654.9,1725.62,178009.9541,301404302.7704,1781481599999,2112.856459815233,1494.723028871072,2070.0461999999998,2121.5747,2190.5687999999996,2408.96735,False,False
1781481600000,1725.63,1849.54,1709.66,1796.13,464135.2553,828105501.9753,1781567999999,2078.930920252074,1495.5909641936382,2058.58,2119.8401,2180.5678,2402.87185,False,False
1781568000000,1796.14,1839.77,1758.0,1792.99,353577.549,632855864.5938,1781654399999,2049.140295842863,1499.522932573278,2048.3664000000003,2118.399,2170.450666666667,2396.68105,False,False
1781654400000,1793.0,1810.21,1725.34,1750.6,334498.0575,590352096.3427,1781740799999,2026.9849487014612,1500.90812612396,2037.59,2115.9752,2160.2278,2390.48825,False,False
1781740800000,1750.61,1762.99,1671.79,1711.11,312480.9656,537955499.9912,1781827199999,1997.8989761652576,1502.5169591901558,2026.7541999999999,2112.7212,2150.371533333333,2384.0875,False,False
1781827200000,1711.11,1719.51,1679.11,1711.19,165078.1984,280490372.3946,1781913599999,1967.1894870067758,1512.1595011066197,2015.8278,2109.3134,2142.1802666666667,2378.6481,False,False
1781913600000,1711.18,1749.55,1704.06,1741.08,159791.8211,276212659.0521,1781999999999,1930.9594554043097,1529.4642151040766,2004.7368,2105.989,2133.905666666667,2372.37315,False,False
1782000000000,1741.08,1741.45,1702.0,1706.94,123762.4689,213639585.05650002,1782086399999,1891.956958389924,1550.0900518384865,1992.5362,2102.1362000000004,2125.6006666666667,2364.96605,False,False
1782086400000,1706.94,1779.9,1706.94,1728.19,262657.18200000003,458500918.7888,1782172799999,1850.2609336032776,1558.3292556373729,1980.6470000000002,2098.4565000000002,2117.412533333333,2357.9406999999997,False,False
1782172800000,1728.19,1736.25,1635.65,1667.13,248262.012,415217088.0442,1782259199999,1829.4117989157328,1558.6109203638696,1967.0464,2093.3448,2108.8386,2351.16745,False,False
1782259200000,1667.13,1693.67,1552.95,1622.17,355728.3403,577866307.9451,1782345599999,1819.7859713784005,1547.627960675293,1952.2744,2086.0368,2100.8738,2344.0879999999997,False,False
1782345600000,1622.18,1660.54,1532.9,1567.84,440671.005,701364958.5508,1782431999999,1816.0017002006068,1546.3561410950606,1936.6144,2078.5413,2091.7904,2336.62795,False,False
1782432000000,1567.86,1594.7,1512.0,1578.68,423691.4393,660970073.8503,1782518399999,1816.7517474070964,1547.6594271921779,1922.3668,2072.2942,2082.136466666667,2328.90055,False,False
1782518400000,1578.68,1611.02,1562.86,1573.99,131592.3598,208767639.6528,1782604799999,1819.0461991124437,1547.480624006257,1907.7054,2066.656,2072.5578666666665,2320.1803,False,False
1782604800000,1574.0,1588.82,1548.37,1571.96,140181.1417,220544633.523,1782691199999,1822.1323673733004,1537.641548806343,1892.6157999999998,2060.9134,2064.220333333333,2311.4194,False,False
1782691200000,1571.96,1637.58,1550.43,1613.07,309968.97479999997,492867470.5373,1782777599999,1822.0859822689035,1530.5925282428632,1877.4517999999998,2056.1954,2056.9249333333332,2303.2978,False,False
1782777600000,1613.07,1614.41,1550.2,1572.01,222057.20419999998,350170280.8801,1782863999999,1823.2234279074837,1524.6602328980298,1862.0946,2051.3766,2051.058666666667,2295.73355,False,False
1782864000000,1572.0,1646.26,1552.92,1609.58,306536.311,490560666.6732,1782950399999,1822.6842120111323,1518.063198207591,1848.787,2045.9521000000002,2046.6548666666665,2288.2082499999997,False,False
1782950400000,1609.59,1725.0,1597.22,1700.57,373453.50820000004,623263881.1189001,1783036799999,1824.3589976154294,1515.036830183603,1837.6254000000001,2041.3955,2042.3452000000002,2281.3936,False,False
1783036800000,1700.57,1775.78,1694.72,1758.21,244416.86800000002,423991252.4464,1783123199999,1830.1933122713149,1515.087914243232,1827.1245999999999,2037.2874000000002,2039.1751333333332,2275.3604,False,False
1783123200000,1758.22,1807.65,1744.09,1780.64,190880.1497,338974331.9497,1783209599999,1837.8640038814017,1513.8300346102274,1818.2441999999999,2034.4895,2036.724333333333,2269.4521000000004,False,False
1783209600000,1780.64,1808.0,1748.79,1785.65,389673.4191,688573118.497,1783295999999,1831.343997681438,1512.4175139422666,1810.3418000000001,2032.4185,2036.4498,2264.2129,False,False
1783296000000,1785.65,1833.4,1728.95,1799.56,305879.3304,543793458.0507,1783382399999,1830.2731299431239,1513.8340118349715,1803.7130000000002,2030.4667000000002,2034.6910000000003,2259.06785,False,False
1783382400000,1799.56,1813.16,1757.57,1771.45,241536.7253,430535778.21169996,1783468799999,1830.69851935207,1512.3276768446651,1796.5404,2028.3347999999999,2032.5868,2253.0276,False,False
1783468800000,1771.45,1785.0,1713.44,1743.54,225231.2254,392443741.0014,1783555199999,1833.0433267953229,1512.3584762213982,1789.1725999999999,2025.5054,2030.2788,2246.8556499999995,False,False
1783555200000,1743.55,1762.36,1721.93,1745.16,173705.25720000002,303099797.6452,1783641599999,1836.1619152606936,1512.2072568354213,1781.487,2021.9027,2027.879733333333,2240.57135,False,False
1783641600000,1745.17,1812.0,1737.68,1796.85,215605.8045,384955634.8702,1783727999999,1842.8632773897923,1511.58327737398,1774.7488,2018.4677000000001,2026.3742666666667,2234.50815,False,False
1783728000000,1796.85,1830.0,1786.58,1787.76,178703.4183,323458409.3452,1783814399999,1852.2843639566186,1508.7674231421415,1769.1870000000001,2015.7735999999998,2025.351466666667,2228.62185,False,False
1783814400000,1787.76,1826.92,1779.46,1806.8,141072.9835,255198846.9932,1783900799999,1857.792967454931,1506.9125539226188,1762.9694,2013.3033000000003,2024.4111333333333,2222.9184999999998,False,False
1783900800000,1806.8,1846.0,1750.2,1776.72,295031.6198,526935050.0905,1783987199999,1868.896353786597,1509.1251129613415,1756.5067999999999,2010.4153,2022.5977999999998,2217.28235,False,False
1783987200000,1776.71,1896.14,1773.41,1891.87,368913.772,679973505.2695,1784073599999,1888.1774339588071,1519.894390279544,1752.0839999999998,2008.2323000000001,2021.2996666666663,2212.10175,False,False
1784073600000,1891.87,1946.52,1864.38,1917.86,319800.9693,610469249.6429,1784159999999,1913.761435595662,1530.7152919730875,1748.9658,2006.3392999999999,2020.974866666667,2206.9458,False,False
1784160000000,1917.86,1929.48,1857.54,1864.71,271689.0863,513230705.7406,1784246399999,1929.4531952836564,1549.9423492681067,1745.7632,2002.5863,2020.0840666666666,2201.5148,False,False
1784246400000,1864.71,1871.08,1803.05,1841.93,253027.7556,464360361.59679997,1784332799999,1934.6505664937433,1566.322680286805,1742.4038,1999.1055999999999,2019.0858666666663,2196.0349499999998,False,False
1784332800000,1841.94,1867.58,1837.58,1862.61,92597.9232,171263880.0379,1784419199999,1933.6161758962407,1586.9677066696563,1739.3652,1995.8297,2018.4638666666667,2190.47955,False,False
1784419200000,1862.61,1879.38,1851.71,1872.23,143922.6662,268830201.6255,1784505599999,1935.1176795550182,1610.477841972068,1736.3609999999999,1992.1015,2017.9515333333331,2184.9825,False,False
1784505600000,1872.24,1918.16,1843.14,1904.77,271195.63300000003,510211033.8222,1784591999999,1933.6346721128314,1639.14812337585,1734.3162,1988.2993,2017.5241333333333,2179.4854,False,False
1784592000000,1904.77,1953.0,1900.74,1930.09,326965.6779,631388165.1073,1784678399999,1935.9490345503157,1670.2929389269716,1732.7834,1985.6837,2017.2357333333332,2173.5086,False,False
1784678400000,1930.09,1956.45,1910.68,1934.25,251140.8253,485196087.2439,1784764799999,1944.8123288255513,1696.0901971398698,1734.2716,1981.3315999999998,2017.0785999999998,2167.5443,False,False
1784764800000,1934.26,1941.5,1869.44,1878.38,219789.0733,418550826.41660005,1784851199999,1952.8030126064166,1707.4868911569322,1735.5782000000002,1976.891,2017.2258,2161.2127,False,False
1784851200000,1878.38,1909.8,1848.09,1861.44,200795.4361,375704056.4809,1784937599999,1956.8645607793032,1713.3962587370104,1737.3916,1971.9059,2017.2891333333332,2154.3949500000003,False,False
1784937600000,1861.44,1877.07,1851.22,1874.89,88434.488,164844925.6663,1785023999999,1957.7525675933398,1719.3813110274064,1743.2214000000001,1967.1731,2016.071866666667,2147.2852,False,False
1785024000000,1874.88,1967.36,1873.85,1954.72,153233.6949,293656775.87950003,1785110399999,1968.6516440873374,1728.7464350268417,1750.922,1962.5303,2015.5854666666667,2141.2152,False,False
1785110400000,1954.72,1981.24,1882.49,1892.53,342451.48,666112637.1375,1785196799999,1979.8831035382088,1734.9408523403995,1754.9624,1957.9524000000001,2015.3367333333333,2135.1446,False,False
1785196800000,1892.53,1929.67,1856.88,1922.23,289225.1629,547568647.3625,1785283199999,1980.868044003125,1750.0457749249406,1759.5972,1954.542,2015.0548666666666,2129.31375,False,False
1785283200000,1922.22,1935.68,1872.0,1910.72,298562.344,568933009.6908,1785369599999,1977.1902809753688,1765.7364990504948,1765.0212,1950.5106999999998,2014.8616,2123.43375,False,False
1785369600000,1910.72,1936.99,1893.99,1918.31,176531.6818,338399761.6989,1785455999999,1976.953257263746,1780.1197897177653,1770.9556,1946.4224,2014.1346666666668,2117.40805,False,False
1785456000000,1918.32,1936.15,1848.7,1862.6,242904.7865,456820299.6353,1785542399999,1976.7587188657483,1786.4383685556213,1774.7384,1941.3076999999998,2013.3333333333333,2111.2423,False,False
1785542400000,1862.6,1875.45,1822.06,1844.94,108886.9878,201892513.8047,1785628799999,1973.0766758981053,1792.4580042644225,1778.3090000000002,1936.4545,2011.4510666666665,2103.8379,False,False
1785628800000,1844.95,1898.5,1843.67,1885.36,123655.0632,231569308.3614,1785715199999,1970.4589582971637,1808.3408474326345,1782.3926000000001,1932.1582,2010.2010666666665,2096.4901,False,False
1785715200000,1885.36,1885.95,1828.62,1860.5,175607.0099,326076474.9678,1785801599999,1970.610065705869,1819.1578046925956,1785.0902,1927.5682000000002,2009.4132,2089.19915,False,False
1785801600000,1860.5,1882.44,1848.38,1869.75,185254.5452,346008910.6332,1785887999999,1967.938485179445,1818.3016903935195,1786.5626000000002,1922.5713,2008.7475999999997,2082.0665,False,False
1785888000000,1869.74,1928.0,1855.5,1908.9,238330.32690000001,449606273.05200005,1785974399999,1967.8250929797543,1818.1960288161586,1788.8808,1918.6236000000001,2008.5596,2075.0582,False,False
1785974400000,1908.91,1920.51,1892.04,1904.1,177529.7135,338698286.22650003,1786060799999,1967.8497622003895,1825.803172735324,1791.9508,1914.7704,2007.9670666666666,2068.15855,False,False
1786060800000,1904.1,1943.02,1894.35,1914.18,210276.529,402813740.0078,1786147199999,1968.8235950682165,1828.108293781388,1796.0122000000001,1911.3832,2007.1515333333332,2061.7817,False,False
1786147200000,1914.19,1926.72,1912.27,1916.74,56872.3931,109167138.2945,1786233599999,1968.6979997668739,1828.228804366905,1800.1232,1907.9754999999998,2006.25,2056.666,False,False
1786233600000,1916.75,1938.22,1907.56,1910.65,87855.3253,168708494.4199,1786319999999,1969.8307451471655,1830.2951022591817,1803.5146,1904.1256999999998,2005.1642,2051.3079000000002,False,False
1786320000000,1910.65,1931.57,1867.96,1873.16,209809.0221,398374618.80340004,1786406399999,1967.8304826428998,1830.0085345541581,1806.839,1899.6875999999997,2003.7038,2045.91025,False,True
1786406400000,1873.16,1897.8,1853.62,1882.59,193300.5166,362843503.9381,1786492799999,1964.3575273939873,1829.6371183031138,1809.927,1895.2869999999998,2002.28,2040.5411500000002,False,False
1786492800000,1882.58,1925.0,1873.29,1879.81,171255.9975,324722723.5411,1786579199999,1963.0241783867225,1829.768739445227,1814.1806,1890.6134999999997,2000.2900666666667,2035.1741,False,False
1786579200000,1879.8,1900.0,1863.67,1886.15,154140.63079999998,290611294.6733,1786665599999,1962.9609569856639,1831.0710299841855,1819.4602000000002,1885.8673000000001,1997.1779333333334,2030.5203999999999,False,False
1786665600000,1886.16,1891.3,1864.28,1882.2,108123.7734,203030687.4639,1786751999999,1962.2394837393103,1832.121000087117,1825.7474,1881.1809,1994.2766666666666,2025.27965,False,False
1786752000000,1882.2,1886.59,1876.01,1882.64,48197.0909,90746243.2217,1786838399999,1956.5085426974235,1832.1805053586,1831.8266,1877.0967,1992.1383333333333,2019.559,False,False
1786838400000,1882.64,1892.31,1869.17,1876.0,68574.4231,129015861.931,1786924799999,1946.0962852028938,1831.8645770374158,1837.8668,1872.7861000000003,1990.3929333333333,2013.8851000000002,False,False
1786924800000,1876.01,1918.71,1872.46,1913.6,175727.2871,334347864.0334,1787011199999,1945.120708029241,1832.7887372343553,1844.6996000000001,1868.6577000000002,1988.8421333333333,2009.3401499999998,False,False
1787011200000,1913.59,1923.27,1885.78,1917.85,144436.90840000001,275318271.1309,1787097599999,1943.7527628213297,1833.015342294364,1850.7951999999998,1864.1234999999997,1987.7286666666666,2005.3925,False,False
1787097600000,1917.85,2333.65,1906.0,2252.8,799553.3447,1679413731.8741,1787183999999,2073.411247027596,1832.4588678303653,1864.411,1863.2528,1989.0547333333332,2004.39675,True,False
1787184000000,2252.81,2360.0,2221.54,2326.82,648620.7228,1485689117.0224001,1787270399999,2152.160085281805,1767.5531772041593,1878.7558000000001,1863.7714,1990.22,2004.6801,False,False
1787270400000,2326.83,2546.78,2324.99,2516.3,740662.9146,1786584876.288,1787356799999,2262.460682016298,1728.484895848718,1895.0703999999998,1866.3479,1992.6204666666663,2005.5265,False,False
1787356800000,2516.31,2529.99,2385.0,2422.6,485164.8901,1187496571.7333,1787443199999,2344.064765918618,1701.5154500496114,1908.3582000000001,1867.7414,1994.3110000000001,2006.4709,False,False
1787443200000,2422.6,2484.62,2355.71,2463.41,378847.2022,920394835.6496999,1787529599999,2404.063800538246,1695.5494878242516,1922.0136000000002,1870.1289000000002,1996.9975333333334,2008.04665,False,False
1787529600000,2463.42,2532.95,2424.73,2482.31,467435.18679999997,1158450625.3874,1787615999999,2464.937536440033,1689.372432683082,1935.9468,1873.1443000000002,2000.2612666666666,2011.32405,False,False
1787616000000,2482.31,2532.5,2414.64,2442.64,341388.961,845995551.114,1787702399999,2518.27876148468,1692.4735676715325,1948.8084,1876.2607,2003.2472666666665,2013.22035,False,False
1787702400000,2442.65,2515.38,2432.32,2506.78,250583.2707,617837178.9863,1787788799999,2562.9081211817775,1697.1928134112766,1963.515,1880.0276999999999,2006.7282000000002,2015.31885,False,False
1787788800000,2506.78,2566.53,2481.74,2510.94,336914.06,846470842.4612,1787875199999,2610.1631007209094,1704.2305394072348,1978.8630000000003,1884.0178,2009.9579333333334,2017.4248499999999,False,False
1787875200000,2510.94,2535.05,2405.97,2442.8,361082.4672,893198250.5683,1787961599999,2647.3915310141183,1719.1101813261218,1992.8158,1887.1514000000002,2012.2070666666666,2019.11375,False,False
1787961600000,2442.79,2459.76,2430.45,2457.67,103523.9255,253031211.6681,1788047999999,2671.3341277428317,1737.452298111284,2006.0322,1890.3905,2014.3225333333335,2021.28875,False,False
1788048000000,2457.67,2534.98,2387.28,2416.88,268297.9503,662649837.7861,1788134399999,2699.9703834747925,1765.7785184514644,2018.6145999999999,1893.9008000000001,2016.7206,2023.6672499999997,False,False
1788134400000,2416.89,2489.95,2401.35,2467.65,265221.8545,649538839.1312001,1788220799999,2717.4509449997836,1799.9498566056848,2031.8316,1897.4005,2019.4794000000002,2026.26625,False,False
