time,cash,equity,quantity,layers,drawdown_close
1632916799999,10000.0,10000.0,0.0,0,0.0
1632931199999,10000.0,10000.0,0.0,0,0.0
1632945599999,10000.0,10000.0,0.0,0,0.0
1632959999999,10000.0,10000.0,0.0,0,0.0
1632974399999,10000.0,10000.0,0.0,0,0.0
1632988799999,10000.0,10000.0,0.0,0,0.0
1633003199999,10000.0,10000.0,0.0,0,0.0
1633017599999,10000.0,10000.0,0.0,0,0.0
1633031999999,10000.0,10000.0,0.0,0,0.0
1633046399999,10000.0,10000.0,0.0,0,0.0
1633060799999,10000.0,10000.0,0.0,0,0.0
1633075199999,10000.0,10000.0,0.0,0,0.0
1633089599999,10000.0,10000.0,0.0,0,0.0
1633103999999,10000.0,10000.0,0.0,0,0.0
1633118399999,10000.0,10000.0,0.0,0,0.0
1633132799999,10000.0,10000.0,0.0,0,0.0
1633147199999,10000.0,10000.0,0.0,0,0.0
1633161599999,10000.0,10000.0,0.0,0,0.0
1633175999999,10000.0,10000.0,0.0,0,0.0
1633190399999,10000.0,10000.0,0.0,0,0.0
1633204799999,10000.0,10000.0,0.0,0,0.0
1633219199999,10000.0,10000.0,0.0,0,0.0
1633233599999,10000.0,10000.0,0.0,0,0.0
1633247999999,10000.0,10000.0,0.0,0,0.0
1633262399999,10000.0,10000.0,0.0,0,0.0
1633276799999,10000.0,10000.0,0.0,0,0.0
1633291199999,10000.0,10000.0,0.0,0,0.0
1633305599999,10000.0,10000.0,0.0,0,0.0
1633319999999,10000.0,10000.0,0.0,0,0.0
1633334399999,10000.0,10000.0,0.0,0,0.0
1633348799999,10000.0,10000.0,0.0,0,0.0
1633363199999,10000.0,10000.0,0.0,0,0.0
1633377599999,10000.0,10000.0,0.0,0,0.0
1633391999999,10000.0,10000.0,0.0,0,0.0
1633406399999,10000.0,10000.0,0.0,0,0.0
1633420799999,10000.0,10000.0,0.0,0,0.0
1633435199999,10000.0,10000.0,0.0,0,0.0
1633449599999,10000.0,10000.0,0.0,0,0.0
1633463999999,10000.0,10000.0,0.0,0,0.0
1633478399999,10000.0,10000.0,0.0,0,0.0
1633492799999,10000.0,10000.0,0.0,0,0.0
1633507199999,10000.0,10000.0,0.0,0,0.0
1633521599999,10000.0,10000.0,0.0,0,0.0
1633535999999,10000.0,10000.0,0.0,0,0.0
1633550399999,10000.0,10000.0,0.0,0,0.0
1633564799999,10000.0,10000.0,0.0,0,0.0
1633579199999,10000.0,10000.0,0.0,0,0.0
1633593599999,10000.0,10000.0,0.0,0,0.0
1633607999999,10000.0,10000.0,0.0,0,0.0
1633622399999,10000.0,10000.0,0.0,0,0.0
1633636799999,10000.0,10000.0,0.0,0,0.0
1633651199999,10000.0,10000.0,0.0,0,0.0
1633665599999,10000.0,10000.0,0.0,0,0.0
1633679999999,10000.0,10000.0,0.0,0,0.0
1633694399999,10000.0,10000.0,0.0,0,0.0
1633708799999,10000.0,10000.0,0.0,0,0.0
1633723199999,10000.0,10000.0,0.0,0,0.0
1633737599999,10000.0,10000.0,0.0,0,0.0
1633751999999,10000.0,10000.0,0.0,0,0.0
1633766399999,10000.0,10000.0,0.0,0,0.0
1633780799999,10000.0,10000.0,0.0,0,0.0
1633795199999,10000.0,10000.0,0.0,0,0.0
1633809599999,10000.0,10000.0,0.0,0,0.0
1633823999999,10000.0,10000.0,0.0,0,0.0
1633838399999,10000.0,10000.0,0.0,0,0.0
1633852799999,10000.0,10000.0,0.0,0,0.0
1633867199999,10000.0,10000.0,0.0,0,0.0
1633881599999,10000.0,10000.0,0.0,0,0.0
1633895999999,10000.0,10000.0,0.0,0,0.0
1633910399999,10000.0,10000.0,0.0,0,0.0
1633924799999,10000.0,10000.0,0.0,0,0.0
1633939199999,10000.0,10000.0,0.0,0,0.0
1633953599999,10000.0,10000.0,0.0,0,0.0
1633967999999,10000.0,10000.0,0.0,0,0.0
1633982399999,10000.0,10000.0,0.0,0,0.0
1633996799999,10000.0,10000.0,0.0,0,0.0
1634011199999,10000.0,10000.0,0.0,0,0.0
1634025599999,10000.0,10000.0,0.0,0,0.0
1634039999999,10000.0,10000.0,0.0,0,0.0
1634054399999,10000.0,10000.0,0.0,0,0.0
1634068799999,10000.0,10000.0,0.0,0,0.0
1634083199999,10000.0,10000.0,0.0,0,0.0
1634097599999,10000.0,10000.0,0.0,0,0.0
1634111999999,10000.0,10000.0,0.0,0,0.0
1634126399999,10000.0,10000.0,0.0,0,0.0
1634140799999,10000.0,10000.0,0.0,0,0.0
1634155199999,10000.0,10000.0,0.0,0,0.0
1634169599999,10000.0,10000.0,0.0,0,0.0
1634183999999,10000.0,10000.0,0.0,0,0.0
1634198399999,10000.0,10000.0,0.0,0,0.0
1634212799999,10000.0,10000.0,0.0,0,0.0
1634227199999,10000.0,10000.0,0.0,0,0.0
1634241599999,10000.0,10000.0,0.0,0,0.0
1634255999999,10000.0,10000.0,0.0,0,0.0
1634270399999,10000.0,10000.0,0.0,0,0.0
1634284799999,10000.0,10000.0,0.0,0,0.0
1634299199999,10000.0,10000.0,0.0,0,0.0
1634313599999,10000.0,10000.0,0.0,0,0.0
1634327999999,10000.0,10000.0,0.0,0,0.0
1634342399999,10000.0,10000.0,0.0,0,0.0
1634356799999,10000.0,10000.0,0.0,0,0.0
1634371199999,10000.0,10000.0,0.0,0,0.0
1634385599999,10000.0,10000.0,0.0,0,0.0
1634399999999,10000.0,10000.0,0.0,0,0.0
1634414399999,10000.0,10000.0,0.0,0,0.0
1634428799999,10000.0,10000.0,0.0,0,0.0
1634443199999,10000.0,10000.0,0.0,0,0.0
1634457599999,10000.0,10000.0,0.0,0,0.0
1634471999999,10000.0,10000.0,0.0,0,0.0
1634486399999,10000.0,10000.0,0.0,0,0.0
1634500799999,10000.0,10000.0,0.0,0,0.0
1634515199999,10000.0,10000.0,0.0,0,0.0
1634529599999,10000.0,10000.0,0.0,0,0.0
1634543999999,10000.0,10000.0,0.0,0,0.0
1634558399999,10000.0,10000.0,0.0,0,0.0
1634572799999,10000.0,10000.0,0.0,0,0.0
1634587199999,10000.0,10000.0,0.0,0,0.0
1634601599999,10000.0,10000.0,0.0,0,0.0
1634615999999,10000.0,10000.0,0.0,0,0.0
1634630399999,10000.0,10000.0,0.0,0,0.0
1634644799999,10000.0,10000.0,0.0,0,0.0
1634659199999,10000.0,10000.0,0.0,0,0.0
1634673599999,10000.0,10000.0,0.0,0,0.0
1634687999999,10000.0,10000.0,0.0,0,0.0
1634702399999,10000.0,10000.0,0.0,0,0.0
1634716799999,10000.0,10000.0,0.0,0,0.0
1634731199999,10000.0,10000.0,0.0,0,0.0
1634745599999,10000.0,10000.0,0.0,0,0.0
1634759999999,10000.0,10000.0,0.0,0,0.0
1634774399999,10000.0,10000.0,0.0,0,0.0
1634788799999,10000.0,10000.0,0.0,0,0.0
1634803199999,10000.0,10000.0,0.0,0,0.0
1634817599999,10000.0,10000.0,0.0,0,0.0
1634831999999,10000.0,10000.0,0.0,0,0.0
1634846399999,10000.0,10000.0,0.0,0,0.0
1634860799999,10000.0,10000.0,0.0,0,0.0
1634875199999,10000.0,10000.0,0.0,0,0.0
1634889599999,10000.0,10000.0,0.0,0,0.0
1634903999999,10000.0,10000.0,0.0,0,0.0
1634918399999,10000.0,10000.0,0.0,0,0.0
1634932799999,10000.0,10000.0,0.0,0,0.0
1634947199999,10000.0,10000.0,0.0,0,0.0
1634961599999,10000.0,10000.0,0.0,0,0.0
1634975999999,10000.0,10000.0,0.0,0,0.0
1634990399999,10000.0,10000.0,0.0,0,0.0
1635004799999,10000.0,10000.0,0.0,0,0.0
1635019199999,10000.0,10000.0,0.0,0,0.0
1635033599999,10000.0,10000.0,0.0,0,0.0
1635047999999,10000.0,10000.0,0.0,0,0.0
1635062399999,10000.0,10000.0,0.0,0,0.0
1635076799999,10000.0,10000.0,0.0,0,0.0
1635091199999,10000.0,10000.0,0.0,0,0.0
1635105599999,10000.0,10000.0,0.0,0,0.0
1635119999999,10000.0,10000.0,0.0,0,0.0
1635134399999,10000.0,10000.0,0.0,0,0.0
1635148799999,10000.0,10000.0,0.0,0,0.0
1635163199999,10000.0,10000.0,0.0,0,0.0
1635177599999,10000.0,10000.0,0.0,0,0.0
1635191999999,10000.0,10000.0,0.0,0,0.0
1635206399999,10000.0,10000.0,0.0,0,0.0
1635220799999,10000.0,10000.0,0.0,0,0.0
1635235199999,10000.0,10000.0,0.0,0,0.0
1635249599999,10000.0,10000.0,0.0,0,0.0
1635263999999,10000.0,10000.0,0.0,0,0.0
1635278399999,10000.0,10000.0,0.0,0,0.0
1635292799999,10000.0,10000.0,0.0,0,0.0
1635307199999,10000.0,10000.0,0.0,0,0.0
1635321599999,10000.0,10000.0,0.0,0,0.0
1635335999999,10000.0,10000.0,0.0,0,0.0
1635350399999,10000.0,10000.0,0.0,0,0.0
1635364799999,10000.0,10000.0,0.0,0,0.0
1635379199999,10000.0,10000.0,0.0,0,0.0
1635393599999,10000.0,10000.0,0.0,0,0.0
1635407999999,10000.0,10000.0,0.0,0,0.0
1635422399999,10000.0,10000.0,0.0,0,0.0
1635436799999,10000.0,10000.0,0.0,0,0.0
1635451199999,10000.0,10000.0,0.0,0,0.0
1635465599999,10000.0,10000.0,0.0,0,0.0
1635479999999,10000.0,10000.0,0.0,0,0.0
1635494399999,10000.0,10000.0,0.0,0,0.0
1635508799999,10000.0,10000.0,0.0,0,0.0
1635523199999,10000.0,10000.0,0.0,0,0.0
1635537599999,10000.0,10000.0,0.0,0,0.0
1635551999999,10000.0,10000.0,0.0,0,0.0
1635566399999,10000.0,10000.0,0.0,0,0.0
1635580799999,10000.0,10000.0,0.0,0,0.0
1635595199999,10000.0,10000.0,0.0,0,0.0
1635609599999,10000.0,10000.0,0.0,0,0.0
1635623999999,10000.0,10000.0,0.0,0,0.0
1635638399999,10000.0,10000.0,0.0,0,0.0
1635652799999,10000.0,10000.0,0.0,0,0.0
1635667199999,10000.0,10000.0,0.0,0,0.0
1635681599999,10000.0,10000.0,0.0,0,0.0
1635695999999,10000.0,10000.0,0.0,0,0.0
1635710399999,10000.0,10000.0,0.0,0,0.0
1635724799999,10000.0,10000.0,0.0,0,0.0
1635739199999,10000.0,10000.0,0.0,0,0.0
1635753599999,10000.0,10000.0,0.0,0,0.0
1635767999999,10000.0,10000.0,0.0,0,0.0
1635782399999,10000.0,10000.0,0.0,0,0.0
1635796799999,10000.0,10000.0,0.0,0,0.0
1635811199999,10000.0,10000.0,0.0,0,0.0
1635825599999,10000.0,10000.0,0.0,0,0.0
1635839999999,10000.0,10000.0,0.0,0,0.0
1635854399999,10000.0,10000.0,0.0,0,0.0
1635868799999,10000.0,10000.0,0.0,0,0.0
1635883199999,10000.0,10000.0,0.0,0,0.0
1635897599999,10000.0,10000.0,0.0,0,0.0
1635911999999,10000.0,10000.0,0.0,0,0.0
1635926399999,10000.0,10000.0,0.0,0,0.0
1635940799999,10000.0,10000.0,0.0,0,0.0
1635955199999,10000.0,10000.0,0.0,0,0.0
1635969599999,10000.0,10000.0,0.0,0,0.0
1635983999999,10000.0,10000.0,0.0,0,0.0
1635998399999,10000.0,10000.0,0.0,0,0.0
1636012799999,10000.0,10000.0,0.0,0,0.0
1636027199999,10000.0,10000.0,0.0,0,0.0
1636041599999,10000.0,10000.0,0.0,0,0.0
1636055999999,10000.0,10000.0,0.0,0,0.0
1636070399999,10000.0,10000.0,0.0,0,0.0
1636084799999,10000.0,10000.0,0.0,0,0.0
1636099199999,10000.0,10000.0,0.0,0,0.0
1636113599999,10000.0,10000.0,0.0,0,0.0
1636127999999,10000.0,10000.0,0.0,0,0.0
1636142399999,10000.0,10000.0,0.0,0,0.0
1636156799999,10000.0,10000.0,0.0,0,0.0
1636171199999,10000.0,10000.0,0.0,0,0.0
1636185599999,10000.0,10000.0,0.0,0,0.0
1636199999999,10000.0,10000.0,0.0,0,0.0
1636214399999,10000.0,10000.0,0.0,0,0.0
1636228799999,10000.0,10000.0,0.0,0,0.0
1636243199999,10000.0,10000.0,0.0,0,0.0
1636257599999,10000.0,10000.0,0.0,0,0.0
1636271999999,10000.0,10000.0,0.0,0,0.0
1636286399999,10000.0,10000.0,0.0,0,0.0
1636300799999,10000.0,10000.0,0.0,0,0.0
1636315199999,10000.0,10000.0,0.0,0,0.0
1636329599999,10000.0,10000.0,0.0,0,0.0
1636343999999,10000.0,10000.0,0.0,0,0.0
1636358399999,10000.0,10000.0,0.0,0,0.0
1636372799999,10000.0,10000.0,0.0,0,0.0
1636387199999,10000.0,10000.0,0.0,0,0.0
1636401599999,10000.0,10000.0,0.0,0,0.0
1636415999999,10000.0,10000.0,0.0,0,0.0
1636430399999,10000.0,10000.0,0.0,0,0.0
1636444799999,10000.0,10000.0,0.0,0,0.0
1636459199999,10000.0,10000.0,0.0,0,0.0
1636473599999,10000.0,10000.0,0.0,0,0.0
1636487999999,10000.0,10000.0,0.0,0,0.0
1636502399999,10000.0,10000.0,0.0,0,0.0
1636516799999,10000.0,10000.0,0.0,0,0.0
1636531199999,10000.0,10000.0,0.0,0,0.0
1636545599999,10000.0,10000.0,0.0,0,0.0
1636559999999,10000.0,10000.0,0.0,0,0.0
1636574399999,10000.0,10000.0,0.0,0,0.0
1636588799999,10000.0,10000.0,0.0,0,0.0
1636603199999,10000.0,10000.0,0.0,0,0.0
1636617599999,10000.0,10000.0,0.0,0,0.0
1636631999999,10000.0,10000.0,0.0,0,0.0
1636646399999,10000.0,10000.0,0.0,0,0.0
1636660799999,10000.0,10000.0,0.0,0,0.0
1636675199999,10000.0,10000.0,0.0,0,0.0
1636689599999,10000.0,10000.0,0.0,0,0.0
1636703999999,10000.0,10000.0,0.0,0,0.0
1636718399999,10000.0,10000.0,0.0,0,0.0
1636732799999,10000.0,10000.0,0.0,0,0.0
1636747199999,10000.0,10000.0,0.0,0,0.0
1636761599999,10000.0,10000.0,0.0,0,0.0
1636775999999,10000.0,10000.0,0.0,0,0.0
1636790399999,10000.0,10000.0,0.0,0,0.0
1636804799999,10000.0,10000.0,0.0,0,0.0
1636819199999,10000.0,10000.0,0.0,0,0.0
1636833599999,10000.0,10000.0,0.0,0,0.0
1636847999999,10000.0,10000.0,0.0,0,0.0
1636862399999,10000.0,10000.0,0.0,0,0.0
1636876799999,10000.0,10000.0,0.0,0,0.0
1636891199999,10000.0,10000.0,0.0,0,0.0
1636905599999,10000.0,10000.0,0.0,0,0.0
1636919999999,10000.0,10000.0,0.0,0,0.0
1636934399999,10000.0,10000.0,0.0,0,0.0
1636948799999,10000.0,10000.0,0.0,0,0.0
1636963199999,10000.0,10000.0,0.0,0,0.0
1636977599999,10000.0,10000.0,0.0,0,0.0
1636991999999,10000.0,10000.0,0.0,0,0.0
1637006399999,10000.0,10000.0,0.0,0,0.0
1637020799999,10000.0,10000.0,0.0,0,0.0
1637035199999,10000.0,10000.0,0.0,0,0.0
1637049599999,10000.0,10000.0,0.0,0,0.0
1637063999999,10000.0,10000.0,0.0,0,0.0
1637078399999,10000.0,10000.0,0.0,0,0.0
1637092799999,10000.0,10000.0,0.0,0,0.0
1637107199999,10000.0,10000.0,0.0,0,0.0
1637121599999,10000.0,10000.0,0.0,0,0.0
1637135999999,10000.0,10000.0,0.0,0,0.0
1637150399999,10000.0,10000.0,0.0,0,0.0
1637164799999,10000.0,10000.0,0.0,0,0.0
1637179199999,10000.0,10000.0,0.0,0,0.0
1637193599999,10000.0,10000.0,0.0,0,0.0
1637207999999,10000.0,10000.0,0.0,0,0.0
1637222399999,10000.0,10000.0,0.0,0,0.0
1637236799999,10000.0,10000.0,0.0,0,0.0
1637251199999,10000.0,10000.0,0.0,0,0.0
1637265599999,10000.0,10000.0,0.0,0,0.0
1637279999999,10000.0,10000.0,0.0,0,0.0
1637294399999,10000.0,10000.0,0.0,0,0.0
1637308799999,10000.0,10000.0,0.0,0,0.0
1637323199999,10000.0,10000.0,0.0,0,0.0
1637337599999,10000.0,10000.0,0.0,0,0.0
1637351999999,10000.0,10000.0,0.0,0,0.0
1637366399999,10000.0,10000.0,0.0,0,0.0
1637380799999,10000.0,10000.0,0.0,0,0.0
1637395199999,10000.0,10000.0,0.0,0,0.0
1637409599999,10000.0,10000.0,0.0,0,0.0
1637423999999,10000.0,10000.0,0.0,0,0.0
1637438399999,10000.0,10000.0,0.0,0,0.0
1637452799999,10000.0,10000.0,0.0,0,0.0
1637467199999,10000.0,10000.0,0.0,0,0.0
1637481599999,10000.0,10000.0,0.0,0,0.0
1637495999999,10000.0,10000.0,0.0,0,0.0
1637510399999,10000.0,10000.0,0.0,0,0.0
1637524799999,10000.0,10000.0,0.0,0,0.0
1637539199999,10000.0,10000.0,0.0,0,0.0
1637553599999,10000.0,10000.0,0.0,0,0.0
1637567999999,10000.0,10000.0,0.0,0,0.0
1637582399999,10000.0,10000.0,0.0,0,0.0
1637596799999,10000.0,10000.0,0.0,0,0.0
1637611199999,10000.0,10000.0,0.0,0,0.0
1637625599999,10000.0,10000.0,0.0,0,0.0
1637639999999,10000.0,10000.0,0.0,0,0.0
1637654399999,10000.0,10000.0,0.0,0,0.0
1637668799999,10000.0,10000.0,0.0,0,0.0
1637683199999,10000.0,10000.0,0.0,0,0.0
1637697599999,10000.0,10000.0,0.0,0,0.0
1637711999999,10000.0,10000.0,0.0,0,0.0
1637726399999,10000.0,10000.0,0.0,0,0.0
1637740799999,10000.0,10000.0,0.0,0,0.0
1637755199999,10000.0,10000.0,0.0,0,0.0
1637769599999,10000.0,10000.0,0.0,0,0.0
1637783999999,10000.0,10000.0,0.0,0,0.0
1637798399999,10000.0,10000.0,0.0,0,0.0
1637812799999,10000.0,10000.0,0.0,0,0.0
1637827199999,10000.0,10000.0,0.0,0,0.0
1637841599999,10000.0,10000.0,0.0,0,0.0
1637855999999,10000.0,10000.0,0.0,0,0.0
1637870399999,10000.0,10000.0,0.0,0,0.0
1637884799999,10000.0,10000.0,0.0,0,0.0
1637899199999,10000.0,10000.0,0.0,0,0.0
1637913599999,10000.0,10000.0,0.0,0,0.0
1637927999999,10000.0,10000.0,0.0,0,0.0
1637942399999,10000.0,10000.0,0.0,0,0.0
1637956799999,10000.0,10000.0,0.0,0,0.0
1637971199999,10000.0,10000.0,0.0,0,0.0
1637985599999,10000.0,10000.0,0.0,0,0.0
1637999999999,10000.0,10000.0,0.0,0,0.0
1638014399999,10000.0,10000.0,0.0,0,0.0
1638028799999,10000.0,10000.0,0.0,0,0.0
1638043199999,10000.0,10000.0,0.0,0,0.0
1638057599999,10000.0,10000.0,0.0,0,0.0
1638071999999,10000.0,10000.0,0.0,0,0.0
1638086399999,10000.0,10000.0,0.0,0,0.0
1638100799999,10000.0,10000.0,0.0,0,0.0
1638115199999,10000.0,10000.0,0.0,0,0.0
1638129599999,10000.0,10000.0,0.0,0,0.0
1638143999999,10000.0,10000.0,0.0,0,0.0
1638158399999,10000.0,10000.0,0.0,0,0.0
1638172799999,10000.0,10000.0,0.0,0,0.0
1638187199999,10000.0,10000.0,0.0,0,0.0
1638201599999,10000.0,10000.0,0.0,0,0.0
1638215999999,10000.0,10000.0,0.0,0,0.0
1638230399999,10000.0,10000.0,0.0,0,0.0
1638244799999,10000.0,10000.0,0.0,0,0.0
1638259199999,10000.0,10000.0,0.0,0,0.0
1638273599999,10000.0,10000.0,0.0,0,0.0
1638287999999,10000.0,10000.0,0.0,0,0.0
1638302399999,10000.0,10000.0,0.0,0,0.0
1638316799999,10000.0,10000.0,0.0,0,0.0
1638331199999,10000.0,10000.0,0.0,0,0.0
1638345599999,10000.0,10000.0,0.0,0,0.0
1638359999999,10000.0,10000.0,0.0,0,0.0
1638374399999,10000.0,10000.0,0.0,0,0.0
1638388799999,10000.0,10000.0,0.0,0,0.0
1638403199999,10000.0,10000.0,0.0,0,0.0
1638417599999,10000.0,10000.0,0.0,0,0.0
1638431999999,10000.0,10000.0,0.0,0,0.0
1638446399999,10000.0,10000.0,0.0,0,0.0
1638460799999,10000.0,10000.0,0.0,0,0.0
1638475199999,10000.0,10000.0,0.0,0,0.0
1638489599999,10000.0,10000.0,0.0,0,0.0
1638503999999,10000.0,10000.0,0.0,0,0.0
1638518399999,10000.0,10000.0,0.0,0,0.0
1638532799999,10000.0,10000.0,0.0,0,0.0
1638547199999,10000.0,10000.0,0.0,0,0.0
1638561599999,10000.0,10000.0,0.0,0,0.0
1638575999999,10000.0,10000.0,0.0,0,0.0
1638590399999,10000.0,10000.0,0.0,0,0.0
1638604799999,10000.0,10000.0,0.0,0,0.0
1638619199999,10000.0,10000.0,0.0,0,0.0
1638633599999,10000.0,10000.0,0.0,0,0.0
1638647999999,10000.0,10000.0,0.0,0,0.0
1638662399999,10000.0,10000.0,0.0,0,0.0
1638676799999,10000.0,10000.0,0.0,0,0.0
1638691199999,10000.0,10000.0,0.0,0,0.0
1638705599999,10000.0,10000.0,0.0,0,0.0
1638719999999,10000.0,10000.0,0.0,0,0.0
1638734399999,10000.0,10000.0,0.0,0,0.0
1638748799999,10000.0,10000.0,0.0,0,0.0
1638763199999,10000.0,10000.0,0.0,0,0.0
1638777599999,10000.0,10000.0,0.0,0,0.0
1638791999999,10000.0,10000.0,0.0,0,0.0
1638806399999,10000.0,10000.0,0.0,0,0.0
1638820799999,10000.0,10000.0,0.0,0,0.0
1638835199999,10000.0,10000.0,0.0,0,0.0
1638849599999,10000.0,10000.0,0.0,0,0.0
1638863999999,10000.0,10000.0,0.0,0,0.0
1638878399999,10000.0,10000.0,0.0,0,0.0
1638892799999,10000.0,10000.0,0.0,0,0.0
1638907199999,10000.0,10000.0,0.0,0,0.0
1638921599999,10000.0,10000.0,0.0,0,0.0
1638935999999,10000.0,10000.0,0.0,0,0.0
1638950399999,10000.0,10000.0,0.0,0,0.0
1638964799999,10000.0,10000.0,0.0,0,0.0
1638979199999,10000.0,10000.0,0.0,0,0.0
1638993599999,10000.0,10000.0,0.0,0,0.0
1639007999999,10000.0,10000.0,0.0,0,0.0
1639022399999,10000.0,10000.0,0.0,0,0.0
1639036799999,10000.0,10000.0,0.0,0,0.0
1639051199999,10000.0,10000.0,0.0,0,0.0
1639065599999,10000.0,10000.0,0.0,0,0.0
1639079999999,10000.0,10000.0,0.0,0,0.0
1639094399999,10000.0,10000.0,0.0,0,0.0
1639108799999,10000.0,10000.0,0.0,0,0.0
1639123199999,10000.0,10000.0,0.0,0,0.0
1639137599999,10000.0,10000.0,0.0,0,0.0
1639151999999,10000.0,10000.0,0.0,0,0.0
1639166399999,10000.0,10000.0,0.0,0,0.0
1639180799999,10000.0,10000.0,0.0,0,0.0
1639195199999,10000.0,10000.0,0.0,0,0.0
1639209599999,10000.0,10000.0,0.0,0,0.0
1639223999999,10000.0,10000.0,0.0,0,0.0
1639238399999,10000.0,10000.0,0.0,0,0.0
1639252799999,10000.0,10000.0,0.0,0,0.0
1639267199999,10000.0,10000.0,0.0,0,0.0
1639281599999,10000.0,10000.0,0.0,0,0.0
1639295999999,10000.0,10000.0,0.0,0,0.0
1639310399999,10000.0,10000.0,0.0,0,0.0
1639324799999,10000.0,10000.0,0.0,0,0.0
1639339199999,10000.0,10000.0,0.0,0,0.0
1639353599999,10000.0,10000.0,0.0,0,0.0
1639367999999,10000.0,10000.0,0.0,0,0.0
1639382399999,10000.0,10000.0,0.0,0,0.0
1639396799999,10000.0,10000.0,0.0,0,0.0
1639411199999,10000.0,10000.0,0.0,0,0.0
1639425599999,10000.0,10000.0,0.0,0,0.0
1639439999999,10000.0,10000.0,0.0,0,0.0
1639454399999,10000.0,10000.0,0.0,0,0.0
1639468799999,10000.0,10000.0,0.0,0,0.0
1639483199999,10000.0,10000.0,0.0,0,0.0
1639497599999,10000.0,10000.0,0.0,0,0.0
1639511999999,10000.0,10000.0,0.0,0,0.0
1639526399999,10000.0,10000.0,0.0,0,0.0
1639540799999,10000.0,10000.0,0.0,0,0.0
1639555199999,10000.0,10000.0,0.0,0,0.0
1639569599999,10000.0,10000.0,0.0,0,0.0
1639583999999,10000.0,10000.0,0.0,0,0.0
1639598399999,10000.0,10000.0,0.0,0,0.0
1639612799999,10000.0,10000.0,0.0,0,0.0
1639627199999,10000.0,10000.0,0.0,0,0.0
1639641599999,10000.0,10000.0,0.0,0,0.0
1639655999999,10000.0,10000.0,0.0,0,0.0
1639670399999,10000.0,10000.0,0.0,0,0.0
1639684799999,10000.0,10000.0,0.0,0,0.0
1639699199999,10000.0,10000.0,0.0,0,0.0
1639713599999,10000.0,10000.0,0.0,0,0.0
1639727999999,10000.0,10000.0,0.0,0,0.0
1639742399999,10000.0,10000.0,0.0,0,0.0
1639756799999,10000.0,10000.0,0.0,0,0.0
1639771199999,10000.0,10000.0,0.0,0,0.0
1639785599999,10000.0,10000.0,0.0,0,0.0
1639799999999,10000.0,10000.0,0.0,0,0.0
1639814399999,10000.0,10000.0,0.0,0,0.0
1639828799999,10000.0,10000.0,0.0,0,0.0
1639843199999,10000.0,10000.0,0.0,0,0.0
1639857599999,10000.0,10000.0,0.0,0,0.0
1639871999999,10000.0,10000.0,0.0,0,0.0
1639886399999,10000.0,10000.0,0.0,0,0.0
1639900799999,10000.0,10000.0,0.0,0,0.0
1639915199999,10000.0,10000.0,0.0,0,0.0
1639929599999,10000.0,10000.0,0.0,0,0.0
1639943999999,10000.0,10000.0,0.0,0,0.0
1639958399999,10000.0,10000.0,0.0,0,0.0
1639972799999,10000.0,10000.0,0.0,0,0.0
1639987199999,10000.0,10000.0,0.0,0,0.0
1640001599999,10000.0,10000.0,0.0,0,0.0
1640015999999,10000.0,10000.0,0.0,0,0.0
1640030399999,10000.0,10000.0,0.0,0,0.0
1640044799999,10000.0,10000.0,0.0,0,0.0
1640059199999,10000.0,10000.0,0.0,0,0.0
1640073599999,10000.0,10000.0,0.0,0,0.0
1640087999999,10000.0,10000.0,0.0,0,0.0
1640102399999,10000.0,10000.0,0.0,0,0.0
1640116799999,10000.0,10000.0,0.0,0,0.0
1640131199999,10000.0,10000.0,0.0,0,0.0
1640145599999,10000.0,10000.0,0.0,0,0.0
1640159999999,10000.0,10000.0,0.0,0,0.0
1640174399999,10000.0,10000.0,0.0,0,0.0
1640188799999,10000.0,10000.0,0.0,0,0.0
1640203199999,10000.0,10000.0,0.0,0,0.0
1640217599999,10000.0,10000.0,0.0,0,0.0
1640231999999,10000.0,10000.0,0.0,0,0.0
1640246399999,10000.0,10000.0,0.0,0,0.0
1640260799999,10000.0,10000.0,0.0,0,0.0
1640275199999,10000.0,10000.0,0.0,0,0.0
1640289599999,10000.0,10000.0,0.0,0,0.0
1640303999999,9949.9625,10000.338183060108,34.15300546448088,1,5.122515160960184e-05
1640318399999,9949.9625,9999.791734972678,34.15300546448088,1,0.00010927995024156978
1640332799999,9949.9625,9999.245286885245,34.15300546448088,1,0.00016391992536235467
1640347199999,9949.9625,9999.586816939891,34.15300546448088,1,0.00012976994091185023
1640361599999,9949.9625,9999.27943989071,34.15300546448088,1,0.00016050492691732643
1640375999999,9949.9625,9998.04993169399,34.15300546448088,1,0.00028344487093900916
1640390399999,9998.047993510929,9998.047993510929,0.0,0,0.0002836386721007944
1640404799999,9998.047993510929,9998.047993510929,0.0,0,0.0002836386721007944
1640419199999,9998.047993510929,9998.047993510929,0.0,0,0.0002836386721007944
1640433599999,9998.047993510929,9998.047993510929,0.0,0,0.0002836386721007944
1640447999999,9998.047993510929,9998.047993510929,0.0,0,0.0002836386721007944
1640462399999,9998.047993510929,9998.047993510929,0.0,0,0.0002836386721007944
1640476799999,9998.047993510929,9998.047993510929,0.0,0,0.0002836386721007944
1640491199999,9998.047993510929,9998.047993510929,0.0,0,0.0002836386721007944
1640505599999,9998.047993510929,9998.047993510929,0.0,0,0.0002836386721007944
1640519999999,9998.047993510929,9998.047993510929,0.0,0,0.0002836386721007944
1640534399999,9998.047993510929,9998.047993510929,0.0,0,0.0002836386721007944
1640548799999,9998.047993510929,9998.047993510929,0.0,0,0.0002836386721007944
1640563199999,9998.047993510929,9998.047993510929,0.0,0,0.0002836386721007944
1640577599999,9998.047993510929,9998.047993510929,0.0,0,0.0002836386721007944
1640591999999,9998.047993510929,9998.047993510929,0.0,0,0.0002836386721007944
1640606399999,9948.010493510928,10000.74565028211,33.355570380253496,1,4.335712850644935e-05
1640620799999,9948.010493510928,10000.078538874504,33.355570380253496,1,0.00011006040313199517
1640635199999,9948.010493510928,9999.611560889181,33.355570380253496,1,0.000156752695369744
1640649599999,9948.010493510928,9998.577538207393,33.355570380253496,1,0.0002601427710391402
1640663999999,9948.010493510928,9997.576871095986,33.355570380253496,1,0.0003601976829773479
1640678399999,9948.010493510928,9996.84304854762,33.355570380253496,1,0.0004335712850653817
1640692799999,9948.010493510928,9998.377404785111,33.355570380253496,1,0.00028015375342693716
1640707199999,9948.010493510928,9997.543515525605,33.355570380253496,1,0.0003635328467086474
1640721599999,9948.010493510928,9994.908425465565,33.355570380253496,1,0.0006270107814793091
1640735999999,9948.010493510928,9994.708292043284,33.355570380253496,1,0.000647021763866773
1640750399999,9994.673268694383,9994.673268694383,0.0,0,0.0006505236857847763
1640764799999,9994.673268694383,9994.673268694383,0.0,0,0.0006505236857847763
1640779199999,9994.673268694383,9994.673268694383,0.0,0,0.0006505236857847763
1640793599999,9994.673268694383,9994.673268694383,0.0,0,0.0006505236857847763
1640807999999,9994.673268694383,9994.673268694383,0.0,0,0.0006505236857847763
1640822399999,9994.673268694383,9994.673268694383,0.0,0,0.0006505236857847763
1640836799999,9994.673268694383,9994.673268694383,0.0,0,0.0006505236857847763
1640851199999,9994.673268694383,9994.673268694383,0.0,0,0.0006505236857847763
1640865599999,9994.673268694383,9994.673268694383,0.0,0,0.0006505236857847763
1640879999999,9994.673268694383,9994.673268694383,0.0,0,0.0006505236857847763
1640894399999,9994.673268694383,9994.673268694383,0.0,0,0.0006505236857847763
1640908799999,9994.673268694383,9994.673268694383,0.0,0,0.0006505236857847763
1640923199999,9994.673268694383,9994.673268694383,0.0,0,0.0006505236857847763
1640937599999,9994.673268694383,9994.673268694383,0.0,0,0.0006505236857847763
1640951999999,9994.673268694383,9994.673268694383,0.0,0,0.0006505236857847763
1640966399999,9994.673268694383,9994.673268694383,0.0,0,0.0006505236857847763
1640980799999,9994.673268694383,9994.673268694383,0.0,0,0.0006505236857847763
1640995199999,9994.673268694383,9994.673268694383,0.0,0,0.0006505236857847763
1641009599999,9994.673268694383,9994.673268694383,0.0,0,0.0006505236857847763
1641023999999,9994.673268694383,9994.673268694383,0.0,0,0.0006505236857847763
1641038399999,9994.673268694383,9994.673268694383,0.0,0,0.0006505236857847763
1641052799999,9994.673268694383,9994.673268694383,0.0,0,0.0006505236857847763
1641067199999,9994.673268694383,9994.673268694383,0.0,0,0.0006505236857847763
1641081599999,9994.673268694383,9994.673268694383,0.0,0,0.0006505236857847763
1641095999999,9994.673268694383,9994.673268694383,0.0,0,0.0006505236857847763
1641110399999,9994.673268694383,9994.673268694383,0.0,0,0.0006505236857847763
1641124799999,9994.673268694383,9994.673268694383,0.0,0,0.0006505236857847763
1641139199999,9994.673268694383,9994.673268694383,0.0,0,0.0006505236857847763
1641153599999,9994.673268694383,9994.673268694383,0.0,0,0.0006505236857847763
1641167999999,9994.673268694383,9994.673268694383,0.0,0,0.0006505236857847763
1641182399999,9994.673268694383,9994.673268694383,0.0,0,0.0006505236857847763
1641196799999,9994.673268694383,9994.673268694383,0.0,0,0.0006505236857847763
1641211199999,9994.673268694383,9994.673268694383,0.0,0,0.0006505236857847763
1641225599999,9994.673268694383,9994.673268694383,0.0,0,0.0006505236857847763
1641239999999,9994.673268694383,9994.673268694383,0.0,0,0.0006505236857847763
1641254399999,9994.673268694383,9994.673268694383,0.0,0,0.0006505236857847763
1641268799999,9994.673268694383,9994.673268694383,0.0,0,0.0006505236857847763
1641283199999,9994.673268694383,9994.673268694383,0.0,0,0.0006505236857847763
1641297599999,9994.673268694383,9994.673268694383,0.0,0,0.0006505236857847763
1641311999999,9994.673268694383,9994.673268694383,0.0,0,0.0006505236857847763
1641326399999,9994.673268694383,9994.673268694383,0.0,0,0.0006505236857847763
1641340799999,9994.673268694383,9994.673268694383,0.0,0,0.0006505236857847763
1641355199999,9994.673268694383,9994.673268694383,0.0,0,0.0006505236857847763
1641369599999,9994.673268694383,9994.673268694383,0.0,0,0.0006505236857847763
1641383999999,9994.673268694383,9994.673268694383,0.0,0,0.0006505236857847763
1641398399999,9994.673268694383,9994.673268694383,0.0,0,0.0006505236857847763
1641412799999,9994.673268694383,9994.673268694383,0.0,0,0.0006505236857847763
1641427199999,9994.673268694383,9994.673268694383,0.0,0,0.0006505236857847763
1641441599999,9994.673268694383,9994.673268694383,0.0,0,0.0006505236857847763
1641455999999,9994.673268694383,9994.673268694383,0.0,0,0.0006505236857847763
1641470399999,9994.673268694383,9994.673268694383,0.0,0,0.0006505236857847763
1641484799999,9994.673268694383,9994.673268694383,0.0,0,0.0006505236857847763
1641499199999,9994.673268694383,9994.673268694383,0.0,0,0.0006505236857847763
1641513599999,9994.673268694383,9994.673268694383,0.0,0,0.0006505236857847763
1641527999999,9994.673268694383,9994.673268694383,0.0,0,0.0006505236857847763
1641542399999,9994.673268694383,9994.673268694383,0.0,0,0.0006505236857847763
1641556799999,9994.673268694383,9994.673268694383,0.0,0,0.0006505236857847763
1641571199999,9994.673268694383,9994.673268694383,0.0,0,0.0006505236857847763
1641585599999,9994.673268694383,9994.673268694383,0.0,0,0.0006505236857847763
1641599999999,9994.673268694383,9994.673268694383,0.0,0,0.0006505236857847763
1641614399999,9994.673268694383,9994.673268694383,0.0,0,0.0006505236857847763
1641628799999,9994.673268694383,9994.673268694383,0.0,0,0.0006505236857847763
1641643199999,9994.673268694383,9994.673268694383,0.0,0,0.0006505236857847763
1641657599999,9994.673268694383,9994.673268694383,0.0,0,0.0006505236857847763
1641671999999,9994.673268694383,9994.673268694383,0.0,0,0.0006505236857847763
1641686399999,9994.673268694383,9994.673268694383,0.0,0,0.0006505236857847763
1641700799999,9994.673268694383,9994.673268694383,0.0,0,0.0006505236857847763
1641715199999,9994.673268694383,9994.673268694383,0.0,0,0.0006505236857847763
1641729599999,9994.673268694383,9994.673268694383,0.0,0,0.0006505236857847763
1641743999999,9994.673268694383,9994.673268694383,0.0,0,0.0006505236857847763
1641758399999,9994.673268694383,9994.673268694383,0.0,0,0.0006505236857847763
1641772799999,9994.673268694383,9994.673268694383,0.0,0,0.0006505236857847763
1641787199999,9994.673268694383,9994.673268694383,0.0,0,0.0006505236857847763
1641801599999,9994.673268694383,9994.673268694383,0.0,0,0.0006505236857847763
1641815999999,9994.673268694383,9994.673268694383,0.0,0,0.0006505236857847763
1641830399999,9994.673268694383,9994.673268694383,0.0,0,0.0006505236857847763
1641844799999,9994.673268694383,9994.673268694383,0.0,0,0.0006505236857847763
1641859199999,9994.673268694383,9994.673268694383,0.0,0,0.0006505236857847763
1641873599999,9994.673268694383,9994.673268694383,0.0,0,0.0006505236857847763
1641887999999,9994.673268694383,9994.673268694383,0.0,0,0.0006505236857847763
1641902399999,9994.673268694383,9994.673268694383,0.0,0,0.0006505236857847763
1641916799999,9994.673268694383,9994.673268694383,0.0,0,0.0006505236857847763
1641931199999,9994.673268694383,9994.673268694383,0.0,0,0.0006505236857847763
1641945599999,9994.673268694383,9994.673268694383,0.0,0,0.0006505236857847763
1641959999999,9994.673268694383,9994.673268694383,0.0,0,0.0006505236857847763
1641974399999,9994.673268694383,9994.673268694383,0.0,0,0.0006505236857847763
1641988799999,9994.673268694383,9994.673268694383,0.0,0,0.0006505236857847763
1642003199999,9994.673268694383,9994.673268694383,0.0,0,0.0006505236857847763
1642017599999,9994.673268694383,9994.673268694383,0.0,0,0.0006505236857847763
1642031999999,9994.673268694383,9994.673268694383,0.0,0,0.0006505236857847763
1642046399999,9994.673268694383,9994.673268694383,0.0,0,0.0006505236857847763
1642060799999,9994.673268694383,9994.673268694383,0.0,0,0.0006505236857847763
1642075199999,9994.673268694383,9994.673268694383,0.0,0,0.0006505236857847763
1642089599999,9994.673268694383,9994.673268694383,0.0,0,0.0006505236857847763
1642103999999,9994.673268694383,9994.673268694383,0.0,0,0.0006505236857847763
1642118399999,9994.673268694383,9994.673268694383,0.0,0,0.0006505236857847763
1642132799999,9994.673268694383,9994.673268694383,0.0,0,0.0006505236857847763
1642147199999,9994.673268694383,9994.673268694383,0.0,0,0.0006505236857847763
1642161599999,9994.673268694383,9994.673268694383,0.0,0,0.0006505236857847763
1642175999999,9994.673268694383,9994.673268694383,0.0,0,0.0006505236857847763
1642190399999,9994.673268694383,9994.673268694383,0.0,0,0.0006505236857847763
1642204799999,9994.673268694383,9994.673268694383,0.0,0,0.0006505236857847763
1642219199999,9994.673268694383,9994.673268694383,0.0,0,0.0006505236857847763
1642233599999,9994.673268694383,9994.673268694383,0.0,0,0.0006505236857847763
1642247999999,9994.673268694383,9994.673268694383,0.0,0,0.0006505236857847763
1642262399999,9994.673268694383,9994.673268694383,0.0,0,0.0006505236857847763
1642276799999,9994.673268694383,9994.673268694383,0.0,0,0.0006505236857847763
1642291199999,9994.673268694383,9994.673268694383,0.0,0,0.0006505236857847763
1642305599999,9994.673268694383,9994.673268694383,0.0,0,0.0006505236857847763
1642319999999,9994.673268694383,9994.673268694383,0.0,0,0.0006505236857847763
1642334399999,9944.635768694383,9995.439862261634,36.549707602339176,1,0.000573873368222455
1642348799999,9944.635768694383,9996.17085641368,36.549707602339176,1,0.0005007825724157033
1642363199999,9944.635768694383,9995.403312554032,36.549707602339176,1,0.0005775279080126872
1642377599999,9944.635768694383,9996.17085641368,36.549707602339176,1,0.0005007825724157033
1642391999999,9894.598268694383,9999.33727114381,71.9855686937637,2,0.00028787846093247804
1642406399999,9894.598268694383,10004.808174364534,71.9855686937637,2,7.913980714757685e-05
1642420799999,9894.598268694383,10003.728390834129,71.9855686937637,2,0.0003237095067079032
1642435199999,9894.598268694383,10001.352867067235,71.9855686937637,2,0.0005610964782937211
1642449599999,9894.598268694383,10006.751784719267,71.9855686937637,2,0.00010789385523146677
1642463999999,9844.560768694382,10011.39779448892,104.07799488118346,3,4.1582072449419805e-05
1642478399999,9844.560768694382,10008.691766622009,104.07799488118346,3,0.0006339223163742691
1642492799999,9844.560768694382,10005.153114796049,104.07799488118346,3,0.000987256066484421
1642507199999,9844.560768694382,9999.845137057107,104.07799488118346,3,0.0015172566916499264
1642521599999,9844.560768694382,9995.786095256743,104.07799488118346,3,0.0019225512873644046
1642535999999,9844.560768694382,9993.91269134888,104.07799488118346,3,0.0021096103315405568
1642550399999,9844.560768694382,9996.306485231147,104.07799488118346,3,0.0018705904417600783
1642564799999,9844.560768694382,9995.68201726186,104.07799488118346,3,0.0019329434564853143
1642579199999,9844.560768694382,9988.084323635534,104.07799488118346,3,0.0026915718023102775
1642593599999,9844.560768694382,9993.184145384712,104.07799488118346,3,0.0021823555153867025
1642607999999,9844.560768694382,9990.686273507563,104.07799488118346,3,0.0024317675742882017
1642622399999,9844.560768694382,9986.73130970208,104.07799488118346,3,0.0028266700008817702
1642636799999,9844.560768694382,9983.713047850524,104.07799488118346,3,0.003128042905387707
1642651199999,9983.504683704772,9983.504683704772,0.0,0,0.0031488480279676656
1642665599999,9983.504683704772,9983.504683704772,0.0,0,0.0031488480279676656
1642679999999,9983.504683704772,9983.504683704772,0.0,0,0.0031488480279676656
1642694399999,9983.504683704772,9983.504683704772,0.0,0,0.0031488480279676656
1642708799999,9983.504683704772,9983.504683704772,0.0,0,0.0031488480279676656
1642723199999,9983.504683704772,9983.504683704772,0.0,0,0.0031488480279676656
1642737599999,9983.504683704772,9983.504683704772,0.0,0,0.0031488480279676656
1642751999999,9983.504683704772,9983.504683704772,0.0,0,0.0031488480279676656
1642766399999,9983.504683704772,9983.504683704772,0.0,0,0.0031488480279676656
1642780799999,9983.504683704772,9983.504683704772,0.0,0,0.0031488480279676656
1642795199999,9983.504683704772,9983.504683704772,0.0,0,0.0031488480279676656
1642809599999,9983.504683704772,9983.504683704772,0.0,0,0.0031488480279676656
1642823999999,9983.504683704772,9983.504683704772,0.0,0,0.0031488480279676656
1642838399999,9983.504683704772,9983.504683704772,0.0,0,0.0031488480279676656
1642852799999,9983.504683704772,9983.504683704772,0.0,0,0.0031488480279676656
1642867199999,9983.504683704772,9983.504683704772,0.0,0,0.0031488480279676656
1642881599999,9983.504683704772,9983.504683704772,0.0,0,0.0031488480279676656
1642895999999,9983.504683704772,9983.504683704772,0.0,0,0.0031488480279676656
1642910399999,9983.504683704772,9983.504683704772,0.0,0,0.0031488480279676656
1642924799999,9983.504683704772,9983.504683704772,0.0,0,0.0031488480279676656
1642939199999,9983.504683704772,9983.504683704772,0.0,0,0.0031488480279676656
1642953599999,9983.504683704772,9983.504683704772,0.0,0,0.0031488480279676656
1642967999999,9983.504683704772,9983.504683704772,0.0,0,0.0031488480279676656
1642982399999,9983.504683704772,9983.504683704772,0.0,0,0.0031488480279676656
1642996799999,9983.504683704772,9983.504683704772,0.0,0,0.0031488480279676656
1643011199999,9983.504683704772,9983.504683704772,0.0,0,0.0031488480279676656
1643025599999,9983.504683704772,9983.504683704772,0.0,0,0.0031488480279676656
1643039999999,9983.504683704772,9983.504683704772,0.0,0,0.0031488480279676656
1643054399999,9983.504683704772,9983.504683704772,0.0,0,0.0031488480279676656
1643068799999,9983.504683704772,9983.504683704772,0.0,0,0.0031488480279676656
1643083199999,9983.504683704772,9983.504683704772,0.0,0,0.0031488480279676656
1643097599999,9983.504683704772,9983.504683704772,0.0,0,0.0031488480279676656
1643111999999,9983.504683704772,9983.504683704772,0.0,0,0.0031488480279676656
1643126399999,9983.504683704772,9983.504683704772,0.0,0,0.0031488480279676656
1643140799999,9983.504683704772,9983.504683704772,0.0,0,0.0031488480279676656
1643155199999,9983.504683704772,9983.504683704772,0.0,0,0.0031488480279676656
1643169599999,9983.504683704772,9983.504683704772,0.0,0,0.0031488480279676656
1643183999999,9983.504683704772,9983.504683704772,0.0,0,0.0031488480279676656
1643198399999,9983.504683704772,9983.504683704772,0.0,0,0.0031488480279676656
1643212799999,9983.504683704772,9983.504683704772,0.0,0,0.0031488480279676656
1643227199999,9983.504683704772,9983.504683704772,0.0,0,0.0031488480279676656
1643241599999,9983.504683704772,9983.504683704772,0.0,0,0.0031488480279676656
1643255999999,9983.504683704772,9983.504683704772,0.0,0,0.0031488480279676656
1643270399999,9983.504683704772,9983.504683704772,0.0,0,0.0031488480279676656
1643284799999,9983.504683704772,9983.504683704772,0.0,0,0.0031488480279676656
1643299199999,9983.504683704772,9983.504683704772,0.0,0,0.0031488480279676656
1643313599999,9983.504683704772,9983.504683704772,0.0,0,0.0031488480279676656
1643327999999,9983.504683704772,9983.504683704772,0.0,0,0.0031488480279676656
1643342399999,9983.504683704772,9983.504683704772,0.0,0,0.0031488480279676656
1643356799999,9983.504683704772,9983.504683704772,0.0,0,0.0031488480279676656
1643371199999,9983.504683704772,9983.504683704772,0.0,0,0.0031488480279676656
1643385599999,9983.504683704772,9983.504683704772,0.0,0,0.0031488480279676656
1643399999999,9983.504683704772,9983.504683704772,0.0,0,0.0031488480279676656
1643414399999,9983.504683704772,9983.504683704772,0.0,0,0.0031488480279676656
1643428799999,9983.504683704772,9983.504683704772,0.0,0,0.0031488480279676656
1643443199999,9983.504683704772,9983.504683704772,0.0,0,0.0031488480279676656
1643457599999,9983.504683704772,9983.504683704772,0.0,0,0.0031488480279676656
1643471999999,9983.504683704772,9983.504683704772,0.0,0,0.0031488480279676656
1643486399999,9983.504683704772,9983.504683704772,0.0,0,0.0031488480279676656
1643500799999,9983.504683704772,9983.504683704772,0.0,0,0.0031488480279676656
1643515199999,9983.504683704772,9983.504683704772,0.0,0,0.0031488480279676656
1643529599999,9983.504683704772,9983.504683704772,0.0,0,0.0031488480279676656
1643543999999,9983.504683704772,9983.504683704772,0.0,0,0.0031488480279676656
1643558399999,9983.504683704772,9983.504683704772,0.0,0,0.0031488480279676656
1643572799999,9983.504683704772,9983.504683704772,0.0,0,0.0031488480279676656
1643587199999,9983.504683704772,9983.504683704772,0.0,0,0.0031488480279676656
1643601599999,9983.504683704772,9983.504683704772,0.0,0,0.0031488480279676656
1643615999999,9983.504683704772,9983.504683704772,0.0,0,0.0031488480279676656
1643630399999,9983.504683704772,9983.504683704772,0.0,0,0.0031488480279676656
1643644799999,9983.504683704772,9983.504683704772,0.0,0,0.0031488480279676656
1643659199999,9983.504683704772,9983.504683704772,0.0,0,0.0031488480279676656
1643673599999,9983.504683704772,9983.504683704772,0.0,0,0.0031488480279676656
1643687999999,9983.504683704772,9983.504683704772,0.0,0,0.0031488480279676656
1643702399999,9983.504683704772,9983.504683704772,0.0,0,0.0031488480279676656
1643716799999,9983.504683704772,9983.504683704772,0.0,0,0.0031488480279676656
1643731199999,9983.504683704772,9983.504683704772,0.0,0,0.0031488480279676656
1643745599999,9983.504683704772,9983.504683704772,0.0,0,0.0031488480279676656
1643759999999,9983.504683704772,9983.504683704772,0.0,0,0.0031488480279676656
1643774399999,9983.504683704772,9983.504683704772,0.0,0,0.0031488480279676656
1643788799999,9983.504683704772,9983.504683704772,0.0,0,0.0031488480279676656
1643803199999,9983.504683704772,9983.504683704772,0.0,0,0.0031488480279676656
1643817599999,9983.504683704772,9983.504683704772,0.0,0,0.0031488480279676656
1643831999999,9983.504683704772,9983.504683704772,0.0,0,0.0031488480279676656
1643846399999,9983.504683704772,9983.504683704772,0.0,0,0.0031488480279676656
1643860799999,9983.504683704772,9983.504683704772,0.0,0,0.0031488480279676656
1643875199999,9983.504683704772,9983.504683704772,0.0,0,0.0031488480279676656
1643889599999,9983.504683704772,9983.504683704772,0.0,0,0.0031488480279676656
1643903999999,9983.504683704772,9983.504683704772,0.0,0,0.0031488480279676656
1643918399999,9983.504683704772,9983.504683704772,0.0,0,0.0031488480279676656
1643932799999,9983.504683704772,9983.504683704772,0.0,0,0.0031488480279676656
1643947199999,9983.504683704772,9983.504683704772,0.0,0,0.0031488480279676656
1643961599999,9983.504683704772,9983.504683704772,0.0,0,0.0031488480279676656
1643975999999,9983.504683704772,9983.504683704772,0.0,0,0.0031488480279676656
1643990399999,9983.504683704772,9983.504683704772,0.0,0,0.0031488480279676656
1644004799999,9983.504683704772,9983.504683704772,0.0,0,0.0031488480279676656
1644019199999,9983.504683704772,9983.504683704772,0.0,0,0.0031488480279676656
1644033599999,9983.504683704772,9983.504683704772,0.0,0,0.0031488480279676656
1644047999999,9983.504683704772,9983.504683704772,0.0,0,0.0031488480279676656
1644062399999,9983.504683704772,9983.504683704772,0.0,0,0.0031488480279676656
1644076799999,9983.504683704772,9983.504683704772,0.0,0,0.0031488480279676656
1644091199999,9983.504683704772,9983.504683704772,0.0,0,0.0031488480279676656
1644105599999,9983.504683704772,9983.504683704772,0.0,0,0.0031488480279676656
1644119999999,9983.504683704772,9983.504683704772,0.0,0,0.0031488480279676656
1644134399999,9983.504683704772,9983.504683704772,0.0,0,0.0031488480279676656
1644148799999,9983.504683704772,9983.504683704772,0.0,0,0.0031488480279676656
1644163199999,9983.504683704772,9983.504683704772,0.0,0,0.0031488480279676656
1644177599999,9983.504683704772,9983.504683704772,0.0,0,0.0031488480279676656
1644191999999,9983.504683704772,9983.504683704772,0.0,0,0.0031488480279676656
1644206399999,9983.504683704772,9983.504683704772,0.0,0,0.0031488480279676656
1644220799999,9983.504683704772,9983.504683704772,0.0,0,0.0031488480279676656
1644235199999,9983.504683704772,9983.504683704772,0.0,0,0.0031488480279676656
1644249599999,9983.504683704772,9983.504683704772,0.0,0,0.0031488480279676656
1644263999999,9933.467183704772,9982.719675399125,41.52823920265781,1,0.003227230966483141
1644278399999,9933.467183704772,9983.259542508758,41.52823920265781,1,0.003173325332419763
1644292799999,9933.467183704772,9985.00372855527,41.52823920265781,1,0.002999168668522345
1644307199999,9883.429683704771,9984.148045276861,81.81832784085282,2,0.003084608490391383
1644321599999,9883.429683704771,9981.529858785954,81.81832784085282,2,0.0033460339418962537
1644335999999,9883.429683704771,9978.911672295046,81.81832784085282,2,0.0036074593934012356
1644350399999,9978.75830383951,9978.75830383951,0.0,0,0.003622773206177543
1644364799999,9978.75830383951,9978.75830383951,0.0,0,0.003622773206177543
1644379199999,9978.75830383951,9978.75830383951,0.0,0,0.003622773206177543
1644393599999,9978.75830383951,9978.75830383951,0.0,0,0.003622773206177543
1644407999999,9978.75830383951,9978.75830383951,0.0,0,0.003622773206177543
1644422399999,9978.75830383951,9978.75830383951,0.0,0,0.003622773206177543
1644436799999,9978.75830383951,9978.75830383951,0.0,0,0.003622773206177543
1644451199999,9978.75830383951,9978.75830383951,0.0,0,0.003622773206177543
1644465599999,9978.75830383951,9978.75830383951,0.0,0,0.003622773206177543
1644479999999,9978.75830383951,9978.75830383951,0.0,0,0.003622773206177543
1644494399999,9978.75830383951,9978.75830383951,0.0,0,0.003622773206177543
1644508799999,9978.75830383951,9978.75830383951,0.0,0,0.003622773206177543
1644523199999,9978.75830383951,9978.75830383951,0.0,0,0.003622773206177543
1644537599999,9978.75830383951,9978.75830383951,0.0,0,0.003622773206177543
1644551999999,9978.75830383951,9978.75830383951,0.0,0,0.003622773206177543
1644566399999,9978.75830383951,9978.75830383951,0.0,0,0.003622773206177543
1644580799999,9978.75830383951,9978.75830383951,0.0,0,0.003622773206177543
1644595199999,9978.75830383951,9978.75830383951,0.0,0,0.003622773206177543
1644609599999,9978.75830383951,9978.75830383951,0.0,0,0.003622773206177543
1644623999999,9978.75830383951,9978.75830383951,0.0,0,0.003622773206177543
1644638399999,9978.75830383951,9978.75830383951,0.0,0,0.003622773206177543
1644652799999,9978.75830383951,9978.75830383951,0.0,0,0.003622773206177543
1644667199999,9978.75830383951,9978.75830383951,0.0,0,0.003622773206177543
1644681599999,9978.75830383951,9978.75830383951,0.0,0,0.003622773206177543
1644695999999,9978.75830383951,9978.75830383951,0.0,0,0.003622773206177543
1644710399999,9978.75830383951,9978.75830383951,0.0,0,0.003622773206177543
1644724799999,9978.75830383951,9978.75830383951,0.0,0,0.003622773206177543
1644739199999,9978.75830383951,9978.75830383951,0.0,0,0.003622773206177543
1644753599999,9978.75830383951,9978.75830383951,0.0,0,0.003622773206177543
1644767999999,9978.75830383951,9978.75830383951,0.0,0,0.003622773206177543
1644782399999,9978.75830383951,9978.75830383951,0.0,0,0.003622773206177543
1644796799999,9978.75830383951,9978.75830383951,0.0,0,0.003622773206177543
1644811199999,9978.75830383951,9978.75830383951,0.0,0,0.003622773206177543
1644825599999,9978.75830383951,9978.75830383951,0.0,0,0.003622773206177543
1644839999999,9978.75830383951,9978.75830383951,0.0,0,0.003622773206177543
1644854399999,9978.75830383951,9978.75830383951,0.0,0,0.003622773206177543
1644868799999,9978.75830383951,9978.75830383951,0.0,0,0.003622773206177543
1644883199999,9978.75830383951,9978.75830383951,0.0,0,0.003622773206177543
1644897599999,9978.75830383951,9978.75830383951,0.0,0,0.003622773206177543
1644911999999,9978.75830383951,9978.75830383951,0.0,0,0.003622773206177543
1644926399999,9978.75830383951,9978.75830383951,0.0,0,0.003622773206177543
1644940799999,9978.75830383951,9978.75830383951,0.0,0,0.003622773206177543
1644955199999,9978.75830383951,9978.75830383951,0.0,0,0.003622773206177543
1644969599999,9978.75830383951,9978.75830383951,0.0,0,0.003622773206177543
1644983999999,9978.75830383951,9978.75830383951,0.0,0,0.003622773206177543
1644998399999,9978.75830383951,9978.75830383951,0.0,0,0.003622773206177543
1645012799999,9978.75830383951,9978.75830383951,0.0,0,0.003622773206177543
1645027199999,9978.75830383951,9978.75830383951,0.0,0,0.003622773206177543
1645041599999,9978.75830383951,9978.75830383951,0.0,0,0.003622773206177543
1645055999999,9978.75830383951,9978.75830383951,0.0,0,0.003622773206177543
1645070399999,9978.75830383951,9978.75830383951,0.0,0,0.003622773206177543
1645084799999,9978.75830383951,9978.75830383951,0.0,0,0.003622773206177543
1645099199999,9978.75830383951,9978.75830383951,0.0,0,0.003622773206177543
1645113599999,9978.75830383951,9978.75830383951,0.0,0,0.003622773206177543
1645127999999,9978.75830383951,9978.75830383951,0.0,0,0.003622773206177543
1645142399999,9978.75830383951,9978.75830383951,0.0,0,0.003622773206177543
1645156799999,9978.75830383951,9978.75830383951,0.0,0,0.003622773206177543
1645171199999,9978.75830383951,9978.75830383951,0.0,0,0.003622773206177543
1645185599999,9978.75830383951,9978.75830383951,0.0,0,0.003622773206177543
1645199999999,9978.75830383951,9978.75830383951,0.0,0,0.003622773206177543
1645214399999,9978.75830383951,9978.75830383951,0.0,0,0.003622773206177543
1645228799999,9978.75830383951,9978.75830383951,0.0,0,0.003622773206177543
1645243199999,9978.75830383951,9978.75830383951,0.0,0,0.003622773206177543
1645257599999,9978.75830383951,9978.75830383951,0.0,0,0.003622773206177543
1645271999999,9978.75830383951,9978.75830383951,0.0,0,0.003622773206177543
1645286399999,9978.75830383951,9978.75830383951,0.0,0,0.003622773206177543
1645300799999,9978.75830383951,9978.75830383951,0.0,0,0.003622773206177543
1645315199999,9978.75830383951,9978.75830383951,0.0,0,0.003622773206177543
1645329599999,9978.75830383951,9978.75830383951,0.0,0,0.003622773206177543
1645343999999,9978.75830383951,9978.75830383951,0.0,0,0.003622773206177543
1645358399999,9978.75830383951,9978.75830383951,0.0,0,0.003622773206177543
1645372799999,9978.75830383951,9978.75830383951,0.0,0,0.003622773206177543
1645387199999,9978.75830383951,9978.75830383951,0.0,0,0.003622773206177543
1645401599999,9978.75830383951,9978.75830383951,0.0,0,0.003622773206177543
1645415999999,9978.75830383951,9978.75830383951,0.0,0,0.003622773206177543
1645430399999,9978.75830383951,9978.75830383951,0.0,0,0.003622773206177543
1645444799999,9978.75830383951,9978.75830383951,0.0,0,0.003622773206177543
1645459199999,9978.75830383951,9978.75830383951,0.0,0,0.003622773206177543
1645473599999,9978.75830383951,9978.75830383951,0.0,0,0.003622773206177543
1645487999999,9978.75830383951,9978.75830383951,0.0,0,0.003622773206177543
1645502399999,9978.75830383951,9978.75830383951,0.0,0,0.003622773206177543
1645516799999,9978.75830383951,9978.75830383951,0.0,0,0.003622773206177543
1645531199999,9978.75830383951,9978.75830383951,0.0,0,0.003622773206177543
1645545599999,9978.75830383951,9978.75830383951,0.0,0,0.003622773206177543
1645559999999,9978.75830383951,9978.75830383951,0.0,0,0.003622773206177543
1645574399999,9978.75830383951,9978.75830383951,0.0,0,0.003622773206177543
1645588799999,9978.75830383951,9978.75830383951,0.0,0,0.003622773206177543
1645603199999,9978.75830383951,9978.75830383951,0.0,0,0.003622773206177543
1645617599999,9978.75830383951,9978.75830383951,0.0,0,0.003622773206177543
1645631999999,9978.75830383951,9978.75830383951,0.0,0,0.003622773206177543
1645646399999,9978.75830383951,9978.75830383951,0.0,0,0.003622773206177543
1645660799999,9978.75830383951,9978.75830383951,0.0,0,0.003622773206177543
1645675199999,9978.75830383951,9978.75830383951,0.0,0,0.003622773206177543
1645689599999,9978.75830383951,9978.75830383951,0.0,0,0.003622773206177543
1645703999999,9978.75830383951,9978.75830383951,0.0,0,0.003622773206177543
1645718399999,9978.75830383951,9978.75830383951,0.0,0,0.003622773206177543
1645732799999,9978.75830383951,9978.75830383951,0.0,0,0.003622773206177543
1645747199999,9978.75830383951,9978.75830383951,0.0,0,0.003622773206177543
1645761599999,9978.75830383951,9978.75830383951,0.0,0,0.003622773206177543
1645775999999,9978.75830383951,9978.75830383951,0.0,0,0.003622773206177543
1645790399999,9978.75830383951,9978.75830383951,0.0,0,0.003622773206177543
1645804799999,9978.75830383951,9978.75830383951,0.0,0,0.003622773206177543
1645819199999,9978.75830383951,9978.75830383951,0.0,0,0.003622773206177543
1645833599999,9978.75830383951,9978.75830383951,0.0,0,0.003622773206177543
1645847999999,9978.75830383951,9978.75830383951,0.0,0,0.003622773206177543
1645862399999,9978.75830383951,9978.75830383951,0.0,0,0.003622773206177543
1645876799999,9978.75830383951,9978.75830383951,0.0,0,0.003622773206177543
1645891199999,9978.75830383951,9978.75830383951,0.0,0,0.003622773206177543
1645905599999,9978.75830383951,9978.75830383951,0.0,0,0.003622773206177543
1645919999999,9978.75830383951,9978.75830383951,0.0,0,0.003622773206177543
1645934399999,9978.75830383951,9978.75830383951,0.0,0,0.003622773206177543
1645948799999,9978.75830383951,9978.75830383951,0.0,0,0.003622773206177543
1645963199999,9978.75830383951,9978.75830383951,0.0,0,0.003622773206177543
1645977599999,9978.75830383951,9978.75830383951,0.0,0,0.003622773206177543
1645991999999,9978.75830383951,9978.75830383951,0.0,0,0.003622773206177543
1646006399999,9978.75830383951,9978.75830383951,0.0,0,0.003622773206177543
1646020799999,9978.75830383951,9978.75830383951,0.0,0,0.003622773206177543
1646035199999,9978.75830383951,9978.75830383951,0.0,0,0.003622773206177543
1646049599999,9978.75830383951,9978.75830383951,0.0,0,0.003622773206177543
1646063999999,9978.75830383951,9978.75830383951,0.0,0,0.003622773206177543
1646078399999,9978.75830383951,9978.75830383951,0.0,0,0.003622773206177543
1646092799999,9978.75830383951,9978.75830383951,0.0,0,0.003622773206177543
1646107199999,9978.75830383951,9978.75830383951,0.0,0,0.003622773206177543
1646121599999,9978.75830383951,9978.75830383951,0.0,0,0.003622773206177543
1646135999999,9978.75830383951,9978.75830383951,0.0,0,0.003622773206177543
1646150399999,9978.75830383951,9978.75830383951,0.0,0,0.003622773206177543
1646164799999,9978.75830383951,9978.75830383951,0.0,0,0.003622773206177543
1646179199999,9978.75830383951,9978.75830383951,0.0,0,0.003622773206177543
1646193599999,9978.75830383951,9978.75830383951,0.0,0,0.003622773206177543
1646207999999,9978.75830383951,9978.75830383951,0.0,0,0.003622773206177543
1646222399999,9978.75830383951,9978.75830383951,0.0,0,0.003622773206177543
1646236799999,9978.75830383951,9978.75830383951,0.0,0,0.003622773206177543
1646251199999,9978.75830383951,9978.75830383951,0.0,0,0.003622773206177543
1646265599999,9978.75830383951,9978.75830383951,0.0,0,0.003622773206177543
1646279999999,9978.75830383951,9978.75830383951,0.0,0,0.003622773206177543
1646294399999,9978.75830383951,9978.75830383951,0.0,0,0.003622773206177543
1646308799999,9978.75830383951,9978.75830383951,0.0,0,0.003622773206177543
1646323199999,9978.75830383951,9978.75830383951,0.0,0,0.003622773206177543
1646337599999,9978.75830383951,9978.75830383951,0.0,0,0.003622773206177543
1646351999999,9978.75830383951,9978.75830383951,0.0,0,0.003622773206177543
1646366399999,9978.75830383951,9978.75830383951,0.0,0,0.003622773206177543
1646380799999,9978.75830383951,9978.75830383951,0.0,0,0.003622773206177543
1646395199999,9978.75830383951,9978.75830383951,0.0,0,0.003622773206177543
1646409599999,9978.75830383951,9978.75830383951,0.0,0,0.003622773206177543
1646423999999,9978.75830383951,9978.75830383951,0.0,0,0.003622773206177543
1646438399999,9978.75830383951,9978.75830383951,0.0,0,0.003622773206177543
1646452799999,9978.75830383951,9978.75830383951,0.0,0,0.003622773206177543
1646467199999,9978.75830383951,9978.75830383951,0.0,0,0.003622773206177543
1646481599999,9978.75830383951,9978.75830383951,0.0,0,0.003622773206177543
1646495999999,9978.75830383951,9978.75830383951,0.0,0,0.003622773206177543
1646510399999,9978.75830383951,9978.75830383951,0.0,0,0.003622773206177543
1646524799999,9978.75830383951,9978.75830383951,0.0,0,0.003622773206177543
1646539199999,9978.75830383951,9978.75830383951,0.0,0,0.003622773206177543
1646553599999,9978.75830383951,9978.75830383951,0.0,0,0.003622773206177543
1646567999999,9978.75830383951,9978.75830383951,0.0,0,0.003622773206177543
1646582399999,9978.75830383951,9978.75830383951,0.0,0,0.003622773206177543
1646596799999,9978.75830383951,9978.75830383951,0.0,0,0.003622773206177543
1646611199999,9978.75830383951,9978.75830383951,0.0,0,0.003622773206177543
1646625599999,9978.75830383951,9978.75830383951,0.0,0,0.003622773206177543
1646639999999,9978.75830383951,9978.75830383951,0.0,0,0.003622773206177543
1646654399999,9978.75830383951,9978.75830383951,0.0,0,0.003622773206177543
1646668799999,9978.75830383951,9978.75830383951,0.0,0,0.003622773206177543
1646683199999,9978.75830383951,9978.75830383951,0.0,0,0.003622773206177543
1646697599999,9978.75830383951,9978.75830383951,0.0,0,0.003622773206177543
1646711999999,9978.75830383951,9978.75830383951,0.0,0,0.003622773206177543
1646726399999,9978.75830383951,9978.75830383951,0.0,0,0.003622773206177543
1646740799999,9978.75830383951,9978.75830383951,0.0,0,0.003622773206177543
1646755199999,9978.75830383951,9978.75830383951,0.0,0,0.003622773206177543
1646769599999,9978.75830383951,9978.75830383951,0.0,0,0.003622773206177543
1646783999999,9978.75830383951,9978.75830383951,0.0,0,0.003622773206177543
1646798399999,9978.75830383951,9978.75830383951,0.0,0,0.003622773206177543
1646812799999,9978.75830383951,9978.75830383951,0.0,0,0.003622773206177543
1646827199999,9978.75830383951,9978.75830383951,0.0,0,0.003622773206177543
1646841599999,9978.75830383951,9978.75830383951,0.0,0,0.003622773206177543
1646855999999,9978.75830383951,9978.75830383951,0.0,0,0.003622773206177543
1646870399999,9978.75830383951,9978.75830383951,0.0,0,0.003622773206177543
1646884799999,9978.75830383951,9978.75830383951,0.0,0,0.003622773206177543
1646899199999,9978.75830383951,9978.75830383951,0.0,0,0.003622773206177543
1646913599999,9978.75830383951,9978.75830383951,0.0,0,0.003622773206177543
1646927999999,9978.75830383951,9978.75830383951,0.0,0,0.003622773206177543
1646942399999,9978.75830383951,9978.75830383951,0.0,0,0.003622773206177543
1646956799999,9978.75830383951,9978.75830383951,0.0,0,0.003622773206177543
1646971199999,9978.75830383951,9978.75830383951,0.0,0,0.003622773206177543
1646985599999,9978.75830383951,9978.75830383951,0.0,0,0.003622773206177543
1646999999999,9978.75830383951,9978.75830383951,0.0,0,0.003622773206177543
1647014399999,9978.75830383951,9978.75830383951,0.0,0,0.003622773206177543
1647028799999,9978.75830383951,9978.75830383951,0.0,0,0.003622773206177543
1647043199999,9978.75830383951,9978.75830383951,0.0,0,0.003622773206177543
1647057599999,9978.75830383951,9978.75830383951,0.0,0,0.003622773206177543
1647071999999,9978.75830383951,9978.75830383951,0.0,0,0.003622773206177543
1647086399999,9978.75830383951,9978.75830383951,0.0,0,0.003622773206177543
1647100799999,9978.75830383951,9978.75830383951,0.0,0,0.003622773206177543
1647115199999,9978.75830383951,9978.75830383951,0.0,0,0.003622773206177543
1647129599999,9978.75830383951,9978.75830383951,0.0,0,0.003622773206177543
1647143999999,9978.75830383951,9978.75830383951,0.0,0,0.003622773206177543
1647158399999,9978.75830383951,9978.75830383951,0.0,0,0.003622773206177543
1647172799999,9978.75830383951,9978.75830383951,0.0,0,0.003622773206177543
1647187199999,9978.75830383951,9978.75830383951,0.0,0,0.003622773206177543
1647201599999,9978.75830383951,9978.75830383951,0.0,0,0.003622773206177543
1647215999999,9978.75830383951,9978.75830383951,0.0,0,0.003622773206177543
1647230399999,9978.75830383951,9978.75830383951,0.0,0,0.003622773206177543
1647244799999,9978.75830383951,9978.75830383951,0.0,0,0.003622773206177543
1647259199999,9978.75830383951,9978.75830383951,0.0,0,0.003622773206177543
1647273599999,9978.75830383951,9978.75830383951,0.0,0,0.003622773206177543
1647287999999,9978.75830383951,9978.75830383951,0.0,0,0.003622773206177543
1647302399999,9978.75830383951,9978.75830383951,0.0,0,0.003622773206177543
1647316799999,9978.75830383951,9978.75830383951,0.0,0,0.003622773206177543
1647331199999,9978.75830383951,9978.75830383951,0.0,0,0.003622773206177543
1647345599999,9978.75830383951,9978.75830383951,0.0,0,0.003622773206177543
1647359999999,9978.75830383951,9978.75830383951,0.0,0,0.003622773206177543
1647374399999,9978.75830383951,9978.75830383951,0.0,0,0.003622773206177543
1647388799999,9978.75830383951,9978.75830383951,0.0,0,0.003622773206177543
1647403199999,9978.75830383951,9978.75830383951,0.0,0,0.003622773206177543
1647417599999,9978.75830383951,9978.75830383951,0.0,0,0.003622773206177543
1647431999999,9978.75830383951,9978.75830383951,0.0,0,0.003622773206177543
1647446399999,9978.75830383951,9978.75830383951,0.0,0,0.003622773206177543
1647460799999,9978.75830383951,9978.75830383951,0.0,0,0.003622773206177543
1647475199999,9978.75830383951,9978.75830383951,0.0,0,0.003622773206177543
1647489599999,9978.75830383951,9978.75830383951,0.0,0,0.003622773206177543
1647503999999,9978.75830383951,9978.75830383951,0.0,0,0.003622773206177543
1647518399999,9978.75830383951,9978.75830383951,0.0,0,0.003622773206177543
1647532799999,9978.75830383951,9978.75830383951,0.0,0,0.003622773206177543
1647547199999,9978.75830383951,9978.75830383951,0.0,0,0.003622773206177543
1647561599999,9978.75830383951,9978.75830383951,0.0,0,0.003622773206177543
1647575999999,9978.75830383951,9978.75830383951,0.0,0,0.003622773206177543
1647590399999,9978.75830383951,9978.75830383951,0.0,0,0.003622773206177543
1647604799999,9978.75830383951,9978.75830383951,0.0,0,0.003622773206177543
1647619199999,9978.75830383951,9978.75830383951,0.0,0,0.003622773206177543
1647633599999,9978.75830383951,9978.75830383951,0.0,0,0.003622773206177543
1647647999999,9978.75830383951,9978.75830383951,0.0,0,0.003622773206177543
1647662399999,9978.75830383951,9978.75830383951,0.0,0,0.003622773206177543
1647676799999,9978.75830383951,9978.75830383951,0.0,0,0.003622773206177543
1647691199999,9978.75830383951,9978.75830383951,0.0,0,0.003622773206177543
1647705599999,9978.75830383951,9978.75830383951,0.0,0,0.003622773206177543
1647719999999,9928.72080383951,9979.502926744537,55.865921787709496,1,0.0035484227426701986
1647734399999,9928.72080383951,9979.16773121381,55.865921787709496,1,0.0035818919562906615
1647748799999,9928.72080383951,9978.888401604872,55.865921787709496,1,0.0036097829676411397
1647763199999,9928.72080383951,9979.279463057386,55.865921787709496,1,0.00357073555175047
1647777599999,9928.72080383951,9978.273876465208,55.865921787709496,1,0.0036711431926120808
1647791999999,9928.72080383951,9977.603485403755,55.865921787709496,1,0.0037380816198531175
1647806399999,9977.566823392583,9977.566823392583,0.0,0,0.003741742315092722
1647820799999,9977.566823392583,9977.566823392583,0.0,0,0.003741742315092722
1647835199999,9977.566823392583,9977.566823392583,0.0,0,0.003741742315092722
1647849599999,9977.566823392583,9977.566823392583,0.0,0,0.003741742315092722
1647863999999,9977.566823392583,9977.566823392583,0.0,0,0.003741742315092722
1647878399999,9977.566823392583,9977.566823392583,0.0,0,0.003741742315092722
1647892799999,9977.566823392583,9977.566823392583,0.0,0,0.003741742315092722
1647907199999,9977.566823392583,9977.566823392583,0.0,0,0.003741742315092722
1647921599999,9977.566823392583,9977.566823392583,0.0,0,0.003741742315092722
1647935999999,9927.529323392582,9978.06811649603,53.87931034482758,1,0.003691688288628203
1647950399999,9927.529323392582,9979.037944082238,53.87931034482758,1,0.003594851178098879
1647964799999,9927.529323392582,9979.73837511672,53.87931034482758,1,0.003524913264938978
1647979199999,9927.529323392582,9979.199582013272,53.87931034482758,1,0.0035787116596773805
1647993599999,9927.529323392582,9980.061650978789,53.87931034482758,1,0.003492634228095981
1648007999999,9877.491823392582,9979.182860085773,105.16136162687886,2,0.0035803813411388052
1648022399999,9877.491823392582,9979.60350553228,105.16136162687886,2,0.0035383799687542794
1648036799999,9877.491823392582,9980.865441871803,105.16136162687886,2,0.003412375851600813
1648051199999,9877.491823392582,9990.224803056595,105.16136162687886,2,0.002477845316045446
1648065599999,9827.454323392582,9987.1970543488,151.84670242986672,3,0.002780165481445218
1648079999999,9827.454323392582,9995.700469684874,151.84670242986672,3,0.0019311009853572036
1648094399999,9827.454323392582,9992.511688933846,151.84670242986672,3,0.0022495001713902507
1648108799999,9827.454323392582,10000.71141086506,151.84670242986672,3,0.0014307594073054153
1648123199999,9827.454323392582,10000.25587075777,151.84670242986672,3,0.0014762450053101839
1648137599999,9827.454323392582,10004.811271830666,151.84670242986672,3,0.001021389025263164
1648151999999,9827.454323392582,10005.266811937956,151.84670242986672,3,0.0009759034272583955
1648166399999,9827.454323392582,9999.19294384076,151.84670242986672,3,0.0015823780673211996
1648180799999,9827.454323392582,10001.470644377208,151.84670242986672,3,0.0013549500772976897
1648195199999,9827.454323392582,9999.49663724562,151.84670242986672,3,0.0015520543353180205
1648209599999,9827.454323392582,10000.55956416263,151.84670242986672,3,0.0014459212733070048
1648223999999,9827.454323392582,9994.333849363005,151.84670242986672,3,0.0020675577793712874
1648238399999,9827.454323392582,9994.182002660575,151.84670242986672,3,0.002082719645372988
1648252799999,9827.454323392582,9993.878309255715,151.84670242986672,3,0.002113043377376056
1648267199999,9827.454323392582,9995.700469684874,151.84670242986672,3,0.0019311009853572036
1648281599999,9827.454323392582,10000.407717460199,151.84670242986672,3,0.0014610831393087054
1648295999999,9827.454323392582,9998.43371032861,151.84670242986672,3,0.0016581873973290362
1648310399999,9827.454323392582,9999.95217735291,151.84670242986672,3,0.001506568737313252
1648324799999,9827.454323392582,9999.041097138332,151.84670242986672,3,0.001597539933322678
1648339199999,9827.454323392582,10002.381724591787,151.84670242986672,3,0.0012639788812882635
1648353599999,9827.454323392582,10000.71141086506,151.84670242986672,3,0.0014307594073054153
1648367999999,9827.454323392582,10001.31879767478,151.84670242986672,3,0.0013701119432991682
1648382399999,9827.454323392582,9998.889250435901,151.84670242986672,3,0.0016127017993242676
1648396799999,9827.454323392582,9999.64848394805,151.84670242986672,3,0.001536892469316431
1648411199999,9827.454323392582,9998.889250435901,151.84670242986672,3,0.0016127017993242676
1648425599999,9827.454323392582,10007.240819069544,151.84670242986672,3,0.0007787991692379537
1648439999999,9827.454323392582,10006.785278962254,151.84670242986672,3,0.0008242847672427223
1648454399999,9827.454323392582,10007.088972367113,151.84670242986672,3,0.0007939610352396542
1648468799999,9827.454323392582,10008.911132796273,151.84670242986672,3,0.0006120186432206909
1648483199999,9827.454323392582,10012.0999135473,151.84670242986672,3,0.00045478265247345107
1648497599999,9827.454323392582,10012.403606952159,151.84670242986672,3,0.0004244638089753172
1648511999999,9827.454323392582,10005.114965235525,151.84670242986672,3,0.0011521160529329721
1648526399999,9827.454323392582,10009.214826201132,151.84670242986672,3,0.0007428116657066663
1648540799999,9827.454323392582,10010.42959982057,151.84670242986672,3,0.0006215362917137979
1648555199999,9827.454323392582,10013.770227274028,151.84670242986672,3,0.0002880290132332153
1648569599999,9827.454323392582,10009.97405971328,151.84670242986672,3,0.0006670145569611652
1648583999999,9827.454323392582,10009.214826201132,151.84670242986672,3,0.0007428116657066663
1648598399999,9827.454323392582,10008.303745986554,151.84670242986672,3,0.00083376819620129
1648612799999,9827.454323392582,10007.848205879263,151.84670242986672,3,0.0008792464614487683
1648627199999,9827.454323392582,10009.214826201132,151.84670242986672,3,0.0007428116657066663
1648641599999,9827.454323392582,10008.000052581692,151.84670242986672,3,0.0008640870396997569
1648655999999,9827.454323392582,10007.240819069544,151.84670242986672,3,0.000939884148445147
1648670399999,9827.454323392582,10008.607439391413,151.84670242986672,3,0.0008034493527031561
1648684799999,9827.454323392582,10008.000052581692,151.84670242986672,3,0.0008640870396997569
1648699199999,9827.454323392582,10009.366672903561,151.84670242986672,3,0.0007276522439576549
1648713599999,9827.454323392582,10010.885139927861,151.84670242986672,3,0.0005760580264663195
1648727999999,9827.454323392582,10010.885139927861,151.84670242986672,3,0.0005760580264663195
1648742399999,9827.454323392582,10005.570505342816,151.84670242986672,3,0.0011066377876854938
1648756799999,9827.454323392582,10001.774337782068,151.84670242986672,3,0.0014856233314135547
1648771199999,10001.491864953874,10001.491864953874,0.0,0,0.0015138236457221677
1648785599999,10001.491864953874,10001.491864953874,0.0,0,0.0015138236457221677
1648799999999,10001.491864953874,10001.491864953874,0.0,0,0.0015138236457221677
1648814399999,10001.491864953874,10001.491864953874,0.0,0,0.0015138236457221677
1648828799999,10001.491864953874,10001.491864953874,0.0,0,0.0015138236457221677
1648843199999,10001.491864953874,10001.491864953874,0.0,0,0.0015138236457221677
1648857599999,10001.491864953874,10001.491864953874,0.0,0,0.0015138236457221677
1648871999999,10001.491864953874,10001.491864953874,0.0,0,0.0015138236457221677
1648886399999,10001.491864953874,10001.491864953874,0.0,0,0.0015138236457221677
1648900799999,10001.491864953874,10001.491864953874,0.0,0,0.0015138236457221677
1648915199999,10001.491864953874,10001.491864953874,0.0,0,0.0015138236457221677
1648929599999,10001.491864953874,10001.491864953874,0.0,0,0.0015138236457221677
1648943999999,10001.491864953874,10001.491864953874,0.0,0,0.0015138236457221677
1648958399999,10001.491864953874,10001.491864953874,0.0,0,0.0015138236457221677
1648972799999,10001.491864953874,10001.491864953874,0.0,0,0.0015138236457221677
1648987199999,10001.491864953874,10001.491864953874,0.0,0,0.0015138236457221677
1649001599999,10001.491864953874,10001.491864953874,0.0,0,0.0015138236457221677
1649015999999,10001.491864953874,10001.491864953874,0.0,0,0.0015138236457221677
1649030399999,10001.491864953874,10001.491864953874,0.0,0,0.0015138236457221677
1649044799999,10001.491864953874,10001.491864953874,0.0,0,0.0015138236457221677
1649059199999,10001.491864953874,10001.491864953874,0.0,0,0.0015138236457221677
1649073599999,9951.454364953874,10001.577821743997,41.15226337448559,1,0.0015052422592790604
1649087999999,9951.454364953874,10001.207451373626,41.15226337448559,1,0.0015422177125353764
1649102399999,9951.454364953874,10000.384406106137,41.15226337448559,1,0.0016243853864381652
1649116799999,9951.454364953874,10001.33090816375,41.15226337448559,1,0.0015298925614498637
1649131199999,9951.454364953874,10001.33090816375,41.15226337448559,1,0.0015298925614498637
1649145599999,9951.454364953874,10001.042842320128,41.15226337448559,1,0.001558651247315912
1649159999999,9951.454364953874,10001.248603637001,41.15226337448559,1,0.0015381093288402425
1649174399999,9951.454364953874,10000.343253842762,41.15226337448559,1,0.0016284937701334101
1649188799999,9951.454364953874,10000.713624213133,41.15226337448559,1,0.001591518316877094
1649203199999,9951.454364953874,9999.643665365396,41.15226337448559,1,0.0016983362929509083
1649217599999,9999.56640199091,9999.56640199091,0.0,0,0.001706049783338437
1649231999999,9999.56640199091,9999.56640199091,0.0,0,0.001706049783338437
1649246399999,9999.56640199091,9999.56640199091,0.0,0,0.001706049783338437
1649260799999,9999.56640199091,9999.56640199091,0.0,0,0.001706049783338437
1649275199999,9999.56640199091,9999.56640199091,0.0,0,0.001706049783338437
1649289599999,9999.56640199091,9999.56640199091,0.0,0,0.001706049783338437
1649303999999,9999.56640199091,9999.56640199091,0.0,0,0.001706049783338437
1649318399999,9999.56640199091,9999.56640199091,0.0,0,0.001706049783338437
1649332799999,9999.56640199091,9999.56640199091,0.0,0,0.001706049783338437
1649347199999,9999.56640199091,9999.56640199091,0.0,0,0.001706049783338437
1649361599999,9999.56640199091,9999.56640199091,0.0,0,0.001706049783338437
1649375999999,9999.56640199091,9999.56640199091,0.0,0,0.001706049783338437
1649390399999,9999.56640199091,9999.56640199091,0.0,0,0.001706049783338437
1649404799999,9999.56640199091,9999.56640199091,0.0,0,0.001706049783338437
1649419199999,9999.56640199091,9999.56640199091,0.0,0,0.001706049783338437
1649433599999,9999.56640199091,9999.56640199091,0.0,0,0.001706049783338437
1649447999999,9999.56640199091,9999.56640199091,0.0,0,0.001706049783338437
1649462399999,9999.56640199091,9999.56640199091,0.0,0,0.001706049783338437
1649476799999,9999.56640199091,9999.56640199091,0.0,0,0.001706049783338437
1649491199999,9999.56640199091,9999.56640199091,0.0,0,0.001706049783338437
1649505599999,9999.56640199091,9999.56640199091,0.0,0,0.001706049783338437
1649519999999,9999.56640199091,9999.56640199091,0.0,0,0.001706049783338437
1649534399999,9999.56640199091,9999.56640199091,0.0,0,0.001706049783338437
1649548799999,9999.56640199091,9999.56640199091,0.0,0,0.001706049783338437
1649563199999,9999.56640199091,9999.56640199091,0.0,0,0.001706049783338437
1649577599999,9999.56640199091,9999.56640199091,0.0,0,0.001706049783338437
1649591999999,9999.56640199091,9999.56640199091,0.0,0,0.001706049783338437
1649606399999,9999.56640199091,9999.56640199091,0.0,0,0.001706049783338437
1649620799999,9999.56640199091,9999.56640199091,0.0,0,0.001706049783338437
1649635199999,9999.56640199091,9999.56640199091,0.0,0,0.001706049783338437
1649649599999,9999.56640199091,9999.56640199091,0.0,0,0.001706049783338437
1649663999999,9999.56640199091,9999.56640199091,0.0,0,0.001706049783338437
1649678399999,9999.56640199091,9999.56640199091,0.0,0,0.001706049783338437
1649692799999,9999.56640199091,9999.56640199091,0.0,0,0.001706049783338437
1649707199999,9999.56640199091,9999.56640199091,0.0,0,0.001706049783338437
1649721599999,9999.56640199091,9999.56640199091,0.0,0,0.001706049783338437
1649735999999,9999.56640199091,9999.56640199091,0.0,0,0.001706049783338437
1649750399999,9999.56640199091,9999.56640199091,0.0,0,0.001706049783338437
1649764799999,9999.56640199091,9999.56640199091,0.0,0,0.001706049783338437
1649779199999,9999.56640199091,9999.56640199091,0.0,0,0.001706049783338437
1649793599999,9999.56640199091,9999.56640199091,0.0,0,0.001706049783338437
1649807999999,9999.56640199091,9999.56640199091,0.0,0,0.001706049783338437
1649822399999,9999.56640199091,9999.56640199091,0.0,0,0.001706049783338437
1649836799999,9999.56640199091,9999.56640199091,0.0,0,0.001706049783338437
1649851199999,9999.56640199091,9999.56640199091,0.0,0,0.001706049783338437
1649865599999,9999.56640199091,9999.56640199091,0.0,0,0.001706049783338437
1649879999999,9999.56640199091,9999.56640199091,0.0,0,0.001706049783338437
1649894399999,9999.56640199091,9999.56640199091,0.0,0,0.001706049783338437
1649908799999,9999.56640199091,9999.56640199091,0.0,0,0.001706049783338437
1649923199999,9999.56640199091,9999.56640199091,0.0,0,0.001706049783338437
1649937599999,9999.56640199091,9999.56640199091,0.0,0,0.001706049783338437
1649951999999,9999.56640199091,9999.56640199091,0.0,0,0.001706049783338437
1649966399999,9999.56640199091,9999.56640199091,0.0,0,0.001706049783338437
1649980799999,9999.56640199091,9999.56640199091,0.0,0,0.001706049783338437
1649995199999,9999.56640199091,9999.56640199091,0.0,0,0.001706049783338437
1650009599999,9999.56640199091,9999.56640199091,0.0,0,0.001706049783338437
1650023999999,9999.56640199091,9999.56640199091,0.0,0,0.001706049783338437
1650038399999,9999.56640199091,9999.56640199091,0.0,0,0.001706049783338437
1650052799999,9999.56640199091,9999.56640199091,0.0,0,0.001706049783338437
1650067199999,9999.56640199091,9999.56640199091,0.0,0,0.001706049783338437
1650081599999,9999.56640199091,9999.56640199091,0.0,0,0.001706049783338437
1650095999999,9999.56640199091,9999.56640199091,0.0,0,0.001706049783338437
1650110399999,9999.56640199091,9999.56640199091,0.0,0,0.001706049783338437
1650124799999,9999.56640199091,9999.56640199091,0.0,0,0.001706049783338437
1650139199999,9999.56640199091,9999.56640199091,0.0,0,0.001706049783338437
1650153599999,9999.56640199091,9999.56640199091,0.0,0,0.001706049783338437
1650167999999,9999.56640199091,9999.56640199091,0.0,0,0.001706049783338437
1650182399999,9999.56640199091,9999.56640199091,0.0,0,0.001706049783338437
1650196799999,9999.56640199091,9999.56640199091,0.0,0,0.001706049783338437
1650211199999,9999.56640199091,9999.56640199091,0.0,0,0.001706049783338437
1650225599999,9999.56640199091,9999.56640199091,0.0,0,0.001706049783338437
1650239999999,9999.56640199091,9999.56640199091,0.0,0,0.001706049783338437
1650254399999,9999.56640199091,9999.56640199091,0.0,0,0.001706049783338437
1650268799999,9999.56640199091,9999.56640199091,0.0,0,0.001706049783338437
1650283199999,9999.56640199091,9999.56640199091,0.0,0,0.001706049783338437
1650297599999,9999.56640199091,9999.56640199091,0.0,0,0.001706049783338437
1650311999999,9999.56640199091,9999.56640199091,0.0,0,0.001706049783338437
1650326399999,9999.56640199091,9999.56640199091,0.0,0,0.001706049783338437
1650340799999,9999.56640199091,9999.56640199091,0.0,0,0.001706049783338437
1650355199999,9999.56640199091,9999.56640199091,0.0,0,0.001706049783338437
1650369599999,9999.56640199091,9999.56640199091,0.0,0,0.001706049783338437
1650383999999,9999.56640199091,9999.56640199091,0.0,0,0.001706049783338437
1650398399999,9999.56640199091,9999.56640199091,0.0,0,0.001706049783338437
1650412799999,9999.56640199091,9999.56640199091,0.0,0,0.001706049783338437
1650427199999,9999.56640199091,9999.56640199091,0.0,0,0.001706049783338437
1650441599999,9999.56640199091,9999.56640199091,0.0,0,0.001706049783338437
1650455999999,9999.56640199091,9999.56640199091,0.0,0,0.001706049783338437
1650470399999,9999.56640199091,9999.56640199091,0.0,0,0.001706049783338437
1650484799999,9999.56640199091,9999.56640199091,0.0,0,0.001706049783338437
1650499199999,9999.56640199091,9999.56640199091,0.0,0,0.001706049783338437
1650513599999,9999.56640199091,9999.56640199091,0.0,0,0.001706049783338437
1650527999999,9999.56640199091,9999.56640199091,0.0,0,0.001706049783338437
1650542399999,9999.56640199091,9999.56640199091,0.0,0,0.001706049783338437
1650556799999,9999.56640199091,9999.56640199091,0.0,0,0.001706049783338437
1650571199999,9999.56640199091,9999.56640199091,0.0,0,0.001706049783338437
1650585599999,9999.56640199091,9999.56640199091,0.0,0,0.001706049783338437
1650599999999,9999.56640199091,9999.56640199091,0.0,0,0.001706049783338437
1650614399999,9999.56640199091,9999.56640199091,0.0,0,0.001706049783338437
1650628799999,9999.56640199091,9999.56640199091,0.0,0,0.001706049783338437
1650643199999,9999.56640199091,9999.56640199091,0.0,0,0.001706049783338437
1650657599999,9999.56640199091,9999.56640199091,0.0,0,0.001706049783338437
1650671999999,9999.56640199091,9999.56640199091,0.0,0,0.001706049783338437
1650686399999,9999.56640199091,9999.56640199091,0.0,0,0.001706049783338437
1650700799999,9999.56640199091,9999.56640199091,0.0,0,0.001706049783338437
1650715199999,9999.56640199091,9999.56640199091,0.0,0,0.001706049783338437
1650729599999,9999.56640199091,9999.56640199091,0.0,0,0.001706049783338437
1650743999999,9999.56640199091,9999.56640199091,0.0,0,0.001706049783338437
1650758399999,9999.56640199091,9999.56640199091,0.0,0,0.001706049783338437
1650772799999,9999.56640199091,9999.56640199091,0.0,0,0.001706049783338437
1650787199999,9999.56640199091,9999.56640199091,0.0,0,0.001706049783338437
1650801599999,9999.56640199091,9999.56640199091,0.0,0,0.001706049783338437
1650815999999,9999.56640199091,9999.56640199091,0.0,0,0.001706049783338437
1650830399999,9999.56640199091,9999.56640199091,0.0,0,0.001706049783338437
1650844799999,9999.56640199091,9999.56640199091,0.0,0,0.001706049783338437
1650859199999,9999.56640199091,9999.56640199091,0.0,0,0.001706049783338437
1650873599999,9999.56640199091,9999.56640199091,0.0,0,0.001706049783338437
1650887999999,9999.56640199091,9999.56640199091,0.0,0,0.001706049783338437
1650902399999,9999.56640199091,9999.56640199091,0.0,0,0.001706049783338437
1650916799999,9999.56640199091,9999.56640199091,0.0,0,0.001706049783338437
1650931199999,9999.56640199091,9999.56640199091,0.0,0,0.001706049783338437
1650945599999,9999.56640199091,9999.56640199091,0.0,0,0.001706049783338437
1650959999999,9999.56640199091,9999.56640199091,0.0,0,0.001706049783338437
1650974399999,9999.56640199091,9999.56640199091,0.0,0,0.001706049783338437
1650988799999,9999.56640199091,9999.56640199091,0.0,0,0.001706049783338437
1651003199999,9999.56640199091,9999.56640199091,0.0,0,0.001706049783338437
1651017599999,9999.56640199091,9999.56640199091,0.0,0,0.001706049783338437
1651031999999,9999.56640199091,9999.56640199091,0.0,0,0.001706049783338437
1651046399999,9999.56640199091,9999.56640199091,0.0,0,0.001706049783338437
1651060799999,9999.56640199091,9999.56640199091,0.0,0,0.001706049783338437
1651075199999,9999.56640199091,9999.56640199091,0.0,0,0.001706049783338437
1651089599999,9999.56640199091,9999.56640199091,0.0,0,0.001706049783338437
1651103999999,9999.56640199091,9999.56640199091,0.0,0,0.001706049783338437
1651118399999,9999.56640199091,9999.56640199091,0.0,0,0.001706049783338437
1651132799999,9999.56640199091,9999.56640199091,0.0,0,0.001706049783338437
1651147199999,9999.56640199091,9999.56640199091,0.0,0,0.001706049783338437
1651161599999,9999.56640199091,9999.56640199091,0.0,0,0.001706049783338437
1651175999999,9999.56640199091,9999.56640199091,0.0,0,0.001706049783338437
1651190399999,9999.56640199091,9999.56640199091,0.0,0,0.001706049783338437
1651204799999,9999.56640199091,9999.56640199091,0.0,0,0.001706049783338437
1651219199999,9999.56640199091,9999.56640199091,0.0,0,0.001706049783338437
1651233599999,9999.56640199091,9999.56640199091,0.0,0,0.001706049783338437
1651247999999,9999.56640199091,9999.56640199091,0.0,0,0.001706049783338437
1651262399999,9999.56640199091,9999.56640199091,0.0,0,0.001706049783338437
1651276799999,9999.56640199091,9999.56640199091,0.0,0,0.001706049783338437
1651291199999,9999.56640199091,9999.56640199091,0.0,0,0.001706049783338437
1651305599999,9999.56640199091,9999.56640199091,0.0,0,0.001706049783338437
1651319999999,9999.56640199091,9999.56640199091,0.0,0,0.001706049783338437
1651334399999,9999.56640199091,9999.56640199091,0.0,0,0.001706049783338437
1651348799999,9999.56640199091,9999.56640199091,0.0,0,0.001706049783338437
1651363199999,9999.56640199091,9999.56640199091,0.0,0,0.001706049783338437
1651377599999,9999.56640199091,9999.56640199091,0.0,0,0.001706049783338437
1651391999999,9999.56640199091,9999.56640199091,0.0,0,0.001706049783338437
1651406399999,9999.56640199091,9999.56640199091,0.0,0,0.001706049783338437
1651420799999,9999.56640199091,9999.56640199091,0.0,0,0.001706049783338437
1651435199999,9999.56640199091,9999.56640199091,0.0,0,0.001706049783338437
1651449599999,9999.56640199091,9999.56640199091,0.0,0,0.001706049783338437
1651463999999,9999.56640199091,9999.56640199091,0.0,0,0.001706049783338437
1651478399999,9999.56640199091,9999.56640199091,0.0,0,0.001706049783338437
1651492799999,9999.56640199091,9999.56640199091,0.0,0,0.001706049783338437
1651507199999,9999.56640199091,9999.56640199091,0.0,0,0.001706049783338437
1651521599999,9999.56640199091,9999.56640199091,0.0,0,0.001706049783338437
1651535999999,9999.56640199091,9999.56640199091,0.0,0,0.001706049783338437
1651550399999,9999.56640199091,9999.56640199091,0.0,0,0.001706049783338437
1651564799999,9999.56640199091,9999.56640199091,0.0,0,0.001706049783338437
1651579199999,9999.56640199091,9999.56640199091,0.0,0,0.001706049783338437
1651593599999,9999.56640199091,9999.56640199091,0.0,0,0.001706049783338437
1651607999999,9999.56640199091,9999.56640199091,0.0,0,0.001706049783338437
1651622399999,9999.56640199091,9999.56640199091,0.0,0,0.001706049783338437
1651636799999,9999.56640199091,9999.56640199091,0.0,0,0.001706049783338437
1651651199999,9999.56640199091,9999.56640199091,0.0,0,0.001706049783338437
1651665599999,9999.56640199091,9999.56640199091,0.0,0,0.001706049783338437
1651679999999,9999.56640199091,9999.56640199091,0.0,0,0.001706049783338437
1651694399999,9999.56640199091,9999.56640199091,0.0,0,0.001706049783338437
1651708799999,9999.56640199091,9999.56640199091,0.0,0,0.001706049783338437
1651723199999,9999.56640199091,9999.56640199091,0.0,0,0.001706049783338437
1651737599999,9999.56640199091,9999.56640199091,0.0,0,0.001706049783338437
1651751999999,9999.56640199091,9999.56640199091,0.0,0,0.001706049783338437
1651766399999,9999.56640199091,9999.56640199091,0.0,0,0.001706049783338437
1651780799999,9999.56640199091,9999.56640199091,0.0,0,0.001706049783338437
1651795199999,9999.56640199091,9999.56640199091,0.0,0,0.001706049783338437
1651809599999,9999.56640199091,9999.56640199091,0.0,0,0.001706049783338437
1651823999999,9999.56640199091,9999.56640199091,0.0,0,0.001706049783338437
1651838399999,9999.56640199091,9999.56640199091,0.0,0,0.001706049783338437
1651852799999,9999.56640199091,9999.56640199091,0.0,0,0.001706049783338437
1651867199999,9999.56640199091,9999.56640199091,0.0,0,0.001706049783338437
1651881599999,9999.56640199091,9999.56640199091,0.0,0,0.001706049783338437
1651895999999,9999.56640199091,9999.56640199091,0.0,0,0.001706049783338437
1651910399999,9999.56640199091,9999.56640199091,0.0,0,0.001706049783338437
1651924799999,9999.56640199091,9999.56640199091,0.0,0,0.001706049783338437
1651939199999,9999.56640199091,9999.56640199091,0.0,0,0.001706049783338437
1651953599999,9999.56640199091,9999.56640199091,0.0,0,0.001706049783338437
1651967999999,9999.56640199091,9999.56640199091,0.0,0,0.001706049783338437
1651982399999,9999.56640199091,9999.56640199091,0.0,0,0.001706049783338437
1651996799999,9999.56640199091,9999.56640199091,0.0,0,0.001706049783338437
1652011199999,9999.56640199091,9999.56640199091,0.0,0,0.001706049783338437
1652025599999,9999.56640199091,9999.56640199091,0.0,0,0.001706049783338437
1652039999999,9999.56640199091,9999.56640199091,0.0,0,0.001706049783338437
1652054399999,9999.56640199091,9999.56640199091,0.0,0,0.001706049783338437
1652068799999,9999.56640199091,9999.56640199091,0.0,0,0.001706049783338437
1652083199999,9999.56640199091,9999.56640199091,0.0,0,0.001706049783338437
1652097599999,9999.56640199091,9999.56640199091,0.0,0,0.001706049783338437
1652111999999,9999.56640199091,9999.56640199091,0.0,0,0.001706049783338437
1652126399999,9999.56640199091,9999.56640199091,0.0,0,0.001706049783338437
1652140799999,9999.56640199091,9999.56640199091,0.0,0,0.001706049783338437
1652155199999,9999.56640199091,9999.56640199091,0.0,0,0.001706049783338437
1652169599999,9999.56640199091,9999.56640199091,0.0,0,0.001706049783338437
1652183999999,9999.56640199091,9999.56640199091,0.0,0,0.001706049783338437
1652198399999,9999.56640199091,9999.56640199091,0.0,0,0.001706049783338437
1652212799999,9999.56640199091,9999.56640199091,0.0,0,0.001706049783338437
1652227199999,9999.56640199091,9999.56640199091,0.0,0,0.001706049783338437
1652241599999,9999.56640199091,9999.56640199091,0.0,0,0.001706049783338437
1652255999999,9999.56640199091,9999.56640199091,0.0,0,0.001706049783338437
1652270399999,9999.56640199091,9999.56640199091,0.0,0,0.001706049783338437
1652284799999,9999.56640199091,9999.56640199091,0.0,0,0.001706049783338437
1652299199999,9999.56640199091,9999.56640199091,0.0,0,0.001706049783338437
1652313599999,9999.56640199091,9999.56640199091,0.0,0,0.001706049783338437
1652327999999,9999.56640199091,9999.56640199091,0.0,0,0.001706049783338437
1652342399999,9999.56640199091,9999.56640199091,0.0,0,0.001706049783338437
1652356799999,9999.56640199091,9999.56640199091,0.0,0,0.001706049783338437
1652371199999,9999.56640199091,9999.56640199091,0.0,0,0.001706049783338437
1652385599999,9999.56640199091,9999.56640199091,0.0,0,0.001706049783338437
1652399999999,9999.56640199091,9999.56640199091,0.0,0,0.001706049783338437
1652414399999,9999.56640199091,9999.56640199091,0.0,0,0.001706049783338437
1652428799999,9999.56640199091,9999.56640199091,0.0,0,0.001706049783338437
1652443199999,9999.56640199091,9999.56640199091,0.0,0,0.001706049783338437
1652457599999,9999.56640199091,9999.56640199091,0.0,0,0.001706049783338437
1652471999999,9999.56640199091,9999.56640199091,0.0,0,0.001706049783338437
1652486399999,9999.56640199091,9999.56640199091,0.0,0,0.001706049783338437
1652500799999,9999.56640199091,9999.56640199091,0.0,0,0.001706049783338437
1652515199999,9999.56640199091,9999.56640199091,0.0,0,0.001706049783338437
1652529599999,9999.56640199091,9999.56640199091,0.0,0,0.001706049783338437
1652543999999,9999.56640199091,9999.56640199091,0.0,0,0.001706049783338437
1652558399999,9999.56640199091,9999.56640199091,0.0,0,0.001706049783338437
1652572799999,9999.56640199091,9999.56640199091,0.0,0,0.001706049783338437
1652587199999,9999.56640199091,9999.56640199091,0.0,0,0.001706049783338437
1652601599999,9999.56640199091,9999.56640199091,0.0,0,0.001706049783338437
1652615999999,9999.56640199091,9999.56640199091,0.0,0,0.001706049783338437
1652630399999,9999.56640199091,9999.56640199091,0.0,0,0.001706049783338437
1652644799999,9999.56640199091,9999.56640199091,0.0,0,0.001706049783338437
1652659199999,9999.56640199091,9999.56640199091,0.0,0,0.001706049783338437
1652673599999,9999.56640199091,9999.56640199091,0.0,0,0.001706049783338437
1652687999999,9999.56640199091,9999.56640199091,0.0,0,0.001706049783338437
1652702399999,9999.56640199091,9999.56640199091,0.0,0,0.001706049783338437
1652716799999,9999.56640199091,9999.56640199091,0.0,0,0.001706049783338437
1652731199999,9999.56640199091,9999.56640199091,0.0,0,0.001706049783338437
1652745599999,9999.56640199091,9999.56640199091,0.0,0,0.001706049783338437
1652759999999,9999.56640199091,9999.56640199091,0.0,0,0.001706049783338437
1652774399999,9999.56640199091,9999.56640199091,0.0,0,0.001706049783338437
1652788799999,9999.56640199091,9999.56640199091,0.0,0,0.001706049783338437
1652803199999,9999.56640199091,9999.56640199091,0.0,0,0.001706049783338437
1652817599999,9999.56640199091,9999.56640199091,0.0,0,0.001706049783338437
1652831999999,9999.56640199091,9999.56640199091,0.0,0,0.001706049783338437
1652846399999,9999.56640199091,9999.56640199091,0.0,0,0.001706049783338437
1652860799999,9999.56640199091,9999.56640199091,0.0,0,0.001706049783338437
1652875199999,9999.56640199091,9999.56640199091,0.0,0,0.001706049783338437
1652889599999,9999.56640199091,9999.56640199091,0.0,0,0.001706049783338437
1652903999999,9999.56640199091,9999.56640199091,0.0,0,0.001706049783338437
1652918399999,9999.56640199091,9999.56640199091,0.0,0,0.001706049783338437
1652932799999,9999.56640199091,9999.56640199091,0.0,0,0.001706049783338437
1652947199999,9999.56640199091,9999.56640199091,0.0,0,0.001706049783338437
1652961599999,9999.56640199091,9999.56640199091,0.0,0,0.001706049783338437
1652975999999,9999.56640199091,9999.56640199091,0.0,0,0.001706049783338437
1652990399999,9999.56640199091,9999.56640199091,0.0,0,0.001706049783338437
1653004799999,9999.56640199091,9999.56640199091,0.0,0,0.001706049783338437
1653019199999,9999.56640199091,9999.56640199091,0.0,0,0.001706049783338437
1653033599999,9999.56640199091,9999.56640199091,0.0,0,0.001706049783338437
1653047999999,9999.56640199091,9999.56640199091,0.0,0,0.001706049783338437
1653062399999,9999.56640199091,9999.56640199091,0.0,0,0.001706049783338437
1653076799999,9999.56640199091,9999.56640199091,0.0,0,0.001706049783338437
1653091199999,9999.56640199091,9999.56640199091,0.0,0,0.001706049783338437
1653105599999,9999.56640199091,9999.56640199091,0.0,0,0.001706049783338437
1653119999999,9999.56640199091,9999.56640199091,0.0,0,0.001706049783338437
1653134399999,9999.56640199091,9999.56640199091,0.0,0,0.001706049783338437
1653148799999,9999.56640199091,9999.56640199091,0.0,0,0.001706049783338437
1653163199999,9999.56640199091,9999.56640199091,0.0,0,0.001706049783338437
1653177599999,9999.56640199091,9999.56640199091,0.0,0,0.001706049783338437
1653191999999,9999.56640199091,9999.56640199091,0.0,0,0.001706049783338437
1653206399999,9999.56640199091,9999.56640199091,0.0,0,0.001706049783338437
1653220799999,9999.56640199091,9999.56640199091,0.0,0,0.001706049783338437
1653235199999,9999.56640199091,9999.56640199091,0.0,0,0.001706049783338437
1653249599999,9999.56640199091,9999.56640199091,0.0,0,0.001706049783338437
1653263999999,9999.56640199091,9999.56640199091,0.0,0,0.001706049783338437
1653278399999,9999.56640199091,9999.56640199091,0.0,0,0.001706049783338437
1653292799999,9999.56640199091,9999.56640199091,0.0,0,0.001706049783338437
1653307199999,9999.56640199091,9999.56640199091,0.0,0,0.001706049783338437
1653321599999,9999.56640199091,9999.56640199091,0.0,0,0.001706049783338437
1653335999999,9999.56640199091,9999.56640199091,0.0,0,0.001706049783338437
1653350399999,9999.56640199091,9999.56640199091,0.0,0,0.001706049783338437
1653364799999,9999.56640199091,9999.56640199091,0.0,0,0.001706049783338437
1653379199999,9999.56640199091,9999.56640199091,0.0,0,0.001706049783338437
1653393599999,9999.56640199091,9999.56640199091,0.0,0,0.001706049783338437
1653407999999,9999.56640199091,9999.56640199091,0.0,0,0.001706049783338437
1653422399999,9999.56640199091,9999.56640199091,0.0,0,0.001706049783338437
1653436799999,9999.56640199091,9999.56640199091,0.0,0,0.001706049783338437
1653451199999,9999.56640199091,9999.56640199091,0.0,0,0.001706049783338437
1653465599999,9999.56640199091,9999.56640199091,0.0,0,0.001706049783338437
1653479999999,9999.56640199091,9999.56640199091,0.0,0,0.001706049783338437
1653494399999,9999.56640199091,9999.56640199091,0.0,0,0.001706049783338437
1653508799999,9999.56640199091,9999.56640199091,0.0,0,0.001706049783338437
1653523199999,9999.56640199091,9999.56640199091,0.0,0,0.001706049783338437
1653537599999,9999.56640199091,9999.56640199091,0.0,0,0.001706049783338437
1653551999999,9999.56640199091,9999.56640199091,0.0,0,0.001706049783338437
1653566399999,9999.56640199091,9999.56640199091,0.0,0,0.001706049783338437
1653580799999,9999.56640199091,9999.56640199091,0.0,0,0.001706049783338437
1653595199999,9999.56640199091,9999.56640199091,0.0,0,0.001706049783338437
1653609599999,9999.56640199091,9999.56640199091,0.0,0,0.001706049783338437
1653623999999,9999.56640199091,9999.56640199091,0.0,0,0.001706049783338437
1653638399999,9999.56640199091,9999.56640199091,0.0,0,0.001706049783338437
1653652799999,9999.56640199091,9999.56640199091,0.0,0,0.001706049783338437
1653667199999,9999.56640199091,9999.56640199091,0.0,0,0.001706049783338437
1653681599999,9999.56640199091,9999.56640199091,0.0,0,0.001706049783338437
1653695999999,9999.56640199091,9999.56640199091,0.0,0,0.001706049783338437
1653710399999,9999.56640199091,9999.56640199091,0.0,0,0.001706049783338437
1653724799999,9999.56640199091,9999.56640199091,0.0,0,0.001706049783338437
1653739199999,9999.56640199091,9999.56640199091,0.0,0,0.001706049783338437
1653753599999,9999.56640199091,9999.56640199091,0.0,0,0.001706049783338437
1653767999999,9999.56640199091,9999.56640199091,0.0,0,0.001706049783338437
1653782399999,9999.56640199091,9999.56640199091,0.0,0,0.001706049783338437
1653796799999,9999.56640199091,9999.56640199091,0.0,0,0.001706049783338437
1653811199999,9999.56640199091,9999.56640199091,0.0,0,0.001706049783338437
1653825599999,9999.56640199091,9999.56640199091,0.0,0,0.001706049783338437
1653839999999,9999.56640199091,9999.56640199091,0.0,0,0.001706049783338437
1653854399999,9999.56640199091,9999.56640199091,0.0,0,0.001706049783338437
1653868799999,9999.56640199091,9999.56640199091,0.0,0,0.001706049783338437
1653883199999,9999.56640199091,9999.56640199091,0.0,0,0.001706049783338437
1653897599999,9999.56640199091,9999.56640199091,0.0,0,0.001706049783338437
1653911999999,9999.56640199091,9999.56640199091,0.0,0,0.001706049783338437
1653926399999,9999.56640199091,9999.56640199091,0.0,0,0.001706049783338437
1653940799999,9999.56640199091,9999.56640199091,0.0,0,0.001706049783338437
1653955199999,9999.56640199091,9999.56640199091,0.0,0,0.001706049783338437
1653969599999,9999.56640199091,9999.56640199091,0.0,0,0.001706049783338437
1653983999999,9999.56640199091,9999.56640199091,0.0,0,0.001706049783338437
1653998399999,9999.56640199091,9999.56640199091,0.0,0,0.001706049783338437
1654012799999,9999.56640199091,9999.56640199091,0.0,0,0.001706049783338437
1654027199999,9999.56640199091,9999.56640199091,0.0,0,0.001706049783338437
1654041599999,9999.56640199091,9999.56640199091,0.0,0,0.001706049783338437
1654055999999,9999.56640199091,9999.56640199091,0.0,0,0.001706049783338437
1654070399999,9999.56640199091,9999.56640199091,0.0,0,0.001706049783338437
1654084799999,9999.56640199091,9999.56640199091,0.0,0,0.001706049783338437
1654099199999,9999.56640199091,9999.56640199091,0.0,0,0.001706049783338437
1654113599999,9999.56640199091,9999.56640199091,0.0,0,0.001706049783338437
1654127999999,9999.56640199091,9999.56640199091,0.0,0,0.001706049783338437
1654142399999,9999.56640199091,9999.56640199091,0.0,0,0.001706049783338437
1654156799999,9999.56640199091,9999.56640199091,0.0,0,0.001706049783338437
1654171199999,9999.56640199091,9999.56640199091,0.0,0,0.001706049783338437
1654185599999,9999.56640199091,9999.56640199091,0.0,0,0.001706049783338437
1654199999999,9999.56640199091,9999.56640199091,0.0,0,0.001706049783338437
1654214399999,9999.56640199091,9999.56640199091,0.0,0,0.001706049783338437
1654228799999,9999.56640199091,9999.56640199091,0.0,0,0.001706049783338437
1654243199999,9999.56640199091,9999.56640199091,0.0,0,0.001706049783338437
1654257599999,9999.56640199091,9999.56640199091,0.0,0,0.001706049783338437
1654271999999,9999.56640199091,9999.56640199091,0.0,0,0.001706049783338437
1654286399999,9999.56640199091,9999.56640199091,0.0,0,0.001706049783338437
1654300799999,9999.56640199091,9999.56640199091,0.0,0,0.001706049783338437
1654315199999,9999.56640199091,9999.56640199091,0.0,0,0.001706049783338437
1654329599999,9999.56640199091,9999.56640199091,0.0,0,0.001706049783338437
1654343999999,9999.56640199091,9999.56640199091,0.0,0,0.001706049783338437
1654358399999,9999.56640199091,9999.56640199091,0.0,0,0.001706049783338437
1654372799999,9999.56640199091,9999.56640199091,0.0,0,0.001706049783338437
1654387199999,9999.56640199091,9999.56640199091,0.0,0,0.001706049783338437
1654401599999,9999.56640199091,9999.56640199091,0.0,0,0.001706049783338437
1654415999999,9999.56640199091,9999.56640199091,0.0,0,0.001706049783338437
1654430399999,9999.56640199091,9999.56640199091,0.0,0,0.001706049783338437
1654444799999,9999.56640199091,9999.56640199091,0.0,0,0.001706049783338437
1654459199999,9999.56640199091,9999.56640199091,0.0,0,0.001706049783338437
1654473599999,9999.56640199091,9999.56640199091,0.0,0,0.001706049783338437
1654487999999,9999.56640199091,9999.56640199091,0.0,0,0.001706049783338437
1654502399999,9949.52890199091,10001.057286270387,80.86689309396733,1,0.0015572092539754001
1654516799999,9949.52890199091,10000.046450106713,80.86689309396733,1,0.0016581247923386222
1654531199999,9949.52890199091,9998.793013263756,80.86689309396733,1,0.001783260059909142
1654545599999,9949.52890199091,9998.542325895163,80.86689309396733,1,0.0018082871134234013
1654559999999,9949.52890199091,9998.784926574446,80.86689309396733,1,0.0017840673842161037
1654574399999,9949.52890199091,9997.224195537732,80.86689309396733,1,0.0019398809754490598
1654588799999,9949.52890199091,9997.070548440854,80.86689309396733,1,0.0019552201372803335
1654603199999,9949.52890199091,9996.706647421932,80.86689309396733,1,0.001991549731091058
1654617599999,9949.52890199091,9999.27821462232,80.86689309396733,1,0.0017348206014947687
1654631999999,9949.52890199091,10000.507391397348,80.86689309396733,1,0.001612107306844912
1654646399999,9949.52890199091,9999.189261039915,80.86689309396733,1,0.0017437011688707926
1654660799999,9949.52890199091,10000.523564775965,80.86689309396733,1,0.0016104926582313217
1654675199999,9949.52890199091,10001.121979784863,80.86689309396733,1,0.0015507506595200393
1654689599999,9949.52890199091,10001.534400939641,80.86689309396733,1,0.0015095771198678776
1654703999999,9949.52890199091,10003.224519005305,80.86689309396733,1,0.001340846339724422
1654718399999,9949.52890199091,10001.81743506547,80.86689309396733,1,0.0014813207691262154
1654732799999,9949.52890199091,10001.348407085525,80.86689309396733,1,0.0015281455789267762
1654747199999,9949.52890199091,10001.647614589972,80.86689309396733,1,0.0014982745795711905
1654761599999,9949.52890199091,10002.318809802653,80.86689309396733,1,0.0014312666620979186
1654775999999,9949.52890199091,10001.388840532072,80.86689309396733,1,0.0015241089573921895
1654790399999,9949.52890199091,10001.340320396215,80.86689309396733,1,0.001528952903233738
1654804799999,9949.52890199091,10000.378004368396,80.86689309396733,1,0.0016250244957556337
1654819199999,9949.52890199091,10000.661038494227,80.86689309396733,1,0.0015967681450137494
1654833599999,9949.52890199091,10000.426524504253,80.86689309396733,1,0.0016201805499140853
1654847999999,9949.52890199091,9999.94132314569,80.86689309396733,1,0.0016686200083285696
1654862399999,9949.52890199091,9999.156914282677,80.86689309396733,1,0.0017469304660985285
1654876799999,9949.52890199091,9997.046288372925,80.86689309396733,1,0.0019576421102011077
1654891199999,9997.002569708848,9997.002569708848,0.0,0,0.00196200670723512
1654905599999,9997.002569708848,9997.002569708848,0.0,0,0.00196200670723512
1654919999999,9997.002569708848,9997.002569708848,0.0,0,0.00196200670723512
1654934399999,9997.002569708848,9997.002569708848,0.0,0,0.00196200670723512
1654948799999,9997.002569708848,9997.002569708848,0.0,0,0.00196200670723512
1654963199999,9997.002569708848,9997.002569708848,0.0,0,0.00196200670723512
1654977599999,9997.002569708848,9997.002569708848,0.0,0,0.00196200670723512
1654991999999,9997.002569708848,9997.002569708848,0.0,0,0.00196200670723512
1655006399999,9997.002569708848,9997.002569708848,0.0,0,0.00196200670723512
1655020799999,9997.002569708848,9997.002569708848,0.0,0,0.00196200670723512
1655035199999,9997.002569708848,9997.002569708848,0.0,0,0.00196200670723512
1655049599999,9997.002569708848,9997.002569708848,0.0,0,0.00196200670723512
1655063999999,9997.002569708848,9997.002569708848,0.0,0,0.00196200670723512
1655078399999,9997.002569708848,9997.002569708848,0.0,0,0.00196200670723512
1655092799999,9997.002569708848,9997.002569708848,0.0,0,0.00196200670723512
1655107199999,9997.002569708848,9997.002569708848,0.0,0,0.00196200670723512
1655121599999,9997.002569708848,9997.002569708848,0.0,0,0.00196200670723512
1655135999999,9997.002569708848,9997.002569708848,0.0,0,0.00196200670723512
1655150399999,9997.002569708848,9997.002569708848,0.0,0,0.00196200670723512
1655164799999,9997.002569708848,9997.002569708848,0.0,0,0.00196200670723512
1655179199999,9997.002569708848,9997.002569708848,0.0,0,0.00196200670723512
1655193599999,9997.002569708848,9997.002569708848,0.0,0,0.00196200670723512
1655207999999,9997.002569708848,9997.002569708848,0.0,0,0.00196200670723512
1655222399999,9997.002569708848,9997.002569708848,0.0,0,0.00196200670723512
1655236799999,9997.002569708848,9997.002569708848,0.0,0,0.00196200670723512
1655251199999,9997.002569708848,9997.002569708848,0.0,0,0.00196200670723512
1655265599999,9997.002569708848,9997.002569708848,0.0,0,0.00196200670723512
1655279999999,9997.002569708848,9997.002569708848,0.0,0,0.00196200670723512
1655294399999,9997.002569708848,9997.002569708848,0.0,0,0.00196200670723512
1655308799999,9997.002569708848,9997.002569708848,0.0,0,0.00196200670723512
1655323199999,9997.002569708848,9997.002569708848,0.0,0,0.00196200670723512
1655337599999,9997.002569708848,9997.002569708848,0.0,0,0.00196200670723512
1655351999999,9997.002569708848,9997.002569708848,0.0,0,0.00196200670723512
1655366399999,9997.002569708848,9997.002569708848,0.0,0,0.00196200670723512
1655380799999,9997.002569708848,9997.002569708848,0.0,0,0.00196200670723512
1655395199999,9997.002569708848,9997.002569708848,0.0,0,0.00196200670723512
1655409599999,9997.002569708848,9997.002569708848,0.0,0,0.00196200670723512
1655423999999,9997.002569708848,9997.002569708848,0.0,0,0.00196200670723512
1655438399999,9997.002569708848,9997.002569708848,0.0,0,0.00196200670723512
1655452799999,9997.002569708848,9997.002569708848,0.0,0,0.00196200670723512
1655467199999,9997.002569708848,9997.002569708848,0.0,0,0.00196200670723512
1655481599999,9997.002569708848,9997.002569708848,0.0,0,0.00196200670723512
1655495999999,9997.002569708848,9997.002569708848,0.0,0,0.00196200670723512
1655510399999,9997.002569708848,9997.002569708848,0.0,0,0.00196200670723512
1655524799999,9997.002569708848,9997.002569708848,0.0,0,0.00196200670723512
1655539199999,9997.002569708848,9997.002569708848,0.0,0,0.00196200670723512
1655553599999,9997.002569708848,9997.002569708848,0.0,0,0.00196200670723512
1655567999999,9997.002569708848,9997.002569708848,0.0,0,0.00196200670723512
1655582399999,9997.002569708848,9997.002569708848,0.0,0,0.00196200670723512
1655596799999,9997.002569708848,9997.002569708848,0.0,0,0.00196200670723512
1655611199999,9997.002569708848,9997.002569708848,0.0,0,0.00196200670723512
1655625599999,9997.002569708848,9997.002569708848,0.0,0,0.00196200670723512
1655639999999,9997.002569708848,9997.002569708848,0.0,0,0.00196200670723512
1655654399999,9997.002569708848,9997.002569708848,0.0,0,0.00196200670723512
1655668799999,9997.002569708848,9997.002569708848,0.0,0,0.00196200670723512
1655683199999,9997.002569708848,9997.002569708848,0.0,0,0.00196200670723512
1655697599999,9997.002569708848,9997.002569708848,0.0,0,0.00196200670723512
1655711999999,9997.002569708848,9997.002569708848,0.0,0,0.00196200670723512
1655726399999,9997.002569708848,9997.002569708848,0.0,0,0.00196200670723512
1655740799999,9997.002569708848,9997.002569708848,0.0,0,0.00196200670723512
1655755199999,9997.002569708848,9997.002569708848,0.0,0,0.00196200670723512
1655769599999,9997.002569708848,9997.002569708848,0.0,0,0.00196200670723512
1655783999999,9997.002569708848,9997.002569708848,0.0,0,0.00196200670723512
1655798399999,9997.002569708848,9997.002569708848,0.0,0,0.00196200670723512
1655812799999,9997.002569708848,9997.002569708848,0.0,0,0.00196200670723512
1655827199999,9997.002569708848,9997.002569708848,0.0,0,0.00196200670723512
1655841599999,9997.002569708848,9997.002569708848,0.0,0,0.00196200670723512
1655855999999,9997.002569708848,9997.002569708848,0.0,0,0.00196200670723512
1655870399999,9997.002569708848,9997.002569708848,0.0,0,0.00196200670723512
1655884799999,9997.002569708848,9997.002569708848,0.0,0,0.00196200670723512
1655899199999,9997.002569708848,9997.002569708848,0.0,0,0.00196200670723512
1655913599999,9997.002569708848,9997.002569708848,0.0,0,0.00196200670723512
1655927999999,9997.002569708848,9997.002569708848,0.0,0,0.00196200670723512
1655942399999,9997.002569708848,9997.002569708848,0.0,0,0.00196200670723512
1655956799999,9997.002569708848,9997.002569708848,0.0,0,0.00196200670723512
1655971199999,9997.002569708848,9997.002569708848,0.0,0,0.00196200670723512
1655985599999,9997.002569708848,9997.002569708848,0.0,0,0.00196200670723512
1655999999999,9997.002569708848,9997.002569708848,0.0,0,0.00196200670723512
1656014399999,9997.002569708848,9997.002569708848,0.0,0,0.00196200670723512
1656028799999,9997.002569708848,9997.002569708848,0.0,0,0.00196200670723512
1656043199999,9997.002569708848,9997.002569708848,0.0,0,0.00196200670723512
1656057599999,9997.002569708848,9997.002569708848,0.0,0,0.00196200670723512
1656071999999,9997.002569708848,9997.002569708848,0.0,0,0.00196200670723512
1656086399999,9997.002569708848,9997.002569708848,0.0,0,0.00196200670723512
1656100799999,9997.002569708848,9997.002569708848,0.0,0,0.00196200670723512
1656115199999,9997.002569708848,9997.002569708848,0.0,0,0.00196200670723512
1656129599999,9997.002569708848,9997.002569708848,0.0,0,0.00196200670723512
1656143999999,9997.002569708848,9997.002569708848,0.0,0,0.00196200670723512
1656158399999,9997.002569708848,9997.002569708848,0.0,0,0.00196200670723512
1656172799999,9997.002569708848,9997.002569708848,0.0,0,0.00196200670723512
1656187199999,9997.002569708848,9997.002569708848,0.0,0,0.00196200670723512
1656201599999,9997.002569708848,9997.002569708848,0.0,0,0.00196200670723512
1656215999999,9997.002569708848,9997.002569708848,0.0,0,0.00196200670723512
1656230399999,9997.002569708848,9997.002569708848,0.0,0,0.00196200670723512
1656244799999,9997.002569708848,9997.002569708848,0.0,0,0.00196200670723512
1656259199999,9997.002569708848,9997.002569708848,0.0,0,0.00196200670723512
1656273599999,9997.002569708848,9997.002569708848,0.0,0,0.00196200670723512
1656287999999,9997.002569708848,9997.002569708848,0.0,0,0.00196200670723512
1656302399999,9997.002569708848,9997.002569708848,0.0,0,0.00196200670723512
1656316799999,9997.002569708848,9997.002569708848,0.0,0,0.00196200670723512
1656331199999,9997.002569708848,9997.002569708848,0.0,0,0.00196200670723512
1656345599999,9997.002569708848,9997.002569708848,0.0,0,0.00196200670723512
1656359999999,9997.002569708848,9997.002569708848,0.0,0,0.00196200670723512
1656374399999,9997.002569708848,9997.002569708848,0.0,0,0.00196200670723512
1656388799999,9997.002569708848,9997.002569708848,0.0,0,0.00196200670723512
1656403199999,9997.002569708848,9997.002569708848,0.0,0,0.00196200670723512
1656417599999,9997.002569708848,9997.002569708848,0.0,0,0.00196200670723512
1656431999999,9997.002569708848,9997.002569708848,0.0,0,0.00196200670723512
1656446399999,9997.002569708848,9997.002569708848,0.0,0,0.00196200670723512
1656460799999,9997.002569708848,9997.002569708848,0.0,0,0.00196200670723512
1656475199999,9997.002569708848,9997.002569708848,0.0,0,0.00196200670723512
1656489599999,9997.002569708848,9997.002569708848,0.0,0,0.00196200670723512
1656503999999,9997.002569708848,9997.002569708848,0.0,0,0.00196200670723512
1656518399999,9997.002569708848,9997.002569708848,0.0,0,0.00196200670723512
1656532799999,9997.002569708848,9997.002569708848,0.0,0,0.00196200670723512
1656547199999,9997.002569708848,9997.002569708848,0.0,0,0.00196200670723512
1656561599999,9997.002569708848,9997.002569708848,0.0,0,0.00196200670723512
1656575999999,9997.002569708848,9997.002569708848,0.0,0,0.00196200670723512
1656590399999,9997.002569708848,9997.002569708848,0.0,0,0.00196200670723512
1656604799999,9997.002569708848,9997.002569708848,0.0,0,0.00196200670723512
1656619199999,9997.002569708848,9997.002569708848,0.0,0,0.00196200670723512
1656633599999,9997.002569708848,9997.002569708848,0.0,0,0.00196200670723512
1656647999999,9997.002569708848,9997.002569708848,0.0,0,0.00196200670723512
1656662399999,9997.002569708848,9997.002569708848,0.0,0,0.00196200670723512
1656676799999,9997.002569708848,9997.002569708848,0.0,0,0.00196200670723512
1656691199999,9997.002569708848,9997.002569708848,0.0,0,0.00196200670723512
1656705599999,9997.002569708848,9997.002569708848,0.0,0,0.00196200670723512
1656719999999,9997.002569708848,9997.002569708848,0.0,0,0.00196200670723512
1656734399999,9997.002569708848,9997.002569708848,0.0,0,0.00196200670723512
1656748799999,9997.002569708848,9997.002569708848,0.0,0,0.00196200670723512
1656763199999,9997.002569708848,9997.002569708848,0.0,0,0.00196200670723512
1656777599999,9997.002569708848,9997.002569708848,0.0,0,0.00196200670723512
1656791999999,9997.002569708848,9997.002569708848,0.0,0,0.00196200670723512
1656806399999,9997.002569708848,9997.002569708848,0.0,0,0.00196200670723512
1656820799999,9997.002569708848,9997.002569708848,0.0,0,0.00196200670723512
1656835199999,9997.002569708848,9997.002569708848,0.0,0,0.00196200670723512
1656849599999,9997.002569708848,9997.002569708848,0.0,0,0.00196200670723512
1656863999999,9997.002569708848,9997.002569708848,0.0,0,0.00196200670723512
1656878399999,9997.002569708848,9997.002569708848,0.0,0,0.00196200670723512
1656892799999,9997.002569708848,9997.002569708848,0.0,0,0.00196200670723512
1656907199999,9997.002569708848,9997.002569708848,0.0,0,0.00196200670723512
1656921599999,9997.002569708848,9997.002569708848,0.0,0,0.00196200670723512
1656935999999,9997.002569708848,9997.002569708848,0.0,0,0.00196200670723512
1656950399999,9997.002569708848,9997.002569708848,0.0,0,0.00196200670723512
1656964799999,9997.002569708848,9997.002569708848,0.0,0,0.00196200670723512
1656979199999,9997.002569708848,9997.002569708848,0.0,0,0.00196200670723512
1656993599999,9997.002569708848,9997.002569708848,0.0,0,0.00196200670723512
1657007999999,9997.002569708848,9997.002569708848,0.0,0,0.00196200670723512
1657022399999,9997.002569708848,9997.002569708848,0.0,0,0.00196200670723512
1657036799999,9997.002569708848,9997.002569708848,0.0,0,0.00196200670723512
1657051199999,9997.002569708848,9997.002569708848,0.0,0,0.00196200670723512
1657065599999,9997.002569708848,9997.002569708848,0.0,0,0.00196200670723512
1657079999999,9997.002569708848,9997.002569708848,0.0,0,0.00196200670723512
1657094399999,9997.002569708848,9997.002569708848,0.0,0,0.00196200670723512
1657108799999,9997.002569708848,9997.002569708848,0.0,0,0.00196200670723512
1657123199999,9997.002569708848,9997.002569708848,0.0,0,0.00196200670723512
1657137599999,9997.002569708848,9997.002569708848,0.0,0,0.00196200670723512
1657151999999,9997.002569708848,9997.002569708848,0.0,0,0.00196200670723512
1657166399999,9997.002569708848,9997.002569708848,0.0,0,0.00196200670723512
1657180799999,9997.002569708848,9997.002569708848,0.0,0,0.00196200670723512
1657195199999,9997.002569708848,9997.002569708848,0.0,0,0.00196200670723512
1657209599999,9997.002569708848,9997.002569708848,0.0,0,0.00196200670723512
1657223999999,9997.002569708848,9997.002569708848,0.0,0,0.00196200670723512
1657238399999,9997.002569708848,9997.002569708848,0.0,0,0.00196200670723512
1657252799999,9997.002569708848,9997.002569708848,0.0,0,0.00196200670723512
1657267199999,9997.002569708848,9997.002569708848,0.0,0,0.00196200670723512
1657281599999,9997.002569708848,9997.002569708848,0.0,0,0.00196200670723512
1657295999999,9997.002569708848,9997.002569708848,0.0,0,0.00196200670723512
1657310399999,9997.002569708848,9997.002569708848,0.0,0,0.00196200670723512
1657324799999,9997.002569708848,9997.002569708848,0.0,0,0.00196200670723512
1657339199999,9997.002569708848,9997.002569708848,0.0,0,0.00196200670723512
1657353599999,9997.002569708848,9997.002569708848,0.0,0,0.00196200670723512
1657367999999,9997.002569708848,9997.002569708848,0.0,0,0.00196200670723512
1657382399999,9997.002569708848,9997.002569708848,0.0,0,0.00196200670723512
1657396799999,9997.002569708848,9997.002569708848,0.0,0,0.00196200670723512
1657411199999,9997.002569708848,9997.002569708848,0.0,0,0.00196200670723512
1657425599999,9997.002569708848,9997.002569708848,0.0,0,0.00196200670723512
1657439999999,9997.002569708848,9997.002569708848,0.0,0,0.00196200670723512
1657454399999,9997.002569708848,9997.002569708848,0.0,0,0.00196200670723512
1657468799999,9997.002569708848,9997.002569708848,0.0,0,0.00196200670723512
1657483199999,9997.002569708848,9997.002569708848,0.0,0,0.00196200670723512
1657497599999,9997.002569708848,9997.002569708848,0.0,0,0.00196200670723512
1657511999999,9997.002569708848,9997.002569708848,0.0,0,0.00196200670723512
1657526399999,9997.002569708848,9997.002569708848,0.0,0,0.00196200670723512
1657540799999,9997.002569708848,9997.002569708848,0.0,0,0.00196200670723512
1657555199999,9997.002569708848,9997.002569708848,0.0,0,0.00196200670723512
1657569599999,9997.002569708848,9997.002569708848,0.0,0,0.00196200670723512
1657583999999,9997.002569708848,9997.002569708848,0.0,0,0.00196200670723512
1657598399999,9997.002569708848,9997.002569708848,0.0,0,0.00196200670723512
1657612799999,9997.002569708848,9997.002569708848,0.0,0,0.00196200670723512
1657627199999,9997.002569708848,9997.002569708848,0.0,0,0.00196200670723512
1657641599999,9997.002569708848,9997.002569708848,0.0,0,0.00196200670723512
1657655999999,9997.002569708848,9997.002569708848,0.0,0,0.00196200670723512
1657670399999,9997.002569708848,9997.002569708848,0.0,0,0.00196200670723512
1657684799999,9997.002569708848,9997.002569708848,0.0,0,0.00196200670723512
1657699199999,9997.002569708848,9997.002569708848,0.0,0,0.00196200670723512
1657713599999,9997.002569708848,9997.002569708848,0.0,0,0.00196200670723512
1657727999999,9997.002569708848,9997.002569708848,0.0,0,0.00196200670723512
1657742399999,9997.002569708848,9997.002569708848,0.0,0,0.00196200670723512
1657756799999,9997.002569708848,9997.002569708848,0.0,0,0.00196200670723512
1657771199999,9997.002569708848,9997.002569708848,0.0,0,0.00196200670723512
1657785599999,9997.002569708848,9997.002569708848,0.0,0,0.00196200670723512
1657799999999,9997.002569708848,9997.002569708848,0.0,0,0.00196200670723512
1657814399999,9997.002569708848,9997.002569708848,0.0,0,0.00196200670723512
1657828799999,9997.002569708848,9997.002569708848,0.0,0,0.00196200670723512
1657843199999,9997.002569708848,9997.002569708848,0.0,0,0.00196200670723512
1657857599999,9997.002569708848,9997.002569708848,0.0,0,0.00196200670723512
1657871999999,9997.002569708848,9997.002569708848,0.0,0,0.00196200670723512
1657886399999,9997.002569708848,9997.002569708848,0.0,0,0.00196200670723512
1657900799999,9997.002569708848,9997.002569708848,0.0,0,0.00196200670723512
1657915199999,9997.002569708848,9997.002569708848,0.0,0,0.00196200670723512
1657929599999,9997.002569708848,9997.002569708848,0.0,0,0.00196200670723512
1657943999999,9997.002569708848,9997.002569708848,0.0,0,0.00196200670723512
1657958399999,9997.002569708848,9997.002569708848,0.0,0,0.00196200670723512
1657972799999,9997.002569708848,9997.002569708848,0.0,0,0.00196200670723512
1657987199999,9997.002569708848,9997.002569708848,0.0,0,0.00196200670723512
1658001599999,9997.002569708848,9997.002569708848,0.0,0,0.00196200670723512
1658015999999,9997.002569708848,9997.002569708848,0.0,0,0.00196200670723512
1658030399999,9997.002569708848,9997.002569708848,0.0,0,0.00196200670723512
1658044799999,9997.002569708848,9997.002569708848,0.0,0,0.00196200670723512
1658059199999,9997.002569708848,9997.002569708848,0.0,0,0.00196200670723512
1658073599999,9997.002569708848,9997.002569708848,0.0,0,0.00196200670723512
1658087999999,9997.002569708848,9997.002569708848,0.0,0,0.00196200670723512
1658102399999,9997.002569708848,9997.002569708848,0.0,0,0.00196200670723512
1658116799999,9997.002569708848,9997.002569708848,0.0,0,0.00196200670723512
1658131199999,9997.002569708848,9997.002569708848,0.0,0,0.00196200670723512
1658145599999,9946.965069708847,9998.387320024904,105.35187526337968,1,0.001823761926661005
1658159999999,9946.965069708847,9999.324951714747,105.35187526337968,1,0.0017301546635185572
1658174399999,9946.965069708847,9996.764901145847,105.35187526337968,1,0.001985734044907761
1658188799999,9946.965069708847,9998.62962933801,105.35187526337968,1,0.0017995712856242463
1658203199999,9946.965069708847,9997.1863086469,105.35187526337968,1,0.0019436633648437507
1658217599999,9946.965069708847,9997.439153147532,105.35187526337968,1,0.001918420956805278
1658231999999,9946.965069708847,9998.439995962535,105.35187526337968,1,0.0018185030916531009
1658246399999,9946.965069708847,9999.883316653642,105.35187526337968,1,0.0016744110124337075
1658260799999,9946.965069708847,10000.167766716853,105.35187526337968,1,0.0016460133033904256
1658275199999,9946.965069708847,10001.24235584454,105.35187526337968,1,0.0015387330692270274
1658289599999,9946.965069708847,10002.369620909858,105.35187526337968,1,0.001426194000055614
1658303999999,9896.927569708847,10003.173914245177,200.42698459975543,2,0.0013458984013696718
1658318399999,9896.927569708847,10002.552590592919,200.42698459975543,2,0.0014079274552546428
1658332799999,9896.927569708847,10002.732974879058,200.42698459975543,2,0.0013899190202557588
1658347199999,9896.927569708847,9998.203325027103,200.42698459975543,2,0.0018421308324505503
1658361599999,9896.927569708847,9995.337219147326,200.42698459975543,2,0.002128264855211004
1658375999999,9896.927569708847,9993.052351522889,200.42698459975543,2,0.002356371698530535
1658390399999,9896.927569708847,9995.216962956567,200.42698459975543,2,0.0021402704785435933
1658404799999,9896.927569708847,9993.81397406437,200.42698459975543,2,0.0022803360840905063
1658419199999,9896.927569708847,9993.673675175149,200.42698459975543,2,0.002294342644645342
1658433599999,9896.927569708847,9996.559823753385,200.42698459975543,2,0.002006207684662864
1658447999999,9896.927569708847,9997.000763119504,200.42698459975543,2,0.001962187065776666
1658462399999,9896.927569708847,9995.697987719606,200.42698459975543,2,0.002092247985213125
1658476799999,9896.927569708847,9996.800336134906,200.42698459975543,2,0.0019821964379975743
1658491199999,9896.927569708847,9998.864734076282,200.42698459975543,2,0.0017760999041213088
1658505599999,9896.927569708847,9995.597774227306,200.42698459975543,2,0.00210225267132369
1658519999999,9896.927569708847,9993.11247961827,200.42698459975543,2,0.0023503688868640182
1658534399999,9896.927569708847,9993.693717873608,200.42698459975543,2,0.0022923417074233177
1658548799999,9896.927569708847,9994.755980891987,200.42698459975543,2,0.0021862920346519266
1658563199999,9896.927569708847,9995.317176448867,200.42698459975543,2,0.002130265792433028
1658577599999,9896.927569708847,9992.39094247371,200.42698459975543,2,0.0024224026268597765
1658591999999,9992.319344944137,9992.319344944137,0.0,0,0.002429550474851383
1658606399999,9992.319344944137,9992.319344944137,0.0,0,0.002429550474851383
1658620799999,9992.319344944137,9992.319344944137,0.0,0,0.002429550474851383
1658635199999,9942.281844944137,9991.672678438625,96.69309611293754,1,0.0024941096001482865
1658649599999,9942.281844944137,9992.214159776857,96.69309611293754,1,0.0024400515017886093
1658663999999,9942.281844944137,9993.171421428375,96.69309611293754,1,0.002344484506474287
1658678399999,9892.244344944136,9993.402295753052,191.6959461984401,2,0.0023214354629137457
1658692799999,9892.244344944136,9991.37031872335,191.6959461984401,2,0.0025242952964489307
1658707199999,9892.244344944136,9990.392669397737,191.6959461984401,2,0.002621897669187523
1658721599999,9892.244344944136,9986.769616014588,191.6959461984401,2,0.00298360057992475
1658735999999,9892.244344944136,9987.287195069322,191.6959461984401,2,0.0029319287355338286
1658750399999,9892.244344944136,9986.52041128453,191.6959461984401,2,0.003008479616113058
1658764799999,9986.468859452198,9986.468859452198,0.0,0,0.003013626227503008
1658779199999,9986.468859452198,9986.468859452198,0.0,0,0.003013626227503008
1658793599999,9986.468859452198,9986.468859452198,0.0,0,0.003013626227503008
1658807999999,9986.468859452198,9986.468859452198,0.0,0,0.003013626227503008
1658822399999,9986.468859452198,9986.468859452198,0.0,0,0.003013626227503008
1658836799999,9986.468859452198,9986.468859452198,0.0,0,0.003013626227503008
1658851199999,9986.468859452198,9986.468859452198,0.0,0,0.003013626227503008
1658865599999,9986.468859452198,9986.468859452198,0.0,0,0.003013626227503008
1658879999999,9986.468859452198,9986.468859452198,0.0,0,0.003013626227503008
1658894399999,9986.468859452198,9986.468859452198,0.0,0,0.003013626227503008
1658908799999,9986.468859452198,9986.468859452198,0.0,0,0.003013626227503008
1658923199999,9986.468859452198,9986.468859452198,0.0,0,0.003013626227503008
1658937599999,9986.468859452198,9986.468859452198,0.0,0,0.003013626227503008
1658951999999,9986.468859452198,9986.468859452198,0.0,0,0.003013626227503008
1658966399999,9986.468859452198,9986.468859452198,0.0,0,0.003013626227503008
1658980799999,9986.468859452198,9986.468859452198,0.0,0,0.003013626227503008
1658995199999,9986.468859452198,9986.468859452198,0.0,0,0.003013626227503008
1659009599999,9986.468859452198,9986.468859452198,0.0,0,0.003013626227503008
1659023999999,9986.468859452198,9986.468859452198,0.0,0,0.003013626227503008
1659038399999,9986.468859452198,9986.468859452198,0.0,0,0.003013626227503008
1659052799999,9986.468859452198,9986.468859452198,0.0,0,0.003013626227503008
1659067199999,9986.468859452198,9986.468859452198,0.0,0,0.003013626227503008
1659081599999,9936.431359452197,9986.516329240718,94.41087613293053,1,0.0030088871417475183
1659095999999,9936.431359452197,9985.893217458239,94.41087613293053,1,0.003071094711331046
1659110399999,9936.431359452197,9986.214214437092,94.41087613293053,1,0.003039048387606158
1659124799999,9936.431359452197,9985.930981808693,94.41087613293053,1,0.0030673245555986606
1659139199999,9936.431359452197,9985.69495461836,94.41087613293053,1,0.0030908880289256535
1659153599999,9936.431359452197,9985.4400452528,94.41087613293053,1,0.0031163365801190057
1659167999999,9936.431359452197,9985.591102654615,94.41087613293053,1,0.003101255957189575
1659182399999,9936.431359452197,9986.270860962772,94.41087613293053,1,0.0030333931540076353
1659196799999,9936.431359452197,9988.01746217123,94.41087613293053,1,0.0028590234513875545
1659211199999,9936.431359452197,9986.591857941623,94.41087613293053,1,0.0030013468302829693
1659225599999,9936.431359452197,9986.119803560958,94.41087613293053,1,0.0030484737769370662
1659239999999,9936.431359452197,9986.270860962772,94.41087613293053,1,0.0030333931540076353
1659254399999,9936.431359452197,9986.308625313224,94.41087613293053,1,0.003029622998275361
1659268799999,9936.431359452197,9986.572975766398,94.41087613293053,1,0.0030032319081489955
1659283199999,9936.431359452197,9986.506888153104,94.41087613293053,1,0.0030098296806805314
1659297599999,9936.431359452197,9986.761797518662,94.41087613293053,1,0.0029843811294875122
1659311999999,9936.431359452197,9985.156812624402,94.41087613293053,1,0.0031446127481115083
1659326399999,9936.431359452197,9985.647749180294,94.41087613293053,1,0.003095600723591052
1659340799999,9936.431359452197,9985.525015041321,94.41087613293053,1,0.0031078537297212216
1659355199999,9936.431359452197,9984.77916911987,94.41087613293053,1,0.003182314305434697
1659369599999,9936.431359452197,9985.128489361563,94.41087613293053,1,0.0031474403649106586
1659383999999,9936.431359452197,9984.212703863073,94.41087613293053,1,0.003238866641419591
1659398399999,9936.431359452197,9984.807492382712,94.41087613293053,1,0.0031794866886353246
1659412799999,9936.431359452197,9982.79654072108,94.41087613293053,1,0.0033802474813818817
1659427199999,9982.761766835129,9982.761766835129,0.0,0,0.0033837190879071333
1659441599999,9982.761766835129,9982.761766835129,0.0,0,0.0033837190879071333
1659455999999,9982.761766835129,9982.761766835129,0.0,0,0.0033837190879071333
1659470399999,9982.761766835129,9982.761766835129,0.0,0,0.0033837190879071333
1659484799999,9982.761766835129,9982.761766835129,0.0,0,0.0033837190879071333
1659499199999,9982.761766835129,9982.761766835129,0.0,0,0.0033837190879071333
1659513599999,9982.761766835129,9982.761766835129,0.0,0,0.0033837190879071333
1659527999999,9982.761766835129,9982.761766835129,0.0,0,0.0033837190879071333
1659542399999,9982.761766835129,9982.761766835129,0.0,0,0.0033837190879071333
1659556799999,9982.761766835129,9982.761766835129,0.0,0,0.0033837190879071333
1659571199999,9982.761766835129,9982.761766835129,0.0,0,0.0033837190879071333
1659585599999,9982.761766835129,9982.761766835129,0.0,0,0.0033837190879071333
1659599999999,9982.761766835129,9982.761766835129,0.0,0,0.0033837190879071333
1659614399999,9982.761766835129,9982.761766835129,0.0,0,0.0033837190879071333
1659628799999,9982.761766835129,9982.761766835129,0.0,0,0.0033837190879071333
1659643199999,9982.761766835129,9982.761766835129,0.0,0,0.0033837190879071333
1659657599999,9982.761766835129,9982.761766835129,0.0,0,0.0033837190879071333
1659671999999,9982.761766835129,9982.761766835129,0.0,0,0.0033837190879071333
1659686399999,9982.761766835129,9982.761766835129,0.0,0,0.0033837190879071333
1659700799999,9982.761766835129,9982.761766835129,0.0,0,0.0033837190879071333
1659715199999,9982.761766835129,9982.761766835129,0.0,0,0.0033837190879071333
1659729599999,9982.761766835129,9982.761766835129,0.0,0,0.0033837190879071333
1659743999999,9982.761766835129,9982.761766835129,0.0,0,0.0033837190879071333
1659758399999,9982.761766835129,9982.761766835129,0.0,0,0.0033837190879071333
1659772799999,9982.761766835129,9982.761766835129,0.0,0,0.0033837190879071333
1659787199999,9982.761766835129,9982.761766835129,0.0,0,0.0033837190879071333
1659801599999,9982.761766835129,9982.761766835129,0.0,0,0.0033837190879071333
1659815999999,9982.761766835129,9982.761766835129,0.0,0,0.0033837190879071333
1659830399999,9982.761766835129,9982.761766835129,0.0,0,0.0033837190879071333
1659844799999,9982.761766835129,9982.761766835129,0.0,0,0.0033837190879071333
1659859199999,9982.761766835129,9982.761766835129,0.0,0,0.0033837190879071333
1659873599999,9982.761766835129,9982.761766835129,0.0,0,0.0033837190879071333
1659887999999,9982.761766835129,9982.761766835129,0.0,0,0.0033837190879071333
1659902399999,9982.761766835129,9982.761766835129,0.0,0,0.0033837190879071333
1659916799999,9982.761766835129,9982.761766835129,0.0,0,0.0033837190879071333
1659931199999,9982.761766835129,9982.761766835129,0.0,0,0.0033837190879071333
1659945599999,9932.724266835128,9983.409326895187,93.84384384384383,1,0.003319070755732456
1659959999999,9932.724266835128,9984.019311880173,93.84384384384383,1,0.0032581736832241193
1659974399999,9932.724266835128,9982.846263832125,93.84384384384383,1,0.003375283438047716
1659988799999,9932.724266835128,9982.883801369662,93.84384384384383,1,0.003371535925893343
1660003199999,9932.724266835128,9983.127795363656,93.84384384384383,1,0.0033471770968900305
1660017599999,9932.724266835128,9982.799341910204,93.84384384384383,1,0.003379967828240571
1660031999999,9932.724266835128,9982.893185754046,93.84384384384383,1,0.00337059904785475
1660046399999,9932.724266835128,9981.279071639932,93.84384384384383,1,0.0035317420704921165
1660060799999,9932.724266835128,9980.603395964257,93.84384384384383,1,0.003599197289270495
1660075199999,9980.576863963506,9980.576863963506,0.0,0,0.0036018460777050842
1660089599999,9980.576863963506,9980.576863963506,0.0,0,0.0036018460777050842
1660103999999,9980.576863963506,9980.576863963506,0.0,0,0.0036018460777050842
1660118399999,9980.576863963506,9980.576863963506,0.0,0,0.0036018460777050842
1660132799999,9980.576863963506,9980.576863963506,0.0,0,0.0036018460777050842
1660147199999,9980.576863963506,9980.576863963506,0.0,0,0.0036018460777050842
1660161599999,9980.576863963506,9980.576863963506,0.0,0,0.0036018460777050842
1660175999999,9980.576863963506,9980.576863963506,0.0,0,0.0036018460777050842
1660190399999,9980.576863963506,9980.576863963506,0.0,0,0.0036018460777050842
1660204799999,9980.576863963506,9980.576863963506,0.0,0,0.0036018460777050842
1660219199999,9980.576863963506,9980.576863963506,0.0,0,0.0036018460777050842
1660233599999,9980.576863963506,9980.576863963506,0.0,0,0.0036018460777050842
1660247999999,9980.576863963506,9980.576863963506,0.0,0,0.0036018460777050842
1660262399999,9980.576863963506,9980.576863963506,0.0,0,0.0036018460777050842
1660276799999,9980.576863963506,9980.576863963506,0.0,0,0.0036018460777050842
1660291199999,9980.576863963506,9980.576863963506,0.0,0,0.0036018460777050842
1660305599999,9980.576863963506,9980.576863963506,0.0,0,0.0036018460777050842
1660319999999,9980.576863963506,9980.576863963506,0.0,0,0.0036018460777050842
1660334399999,9980.576863963506,9980.576863963506,0.0,0,0.0036018460777050842
1660348799999,9980.576863963506,9980.576863963506,0.0,0,0.0036018460777050842
1660363199999,9980.576863963506,9980.576863963506,0.0,0,0.0036018460777050842
1660377599999,9980.576863963506,9980.576863963506,0.0,0,0.0036018460777050842
1660391999999,9930.539363963506,9980.59310814122,89.57362952346828,1,0.003600224360953974
1660406399999,9930.539363963506,9980.700596496648,89.57362952346828,1,0.003589493398167276
1660420799999,9930.539363963506,9980.44083297103,89.57362952346828,1,0.003615426558235213
1660435199999,9930.539363963506,9980.637894955982,89.57362952346828,1,0.0035957531264595444
1660449599999,9930.539363963506,9983.432592197114,89.57362952346828,1,0.00331674809400595
1660463999999,9880.501863963505,9982.881349667094,174.2332976575692,2,0.0033717806884904222
1660478399999,9880.501863963505,9981.731409902553,174.2332976575692,2,0.003486583457321002
1660492799999,9880.501863963505,9981.382943307239,174.2332976575692,2,0.003521372175148474
1660507199999,9880.501863963505,9979.466377033004,174.2332976575692,2,0.003712710123199514
1660521599999,9880.501863963505,9979.72772697949,174.2332976575692,2,0.0036866185848289934
1660535999999,9880.501863963505,9980.703433446373,174.2332976575692,2,0.003589210174912094
1660550399999,9880.501863963505,9976.696067600249,174.2332976575692,2,0.003989280429927744
1660564799999,9880.501863963505,9977.201344163457,174.2332976575692,2,0.003938836789077804
1660579199999,9880.501863963505,9978.839137161438,174.2332976575692,2,0.0037753298152888304
1660593599999,9880.501863963505,9977.096804184861,174.2332976575692,2,0.00394927340442619
1660607999999,9880.501863963505,9976.312754345403,174.2332976575692,2,0.004027548019537863
1660622399999,9880.501863963505,9977.288460812286,174.2332976575692,2,0.003930139609620964
1660636799999,9880.501863963505,9977.480117439709,174.2332976575692,2,0.003911005814815849
1660651199999,9880.501863963505,9979.170180426987,174.2332976575692,2,0.003742280533352793
1660665599999,9880.501863963505,9978.072510651744,174.2332976575692,2,0.003851864994509291
1660679999999,9880.501863963505,9978.246743949401,174.2332976575692,2,0.0038344706355956104
1660694399999,9880.501863963505,9977.549810758772,174.2332976575692,2,0.0039040480712504433
1660708799999,9880.501863963505,9981.139016690517,174.2332976575692,2,0.003545724277627782
1660723199999,9880.501863963505,9977.462694109943,174.2332976575692,2,0.0039127452507072835
1660737599999,9880.501863963505,9977.236190822989,174.2332976575692,2,0.003935357917295046
1660751999999,9880.501863963505,9973.85606484843,174.2332976575692,2,0.0042728084802213795
1660766399999,9973.786049197766,9973.786049197766,0.0,0,0.004279798403351021
1660780799999,9973.786049197766,9973.786049197766,0.0,0,0.004279798403351021
1660795199999,9973.786049197766,9973.786049197766,0.0,0,0.004279798403351021
1660809599999,9973.786049197766,9973.786049197766,0.0,0,0.004279798403351021
1660823999999,9973.786049197766,9973.786049197766,0.0,0,0.004279798403351021
1660838399999,9973.786049197766,9973.786049197766,0.0,0,0.004279798403351021
1660852799999,9973.786049197766,9973.786049197766,0.0,0,0.004279798403351021
1660867199999,9973.786049197766,9973.786049197766,0.0,0,0.004279798403351021
1660881599999,9973.786049197766,9973.786049197766,0.0,0,0.004279798403351021
1660895999999,9973.786049197766,9973.786049197766,0.0,0,0.004279798403351021
1660910399999,9973.786049197766,9973.786049197766,0.0,0,0.004279798403351021
1660924799999,9973.786049197766,9973.786049197766,0.0,0,0.004279798403351021
1660939199999,9973.786049197766,9973.786049197766,0.0,0,0.004279798403351021
1660953599999,9973.786049197766,9973.786049197766,0.0,0,0.004279798403351021
1660967999999,9973.786049197766,9973.786049197766,0.0,0,0.004279798403351021
1660982399999,9973.786049197766,9973.786049197766,0.0,0,0.004279798403351021
1660996799999,9973.786049197766,9973.786049197766,0.0,0,0.004279798403351021
1661011199999,9973.786049197766,9973.786049197766,0.0,0,0.004279798403351021
1661025599999,9973.786049197766,9973.786049197766,0.0,0,0.004279798403351021
1661039999999,9973.786049197766,9973.786049197766,0.0,0,0.004279798403351021
1661054399999,9973.786049197766,9973.786049197766,0.0,0,0.004279798403351021
1661068799999,9973.786049197766,9973.786049197766,0.0,0,0.004279798403351021
1661083199999,9973.786049197766,9973.786049197766,0.0,0,0.004279798403351021
1661097599999,9973.786049197766,9973.786049197766,0.0,0,0.004279798403351021
1661111999999,9973.786049197766,9973.786049197766,0.0,0,0.004279798403351021
1661126399999,9973.786049197766,9973.786049197766,0.0,0,0.004279798403351021
1661140799999,9973.786049197766,9973.786049197766,0.0,0,0.004279798403351021
1661155199999,9973.786049197766,9973.786049197766,0.0,0,0.004279798403351021
1661169599999,9973.786049197766,9973.786049197766,0.0,0,0.004279798403351021
1661183999999,9973.786049197766,9973.786049197766,0.0,0,0.004279798403351021
1661198399999,9973.786049197766,9973.786049197766,0.0,0,0.004279798403351021
1661212799999,9973.786049197766,9973.786049197766,0.0,0,0.004279798403351021
1661227199999,9973.786049197766,9973.786049197766,0.0,0,0.004279798403351021
1661241599999,9973.786049197766,9973.786049197766,0.0,0,0.004279798403351021
1661255999999,9973.786049197766,9973.786049197766,0.0,0,0.004279798403351021
1661270399999,9973.786049197766,9973.786049197766,0.0,0,0.004279798403351021
1661284799999,9973.786049197766,9973.786049197766,0.0,0,0.004279798403351021
1661299199999,9973.786049197766,9973.786049197766,0.0,0,0.004279798403351021
1661313599999,9973.786049197766,9973.786049197766,0.0,0,0.004279798403351021
1661327999999,9973.786049197766,9973.786049197766,0.0,0,0.004279798403351021
1661342399999,9973.786049197766,9973.786049197766,0.0,0,0.004279798403351021
1661356799999,9973.786049197766,9973.786049197766,0.0,0,0.004279798403351021
1661371199999,9973.786049197766,9973.786049197766,0.0,0,0.004279798403351021
1661385599999,9973.786049197766,9973.786049197766,0.0,0,0.004279798403351021
1661399999999,9973.786049197766,9973.786049197766,0.0,0,0.004279798403351021
1661414399999,9973.786049197766,9973.786049197766,0.0,0,0.004279798403351021
1661428799999,9973.786049197766,9973.786049197766,0.0,0,0.004279798403351021
1661443199999,9973.786049197766,9973.786049197766,0.0,0,0.004279798403351021
1661457599999,9973.786049197766,9973.786049197766,0.0,0,0.004279798403351021
1661471999999,9973.786049197766,9973.786049197766,0.0,0,0.004279798403351021
1661486399999,9973.786049197766,9973.786049197766,0.0,0,0.004279798403351021
1661500799999,9973.786049197766,9973.786049197766,0.0,0,0.004279798403351021
1661515199999,9973.786049197766,9973.786049197766,0.0,0,0.004279798403351021
1661529599999,9973.786049197766,9973.786049197766,0.0,0,0.004279798403351021
1661543999999,9973.786049197766,9973.786049197766,0.0,0,0.004279798403351021
1661558399999,9973.786049197766,9973.786049197766,0.0,0,0.004279798403351021
1661572799999,9973.786049197766,9973.786049197766,0.0,0,0.004279798403351021
1661587199999,9973.786049197766,9973.786049197766,0.0,0,0.004279798403351021
1661601599999,9973.786049197766,9973.786049197766,0.0,0,0.004279798403351021
1661615999999,9973.786049197766,9973.786049197766,0.0,0,0.004279798403351021
1661630399999,9973.786049197766,9973.786049197766,0.0,0,0.004279798403351021
1661644799999,9973.786049197766,9973.786049197766,0.0,0,0.004279798403351021
1661659199999,9973.786049197766,9973.786049197766,0.0,0,0.004279798403351021
1661673599999,9973.786049197766,9973.786049197766,0.0,0,0.004279798403351021
1661687999999,9973.786049197766,9973.786049197766,0.0,0,0.004279798403351021
1661702399999,9973.786049197766,9973.786049197766,0.0,0,0.004279798403351021
1661716799999,9973.786049197766,9973.786049197766,0.0,0,0.004279798403351021
1661731199999,9973.786049197766,9973.786049197766,0.0,0,0.004279798403351021
1661745599999,9973.786049197766,9973.786049197766,0.0,0,0.004279798403351021
1661759999999,9973.786049197766,9973.786049197766,0.0,0,0.004279798403351021
1661774399999,9973.786049197766,9973.786049197766,0.0,0,0.004279798403351021
1661788799999,9973.786049197766,9973.786049197766,0.0,0,0.004279798403351021
1661803199999,9973.786049197766,9973.786049197766,0.0,0,0.004279798403351021
1661817599999,9973.786049197766,9973.786049197766,0.0,0,0.004279798403351021
1661831999999,9973.786049197766,9973.786049197766,0.0,0,0.004279798403351021
1661846399999,9973.786049197766,9973.786049197766,0.0,0,0.004279798403351021
1661860799999,9973.786049197766,9973.786049197766,0.0,0,0.004279798403351021
1661875199999,9973.786049197766,9973.786049197766,0.0,0,0.004279798403351021
1661889599999,9973.786049197766,9973.786049197766,0.0,0,0.004279798403351021
1661903999999,9973.786049197766,9973.786049197766,0.0,0,0.004279798403351021
1661918399999,9973.786049197766,9973.786049197766,0.0,0,0.004279798403351021
1661932799999,9973.786049197766,9973.786049197766,0.0,0,0.004279798403351021
1661947199999,9973.786049197766,9973.786049197766,0.0,0,0.004279798403351021
1661961599999,9973.786049197766,9973.786049197766,0.0,0,0.004279798403351021
1661975999999,9973.786049197766,9973.786049197766,0.0,0,0.004279798403351021
1661990399999,9973.786049197766,9973.786049197766,0.0,0,0.004279798403351021
1662004799999,9973.786049197766,9973.786049197766,0.0,0,0.004279798403351021
1662019199999,9973.786049197766,9973.786049197766,0.0,0,0.004279798403351021
1662033599999,9973.786049197766,9973.786049197766,0.0,0,0.004279798403351021
1662047999999,9973.786049197766,9973.786049197766,0.0,0,0.004279798403351021
1662062399999,9973.786049197766,9973.786049197766,0.0,0,0.004279798403351021
1662076799999,9973.786049197766,9973.786049197766,0.0,0,0.004279798403351021
1662091199999,9973.786049197766,9973.786049197766,0.0,0,0.004279798403351021
1662105599999,9973.786049197766,9973.786049197766,0.0,0,0.004279798403351021
1662119999999,9973.786049197766,9973.786049197766,0.0,0,0.004279798403351021
1662134399999,9973.786049197766,9973.786049197766,0.0,0,0.004279798403351021
1662148799999,9973.786049197766,9973.786049197766,0.0,0,0.004279798403351021
1662163199999,9973.786049197766,9973.786049197766,0.0,0,0.004279798403351021
1662177599999,9973.786049197766,9973.786049197766,0.0,0,0.004279798403351021
1662191999999,9973.786049197766,9973.786049197766,0.0,0,0.004279798403351021
1662206399999,9973.786049197766,9973.786049197766,0.0,0,0.004279798403351021
1662220799999,9973.786049197766,9973.786049197766,0.0,0,0.004279798403351021
1662235199999,9973.786049197766,9973.786049197766,0.0,0,0.004279798403351021
1662249599999,9973.786049197766,9973.786049197766,0.0,0,0.004279798403351021
1662263999999,9973.786049197766,9973.786049197766,0.0,0,0.004279798403351021
1662278399999,9973.786049197766,9973.786049197766,0.0,0,0.004279798403351021
1662292799999,9973.786049197766,9973.786049197766,0.0,0,0.004279798403351021
1662307199999,9973.786049197766,9973.786049197766,0.0,0,0.004279798403351021
1662321599999,9973.786049197766,9973.786049197766,0.0,0,0.004279798403351021
1662335999999,9973.786049197766,9973.786049197766,0.0,0,0.004279798403351021
1662350399999,9973.786049197766,9973.786049197766,0.0,0,0.004279798403351021
1662364799999,9973.786049197766,9973.786049197766,0.0,0,0.004279798403351021
1662379199999,9973.786049197766,9973.786049197766,0.0,0,0.004279798403351021
1662393599999,9973.786049197766,9973.786049197766,0.0,0,0.004279798403351021
1662407999999,9973.786049197766,9973.786049197766,0.0,0,0.004279798403351021
1662422399999,9973.786049197766,9973.786049197766,0.0,0,0.004279798403351021
1662436799999,9973.786049197766,9973.786049197766,0.0,0,0.004279798403351021
1662451199999,9973.786049197766,9973.786049197766,0.0,0,0.004279798403351021
1662465599999,9973.786049197766,9973.786049197766,0.0,0,0.004279798403351021
1662479999999,9973.786049197766,9973.786049197766,0.0,0,0.004279798403351021
1662494399999,9973.786049197766,9973.786049197766,0.0,0,0.004279798403351021
1662508799999,9973.786049197766,9973.786049197766,0.0,0,0.004279798403351021
1662523199999,9973.786049197766,9973.786049197766,0.0,0,0.004279798403351021
1662537599999,9973.786049197766,9973.786049197766,0.0,0,0.004279798403351021
1662551999999,9973.786049197766,9973.786049197766,0.0,0,0.004279798403351021
1662566399999,9973.786049197766,9973.786049197766,0.0,0,0.004279798403351021
1662580799999,9973.786049197766,9973.786049197766,0.0,0,0.004279798403351021
1662595199999,9973.786049197766,9973.786049197766,0.0,0,0.004279798403351021
1662609599999,9973.786049197766,9973.786049197766,0.0,0,0.004279798403351021
1662623999999,9973.786049197766,9973.786049197766,0.0,0,0.004279798403351021
1662638399999,9973.786049197766,9973.786049197766,0.0,0,0.004279798403351021
1662652799999,9973.786049197766,9973.786049197766,0.0,0,0.004279798403351021
1662667199999,9973.786049197766,9973.786049197766,0.0,0,0.004279798403351021
1662681599999,9973.786049197766,9973.786049197766,0.0,0,0.004279798403351021
1662695999999,9973.786049197766,9973.786049197766,0.0,0,0.004279798403351021
1662710399999,9973.786049197766,9973.786049197766,0.0,0,0.004279798403351021
1662724799999,9973.786049197766,9973.786049197766,0.0,0,0.004279798403351021
1662739199999,9973.786049197766,9973.786049197766,0.0,0,0.004279798403351021
1662753599999,9973.786049197766,9973.786049197766,0.0,0,0.004279798403351021
1662767999999,9973.786049197766,9973.786049197766,0.0,0,0.004279798403351021
1662782399999,9923.748549197766,9975.232021917798,99.56192751891678,1,0.004135441562208464
1662796799999,9923.748549197766,9974.176665486097,99.56192751891678,1,0.004240801724713084
1662811199999,9923.748549197766,9974.97316090625,99.56192751891678,1,0.004161284620936012
1662825599999,9923.748549197766,9974.983117099,99.56192751891678,1,0.004160290657138854
1662839999999,9923.748549197766,9974.674475123691,99.56192751891678,1,0.004191103534852525
1662854399999,9923.748549197766,9974.734212280204,99.56192751891678,1,0.004185139752069134
1662868799999,9923.748549197766,9974.754124665707,99.56192751891678,1,0.004183151824474707
1662883199999,9923.748549197766,9974.943292327993,99.56192751891678,1,0.004164266512327708
1662897599999,9923.748549197766,9975.092635219271,99.56192751891678,1,0.0041493570553695625
1662911999999,9923.748549197766,9974.644606545437,99.56192751891678,1,0.004194085426243999
1662926399999,9923.748549197766,9974.684431316444,99.56192751891678,1,0.004190109571055256
1662940799999,9923.748549197766,9974.50521984691,99.56192751891678,1,0.004208000919405097
1662955199999,9923.748549197766,9973.798330161526,99.56192751891678,1,0.0042785723490070815
1662969599999,9923.748549197766,9974.60478177443,99.56192751891678,1,0.004198061281432852
1662983999999,9923.748549197766,9975.112547604775,99.56192751891678,1,0.004147369127775136
1662998399999,9923.748549197766,9973.997454016564,99.56192751891678,1,0.004258693073062814
1663012799999,9923.748549197766,9974.13684071509,99.56192751891678,1,0.004244777579901937
1663027199999,9923.748549197766,9973.648987270248,99.56192751891678,1,0.004293481805965227
1663041599999,9923.748549197766,9973.35030148769,99.56192751891678,1,0.004323300719881851
1663055999999,9923.748549197766,9973.798330161526,99.56192751891678,1,0.0042785723490070815
1663070399999,9923.748549197766,9973.937716860051,99.56192751891678,1,0.004264656855846205
1663084799999,9923.748549197766,9970.542655131656,99.56192751891678,1,0.0046035985106958055
1663099199999,9970.497610826598,9970.497610826598,0.0,0,0.004608095451405392
1663113599999,9970.497610826598,9970.497610826598,0.0,0,0.004608095451405392
1663127999999,9970.497610826598,9970.497610826598,0.0,0,0.004608095451405392
1663142399999,9970.497610826598,9970.497610826598,0.0,0,0.004608095451405392
1663156799999,9970.497610826598,9970.497610826598,0.0,0,0.004608095451405392
1663171199999,9970.497610826598,9970.497610826598,0.0,0,0.004608095451405392
1663185599999,9970.497610826598,9970.497610826598,0.0,0,0.004608095451405392
1663199999999,9970.497610826598,9970.497610826598,0.0,0,0.004608095451405392
1663214399999,9970.497610826598,9970.497610826598,0.0,0,0.004608095451405392
1663228799999,9970.497610826598,9970.497610826598,0.0,0,0.004608095451405392
1663243199999,9970.497610826598,9970.497610826598,0.0,0,0.004608095451405392
1663257599999,9970.497610826598,9970.497610826598,0.0,0,0.004608095451405392
1663271999999,9970.497610826598,9970.497610826598,0.0,0,0.004608095451405392
1663286399999,9970.497610826598,9970.497610826598,0.0,0,0.004608095451405392
1663300799999,9970.497610826598,9970.497610826598,0.0,0,0.004608095451405392
1663315199999,9970.497610826598,9970.497610826598,0.0,0,0.004608095451405392
1663329599999,9970.497610826598,9970.497610826598,0.0,0,0.004608095451405392
1663343999999,9970.497610826598,9970.497610826598,0.0,0,0.004608095451405392
1663358399999,9970.497610826598,9970.497610826598,0.0,0,0.004608095451405392
1663372799999,9970.497610826598,9970.497610826598,0.0,0,0.004608095451405392
1663387199999,9970.497610826598,9970.497610826598,0.0,0,0.004608095451405392
1663401599999,9970.497610826598,9970.497610826598,0.0,0,0.004608095451405392
1663415999999,9970.497610826598,9970.497610826598,0.0,0,0.004608095451405392
1663430399999,9970.497610826598,9970.497610826598,0.0,0,0.004608095451405392
1663444799999,9970.497610826598,9970.497610826598,0.0,0,0.004608095451405392
1663459199999,9970.497610826598,9970.497610826598,0.0,0,0.004608095451405392
1663473599999,9970.497610826598,9970.497610826598,0.0,0,0.004608095451405392
1663487999999,9970.497610826598,9970.497610826598,0.0,0,0.004608095451405392
1663502399999,9920.460110826598,9969.224912786582,102.08248264597795,1,0.0047351536360030755
1663516799999,9969.188339185112,9969.188339185112,0.0,0,0.0047388049148303635
1663531199999,9969.188339185112,9969.188339185112,0.0,0,0.0047388049148303635
1663545599999,9969.188339185112,9969.188339185112,0.0,0,0.0047388049148303635
1663559999999,9969.188339185112,9969.188339185112,0.0,0,0.0047388049148303635
1663574399999,9969.188339185112,9969.188339185112,0.0,0,0.0047388049148303635
1663588799999,9969.188339185112,9969.188339185112,0.0,0,0.0047388049148303635
1663603199999,9969.188339185112,9969.188339185112,0.0,0,0.0047388049148303635
1663617599999,9969.188339185112,9969.188339185112,0.0,0,0.0047388049148303635
1663631999999,9969.188339185112,9969.188339185112,0.0,0,0.0047388049148303635
1663646399999,9969.188339185112,9969.188339185112,0.0,0,0.0047388049148303635
1663660799999,9969.188339185112,9969.188339185112,0.0,0,0.0047388049148303635
1663675199999,9969.188339185112,9969.188339185112,0.0,0,0.0047388049148303635
1663689599999,9969.188339185112,9969.188339185112,0.0,0,0.0047388049148303635
1663703999999,9969.188339185112,9969.188339185112,0.0,0,0.0047388049148303635
1663718399999,9969.188339185112,9969.188339185112,0.0,0,0.0047388049148303635
1663732799999,9969.188339185112,9969.188339185112,0.0,0,0.0047388049148303635
1663747199999,9969.188339185112,9969.188339185112,0.0,0,0.0047388049148303635
1663761599999,9969.188339185112,9969.188339185112,0.0,0,0.0047388049148303635
1663775999999,9969.188339185112,9969.188339185112,0.0,0,0.0047388049148303635
1663790399999,9969.188339185112,9969.188339185112,0.0,0,0.0047388049148303635
1663804799999,9969.188339185112,9969.188339185112,0.0,0,0.0047388049148303635
1663819199999,9969.188339185112,9969.188339185112,0.0,0,0.0047388049148303635
1663833599999,9969.188339185112,9969.188339185112,0.0,0,0.0047388049148303635
1663847999999,9969.188339185112,9969.188339185112,0.0,0,0.0047388049148303635
1663862399999,9969.188339185112,9969.188339185112,0.0,0,0.0047388049148303635
1663876799999,9969.188339185112,9969.188339185112,0.0,0,0.0047388049148303635
1663891199999,9969.188339185112,9969.188339185112,0.0,0,0.0047388049148303635
1663905599999,9969.188339185112,9969.188339185112,0.0,0,0.0047388049148303635
1663919999999,9919.150839185111,9967.401781790892,104.73397570171764,1,0.004917163592263574
1663934399999,9967.365593583938,9967.365593583938,0.0,0,0.004920776395721083
1663948799999,9967.365593583938,9967.365593583938,0.0,0,0.004920776395721083
1663963199999,9967.365593583938,9967.365593583938,0.0,0,0.004920776395721083
1663977599999,9967.365593583938,9967.365593583938,0.0,0,0.004920776395721083
1663991999999,9967.365593583938,9967.365593583938,0.0,0,0.004920776395721083
1664006399999,9967.365593583938,9967.365593583938,0.0,0,0.004920776395721083
1664020799999,9967.365593583938,9967.365593583938,0.0,0,0.004920776395721083
1664035199999,9967.365593583938,9967.365593583938,0.0,0,0.004920776395721083
1664049599999,9967.365593583938,9967.365593583938,0.0,0,0.004920776395721083
1664063999999,9967.365593583938,9967.365593583938,0.0,0,0.004920776395721083
1664078399999,9967.365593583938,9967.365593583938,0.0,0,0.004920776395721083
1664092799999,9967.365593583938,9967.365593583938,0.0,0,0.004920776395721083
1664107199999,9967.365593583938,9967.365593583938,0.0,0,0.004920776395721083
1664121599999,9967.365593583938,9967.365593583938,0.0,0,0.004920776395721083
1664135999999,9967.365593583938,9967.365593583938,0.0,0,0.004920776395721083
1664150399999,9967.365593583938,9967.365593583938,0.0,0,0.004920776395721083
1664164799999,9967.365593583938,9967.365593583938,0.0,0,0.004920776395721083
1664179199999,9967.365593583938,9967.365593583938,0.0,0,0.004920776395721083
1664193599999,9967.365593583938,9967.365593583938,0.0,0,0.004920776395721083
1664207999999,9967.365593583938,9967.365593583938,0.0,0,0.004920776395721083
1664222399999,9967.365593583938,9967.365593583938,0.0,0,0.004920776395721083
1664236799999,9967.365593583938,9967.365593583938,0.0,0,0.004920776395721083
1664251199999,9967.365593583938,9967.365593583938,0.0,0,0.004920776395721083
1664265599999,9967.365593583938,9967.365593583938,0.0,0,0.004920776395721083
1664279999999,9967.365593583938,9967.365593583938,0.0,0,0.004920776395721083
1664294399999,9967.365593583938,9967.365593583938,0.0,0,0.004920776395721083
1664308799999,9967.365593583938,9967.365593583938,0.0,0,0.004920776395721083
1664323199999,9967.365593583938,9967.365593583938,0.0,0,0.004920776395721083
1664337599999,9967.365593583938,9967.365593583938,0.0,0,0.004920776395721083
1664351999999,9967.365593583938,9967.365593583938,0.0,0,0.004920776395721083
1664366399999,9967.365593583938,9967.365593583938,0.0,0,0.004920776395721083
1664380799999,9967.365593583938,9967.365593583938,0.0,0,0.004920776395721083
1664395199999,9967.365593583938,9967.365593583938,0.0,0,0.004920776395721083
1664409599999,9967.365593583938,9967.365593583938,0.0,0,0.004920776395721083
1664423999999,9967.365593583938,9967.365593583938,0.0,0,0.004920776395721083
1664438399999,9967.365593583938,9967.365593583938,0.0,0,0.004920776395721083
1664452799999,9967.365593583938,9967.365593583938,0.0,0,0.004920776395721083
1664467199999,9967.365593583938,9967.365593583938,0.0,0,0.004920776395721083
1664481599999,9967.365593583938,9967.365593583938,0.0,0,0.004920776395721083
1664495999999,9967.365593583938,9967.365593583938,0.0,0,0.004920776395721083
1664510399999,9967.365593583938,9967.365593583938,0.0,0,0.004920776395721083
1664524799999,9967.365593583938,9967.365593583938,0.0,0,0.004920776395721083
1664539199999,9967.365593583938,9967.365593583938,0.0,0,0.004920776395721083
1664553599999,9967.365593583938,9967.365593583938,0.0,0,0.004920776395721083
1664567999999,9967.365593583938,9967.365593583938,0.0,0,0.004920776395721083
1664582399999,9967.365593583938,9967.365593583938,0.0,0,0.004920776395721083
1664596799999,9967.365593583938,9967.365593583938,0.0,0,0.004920776395721083
1664611199999,9967.365593583938,9967.365593583938,0.0,0,0.004920776395721083
1664625599999,9967.365593583938,9967.365593583938,0.0,0,0.004920776395721083
1664639999999,9967.365593583938,9967.365593583938,0.0,0,0.004920776395721083
1664654399999,9967.365593583938,9967.365593583938,0.0,0,0.004920776395721083
1664668799999,9967.365593583938,9967.365593583938,0.0,0,0.004920776395721083
1664683199999,9967.365593583938,9967.365593583938,0.0,0,0.004920776395721083
1664697599999,9967.365593583938,9967.365593583938,0.0,0,0.004920776395721083
1664711999999,9967.365593583938,9967.365593583938,0.0,0,0.004920776395721083
1664726399999,9967.365593583938,9967.365593583938,0.0,0,0.004920776395721083
1664740799999,9967.365593583938,9967.365593583938,0.0,0,0.004920776395721083
1664755199999,9967.365593583938,9967.365593583938,0.0,0,0.004920776395721083
1664769599999,9967.365593583938,9967.365593583938,0.0,0,0.004920776395721083
1664783999999,9967.365593583938,9967.365593583938,0.0,0,0.004920776395721083
1664798399999,9967.365593583938,9967.365593583938,0.0,0,0.004920776395721083
1664812799999,9967.365593583938,9967.365593583938,0.0,0,0.004920776395721083
1664827199999,9967.365593583938,9967.365593583938,0.0,0,0.004920776395721083
1664841599999,9967.365593583938,9967.365593583938,0.0,0,0.004920776395721083
1664855999999,9967.365593583938,9967.365593583938,0.0,0,0.004920776395721083
1664870399999,9967.365593583938,9967.365593583938,0.0,0,0.004920776395721083
1664884799999,9967.365593583938,9967.365593583938,0.0,0,0.004920776395721083
1664899199999,9967.365593583938,9967.365593583938,0.0,0,0.004920776395721083
1664913599999,9967.365593583938,9967.365593583938,0.0,0,0.004920776395721083
1664927999999,9967.365593583938,9967.365593583938,0.0,0,0.004920776395721083
1664942399999,9967.365593583938,9967.365593583938,0.0,0,0.004920776395721083
1664956799999,9967.365593583938,9967.365593583938,0.0,0,0.004920776395721083
1664971199999,9967.365593583938,9967.365593583938,0.0,0,0.004920776395721083
1664985599999,9967.365593583938,9967.365593583938,0.0,0,0.004920776395721083
1664999999999,9967.365593583938,9967.365593583938,0.0,0,0.004920776395721083
1665014399999,9967.365593583938,9967.365593583938,0.0,0,0.004920776395721083
1665028799999,9967.365593583938,9967.365593583938,0.0,0,0.004920776395721083
1665043199999,9967.365593583938,9967.365593583938,0.0,0,0.004920776395721083
1665057599999,9967.365593583938,9967.365593583938,0.0,0,0.004920776395721083
1665071999999,9967.365593583938,9967.365593583938,0.0,0,0.004920776395721083
1665086399999,9967.365593583938,9967.365593583938,0.0,0,0.004920776395721083
1665100799999,9967.365593583938,9967.365593583938,0.0,0,0.004920776395721083
1665115199999,9967.365593583938,9967.365593583938,0.0,0,0.004920776395721083
1665129599999,9967.365593583938,9967.365593583938,0.0,0,0.004920776395721083
1665143999999,9967.365593583938,9967.365593583938,0.0,0,0.004920776395721083
1665158399999,9967.365593583938,9967.365593583938,0.0,0,0.004920776395721083
1665172799999,9967.365593583938,9967.365593583938,0.0,0,0.004920776395721083
1665187199999,9967.365593583938,9967.365593583938,0.0,0,0.004920776395721083
1665201599999,9967.365593583938,9967.365593583938,0.0,0,0.004920776395721083
1665215999999,9967.365593583938,9967.365593583938,0.0,0,0.004920776395721083
1665230399999,9967.365593583938,9967.365593583938,0.0,0,0.004920776395721083
1665244799999,9967.365593583938,9967.365593583938,0.0,0,0.004920776395721083
1665259199999,9967.365593583938,9967.365593583938,0.0,0,0.004920776395721083
1665273599999,9967.365593583938,9967.365593583938,0.0,0,0.004920776395721083
1665287999999,9967.365593583938,9967.365593583938,0.0,0,0.004920776395721083
1665302399999,9967.365593583938,9967.365593583938,0.0,0,0.004920776395721083
1665316799999,9967.365593583938,9967.365593583938,0.0,0,0.004920776395721083
1665331199999,9967.365593583938,9967.365593583938,0.0,0,0.004920776395721083
1665345599999,9967.365593583938,9967.365593583938,0.0,0,0.004920776395721083
1665359999999,9967.365593583938,9967.365593583938,0.0,0,0.004920776395721083
1665374399999,9967.365593583938,9967.365593583938,0.0,0,0.004920776395721083
1665388799999,9967.365593583938,9967.365593583938,0.0,0,0.004920776395721083
1665403199999,9967.365593583938,9967.365593583938,0.0,0,0.004920776395721083
1665417599999,9967.365593583938,9967.365593583938,0.0,0,0.004920776395721083
1665431999999,9967.365593583938,9967.365593583938,0.0,0,0.004920776395721083
1665446399999,9967.365593583938,9967.365593583938,0.0,0,0.004920776395721083
1665460799999,9967.365593583938,9967.365593583938,0.0,0,0.004920776395721083
1665475199999,9967.365593583938,9967.365593583938,0.0,0,0.004920776395721083
1665489599999,9967.365593583938,9967.365593583938,0.0,0,0.004920776395721083
1665503999999,9967.365593583938,9967.365593583938,0.0,0,0.004920776395721083
1665518399999,9967.365593583938,9967.365593583938,0.0,0,0.004920776395721083
1665532799999,9967.365593583938,9967.365593583938,0.0,0,0.004920776395721083
1665547199999,9967.365593583938,9967.365593583938,0.0,0,0.004920776395721083
1665561599999,9967.365593583938,9967.365593583938,0.0,0,0.004920776395721083
1665575999999,9967.365593583938,9967.365593583938,0.0,0,0.004920776395721083
1665590399999,9967.365593583938,9967.365593583938,0.0,0,0.004920776395721083
1665604799999,9967.365593583938,9967.365593583938,0.0,0,0.004920776395721083
1665619199999,9967.365593583938,9967.365593583938,0.0,0,0.004920776395721083
1665633599999,9967.365593583938,9967.365593583938,0.0,0,0.004920776395721083
1665647999999,9967.365593583938,9967.365593583938,0.0,0,0.004920776395721083
1665662399999,9967.365593583938,9967.365593583938,0.0,0,0.004920776395721083
1665676799999,9967.365593583938,9967.365593583938,0.0,0,0.004920776395721083
1665691199999,9967.365593583938,9967.365593583938,0.0,0,0.004920776395721083
1665705599999,9967.365593583938,9967.365593583938,0.0,0,0.004920776395721083
1665719999999,9967.365593583938,9967.365593583938,0.0,0,0.004920776395721083
1665734399999,9967.365593583938,9967.365593583938,0.0,0,0.004920776395721083
1665748799999,9967.365593583938,9967.365593583938,0.0,0,0.004920776395721083
1665763199999,9967.365593583938,9967.365593583938,0.0,0,0.004920776395721083
1665777599999,9967.365593583938,9967.365593583938,0.0,0,0.004920776395721083
1665791999999,9967.365593583938,9967.365593583938,0.0,0,0.004920776395721083
1665806399999,9967.365593583938,9967.365593583938,0.0,0,0.004920776395721083
1665820799999,9967.365593583938,9967.365593583938,0.0,0,0.004920776395721083
1665835199999,9967.365593583938,9967.365593583938,0.0,0,0.004920776395721083
1665849599999,9967.365593583938,9967.365593583938,0.0,0,0.004920776395721083
1665863999999,9967.365593583938,9967.365593583938,0.0,0,0.004920776395721083
1665878399999,9967.365593583938,9967.365593583938,0.0,0,0.004920776395721083
1665892799999,9967.365593583938,9967.365593583938,0.0,0,0.004920776395721083
1665907199999,9967.365593583938,9967.365593583938,0.0,0,0.004920776395721083
1665921599999,9967.365593583938,9967.365593583938,0.0,0,0.004920776395721083
1665935999999,9967.365593583938,9967.365593583938,0.0,0,0.004920776395721083
1665950399999,9967.365593583938,9967.365593583938,0.0,0,0.004920776395721083
1665964799999,9967.365593583938,9967.365593583938,0.0,0,0.004920776395721083
1665979199999,9967.365593583938,9967.365593583938,0.0,0,0.004920776395721083
1665993599999,9967.365593583938,9967.365593583938,0.0,0,0.004920776395721083
1666007999999,9967.365593583938,9967.365593583938,0.0,0,0.004920776395721083
1666022399999,9967.365593583938,9967.365593583938,0.0,0,0.004920776395721083
1666036799999,9967.365593583938,9967.365593583938,0.0,0,0.004920776395721083
1666051199999,9967.365593583938,9967.365593583938,0.0,0,0.004920776395721083
1666065599999,9967.365593583938,9967.365593583938,0.0,0,0.004920776395721083
1666079999999,9967.365593583938,9967.365593583938,0.0,0,0.004920776395721083
1666094399999,9967.365593583938,9967.365593583938,0.0,0,0.004920776395721083
1666108799999,9967.365593583938,9967.365593583938,0.0,0,0.004920776395721083
1666123199999,9967.365593583938,9967.365593583938,0.0,0,0.004920776395721083
1666137599999,9967.365593583938,9967.365593583938,0.0,0,0.004920776395721083
1666151999999,9967.365593583938,9967.365593583938,0.0,0,0.004920776395721083
1666166399999,9967.365593583938,9967.365593583938,0.0,0,0.004920776395721083
1666180799999,9967.365593583938,9967.365593583938,0.0,0,0.004920776395721083
1666195199999,9967.365593583938,9967.365593583938,0.0,0,0.004920776395721083
1666209599999,9967.365593583938,9967.365593583938,0.0,0,0.004920776395721083
1666223999999,9967.365593583938,9967.365593583938,0.0,0,0.004920776395721083
1666238399999,9967.365593583938,9967.365593583938,0.0,0,0.004920776395721083
1666252799999,9967.365593583938,9967.365593583938,0.0,0,0.004920776395721083
1666267199999,9967.365593583938,9967.365593583938,0.0,0,0.004920776395721083
1666281599999,9967.365593583938,9967.365593583938,0.0,0,0.004920776395721083
1666295999999,9967.365593583938,9967.365593583938,0.0,0,0.004920776395721083
1666310399999,9967.365593583938,9967.365593583938,0.0,0,0.004920776395721083
1666324799999,9967.365593583938,9967.365593583938,0.0,0,0.004920776395721083
1666339199999,9967.365593583938,9967.365593583938,0.0,0,0.004920776395721083
1666353599999,9967.365593583938,9967.365593583938,0.0,0,0.004920776395721083
1666367999999,9967.365593583938,9967.365593583938,0.0,0,0.004920776395721083
1666382399999,9967.365593583938,9967.365593583938,0.0,0,0.004920776395721083
1666396799999,9967.365593583938,9967.365593583938,0.0,0,0.004920776395721083
1666411199999,9967.365593583938,9967.365593583938,0.0,0,0.004920776395721083
1666425599999,9967.365593583938,9967.365593583938,0.0,0,0.004920776395721083
1666439999999,9967.365593583938,9967.365593583938,0.0,0,0.004920776395721083
1666454399999,9967.365593583938,9967.365593583938,0.0,0,0.004920776395721083
1666468799999,9967.365593583938,9967.365593583938,0.0,0,0.004920776395721083
1666483199999,9967.365593583938,9967.365593583938,0.0,0,0.004920776395721083
1666497599999,9967.365593583938,9967.365593583938,0.0,0,0.004920776395721083
1666511999999,9967.365593583938,9967.365593583938,0.0,0,0.004920776395721083
1666526399999,9967.365593583938,9967.365593583938,0.0,0,0.004920776395721083
1666540799999,9967.365593583938,9967.365593583938,0.0,0,0.004920776395721083
1666555199999,9967.365593583938,9967.365593583938,0.0,0,0.004920776395721083
1666569599999,9967.365593583938,9967.365593583938,0.0,0,0.004920776395721083
1666583999999,9967.365593583938,9967.365593583938,0.0,0,0.004920776395721083
1666598399999,9967.365593583938,9967.365593583938,0.0,0,0.004920776395721083
1666612799999,9967.365593583938,9967.365593583938,0.0,0,0.004920776395721083
1666627199999,9967.365593583938,9967.365593583938,0.0,0,0.004920776395721083
1666641599999,9967.365593583938,9967.365593583938,0.0,0,0.004920776395721083
1666655999999,9967.365593583938,9967.365593583938,0.0,0,0.004920776395721083
1666670399999,9967.365593583938,9967.365593583938,0.0,0,0.004920776395721083
1666684799999,9967.365593583938,9967.365593583938,0.0,0,0.004920776395721083
1666699199999,9967.365593583938,9967.365593583938,0.0,0,0.004920776395721083
1666713599999,9967.365593583938,9967.365593583938,0.0,0,0.004920776395721083
1666727999999,9967.365593583938,9967.365593583938,0.0,0,0.004920776395721083
1666742399999,9967.365593583938,9967.365593583938,0.0,0,0.004920776395721083
1666756799999,9967.365593583938,9967.365593583938,0.0,0,0.004920776395721083
1666771199999,9967.365593583938,9967.365593583938,0.0,0,0.004920776395721083
1666785599999,9967.365593583938,9967.365593583938,0.0,0,0.004920776395721083
1666799999999,9967.365593583938,9967.365593583938,0.0,0,0.004920776395721083
1666814399999,9967.365593583938,9967.365593583938,0.0,0,0.004920776395721083
1666828799999,9967.365593583938,9967.365593583938,0.0,0,0.004920776395721083
1666843199999,9967.365593583938,9967.365593583938,0.0,0,0.004920776395721083
1666857599999,9967.365593583938,9967.365593583938,0.0,0,0.004920776395721083
1666871999999,9967.365593583938,9967.365593583938,0.0,0,0.004920776395721083
1666886399999,9967.365593583938,9967.365593583938,0.0,0,0.004920776395721083
1666900799999,9967.365593583938,9967.365593583938,0.0,0,0.004920776395721083
1666915199999,9967.365593583938,9967.365593583938,0.0,0,0.004920776395721083
1666929599999,9967.365593583938,9967.365593583938,0.0,0,0.004920776395721083
1666943999999,9967.365593583938,9967.365593583938,0.0,0,0.004920776395721083
1666958399999,9967.365593583938,9967.365593583938,0.0,0,0.004920776395721083
1666972799999,9967.365593583938,9967.365593583938,0.0,0,0.004920776395721083
1666987199999,9967.365593583938,9967.365593583938,0.0,0,0.004920776395721083
1667001599999,9967.365593583938,9967.365593583938,0.0,0,0.004920776395721083
1667015999999,9967.365593583938,9967.365593583938,0.0,0,0.004920776395721083
1667030399999,9967.365593583938,9967.365593583938,0.0,0,0.004920776395721083
1667044799999,9967.365593583938,9967.365593583938,0.0,0,0.004920776395721083
1667059199999,9967.365593583938,9967.365593583938,0.0,0,0.004920776395721083
1667073599999,9967.365593583938,9967.365593583938,0.0,0,0.004920776395721083
1667087999999,9967.365593583938,9967.365593583938,0.0,0,0.004920776395721083
1667102399999,9967.365593583938,9967.365593583938,0.0,0,0.004920776395721083
1667116799999,9967.365593583938,9967.365593583938,0.0,0,0.004920776395721083
1667131199999,9967.365593583938,9967.365593583938,0.0,0,0.004920776395721083
1667145599999,9967.365593583938,9967.365593583938,0.0,0,0.004920776395721083
1667159999999,9967.365593583938,9967.365593583938,0.0,0,0.004920776395721083
1667174399999,9967.365593583938,9967.365593583938,0.0,0,0.004920776395721083
1667188799999,9967.365593583938,9967.365593583938,0.0,0,0.004920776395721083
1667203199999,9967.365593583938,9967.365593583938,0.0,0,0.004920776395721083
1667217599999,9967.365593583938,9967.365593583938,0.0,0,0.004920776395721083
1667231999999,9967.365593583938,9967.365593583938,0.0,0,0.004920776395721083
1667246399999,9967.365593583938,9967.365593583938,0.0,0,0.004920776395721083
1667260799999,9967.365593583938,9967.365593583938,0.0,0,0.004920776395721083
1667275199999,9967.365593583938,9967.365593583938,0.0,0,0.004920776395721083
1667289599999,9967.365593583938,9967.365593583938,0.0,0,0.004920776395721083
1667303999999,9967.365593583938,9967.365593583938,0.0,0,0.004920776395721083
1667318399999,9967.365593583938,9967.365593583938,0.0,0,0.004920776395721083
1667332799999,9967.365593583938,9967.365593583938,0.0,0,0.004920776395721083
1667347199999,9967.365593583938,9967.365593583938,0.0,0,0.004920776395721083
1667361599999,9967.365593583938,9967.365593583938,0.0,0,0.004920776395721083
1667375999999,9967.365593583938,9967.365593583938,0.0,0,0.004920776395721083
1667390399999,9967.365593583938,9967.365593583938,0.0,0,0.004920776395721083
1667404799999,9967.365593583938,9967.365593583938,0.0,0,0.004920776395721083
1667419199999,9967.365593583938,9967.365593583938,0.0,0,0.004920776395721083
1667433599999,9967.365593583938,9967.365593583938,0.0,0,0.004920776395721083
1667447999999,9967.365593583938,9967.365593583938,0.0,0,0.004920776395721083
1667462399999,9967.365593583938,9967.365593583938,0.0,0,0.004920776395721083
1667476799999,9967.365593583938,9967.365593583938,0.0,0,0.004920776395721083
1667491199999,9967.365593583938,9967.365593583938,0.0,0,0.004920776395721083
1667505599999,9967.365593583938,9967.365593583938,0.0,0,0.004920776395721083
1667519999999,9967.365593583938,9967.365593583938,0.0,0,0.004920776395721083
1667534399999,9967.365593583938,9967.365593583938,0.0,0,0.004920776395721083
1667548799999,9967.365593583938,9967.365593583938,0.0,0,0.004920776395721083
1667563199999,9967.365593583938,9967.365593583938,0.0,0,0.004920776395721083
1667577599999,9967.365593583938,9967.365593583938,0.0,0,0.004920776395721083
1667591999999,9967.365593583938,9967.365593583938,0.0,0,0.004920776395721083
1667606399999,9917.328093583938,9967.056803185258,117.95234725171031,1,0.004951604091092521
1667620799999,9917.328093583938,9967.917855320196,117.95234725171031,1,0.004865642050082553
1667635199999,9917.328093583938,9968.024012432723,117.95234725171031,1,0.004855043990231955
1667649599999,9917.328093583938,9967.88246961602,117.95234725171031,1,0.004869174736699344
1667663999999,9917.328093583938,9967.894264850745,117.95234725171031,1,0.004867997174493821
1667678399999,9917.328093583938,9967.575793513166,117.95234725171031,1,0.004899791354045391
1667692799999,9917.328093583938,9967.622974452066,117.95234725171031,1,0.004895081105222965
1667707199999,9917.328093583938,9967.599383982617,117.95234725171031,1,0.004897436229634122
1667721599999,9917.328093583938,9967.12757459361,117.95234725171031,1,0.004944538717858826
1667735999999,9917.328093583938,9967.10398412416,117.95234725171031,1,0.004946893842269984
1667750399999,9917.328093583938,9967.339888818662,117.95234725171031,1,0.004923342598157743
1667764799999,9917.328093583938,9966.773717551854,117.95234725171031,1,0.004979865584027299
1667779199999,9917.328093583938,9964.75673241385,117.95234725171031,1,0.005181228721187314
1667793599999,9964.721160934729,9964.721160934729,0.0,0,0.0051847799544089135
1667807999999,9964.721160934729,9964.721160934729,0.0,0,0.0051847799544089135
1667822399999,9964.721160934729,9964.721160934729,0.0,0,0.0051847799544089135
1667836799999,9964.721160934729,9964.721160934729,0.0,0,0.0051847799544089135
1667851199999,9964.721160934729,9964.721160934729,0.0,0,0.0051847799544089135
1667865599999,9964.721160934729,9964.721160934729,0.0,0,0.0051847799544089135
1667879999999,9964.721160934729,9964.721160934729,0.0,0,0.0051847799544089135
1667894399999,9964.721160934729,9964.721160934729,0.0,0,0.0051847799544089135
1667908799999,9964.721160934729,9964.721160934729,0.0,0,0.0051847799544089135
1667923199999,9964.721160934729,9964.721160934729,0.0,0,0.0051847799544089135
1667937599999,9964.721160934729,9964.721160934729,0.0,0,0.0051847799544089135
1667951999999,9964.721160934729,9964.721160934729,0.0,0,0.0051847799544089135
1667966399999,9964.721160934729,9964.721160934729,0.0,0,0.0051847799544089135
1667980799999,9964.721160934729,9964.721160934729,0.0,0,0.0051847799544089135
1667995199999,9964.721160934729,9964.721160934729,0.0,0,0.0051847799544089135
1668009599999,9964.721160934729,9964.721160934729,0.0,0,0.0051847799544089135
1668023999999,9964.721160934729,9964.721160934729,0.0,0,0.0051847799544089135
1668038399999,9964.721160934729,9964.721160934729,0.0,0,0.0051847799544089135
1668052799999,9964.721160934729,9964.721160934729,0.0,0,0.0051847799544089135
1668067199999,9964.721160934729,9964.721160934729,0.0,0,0.0051847799544089135
1668081599999,9964.721160934729,9964.721160934729,0.0,0,0.0051847799544089135
1668095999999,9964.721160934729,9964.721160934729,0.0,0,0.0051847799544089135
1668110399999,9964.721160934729,9964.721160934729,0.0,0,0.0051847799544089135
1668124799999,9964.721160934729,9964.721160934729,0.0,0,0.0051847799544089135
1668139199999,9964.721160934729,9964.721160934729,0.0,0,0.0051847799544089135
1668153599999,9964.721160934729,9964.721160934729,0.0,0,0.0051847799544089135
1668167999999,9964.721160934729,9964.721160934729,0.0,0,0.0051847799544089135
1668182399999,9964.721160934729,9964.721160934729,0.0,0,0.0051847799544089135
1668196799999,9964.721160934729,9964.721160934729,0.0,0,0.0051847799544089135
1668211199999,9964.721160934729,9964.721160934729,0.0,0,0.0051847799544089135
1668225599999,9964.721160934729,9964.721160934729,0.0,0,0.0051847799544089135
1668239999999,9964.721160934729,9964.721160934729,0.0,0,0.0051847799544089135
1668254399999,9964.721160934729,9964.721160934729,0.0,0,0.0051847799544089135
1668268799999,9964.721160934729,9964.721160934729,0.0,0,0.0051847799544089135
1668283199999,9964.721160934729,9964.721160934729,0.0,0,0.0051847799544089135
1668297599999,9964.721160934729,9964.721160934729,0.0,0,0.0051847799544089135
1668311999999,9964.721160934729,9964.721160934729,0.0,0,0.0051847799544089135
1668326399999,9964.721160934729,9964.721160934729,0.0,0,0.0051847799544089135
1668340799999,9964.721160934729,9964.721160934729,0.0,0,0.0051847799544089135
1668355199999,9964.721160934729,9964.721160934729,0.0,0,0.0051847799544089135
1668369599999,9964.721160934729,9964.721160934729,0.0,0,0.0051847799544089135
1668383999999,9964.721160934729,9964.721160934729,0.0,0,0.0051847799544089135
1668398399999,9964.721160934729,9964.721160934729,0.0,0,0.0051847799544089135
1668412799999,9964.721160934729,9964.721160934729,0.0,0,0.0051847799544089135
1668427199999,9964.721160934729,9964.721160934729,0.0,0,0.0051847799544089135
1668441599999,9964.721160934729,9964.721160934729,0.0,0,0.0051847799544089135
1668455999999,9964.721160934729,9964.721160934729,0.0,0,0.0051847799544089135
1668470399999,9964.721160934729,9964.721160934729,0.0,0,0.0051847799544089135
1668484799999,9964.721160934729,9964.721160934729,0.0,0,0.0051847799544089135
1668499199999,9964.721160934729,9964.721160934729,0.0,0,0.0051847799544089135
1668513599999,9964.721160934729,9964.721160934729,0.0,0,0.0051847799544089135
1668527999999,9964.721160934729,9964.721160934729,0.0,0,0.0051847799544089135
1668542399999,9964.721160934729,9964.721160934729,0.0,0,0.0051847799544089135
1668556799999,9964.721160934729,9964.721160934729,0.0,0,0.0051847799544089135
1668571199999,9964.721160934729,9964.721160934729,0.0,0,0.0051847799544089135
1668585599999,9964.721160934729,9964.721160934729,0.0,0,0.0051847799544089135
1668599999999,9964.721160934729,9964.721160934729,0.0,0,0.0051847799544089135
1668614399999,9964.721160934729,9964.721160934729,0.0,0,0.0051847799544089135
1668628799999,9964.721160934729,9964.721160934729,0.0,0,0.0051847799544089135
1668643199999,9964.721160934729,9964.721160934729,0.0,0,0.0051847799544089135
1668657599999,9964.721160934729,9964.721160934729,0.0,0,0.0051847799544089135
1668671999999,9964.721160934729,9964.721160934729,0.0,0,0.0051847799544089135
1668686399999,9964.721160934729,9964.721160934729,0.0,0,0.0051847799544089135
1668700799999,9964.721160934729,9964.721160934729,0.0,0,0.0051847799544089135
1668715199999,9964.721160934729,9964.721160934729,0.0,0,0.0051847799544089135
1668729599999,9964.721160934729,9964.721160934729,0.0,0,0.0051847799544089135
1668743999999,9964.721160934729,9964.721160934729,0.0,0,0.0051847799544089135
1668758399999,9964.721160934729,9964.721160934729,0.0,0,0.0051847799544089135
1668772799999,9964.721160934729,9964.721160934729,0.0,0,0.0051847799544089135
1668787199999,9964.721160934729,9964.721160934729,0.0,0,0.0051847799544089135
1668801599999,9964.721160934729,9964.721160934729,0.0,0,0.0051847799544089135
1668815999999,9964.721160934729,9964.721160934729,0.0,0,0.0051847799544089135
1668830399999,9964.721160934729,9964.721160934729,0.0,0,0.0051847799544089135
1668844799999,9964.721160934729,9964.721160934729,0.0,0,0.0051847799544089135
1668859199999,9964.721160934729,9964.721160934729,0.0,0,0.0051847799544089135
1668873599999,9964.721160934729,9964.721160934729,0.0,0,0.0051847799544089135
1668887999999,9964.721160934729,9964.721160934729,0.0,0,0.0051847799544089135
1668902399999,9964.721160934729,9964.721160934729,0.0,0,0.0051847799544089135
1668916799999,9964.721160934729,9964.721160934729,0.0,0,0.0051847799544089135
1668931199999,9964.721160934729,9964.721160934729,0.0,0,0.0051847799544089135
1668945599999,9964.721160934729,9964.721160934729,0.0,0,0.0051847799544089135
1668959999999,9964.721160934729,9964.721160934729,0.0,0,0.0051847799544089135
1668974399999,9964.721160934729,9964.721160934729,0.0,0,0.0051847799544089135
1668988799999,9964.721160934729,9964.721160934729,0.0,0,0.0051847799544089135
1669003199999,9964.721160934729,9964.721160934729,0.0,0,0.0051847799544089135
1669017599999,9964.721160934729,9964.721160934729,0.0,0,0.0051847799544089135
1669031999999,9964.721160934729,9964.721160934729,0.0,0,0.0051847799544089135
1669046399999,9964.721160934729,9964.721160934729,0.0,0,0.0051847799544089135
1669060799999,9964.721160934729,9964.721160934729,0.0,0,0.0051847799544089135
1669075199999,9964.721160934729,9964.721160934729,0.0,0,0.0051847799544089135
1669089599999,9964.721160934729,9964.721160934729,0.0,0,0.0051847799544089135
1669103999999,9964.721160934729,9964.721160934729,0.0,0,0.0051847799544089135
1669118399999,9964.721160934729,9964.721160934729,0.0,0,0.0051847799544089135
1669132799999,9964.721160934729,9964.721160934729,0.0,0,0.0051847799544089135
1669147199999,9964.721160934729,9964.721160934729,0.0,0,0.0051847799544089135
1669161599999,9964.721160934729,9964.721160934729,0.0,0,0.0051847799544089135
1669175999999,9964.721160934729,9964.721160934729,0.0,0,0.0051847799544089135
1669190399999,9964.721160934729,9964.721160934729,0.0,0,0.0051847799544089135
1669204799999,9964.721160934729,9964.721160934729,0.0,0,0.0051847799544089135
1669219199999,9964.721160934729,9964.721160934729,0.0,0,0.0051847799544089135
1669233599999,9964.721160934729,9964.721160934729,0.0,0,0.0051847799544089135
1669247999999,9964.721160934729,9964.721160934729,0.0,0,0.0051847799544089135
1669262399999,9964.721160934729,9964.721160934729,0.0,0,0.0051847799544089135
1669276799999,9964.721160934729,9964.721160934729,0.0,0,0.0051847799544089135
1669291199999,9964.721160934729,9964.721160934729,0.0,0,0.0051847799544089135
1669305599999,9964.721160934729,9964.721160934729,0.0,0,0.0051847799544089135
1669319999999,9964.721160934729,9964.721160934729,0.0,0,0.0051847799544089135
1669334399999,9964.721160934729,9964.721160934729,0.0,0,0.0051847799544089135
1669348799999,9964.721160934729,9964.721160934729,0.0,0,0.0051847799544089135
1669363199999,9964.721160934729,9964.721160934729,0.0,0,0.0051847799544089135
1669377599999,9964.721160934729,9964.721160934729,0.0,0,0.0051847799544089135
1669391999999,9964.721160934729,9964.721160934729,0.0,0,0.0051847799544089135
1669406399999,9964.721160934729,9964.721160934729,0.0,0,0.0051847799544089135
1669420799999,9964.721160934729,9964.721160934729,0.0,0,0.0051847799544089135
1669435199999,9964.721160934729,9964.721160934729,0.0,0,0.0051847799544089135
1669449599999,9964.721160934729,9964.721160934729,0.0,0,0.0051847799544089135
1669463999999,9964.721160934729,9964.721160934729,0.0,0,0.0051847799544089135
1669478399999,9964.721160934729,9964.721160934729,0.0,0,0.0051847799544089135
1669492799999,9964.721160934729,9964.721160934729,0.0,0,0.0051847799544089135
1669507199999,9964.721160934729,9964.721160934729,0.0,0,0.0051847799544089135
1669521599999,9964.721160934729,9964.721160934729,0.0,0,0.0051847799544089135
1669535999999,9964.721160934729,9964.721160934729,0.0,0,0.0051847799544089135
1669550399999,9964.721160934729,9964.721160934729,0.0,0,0.0051847799544089135
1669564799999,9964.721160934729,9964.721160934729,0.0,0,0.0051847799544089135
1669579199999,9964.721160934729,9964.721160934729,0.0,0,0.0051847799544089135
1669593599999,9964.721160934729,9964.721160934729,0.0,0,0.0051847799544089135
1669607999999,9964.721160934729,9964.721160934729,0.0,0,0.0051847799544089135
1669622399999,9964.721160934729,9964.721160934729,0.0,0,0.0051847799544089135
1669636799999,9964.721160934729,9964.721160934729,0.0,0,0.0051847799544089135
1669651199999,9964.721160934729,9964.721160934729,0.0,0,0.0051847799544089135
1669665599999,9964.721160934729,9964.721160934729,0.0,0,0.0051847799544089135
1669679999999,9964.721160934729,9964.721160934729,0.0,0,0.0051847799544089135
1669694399999,9964.721160934729,9964.721160934729,0.0,0,0.0051847799544089135
1669708799999,9964.721160934729,9964.721160934729,0.0,0,0.0051847799544089135
1669723199999,9964.721160934729,9964.721160934729,0.0,0,0.0051847799544089135
1669737599999,9964.721160934729,9964.721160934729,0.0,0,0.0051847799544089135
1669751999999,9964.721160934729,9964.721160934729,0.0,0,0.0051847799544089135
1669766399999,9964.721160934729,9964.721160934729,0.0,0,0.0051847799544089135
1669780799999,9964.721160934729,9964.721160934729,0.0,0,0.0051847799544089135
1669795199999,9964.721160934729,9964.721160934729,0.0,0,0.0051847799544089135
1669809599999,9964.721160934729,9964.721160934729,0.0,0,0.0051847799544089135
1669823999999,9964.721160934729,9964.721160934729,0.0,0,0.0051847799544089135
1669838399999,9964.721160934729,9964.721160934729,0.0,0,0.0051847799544089135
1669852799999,9964.721160934729,9964.721160934729,0.0,0,0.0051847799544089135
1669867199999,9964.721160934729,9964.721160934729,0.0,0,0.0051847799544089135
1669881599999,9964.721160934729,9964.721160934729,0.0,0,0.0051847799544089135
1669895999999,9964.721160934729,9964.721160934729,0.0,0,0.0051847799544089135
1669910399999,9964.721160934729,9964.721160934729,0.0,0,0.0051847799544089135
1669924799999,9964.721160934729,9964.721160934729,0.0,0,0.0051847799544089135
1669939199999,9964.721160934729,9964.721160934729,0.0,0,0.0051847799544089135
1669953599999,9964.721160934729,9964.721160934729,0.0,0,0.0051847799544089135
1669967999999,9964.721160934729,9964.721160934729,0.0,0,0.0051847799544089135
1669982399999,9964.721160934729,9964.721160934729,0.0,0,0.0051847799544089135
1669996799999,9964.721160934729,9964.721160934729,0.0,0,0.0051847799544089135
1670011199999,9964.721160934729,9964.721160934729,0.0,0,0.0051847799544089135
1670025599999,9964.721160934729,9964.721160934729,0.0,0,0.0051847799544089135
1670039999999,9964.721160934729,9964.721160934729,0.0,0,0.0051847799544089135
1670054399999,9964.721160934729,9964.721160934729,0.0,0,0.0051847799544089135
1670068799999,9964.721160934729,9964.721160934729,0.0,0,0.0051847799544089135
1670083199999,9964.721160934729,9964.721160934729,0.0,0,0.0051847799544089135
1670097599999,9964.721160934729,9964.721160934729,0.0,0,0.0051847799544089135
1670111999999,9964.721160934729,9964.721160934729,0.0,0,0.0051847799544089135
1670126399999,9964.721160934729,9964.721160934729,0.0,0,0.0051847799544089135
1670140799999,9964.721160934729,9964.721160934729,0.0,0,0.0051847799544089135
1670155199999,9964.721160934729,9964.721160934729,0.0,0,0.0051847799544089135
1670169599999,9964.721160934729,9964.721160934729,0.0,0,0.0051847799544089135
1670183999999,9964.721160934729,9964.721160934729,0.0,0,0.0051847799544089135
1670198399999,9964.721160934729,9964.721160934729,0.0,0,0.0051847799544089135
1670212799999,9964.721160934729,9964.721160934729,0.0,0,0.0051847799544089135
1670227199999,9964.721160934729,9964.721160934729,0.0,0,0.0051847799544089135
1670241599999,9964.721160934729,9964.721160934729,0.0,0,0.0051847799544089135
1670255999999,9964.721160934729,9964.721160934729,0.0,0,0.0051847799544089135
1670270399999,9964.721160934729,9964.721160934729,0.0,0,0.0051847799544089135
1670284799999,9964.721160934729,9964.721160934729,0.0,0,0.0051847799544089135
1670299199999,9964.721160934729,9964.721160934729,0.0,0,0.0051847799544089135
1670313599999,9964.721160934729,9964.721160934729,0.0,0,0.0051847799544089135
1670327999999,9964.721160934729,9964.721160934729,0.0,0,0.0051847799544089135
1670342399999,9964.721160934729,9964.721160934729,0.0,0,0.0051847799544089135
1670356799999,9964.721160934729,9964.721160934729,0.0,0,0.0051847799544089135
1670371199999,9964.721160934729,9964.721160934729,0.0,0,0.0051847799544089135
1670385599999,9964.721160934729,9964.721160934729,0.0,0,0.0051847799544089135
1670399999999,9964.721160934729,9964.721160934729,0.0,0,0.0051847799544089135
1670414399999,9964.721160934729,9964.721160934729,0.0,0,0.0051847799544089135
1670428799999,9964.721160934729,9964.721160934729,0.0,0,0.0051847799544089135
1670443199999,9964.721160934729,9964.721160934729,0.0,0,0.0051847799544089135
1670457599999,9964.721160934729,9964.721160934729,0.0,0,0.0051847799544089135
1670471999999,9964.721160934729,9964.721160934729,0.0,0,0.0051847799544089135
1670486399999,9964.721160934729,9964.721160934729,0.0,0,0.0051847799544089135
1670500799999,9964.721160934729,9964.721160934729,0.0,0,0.0051847799544089135
1670515199999,9964.721160934729,9964.721160934729,0.0,0,0.0051847799544089135
1670529599999,9964.721160934729,9964.721160934729,0.0,0,0.0051847799544089135
1670543999999,9964.721160934729,9964.721160934729,0.0,0,0.0051847799544089135
1670558399999,9964.721160934729,9964.721160934729,0.0,0,0.0051847799544089135
1670572799999,9964.721160934729,9964.721160934729,0.0,0,0.0051847799544089135
1670587199999,9964.721160934729,9964.721160934729,0.0,0,0.0051847799544089135
1670601599999,9964.721160934729,9964.721160934729,0.0,0,0.0051847799544089135
1670615999999,9964.721160934729,9964.721160934729,0.0,0,0.0051847799544089135
1670630399999,9964.721160934729,9964.721160934729,0.0,0,0.0051847799544089135
1670644799999,9964.721160934729,9964.721160934729,0.0,0,0.0051847799544089135
1670659199999,9964.721160934729,9964.721160934729,0.0,0,0.0051847799544089135
1670673599999,9964.721160934729,9964.721160934729,0.0,0,0.0051847799544089135
1670687999999,9964.721160934729,9964.721160934729,0.0,0,0.0051847799544089135
1670702399999,9964.721160934729,9964.721160934729,0.0,0,0.0051847799544089135
1670716799999,9964.721160934729,9964.721160934729,0.0,0,0.0051847799544089135
1670731199999,9964.721160934729,9964.721160934729,0.0,0,0.0051847799544089135
1670745599999,9964.721160934729,9964.721160934729,0.0,0,0.0051847799544089135
1670759999999,9964.721160934729,9964.721160934729,0.0,0,0.0051847799544089135
1670774399999,9964.721160934729,9964.721160934729,0.0,0,0.0051847799544089135
1670788799999,9964.721160934729,9964.721160934729,0.0,0,0.0051847799544089135
1670803199999,9964.721160934729,9964.721160934729,0.0,0,0.0051847799544089135
1670817599999,9964.721160934729,9964.721160934729,0.0,0,0.0051847799544089135
1670831999999,9964.721160934729,9964.721160934729,0.0,0,0.0051847799544089135
1670846399999,9964.721160934729,9964.721160934729,0.0,0,0.0051847799544089135
1670860799999,9964.721160934729,9964.721160934729,0.0,0,0.0051847799544089135
1670875199999,9964.721160934729,9964.721160934729,0.0,0,0.0051847799544089135
1670889599999,9964.721160934729,9964.721160934729,0.0,0,0.0051847799544089135
1670903999999,9964.721160934729,9964.721160934729,0.0,0,0.0051847799544089135
1670918399999,9964.721160934729,9964.721160934729,0.0,0,0.0051847799544089135
1670932799999,9964.721160934729,9964.721160934729,0.0,0,0.0051847799544089135
1670947199999,9964.721160934729,9964.721160934729,0.0,0,0.0051847799544089135
1670961599999,9964.721160934729,9964.721160934729,0.0,0,0.0051847799544089135
1670975999999,9964.721160934729,9964.721160934729,0.0,0,0.0051847799544089135
1670990399999,9964.721160934729,9964.721160934729,0.0,0,0.0051847799544089135
1671004799999,9964.721160934729,9964.721160934729,0.0,0,0.0051847799544089135
1671019199999,9964.721160934729,9964.721160934729,0.0,0,0.0051847799544089135
1671033599999,9964.721160934729,9964.721160934729,0.0,0,0.0051847799544089135
1671047999999,9964.721160934729,9964.721160934729,0.0,0,0.0051847799544089135
1671062399999,9964.721160934729,9964.721160934729,0.0,0,0.0051847799544089135
1671076799999,9964.721160934729,9964.721160934729,0.0,0,0.0051847799544089135
1671091199999,9964.721160934729,9964.721160934729,0.0,0,0.0051847799544089135
1671105599999,9964.721160934729,9964.721160934729,0.0,0,0.0051847799544089135
1671119999999,9964.721160934729,9964.721160934729,0.0,0,0.0051847799544089135
1671134399999,9964.721160934729,9964.721160934729,0.0,0,0.0051847799544089135
1671148799999,9964.721160934729,9964.721160934729,0.0,0,0.0051847799544089135
1671163199999,9964.721160934729,9964.721160934729,0.0,0,0.0051847799544089135
1671177599999,9964.721160934729,9964.721160934729,0.0,0,0.0051847799544089135
1671191999999,9964.721160934729,9964.721160934729,0.0,0,0.0051847799544089135
1671206399999,9964.721160934729,9964.721160934729,0.0,0,0.0051847799544089135
1671220799999,9964.721160934729,9964.721160934729,0.0,0,0.0051847799544089135
1671235199999,9964.721160934729,9964.721160934729,0.0,0,0.0051847799544089135
1671249599999,9964.721160934729,9964.721160934729,0.0,0,0.0051847799544089135
1671263999999,9964.721160934729,9964.721160934729,0.0,0,0.0051847799544089135
1671278399999,9964.721160934729,9964.721160934729,0.0,0,0.0051847799544089135
1671292799999,9964.721160934729,9964.721160934729,0.0,0,0.0051847799544089135
1671307199999,9964.721160934729,9964.721160934729,0.0,0,0.0051847799544089135
1671321599999,9964.721160934729,9964.721160934729,0.0,0,0.0051847799544089135
1671335999999,9964.721160934729,9964.721160934729,0.0,0,0.0051847799544089135
1671350399999,9964.721160934729,9964.721160934729,0.0,0,0.0051847799544089135
1671364799999,9964.721160934729,9964.721160934729,0.0,0,0.0051847799544089135
1671379199999,9964.721160934729,9964.721160934729,0.0,0,0.0051847799544089135
1671393599999,9964.721160934729,9964.721160934729,0.0,0,0.0051847799544089135
1671407999999,9964.721160934729,9964.721160934729,0.0,0,0.0051847799544089135
1671422399999,9964.721160934729,9964.721160934729,0.0,0,0.0051847799544089135
1671436799999,9964.721160934729,9964.721160934729,0.0,0,0.0051847799544089135
1671451199999,9964.721160934729,9964.721160934729,0.0,0,0.0051847799544089135
1671465599999,9964.721160934729,9964.721160934729,0.0,0,0.0051847799544089135
1671479999999,9964.721160934729,9964.721160934729,0.0,0,0.0051847799544089135
1671494399999,9964.721160934729,9964.721160934729,0.0,0,0.0051847799544089135
1671508799999,9964.721160934729,9964.721160934729,0.0,0,0.0051847799544089135
1671523199999,9964.721160934729,9964.721160934729,0.0,0,0.0051847799544089135
1671537599999,9964.721160934729,9964.721160934729,0.0,0,0.0051847799544089135
1671551999999,9964.721160934729,9964.721160934729,0.0,0,0.0051847799544089135
1671566399999,9964.721160934729,9964.721160934729,0.0,0,0.0051847799544089135
1671580799999,9964.721160934729,9964.721160934729,0.0,0,0.0051847799544089135
1671595199999,9964.721160934729,9964.721160934729,0.0,0,0.0051847799544089135
1671609599999,9964.721160934729,9964.721160934729,0.0,0,0.0051847799544089135
1671623999999,9964.721160934729,9964.721160934729,0.0,0,0.0051847799544089135
1671638399999,9964.721160934729,9964.721160934729,0.0,0,0.0051847799544089135
1671652799999,9964.721160934729,9964.721160934729,0.0,0,0.0051847799544089135
1671667199999,9964.721160934729,9964.721160934729,0.0,0,0.0051847799544089135
1671681599999,9964.721160934729,9964.721160934729,0.0,0,0.0051847799544089135
1671695999999,9964.721160934729,9964.721160934729,0.0,0,0.0051847799544089135
1671710399999,9964.721160934729,9964.721160934729,0.0,0,0.0051847799544089135
1671724799999,9964.721160934729,9964.721160934729,0.0,0,0.0051847799544089135
1671739199999,9964.721160934729,9964.721160934729,0.0,0,0.0051847799544089135
1671753599999,9964.721160934729,9964.721160934729,0.0,0,0.0051847799544089135
1671767999999,9964.721160934729,9964.721160934729,0.0,0,0.0051847799544089135
1671782399999,9964.721160934729,9964.721160934729,0.0,0,0.0051847799544089135
1671796799999,9964.721160934729,9964.721160934729,0.0,0,0.0051847799544089135
1671811199999,9964.721160934729,9964.721160934729,0.0,0,0.0051847799544089135
1671825599999,9964.721160934729,9964.721160934729,0.0,0,0.0051847799544089135
1671839999999,9964.721160934729,9964.721160934729,0.0,0,0.0051847799544089135
1671854399999,9964.721160934729,9964.721160934729,0.0,0,0.0051847799544089135
1671868799999,9964.721160934729,9964.721160934729,0.0,0,0.0051847799544089135
1671883199999,9964.721160934729,9964.721160934729,0.0,0,0.0051847799544089135
1671897599999,9964.721160934729,9964.721160934729,0.0,0,0.0051847799544089135
1671911999999,9964.721160934729,9964.721160934729,0.0,0,0.0051847799544089135
1671926399999,9964.721160934729,9964.721160934729,0.0,0,0.0051847799544089135
1671940799999,9964.721160934729,9964.721160934729,0.0,0,0.0051847799544089135
1671955199999,9964.721160934729,9964.721160934729,0.0,0,0.0051847799544089135
1671969599999,9964.721160934729,9964.721160934729,0.0,0,0.0051847799544089135
1671983999999,9964.721160934729,9964.721160934729,0.0,0,0.0051847799544089135
1671998399999,9964.721160934729,9964.721160934729,0.0,0,0.0051847799544089135
1672012799999,9964.721160934729,9964.721160934729,0.0,0,0.0051847799544089135
1672027199999,9964.721160934729,9964.721160934729,0.0,0,0.0051847799544089135
1672041599999,9964.721160934729,9964.721160934729,0.0,0,0.0051847799544089135
1672055999999,9964.721160934729,9964.721160934729,0.0,0,0.0051847799544089135
1672070399999,9964.721160934729,9964.721160934729,0.0,0,0.0051847799544089135
1672084799999,9964.721160934729,9964.721160934729,0.0,0,0.0051847799544089135
1672099199999,9964.721160934729,9964.721160934729,0.0,0,0.0051847799544089135
1672113599999,9964.721160934729,9964.721160934729,0.0,0,0.0051847799544089135
1672127999999,9964.721160934729,9964.721160934729,0.0,0,0.0051847799544089135
1672142399999,9964.721160934729,9964.721160934729,0.0,0,0.0051847799544089135
1672156799999,9964.721160934729,9964.721160934729,0.0,0,0.0051847799544089135
1672171199999,9964.721160934729,9964.721160934729,0.0,0,0.0051847799544089135
1672185599999,9964.721160934729,9964.721160934729,0.0,0,0.0051847799544089135
1672199999999,9964.721160934729,9964.721160934729,0.0,0,0.0051847799544089135
1672214399999,9964.721160934729,9964.721160934729,0.0,0,0.0051847799544089135
1672228799999,9964.721160934729,9964.721160934729,0.0,0,0.0051847799544089135
1672243199999,9964.721160934729,9964.721160934729,0.0,0,0.0051847799544089135
1672257599999,9964.721160934729,9964.721160934729,0.0,0,0.0051847799544089135
1672271999999,9964.721160934729,9964.721160934729,0.0,0,0.0051847799544089135
1672286399999,9964.721160934729,9964.721160934729,0.0,0,0.0051847799544089135
1672300799999,9964.721160934729,9964.721160934729,0.0,0,0.0051847799544089135
1672315199999,9964.721160934729,9964.721160934729,0.0,0,0.0051847799544089135
1672329599999,9964.721160934729,9964.721160934729,0.0,0,0.0051847799544089135
1672343999999,9964.721160934729,9964.721160934729,0.0,0,0.0051847799544089135
1672358399999,9964.721160934729,9964.721160934729,0.0,0,0.0051847799544089135
1672372799999,9964.721160934729,9964.721160934729,0.0,0,0.0051847799544089135
1672387199999,9964.721160934729,9964.721160934729,0.0,0,0.0051847799544089135
1672401599999,9964.721160934729,9964.721160934729,0.0,0,0.0051847799544089135
1672415999999,9964.721160934729,9964.721160934729,0.0,0,0.0051847799544089135
1672430399999,9964.721160934729,9964.721160934729,0.0,0,0.0051847799544089135
1672444799999,9964.721160934729,9964.721160934729,0.0,0,0.0051847799544089135
1672459199999,9964.721160934729,9964.721160934729,0.0,0,0.0051847799544089135
1672473599999,9964.721160934729,9964.721160934729,0.0,0,0.0051847799544089135
1672487999999,9964.721160934729,9964.721160934729,0.0,0,0.0051847799544089135
1672502399999,9964.721160934729,9964.721160934729,0.0,0,0.0051847799544089135
1672516799999,9964.721160934729,9964.721160934729,0.0,0,0.0051847799544089135
1672531199999,9964.721160934729,9964.721160934729,0.0,0,0.0051847799544089135
1672545599999,9964.721160934729,9964.721160934729,0.0,0,0.0051847799544089135
1672559999999,9964.721160934729,9964.721160934729,0.0,0,0.0051847799544089135
1672574399999,9964.721160934729,9964.721160934729,0.0,0,0.0051847799544089135
1672588799999,9964.721160934729,9964.721160934729,0.0,0,0.0051847799544089135
1672603199999,9964.721160934729,9964.721160934729,0.0,0,0.0051847799544089135
1672617599999,9964.721160934729,9964.721160934729,0.0,0,0.0051847799544089135
1672631999999,9964.721160934729,9964.721160934729,0.0,0,0.0051847799544089135
1672646399999,9964.721160934729,9964.721160934729,0.0,0,0.0051847799544089135
1672660799999,9964.721160934729,9964.721160934729,0.0,0,0.0051847799544089135
1672675199999,9964.721160934729,9964.721160934729,0.0,0,0.0051847799544089135
1672689599999,9964.721160934729,9964.721160934729,0.0,0,0.0051847799544089135
1672703999999,9964.721160934729,9964.721160934729,0.0,0,0.0051847799544089135
1672718399999,9964.721160934729,9964.721160934729,0.0,0,0.0051847799544089135
1672732799999,9964.721160934729,9964.721160934729,0.0,0,0.0051847799544089135
1672747199999,9964.721160934729,9964.721160934729,0.0,0,0.0051847799544089135
1672761599999,9964.721160934729,9964.721160934729,0.0,0,0.0051847799544089135
1672775999999,9964.721160934729,9964.721160934729,0.0,0,0.0051847799544089135
1672790399999,9964.721160934729,9964.721160934729,0.0,0,0.0051847799544089135
1672804799999,9964.721160934729,9964.721160934729,0.0,0,0.0051847799544089135
1672819199999,9964.721160934729,9964.721160934729,0.0,0,0.0051847799544089135
1672833599999,9964.721160934729,9964.721160934729,0.0,0,0.0051847799544089135
1672847999999,9964.721160934729,9964.721160934729,0.0,0,0.0051847799544089135
1672862399999,9964.721160934729,9964.721160934729,0.0,0,0.0051847799544089135
1672876799999,9964.721160934729,9964.721160934729,0.0,0,0.0051847799544089135
1672891199999,9964.721160934729,9964.721160934729,0.0,0,0.0051847799544089135
1672905599999,9964.721160934729,9964.721160934729,0.0,0,0.0051847799544089135
1672919999999,9964.721160934729,9964.721160934729,0.0,0,0.0051847799544089135
1672934399999,9964.721160934729,9964.721160934729,0.0,0,0.0051847799544089135
1672948799999,9964.721160934729,9964.721160934729,0.0,0,0.0051847799544089135
1672963199999,9964.721160934729,9964.721160934729,0.0,0,0.0051847799544089135
1672977599999,9964.721160934729,9964.721160934729,0.0,0,0.0051847799544089135
1672991999999,9964.721160934729,9964.721160934729,0.0,0,0.0051847799544089135
1673006399999,9964.721160934729,9964.721160934729,0.0,0,0.0051847799544089135
1673020799999,9964.721160934729,9964.721160934729,0.0,0,0.0051847799544089135
1673035199999,9964.721160934729,9964.721160934729,0.0,0,0.0051847799544089135
1673049599999,9964.721160934729,9964.721160934729,0.0,0,0.0051847799544089135
1673063999999,9964.721160934729,9964.721160934729,0.0,0,0.0051847799544089135
1673078399999,9964.721160934729,9964.721160934729,0.0,0,0.0051847799544089135
1673092799999,9964.721160934729,9964.721160934729,0.0,0,0.0051847799544089135
1673107199999,9964.721160934729,9964.721160934729,0.0,0,0.0051847799544089135
1673121599999,9964.721160934729,9964.721160934729,0.0,0,0.0051847799544089135
1673135999999,9964.721160934729,9964.721160934729,0.0,0,0.0051847799544089135
1673150399999,9964.721160934729,9964.721160934729,0.0,0,0.0051847799544089135
1673164799999,9964.721160934729,9964.721160934729,0.0,0,0.0051847799544089135
1673179199999,9964.721160934729,9964.721160934729,0.0,0,0.0051847799544089135
1673193599999,9914.683660934728,9965.139161985884,175.1927119831815,1,0.00514304935292309
1673207999999,9914.683660934728,9965.472028138653,175.1927119831815,1,0.005109818085367812
1673222399999,9914.683660934728,9966.785973478527,175.1927119831815,1,0.00497864202922893
1673236799999,9914.683660934728,9972.409659533187,175.1927119831815,1,0.004417208508954884
1673251199999,9914.683660934728,9971.726407956452,175.1927119831815,1,0.004485420058147116
1673265599999,9914.683660934728,9971.02563710852,175.1927119831815,1,0.0045553806214210235
1673279999999,9914.683660934728,9970.867963667735,175.1927119831815,1,0.004571121748157658
1673294399999,9914.683660934728,9969.974480836621,175.1927119831815,1,0.004660321466332107
1673308799999,9914.683660934728,9970.184712091,175.1927119831815,1,0.00463933329734989
1673323199999,9914.683660934728,9969.65913395505,175.1927119831815,1,0.004691803719805487
1673337599999,9914.683660934728,9969.88688448063,175.1927119831815,1,0.004669066536741373
1673351999999,9914.683660934728,9970.359904802983,175.1927119831815,1,0.004621843156531469
1673366399999,9914.683660934728,9970.797886582941,175.1927119831815,1,0.004578117804485249
1673380799999,9914.683660934728,9971.393541803684,175.1927119831815,1,0.004518651325702283
1673395199999,9914.683660934728,9971.13075273571,175.1927119831815,1,0.004544886536929971
1673409599999,9914.683660934728,9969.799288124637,175.1927119831815,1,0.004677811607150639
1673423999999,9914.683660934728,9969.992000107819,175.1927119831815,1,0.00465857245225032
1673438399999,9914.683660934728,9969.816807395835,175.1927119831815,1,0.004676062593068853
1673452799999,9914.683660934728,9968.818208937531,175.1927119831815,1,0.004775756395734354
1673467199999,9914.683660934728,9970.342385531785,175.1927119831815,1,0.0046235921706132554
1673481599999,9914.683660934728,9971.270906905296,175.1927119831815,1,0.004530894424275123
1673495999999,9914.683660934728,9972.041754838023,175.1927119831815,1,0.0044539378046736244
1673510399999,9914.683660934728,9971.568734515668,175.1927119831815,1,0.004501161184883751
1673524799999,9914.683660934728,9971.060675650917,175.1927119831815,1,0.004551882593257339
1673539199999,9914.683660934728,9971.148272006907,175.1927119831815,1,0.004543137522848184
1673553599999,9914.683660934728,9972.637410058765,175.1927119831815,1,0.00439447132589077
1673567999999,9914.683660934728,9972.37462099079,175.1927119831815,1,0.004420706537118679
1673582399999,9914.683660934728,9972.2695053636,175.1927119831815,1,0.004431200621609732
1673596799999,9914.683660934728,9972.129351194013,175.1927119831815,1,0.00444519273426458
1673611199999,9914.683660934728,9972.637410058765,175.1927119831815,1,0.00439447132589077
1673625599999,9914.683660934728,9972.847641313145,175.1927119831815,1,0.004373483156908553
1673639999999,9914.683660934728,9973.3031423643,175.1927119831815,1,0.0043280087907805465
1673654399999,9914.683660934728,9975.230262196115,175.1927119831815,1,0.004135617241776912
1673668799999,9864.646160934728,9979.078151174643,319.9105122726171,2,0.00375146815631211
1673683199999,9864.646160934728,9980.901641094597,319.9105122726171,2,0.003569422367305841
1673697599999,9864.646160934728,9976.710813383826,319.9105122726171,2,0.003987808303442919
1673711999999,9864.646160934728,9977.12669704978,319.9105122726171,2,0.003946289088406552
1673726399999,9864.646160934728,9976.166965512963,319.9105122726171,2,0.004042102661567681
1673740799999,9864.646160934728,9977.414616510825,319.9105122726171,2,0.003917545016458246
1673755199999,9864.646160934728,9975.655108693327,319.9105122726171,2,0.004093203233920262
1673769599999,9864.646160934728,9975.399180283508,319.9105122726171,2,0.0041187535200967185
1673783999999,9864.646160934728,9975.079269771235,319.9105122726171,2,0.004150691377817095
1673798399999,9864.646160934728,9976.838777588735,319.9105122726171,2,0.003975033160354857
1673812799999,9864.646160934728,9976.294929717871,319.9105122726171,2,0.0040293275184796196
1673827199999,9864.646160934728,9976.838777588735,319.9105122726171,2,0.003975033160354857
1673841599999,9864.646160934728,9978.822222764826,319.9105122726171,2,0.0037770184424883446
1673855999999,9864.646160934728,9979.046160123416,319.9105122726171,2,0.00375466194208407
1673870399999,9864.646160934728,9976.42289392278,319.9105122726171,2,0.004016552375391447
1673884799999,9864.646160934728,9975.719090795781,319.9105122726171,2,0.004086815662376231
1673899199999,9864.646160934728,9977.83050017678,319.9105122726171,2,0.0038760258014215454
1673913599999,9864.646160934728,9976.742804435053,319.9105122726171,2,0.00398461451767107
1673927999999,9864.646160934728,9976.007010256826,319.9105122726171,2,0.004058071590427925
1673942399999,9864.646160934728,9976.870768639961,319.9105122726171,2,0.003971839374582897
1673956799999,9864.646160934728,9977.798509125552,319.9105122726171,2,0.0038792195871937274
1673971199999,9864.646160934728,9977.542580715735,319.9105122726171,2,0.003904769873369962
1673985599999,9864.646160934728,9977.47859861328,319.9105122726171,2,0.003911157444914104
1673999999999,9864.646160934728,9975.175242924917,319.9105122726171,2,0.004141110020500993
1674014399999,9864.646160934728,9976.64683128137,319.9105122726171,2,0.003994195874987172
1674028799999,9864.646160934728,9976.742804435053,319.9105122726171,2,0.00398461451767107
1674043199999,9864.646160934728,9975.655108693327,319.9105122726171,2,0.004093203233920262
1674057599999,9864.646160934728,9973.03184249269,319.9105122726171,2,0.004355093667227639
1674071999999,9972.950553231522,9972.950553231522,0.0,0,0.004363209076874486
1674086399999,9972.950553231522,9972.950553231522,0.0,0,0.004363209076874486
1674100799999,9972.950553231522,9972.950553231522,0.0,0,0.004363209076874486
1674115199999,9972.950553231522,9972.950553231522,0.0,0,0.004363209076874486
1674129599999,9972.950553231522,9972.950553231522,0.0,0,0.004363209076874486
1674143999999,9972.950553231522,9972.950553231522,0.0,0,0.004363209076874486
1674158399999,9972.950553231522,9972.950553231522,0.0,0,0.004363209076874486
1674172799999,9972.950553231522,9972.950553231522,0.0,0,0.004363209076874486
1674187199999,9972.950553231522,9972.950553231522,0.0,0,0.004363209076874486
1674201599999,9972.950553231522,9972.950553231522,0.0,0,0.004363209076874486
1674215999999,9972.950553231522,9972.950553231522,0.0,0,0.004363209076874486
1674230399999,9972.950553231522,9972.950553231522,0.0,0,0.004363209076874486
1674244799999,9972.950553231522,9972.950553231522,0.0,0,0.004363209076874486
1674259199999,9972.950553231522,9972.950553231522,0.0,0,0.004363209076874486
1674273599999,9922.913053231521,9972.132445178933,136.9487811558477,1,0.004444883850228565
1674287999999,9922.913053231521,9972.652850547325,136.9487811558477,1,0.004392929844420634
1674302399999,9872.87555323152,9972.766333468648,274.57608641321076,2,0.0043816004217982485
1674316799999,9872.87555323152,9974.633450856256,274.57608641321076,2,0.004195199140236361
1674331199999,9822.83805323152,9976.725311535287,409.49243827505643,3,0.003986360898994623
1674345599999,9822.83805323152,9973.817915223533,409.49243827505643,3,0.004276617099336244
1674359999999,9822.83805323152,9972.138996226606,409.49243827505643,3,0.004444229834744684
1674374399999,9822.83805323152,9975.7015804396,409.49243827505643,3,0.004088563786438737
1674388799999,9822.83805323152,9978.895621458145,409.49243827505643,3,0.0037696907776127997
1674403199999,9822.83805323152,9978.690875239006,409.49243827505643,3,0.0037901313551017557
1674417599999,9822.83805323152,9979.346063140247,409.49243827505643,3,0.0037247215071374296
1674431999999,9822.83805323152,9976.971006998252,409.49243827505643,3,0.003961832206007987
1674446399999,9822.83805323152,9974.514052368602,409.49243827505643,3,0.004207119135874016
1674460799999,9822.83805323152,9976.152022121702,409.49243827505643,3,0.004043594515963367
1674475199999,9822.83805323152,9977.503347168009,409.49243827505643,3,0.003908686704537034
1674489599999,9822.83805323152,9977.093854729734,409.49243827505643,3,0.003949567859514724
1674503999999,9822.83805323152,9975.947275902565,409.49243827505643,3,0.004064035093452101
1674518399999,9822.83805323152,9976.397717584667,409.49243827505643,3,0.004019065822976731
1674532799999,9822.83805323152,9977.912839606284,409.49243827505643,3,0.0038678055495593444
1674547199999,9822.83805323152,9979.264164652592,409.49243827505643,3,0.003732897738133012
1674561599999,9822.83805323152,9977.585245655664,409.49243827505643,3,0.003900510473541452
1674575999999,9822.83805323152,9976.807210022942,409.49243827505643,3,0.003978184667999041
1674590399999,9822.83805323152,9977.953788850113,409.49243827505643,3,0.003863717434061442
1674604799999,9822.83805323152,9969.722990840783,409.49243827505643,3,0.004685428649113144
1674619199999,9969.653745669471,9969.653745669471,0.0,0,0.004692341652419718
1674633599999,9969.653745669471,9969.653745669471,0.0,0,0.004692341652419718
1674647999999,9969.653745669471,9969.653745669471,0.0,0,0.004692341652419718
1674662399999,9969.653745669471,9969.653745669471,0.0,0,0.004692341652419718
1674676799999,9969.653745669471,9969.653745669471,0.0,0,0.004692341652419718
1674691199999,9969.653745669471,9969.653745669471,0.0,0,0.004692341652419718
1674705599999,9969.653745669471,9969.653745669471,0.0,0,0.004692341652419718
1674719999999,9969.653745669471,9969.653745669471,0.0,0,0.004692341652419718
1674734399999,9969.653745669471,9969.653745669471,0.0,0,0.004692341652419718
1674748799999,9969.653745669471,9969.653745669471,0.0,0,0.004692341652419718
1674763199999,9969.653745669471,9969.653745669471,0.0,0,0.004692341652419718
1674777599999,9969.653745669471,9969.653745669471,0.0,0,0.004692341652419718
1674791999999,9969.653745669471,9969.653745669471,0.0,0,0.004692341652419718
1674806399999,9969.653745669471,9969.653745669471,0.0,0,0.004692341652419718
1674820799999,9969.653745669471,9969.653745669471,0.0,0,0.004692341652419718
1674835199999,9969.653745669471,9969.653745669471,0.0,0,0.004692341652419718
1674849599999,9969.653745669471,9969.653745669471,0.0,0,0.004692341652419718
1674863999999,9969.653745669471,9969.653745669471,0.0,0,0.004692341652419718
1674878399999,9969.653745669471,9969.653745669471,0.0,0,0.004692341652419718
1674892799999,9969.653745669471,9969.653745669471,0.0,0,0.004692341652419718
1674907199999,9969.653745669471,9969.653745669471,0.0,0,0.004692341652419718
1674921599999,9969.653745669471,9969.653745669471,0.0,0,0.004692341652419718
1674935999999,9969.653745669471,9969.653745669471,0.0,0,0.004692341652419718
1674950399999,9969.653745669471,9969.653745669471,0.0,0,0.004692341652419718
1674964799999,9969.653745669471,9969.653745669471,0.0,0,0.004692341652419718
1674979199999,9969.653745669471,9969.653745669471,0.0,0,0.004692341652419718
1674993599999,9969.653745669471,9969.653745669471,0.0,0,0.004692341652419718
1675007999999,9969.653745669471,9969.653745669471,0.0,0,0.004692341652419718
1675022399999,9969.653745669471,9969.653745669471,0.0,0,0.004692341652419718
1675036799999,9919.616245669471,9969.805639608865,126.26262626262626,1,0.0046771775148285455
1675051199999,9919.616245669471,9969.136447689672,126.26262626262626,1,0.004743985436053144
1675065599999,9919.616245669471,9968.782912336137,126.26262626262626,1,0.004779280186888668
1675079999999,9919.616245669471,9967.608669911895,126.26262626262626,1,0.0048965091807353645
1675094399999,9919.616245669471,9967.873821427047,126.26262626262626,1,0.004870038117608666
1675108799999,9919.616245669471,9966.6490739523,126.26262626262626,1,0.004992309218717628
1675123199999,9966.601182538157,9966.601182538157,0.0,0,0.0049970903969290825
1675137599999,9966.601182538157,9966.601182538157,0.0,0,0.0049970903969290825
1675151999999,9966.601182538157,9966.601182538157,0.0,0,0.0049970903969290825
1675166399999,9966.601182538157,9966.601182538157,0.0,0,0.0049970903969290825
1675180799999,9966.601182538157,9966.601182538157,0.0,0,0.0049970903969290825
1675195199999,9966.601182538157,9966.601182538157,0.0,0,0.0049970903969290825
1675209599999,9966.601182538157,9966.601182538157,0.0,0,0.0049970903969290825
1675223999999,9966.601182538157,9966.601182538157,0.0,0,0.0049970903969290825
1675238399999,9966.601182538157,9966.601182538157,0.0,0,0.0049970903969290825
1675252799999,9966.601182538157,9966.601182538157,0.0,0,0.0049970903969290825
1675267199999,9966.601182538157,9966.601182538157,0.0,0,0.0049970903969290825
1675281599999,9966.601182538157,9966.601182538157,0.0,0,0.0049970903969290825
1675295999999,9966.601182538157,9966.601182538157,0.0,0,0.0049970903969290825
1675310399999,9966.601182538157,9966.601182538157,0.0,0,0.0049970903969290825
1675324799999,9916.563682538157,9965.763977813747,123.03149606299213,1,0.005080671662143321
1675339199999,9916.563682538157,9966.502166790126,123.03149606299213,1,0.005006975507769185
1675353599999,9916.563682538157,9966.366832144457,123.03149606299213,1,0.00502048646940445
1675367999999,9916.563682538157,9966.403741593274,123.03149606299213,1,0.005016801661685832
1675382399999,9916.563682538157,9965.542521120835,123.03149606299213,1,0.005102780508455362
1675396799999,9916.563682538157,9965.763977813747,123.03149606299213,1,0.005080671662143321
1675411199999,9916.563682538157,9965.702462065716,123.03149606299213,1,0.005086813008341129
1675425599999,9916.563682538157,9966.169981750756,123.03149606299213,1,0.005040138777237413
1675439999999,9916.563682538157,9966.182284900362,123.03149606299213,1,0.0050389105079978735
1675454399999,9916.563682538157,9966.169981750756,123.03149606299213,1,0.005040138777237413
1675468799999,9916.563682538157,9966.243800648394,123.03149606299213,1,0.005032769161800066
1675483199999,9916.563682538157,9965.813190412173,123.03149606299213,1,0.005075758585184942
1675497599999,9916.563682538157,9965.88700930981,123.03149606299213,1,0.005068388969747595
1675511999999,9916.563682538157,9965.850099860992,123.03149606299213,1,0.005072073777466213
1675526399999,9916.563682538157,9966.243800648394,123.03149606299213,1,0.005032769161800066
1675540799999,9916.563682538157,9966.329922695637,123.03149606299213,1,0.0050241712771231795
1675555199999,9916.563682538157,9965.702462065716,123.03149606299213,1,0.005086813008341129
1675569599999,9916.563682538157,9965.407186475164,123.03149606299213,1,0.00511629147009085
1675583999999,9916.563682538157,9965.899312459416,123.03149606299213,1,0.0050671607005080554
1675598399999,9916.563682538157,9965.677855766504,123.03149606299213,1,0.005089269546820208
1675612799999,9916.563682538157,9964.644391199574,123.03149606299213,1,0.005192444162943954
1675627199999,9964.620624590323,9964.620624590323,0.0,0,0.00519481687204737
1675641599999,9964.620624590323,9964.620624590323,0.0,0,0.00519481687204737
1675655999999,9964.620624590323,9964.620624590323,0.0,0,0.00519481687204737
1675670399999,9964.620624590323,9964.620624590323,0.0,0,0.00519481687204737
1675684799999,9964.620624590323,9964.620624590323,0.0,0,0.00519481687204737
1675699199999,9964.620624590323,9964.620624590323,0.0,0,0.00519481687204737
1675713599999,9964.620624590323,9964.620624590323,0.0,0,0.00519481687204737
1675727999999,9964.620624590323,9964.620624590323,0.0,0,0.00519481687204737
1675742399999,9964.620624590323,9964.620624590323,0.0,0,0.00519481687204737
1675756799999,9964.620624590323,9964.620624590323,0.0,0,0.00519481687204737
1675771199999,9964.620624590323,9964.620624590323,0.0,0,0.00519481687204737
1675785599999,9964.620624590323,9964.620624590323,0.0,0,0.00519481687204737
1675799999999,9964.620624590323,9964.620624590323,0.0,0,0.00519481687204737
1675814399999,9964.620624590323,9964.620624590323,0.0,0,0.00519481687204737
1675828799999,9964.620624590323,9964.620624590323,0.0,0,0.00519481687204737
1675843199999,9964.620624590323,9964.620624590323,0.0,0,0.00519481687204737
1675857599999,9964.620624590323,9964.620624590323,0.0,0,0.00519481687204737
1675871999999,9964.620624590323,9964.620624590323,0.0,0,0.00519481687204737
1675886399999,9964.620624590323,9964.620624590323,0.0,0,0.00519481687204737
1675900799999,9964.620624590323,9964.620624590323,0.0,0,0.00519481687204737
1675915199999,9964.620624590323,9964.620624590323,0.0,0,0.00519481687204737
1675929599999,9964.620624590323,9964.620624590323,0.0,0,0.00519481687204737
1675943999999,9964.620624590323,9964.620624590323,0.0,0,0.00519481687204737
1675958399999,9964.620624590323,9964.620624590323,0.0,0,0.00519481687204737
1675972799999,9964.620624590323,9964.620624590323,0.0,0,0.00519481687204737
1675987199999,9964.620624590323,9964.620624590323,0.0,0,0.00519481687204737
1676001599999,9964.620624590323,9964.620624590323,0.0,0,0.00519481687204737
1676015999999,9964.620624590323,9964.620624590323,0.0,0,0.00519481687204737
1676030399999,9964.620624590323,9964.620624590323,0.0,0,0.00519481687204737
1676044799999,9964.620624590323,9964.620624590323,0.0,0,0.00519481687204737
1676059199999,9964.620624590323,9964.620624590323,0.0,0,0.00519481687204737
1676073599999,9964.620624590323,9964.620624590323,0.0,0,0.00519481687204737
1676087999999,9964.620624590323,9964.620624590323,0.0,0,0.00519481687204737
1676102399999,9964.620624590323,9964.620624590323,0.0,0,0.00519481687204737
1676116799999,9964.620624590323,9964.620624590323,0.0,0,0.00519481687204737
1676131199999,9964.620624590323,9964.620624590323,0.0,0,0.00519481687204737
1676145599999,9964.620624590323,9964.620624590323,0.0,0,0.00519481687204737
1676159999999,9964.620624590323,9964.620624590323,0.0,0,0.00519481687204737
1676174399999,9964.620624590323,9964.620624590323,0.0,0,0.00519481687204737
1676188799999,9964.620624590323,9964.620624590323,0.0,0,0.00519481687204737
1676203199999,9964.620624590323,9964.620624590323,0.0,0,0.00519481687204737
1676217599999,9964.620624590323,9964.620624590323,0.0,0,0.00519481687204737
1676231999999,9964.620624590323,9964.620624590323,0.0,0,0.00519481687204737
1676246399999,9964.620624590323,9964.620624590323,0.0,0,0.00519481687204737
1676260799999,9964.620624590323,9964.620624590323,0.0,0,0.00519481687204737
1676275199999,9964.620624590323,9964.620624590323,0.0,0,0.00519481687204737
1676289599999,9964.620624590323,9964.620624590323,0.0,0,0.00519481687204737
1676303999999,9964.620624590323,9964.620624590323,0.0,0,0.00519481687204737
1676318399999,9964.620624590323,9964.620624590323,0.0,0,0.00519481687204737
1676332799999,9964.620624590323,9964.620624590323,0.0,0,0.00519481687204737
1676347199999,9964.620624590323,9964.620624590323,0.0,0,0.00519481687204737
1676361599999,9964.620624590323,9964.620624590323,0.0,0,0.00519481687204737
1676375999999,9964.620624590323,9964.620624590323,0.0,0,0.00519481687204737
1676390399999,9964.620624590323,9964.620624590323,0.0,0,0.00519481687204737
1676404799999,9964.620624590323,9964.620624590323,0.0,0,0.00519481687204737
1676419199999,9964.620624590323,9964.620624590323,0.0,0,0.00519481687204737
1676433599999,9964.620624590323,9964.620624590323,0.0,0,0.00519481687204737
1676447999999,9964.620624590323,9964.620624590323,0.0,0,0.00519481687204737
1676462399999,9964.620624590323,9964.620624590323,0.0,0,0.00519481687204737
1676476799999,9964.620624590323,9964.620624590323,0.0,0,0.00519481687204737
1676491199999,9964.620624590323,9964.620624590323,0.0,0,0.00519481687204737
1676505599999,9914.583124590323,9967.208093191177,125.59658377292138,1,0.00493650024642911
1676519999999,9914.583124590323,9966.253559154502,125.59658377292138,1,0.005031794933796685
1676534399999,9914.583124590323,9965.625576235638,125.59658377292138,1,0.0050944888070646455
1676548799999,9914.583124590323,9965.412062043224,125.59658377292138,1,0.00511580472397577
1676563199999,9914.583124590323,9966.416834713407,125.59658377292138,1,0.005015494526746878
1676577599999,9914.583124590323,9965.386942726469,125.59658377292138,1,0.005118312478906484
1676591999999,9914.583124590323,9963.239241143952,125.59658377292138,1,0.005332725525483251
1676606399999,9914.583124590323,9964.394729714664,125.59658377292138,1,0.0052173687986699635
1676620799999,9914.583124590323,9964.068178596854,125.59658377292138,1,0.005249969612769467
1676635199999,9914.583124590323,9964.319371764399,125.59658377292138,1,0.0052248920634622165
1676649599999,9914.583124590323,9964.92223536651,125.59658377292138,1,0.005164705945124859
1676663999999,9914.583124590323,9965.71349384428,125.59658377292138,1,0.005085711664807091
1676678399999,9914.583124590323,9965.236226825942,125.59658377292138,1,0.005133359008490768
1676692799999,9914.583124590323,9965.311584776206,125.59658377292138,1,0.005125835743698626
1676707199999,9914.583124590323,9964.92223536651,125.59658377292138,1,0.005164705945124859
1676721599999,9914.583124590323,9964.671042198965,125.59658377292138,1,0.005189783494431999
1676735999999,9914.583124590323,9965.374383068092,125.59658377292138,1,0.005119566356371785
1676750399999,9914.583124590323,9965.47486033511,125.59658377292138,1,0.005109535336648929
1676764799999,9914.583124590323,9965.57533760213,125.59658377292138,1,0.005099504316925962
1676779199999,9914.583124590323,9965.110630242169,125.59658377292138,1,0.005145897783144449
1676793599999,9914.583124590323,9965.022712633528,125.59658377292138,1,0.005154674925401892
1676807999999,9914.583124590323,9965.499979651866,125.59658377292138,1,0.005107027581718104
1676822399999,9914.583124590323,9966.178201204239,125.59658377292138,1,0.005039318198588716
1676836799999,9914.583124590323,9964.997593316773,125.59658377292138,1,0.005157182680332717
1676851199999,9914.583124590323,9964.758959807605,125.59658377292138,1,0.005181006352174555
1676865599999,9914.583124590323,9965.035272291905,125.59658377292138,1,0.0051534210479365905
1676879999999,9914.583124590323,9965.788851794543,125.59658377292138,1,0.005078188400014949
1676894399999,9914.583124590323,9965.726053502656,125.59658377292138,1,0.0050844577873417895
1676908799999,9914.583124590323,9965.700934185901,125.59658377292138,1,0.0050869655422725035
1676923199999,9914.583124590323,9965.550218285374,125.59658377292138,1,0.005102012071856787
1676937599999,9914.583124590323,9965.299025117829,125.59658377292138,1,0.005127089621163927
1676951999999,9914.583124590323,9965.035272291905,125.59658377292138,1,0.0051534210479365905
1676966399999,9914.583124590323,9965.324144434582,125.59658377292138,1,0.005124581866233324
1676980799999,9914.583124590323,9964.168655863872,125.59658377292138,1,0.0052399385930465
1676995199999,9914.583124590323,9963.930022354703,125.59658377292138,1,0.00526376226488845
1677009599999,9963.893012181381,9963.893012181381,0.0,0,0.0052674571283093385
1677023999999,9963.893012181381,9963.893012181381,0.0,0,0.0052674571283093385
1677038399999,9963.893012181381,9963.893012181381,0.0,0,0.0052674571283093385
1677052799999,9963.893012181381,9963.893012181381,0.0,0,0.0052674571283093385
1677067199999,9963.893012181381,9963.893012181381,0.0,0,0.0052674571283093385
1677081599999,9963.893012181381,9963.893012181381,0.0,0,0.0052674571283093385
1677095999999,9963.893012181381,9963.893012181381,0.0,0,0.0052674571283093385
1677110399999,9963.893012181381,9963.893012181381,0.0,0,0.0052674571283093385
1677124799999,9963.893012181381,9963.893012181381,0.0,0,0.0052674571283093385
1677139199999,9963.893012181381,9963.893012181381,0.0,0,0.0052674571283093385
1677153599999,9963.893012181381,9963.893012181381,0.0,0,0.0052674571283093385
1677167999999,9963.893012181381,9963.893012181381,0.0,0,0.0052674571283093385
1677182399999,9963.893012181381,9963.893012181381,0.0,0,0.0052674571283093385
1677196799999,9963.893012181381,9963.893012181381,0.0,0,0.0052674571283093385
1677211199999,9963.893012181381,9963.893012181381,0.0,0,0.0052674571283093385
1677225599999,9963.893012181381,9963.893012181381,0.0,0,0.0052674571283093385
1677239999999,9963.893012181381,9963.893012181381,0.0,0,0.0052674571283093385
1677254399999,9963.893012181381,9963.893012181381,0.0,0,0.0052674571283093385
1677268799999,9963.893012181381,9963.893012181381,0.0,0,0.0052674571283093385
1677283199999,9963.893012181381,9963.893012181381,0.0,0,0.0052674571283093385
1677297599999,9963.893012181381,9963.893012181381,0.0,0,0.0052674571283093385
1677311999999,9963.893012181381,9963.893012181381,0.0,0,0.0052674571283093385
1677326399999,9963.893012181381,9963.893012181381,0.0,0,0.0052674571283093385
1677340799999,9963.893012181381,9963.893012181381,0.0,0,0.0052674571283093385
1677355199999,9963.893012181381,9963.893012181381,0.0,0,0.0052674571283093385
1677369599999,9963.893012181381,9963.893012181381,0.0,0,0.0052674571283093385
1677383999999,9963.893012181381,9963.893012181381,0.0,0,0.0052674571283093385
1677398399999,9963.893012181381,9963.893012181381,0.0,0,0.0052674571283093385
1677412799999,9963.893012181381,9963.893012181381,0.0,0,0.0052674571283093385
1677427199999,9963.893012181381,9963.893012181381,0.0,0,0.0052674571283093385
1677441599999,9963.893012181381,9963.893012181381,0.0,0,0.0052674571283093385
1677455999999,9963.893012181381,9963.893012181381,0.0,0,0.0052674571283093385
1677470399999,9963.893012181381,9963.893012181381,0.0,0,0.0052674571283093385
1677484799999,9963.893012181381,9963.893012181381,0.0,0,0.0052674571283093385
1677499199999,9963.893012181381,9963.893012181381,0.0,0,0.0052674571283093385
1677513599999,9963.893012181381,9963.893012181381,0.0,0,0.0052674571283093385
1677527999999,9963.893012181381,9963.893012181381,0.0,0,0.0052674571283093385
1677542399999,9963.893012181381,9963.893012181381,0.0,0,0.0052674571283093385
1677556799999,9963.893012181381,9963.893012181381,0.0,0,0.0052674571283093385
1677571199999,9963.893012181381,9963.893012181381,0.0,0,0.0052674571283093385
1677585599999,9963.893012181381,9963.893012181381,0.0,0,0.0052674571283093385
1677599999999,9963.893012181381,9963.893012181381,0.0,0,0.0052674571283093385
1677614399999,9963.893012181381,9963.893012181381,0.0,0,0.0052674571283093385
1677628799999,9963.893012181381,9963.893012181381,0.0,0,0.0052674571283093385
1677643199999,9963.893012181381,9963.893012181381,0.0,0,0.0052674571283093385
1677657599999,9963.893012181381,9963.893012181381,0.0,0,0.0052674571283093385
1677671999999,9963.893012181381,9963.893012181381,0.0,0,0.0052674571283093385
1677686399999,9963.893012181381,9963.893012181381,0.0,0,0.0052674571283093385
1677700799999,9963.893012181381,9963.893012181381,0.0,0,0.0052674571283093385
1677715199999,9963.893012181381,9963.893012181381,0.0,0,0.0052674571283093385
1677729599999,9963.893012181381,9963.893012181381,0.0,0,0.0052674571283093385
1677743999999,9963.893012181381,9963.893012181381,0.0,0,0.0052674571283093385
1677758399999,9963.893012181381,9963.893012181381,0.0,0,0.0052674571283093385
1677772799999,9963.893012181381,9963.893012181381,0.0,0,0.0052674571283093385
1677787199999,9963.893012181381,9963.893012181381,0.0,0,0.0052674571283093385
1677801599999,9963.893012181381,9963.893012181381,0.0,0,0.0052674571283093385
1677815999999,9963.893012181381,9963.893012181381,0.0,0,0.0052674571283093385
1677830399999,9963.893012181381,9963.893012181381,0.0,0,0.0052674571283093385
1677844799999,9963.893012181381,9963.893012181381,0.0,0,0.0052674571283093385
1677859199999,9963.893012181381,9963.893012181381,0.0,0,0.0052674571283093385
1677873599999,9963.893012181381,9963.893012181381,0.0,0,0.0052674571283093385
1677887999999,9963.893012181381,9963.893012181381,0.0,0,0.0052674571283093385
1677902399999,9963.893012181381,9963.893012181381,0.0,0,0.0052674571283093385
1677916799999,9963.893012181381,9963.893012181381,0.0,0,0.0052674571283093385
1677931199999,9963.893012181381,9963.893012181381,0.0,0,0.0052674571283093385
1677945599999,9963.893012181381,9963.893012181381,0.0,0,0.0052674571283093385
1677959999999,9963.893012181381,9963.893012181381,0.0,0,0.0052674571283093385
1677974399999,9963.893012181381,9963.893012181381,0.0,0,0.0052674571283093385
1677988799999,9963.893012181381,9963.893012181381,0.0,0,0.0052674571283093385
1678003199999,9963.893012181381,9963.893012181381,0.0,0,0.0052674571283093385
1678017599999,9963.893012181381,9963.893012181381,0.0,0,0.0052674571283093385
1678031999999,9963.893012181381,9963.893012181381,0.0,0,0.0052674571283093385
1678046399999,9963.893012181381,9963.893012181381,0.0,0,0.0052674571283093385
1678060799999,9963.893012181381,9963.893012181381,0.0,0,0.0052674571283093385
1678075199999,9963.893012181381,9963.893012181381,0.0,0,0.0052674571283093385
1678089599999,9963.893012181381,9963.893012181381,0.0,0,0.0052674571283093385
1678103999999,9963.893012181381,9963.893012181381,0.0,0,0.0052674571283093385
1678118399999,9963.893012181381,9963.893012181381,0.0,0,0.0052674571283093385
1678132799999,9963.893012181381,9963.893012181381,0.0,0,0.0052674571283093385
1678147199999,9963.893012181381,9963.893012181381,0.0,0,0.0052674571283093385
1678161599999,9963.893012181381,9963.893012181381,0.0,0,0.0052674571283093385
1678175999999,9963.893012181381,9963.893012181381,0.0,0,0.0052674571283093385
1678190399999,9963.893012181381,9963.893012181381,0.0,0,0.0052674571283093385
1678204799999,9963.893012181381,9963.893012181381,0.0,0,0.0052674571283093385
1678219199999,9963.893012181381,9963.893012181381,0.0,0,0.0052674571283093385
1678233599999,9963.893012181381,9963.893012181381,0.0,0,0.0052674571283093385
1678247999999,9963.893012181381,9963.893012181381,0.0,0,0.0052674571283093385
1678262399999,9963.893012181381,9963.893012181381,0.0,0,0.0052674571283093385
1678276799999,9963.893012181381,9963.893012181381,0.0,0,0.0052674571283093385
1678291199999,9963.893012181381,9963.893012181381,0.0,0,0.0052674571283093385
1678305599999,9963.893012181381,9963.893012181381,0.0,0,0.0052674571283093385
1678319999999,9963.893012181381,9963.893012181381,0.0,0,0.0052674571283093385
1678334399999,9963.893012181381,9963.893012181381,0.0,0,0.0052674571283093385
1678348799999,9963.893012181381,9963.893012181381,0.0,0,0.0052674571283093385
1678363199999,9963.893012181381,9963.893012181381,0.0,0,0.0052674571283093385
1678377599999,9963.893012181381,9963.893012181381,0.0,0,0.0052674571283093385
1678391999999,9963.893012181381,9963.893012181381,0.0,0,0.0052674571283093385
1678406399999,9963.893012181381,9963.893012181381,0.0,0,0.0052674571283093385
1678420799999,9963.893012181381,9963.893012181381,0.0,0,0.0052674571283093385
1678435199999,9963.893012181381,9963.893012181381,0.0,0,0.0052674571283093385
1678449599999,9963.893012181381,9963.893012181381,0.0,0,0.0052674571283093385
1678463999999,9963.893012181381,9963.893012181381,0.0,0,0.0052674571283093385
1678478399999,9963.893012181381,9963.893012181381,0.0,0,0.0052674571283093385
1678492799999,9963.893012181381,9963.893012181381,0.0,0,0.0052674571283093385
1678507199999,9963.893012181381,9963.893012181381,0.0,0,0.0052674571283093385
1678521599999,9963.893012181381,9963.893012181381,0.0,0,0.0052674571283093385
1678535999999,9963.893012181381,9963.893012181381,0.0,0,0.0052674571283093385
1678550399999,9963.893012181381,9963.893012181381,0.0,0,0.0052674571283093385
1678564799999,9963.893012181381,9963.893012181381,0.0,0,0.0052674571283093385
1678579199999,9963.893012181381,9963.893012181381,0.0,0,0.0052674571283093385
1678593599999,9963.893012181381,9963.893012181381,0.0,0,0.0052674571283093385
1678607999999,9963.893012181381,9963.893012181381,0.0,0,0.0052674571283093385
1678622399999,9963.893012181381,9963.893012181381,0.0,0,0.0052674571283093385
1678636799999,9963.893012181381,9963.893012181381,0.0,0,0.0052674571283093385
1678651199999,9963.893012181381,9963.893012181381,0.0,0,0.0052674571283093385
1678665599999,9963.893012181381,9963.893012181381,0.0,0,0.0052674571283093385
1678679999999,9963.893012181381,9963.893012181381,0.0,0,0.0052674571283093385
1678694399999,9963.893012181381,9963.893012181381,0.0,0,0.0052674571283093385
1678708799999,9963.893012181381,9963.893012181381,0.0,0,0.0052674571283093385
1678723199999,9963.893012181381,9963.893012181381,0.0,0,0.0052674571283093385
1678737599999,9963.893012181381,9963.893012181381,0.0,0,0.0052674571283093385
1678751999999,9963.893012181381,9963.893012181381,0.0,0,0.0052674571283093385
1678766399999,9963.893012181381,9963.893012181381,0.0,0,0.0052674571283093385
1678780799999,9963.893012181381,9963.893012181381,0.0,0,0.0052674571283093385
1678795199999,9963.893012181381,9963.893012181381,0.0,0,0.0052674571283093385
1678809599999,9963.893012181381,9963.893012181381,0.0,0,0.0052674571283093385
1678823999999,9913.85551218138,9961.92135580278,137.17421124828533,1,0.00546429492662337
1678838399999,9961.871599287006,9961.871599287006,0.0,0,0.005469262304876099
1678852799999,9961.871599287006,9961.871599287006,0.0,0,0.005469262304876099
1678867199999,9961.871599287006,9961.871599287006,0.0,0,0.005469262304876099
1678881599999,9961.871599287006,9961.871599287006,0.0,0,0.005469262304876099
1678895999999,9961.871599287006,9961.871599287006,0.0,0,0.005469262304876099
1678910399999,9961.871599287006,9961.871599287006,0.0,0,0.005469262304876099
1678924799999,9961.871599287006,9961.871599287006,0.0,0,0.005469262304876099
1678939199999,9961.871599287006,9961.871599287006,0.0,0,0.005469262304876099
1678953599999,9961.871599287006,9961.871599287006,0.0,0,0.005469262304876099
1678967999999,9961.871599287006,9961.871599287006,0.0,0,0.005469262304876099
1678982399999,9961.871599287006,9961.871599287006,0.0,0,0.005469262304876099
1678996799999,9961.871599287006,9961.871599287006,0.0,0,0.005469262304876099
1679011199999,9961.871599287006,9961.871599287006,0.0,0,0.005469262304876099
1679025599999,9961.871599287006,9961.871599287006,0.0,0,0.005469262304876099
1679039999999,9961.871599287006,9961.871599287006,0.0,0,0.005469262304876099
1679054399999,9961.871599287006,9961.871599287006,0.0,0,0.005469262304876099
1679068799999,9961.871599287006,9961.871599287006,0.0,0,0.005469262304876099
1679083199999,9961.871599287006,9961.871599287006,0.0,0,0.005469262304876099
1679097599999,9961.871599287006,9961.871599287006,0.0,0,0.005469262304876099
1679111999999,9961.871599287006,9961.871599287006,0.0,0,0.005469262304876099
1679126399999,9961.871599287006,9961.871599287006,0.0,0,0.005469262304876099
1679140799999,9961.871599287006,9961.871599287006,0.0,0,0.005469262304876099
1679155199999,9961.871599287006,9961.871599287006,0.0,0,0.005469262304876099
1679169599999,9961.871599287006,9961.871599287006,0.0,0,0.005469262304876099
1679183999999,9961.871599287006,9961.871599287006,0.0,0,0.005469262304876099
1679198399999,9961.871599287006,9961.871599287006,0.0,0,0.005469262304876099
1679212799999,9961.871599287006,9961.871599287006,0.0,0,0.005469262304876099
1679227199999,9961.871599287006,9961.871599287006,0.0,0,0.005469262304876099
1679241599999,9961.871599287006,9961.871599287006,0.0,0,0.005469262304876099
1679255999999,9961.871599287006,9961.871599287006,0.0,0,0.005469262304876099
1679270399999,9961.871599287006,9961.871599287006,0.0,0,0.005469262304876099
1679284799999,9961.871599287006,9961.871599287006,0.0,0,0.005469262304876099
1679299199999,9961.871599287006,9961.871599287006,0.0,0,0.005469262304876099
1679313599999,9961.871599287006,9961.871599287006,0.0,0,0.005469262304876099
1679327999999,9961.871599287006,9961.871599287006,0.0,0,0.005469262304876099
1679342399999,9961.871599287006,9961.871599287006,0.0,0,0.005469262304876099
1679356799999,9961.871599287006,9961.871599287006,0.0,0,0.005469262304876099
1679371199999,9961.871599287006,9961.871599287006,0.0,0,0.005469262304876099
1679385599999,9961.871599287006,9961.871599287006,0.0,0,0.005469262304876099
1679399999999,9961.871599287006,9961.871599287006,0.0,0,0.005469262304876099
1679414399999,9961.871599287006,9961.871599287006,0.0,0,0.005469262304876099
1679428799999,9961.871599287006,9961.871599287006,0.0,0,0.005469262304876099
1679443199999,9911.834099287005,9962.785298625302,137.85497656465398,1,0.005378044297507656
1679457599999,9911.834099287005,9963.185078057339,137.85497656465398,1,0.005338132828112019
1679471999999,9911.834099287005,9963.391860522186,137.85497656465398,1,0.005317488964631356
1679486399999,9911.834099287005,9962.812869620615,137.85497656465398,1,0.005375291782376945
1679500799999,9911.834099287005,9963.888138437818,137.85497656465398,1,0.00526794369227801
1679515199999,9911.834099287005,9960.13848307526,137.85497656465398,1,0.005642285750059095
1679529599999,9960.088479628886,9960.088479628886,0.0,0,0.0056472777803129315
1679543999999,9960.088479628886,9960.088479628886,0.0,0,0.0056472777803129315
1679558399999,9960.088479628886,9960.088479628886,0.0,0,0.0056472777803129315
1679572799999,9960.088479628886,9960.088479628886,0.0,0,0.0056472777803129315
1679587199999,9960.088479628886,9960.088479628886,0.0,0,0.0056472777803129315
1679601599999,9960.088479628886,9960.088479628886,0.0,0,0.0056472777803129315
1679615999999,9960.088479628886,9960.088479628886,0.0,0,0.0056472777803129315
1679630399999,9960.088479628886,9960.088479628886,0.0,0,0.0056472777803129315
1679644799999,9960.088479628886,9960.088479628886,0.0,0,0.0056472777803129315
1679659199999,9960.088479628886,9960.088479628886,0.0,0,0.0056472777803129315
1679673599999,9960.088479628886,9960.088479628886,0.0,0,0.0056472777803129315
1679687999999,9960.088479628886,9960.088479628886,0.0,0,0.0056472777803129315
1679702399999,9960.088479628886,9960.088479628886,0.0,0,0.0056472777803129315
1679716799999,9960.088479628886,9960.088479628886,0.0,0,0.0056472777803129315
1679731199999,9960.088479628886,9960.088479628886,0.0,0,0.0056472777803129315
1679745599999,9960.088479628886,9960.088479628886,0.0,0,0.0056472777803129315
1679759999999,9960.088479628886,9960.088479628886,0.0,0,0.0056472777803129315
1679774399999,9960.088479628886,9960.088479628886,0.0,0,0.0056472777803129315
1679788799999,9960.088479628886,9960.088479628886,0.0,0,0.0056472777803129315
1679803199999,9960.088479628886,9960.088479628886,0.0,0,0.0056472777803129315
1679817599999,9960.088479628886,9960.088479628886,0.0,0,0.0056472777803129315
1679831999999,9960.088479628886,9960.088479628886,0.0,0,0.0056472777803129315
1679846399999,9960.088479628886,9960.088479628886,0.0,0,0.0056472777803129315
1679860799999,9960.088479628886,9960.088479628886,0.0,0,0.0056472777803129315
1679875199999,9960.088479628886,9960.088479628886,0.0,0,0.0056472777803129315
1679889599999,9960.088479628886,9960.088479628886,0.0,0,0.0056472777803129315
1679903999999,9960.088479628886,9960.088479628886,0.0,0,0.0056472777803129315
1679918399999,9960.088479628886,9960.088479628886,0.0,0,0.0056472777803129315
1679932799999,9960.088479628886,9960.088479628886,0.0,0,0.0056472777803129315
1679947199999,9960.088479628886,9960.088479628886,0.0,0,0.0056472777803129315
1679961599999,9960.088479628886,9960.088479628886,0.0,0,0.0056472777803129315
1679975999999,9960.088479628886,9960.088479628886,0.0,0,0.0056472777803129315
1679990399999,9960.088479628886,9960.088479628886,0.0,0,0.0056472777803129315
1680004799999,9960.088479628886,9960.088479628886,0.0,0,0.0056472777803129315
1680019199999,9960.088479628886,9960.088479628886,0.0,0,0.0056472777803129315
1680033599999,9960.088479628886,9960.088479628886,0.0,0,0.0056472777803129315
1680047999999,9960.088479628886,9960.088479628886,0.0,0,0.0056472777803129315
1680062399999,9910.050979628886,9961.287056781834,135.83265417006248,1,0.005527619359882219
1680076799999,9910.050979628886,9961.830387398513,135.83265417006248,1,0.00547337664116887
1680091199999,9910.050979628886,9962.862715570207,135.83265417006248,1,0.005370315475613174
1680105599999,9910.050979628886,9962.265051891858,135.83265417006248,1,0.005429982466197969
1680119999999,9910.050979628886,9962.509550669365,135.83265417006248,1,0.0054055732427769065
1680134399999,9910.050979628886,9961.816804133097,135.83265417006248,1,0.005474732709136565
1680148799999,9910.050979628886,9961.762471071428,135.83265417006248,1,0.005480156981008011
1680163199999,9910.050979628886,9961.653804948093,135.83265417006248,1,0.00549100552475057
1680177599999,9910.050979628886,9961.93905352185,135.83265417006248,1,0.005462528097426089
1680191999999,9910.050979628886,9961.110474331412,135.83265417006248,1,0.00554524824346414
1680206399999,9910.050979628886,9961.273473516416,135.83265417006248,1,0.005528975427850136
1680220799999,9910.050979628886,9961.137640862247,135.83265417006248,1,0.005542536107528306
1680235199999,9910.050979628886,9961.409306170586,135.83265417006248,1,0.005515414748171743
1680249599999,9910.050979628886,9962.265051891858,135.83265417006248,1,0.005429982466197969
1680263999999,9910.050979628886,9963.48754577939,135.83265417006248,1,0.005307936349092768
1680278399999,9910.050979628886,9965.266953549017,135.83265417006248,1,0.005130291445306301
1680292799999,9860.013479628886,9964.064701070196,258.8338841823626,2,0.0052503167872052225
1680307199999,9860.013479628886,9963.26231602923,258.8338841823626,2,0.005330421873759983
1680321599999,9860.013479628886,9963.081132310303,258.8338841823626,2,0.005348510119110972
1680335999999,9860.013479628886,9961.243411732608,258.8338841823626,2,0.005531976607671463
1680350399999,9860.013479628886,9960.958694460007,258.8338841823626,2,0.005560400993223191
1680364799999,9860.013479628886,9961.735196112555,258.8338841823626,2,0.005482879941718588
1680379199999,9860.013479628886,9962.09756355041,258.8338841823626,2,0.00544670345101661
1680393599999,9860.013479628886,9961.450478839954,258.8338841823626,2,0.005511304327270317
1680407999999,9860.013479628886,9960.18219280746,258.8338841823626,2,0.005637922044727572
1680422399999,9860.013479628886,9960.233959584297,258.8338841823626,2,0.005632753974627258
1680436799999,9860.013479628886,9959.250390824403,258.8338841823626,2,0.005730947306532896
1680451199999,9860.013479628886,9958.344472229765,258.8338841823626,2,0.005821388533288174
1680465599999,9860.013479628886,9957.645620742473,258.8338841823626,2,0.005891157479642195
1680479999999,9860.013479628886,9958.758606444457,258.8338841823626,2,0.005780043972485771
1680494399999,9860.013479628886,9957.85268784982,258.8338841823626,2,0.005870485199240827
1680508799999,9860.013479628886,9962.175213715664,258.8338841823626,2,0.00543895134586625
1680523199999,9860.013479628886,9962.615231318774,258.8338841823626,2,0.005395022750013689
1680537599999,9860.013479628886,9959.61275826226,258.8338841823626,2,0.0056947708158308075
1680551999999,9860.013479628886,9960.958694460007,258.8338841823626,2,0.005560400993223191
1680566399999,9860.013479628886,9960.233959584297,258.8338841823626,2,0.005632753974627258
1680580799999,9860.013479628886,9961.088111402098,258.8338841823626,2,0.0055474808179724056
1680595199999,9860.013479628886,9960.932811071589,258.8338841823626,2,0.005562985028273348
1680609599999,9860.013479628886,9963.029365533466,258.8338841823626,2,0.005353678189211175
1680623999999,9860.013479628886,9960.932811071589,258.8338841823626,2,0.005562985028273348
1680638399999,9860.013479628886,9961.579895782044,258.8338841823626,2,0.005498384152019642
1680652799999,9860.013479628886,9960.803394129498,258.8338841823626,2,0.005575905203524023
1680667199999,9860.013479628886,9962.330514046174,258.8338841823626,2,0.005423447135565196
1680681599999,9860.013479628886,9962.511697765101,258.8338841823626,2,0.005405358890214207
1680695999999,9860.013479628886,9963.132899087139,258.8338841823626,2,0.005343342049010658
1680710399999,9860.013479628886,9961.605779170462,258.8338841823626,2,0.005495800116969485
1680724799999,9860.013479628886,9961.81284627781,258.8338841823626,2,0.005475127836568117
1680739199999,9860.013479628886,9961.554012393626,258.8338841823626,2,0.005500968187069799
1680753599999,9860.013479628886,9960.984577848425,258.8338841823626,2,0.005557816958173034
1680767999999,9860.013479628886,9959.30215760124,258.8338841823626,2,0.005725779236432693
1680782399999,9959.201827116884,9959.201827116884,0.0,0,0.005735795602295757
1680796799999,9959.201827116884,9959.201827116884,0.0,0,0.005735795602295757
1680811199999,9959.201827116884,9959.201827116884,0.0,0,0.005735795602295757
1680825599999,9959.201827116884,9959.201827116884,0.0,0,0.005735795602295757
1680839999999,9959.201827116884,9959.201827116884,0.0,0,0.005735795602295757
1680854399999,9959.201827116884,9959.201827116884,0.0,0,0.005735795602295757
1680868799999,9959.201827116884,9959.201827116884,0.0,0,0.005735795602295757
1680883199999,9959.201827116884,9959.201827116884,0.0,0,0.005735795602295757
1680897599999,9959.201827116884,9959.201827116884,0.0,0,0.005735795602295757
1680911999999,9959.201827116884,9959.201827116884,0.0,0,0.005735795602295757
1680926399999,9959.201827116884,9959.201827116884,0.0,0,0.005735795602295757
1680940799999,9959.201827116884,9959.201827116884,0.0,0,0.005735795602295757
1680955199999,9959.201827116884,9959.201827116884,0.0,0,0.005735795602295757
1680969599999,9959.201827116884,9959.201827116884,0.0,0,0.005735795602295757
1680983999999,9959.201827116884,9959.201827116884,0.0,0,0.005735795602295757
1680998399999,9959.201827116884,9959.201827116884,0.0,0,0.005735795602295757
1681012799999,9959.201827116884,9959.201827116884,0.0,0,0.005735795602295757
1681027199999,9959.201827116884,9959.201827116884,0.0,0,0.005735795602295757
1681041599999,9959.201827116884,9959.201827116884,0.0,0,0.005735795602295757
1681055999999,9959.201827116884,9959.201827116884,0.0,0,0.005735795602295757
1681070399999,9959.201827116884,9959.201827116884,0.0,0,0.005735795602295757
1681084799999,9959.201827116884,9959.201827116884,0.0,0,0.005735795602295757
1681099199999,9959.201827116884,9959.201827116884,0.0,0,0.005735795602295757
1681113599999,9959.201827116884,9959.201827116884,0.0,0,0.005735795602295757
1681127999999,9959.201827116884,9959.201827116884,0.0,0,0.005735795602295757
1681142399999,9959.201827116884,9959.201827116884,0.0,0,0.005735795602295757
1681156799999,9959.201827116884,9959.201827116884,0.0,0,0.005735795602295757
1681171199999,9959.201827116884,9959.201827116884,0.0,0,0.005735795602295757
1681185599999,9909.164327116883,9959.567248295427,125.91286829513976,1,0.005699314245289355
1681199999999,9909.164327116883,9960.990063707162,125.91286829513976,1,0.005557269284467092
1681214399999,9909.164327116883,9960.486412233982,125.91286829513976,1,0.005607550686527962
1681228799999,9909.164327116883,9960.196812636903,125.91286829513976,1,0.005636462492713101
1681243199999,9909.164327116883,9959.617613442746,125.91286829513976,1,0.005694286105083157
1681257599999,9909.164327116883,9959.705752450553,125.91286829513976,1,0.005685486859722477
1681271999999,9909.164327116883,9958.358484759794,125.91286829513976,1,0.005819989610235665
1681286399999,9909.164327116883,9958.824362372487,125.91286829513976,1,0.005773479313329166
1681300799999,9909.164327116883,9958.836953659316,125.91286829513976,1,0.005772222278277672
1681315199999,9909.164327116883,9959.693161163723,125.91286829513976,1,0.005686743894773971
1681329599999,9909.164327116883,9959.907213039825,125.91286829513976,1,0.005665374298898018
1681343999999,9909.164327116883,9960.121264915926,125.91286829513976,1,0.005644004703022176
1681358399999,9909.164327116883,9960.347908078858,125.91286829513976,1,0.005621378072094729
1681372799999,9909.164327116883,9959.819074032019,125.91286829513976,1,0.005674173544258698
1681387199999,9909.164327116883,9960.952289846675,125.91286829513976,1,0.005561040389621574
1681401599999,9909.164327116883,9961.216706870095,125.91286829513976,1,0.005534642653539534
1681415999999,9909.164327116883,9962.186235955967,125.91286829513976,1,0.005437850954572165
1681430399999,9859.126827116883,9963.127333997658,244.6495104229004,2,0.005343897632616779
1681444799999,9859.126827116883,9966.13652297586,244.6495104229004,2,0.005043479091328962
1681459199999,9859.126827116883,9965.402574444592,244.6495104229004,2,0.005116751906277028
1681473599999,9859.126827116883,9967.604420038397,244.6495104229004,2,0.0048969334614323845
1681487999999,9859.126827116883,9963.592168067462,244.6495104229004,2,0.005297491516482844
1681502399999,9859.126827116883,9965.206854836253,244.6495104229004,2,0.005136291323596609
1681516799999,9859.126827116883,9966.307777633156,244.6495104229004,2,0.005026382101174343
1681531199999,9859.126827116883,9965.916338416479,244.6495104229004,2,0.005065460935813393
1681545599999,9859.126827116883,9968.338368569666,244.6495104229004,2,0.004823660646484096
1681559999999,9859.126827116883,9970.613609016598,244.6495104229004,2,0.004596514920144568
1681574399999,9809.089327116882,9970.587083555667,354.39490111649127,3,0.004599163055684641
1681588799999,9809.089327116882,9968.567032619303,354.39490111649127,3,0.004800832262911392
1681603199999,9809.089327116882,9969.34670140176,354.39490111649127,3,0.00472299502503426
1681617599999,9809.089327116882,9968.177198228075,354.39490111649127,3,0.004839750881849958
1681631999999,9809.089327116882,9968.92142752042,354.39490111649127,3,0.00476545170024012
1681646399999,9809.089327116882,9966.511542192828,354.39490111649127,3,0.005006039526405437
1681660799999,9809.089327116882,9967.645605876402,354.39490111649127,3,0.004892821725856922
1681675199999,9809.089327116882,9968.67335108964,354.39490111649127,3,0.004790218094109844
1681689599999,9809.089327116882,9969.027745990756,354.39490111649127,3,0.004754837531438572
1681703999999,9809.089327116882,9966.58242117305,354.39490111649127,3,0.0049989634138711825
1681718399999,9809.089327116882,9964.38517278613,354.39490111649127,3,0.005218322902433625
1681732799999,9809.089327116882,9965.979949841154,354.39490111649127,3,0.005059110370412401
1681747199999,9809.089327116882,9962.932153691552,354.39490111649127,3,0.00536338320938623
1681761599999,9809.089327116882,9964.137096355347,354.39490111649127,3,0.005243089296303571
1681775999999,9809.089327116882,9962.932153691552,354.39490111649127,3,0.00536338320938623
1681790399999,9809.089327116882,9963.10935114211,354.39490111649127,3,0.005345692928050538
1681804799999,9809.089327116882,9965.731873410372,354.39490111649127,3,0.005083876764282347
1681819199999,9809.089327116882,9967.645605876402,354.39490111649127,3,0.004892821725856922
1681833599999,9809.089327116882,9965.554675959813,354.39490111649127,3,0.0051015670456181494
1681847999999,9809.089327116882,9964.916765137803,354.39490111649127,3,0.0051652520584266615
1681862399999,9809.089327116882,9966.263465762046,354.39490111649127,3,0.005030805920275383
1681876799999,9809.089327116882,9963.995338394901,354.39490111649127,3,0.00525724152137208
1681891199999,9809.089327116882,9963.003032671775,354.39490111649127,3,0.0053563070968519755
1681905599999,9809.089327116882,9957.793427625362,354.39490111649127,3,0.005876401368121287
1681919999999,9957.646486639487,9957.646486639487,0.0,0,0.005891071033918838
1681934399999,9957.646486639487,9957.646486639487,0.0,0,0.005891071033918838
1681948799999,9957.646486639487,9957.646486639487,0.0,0,0.005891071033918838
1681963199999,9957.646486639487,9957.646486639487,0.0,0,0.005891071033918838
1681977599999,9957.646486639487,9957.646486639487,0.0,0,0.005891071033918838
1681991999999,9957.646486639487,9957.646486639487,0.0,0,0.005891071033918838
1682006399999,9957.646486639487,9957.646486639487,0.0,0,0.005891071033918838
1682020799999,9957.646486639487,9957.646486639487,0.0,0,0.005891071033918838
1682035199999,9957.646486639487,9957.646486639487,0.0,0,0.005891071033918838
1682049599999,9957.646486639487,9957.646486639487,0.0,0,0.005891071033918838
1682063999999,9957.646486639487,9957.646486639487,0.0,0,0.005891071033918838
1682078399999,9957.646486639487,9957.646486639487,0.0,0,0.005891071033918838
1682092799999,9957.646486639487,9957.646486639487,0.0,0,0.005891071033918838
1682107199999,9957.646486639487,9957.646486639487,0.0,0,0.005891071033918838
1682121599999,9957.646486639487,9957.646486639487,0.0,0,0.005891071033918838
1682135999999,9957.646486639487,9957.646486639487,0.0,0,0.005891071033918838
1682150399999,9957.646486639487,9957.646486639487,0.0,0,0.005891071033918838
1682164799999,9957.646486639487,9957.646486639487,0.0,0,0.005891071033918838
1682179199999,9957.646486639487,9957.646486639487,0.0,0,0.005891071033918838
1682193599999,9957.646486639487,9957.646486639487,0.0,0,0.005891071033918838
1682207999999,9957.646486639487,9957.646486639487,0.0,0,0.005891071033918838
1682222399999,9957.646486639487,9957.646486639487,0.0,0,0.005891071033918838
1682236799999,9957.646486639487,9957.646486639487,0.0,0,0.005891071033918838
1682251199999,9957.646486639487,9957.646486639487,0.0,0,0.005891071033918838
1682265599999,9957.646486639487,9957.646486639487,0.0,0,0.005891071033918838
1682279999999,9957.646486639487,9957.646486639487,0.0,0,0.005891071033918838
1682294399999,9957.646486639487,9957.646486639487,0.0,0,0.005891071033918838
1682308799999,9957.646486639487,9957.646486639487,0.0,0,0.005891071033918838
1682323199999,9957.646486639487,9957.646486639487,0.0,0,0.005891071033918838
1682337599999,9957.646486639487,9957.646486639487,0.0,0,0.005891071033918838
1682351999999,9957.646486639487,9957.646486639487,0.0,0,0.005891071033918838
1682366399999,9957.646486639487,9957.646486639487,0.0,0,0.005891071033918838
1682380799999,9957.646486639487,9957.646486639487,0.0,0,0.005891071033918838
1682395199999,9957.646486639487,9957.646486639487,0.0,0,0.005891071033918838
1682409599999,9957.646486639487,9957.646486639487,0.0,0,0.005891071033918838
1682423999999,9957.646486639487,9957.646486639487,0.0,0,0.005891071033918838
1682438399999,9957.646486639487,9957.646486639487,0.0,0,0.005891071033918838
1682452799999,9957.646486639487,9957.646486639487,0.0,0,0.005891071033918838
1682467199999,9957.646486639487,9957.646486639487,0.0,0,0.005891071033918838
1682481599999,9957.646486639487,9957.646486639487,0.0,0,0.005891071033918838
1682495999999,9957.646486639487,9957.646486639487,0.0,0,0.005891071033918838
1682510399999,9957.646486639487,9957.646486639487,0.0,0,0.005891071033918838
1682524799999,9957.646486639487,9957.646486639487,0.0,0,0.005891071033918838
1682539199999,9957.646486639487,9957.646486639487,0.0,0,0.005891071033918838
1682553599999,9957.646486639487,9957.646486639487,0.0,0,0.005891071033918838
1682567999999,9957.646486639487,9957.646486639487,0.0,0,0.005891071033918838
1682582399999,9957.646486639487,9957.646486639487,0.0,0,0.005891071033918838
1682596799999,9957.646486639487,9957.646486639487,0.0,0,0.005891071033918838
1682611199999,9957.646486639487,9957.646486639487,0.0,0,0.005891071033918838
1682625599999,9957.646486639487,9957.646486639487,0.0,0,0.005891071033918838
1682639999999,9957.646486639487,9957.646486639487,0.0,0,0.005891071033918838
1682654399999,9957.646486639487,9957.646486639487,0.0,0,0.005891071033918838
1682668799999,9957.646486639487,9957.646486639487,0.0,0,0.005891071033918838
1682683199999,9957.646486639487,9957.646486639487,0.0,0,0.005891071033918838
1682697599999,9957.646486639487,9957.646486639487,0.0,0,0.005891071033918838
1682711999999,9957.646486639487,9957.646486639487,0.0,0,0.005891071033918838
1682726399999,9957.646486639487,9957.646486639487,0.0,0,0.005891071033918838
1682740799999,9957.646486639487,9957.646486639487,0.0,0,0.005891071033918838
1682755199999,9957.646486639487,9957.646486639487,0.0,0,0.005891071033918838
1682769599999,9957.646486639487,9957.646486639487,0.0,0,0.005891071033918838
1682783999999,9957.646486639487,9957.646486639487,0.0,0,0.005891071033918838
1682798399999,9957.646486639487,9957.646486639487,0.0,0,0.005891071033918838
1682812799999,9957.646486639487,9957.646486639487,0.0,0,0.005891071033918838
1682827199999,9957.646486639487,9957.646486639487,0.0,0,0.005891071033918838
1682841599999,9957.646486639487,9957.646486639487,0.0,0,0.005891071033918838
1682855999999,9957.646486639487,9957.646486639487,0.0,0,0.005891071033918838
1682870399999,9957.646486639487,9957.646486639487,0.0,0,0.005891071033918838
1682884799999,9957.646486639487,9957.646486639487,0.0,0,0.005891071033918838
1682899199999,9957.646486639487,9957.646486639487,0.0,0,0.005891071033918838
1682913599999,9957.646486639487,9957.646486639487,0.0,0,0.005891071033918838
1682927999999,9957.646486639487,9957.646486639487,0.0,0,0.005891071033918838
1682942399999,9957.646486639487,9957.646486639487,0.0,0,0.005891071033918838
1682956799999,9957.646486639487,9957.646486639487,0.0,0,0.005891071033918838
1682971199999,9957.646486639487,9957.646486639487,0.0,0,0.005891071033918838
1682985599999,9957.646486639487,9957.646486639487,0.0,0,0.005891071033918838
1682999999999,9957.646486639487,9957.646486639487,0.0,0,0.005891071033918838
1683014399999,9957.646486639487,9957.646486639487,0.0,0,0.005891071033918838
1683028799999,9957.646486639487,9957.646486639487,0.0,0,0.005891071033918838
1683043199999,9957.646486639487,9957.646486639487,0.0,0,0.005891071033918838
1683057599999,9957.646486639487,9957.646486639487,0.0,0,0.005891071033918838
1683071999999,9957.646486639487,9957.646486639487,0.0,0,0.005891071033918838
1683086399999,9957.646486639487,9957.646486639487,0.0,0,0.005891071033918838
1683100799999,9957.646486639487,9957.646486639487,0.0,0,0.005891071033918838
1683115199999,9957.646486639487,9957.646486639487,0.0,0,0.005891071033918838
1683129599999,9957.646486639487,9957.646486639487,0.0,0,0.005891071033918838
1683143999999,9957.646486639487,9957.646486639487,0.0,0,0.005891071033918838
1683158399999,9957.646486639487,9957.646486639487,0.0,0,0.005891071033918838
1683172799999,9957.646486639487,9957.646486639487,0.0,0,0.005891071033918838
1683187199999,9957.646486639487,9957.646486639487,0.0,0,0.005891071033918838
1683201599999,9957.646486639487,9957.646486639487,0.0,0,0.005891071033918838
1683215999999,9957.646486639487,9957.646486639487,0.0,0,0.005891071033918838
1683230399999,9957.646486639487,9957.646486639487,0.0,0,0.005891071033918838
1683244799999,9957.646486639487,9957.646486639487,0.0,0,0.005891071033918838
1683259199999,9957.646486639487,9957.646486639487,0.0,0,0.005891071033918838
1683273599999,9957.646486639487,9957.646486639487,0.0,0,0.005891071033918838
1683287999999,9957.646486639487,9957.646486639487,0.0,0,0.005891071033918838
1683302399999,9957.646486639487,9957.646486639487,0.0,0,0.005891071033918838
1683316799999,9957.646486639487,9957.646486639487,0.0,0,0.005891071033918838
1683331199999,9957.646486639487,9957.646486639487,0.0,0,0.005891071033918838
1683345599999,9957.646486639487,9957.646486639487,0.0,0,0.005891071033918838
1683359999999,9957.646486639487,9957.646486639487,0.0,0,0.005891071033918838
1683374399999,9957.646486639487,9957.646486639487,0.0,0,0.005891071033918838
1683388799999,9957.646486639487,9957.646486639487,0.0,0,0.005891071033918838
1683403199999,9957.646486639487,9957.646486639487,0.0,0,0.005891071033918838
1683417599999,9957.646486639487,9957.646486639487,0.0,0,0.005891071033918838
1683431999999,9957.646486639487,9957.646486639487,0.0,0,0.005891071033918838
1683446399999,9957.646486639487,9957.646486639487,0.0,0,0.005891071033918838
1683460799999,9957.646486639487,9957.646486639487,0.0,0,0.005891071033918838
1683475199999,9957.646486639487,9957.646486639487,0.0,0,0.005891071033918838
1683489599999,9957.646486639487,9957.646486639487,0.0,0,0.005891071033918838
1683503999999,9957.646486639487,9957.646486639487,0.0,0,0.005891071033918838
1683518399999,9957.646486639487,9957.646486639487,0.0,0,0.005891071033918838
1683532799999,9957.646486639487,9957.646486639487,0.0,0,0.005891071033918838
1683547199999,9957.646486639487,9957.646486639487,0.0,0,0.005891071033918838
1683561599999,9957.646486639487,9957.646486639487,0.0,0,0.005891071033918838
1683575999999,9957.646486639487,9957.646486639487,0.0,0,0.005891071033918838
1683590399999,9957.646486639487,9957.646486639487,0.0,0,0.005891071033918838
1683604799999,9957.646486639487,9957.646486639487,0.0,0,0.005891071033918838
1683619199999,9957.646486639487,9957.646486639487,0.0,0,0.005891071033918838
1683633599999,9957.646486639487,9957.646486639487,0.0,0,0.005891071033918838
1683647999999,9957.646486639487,9957.646486639487,0.0,0,0.005891071033918838
1683662399999,9957.646486639487,9957.646486639487,0.0,0,0.005891071033918838
1683676799999,9957.646486639487,9957.646486639487,0.0,0,0.005891071033918838
1683691199999,9957.646486639487,9957.646486639487,0.0,0,0.005891071033918838
1683705599999,9957.646486639487,9957.646486639487,0.0,0,0.005891071033918838
1683719999999,9957.646486639487,9957.646486639487,0.0,0,0.005891071033918838
1683734399999,9957.646486639487,9957.646486639487,0.0,0,0.005891071033918838
1683748799999,9957.646486639487,9957.646486639487,0.0,0,0.005891071033918838
1683763199999,9957.646486639487,9957.646486639487,0.0,0,0.005891071033918838
1683777599999,9957.646486639487,9957.646486639487,0.0,0,0.005891071033918838
1683791999999,9957.646486639487,9957.646486639487,0.0,0,0.005891071033918838
1683806399999,9957.646486639487,9957.646486639487,0.0,0,0.005891071033918838
1683820799999,9957.646486639487,9957.646486639487,0.0,0,0.005891071033918838
1683835199999,9957.646486639487,9957.646486639487,0.0,0,0.005891071033918838
1683849599999,9957.646486639487,9957.646486639487,0.0,0,0.005891071033918838
1683863999999,9957.646486639487,9957.646486639487,0.0,0,0.005891071033918838
1683878399999,9957.646486639487,9957.646486639487,0.0,0,0.005891071033918838
1683892799999,9957.646486639487,9957.646486639487,0.0,0,0.005891071033918838
1683907199999,9957.646486639487,9957.646486639487,0.0,0,0.005891071033918838
1683921599999,9957.646486639487,9957.646486639487,0.0,0,0.005891071033918838
1683935999999,9957.646486639487,9957.646486639487,0.0,0,0.005891071033918838
1683950399999,9957.646486639487,9957.646486639487,0.0,0,0.005891071033918838
1683964799999,9957.646486639487,9957.646486639487,0.0,0,0.005891071033918838
1683979199999,9957.646486639487,9957.646486639487,0.0,0,0.005891071033918838
1683993599999,9957.646486639487,9957.646486639487,0.0,0,0.005891071033918838
1684007999999,9957.646486639487,9957.646486639487,0.0,0,0.005891071033918838
1684022399999,9957.646486639487,9957.646486639487,0.0,0,0.005891071033918838
1684036799999,9957.646486639487,9957.646486639487,0.0,0,0.005891071033918838
1684051199999,9957.646486639487,9957.646486639487,0.0,0,0.005891071033918838
1684065599999,9957.646486639487,9957.646486639487,0.0,0,0.005891071033918838
1684079999999,9957.646486639487,9957.646486639487,0.0,0,0.005891071033918838
1684094399999,9957.646486639487,9957.646486639487,0.0,0,0.005891071033918838
1684108799999,9957.646486639487,9957.646486639487,0.0,0,0.005891071033918838
1684123199999,9957.646486639487,9957.646486639487,0.0,0,0.005891071033918838
1684137599999,9957.646486639487,9957.646486639487,0.0,0,0.005891071033918838
1684151999999,9957.646486639487,9957.646486639487,0.0,0,0.005891071033918838
1684166399999,9957.646486639487,9957.646486639487,0.0,0,0.005891071033918838
1684180799999,9957.646486639487,9957.646486639487,0.0,0,0.005891071033918838
1684195199999,9957.646486639487,9957.646486639487,0.0,0,0.005891071033918838
1684209599999,9957.646486639487,9957.646486639487,0.0,0,0.005891071033918838
1684223999999,9957.646486639487,9957.646486639487,0.0,0,0.005891071033918838
1684238399999,9957.646486639487,9957.646486639487,0.0,0,0.005891071033918838
1684252799999,9957.646486639487,9957.646486639487,0.0,0,0.005891071033918838
1684267199999,9957.646486639487,9957.646486639487,0.0,0,0.005891071033918838
1684281599999,9957.646486639487,9957.646486639487,0.0,0,0.005891071033918838
1684295999999,9957.646486639487,9957.646486639487,0.0,0,0.005891071033918838
1684310399999,9957.646486639487,9957.646486639487,0.0,0,0.005891071033918838
1684324799999,9957.646486639487,9957.646486639487,0.0,0,0.005891071033918838
1684339199999,9957.646486639487,9957.646486639487,0.0,0,0.005891071033918838
1684353599999,9957.646486639487,9957.646486639487,0.0,0,0.005891071033918838
1684367999999,9957.646486639487,9957.646486639487,0.0,0,0.005891071033918838
1684382399999,9957.646486639487,9957.646486639487,0.0,0,0.005891071033918838
1684396799999,9957.646486639487,9957.646486639487,0.0,0,0.005891071033918838
1684411199999,9957.646486639487,9957.646486639487,0.0,0,0.005891071033918838
1684425599999,9957.646486639487,9957.646486639487,0.0,0,0.005891071033918838
1684439999999,9957.646486639487,9957.646486639487,0.0,0,0.005891071033918838
1684454399999,9957.646486639487,9957.646486639487,0.0,0,0.005891071033918838
1684468799999,9957.646486639487,9957.646486639487,0.0,0,0.005891071033918838
1684483199999,9957.646486639487,9957.646486639487,0.0,0,0.005891071033918838
1684497599999,9957.646486639487,9957.646486639487,0.0,0,0.005891071033918838
1684511999999,9957.646486639487,9957.646486639487,0.0,0,0.005891071033918838
1684526399999,9957.646486639487,9957.646486639487,0.0,0,0.005891071033918838
1684540799999,9957.646486639487,9957.646486639487,0.0,0,0.005891071033918838
1684555199999,9957.646486639487,9957.646486639487,0.0,0,0.005891071033918838
1684569599999,9957.646486639487,9957.646486639487,0.0,0,0.005891071033918838
1684583999999,9957.646486639487,9957.646486639487,0.0,0,0.005891071033918838
1684598399999,9957.646486639487,9957.646486639487,0.0,0,0.005891071033918838
1684612799999,9957.646486639487,9957.646486639487,0.0,0,0.005891071033918838
1684627199999,9957.646486639487,9957.646486639487,0.0,0,0.005891071033918838
1684641599999,9957.646486639487,9957.646486639487,0.0,0,0.005891071033918838
1684655999999,9957.646486639487,9957.646486639487,0.0,0,0.005891071033918838
1684670399999,9957.646486639487,9957.646486639487,0.0,0,0.005891071033918838
1684684799999,9957.646486639487,9957.646486639487,0.0,0,0.005891071033918838
1684699199999,9957.646486639487,9957.646486639487,0.0,0,0.005891071033918838
1684713599999,9957.646486639487,9957.646486639487,0.0,0,0.005891071033918838
1684727999999,9957.646486639487,9957.646486639487,0.0,0,0.005891071033918838
1684742399999,9957.646486639487,9957.646486639487,0.0,0,0.005891071033918838
1684756799999,9957.646486639487,9957.646486639487,0.0,0,0.005891071033918838
1684771199999,9957.646486639487,9957.646486639487,0.0,0,0.005891071033918838
1684785599999,9957.646486639487,9957.646486639487,0.0,0,0.005891071033918838
1684799999999,9957.646486639487,9957.646486639487,0.0,0,0.005891071033918838
1684814399999,9957.646486639487,9957.646486639487,0.0,0,0.005891071033918838
1684828799999,9957.646486639487,9957.646486639487,0.0,0,0.005891071033918838
1684843199999,9957.646486639487,9957.646486639487,0.0,0,0.005891071033918838
1684857599999,9957.646486639487,9957.646486639487,0.0,0,0.005891071033918838
1684871999999,9957.646486639487,9957.646486639487,0.0,0,0.005891071033918838
1684886399999,9957.646486639487,9957.646486639487,0.0,0,0.005891071033918838
1684900799999,9957.646486639487,9957.646486639487,0.0,0,0.005891071033918838
1684915199999,9957.646486639487,9957.646486639487,0.0,0,0.005891071033918838
1684929599999,9957.646486639487,9957.646486639487,0.0,0,0.005891071033918838
1684943999999,9957.646486639487,9957.646486639487,0.0,0,0.005891071033918838
1684958399999,9957.646486639487,9957.646486639487,0.0,0,0.005891071033918838
1684972799999,9957.646486639487,9957.646486639487,0.0,0,0.005891071033918838
1684987199999,9957.646486639487,9957.646486639487,0.0,0,0.005891071033918838
1685001599999,9957.646486639487,9957.646486639487,0.0,0,0.005891071033918838
1685015999999,9957.646486639487,9957.646486639487,0.0,0,0.005891071033918838
1685030399999,9957.646486639487,9957.646486639487,0.0,0,0.005891071033918838
1685044799999,9957.646486639487,9957.646486639487,0.0,0,0.005891071033918838
1685059199999,9957.646486639487,9957.646486639487,0.0,0,0.005891071033918838
1685073599999,9957.646486639487,9957.646486639487,0.0,0,0.005891071033918838
1685087999999,9957.646486639487,9957.646486639487,0.0,0,0.005891071033918838
1685102399999,9957.646486639487,9957.646486639487,0.0,0,0.005891071033918838
1685116799999,9957.646486639487,9957.646486639487,0.0,0,0.005891071033918838
1685131199999,9957.646486639487,9957.646486639487,0.0,0,0.005891071033918838
1685145599999,9957.646486639487,9957.646486639487,0.0,0,0.005891071033918838
1685159999999,9957.646486639487,9957.646486639487,0.0,0,0.005891071033918838
1685174399999,9957.646486639487,9957.646486639487,0.0,0,0.005891071033918838
1685188799999,9957.646486639487,9957.646486639487,0.0,0,0.005891071033918838
1685203199999,9957.646486639487,9957.646486639487,0.0,0,0.005891071033918838
1685217599999,9957.646486639487,9957.646486639487,0.0,0,0.005891071033918838
1685231999999,9957.646486639487,9957.646486639487,0.0,0,0.005891071033918838
1685246399999,9957.646486639487,9957.646486639487,0.0,0,0.005891071033918838
1685260799999,9957.646486639487,9957.646486639487,0.0,0,0.005891071033918838
1685275199999,9957.646486639487,9957.646486639487,0.0,0,0.005891071033918838
1685289599999,9957.646486639487,9957.646486639487,0.0,0,0.005891071033918838
1685303999999,9957.646486639487,9957.646486639487,0.0,0,0.005891071033918838
1685318399999,9957.646486639487,9957.646486639487,0.0,0,0.005891071033918838
1685332799999,9957.646486639487,9957.646486639487,0.0,0,0.005891071033918838
1685347199999,9957.646486639487,9957.646486639487,0.0,0,0.005891071033918838
1685361599999,9957.646486639487,9957.646486639487,0.0,0,0.005891071033918838
1685375999999,9957.646486639487,9957.646486639487,0.0,0,0.005891071033918838
1685390399999,9957.646486639487,9957.646486639487,0.0,0,0.005891071033918838
1685404799999,9957.646486639487,9957.646486639487,0.0,0,0.005891071033918838
1685419199999,9957.646486639487,9957.646486639487,0.0,0,0.005891071033918838
1685433599999,9957.646486639487,9957.646486639487,0.0,0,0.005891071033918838
1685447999999,9957.646486639487,9957.646486639487,0.0,0,0.005891071033918838
1685462399999,9957.646486639487,9957.646486639487,0.0,0,0.005891071033918838
1685476799999,9957.646486639487,9957.646486639487,0.0,0,0.005891071033918838
1685491199999,9957.646486639487,9957.646486639487,0.0,0,0.005891071033918838
1685505599999,9957.646486639487,9957.646486639487,0.0,0,0.005891071033918838
1685519999999,9957.646486639487,9957.646486639487,0.0,0,0.005891071033918838
1685534399999,9957.646486639487,9957.646486639487,0.0,0,0.005891071033918838
1685548799999,9957.646486639487,9957.646486639487,0.0,0,0.005891071033918838
1685563199999,9957.646486639487,9957.646486639487,0.0,0,0.005891071033918838
1685577599999,9957.646486639487,9957.646486639487,0.0,0,0.005891071033918838
1685591999999,9957.646486639487,9957.646486639487,0.0,0,0.005891071033918838
1685606399999,9957.646486639487,9957.646486639487,0.0,0,0.005891071033918838
1685620799999,9957.646486639487,9957.646486639487,0.0,0,0.005891071033918838
1685635199999,9957.646486639487,9957.646486639487,0.0,0,0.005891071033918838
1685649599999,9957.646486639487,9957.646486639487,0.0,0,0.005891071033918838
1685663999999,9957.646486639487,9957.646486639487,0.0,0,0.005891071033918838
1685678399999,9957.646486639487,9957.646486639487,0.0,0,0.005891071033918838
1685692799999,9957.646486639487,9957.646486639487,0.0,0,0.005891071033918838
1685707199999,9957.646486639487,9957.646486639487,0.0,0,0.005891071033918838
1685721599999,9957.646486639487,9957.646486639487,0.0,0,0.005891071033918838
1685735999999,9957.646486639487,9957.646486639487,0.0,0,0.005891071033918838
1685750399999,9957.646486639487,9957.646486639487,0.0,0,0.005891071033918838
1685764799999,9957.646486639487,9957.646486639487,0.0,0,0.005891071033918838
1685779199999,9957.646486639487,9957.646486639487,0.0,0,0.005891071033918838
1685793599999,9957.646486639487,9957.646486639487,0.0,0,0.005891071033918838
1685807999999,9957.646486639487,9957.646486639487,0.0,0,0.005891071033918838
1685822399999,9957.646486639487,9957.646486639487,0.0,0,0.005891071033918838
1685836799999,9957.646486639487,9957.646486639487,0.0,0,0.005891071033918838
1685851199999,9957.646486639487,9957.646486639487,0.0,0,0.005891071033918838
1685865599999,9957.646486639487,9957.646486639487,0.0,0,0.005891071033918838
1685879999999,9957.646486639487,9957.646486639487,0.0,0,0.005891071033918838
1685894399999,9957.646486639487,9957.646486639487,0.0,0,0.005891071033918838
1685908799999,9957.646486639487,9957.646486639487,0.0,0,0.005891071033918838
1685923199999,9957.646486639487,9957.646486639487,0.0,0,0.005891071033918838
1685937599999,9957.646486639487,9957.646486639487,0.0,0,0.005891071033918838
1685951999999,9957.646486639487,9957.646486639487,0.0,0,0.005891071033918838
1685966399999,9957.646486639487,9957.646486639487,0.0,0,0.005891071033918838
1685980799999,9957.646486639487,9957.646486639487,0.0,0,0.005891071033918838
1685995199999,9957.646486639487,9957.646486639487,0.0,0,0.005891071033918838
1686009599999,9957.646486639487,9957.646486639487,0.0,0,0.005891071033918838
1686023999999,9957.646486639487,9957.646486639487,0.0,0,0.005891071033918838
1686038399999,9957.646486639487,9957.646486639487,0.0,0,0.005891071033918838
1686052799999,9957.646486639487,9957.646486639487,0.0,0,0.005891071033918838
1686067199999,9957.646486639487,9957.646486639487,0.0,0,0.005891071033918838
1686081599999,9957.646486639487,9957.646486639487,0.0,0,0.005891071033918838
1686095999999,9957.646486639487,9957.646486639487,0.0,0,0.005891071033918838
1686110399999,9957.646486639487,9957.646486639487,0.0,0,0.005891071033918838
1686124799999,9957.646486639487,9957.646486639487,0.0,0,0.005891071033918838
1686139199999,9957.646486639487,9957.646486639487,0.0,0,0.005891071033918838
1686153599999,9957.646486639487,9957.646486639487,0.0,0,0.005891071033918838
1686167999999,9957.646486639487,9957.646486639487,0.0,0,0.005891071033918838
1686182399999,9957.646486639487,9957.646486639487,0.0,0,0.005891071033918838
1686196799999,9957.646486639487,9957.646486639487,0.0,0,0.005891071033918838
1686211199999,9957.646486639487,9957.646486639487,0.0,0,0.005891071033918838
1686225599999,9957.646486639487,9957.646486639487,0.0,0,0.005891071033918838
1686239999999,9957.646486639487,9957.646486639487,0.0,0,0.005891071033918838
1686254399999,9957.646486639487,9957.646486639487,0.0,0,0.005891071033918838
1686268799999,9957.646486639487,9957.646486639487,0.0,0,0.005891071033918838
1686283199999,9957.646486639487,9957.646486639487,0.0,0,0.005891071033918838
1686297599999,9957.646486639487,9957.646486639487,0.0,0,0.005891071033918838
1686311999999,9957.646486639487,9957.646486639487,0.0,0,0.005891071033918838
1686326399999,9957.646486639487,9957.646486639487,0.0,0,0.005891071033918838
1686340799999,9957.646486639487,9957.646486639487,0.0,0,0.005891071033918838
1686355199999,9957.646486639487,9957.646486639487,0.0,0,0.005891071033918838
1686369599999,9957.646486639487,9957.646486639487,0.0,0,0.005891071033918838
1686383999999,9957.646486639487,9957.646486639487,0.0,0,0.005891071033918838
1686398399999,9957.646486639487,9957.646486639487,0.0,0,0.005891071033918838
1686412799999,9957.646486639487,9957.646486639487,0.0,0,0.005891071033918838
1686427199999,9957.646486639487,9957.646486639487,0.0,0,0.005891071033918838
1686441599999,9957.646486639487,9957.646486639487,0.0,0,0.005891071033918838
1686455999999,9957.646486639487,9957.646486639487,0.0,0,0.005891071033918838
1686470399999,9957.646486639487,9957.646486639487,0.0,0,0.005891071033918838
1686484799999,9957.646486639487,9957.646486639487,0.0,0,0.005891071033918838
1686499199999,9957.646486639487,9957.646486639487,0.0,0,0.005891071033918838
1686513599999,9957.646486639487,9957.646486639487,0.0,0,0.005891071033918838
1686527999999,9957.646486639487,9957.646486639487,0.0,0,0.005891071033918838
1686542399999,9957.646486639487,9957.646486639487,0.0,0,0.005891071033918838
1686556799999,9957.646486639487,9957.646486639487,0.0,0,0.005891071033918838
1686571199999,9957.646486639487,9957.646486639487,0.0,0,0.005891071033918838
1686585599999,9957.646486639487,9957.646486639487,0.0,0,0.005891071033918838
1686599999999,9957.646486639487,9957.646486639487,0.0,0,0.005891071033918838
1686614399999,9957.646486639487,9957.646486639487,0.0,0,0.005891071033918838
1686628799999,9957.646486639487,9957.646486639487,0.0,0,0.005891071033918838
1686643199999,9957.646486639487,9957.646486639487,0.0,0,0.005891071033918838
1686657599999,9957.646486639487,9957.646486639487,0.0,0,0.005891071033918838
1686671999999,9957.646486639487,9957.646486639487,0.0,0,0.005891071033918838
1686686399999,9957.646486639487,9957.646486639487,0.0,0,0.005891071033918838
1686700799999,9957.646486639487,9957.646486639487,0.0,0,0.005891071033918838
1686715199999,9957.646486639487,9957.646486639487,0.0,0,0.005891071033918838
1686729599999,9957.646486639487,9957.646486639487,0.0,0,0.005891071033918838
1686743999999,9957.646486639487,9957.646486639487,0.0,0,0.005891071033918838
1686758399999,9957.646486639487,9957.646486639487,0.0,0,0.005891071033918838
1686772799999,9957.646486639487,9957.646486639487,0.0,0,0.005891071033918838
1686787199999,9957.646486639487,9957.646486639487,0.0,0,0.005891071033918838
1686801599999,9957.646486639487,9957.646486639487,0.0,0,0.005891071033918838
1686815999999,9957.646486639487,9957.646486639487,0.0,0,0.005891071033918838
1686830399999,9957.646486639487,9957.646486639487,0.0,0,0.005891071033918838
1686844799999,9957.646486639487,9957.646486639487,0.0,0,0.005891071033918838
1686859199999,9957.646486639487,9957.646486639487,0.0,0,0.005891071033918838
1686873599999,9957.646486639487,9957.646486639487,0.0,0,0.005891071033918838
1686887999999,9957.646486639487,9957.646486639487,0.0,0,0.005891071033918838
1686902399999,9957.646486639487,9957.646486639487,0.0,0,0.005891071033918838
1686916799999,9957.646486639487,9957.646486639487,0.0,0,0.005891071033918838
1686931199999,9957.646486639487,9957.646486639487,0.0,0,0.005891071033918838
1686945599999,9957.646486639487,9957.646486639487,0.0,0,0.005891071033918838
1686959999999,9957.646486639487,9957.646486639487,0.0,0,0.005891071033918838
1686974399999,9957.646486639487,9957.646486639487,0.0,0,0.005891071033918838
1686988799999,9957.646486639487,9957.646486639487,0.0,0,0.005891071033918838
1687003199999,9957.646486639487,9957.646486639487,0.0,0,0.005891071033918838
1687017599999,9957.646486639487,9957.646486639487,0.0,0,0.005891071033918838
1687031999999,9957.646486639487,9957.646486639487,0.0,0,0.005891071033918838
1687046399999,9957.646486639487,9957.646486639487,0.0,0,0.005891071033918838
1687060799999,9957.646486639487,9957.646486639487,0.0,0,0.005891071033918838
1687075199999,9957.646486639487,9957.646486639487,0.0,0,0.005891071033918838
1687089599999,9957.646486639487,9957.646486639487,0.0,0,0.005891071033918838
1687103999999,9957.646486639487,9957.646486639487,0.0,0,0.005891071033918838
1687118399999,9957.646486639487,9957.646486639487,0.0,0,0.005891071033918838
1687132799999,9957.646486639487,9957.646486639487,0.0,0,0.005891071033918838
1687147199999,9957.646486639487,9957.646486639487,0.0,0,0.005891071033918838
1687161599999,9957.646486639487,9957.646486639487,0.0,0,0.005891071033918838
1687175999999,9957.646486639487,9957.646486639487,0.0,0,0.005891071033918838
1687190399999,9957.646486639487,9957.646486639487,0.0,0,0.005891071033918838
1687204799999,9957.646486639487,9957.646486639487,0.0,0,0.005891071033918838
1687219199999,9957.646486639487,9957.646486639487,0.0,0,0.005891071033918838
1687233599999,9957.646486639487,9957.646486639487,0.0,0,0.005891071033918838
1687247999999,9957.646486639487,9957.646486639487,0.0,0,0.005891071033918838
1687262399999,9957.646486639487,9957.646486639487,0.0,0,0.005891071033918838
1687276799999,9957.646486639487,9957.646486639487,0.0,0,0.005891071033918838
1687291199999,9957.646486639487,9957.646486639487,0.0,0,0.005891071033918838
1687305599999,9957.646486639487,9957.646486639487,0.0,0,0.005891071033918838
1687319999999,9957.646486639487,9957.646486639487,0.0,0,0.005891071033918838
1687334399999,9957.646486639487,9957.646486639487,0.0,0,0.005891071033918838
1687348799999,9957.646486639487,9957.646486639487,0.0,0,0.005891071033918838
1687363199999,9957.646486639487,9957.646486639487,0.0,0,0.005891071033918838
1687377599999,9957.646486639487,9957.646486639487,0.0,0,0.005891071033918838
1687391999999,9957.646486639487,9957.646486639487,0.0,0,0.005891071033918838
1687406399999,9957.646486639487,9957.646486639487,0.0,0,0.005891071033918838
1687420799999,9957.646486639487,9957.646486639487,0.0,0,0.005891071033918838
1687435199999,9957.646486639487,9957.646486639487,0.0,0,0.005891071033918838
1687449599999,9957.646486639487,9957.646486639487,0.0,0,0.005891071033918838
1687463999999,9957.646486639487,9957.646486639487,0.0,0,0.005891071033918838
1687478399999,9957.646486639487,9957.646486639487,0.0,0,0.005891071033918838
1687492799999,9957.646486639487,9957.646486639487,0.0,0,0.005891071033918838
1687507199999,9957.646486639487,9957.646486639487,0.0,0,0.005891071033918838
1687521599999,9957.646486639487,9957.646486639487,0.0,0,0.005891071033918838
1687535999999,9957.646486639487,9957.646486639487,0.0,0,0.005891071033918838
1687550399999,9957.646486639487,9957.646486639487,0.0,0,0.005891071033918838
1687564799999,9957.646486639487,9957.646486639487,0.0,0,0.005891071033918838
1687579199999,9957.646486639487,9957.646486639487,0.0,0,0.005891071033918838
1687593599999,9957.646486639487,9957.646486639487,0.0,0,0.005891071033918838
1687607999999,9957.646486639487,9957.646486639487,0.0,0,0.005891071033918838
1687622399999,9957.646486639487,9957.646486639487,0.0,0,0.005891071033918838
1687636799999,9957.646486639487,9957.646486639487,0.0,0,0.005891071033918838
1687651199999,9957.646486639487,9957.646486639487,0.0,0,0.005891071033918838
1687665599999,9957.646486639487,9957.646486639487,0.0,0,0.005891071033918838
1687679999999,9957.646486639487,9957.646486639487,0.0,0,0.005891071033918838
1687694399999,9957.646486639487,9957.646486639487,0.0,0,0.005891071033918838
1687708799999,9957.646486639487,9957.646486639487,0.0,0,0.005891071033918838
1687723199999,9957.646486639487,9957.646486639487,0.0,0,0.005891071033918838
1687737599999,9957.646486639487,9957.646486639487,0.0,0,0.005891071033918838
1687751999999,9957.646486639487,9957.646486639487,0.0,0,0.005891071033918838
1687766399999,9957.646486639487,9957.646486639487,0.0,0,0.005891071033918838
1687780799999,9957.646486639487,9957.646486639487,0.0,0,0.005891071033918838
1687795199999,9957.646486639487,9957.646486639487,0.0,0,0.005891071033918838
1687809599999,9957.646486639487,9957.646486639487,0.0,0,0.005891071033918838
1687823999999,9957.646486639487,9957.646486639487,0.0,0,0.005891071033918838
1687838399999,9957.646486639487,9957.646486639487,0.0,0,0.005891071033918838
1687852799999,9957.646486639487,9957.646486639487,0.0,0,0.005891071033918838
1687867199999,9957.646486639487,9957.646486639487,0.0,0,0.005891071033918838
1687881599999,9957.646486639487,9957.646486639487,0.0,0,0.005891071033918838
1687895999999,9957.646486639487,9957.646486639487,0.0,0,0.005891071033918838
1687910399999,9957.646486639487,9957.646486639487,0.0,0,0.005891071033918838
1687924799999,9957.646486639487,9957.646486639487,0.0,0,0.005891071033918838
1687939199999,9957.646486639487,9957.646486639487,0.0,0,0.005891071033918838
1687953599999,9957.646486639487,9957.646486639487,0.0,0,0.005891071033918838
1687967999999,9957.646486639487,9957.646486639487,0.0,0,0.005891071033918838
1687982399999,9957.646486639487,9957.646486639487,0.0,0,0.005891071033918838
1687996799999,9957.646486639487,9957.646486639487,0.0,0,0.005891071033918838
1688011199999,9957.646486639487,9957.646486639487,0.0,0,0.005891071033918838
1688025599999,9957.646486639487,9957.646486639487,0.0,0,0.005891071033918838
1688039999999,9957.646486639487,9957.646486639487,0.0,0,0.005891071033918838
1688054399999,9957.646486639487,9957.646486639487,0.0,0,0.005891071033918838
1688068799999,9957.646486639487,9957.646486639487,0.0,0,0.005891071033918838
1688083199999,9957.646486639487,9957.646486639487,0.0,0,0.005891071033918838
1688097599999,9957.646486639487,9957.646486639487,0.0,0,0.005891071033918838
1688111999999,9957.646486639487,9957.646486639487,0.0,0,0.005891071033918838
1688126399999,9957.646486639487,9957.646486639487,0.0,0,0.005891071033918838
1688140799999,9957.646486639487,9957.646486639487,0.0,0,0.005891071033918838
1688155199999,9957.646486639487,9957.646486639487,0.0,0,0.005891071033918838
1688169599999,9957.646486639487,9957.646486639487,0.0,0,0.005891071033918838
1688183999999,9957.646486639487,9957.646486639487,0.0,0,0.005891071033918838
1688198399999,9957.646486639487,9957.646486639487,0.0,0,0.005891071033918838
1688212799999,9957.646486639487,9957.646486639487,0.0,0,0.005891071033918838
1688227199999,9957.646486639487,9957.646486639487,0.0,0,0.005891071033918838
1688241599999,9957.646486639487,9957.646486639487,0.0,0,0.005891071033918838
1688255999999,9957.646486639487,9957.646486639487,0.0,0,0.005891071033918838
1688270399999,9957.646486639487,9957.646486639487,0.0,0,0.005891071033918838
1688284799999,9957.646486639487,9957.646486639487,0.0,0,0.005891071033918838
1688299199999,9957.646486639487,9957.646486639487,0.0,0,0.005891071033918838
1688313599999,9957.646486639487,9957.646486639487,0.0,0,0.005891071033918838
1688327999999,9957.646486639487,9957.646486639487,0.0,0,0.005891071033918838
1688342399999,9957.646486639487,9957.646486639487,0.0,0,0.005891071033918838
1688356799999,9957.646486639487,9957.646486639487,0.0,0,0.005891071033918838
1688371199999,9957.646486639487,9957.646486639487,0.0,0,0.005891071033918838
1688385599999,9957.646486639487,9957.646486639487,0.0,0,0.005891071033918838
1688399999999,9957.646486639487,9957.646486639487,0.0,0,0.005891071033918838
1688414399999,9957.646486639487,9957.646486639487,0.0,0,0.005891071033918838
1688428799999,9957.646486639487,9957.646486639487,0.0,0,0.005891071033918838
1688443199999,9957.646486639487,9957.646486639487,0.0,0,0.005891071033918838
1688457599999,9907.608986639487,9956.808452950361,166.7778519012675,1,0.005974735057767466
1688471999999,9956.788218627478,9956.788218627478,0.0,0,0.0059767551255692775
1688486399999,9956.788218627478,9956.788218627478,0.0,0,0.0059767551255692775
1688500799999,9956.788218627478,9956.788218627478,0.0,0,0.0059767551255692775
1688515199999,9956.788218627478,9956.788218627478,0.0,0,0.0059767551255692775
1688529599999,9956.788218627478,9956.788218627478,0.0,0,0.0059767551255692775
1688543999999,9956.788218627478,9956.788218627478,0.0,0,0.0059767551255692775
1688558399999,9956.788218627478,9956.788218627478,0.0,0,0.0059767551255692775
1688572799999,9956.788218627478,9956.788218627478,0.0,0,0.0059767551255692775
1688587199999,9956.788218627478,9956.788218627478,0.0,0,0.0059767551255692775
1688601599999,9956.788218627478,9956.788218627478,0.0,0,0.0059767551255692775
1688615999999,9956.788218627478,9956.788218627478,0.0,0,0.0059767551255692775
1688630399999,9956.788218627478,9956.788218627478,0.0,0,0.0059767551255692775
1688644799999,9956.788218627478,9956.788218627478,0.0,0,0.0059767551255692775
1688659199999,9956.788218627478,9956.788218627478,0.0,0,0.0059767551255692775
1688673599999,9956.788218627478,9956.788218627478,0.0,0,0.0059767551255692775
1688687999999,9956.788218627478,9956.788218627478,0.0,0,0.0059767551255692775
1688702399999,9956.788218627478,9956.788218627478,0.0,0,0.0059767551255692775
1688716799999,9956.788218627478,9956.788218627478,0.0,0,0.0059767551255692775
1688731199999,9956.788218627478,9956.788218627478,0.0,0,0.0059767551255692775
1688745599999,9956.788218627478,9956.788218627478,0.0,0,0.0059767551255692775
1688759999999,9956.788218627478,9956.788218627478,0.0,0,0.0059767551255692775
1688774399999,9956.788218627478,9956.788218627478,0.0,0,0.0059767551255692775
1688788799999,9956.788218627478,9956.788218627478,0.0,0,0.0059767551255692775
1688803199999,9956.788218627478,9956.788218627478,0.0,0,0.0059767551255692775
1688817599999,9956.788218627478,9956.788218627478,0.0,0,0.0059767551255692775
1688831999999,9956.788218627478,9956.788218627478,0.0,0,0.0059767551255692775
1688846399999,9956.788218627478,9956.788218627478,0.0,0,0.0059767551255692775
1688860799999,9956.788218627478,9956.788218627478,0.0,0,0.0059767551255692775
1688875199999,9956.788218627478,9956.788218627478,0.0,0,0.0059767551255692775
1688889599999,9956.788218627478,9956.788218627478,0.0,0,0.0059767551255692775
1688903999999,9956.788218627478,9956.788218627478,0.0,0,0.0059767551255692775
1688918399999,9956.788218627478,9956.788218627478,0.0,0,0.0059767551255692775
1688932799999,9956.788218627478,9956.788218627478,0.0,0,0.0059767551255692775
1688947199999,9956.788218627478,9956.788218627478,0.0,0,0.0059767551255692775
1688961599999,9956.788218627478,9956.788218627478,0.0,0,0.0059767551255692775
1688975999999,9956.788218627478,9956.788218627478,0.0,0,0.0059767551255692775
1688990399999,9956.788218627478,9956.788218627478,0.0,0,0.0059767551255692775
1689004799999,9956.788218627478,9956.788218627478,0.0,0,0.0059767551255692775
1689019199999,9956.788218627478,9956.788218627478,0.0,0,0.0059767551255692775
1689033599999,9956.788218627478,9956.788218627478,0.0,0,0.0059767551255692775
1689047999999,9956.788218627478,9956.788218627478,0.0,0,0.0059767551255692775
1689062399999,9956.788218627478,9956.788218627478,0.0,0,0.0059767551255692775
1689076799999,9956.788218627478,9956.788218627478,0.0,0,0.0059767551255692775
1689091199999,9956.788218627478,9956.788218627478,0.0,0,0.0059767551255692775
1689105599999,9956.788218627478,9956.788218627478,0.0,0,0.0059767551255692775
1689119999999,9956.788218627478,9956.788218627478,0.0,0,0.0059767551255692775
1689134399999,9956.788218627478,9956.788218627478,0.0,0,0.0059767551255692775
1689148799999,9956.788218627478,9956.788218627478,0.0,0,0.0059767551255692775
1689163199999,9956.788218627478,9956.788218627478,0.0,0,0.0059767551255692775
1689177599999,9956.788218627478,9956.788218627478,0.0,0,0.0059767551255692775
1689191999999,9956.788218627478,9956.788218627478,0.0,0,0.0059767551255692775
1689206399999,9956.788218627478,9956.788218627478,0.0,0,0.0059767551255692775
1689220799999,9956.788218627478,9956.788218627478,0.0,0,0.0059767551255692775
1689235199999,9956.788218627478,9956.788218627478,0.0,0,0.0059767551255692775
1689249599999,9956.788218627478,9956.788218627478,0.0,0,0.0059767551255692775
1689263999999,9956.788218627478,9956.788218627478,0.0,0,0.0059767551255692775
1689278399999,9906.750718627478,9962.631181352413,160.66838046272494,1,0.0053934303987608345
1689292799999,9906.750718627478,9964.061129938533,160.66838046272494,1,0.005250673306577358
1689307199999,9906.750718627478,9964.768070812568,160.66838046272494,1,0.005180096766621567
1689321599999,9906.750718627478,9963.402389578634,160.66838046272494,1,0.005316437809718133
1689335999999,9906.750718627478,9963.16138700794,160.66838046272494,1,0.005340497993793991
1689350399999,9906.750718627478,9962.534780324137,160.66838046272494,1,0.005403054472391089
1689364799999,9906.750718627478,9958.389536108198,160.66838046272494,1,0.0058168896384956925
1689379199999,9906.750718627478,9959.401746905112,160.66838046272494,1,0.005715836865377244
1689393599999,9906.750718627478,9959.176811172465,160.66838046272494,1,0.005738293037181319
1689407999999,9906.750718627478,9960.5424924064,160.66838046272494,1,0.005601951994084753
1689422399999,9906.750718627478,9960.156888293288,160.66838046272494,1,0.005640448288606104
1689436799999,9906.750718627478,9959.915885722594,160.66838046272494,1,0.005664508472681962
1689451199999,9906.750718627478,9959.6748831519,160.66838046272494,1,0.00568856865675782
1689465599999,9906.750718627478,9959.128610658327,160.66838046272494,1,0.005743105073996446
1689479999999,9906.750718627478,9958.180667213595,160.66838046272494,1,0.0058377417980282065
1689494399999,9906.750718627478,9958.309201917966,160.66838046272494,1,0.005824909699854386
1689508799999,9906.750718627478,9958.566271326707,160.66838046272494,1,0.005799245503506745
1689523199999,9906.750718627478,9958.34133559406,160.66838046272494,1,0.00582170167531082
1689537599999,9906.750718627478,9957.377325311283,160.66838046272494,1,0.005917942411614252
1689551999999,9906.750718627478,9957.296991121051,160.66838046272494,1,0.005925962472972945
1689566399999,9906.750718627478,9957.90753096681,160.66838046272494,1,0.005865010006647409
1689580799999,9906.750718627478,9957.634394720022,160.66838046272494,1,0.005892278215266833
1689595199999,9906.750718627478,9956.766785465525,160.66838046272494,1,0.005978894877939678
1689609599999,9906.750718627478,9957.088122226449,160.66838046272494,1,0.005946814632505348
1689623999999,9906.750718627478,9956.52578289483,160.66838046272494,1,0.006002955062015536
1689638399999,9906.750718627478,9956.847119655755,160.66838046272494,1,0.0059708748165812064
1689652799999,9906.750718627478,9956.445448704599,160.66838046272494,1,0.006010975123374229
1689667199999,9956.424232444959,9956.424232444959,0.0,0,0.006013093221579058
1689681599999,9956.424232444959,9956.424232444959,0.0,0,0.006013093221579058
1689695999999,9956.424232444959,9956.424232444959,0.0,0,0.006013093221579058
1689710399999,9956.424232444959,9956.424232444959,0.0,0,0.006013093221579058
1689724799999,9956.424232444959,9956.424232444959,0.0,0,0.006013093221579058
1689739199999,9956.424232444959,9956.424232444959,0.0,0,0.006013093221579058
1689753599999,9956.424232444959,9956.424232444959,0.0,0,0.006013093221579058
1689767999999,9956.424232444959,9956.424232444959,0.0,0,0.006013093221579058
1689782399999,9956.424232444959,9956.424232444959,0.0,0,0.006013093221579058
1689796799999,9956.424232444959,9956.424232444959,0.0,0,0.006013093221579058
1689811199999,9956.424232444959,9956.424232444959,0.0,0,0.006013093221579058
1689825599999,9956.424232444959,9956.424232444959,0.0,0,0.006013093221579058
1689839999999,9906.386732444958,9956.035908771986,152.5320317266626,1,0.006051861019888527
1689854399999,9906.386732444958,9956.005402365641,152.5320317266626,1,0.006054906588033426
1689868799999,9906.386732444958,9954.830905721346,152.5320317266626,1,0.006172160961614659
1689883199999,9954.794572591389,9954.794572591389,0.0,0,0.006175788233275359
1689897599999,9954.794572591389,9954.794572591389,0.0,0,0.006175788233275359
1689911999999,9954.794572591389,9954.794572591389,0.0,0,0.006175788233275359
1689926399999,9954.794572591389,9954.794572591389,0.0,0,0.006175788233275359
1689940799999,9954.794572591389,9954.794572591389,0.0,0,0.006175788233275359
1689955199999,9954.794572591389,9954.794572591389,0.0,0,0.006175788233275359
1689969599999,9954.794572591389,9954.794572591389,0.0,0,0.006175788233275359
1689983999999,9954.794572591389,9954.794572591389,0.0,0,0.006175788233275359
1689998399999,9954.794572591389,9954.794572591389,0.0,0,0.006175788233275359
1690012799999,9954.794572591389,9954.794572591389,0.0,0,0.006175788233275359
1690027199999,9954.794572591389,9954.794572591389,0.0,0,0.006175788233275359
1690041599999,9954.794572591389,9954.794572591389,0.0,0,0.006175788233275359
1690055999999,9954.794572591389,9954.794572591389,0.0,0,0.006175788233275359
1690070399999,9954.794572591389,9954.794572591389,0.0,0,0.006175788233275359
1690084799999,9954.794572591389,9954.794572591389,0.0,0,0.006175788233275359
1690099199999,9954.794572591389,9954.794572591389,0.0,0,0.006175788233275359
1690113599999,9954.794572591389,9954.794572591389,0.0,0,0.006175788233275359
1690127999999,9954.794572591389,9954.794572591389,0.0,0,0.006175788233275359
1690142399999,9954.794572591389,9954.794572591389,0.0,0,0.006175788233275359
1690156799999,9954.794572591389,9954.794572591389,0.0,0,0.006175788233275359
1690171199999,9954.794572591389,9954.794572591389,0.0,0,0.006175788233275359
1690185599999,9954.794572591389,9954.794572591389,0.0,0,0.006175788233275359
1690199999999,9954.794572591389,9954.794572591389,0.0,0,0.006175788233275359
1690214399999,9954.794572591389,9954.794572591389,0.0,0,0.006175788233275359
1690228799999,9954.794572591389,9954.794572591389,0.0,0,0.006175788233275359
1690243199999,9954.794572591389,9954.794572591389,0.0,0,0.006175788233275359
1690257599999,9954.794572591389,9954.794572591389,0.0,0,0.006175788233275359
1690271999999,9954.794572591389,9954.794572591389,0.0,0,0.006175788233275359
1690286399999,9954.794572591389,9954.794572591389,0.0,0,0.006175788233275359
1690300799999,9954.794572591389,9954.794572591389,0.0,0,0.006175788233275359
1690315199999,9954.794572591389,9954.794572591389,0.0,0,0.006175788233275359
1690329599999,9954.794572591389,9954.794572591389,0.0,0,0.006175788233275359
1690343999999,9954.794572591389,9954.794572591389,0.0,0,0.006175788233275359
1690358399999,9954.794572591389,9954.794572591389,0.0,0,0.006175788233275359
1690372799999,9954.794572591389,9954.794572591389,0.0,0,0.006175788233275359
1690387199999,9954.794572591389,9954.794572591389,0.0,0,0.006175788233275359
1690401599999,9954.794572591389,9954.794572591389,0.0,0,0.006175788233275359
1690415999999,9954.794572591389,9954.794572591389,0.0,0,0.006175788233275359
1690430399999,9954.794572591389,9954.794572591389,0.0,0,0.006175788233275359
1690444799999,9954.794572591389,9954.794572591389,0.0,0,0.006175788233275359
1690459199999,9954.794572591389,9954.794572591389,0.0,0,0.006175788233275359
1690473599999,9954.794572591389,9954.794572591389,0.0,0,0.006175788233275359
1690487999999,9954.794572591389,9954.794572591389,0.0,0,0.006175788233275359
1690502399999,9954.794572591389,9954.794572591389,0.0,0,0.006175788233275359
1690516799999,9954.794572591389,9954.794572591389,0.0,0,0.006175788233275359
1690531199999,9954.794572591389,9954.794572591389,0.0,0,0.006175788233275359
1690545599999,9954.794572591389,9954.794572591389,0.0,0,0.006175788233275359
1690559999999,9954.794572591389,9954.794572591389,0.0,0,0.006175788233275359
1690574399999,9954.794572591389,9954.794572591389,0.0,0,0.006175788233275359
1690588799999,9954.794572591389,9954.794572591389,0.0,0,0.006175788233275359
1690603199999,9954.794572591389,9954.794572591389,0.0,0,0.006175788233275359
1690617599999,9954.794572591389,9954.794572591389,0.0,0,0.006175788233275359
1690631999999,9954.794572591389,9954.794572591389,0.0,0,0.006175788233275359
1690646399999,9954.794572591389,9954.794572591389,0.0,0,0.006175788233275359
1690660799999,9954.794572591389,9954.794572591389,0.0,0,0.006175788233275359
1690675199999,9954.794572591389,9954.794572591389,0.0,0,0.006175788233275359
1690689599999,9954.794572591389,9954.794572591389,0.0,0,0.006175788233275359
1690703999999,9954.794572591389,9954.794572591389,0.0,0,0.006175788233275359
1690718399999,9954.794572591389,9954.794572591389,0.0,0,0.006175788233275359
1690732799999,9954.794572591389,9954.794572591389,0.0,0,0.006175788233275359
1690747199999,9954.794572591389,9954.794572591389,0.0,0,0.006175788233275359
1690761599999,9954.794572591389,9954.794572591389,0.0,0,0.006175788233275359
1690775999999,9954.794572591389,9954.794572591389,0.0,0,0.006175788233275359
1690790399999,9954.794572591389,9954.794572591389,0.0,0,0.006175788233275359
1690804799999,9954.794572591389,9954.794572591389,0.0,0,0.006175788233275359
1690819199999,9954.794572591389,9954.794572591389,0.0,0,0.006175788233275359
1690833599999,9954.794572591389,9954.794572591389,0.0,0,0.006175788233275359
1690847999999,9954.794572591389,9954.794572591389,0.0,0,0.006175788233275359
1690862399999,9954.794572591389,9954.794572591389,0.0,0,0.006175788233275359
1690876799999,9954.794572591389,9954.794572591389,0.0,0,0.006175788233275359
1690891199999,9954.794572591389,9954.794572591389,0.0,0,0.006175788233275359
1690905599999,9954.794572591389,9954.794572591389,0.0,0,0.006175788233275359
1690919999999,9954.794572591389,9954.794572591389,0.0,0,0.006175788233275359
1690934399999,9954.794572591389,9954.794572591389,0.0,0,0.006175788233275359
1690948799999,9954.794572591389,9954.794572591389,0.0,0,0.006175788233275359
1690963199999,9954.794572591389,9954.794572591389,0.0,0,0.006175788233275359
1690977599999,9954.794572591389,9954.794572591389,0.0,0,0.006175788233275359
1690991999999,9954.794572591389,9954.794572591389,0.0,0,0.006175788233275359
1691006399999,9954.794572591389,9954.794572591389,0.0,0,0.006175788233275359
1691020799999,9954.794572591389,9954.794572591389,0.0,0,0.006175788233275359
1691035199999,9954.794572591389,9954.794572591389,0.0,0,0.006175788233275359
1691049599999,9954.794572591389,9954.794572591389,0.0,0,0.006175788233275359
1691063999999,9954.794572591389,9954.794572591389,0.0,0,0.006175788233275359
1691078399999,9954.794572591389,9954.794572591389,0.0,0,0.006175788233275359
1691092799999,9954.794572591389,9954.794572591389,0.0,0,0.006175788233275359
1691107199999,9954.794572591389,9954.794572591389,0.0,0,0.006175788233275359
1691121599999,9954.794572591389,9954.794572591389,0.0,0,0.006175788233275359
1691135999999,9954.794572591389,9954.794572591389,0.0,0,0.006175788233275359
1691150399999,9954.794572591389,9954.794572591389,0.0,0,0.006175788233275359
1691164799999,9954.794572591389,9954.794572591389,0.0,0,0.006175788233275359
1691179199999,9954.794572591389,9954.794572591389,0.0,0,0.006175788233275359
1691193599999,9954.794572591389,9954.794572591389,0.0,0,0.006175788233275359
1691207999999,9954.794572591389,9954.794572591389,0.0,0,0.006175788233275359
1691222399999,9954.794572591389,9954.794572591389,0.0,0,0.006175788233275359
1691236799999,9954.794572591389,9954.794572591389,0.0,0,0.006175788233275359
1691251199999,9954.794572591389,9954.794572591389,0.0,0,0.006175788233275359
1691265599999,9954.794572591389,9954.794572591389,0.0,0,0.006175788233275359
1691279999999,9954.794572591389,9954.794572591389,0.0,0,0.006175788233275359
1691294399999,9954.794572591389,9954.794572591389,0.0,0,0.006175788233275359
1691308799999,9954.794572591389,9954.794572591389,0.0,0,0.006175788233275359
1691323199999,9954.794572591389,9954.794572591389,0.0,0,0.006175788233275359
1691337599999,9954.794572591389,9954.794572591389,0.0,0,0.006175788233275359
1691351999999,9954.794572591389,9954.794572591389,0.0,0,0.006175788233275359
1691366399999,9954.794572591389,9954.794572591389,0.0,0,0.006175788233275359
1691380799999,9954.794572591389,9954.794572591389,0.0,0,0.006175788233275359
1691395199999,9954.794572591389,9954.794572591389,0.0,0,0.006175788233275359
1691409599999,9954.794572591389,9954.794572591389,0.0,0,0.006175788233275359
1691423999999,9954.794572591389,9954.794572591389,0.0,0,0.006175788233275359
1691438399999,9954.794572591389,9954.794572591389,0.0,0,0.006175788233275359
1691452799999,9954.794572591389,9954.794572591389,0.0,0,0.006175788233275359
1691467199999,9954.794572591389,9954.794572591389,0.0,0,0.006175788233275359
1691481599999,9954.794572591389,9954.794572591389,0.0,0,0.006175788233275359
1691495999999,9954.794572591389,9954.794572591389,0.0,0,0.006175788233275359
1691510399999,9954.794572591389,9954.794572591389,0.0,0,0.006175788233275359
1691524799999,9954.794572591389,9954.794572591389,0.0,0,0.006175788233275359
1691539199999,9954.794572591389,9954.794572591389,0.0,0,0.006175788233275359
1691553599999,9954.794572591389,9954.794572591389,0.0,0,0.006175788233275359
1691567999999,9954.794572591389,9954.794572591389,0.0,0,0.006175788233275359
1691582399999,9954.794572591389,9954.794572591389,0.0,0,0.006175788233275359
1691596799999,9954.794572591389,9954.794572591389,0.0,0,0.006175788233275359
1691611199999,9954.794572591389,9954.794572591389,0.0,0,0.006175788233275359
1691625599999,9954.794572591389,9954.794572591389,0.0,0,0.006175788233275359
1691639999999,9954.794572591389,9954.794572591389,0.0,0,0.006175788233275359
1691654399999,9954.794572591389,9954.794572591389,0.0,0,0.006175788233275359
1691668799999,9954.794572591389,9954.794572591389,0.0,0,0.006175788233275359
1691683199999,9954.794572591389,9954.794572591389,0.0,0,0.006175788233275359
1691697599999,9954.794572591389,9954.794572591389,0.0,0,0.006175788233275359
1691711999999,9954.794572591389,9954.794572591389,0.0,0,0.006175788233275359
1691726399999,9954.794572591389,9954.794572591389,0.0,0,0.006175788233275359
1691740799999,9954.794572591389,9954.794572591389,0.0,0,0.006175788233275359
1691755199999,9954.794572591389,9954.794572591389,0.0,0,0.006175788233275359
1691769599999,9954.794572591389,9954.794572591389,0.0,0,0.006175788233275359
1691783999999,9954.794572591389,9954.794572591389,0.0,0,0.006175788233275359
1691798399999,9954.794572591389,9954.794572591389,0.0,0,0.006175788233275359
1691812799999,9954.794572591389,9954.794572591389,0.0,0,0.006175788233275359
1691827199999,9954.794572591389,9954.794572591389,0.0,0,0.006175788233275359
1691841599999,9954.794572591389,9954.794572591389,0.0,0,0.006175788233275359
1691855999999,9954.794572591389,9954.794572591389,0.0,0,0.006175788233275359
1691870399999,9954.794572591389,9954.794572591389,0.0,0,0.006175788233275359
1691884799999,9954.794572591389,9954.794572591389,0.0,0,0.006175788233275359
1691899199999,9954.794572591389,9954.794572591389,0.0,0,0.006175788233275359
1691913599999,9954.794572591389,9954.794572591389,0.0,0,0.006175788233275359
1691927999999,9954.794572591389,9954.794572591389,0.0,0,0.006175788233275359
1691942399999,9954.794572591389,9954.794572591389,0.0,0,0.006175788233275359
1691956799999,9954.794572591389,9954.794572591389,0.0,0,0.006175788233275359
1691971199999,9954.794572591389,9954.794572591389,0.0,0,0.006175788233275359
1691985599999,9954.794572591389,9954.794572591389,0.0,0,0.006175788233275359
1691999999999,9954.794572591389,9954.794572591389,0.0,0,0.006175788233275359
1692014399999,9954.794572591389,9954.794572591389,0.0,0,0.006175788233275359
1692028799999,9954.794572591389,9954.794572591389,0.0,0,0.006175788233275359
1692043199999,9954.794572591389,9954.794572591389,0.0,0,0.006175788233275359
1692057599999,9954.794572591389,9954.794572591389,0.0,0,0.006175788233275359
1692071999999,9954.794572591389,9954.794572591389,0.0,0,0.006175788233275359
1692086399999,9954.794572591389,9954.794572591389,0.0,0,0.006175788233275359
1692100799999,9954.794572591389,9954.794572591389,0.0,0,0.006175788233275359
1692115199999,9954.794572591389,9954.794572591389,0.0,0,0.006175788233275359
1692129599999,9954.794572591389,9954.794572591389,0.0,0,0.006175788233275359
1692143999999,9954.794572591389,9954.794572591389,0.0,0,0.006175788233275359
1692158399999,9954.794572591389,9954.794572591389,0.0,0,0.006175788233275359
1692172799999,9954.794572591389,9954.794572591389,0.0,0,0.006175788233275359
1692187199999,9954.794572591389,9954.794572591389,0.0,0,0.006175788233275359
1692201599999,9954.794572591389,9954.794572591389,0.0,0,0.006175788233275359
1692215999999,9954.794572591389,9954.794572591389,0.0,0,0.006175788233275359
1692230399999,9954.794572591389,9954.794572591389,0.0,0,0.006175788233275359
1692244799999,9954.794572591389,9954.794572591389,0.0,0,0.006175788233275359
1692259199999,9954.794572591389,9954.794572591389,0.0,0,0.006175788233275359
1692273599999,9954.794572591389,9954.794572591389,0.0,0,0.006175788233275359
1692287999999,9954.794572591389,9954.794572591389,0.0,0,0.006175788233275359
1692302399999,9954.794572591389,9954.794572591389,0.0,0,0.006175788233275359
1692316799999,9954.794572591389,9954.794572591389,0.0,0,0.006175788233275359
1692331199999,9954.794572591389,9954.794572591389,0.0,0,0.006175788233275359
1692345599999,9954.794572591389,9954.794572591389,0.0,0,0.006175788233275359
1692359999999,9954.794572591389,9954.794572591389,0.0,0,0.006175788233275359
1692374399999,9954.794572591389,9954.794572591389,0.0,0,0.006175788233275359
1692388799999,9954.794572591389,9954.794572591389,0.0,0,0.006175788233275359
1692403199999,9954.794572591389,9954.794572591389,0.0,0,0.006175788233275359
1692417599999,9954.794572591389,9954.794572591389,0.0,0,0.006175788233275359
1692431999999,9954.794572591389,9954.794572591389,0.0,0,0.006175788233275359
1692446399999,9954.794572591389,9954.794572591389,0.0,0,0.006175788233275359
1692460799999,9954.794572591389,9954.794572591389,0.0,0,0.006175788233275359
1692475199999,9954.794572591389,9954.794572591389,0.0,0,0.006175788233275359
1692489599999,9954.794572591389,9954.794572591389,0.0,0,0.006175788233275359
1692503999999,9954.794572591389,9954.794572591389,0.0,0,0.006175788233275359
1692518399999,9954.794572591389,9954.794572591389,0.0,0,0.006175788233275359
1692532799999,9954.794572591389,9954.794572591389,0.0,0,0.006175788233275359
1692547199999,9954.794572591389,9954.794572591389,0.0,0,0.006175788233275359
1692561599999,9954.794572591389,9954.794572591389,0.0,0,0.006175788233275359
1692575999999,9954.794572591389,9954.794572591389,0.0,0,0.006175788233275359
1692590399999,9954.794572591389,9954.794572591389,0.0,0,0.006175788233275359
1692604799999,9954.794572591389,9954.794572591389,0.0,0,0.006175788233275359
1692619199999,9954.794572591389,9954.794572591389,0.0,0,0.006175788233275359
1692633599999,9954.794572591389,9954.794572591389,0.0,0,0.006175788233275359
1692647999999,9954.794572591389,9954.794572591389,0.0,0,0.006175788233275359
1692662399999,9954.794572591389,9954.794572591389,0.0,0,0.006175788233275359
1692676799999,9954.794572591389,9954.794572591389,0.0,0,0.006175788233275359
1692691199999,9954.794572591389,9954.794572591389,0.0,0,0.006175788233275359
1692705599999,9954.794572591389,9954.794572591389,0.0,0,0.006175788233275359
1692719999999,9954.794572591389,9954.794572591389,0.0,0,0.006175788233275359
1692734399999,9954.794572591389,9954.794572591389,0.0,0,0.006175788233275359
1692748799999,9954.794572591389,9954.794572591389,0.0,0,0.006175788233275359
1692763199999,9954.794572591389,9954.794572591389,0.0,0,0.006175788233275359
1692777599999,9954.794572591389,9954.794572591389,0.0,0,0.006175788233275359
1692791999999,9954.794572591389,9954.794572591389,0.0,0,0.006175788233275359
1692806399999,9954.794572591389,9954.794572591389,0.0,0,0.006175788233275359
1692820799999,9954.794572591389,9954.794572591389,0.0,0,0.006175788233275359
1692835199999,9954.794572591389,9954.794572591389,0.0,0,0.006175788233275359
1692849599999,9954.794572591389,9954.794572591389,0.0,0,0.006175788233275359
1692863999999,9954.794572591389,9954.794572591389,0.0,0,0.006175788233275359
1692878399999,9954.794572591389,9954.794572591389,0.0,0,0.006175788233275359
1692892799999,9954.794572591389,9954.794572591389,0.0,0,0.006175788233275359
1692907199999,9954.794572591389,9954.794572591389,0.0,0,0.006175788233275359
1692921599999,9954.794572591389,9954.794572591389,0.0,0,0.006175788233275359
1692935999999,9954.794572591389,9954.794572591389,0.0,0,0.006175788233275359
1692950399999,9954.794572591389,9954.794572591389,0.0,0,0.006175788233275359
1692964799999,9954.794572591389,9954.794572591389,0.0,0,0.006175788233275359
1692979199999,9954.794572591389,9954.794572591389,0.0,0,0.006175788233275359
1692993599999,9954.794572591389,9954.794572591389,0.0,0,0.006175788233275359
1693007999999,9954.794572591389,9954.794572591389,0.0,0,0.006175788233275359
1693022399999,9954.794572591389,9954.794572591389,0.0,0,0.006175788233275359
1693036799999,9954.794572591389,9954.794572591389,0.0,0,0.006175788233275359
1693051199999,9954.794572591389,9954.794572591389,0.0,0,0.006175788233275359
1693065599999,9954.794572591389,9954.794572591389,0.0,0,0.006175788233275359
1693079999999,9954.794572591389,9954.794572591389,0.0,0,0.006175788233275359
1693094399999,9954.794572591389,9954.794572591389,0.0,0,0.006175788233275359
1693108799999,9954.794572591389,9954.794572591389,0.0,0,0.006175788233275359
1693123199999,9954.794572591389,9954.794572591389,0.0,0,0.006175788233275359
1693137599999,9954.794572591389,9954.794572591389,0.0,0,0.006175788233275359
1693151999999,9954.794572591389,9954.794572591389,0.0,0,0.006175788233275359
1693166399999,9954.794572591389,9954.794572591389,0.0,0,0.006175788233275359
1693180799999,9954.794572591389,9954.794572591389,0.0,0,0.006175788233275359
1693195199999,9954.794572591389,9954.794572591389,0.0,0,0.006175788233275359
1693209599999,9954.794572591389,9954.794572591389,0.0,0,0.006175788233275359
1693223999999,9954.794572591389,9954.794572591389,0.0,0,0.006175788233275359
1693238399999,9954.794572591389,9954.794572591389,0.0,0,0.006175788233275359
1693252799999,9954.794572591389,9954.794572591389,0.0,0,0.006175788233275359
1693267199999,9954.794572591389,9954.794572591389,0.0,0,0.006175788233275359
1693281599999,9954.794572591389,9954.794572591389,0.0,0,0.006175788233275359
1693295999999,9954.794572591389,9954.794572591389,0.0,0,0.006175788233275359
1693310399999,9954.794572591389,9954.794572591389,0.0,0,0.006175788233275359
1693324799999,9954.794572591389,9954.794572591389,0.0,0,0.006175788233275359
1693339199999,9954.794572591389,9954.794572591389,0.0,0,0.006175788233275359
1693353599999,9954.794572591389,9954.794572591389,0.0,0,0.006175788233275359
1693367999999,9954.794572591389,9954.794572591389,0.0,0,0.006175788233275359
1693382399999,9954.794572591389,9954.794572591389,0.0,0,0.006175788233275359
1693396799999,9954.794572591389,9954.794572591389,0.0,0,0.006175788233275359
1693411199999,9954.794572591389,9954.794572591389,0.0,0,0.006175788233275359
1693425599999,9954.794572591389,9954.794572591389,0.0,0,0.006175788233275359
1693439999999,9954.794572591389,9954.794572591389,0.0,0,0.006175788233275359
1693454399999,9954.794572591389,9954.794572591389,0.0,0,0.006175788233275359
1693468799999,9954.794572591389,9954.794572591389,0.0,0,0.006175788233275359
1693483199999,9954.794572591389,9954.794572591389,0.0,0,0.006175788233275359
1693497599999,9954.794572591389,9954.794572591389,0.0,0,0.006175788233275359
1693511999999,9954.794572591389,9954.794572591389,0.0,0,0.006175788233275359
1693526399999,9954.794572591389,9954.794572591389,0.0,0,0.006175788233275359
1693540799999,9954.794572591389,9954.794572591389,0.0,0,0.006175788233275359
1693555199999,9954.794572591389,9954.794572591389,0.0,0,0.006175788233275359
1693569599999,9954.794572591389,9954.794572591389,0.0,0,0.006175788233275359
1693583999999,9954.794572591389,9954.794572591389,0.0,0,0.006175788233275359
1693598399999,9954.794572591389,9954.794572591389,0.0,0,0.006175788233275359
1693612799999,9954.794572591389,9954.794572591389,0.0,0,0.006175788233275359
1693627199999,9954.794572591389,9954.794572591389,0.0,0,0.006175788233275359
1693641599999,9954.794572591389,9954.794572591389,0.0,0,0.006175788233275359
1693655999999,9954.794572591389,9954.794572591389,0.0,0,0.006175788233275359
1693670399999,9954.794572591389,9954.794572591389,0.0,0,0.006175788233275359
1693684799999,9954.794572591389,9954.794572591389,0.0,0,0.006175788233275359
1693699199999,9954.794572591389,9954.794572591389,0.0,0,0.006175788233275359
1693713599999,9954.794572591389,9954.794572591389,0.0,0,0.006175788233275359
1693727999999,9954.794572591389,9954.794572591389,0.0,0,0.006175788233275359
1693742399999,9954.794572591389,9954.794572591389,0.0,0,0.006175788233275359
1693756799999,9954.794572591389,9954.794572591389,0.0,0,0.006175788233275359
1693771199999,9954.794572591389,9954.794572591389,0.0,0,0.006175788233275359
1693785599999,9954.794572591389,9954.794572591389,0.0,0,0.006175788233275359
1693799999999,9954.794572591389,9954.794572591389,0.0,0,0.006175788233275359
1693814399999,9954.794572591389,9954.794572591389,0.0,0,0.006175788233275359
1693828799999,9954.794572591389,9954.794572591389,0.0,0,0.006175788233275359
1693843199999,9954.794572591389,9954.794572591389,0.0,0,0.006175788233275359
1693857599999,9954.794572591389,9954.794572591389,0.0,0,0.006175788233275359
1693871999999,9954.794572591389,9954.794572591389,0.0,0,0.006175788233275359
1693886399999,9954.794572591389,9954.794572591389,0.0,0,0.006175788233275359
1693900799999,9954.794572591389,9954.794572591389,0.0,0,0.006175788233275359
1693915199999,9954.794572591389,9954.794572591389,0.0,0,0.006175788233275359
1693929599999,9954.794572591389,9954.794572591389,0.0,0,0.006175788233275359
1693943999999,9954.794572591389,9954.794572591389,0.0,0,0.006175788233275359
1693958399999,9954.794572591389,9954.794572591389,0.0,0,0.006175788233275359
1693972799999,9954.794572591389,9954.794572591389,0.0,0,0.006175788233275359
1693987199999,9954.794572591389,9954.794572591389,0.0,0,0.006175788233275359
1694001599999,9954.794572591389,9954.794572591389,0.0,0,0.006175788233275359
1694015999999,9954.794572591389,9954.794572591389,0.0,0,0.006175788233275359
1694030399999,9954.794572591389,9954.794572591389,0.0,0,0.006175788233275359
1694044799999,9954.794572591389,9954.794572591389,0.0,0,0.006175788233275359
1694059199999,9954.794572591389,9954.794572591389,0.0,0,0.006175788233275359
1694073599999,9954.794572591389,9954.794572591389,0.0,0,0.006175788233275359
1694087999999,9954.794572591389,9954.794572591389,0.0,0,0.006175788233275359
1694102399999,9954.794572591389,9954.794572591389,0.0,0,0.006175788233275359
1694116799999,9954.794572591389,9954.794572591389,0.0,0,0.006175788233275359
1694131199999,9954.794572591389,9954.794572591389,0.0,0,0.006175788233275359
1694145599999,9954.794572591389,9954.794572591389,0.0,0,0.006175788233275359
1694159999999,9954.794572591389,9954.794572591389,0.0,0,0.006175788233275359
1694174399999,9954.794572591389,9954.794572591389,0.0,0,0.006175788233275359
1694188799999,9954.794572591389,9954.794572591389,0.0,0,0.006175788233275359
1694203199999,9954.794572591389,9954.794572591389,0.0,0,0.006175788233275359
1694217599999,9954.794572591389,9954.794572591389,0.0,0,0.006175788233275359
1694231999999,9954.794572591389,9954.794572591389,0.0,0,0.006175788233275359
1694246399999,9954.794572591389,9954.794572591389,0.0,0,0.006175788233275359
1694260799999,9954.794572591389,9954.794572591389,0.0,0,0.006175788233275359
1694275199999,9954.794572591389,9954.794572591389,0.0,0,0.006175788233275359
1694289599999,9954.794572591389,9954.794572591389,0.0,0,0.006175788233275359
1694303999999,9954.794572591389,9954.794572591389,0.0,0,0.006175788233275359
1694318399999,9954.794572591389,9954.794572591389,0.0,0,0.006175788233275359
1694332799999,9954.794572591389,9954.794572591389,0.0,0,0.006175788233275359
1694347199999,9954.794572591389,9954.794572591389,0.0,0,0.006175788233275359
1694361599999,9954.794572591389,9954.794572591389,0.0,0,0.006175788233275359
1694375999999,9954.794572591389,9954.794572591389,0.0,0,0.006175788233275359
1694390399999,9954.794572591389,9954.794572591389,0.0,0,0.006175788233275359
1694404799999,9954.794572591389,9954.794572591389,0.0,0,0.006175788233275359
1694419199999,9954.794572591389,9954.794572591389,0.0,0,0.006175788233275359
1694433599999,9954.794572591389,9954.794572591389,0.0,0,0.006175788233275359
1694447999999,9954.794572591389,9954.794572591389,0.0,0,0.006175788233275359
1694462399999,9954.794572591389,9954.794572591389,0.0,0,0.006175788233275359
1694476799999,9954.794572591389,9954.794572591389,0.0,0,0.006175788233275359
1694491199999,9954.794572591389,9954.794572591389,0.0,0,0.006175788233275359
1694505599999,9954.794572591389,9954.794572591389,0.0,0,0.006175788233275359
1694519999999,9954.794572591389,9954.794572591389,0.0,0,0.006175788233275359
1694534399999,9954.794572591389,9954.794572591389,0.0,0,0.006175788233275359
1694548799999,9954.794572591389,9954.794572591389,0.0,0,0.006175788233275359
1694563199999,9954.794572591389,9954.794572591389,0.0,0,0.006175788233275359
1694577599999,9954.794572591389,9954.794572591389,0.0,0,0.006175788233275359
1694591999999,9954.794572591389,9954.794572591389,0.0,0,0.006175788233275359
1694606399999,9954.794572591389,9954.794572591389,0.0,0,0.006175788233275359
1694620799999,9954.794572591389,9954.794572591389,0.0,0,0.006175788233275359
1694635199999,9954.794572591389,9954.794572591389,0.0,0,0.006175788233275359
1694649599999,9954.794572591389,9954.794572591389,0.0,0,0.006175788233275359
1694663999999,9954.794572591389,9954.794572591389,0.0,0,0.006175788233275359
1694678399999,9954.794572591389,9954.794572591389,0.0,0,0.006175788233275359
1694692799999,9954.794572591389,9954.794572591389,0.0,0,0.006175788233275359
1694707199999,9954.794572591389,9954.794572591389,0.0,0,0.006175788233275359
1694721599999,9954.794572591389,9954.794572591389,0.0,0,0.006175788233275359
1694735999999,9954.794572591389,9954.794572591389,0.0,0,0.006175788233275359
1694750399999,9954.794572591389,9954.794572591389,0.0,0,0.006175788233275359
1694764799999,9954.794572591389,9954.794572591389,0.0,0,0.006175788233275359
1694779199999,9954.794572591389,9954.794572591389,0.0,0,0.006175788233275359
1694793599999,9954.794572591389,9954.794572591389,0.0,0,0.006175788233275359
1694807999999,9954.794572591389,9954.794572591389,0.0,0,0.006175788233275359
1694822399999,9954.794572591389,9954.794572591389,0.0,0,0.006175788233275359
1694836799999,9954.794572591389,9954.794572591389,0.0,0,0.006175788233275359
1694851199999,9954.794572591389,9954.794572591389,0.0,0,0.006175788233275359
1694865599999,9954.794572591389,9954.794572591389,0.0,0,0.006175788233275359
1694879999999,9954.794572591389,9954.794572591389,0.0,0,0.006175788233275359
1694894399999,9954.794572591389,9954.794572591389,0.0,0,0.006175788233275359
1694908799999,9954.794572591389,9954.794572591389,0.0,0,0.006175788233275359
1694923199999,9954.794572591389,9954.794572591389,0.0,0,0.006175788233275359
1694937599999,9954.794572591389,9954.794572591389,0.0,0,0.006175788233275359
1694951999999,9954.794572591389,9954.794572591389,0.0,0,0.006175788233275359
1694966399999,9954.794572591389,9954.794572591389,0.0,0,0.006175788233275359
1694980799999,9954.794572591389,9954.794572591389,0.0,0,0.006175788233275359
1694995199999,9954.794572591389,9954.794572591389,0.0,0,0.006175788233275359
1695009599999,9954.794572591389,9954.794572591389,0.0,0,0.006175788233275359
1695023999999,9954.794572591389,9954.794572591389,0.0,0,0.006175788233275359
1695038399999,9954.794572591389,9954.794572591389,0.0,0,0.006175788233275359
1695052799999,9954.794572591389,9954.794572591389,0.0,0,0.006175788233275359
1695067199999,9954.794572591389,9954.794572591389,0.0,0,0.006175788233275359
1695081599999,9954.794572591389,9954.794572591389,0.0,0,0.006175788233275359
1695095999999,9954.794572591389,9954.794572591389,0.0,0,0.006175788233275359
1695110399999,9954.794572591389,9954.794572591389,0.0,0,0.006175788233275359
1695124799999,9954.794572591389,9954.794572591389,0.0,0,0.006175788233275359
1695139199999,9954.794572591389,9954.794572591389,0.0,0,0.006175788233275359
1695153599999,9954.794572591389,9954.794572591389,0.0,0,0.006175788233275359
1695167999999,9954.794572591389,9954.794572591389,0.0,0,0.006175788233275359
1695182399999,9954.794572591389,9954.794572591389,0.0,0,0.006175788233275359
1695196799999,9954.794572591389,9954.794572591389,0.0,0,0.006175788233275359
1695211199999,9954.794572591389,9954.794572591389,0.0,0,0.006175788233275359
1695225599999,9954.794572591389,9954.794572591389,0.0,0,0.006175788233275359
1695239999999,9954.794572591389,9954.794572591389,0.0,0,0.006175788233275359
1695254399999,9954.794572591389,9954.794572591389,0.0,0,0.006175788233275359
1695268799999,9954.794572591389,9954.794572591389,0.0,0,0.006175788233275359
1695283199999,9954.794572591389,9954.794572591389,0.0,0,0.006175788233275359
1695297599999,9954.794572591389,9954.794572591389,0.0,0,0.006175788233275359
1695311999999,9954.794572591389,9954.794572591389,0.0,0,0.006175788233275359
1695326399999,9954.794572591389,9954.794572591389,0.0,0,0.006175788233275359
1695340799999,9954.794572591389,9954.794572591389,0.0,0,0.006175788233275359
1695355199999,9954.794572591389,9954.794572591389,0.0,0,0.006175788233275359
1695369599999,9954.794572591389,9954.794572591389,0.0,0,0.006175788233275359
1695383999999,9954.794572591389,9954.794572591389,0.0,0,0.006175788233275359
1695398399999,9954.794572591389,9954.794572591389,0.0,0,0.006175788233275359
1695412799999,9954.794572591389,9954.794572591389,0.0,0,0.006175788233275359
1695427199999,9954.794572591389,9954.794572591389,0.0,0,0.006175788233275359
1695441599999,9954.794572591389,9954.794572591389,0.0,0,0.006175788233275359
1695455999999,9954.794572591389,9954.794572591389,0.0,0,0.006175788233275359
1695470399999,9954.794572591389,9954.794572591389,0.0,0,0.006175788233275359
1695484799999,9954.794572591389,9954.794572591389,0.0,0,0.006175788233275359
1695499199999,9954.794572591389,9954.794572591389,0.0,0,0.006175788233275359
1695513599999,9954.794572591389,9954.794572591389,0.0,0,0.006175788233275359
1695527999999,9954.794572591389,9954.794572591389,0.0,0,0.006175788233275359
1695542399999,9954.794572591389,9954.794572591389,0.0,0,0.006175788233275359
1695556799999,9954.794572591389,9954.794572591389,0.0,0,0.006175788233275359
1695571199999,9954.794572591389,9954.794572591389,0.0,0,0.006175788233275359
1695585599999,9954.794572591389,9954.794572591389,0.0,0,0.006175788233275359
1695599999999,9954.794572591389,9954.794572591389,0.0,0,0.006175788233275359
1695614399999,9954.794572591389,9954.794572591389,0.0,0,0.006175788233275359
1695628799999,9954.794572591389,9954.794572591389,0.0,0,0.006175788233275359
1695643199999,9954.794572591389,9954.794572591389,0.0,0,0.006175788233275359
1695657599999,9954.794572591389,9954.794572591389,0.0,0,0.006175788233275359
1695671999999,9954.794572591389,9954.794572591389,0.0,0,0.006175788233275359
1695686399999,9954.794572591389,9954.794572591389,0.0,0,0.006175788233275359
1695700799999,9954.794572591389,9954.794572591389,0.0,0,0.006175788233275359
1695715199999,9954.794572591389,9954.794572591389,0.0,0,0.006175788233275359
1695729599999,9954.794572591389,9954.794572591389,0.0,0,0.006175788233275359
1695743999999,9954.794572591389,9954.794572591389,0.0,0,0.006175788233275359
1695758399999,9954.794572591389,9954.794572591389,0.0,0,0.006175788233275359
1695772799999,9954.794572591389,9954.794572591389,0.0,0,0.006175788233275359
1695787199999,9954.794572591389,9954.794572591389,0.0,0,0.006175788233275359
1695801599999,9954.794572591389,9954.794572591389,0.0,0,0.006175788233275359
1695815999999,9954.794572591389,9954.794572591389,0.0,0,0.006175788233275359
1695830399999,9954.794572591389,9954.794572591389,0.0,0,0.006175788233275359
1695844799999,9954.794572591389,9954.794572591389,0.0,0,0.006175788233275359
1695859199999,9954.794572591389,9954.794572591389,0.0,0,0.006175788233275359
1695873599999,9954.794572591389,9954.794572591389,0.0,0,0.006175788233275359
1695887999999,9954.794572591389,9954.794572591389,0.0,0,0.006175788233275359
1695902399999,9954.794572591389,9954.794572591389,0.0,0,0.006175788233275359
1695916799999,9954.794572591389,9954.794572591389,0.0,0,0.006175788233275359
1695931199999,9954.794572591389,9954.794572591389,0.0,0,0.006175788233275359
1695945599999,9954.794572591389,9954.794572591389,0.0,0,0.006175788233275359
1695959999999,9954.794572591389,9954.794572591389,0.0,0,0.006175788233275359
1695974399999,9954.794572591389,9954.794572591389,0.0,0,0.006175788233275359
1695988799999,9954.794572591389,9954.794572591389,0.0,0,0.006175788233275359
1696003199999,9954.794572591389,9954.794572591389,0.0,0,0.006175788233275359
1696017599999,9904.757072591388,9953.521778473742,196.078431372549,1,0.006302856009660629
1696031999999,9953.485204944329,9953.485204944329,0.0,0,0.006306507281294116
1696046399999,9953.485204944329,9953.485204944329,0.0,0,0.006306507281294116
1696060799999,9953.485204944329,9953.485204944329,0.0,0,0.006306507281294116
1696075199999,9953.485204944329,9953.485204944329,0.0,0,0.006306507281294116
1696089599999,9953.485204944329,9953.485204944329,0.0,0,0.006306507281294116
1696103999999,9953.485204944329,9953.485204944329,0.0,0,0.006306507281294116
1696118399999,9953.485204944329,9953.485204944329,0.0,0,0.006306507281294116
1696132799999,9953.485204944329,9953.485204944329,0.0,0,0.006306507281294116
1696147199999,9953.485204944329,9953.485204944329,0.0,0,0.006306507281294116
1696161599999,9953.485204944329,9953.485204944329,0.0,0,0.006306507281294116
1696175999999,9903.447704944329,9953.104455516412,190.69412662090008,1,0.006344518914514818
1696190399999,9903.447704944329,9953.085386103749,190.69412662090008,1,0.006346422684991526
1696204799999,9903.447704944329,9954.153273212825,190.69412662090008,1,0.006239811538302886
1696219199999,9853.410204944328,9953.661291520753,378.7347433941231,2,0.006288927902659891
1696233599999,9853.410204944328,9954.343014058863,378.7347433941231,2,0.0062208690030874925
1696247999999,9853.410204944328,9954.53238143056,378.7347433941231,2,0.006201963753206252
1696262399999,9853.410204944328,9953.358303726038,378.7347433941231,2,0.00631917630246992
1696276799999,9853.410204944328,9952.52508729057,378.7347433941231,2,0.006402359401947333
1696291199999,9853.410204944328,9951.540376957746,378.7347433941231,2,0.00650066670132976
1696305599999,9853.410204944328,9952.979568982642,378.7347433941231,2,0.0063569868022325116
1696319999999,9853.410204944328,9952.941695508303,378.7347433941231,2,0.006360767852208737
1696334399999,9853.410204944328,9952.259972970194,378.7347433941231,2,0.006428826751781136
1696348799999,9853.410204944328,9952.56296076491,378.7347433941231,2,0.006398578351971107
1696363199999,9853.410204944328,9951.691870855104,378.7347433941231,2,0.006485542501424746
1696377599999,9853.410204944328,9952.259972970194,378.7347433941231,2,0.006428826751781136
1696391999999,9853.410204944328,9950.290552304545,378.7347433941231,2,0.00662544135054588
1696406399999,9853.410204944328,9950.51779315058,378.7347433941231,2,0.006602755050688525
1696420799999,9853.410204944328,9950.555666624921,378.7347433941231,2,0.006598974000712188
1696435199999,9853.410204944328,9950.139058407187,378.7347433941231,2,0.006640565550450894
1696449599999,9853.410204944328,9950.6314135736,378.7347433941231,2,0.006591411900759736
1696463999999,9853.410204944328,9951.464630009066,378.7347433941231,2,0.006508228801282323
1696478399999,9853.410204944328,9951.085895265673,378.7347433941231,2,0.006546039301044693
1696492799999,9853.410204944328,9951.085895265673,378.7347433941231,2,0.006546039301044693
1696507199999,9853.410204944328,9952.335719918872,378.7347433941231,2,0.006421264651828684
1696521599999,9853.410204944328,9951.8812382268,378.7347433941231,2,0.0064666372515435055
1696535999999,9853.410204944328,9952.600834239249,378.7347433941231,2,0.006394797301994881
1696550399999,9853.410204944328,9951.956985175479,378.7347433941231,2,0.006459075151591165
1696564799999,9853.410204944328,9952.676581187929,378.7347433941231,2,0.006387235202042318
1696579199999,9853.410204944328,9953.282556777358,378.7347433941231,2,0.006326738402422483
1696593599999,9853.410204944328,9953.282556777358,378.7347433941231,2,0.006326738402422483
1696607999999,9853.410204944328,9953.471924149055,378.7347433941231,2,0.006307833152541242
1696622399999,9853.410204944328,9954.002152789808,378.7347433941231,2,0.006254898452873747
1696636799999,9853.410204944328,9953.623418046413,378.7347433941231,2,0.006292708952636339
1696651199999,9853.410204944328,9953.168936354341,378.7347433941231,2,0.00633808155235116
1696665599999,9853.410204944328,9952.032732124158,378.7347433941231,2,0.006451513051638491
1696679999999,9853.410204944328,9951.010148316993,378.7347433941231,2,0.006553601400997366
1696694399999,9950.89910329023,9950.89910329023,0.0,0,0.00656468743952765
1696708799999,9950.89910329023,9950.89910329023,0.0,0,0.00656468743952765
1696723199999,9950.89910329023,9950.89910329023,0.0,0,0.00656468743952765
1696737599999,9950.89910329023,9950.89910329023,0.0,0,0.00656468743952765
1696751999999,9950.89910329023,9950.89910329023,0.0,0,0.00656468743952765
1696766399999,9950.89910329023,9950.89910329023,0.0,0,0.00656468743952765
1696780799999,9950.89910329023,9950.89910329023,0.0,0,0.00656468743952765
1696795199999,9950.89910329023,9950.89910329023,0.0,0,0.00656468743952765
1696809599999,9950.89910329023,9950.89910329023,0.0,0,0.00656468743952765
1696823999999,9950.89910329023,9950.89910329023,0.0,0,0.00656468743952765
1696838399999,9950.89910329023,9950.89910329023,0.0,0,0.00656468743952765
1696852799999,9950.89910329023,9950.89910329023,0.0,0,0.00656468743952765
1696867199999,9950.89910329023,9950.89910329023,0.0,0,0.00656468743952765
1696881599999,9950.89910329023,9950.89910329023,0.0,0,0.00656468743952765
1696895999999,9950.89910329023,9950.89910329023,0.0,0,0.00656468743952765
1696910399999,9950.89910329023,9950.89910329023,0.0,0,0.00656468743952765
1696924799999,9950.89910329023,9950.89910329023,0.0,0,0.00656468743952765
1696939199999,9950.89910329023,9950.89910329023,0.0,0,0.00656468743952765
1696953599999,9950.89910329023,9950.89910329023,0.0,0,0.00656468743952765
1696967999999,9950.89910329023,9950.89910329023,0.0,0,0.00656468743952765
1696982399999,9950.89910329023,9950.89910329023,0.0,0,0.00656468743952765
1696996799999,9950.89910329023,9950.89910329023,0.0,0,0.00656468743952765
1697011199999,9950.89910329023,9950.89910329023,0.0,0,0.00656468743952765
1697025599999,9950.89910329023,9950.89910329023,0.0,0,0.00656468743952765
1697039999999,9950.89910329023,9950.89910329023,0.0,0,0.00656468743952765
1697054399999,9950.89910329023,9950.89910329023,0.0,0,0.00656468743952765
1697068799999,9950.89910329023,9950.89910329023,0.0,0,0.00656468743952765
1697083199999,9950.89910329023,9950.89910329023,0.0,0,0.00656468743952765
1697097599999,9950.89910329023,9950.89910329023,0.0,0,0.00656468743952765
1697111999999,9950.89910329023,9950.89910329023,0.0,0,0.00656468743952765
1697126399999,9950.89910329023,9950.89910329023,0.0,0,0.00656468743952765
1697140799999,9950.89910329023,9950.89910329023,0.0,0,0.00656468743952765
1697155199999,9950.89910329023,9950.89910329023,0.0,0,0.00656468743952765
1697169599999,9950.89910329023,9950.89910329023,0.0,0,0.00656468743952765
1697183999999,9950.89910329023,9950.89910329023,0.0,0,0.00656468743952765
1697198399999,9950.89910329023,9950.89910329023,0.0,0,0.00656468743952765
1697212799999,9950.89910329023,9950.89910329023,0.0,0,0.00656468743952765
1697227199999,9950.89910329023,9950.89910329023,0.0,0,0.00656468743952765
1697241599999,9950.89910329023,9950.89910329023,0.0,0,0.00656468743952765
1697255999999,9950.89910329023,9950.89910329023,0.0,0,0.00656468743952765
1697270399999,9950.89910329023,9950.89910329023,0.0,0,0.00656468743952765
1697284799999,9950.89910329023,9950.89910329023,0.0,0,0.00656468743952765
1697299199999,9950.89910329023,9950.89910329023,0.0,0,0.00656468743952765
1697313599999,9950.89910329023,9950.89910329023,0.0,0,0.00656468743952765
1697327999999,9950.89910329023,9950.89910329023,0.0,0,0.00656468743952765
1697342399999,9950.89910329023,9950.89910329023,0.0,0,0.00656468743952765
1697356799999,9950.89910329023,9950.89910329023,0.0,0,0.00656468743952765
1697371199999,9950.89910329023,9950.89910329023,0.0,0,0.00656468743952765
1697385599999,9950.89910329023,9950.89910329023,0.0,0,0.00656468743952765
1697399999999,9950.89910329023,9950.89910329023,0.0,0,0.00656468743952765
1697414399999,9950.89910329023,9950.89910329023,0.0,0,0.00656468743952765
1697428799999,9950.89910329023,9950.89910329023,0.0,0,0.00656468743952765
1697443199999,9950.89910329023,9950.89910329023,0.0,0,0.00656468743952765
1697457599999,9950.89910329023,9950.89910329023,0.0,0,0.00656468743952765
1697471999999,9950.89910329023,9950.89910329023,0.0,0,0.00656468743952765
1697486399999,9950.89910329023,9950.89910329023,0.0,0,0.00656468743952765
1697500799999,9950.89910329023,9950.89910329023,0.0,0,0.00656468743952765
1697515199999,9950.89910329023,9950.89910329023,0.0,0,0.00656468743952765
1697529599999,9950.89910329023,9950.89910329023,0.0,0,0.00656468743952765
1697543999999,9950.89910329023,9950.89910329023,0.0,0,0.00656468743952765
1697558399999,9950.89910329023,9950.89910329023,0.0,0,0.00656468743952765
1697572799999,9950.89910329023,9950.89910329023,0.0,0,0.00656468743952765
1697587199999,9950.89910329023,9950.89910329023,0.0,0,0.00656468743952765
1697601599999,9950.89910329023,9950.89910329023,0.0,0,0.00656468743952765
1697615999999,9950.89910329023,9950.89910329023,0.0,0,0.00656468743952765
1697630399999,9950.89910329023,9950.89910329023,0.0,0,0.00656468743952765
1697644799999,9950.89910329023,9950.89910329023,0.0,0,0.00656468743952765
1697659199999,9950.89910329023,9950.89910329023,0.0,0,0.00656468743952765
1697673599999,9950.89910329023,9950.89910329023,0.0,0,0.00656468743952765
1697687999999,9950.89910329023,9950.89910329023,0.0,0,0.00656468743952765
1697702399999,9950.89910329023,9950.89910329023,0.0,0,0.00656468743952765
1697716799999,9950.89910329023,9950.89910329023,0.0,0,0.00656468743952765
1697731199999,9950.89910329023,9950.89910329023,0.0,0,0.00656468743952765
1697745599999,9950.89910329023,9950.89910329023,0.0,0,0.00656468743952765
1697759999999,9950.89910329023,9950.89910329023,0.0,0,0.00656468743952765
1697774399999,9950.89910329023,9950.89910329023,0.0,0,0.00656468743952765
1697788799999,9950.89910329023,9950.89910329023,0.0,0,0.00656468743952765
1697803199999,9950.89910329023,9950.89910329023,0.0,0,0.00656468743952765
1697817599999,9950.89910329023,9950.89910329023,0.0,0,0.00656468743952765
1697831999999,9950.89910329023,9950.89910329023,0.0,0,0.00656468743952765
1697846399999,9950.89910329023,9950.89910329023,0.0,0,0.00656468743952765
1697860799999,9950.89910329023,9950.89910329023,0.0,0,0.00656468743952765
1697875199999,9950.89910329023,9950.89910329023,0.0,0,0.00656468743952765
1697889599999,9950.89910329023,9950.89910329023,0.0,0,0.00656468743952765
1697903999999,9900.86160329023,9951.46565629101,194.85580670303975,1,0.006508126343734211
1697918399999,9900.86160329023,9951.660512097713,194.85580670303975,1,0.006488673162948544
1697932799999,9900.86160329023,9951.251314903637,194.85580670303975,1,0.006529524842598389
1697947199999,9900.86160329023,9951.329257226318,194.85580670303975,1,0.006521743570284122
1697961599999,9900.86160329023,9951.036973516262,194.85580670303975,1,0.006550923341462789
1697975999999,9900.86160329023,9950.92006003224,194.85580670303975,1,0.006562595249934189
1697990399999,9900.86160329023,9951.017487935593,194.85580670303975,1,0.0065528686595413
1698004799999,9900.86160329023,9951.602055355701,194.85580670303975,1,0.0064945091171844105
1698019199999,9900.86160329023,9952.284050679162,194.85580670303975,1,0.006426422984434521
1698033599999,9900.86160329023,9952.79067577659,194.85580670303975,1,0.006375844714391676
1698047999999,9850.82410329023,9951.529261960619,382.4730674910322,2,0.006501776352882849
1698062399999,9850.82410329023,9952.141218868604,382.4730674910322,2,0.00644068241595841
1698076799999,9850.82410329023,9951.91173502811,382.4730674910322,2,0.006463592642305005
1698091199999,9850.82410329023,9953.977089592561,382.4730674910322,2,0.006257400605184982
1698105599999,9800.78660329023,9960.186096264142,567.8642428710841,3,0.005637532348111374
1698119999999,9800.78660329023,9961.094679052736,567.8642428710841,3,0.0055468251449526385
1698134399999,9800.78660329023,9959.788591294133,567.8642428710841,3,0.005677216749493175
1698148799999,9800.78660329023,9963.593281721369,567.8642428710841,3,0.005297380336266255
1698163199999,9800.78660329023,9958.539289959817,567.8642428710841,3,0.005801939153836311
1698177599999,9800.78660329023,9958.880008505539,567.8642428710841,3,0.00576792395265191
1698191999999,9800.78660329023,9959.334299899836,567.8642428710841,3,0.005722570351072598
1698206399999,9800.78660329023,9959.902164142708,567.8642428710841,3,0.005665878349098263
1698220799999,9800.78660329023,9958.766435656966,567.8642428710841,3,0.00577926235304671
1698235199999,9800.78660329023,9959.561445596984,567.8642428710841,3,0.005699893550282886
1698249599999,9800.78660329023,9964.55865093425,567.8642428710841,3,0.00520100393291012
1698263999999,9800.78660329023,9960.015736991281,567.8642428710841,3,0.005654539948703574
1698278399999,9800.78660329023,9960.24288268843,567.8642428710841,3,0.0056318631479138626
1698292799999,9800.78660329023,9965.467233722844,567.8642428710841,3,0.005110296729751496
1698307199999,9800.78660329023,9968.533700634347,567.8642428710841,3,0.004804159919091
1698321599999,9800.78660329023,9965.012942328547,567.8642428710841,3,0.005155650331330808
1698335999999,9800.78660329023,9963.082203902784,567.8642428710841,3,0.0053484031380430785
1698350399999,9800.78660329023,9961.946475417042,567.8642428710841,3,0.005461787141991414
1698364799999,9800.78660329023,9963.877213842805,567.8642428710841,3,0.0052690343352791436
1698379199999,9800.78660329023,9962.741485357063,567.8642428710841,3,0.005382418339227479
1698393599999,9800.78660329023,9960.8107469313,567.8642428710841,3,0.00557517114593975
1698407999999,9800.78660329023,9962.855058205636,567.8642428710841,3,0.00537107993883279
1698422399999,9800.78660329023,9966.489389360011,567.8642428710841,3,0.005008251126198071
1698436799999,9800.78660329023,9965.240088025696,567.8642428710841,3,0.005132973530541096
1698451199999,9800.78660329023,9965.069728752835,567.8642428710841,3,0.005149981131133297
1698465599999,9800.78660329023,9968.931205604358,567.8642428710841,3,0.004764475517708866
1698479999999,9800.78660329023,9967.341185724319,567.8642428710841,3,0.004923213123236625
1698494399999,9800.78660329023,9966.830107905735,567.8642428710841,3,0.004974235925013448
1698508799999,9800.78660329023,9967.227612875744,567.8642428710841,3,0.004934551523631536
1698523199999,9800.78660329023,9965.467233722844,567.8642428710841,3,0.005110296729751496
1698537599999,9800.78660329023,9965.978311541428,567.8642428710841,3,0.005059273927974672
1698551999999,9800.78660329023,9965.694379419992,567.8642428710841,3,0.005087619928961784
1698566399999,9800.78660329023,9966.659748632874,567.8642428710841,3,0.004991243525605649
1698580799999,9800.78660329023,9968.420127785774,567.8642428710841,3,0.004815498319485689
1698595199999,9800.78660329023,9969.27192415008,567.8642428710841,3,0.004730460316524465
1698609599999,9800.78660329023,9969.101564877219,567.8642428710841,3,0.004747467917116666
1698623999999,9800.78660329023,9968.533700634347,567.8642428710841,3,0.004804159919091
1698638399999,9800.78660329023,9967.51154499718,567.8642428710841,3,0.0049062055226444246
1698652799999,9800.78660329023,9967.454758572892,567.8642428710841,3,0.004911874722841825
1698667199999,9800.78660329023,9971.486594697277,567.8642428710841,3,0.004509361508825194
1698681599999,9800.78660329023,9972.111245364435,567.8642428710841,3,0.004447000306653681
1698695999999,9800.78660329023,9971.713740394425,567.8642428710841,3,0.004486684708035593
1698710399999,9800.78660329023,9972.906255304455,567.8642428710841,3,0.004367631503889746
1698724799999,9800.78660329023,9971.03230330298,567.8642428710841,3,0.004554715110404617
1698739199999,9800.78660329023,9969.215137725792,567.8642428710841,3,0.004736129516721976
1698753599999,9800.78660329023,9971.543381121564,567.8642428710841,3,0.004503692308627794
1698767999999,9800.78660329023,9965.183301601408,567.8642428710841,3,0.005138642730738607
1698782399999,9800.78660329023,9966.773321481447,567.8642428710841,3,0.004979905125210848
1698796799999,9800.78660329023,9967.170826451456,567.8642428710841,3,0.004940220723829047
1698811199999,9800.78660329023,9964.842583055686,567.8642428710841,3,0.005172657931923008
1698825599999,9964.719541070861,9964.719541070861,0.0,0,0.005184941671450893
1698839999999,9964.719541070861,9964.719541070861,0.0,0,0.005184941671450893
1698854399999,9964.719541070861,9964.719541070861,0.0,0,0.005184941671450893
1698868799999,9964.719541070861,9964.719541070861,0.0,0,0.005184941671450893
1698883199999,9964.719541070861,9964.719541070861,0.0,0,0.005184941671450893
1698897599999,9914.68204107086,9965.105218154195,162.76041666666669,1,0.005146438092040406
1698911999999,9914.68204107086,9964.63321294586,162.76041666666669,1,0.0051935601296376754
1698926399999,9914.68204107086,9965.202874404195,162.76041666666669,1,0.00513668870495132
1698940799999,9914.68204107086,9963.55899419586,162.76041666666669,1,0.005300803387617403
1698955199999,9914.68204107086,9967.448968154195,162.76041666666669,1,0.004912452801902778
1698969599999,9864.64454107086,9967.031084710332,316.9862032181781,2,0.004954171662214679
1698983999999,9864.64454107086,9964.938975769091,316.9862032181781,2,0.005163034688397294
1698998399999,9864.64454107086,9967.031084710332,316.9862032181781,2,0.004954171662214679
1699012799999,9864.64454107086,9965.541249555206,316.9862032181781,2,0.005102907453587102
1699027199999,9864.64454107086,9966.270317822607,316.9862032181781,2,0.005030121853553893
1699041599999,9864.64454107086,9966.935988849365,316.9862032181781,2,0.004963665436132136
1699055999999,9864.64454107086,9968.996399170284,316.9862032181781,2,0.004757967001255192
1699070399999,9864.64454107086,9968.077139180952,316.9862032181781,2,0.004849740149123316
1699084799999,9864.64454107086,9967.728454357411,316.9862032181781,2,0.004884550653487141
1699099199999,9864.64454107086,9967.791851598055,316.9862032181781,2,0.004878221470875577
1699113599999,9864.64454107086,9966.65070126647,316.9862032181781,2,0.004992146757884286
1699127999999,9864.64454107086,9967.379769533873,316.9862032181781,2,0.0049193611578508545
1699142399999,9864.64454107086,9968.552618485779,316.9862032181781,2,0.004802271279536363
1699156799999,9864.64454107086,9969.725467437685,316.9862032181781,2,0.004685181401221983
1699171199999,9864.64454107086,9970.83491914895,316.9862032181781,2,0.0045744207055188335
1699185599999,9864.64454107086,9973.402507395018,316.9862032181781,2,0.004318088809749265
1699199999999,9814.60704107086,9972.65642785709,462.6738489058238,3,0.004392572708265763
1699214399999,9814.60704107086,9974.090716788698,462.6738489058238,3,0.004249382303229465
1699228799999,9814.60704107086,9972.795230011761,462.6738489058238,3,0.004378715572294523
1699243199999,9814.60704107086,9974.507123252713,462.6738489058238,3,0.0042078108953157445
1699257599999,9814.60704107086,9974.18325155848,462.6738489058238,3,0.004240144212582009
1699271999999,9814.60704107086,9977.329433731038,462.6738489058238,3,0.003926049130567266
1699286399999,9814.60704107086,9977.46823588571,462.6738489058238,3,0.003912191994596026
1699300799999,9814.60704107086,9984.778482698423,462.6738489058238,3,0.003182382833443964
1699315199999,9814.60704107086,9982.28004391433,462.6738489058238,3,0.0034318112809264
1699329599999,9814.60704107086,9979.596535590677,462.6738489058238,3,0.003699715909703638
1699343999999,9814.60704107086,9977.930909734616,462.6738489058238,3,0.0038660015413585214
1699358399999,9814.60704107086,9974.322053713151,462.6738489058238,3,0.0042262870766107685
1699372799999,9814.60704107086,9971.96241708373,462.6738489058238,3,0.004461858388121964
1699387199999,9814.60704107086,9977.236898961257,462.6738489058238,3,0.003935287221214834
1699401599999,9814.60704107086,9977.098096806585,462.6738489058238,3,0.003949144357186074
1699415999999,9814.60704107086,9978.717455277756,462.6738489058238,3,0.0037874777708548635
1699430399999,9814.60704107086,9979.411466051115,462.6738489058238,3,0.003718192090998662
1699444799999,9814.60704107086,9978.9950595871,462.6738489058238,3,0.003759763498912383
1699459199999,9814.60704107086,9978.9950595871,462.6738489058238,3,0.003759763498912383
1699473599999,9814.60704107086,9979.920407284912,462.6738489058238,3,0.0036673825924373737
1699487999999,9814.60704107086,9980.105476824472,462.6738489058238,3,0.0036489064111425717
1699502399999,9814.60704107086,9983.80686761572,462.6738489058238,3,0.003279382785242646
1699516799999,9814.60704107086,9983.991937155282,462.6738489058238,3,0.003260906603947733
1699531199999,9814.60704107086,9987.508258406966,462.6738489058238,3,0.0029098591593429424
1699545599999,9814.60704107086,9989.220151647918,462.6738489058238,3,0.0027389544823642753
1699559999999,9814.60704107086,9981.956172220096,462.6738489058238,3,0.0034641445981926644
1699574399999,9814.60704107086,9985.056087007766,462.6738489058238,3,0.0031546685615014836
1699588799999,9814.60704107086,9986.721712863826,462.6738489058238,3,0.0029883829298467113
1699603199999,9814.60704107086,9988.248536565216,462.6738489058238,3,0.0028359544341629572
1699617599999,9814.60704107086,9989.682825496824,462.6738489058238,3,0.0026927640291267707
1699631999999,9814.60704107086,9984.59341315886,462.6738489058238,3,0.003200859014738988
1699646399999,9814.60704107086,9987.369456252294,462.6738489058238,3,0.0029237162953141826
1699660799999,9814.60704107086,9993.152879363617,462.6738489058238,3,0.002346335629845875
1699675199999,9814.60704107086,9987.739595331419,462.6738489058238,3,0.0028867639327242456
1699689599999,9814.60704107086,9989.636558111933,462.6738489058238,3,0.0026973830744505545
1699703999999,9814.60704107086,9990.006697191058,462.6738489058238,3,0.0026604307118605064
1699718399999,9814.60704107086,9993.939424906757,462.6738489058238,3,0.002267811859342106
1699732799999,9814.60704107086,9995.281179068585,462.6738489058238,3,0.002133859544953376
1699747199999,9814.60704107086,9992.458868590258,462.6738489058238,3,0.0024156213097020762
1699761599999,9814.60704107086,9990.793242734198,462.6738489058238,3,0.0025819069413568485
1699775999999,9814.60704107086,9994.078227061429,462.6738489058238,3,0.0022539547233708657
1699790399999,9814.60704107086,9993.523018442742,462.6738489058238,3,0.0023093832672558268
1699804799999,9814.60704107086,9993.106611978727,462.6738489058238,3,0.0023509546751695476
1699819199999,9814.60704107086,9990.700707964417,462.6738489058238,3,0.002591145032004305
1699833599999,9814.60704107086,9991.996194741352,462.6738489058238,3,0.002461811762939581
1699847999999,9814.60704107086,9988.850012568793,462.6738489058238,3,0.0027759068449542124
1699862399999,9814.60704107086,9989.081349493246,462.6738489058238,3,0.0027528116183355156
1699876799999,9814.60704107086,9984.824750083313,462.6738489058238,3,0.0031777637881201803
1699891199999,9814.60704107086,9985.611295626451,462.6738489058238,3,0.0030992400176166335
1699905599999,9814.60704107086,9984.824750083313,462.6738489058238,3,0.0031777637881201803
1699919999999,9814.60704107086,9979.689070360459,462.6738489058238,3,0.0036904778190560705
1699934399999,9979.565258838491,9979.565258838491,0.0,0,0.0037028383843424884
1699948799999,9979.565258838491,9979.565258838491,0.0,0,0.0037028383843424884
1699963199999,9979.565258838491,9979.565258838491,0.0,0,0.0037028383843424884
1699977599999,9979.565258838491,9979.565258838491,0.0,0,0.0037028383843424884
1699991999999,9979.565258838491,9979.565258838491,0.0,0,0.0037028383843424884
1700006399999,9979.565258838491,9979.565258838491,0.0,0,0.0037028383843424884
1700020799999,9979.565258838491,9979.565258838491,0.0,0,0.0037028383843424884
1700035199999,9979.565258838491,9979.565258838491,0.0,0,0.0037028383843424884
1700049599999,9979.565258838491,9979.565258838491,0.0,0,0.0037028383843424884
1700063999999,9979.565258838491,9979.565258838491,0.0,0,0.0037028383843424884
1700078399999,9979.565258838491,9979.565258838491,0.0,0,0.0037028383843424884
1700092799999,9979.565258838491,9979.565258838491,0.0,0,0.0037028383843424884
1700107199999,9979.565258838491,9979.565258838491,0.0,0,0.0037028383843424884
1700121599999,9979.565258838491,9979.565258838491,0.0,0,0.0037028383843424884
1700135999999,9929.52775883849,9979.085951214154,126.23074981065388,1,0.0037506894493219978
1700150399999,9929.52775883849,9977.848889866009,126.23074981065388,1,0.003874189890266555
1700164799999,9929.52775883849,9975.854444019,126.23074981065388,1,0.004073302846074989
1700179199999,9975.819699005115,9975.819699005115,0.0,0,0.004076771570194371
1700193599999,9975.819699005115,9975.819699005115,0.0,0,0.004076771570194371
1700207999999,9975.819699005115,9975.819699005115,0.0,0,0.004076771570194371
1700222399999,9975.819699005115,9975.819699005115,0.0,0,0.004076771570194371
1700236799999,9975.819699005115,9975.819699005115,0.0,0,0.004076771570194371
1700251199999,9975.819699005115,9975.819699005115,0.0,0,0.004076771570194371
1700265599999,9975.819699005115,9975.819699005115,0.0,0,0.004076771570194371
1700279999999,9975.819699005115,9975.819699005115,0.0,0,0.004076771570194371
1700294399999,9975.819699005115,9975.819699005115,0.0,0,0.004076771570194371
1700308799999,9975.819699005115,9975.819699005115,0.0,0,0.004076771570194371
1700323199999,9975.819699005115,9975.819699005115,0.0,0,0.004076771570194371
1700337599999,9975.819699005115,9975.819699005115,0.0,0,0.004076771570194371
1700351999999,9975.819699005115,9975.819699005115,0.0,0,0.004076771570194371
1700366399999,9975.819699005115,9975.819699005115,0.0,0,0.004076771570194371
1700380799999,9975.819699005115,9975.819699005115,0.0,0,0.004076771570194371
1700395199999,9975.819699005115,9975.819699005115,0.0,0,0.004076771570194371
1700409599999,9975.819699005115,9975.819699005115,0.0,0,0.004076771570194371
1700423999999,9975.819699005115,9975.819699005115,0.0,0,0.004076771570194371
1700438399999,9975.819699005115,9975.819699005115,0.0,0,0.004076771570194371
1700452799999,9975.819699005115,9975.819699005115,0.0,0,0.004076771570194371
1700467199999,9975.819699005115,9975.819699005115,0.0,0,0.004076771570194371
1700481599999,9925.782199005114,9976.44077338528,129.13223140495867,1,0.004014767402070629
1700495999999,9925.782199005114,9976.414946939,129.13223140495867,1,0.004017345752375112
1700510399999,9925.782199005114,9975.549760988586,129.13223140495867,1,0.004103720487577456
1700524799999,9925.782199005114,9974.904099831561,129.13223140495867,1,0.004168179245191195
1700539199999,9925.782199005114,9975.472281649741,129.13223140495867,1,0.004111455538491349
1700553599999,9925.782199005114,9975.175277517512,129.13223140495867,1,0.004141106566993402
1700567999999,9925.782199005114,9974.671661815031,129.13223140495867,1,0.004191384397932207
1700582399999,9925.782199005114,9974.323004790238,129.13223140495867,1,0.00422619212704356
1700596799999,9925.782199005114,9973.470732062966,129.13223140495867,1,0.0043112776870934955
1700611199999,9973.434965663173,9973.434965663173,0.0,0,0.0043148483799715365
1700625599999,9973.434965663173,9973.434965663173,0.0,0,0.0043148483799715365
1700639999999,9973.434965663173,9973.434965663173,0.0,0,0.0043148483799715365
1700654399999,9973.434965663173,9973.434965663173,0.0,0,0.0043148483799715365
1700668799999,9973.434965663173,9973.434965663173,0.0,0,0.0043148483799715365
1700683199999,9973.434965663173,9973.434965663173,0.0,0,0.0043148483799715365
1700697599999,9973.434965663173,9973.434965663173,0.0,0,0.0043148483799715365
1700711999999,9973.434965663173,9973.434965663173,0.0,0,0.0043148483799715365
1700726399999,9973.434965663173,9973.434965663173,0.0,0,0.0043148483799715365
1700740799999,9973.434965663173,9973.434965663173,0.0,0,0.0043148483799715365
1700755199999,9973.434965663173,9973.434965663173,0.0,0,0.0043148483799715365
1700769599999,9973.434965663173,9973.434965663173,0.0,0,0.0043148483799715365
1700783999999,9973.434965663173,9973.434965663173,0.0,0,0.0043148483799715365
1700798399999,9973.434965663173,9973.434965663173,0.0,0,0.0043148483799715365
1700812799999,9923.397465663173,9973.00496123167,126.61433274246646,1,0.004357777323615419
1700827199999,9923.397465663173,9972.802378299282,126.61433274246646,1,0.004378001932132558
1700841599999,9923.397465663173,9973.055606964768,126.61433274246646,1,0.004352721171486218
1700855999999,9923.397465663173,9972.28325953504,126.61433274246646,1,0.004429827491457261
1700870399999,9923.397465663173,9972.295920968314,126.61433274246646,1,0.004428563453424905
1700884799999,9923.397465663173,9972.85302403238,126.61433274246646,1,0.004372945780003246
1700899199999,9923.397465663173,9973.131575564414,126.61433274246646,1,0.004345136943292305
1700913599999,9923.397465663173,9972.549149633798,126.61433274246646,1,0.004403282692778676
1700927999999,9923.397465663173,9973.182221297511,126.61433274246646,1,0.004340080791162992
1700942399999,9923.397465663173,9973.397465663173,126.61433274246646,1,0.00431859214461372
1700956799999,9923.397465663173,9973.29617419698,126.61433274246646,1,0.004328704448872234
1700971199999,9923.397465663173,9972.891008332203,126.61433274246646,1,0.004369153665906289
1700985599999,9923.397465663173,9973.410127096447,126.61433274246646,1,0.004317328106581364
1700999999999,9923.397465663173,9972.928992632025,126.61433274246646,1,0.0043653615518093325
1701014399999,9923.397465663173,9972.295920968314,126.61433274246646,1,0.004428563453424905
1701028799999,9923.397465663173,9972.105999469199,126.61433274246646,1,0.004447524023909688
1701043199999,9923.397465663173,9972.43519673433,126.61433274246646,1,0.004414659035069546
1701057599999,9923.397465663173,9972.01736943628,126.61433274246646,1,0.004456372290135735
1701071999999,9923.397465663173,9971.903416536812,126.61433274246646,1,0.004467748632426605
1701086399999,9971.867037073656,9971.867037073656,0.0,0,0.004471380529702973
1701100799999,9971.867037073656,9971.867037073656,0.0,0,0.004471380529702973
1701115199999,9971.867037073656,9971.867037073656,0.0,0,0.004471380529702973
1701129599999,9971.867037073656,9971.867037073656,0.0,0,0.004471380529702973
1701143999999,9971.867037073656,9971.867037073656,0.0,0,0.004471380529702973
1701158399999,9971.867037073656,9971.867037073656,0.0,0,0.004471380529702973
1701172799999,9971.867037073656,9971.867037073656,0.0,0,0.004471380529702973
1701187199999,9971.867037073656,9971.867037073656,0.0,0,0.004471380529702973
1701201599999,9971.867037073656,9971.867037073656,0.0,0,0.004471380529702973
1701215999999,9971.867037073656,9971.867037073656,0.0,0,0.004471380529702973
1701230399999,9971.867037073656,9971.867037073656,0.0,0,0.004471380529702973
1701244799999,9971.867037073656,9971.867037073656,0.0,0,0.004471380529702973
1701259199999,9971.867037073656,9971.867037073656,0.0,0,0.004471380529702973
1701273599999,9971.867037073656,9971.867037073656,0.0,0,0.004471380529702973
1701287999999,9971.867037073656,9971.867037073656,0.0,0,0.004471380529702973
1701302399999,9971.867037073656,9971.867037073656,0.0,0,0.004471380529702973
1701316799999,9971.867037073656,9971.867037073656,0.0,0,0.004471380529702973
1701331199999,9971.867037073656,9971.867037073656,0.0,0,0.004471380529702973
1701345599999,9971.867037073656,9971.867037073656,0.0,0,0.004471380529702973
1701359999999,9971.867037073656,9971.867037073656,0.0,0,0.004471380529702973
1701374399999,9971.867037073656,9971.867037073656,0.0,0,0.004471380529702973
1701388799999,9971.867037073656,9971.867037073656,0.0,0,0.004471380529702973
1701403199999,9971.867037073656,9971.867037073656,0.0,0,0.004471380529702973
1701417599999,9971.867037073656,9971.867037073656,0.0,0,0.004471380529702973
1701431999999,9971.867037073656,9971.867037073656,0.0,0,0.004471380529702973
1701446399999,9971.867037073656,9971.867037073656,0.0,0,0.004471380529702973
1701460799999,9971.867037073656,9971.867037073656,0.0,0,0.004471380529702973
1701475199999,9971.867037073656,9971.867037073656,0.0,0,0.004471380529702973
1701489599999,9971.867037073656,9971.867037073656,0.0,0,0.004471380529702973
1701503999999,9971.867037073656,9971.867037073656,0.0,0,0.004471380529702973
1701518399999,9971.867037073656,9971.867037073656,0.0,0,0.004471380529702973
1701532799999,9971.867037073656,9971.867037073656,0.0,0,0.004471380529702973
1701547199999,9971.867037073656,9971.867037073656,0.0,0,0.004471380529702973
1701561599999,9921.829537073656,9972.37619356997,127.12941774726673,1,0.004420549540683161
1701575999999,9921.829537073656,9972.261777093996,127.12941774726673,1,0.004431972163542741
1701590399999,9921.829537073656,9972.261777093996,127.12941774726673,1,0.004431972163542741
1701604799999,9921.829537073656,9971.91852766608,127.12941774726673,1,0.004466240032121149
1701619199999,9921.829537073656,9971.473574703963,127.12941774726673,1,0.004510661343241518
1701633599999,9921.829537073656,9971.422722936864,127.12941774726673,1,0.004515738064512331
1701647999999,9921.829537073656,9972.03294414205,127.12941774726673,1,0.004454817409261791
1701662399999,9921.829537073656,9973.062692425805,127.12941774726673,1,0.0043520138035261224
1701676799999,9871.792037073656,9974.381666467743,251.19889665545531,2,0.0042203357133343555
1701691199999,9871.792037073656,9973.201031653463,251.19889665545531,2,0.00433820288328246
1701705599999,9871.792037073656,9971.6435984942,251.19889665545531,2,0.004493687235128885
1701719999999,9871.792037073656,9972.573034411824,251.19889665545531,2,0.0044008981864464
1701734399999,9871.792037073656,9973.979748233094,251.19889665545531,2,0.004260460707359304
1701748799999,9871.792037073656,9973.628069777777,251.19889665545531,2,0.004295570077131106
1701763199999,9871.792037073656,9972.045516728847,251.19889665545531,2,0.004453562241104159
1701777599999,9871.792037073656,9972.120876397845,251.19889665545531,2,0.004446038804724384
1701791999999,9871.792037073656,9973.075432205134,251.19889665545531,2,0.004350741943915382
1701806399999,9871.792037073656,9977.772851572592,251.19889665545531,2,0.0038817810762491467
1701820799999,9821.754537073655,9979.152211789555,369.73848887925806,3,0.0037440744093391043
1701835199999,9821.754537073655,9979.004316394004,369.73848887925806,3,0.0037588393574086165
1701849599999,9821.754537073655,9980.66813959396,369.73848887925806,3,0.0035927336916254937
1701863999999,9821.754537073655,9983.367230562779,369.73848887925806,3,0.003323273389354786
1701878399999,9821.754537073655,9988.35870016265,369.73848887925806,3,0.0028249563920048626
1701892799999,9821.754537073655,9987.286458544899,369.73848887925806,3,0.0029320022655097144
1701907199999,9821.754537073655,9985.511713798278,369.73848887925806,3,0.0031091816423451935
1701921599999,9821.754537073655,9985.992373833822,369.73848887925806,3,0.0030611955611188346
1701935999999,9821.754537073655,9986.768824660468,369.73848887925806,3,0.0029836795837533403
1701950399999,9821.754537073655,9982.62775358502,369.73848887925806,3,0.0033970981297029024
1701964799999,9821.754537073655,9985.807504589382,369.73848887925806,3,0.003079651746205947
1701979199999,9821.754537073655,9988.87633404708,369.73848887925806,3,0.0027732790737612367
1701993599999,9821.754537073655,9990.170418758158,369.73848887925806,3,0.0026440857781518945
1702007999999,9821.754537073655,9993.128326669192,369.73848887925806,3,0.0023487868167594295
1702022399999,9821.754537073655,9997.26939774464,369.73848887925806,3,0.0019353682708098674
1702036799999,9821.754537073655,10014.055525139758,369.73848887925806,3,0.000335876922397893
1702051199999,9821.754537073655,10024.556098223928,369.73848887925806,3,4.056995975487698e-05
1702065599999,9821.754537073655,10018.64028240186,369.73848887925806,3,0.0014519480202673796
1702079999999,9821.754537073655,10023.409908908403,369.73848887925806,3,0.0009765640237837658
1702094399999,9821.754537073655,10035.352462099203,369.73848887925806,3,8.473309440160115e-05
1702108799999,9821.754537073655,10052.619249529864,369.73848887925806,3,0.00012136030489362515
1702123199999,9821.754537073655,10052.064641796545,369.73848887925806,3,0.0009003560304511327
1702137599999,9821.754537073655,10048.367256907752,369.73848887925806,3,0.0012678482877782615
1702151999999,9821.754537073655,10040.306957850185,369.73848887925806,3,0.0020689814087510028
1702166399999,9821.754537073655,10035.870095983633,369.73848887925806,3,0.0025099721175435574
1702180799999,9821.754537073655,10040.75064403684,369.73848887925806,3,0.0020248823378719027
1702195199999,9821.754537073655,10040.122088605745,369.73848887925806,3,0.0020873560216174702
1702209599999,9821.754537073655,10040.085114756857,369.73848887925806,3,0.0020910309441907193
1702223999999,9821.754537073655,10041.342225619046,369.73848887925806,3,0.0019660835766995843
1702238399999,9821.754537073655,10043.301839610107,369.73848887925806,3,0.0017713126803161616
1702252799999,9821.754537073655,10041.674990259038,369.73848887925806,3,0.0019330092735401205
1702267199999,9821.754537073655,10028.364404659385,369.73848887925806,3,0.0032559813999173404
1702281599999,9821.754537073655,10026.99637225053,369.73848887925806,3,0.0033919535351284447
1702295999999,9821.754537073655,10025.924130632782,369.73848887925806,3,0.0034985262897532232
1702310399999,9821.754537073655,10023.483856606179,369.73848887925806,3,0.003741071179589106
1702324799999,9821.754537073655,10018.751203948525,369.73848887925806,3,0.004211461268967653
1702339199999,9821.754537073655,10025.369522899462,369.73848887925806,3,0.0035536501283524036
1702353599999,9821.754537073655,10029.732437068238,369.73848887925806,3,0.003120009264706347
1702367999999,9821.754537073655,10041.009460979056,369.73848887925806,3,0.001999157879858937
1702382399999,9821.754537073655,10040.491827094624,369.73848887925806,3,0.0020506067958848684
1702396799999,9821.754537073655,10037.127206845824,369.73848887925806,3,0.0023850247500523114
1702411199999,9821.754537073655,10033.577717352582,369.73848887925806,3,0.002737817317086333
1702425599999,9821.754537073655,10035.611279041417,369.73848887925806,3,0.002535696575556523
1702439999999,9821.754537073655,10027.440058437187,369.73848887925806,3,0.0033478544642491226
1702454399999,9821.754537073655,10027.92071847273,369.73848887925806,3,0.0033000804707966624
1702468799999,9821.754537073655,10035.463383645867,369.73848887925806,3,0.0025503962658494084
1702483199999,9821.754537073655,10053.21083111207,369.73848887925806,3,0.0007864334306798559
1702497599999,9821.754537073655,10059.792176214121,369.73848887925806,3,0.00030129271854717476
1702511999999,9821.754537073655,10068.55497840056,369.73848887925806,3,0.00041478761669366815
1702526399999,9821.754537073655,10064.450881174,369.73848887925806,3,0.0008662439455977555
1702540799999,9821.754537073655,10064.266011929562,369.73848887925806,3,0.0008845965715635895
1702555199999,9821.754537073655,10064.746671965104,369.73848887925806,3,0.0008368797440519993
1702569599999,9821.754537073655,10056.834268303088,369.73848887925806,3,0.0016223721353990639
1702583999999,9821.754537073655,10057.49979758307,369.73848887925806,3,0.0015563026819213066
1702598399999,9821.754537073655,10059.607306969681,369.73848887925806,3,0.0013470827459083345
1702612799999,9821.754537073655,10057.573745280846,369.73848887925806,3,0.0015489616315348398
1702627199999,9821.754537073655,10054.504915823149,369.73848887925806,3,0.0018536152225713254
1702641599999,9821.754537073655,10057.795588374174,369.73848887925806,3,0.0015269384803755504
1702655999999,9821.754537073655,10051.99069409877,369.73848887925806,3,0.002103210935709643
1702670399999,9821.754537073655,10049.106733885512,369.73848887925806,3,0.0023895119007800725
1702684799999,9821.754537073655,10043.745525796761,369.73848887925806,3,0.002921738053795697
1702699199999,9821.754537073655,10049.365550827726,369.73848887925806,3,0.0023638182244276607
1702713599999,9821.754537073655,10048.07146611665,369.73848887925806,3,0.002492286606190053
1702727999999,9821.754537073655,10049.66134161883,369.73848887925806,3,0.0023344540228819044
1702742399999,9821.754537073655,10051.731877156553,369.73848887925806,3,0.0021289046120621657
1702756799999,9821.754537073655,10047.516858383331,369.73848887925806,3,0.00254734448408811
1702771199999,9821.754537073655,10046.481590614469,369.73848887925806,3,0.0026501191894980902
1702785599999,9821.754537073655,10048.95883848996,369.73848887925806,3,0.002404194001552895
1702799999999,9821.754537073655,10041.305251770158,369.73848887925806,3,0.003163992716547659
1702814399999,10041.140588734135,10041.140588734135,0.0,0,0.0031803394004956687
1702828799999,10041.140588734135,10041.140588734135,0.0,0,0.0031803394004956687
1702843199999,10041.140588734135,10041.140588734135,0.0,0,0.0031803394004956687
1702857599999,10041.140588734135,10041.140588734135,0.0,0,0.0031803394004956687
1702871999999,10041.140588734135,10041.140588734135,0.0,0,0.0031803394004956687
1702886399999,10041.140588734135,10041.140588734135,0.0,0,0.0031803394004956687
1702900799999,10041.140588734135,10041.140588734135,0.0,0,0.0031803394004956687
1702915199999,10041.140588734135,10041.140588734135,0.0,0,0.0031803394004956687
1702929599999,10041.140588734135,10041.140588734135,0.0,0,0.0031803394004956687
1702943999999,10041.140588734135,10041.140588734135,0.0,0,0.0031803394004956687
1702958399999,10041.140588734135,10041.140588734135,0.0,0,0.0031803394004956687
1702972799999,10041.140588734135,10041.140588734135,0.0,0,0.0031803394004956687
1702987199999,10041.140588734135,10041.140588734135,0.0,0,0.0031803394004956687
1703001599999,10041.140588734135,10041.140588734135,0.0,0,0.0031803394004956687
1703015999999,10041.140588734135,10041.140588734135,0.0,0,0.0031803394004956687
1703030399999,10041.140588734135,10041.140588734135,0.0,0,0.0031803394004956687
1703044799999,10041.140588734135,10041.140588734135,0.0,0,0.0031803394004956687
1703059199999,10041.140588734135,10041.140588734135,0.0,0,0.0031803394004956687
1703073599999,10041.140588734135,10041.140588734135,0.0,0,0.0031803394004956687
1703087999999,10041.140588734135,10041.140588734135,0.0,0,0.0031803394004956687
1703102399999,10041.140588734135,10041.140588734135,0.0,0,0.0031803394004956687
1703116799999,10041.140588734135,10041.140588734135,0.0,0,0.0031803394004956687
1703131199999,10041.140588734135,10041.140588734135,0.0,0,0.0031803394004956687
1703145599999,10041.140588734135,10041.140588734135,0.0,0,0.0031803394004956687
1703159999999,10041.140588734135,10041.140588734135,0.0,0,0.0031803394004956687
1703174399999,10041.140588734135,10041.140588734135,0.0,0,0.0031803394004956687
1703188799999,10041.140588734135,10041.140588734135,0.0,0,0.0031803394004956687
1703203199999,10041.140588734135,10041.140588734135,0.0,0,0.0031803394004956687
1703217599999,9991.103088734135,10040.51272349484,78.71536523929471,1,0.0032426698109909724
1703231999999,9991.103088734135,10039.473680673682,78.71536523929471,1,0.0033458192792392705
1703246399999,9991.103088734135,10039.757055988543,78.71536523929471,1,0.0033176876060807547
1703260799999,9991.103088734135,10039.859385963355,78.71536523929471,1,0.003307528946328908
1703275199999,9991.103088734135,10039.678340623304,78.71536523929471,1,0.0033255019597357993
1703289599999,9991.103088734135,10040.11127513212,78.71536523929471,1,0.003282523014632388
1703303999999,9991.103088734135,10038.324436341189,78.71536523929471,1,0.003459908842604942
1703318399999,10038.27328906474,10038.27328906474,0.0,0,0.003464986414251303
1703332799999,10038.27328906474,10038.27328906474,0.0,0,0.003464986414251303
1703347199999,10038.27328906474,10038.27328906474,0.0,0,0.003464986414251303
1703361599999,10038.27328906474,10038.27328906474,0.0,0,0.003464986414251303
1703375999999,10038.27328906474,10038.27328906474,0.0,0,0.003464986414251303
1703390399999,10038.27328906474,10038.27328906474,0.0,0,0.003464986414251303
1703404799999,10038.27328906474,10038.27328906474,0.0,0,0.003464986414251303
1703419199999,10038.27328906474,10038.27328906474,0.0,0,0.003464986414251303
1703433599999,10038.27328906474,10038.27328906474,0.0,0,0.003464986414251303
1703447999999,10038.27328906474,10038.27328906474,0.0,0,0.003464986414251303
1703462399999,10038.27328906474,10038.27328906474,0.0,0,0.003464986414251303
1703476799999,10038.27328906474,10038.27328906474,0.0,0,0.003464986414251303
1703491199999,10038.27328906474,10038.27328906474,0.0,0,0.003464986414251303
1703505599999,10038.27328906474,10038.27328906474,0.0,0,0.003464986414251303
1703519999999,10038.27328906474,10038.27328906474,0.0,0,0.003464986414251303
1703534399999,10038.27328906474,10038.27328906474,0.0,0,0.003464986414251303
1703548799999,10038.27328906474,10038.27328906474,0.0,0,0.003464986414251303
1703563199999,10038.27328906474,10038.27328906474,0.0,0,0.003464986414251303
1703577599999,10038.27328906474,10038.27328906474,0.0,0,0.003464986414251303
1703591999999,10038.27328906474,10038.27328906474,0.0,0,0.003464986414251303
1703606399999,10038.27328906474,10038.27328906474,0.0,0,0.003464986414251303
1703620799999,10038.27328906474,10038.27328906474,0.0,0,0.003464986414251303
1703635199999,10038.27328906474,10038.27328906474,0.0,0,0.003464986414251303
1703649599999,10038.27328906474,10038.27328906474,0.0,0,0.003464986414251303
1703663999999,10038.27328906474,10038.27328906474,0.0,0,0.003464986414251303
1703678399999,10038.27328906474,10038.27328906474,0.0,0,0.003464986414251303
1703692799999,10038.27328906474,10038.27328906474,0.0,0,0.003464986414251303
1703707199999,10038.27328906474,10038.27328906474,0.0,0,0.003464986414251303
1703721599999,9988.23578906474,10037.976640329072,78.5299198994817,1,0.0034944357869985954
1703735999999,9988.23578906474,10040.073389190387,78.5299198994817,1,0.003286284086519098
1703750399999,9938.19828906474,10040.244286091878,154.2645457704299,2,0.00326931854462309
1703764799999,9938.19828906474,10037.776053359552,154.2645457704299,2,0.003514348767313047
1703779199999,9938.19828906474,10033.379513805095,154.2645457704299,2,0.00395080885147947
1703793599999,9938.19828906474,10034.690762444143,154.2645457704299,2,0.0038206365456755487
1703807999999,9938.19828906474,10033.19439635017,154.2645457704299,2,0.0039691861181812005
1703822399999,9938.19828906474,10032.88586725863,154.2645457704299,2,0.003999814896017417
1703836799999,10032.814851574984,10032.814851574984,0.0,0,0.00400686487495594
1703851199999,10032.814851574984,10032.814851574984,0.0,0,0.00400686487495594
1703865599999,10032.814851574984,10032.814851574984,0.0,0,0.00400686487495594
1703879999999,10032.814851574984,10032.814851574984,0.0,0,0.00400686487495594
1703894399999,10032.814851574984,10032.814851574984,0.0,0,0.00400686487495594
1703908799999,10032.814851574984,10032.814851574984,0.0,0,0.00400686487495594
1703923199999,10032.814851574984,10032.814851574984,0.0,0,0.00400686487495594
1703937599999,10032.814851574984,10032.814851574984,0.0,0,0.00400686487495594
1703951999999,10032.814851574984,10032.814851574984,0.0,0,0.00400686487495594
1703966399999,10032.814851574984,10032.814851574984,0.0,0,0.00400686487495594
1703980799999,10032.814851574984,10032.814851574984,0.0,0,0.00400686487495594
1703995199999,10032.814851574984,10032.814851574984,0.0,0,0.00400686487495594
1704009599999,10032.814851574984,10032.814851574984,0.0,0,0.00400686487495594
1704023999999,10032.814851574984,10032.814851574984,0.0,0,0.00400686487495594
1704038399999,10032.814851574984,10032.814851574984,0.0,0,0.00400686487495594
1704052799999,10032.814851574984,10032.814851574984,0.0,0,0.00400686487495594
1704067199999,10032.814851574984,10032.814851574984,0.0,0,0.00400686487495594
1704081599999,10032.814851574984,10032.814851574984,0.0,0,0.00400686487495594
1704095999999,10032.814851574984,10032.814851574984,0.0,0,0.00400686487495594
1704110399999,10032.814851574984,10032.814851574984,0.0,0,0.00400686487495594
1704124799999,10032.814851574984,10032.814851574984,0.0,0,0.00400686487495594
1704139199999,10032.814851574984,10032.814851574984,0.0,0,0.00400686487495594
1704153599999,9982.777351574983,10033.165449893224,80.85381630012937,1,0.003972059735688482
1704167999999,9982.777351574983,10033.731426607324,80.85381630012937,1,0.003915873218721555
1704182399999,9982.777351574983,10033.488865158424,80.85381630012937,1,0.003939953154564524
1704196799999,9982.777351574983,10033.391840578865,80.85381630012937,1,0.003949585128901645
1704211199999,9982.777351574983,10032.405424020002,80.85381630012937,1,0.004047510201329985
1704225599999,9982.777351574983,10032.470107073043,80.85381630012937,1,0.004041088885105237
1704239999999,9982.777351574983,10031.693910436561,80.85381630012937,1,0.004118144679802871
1704254399999,10031.665302335008,10031.665302335008,0.0,0,0.004120984707569497
1704268799999,10031.665302335008,10031.665302335008,0.0,0,0.004120984707569497
1704283199999,10031.665302335008,10031.665302335008,0.0,0,0.004120984707569497
1704297599999,10031.665302335008,10031.665302335008,0.0,0,0.004120984707569497
1704311999999,10031.665302335008,10031.665302335008,0.0,0,0.004120984707569497
1704326399999,10031.665302335008,10031.665302335008,0.0,0,0.004120984707569497
1704340799999,10031.665302335008,10031.665302335008,0.0,0,0.004120984707569497
1704355199999,10031.665302335008,10031.665302335008,0.0,0,0.004120984707569497
1704369599999,10031.665302335008,10031.665302335008,0.0,0,0.004120984707569497
1704383999999,10031.665302335008,10031.665302335008,0.0,0,0.004120984707569497
1704398399999,10031.665302335008,10031.665302335008,0.0,0,0.004120984707569497
1704412799999,10031.665302335008,10031.665302335008,0.0,0,0.004120984707569497
1704427199999,10031.665302335008,10031.665302335008,0.0,0,0.004120984707569497
1704441599999,10031.665302335008,10031.665302335008,0.0,0,0.004120984707569497
1704455999999,10031.665302335008,10031.665302335008,0.0,0,0.004120984707569497
1704470399999,10031.665302335008,10031.665302335008,0.0,0,0.004120984707569497
1704484799999,10031.665302335008,10031.665302335008,0.0,0,0.004120984707569497
1704499199999,10031.665302335008,10031.665302335008,0.0,0,0.004120984707569497
1704513599999,10031.665302335008,10031.665302335008,0.0,0,0.004120984707569497
1704527999999,10031.665302335008,10031.665302335008,0.0,0,0.004120984707569497
1704542399999,10031.665302335008,10031.665302335008,0.0,0,0.004120984707569497
1704556799999,10031.665302335008,10031.665302335008,0.0,0,0.004120984707569497
1704571199999,10031.665302335008,10031.665302335008,0.0,0,0.004120984707569497
1704585599999,10031.665302335008,10031.665302335008,0.0,0,0.004120984707569497
1704599999999,10031.665302335008,10031.665302335008,0.0,0,0.004120984707569497
1704614399999,10031.665302335008,10031.665302335008,0.0,0,0.004120984707569497
1704628799999,10031.665302335008,10031.665302335008,0.0,0,0.004120984707569497
1704643199999,10031.665302335008,10031.665302335008,0.0,0,0.004120984707569497
1704657599999,10031.665302335008,10031.665302335008,0.0,0,0.004120984707569497
1704671999999,10031.665302335008,10031.665302335008,0.0,0,0.004120984707569497
1704686399999,10031.665302335008,10031.665302335008,0.0,0,0.004120984707569497
1704700799999,10031.665302335008,10031.665302335008,0.0,0,0.004120984707569497
1704715199999,10031.665302335008,10031.665302335008,0.0,0,0.004120984707569497
1704729599999,10031.665302335008,10031.665302335008,0.0,0,0.004120984707569497
1704743999999,10031.665302335008,10031.665302335008,0.0,0,0.004120984707569497
1704758399999,10031.665302335008,10031.665302335008,0.0,0,0.004120984707569497
1704772799999,10031.665302335008,10031.665302335008,0.0,0,0.004120984707569497
1704787199999,10031.665302335008,10031.665302335008,0.0,0,0.004120984707569497
1704801599999,10031.665302335008,10031.665302335008,0.0,0,0.004120984707569497
1704815999999,10031.665302335008,10031.665302335008,0.0,0,0.004120984707569497
1704830399999,10031.665302335008,10031.665302335008,0.0,0,0.004120984707569497
1704844799999,10031.665302335008,10031.665302335008,0.0,0,0.004120984707569497
1704859199999,10031.665302335008,10031.665302335008,0.0,0,0.004120984707569497
1704873599999,10031.665302335008,10031.665302335008,0.0,0,0.004120984707569497
1704887999999,10031.665302335008,10031.665302335008,0.0,0,0.004120984707569497
1704902399999,10031.665302335008,10031.665302335008,0.0,0,0.004120984707569497
1704916799999,10031.665302335008,10031.665302335008,0.0,0,0.004120984707569497
1704931199999,10031.665302335008,10031.665302335008,0.0,0,0.004120984707569497
1704945599999,10031.665302335008,10031.665302335008,0.0,0,0.004120984707569497
1704959999999,10031.665302335008,10031.665302335008,0.0,0,0.004120984707569497
1704974399999,10031.665302335008,10031.665302335008,0.0,0,0.004120984707569497
1704988799999,10031.665302335008,10031.665302335008,0.0,0,0.004120984707569497
1705003199999,10031.665302335008,10031.665302335008,0.0,0,0.004120984707569497
1705017599999,10031.665302335008,10031.665302335008,0.0,0,0.004120984707569497
1705031999999,10031.665302335008,10031.665302335008,0.0,0,0.004120984707569497
1705046399999,10031.665302335008,10031.665302335008,0.0,0,0.004120984707569497
1705060799999,10031.665302335008,10031.665302335008,0.0,0,0.004120984707569497
1705075199999,10031.665302335008,10031.665302335008,0.0,0,0.004120984707569497
1705089599999,10031.665302335008,10031.665302335008,0.0,0,0.004120984707569497
1705103999999,10031.665302335008,10031.665302335008,0.0,0,0.004120984707569497
1705118399999,10031.665302335008,10031.665302335008,0.0,0,0.004120984707569497
1705132799999,10031.665302335008,10031.665302335008,0.0,0,0.004120984707569497
1705147199999,10031.665302335008,10031.665302335008,0.0,0,0.004120984707569497
1705161599999,10031.665302335008,10031.665302335008,0.0,0,0.004120984707569497
1705175999999,10031.665302335008,10031.665302335008,0.0,0,0.004120984707569497
1705190399999,10031.665302335008,10031.665302335008,0.0,0,0.004120984707569497
1705204799999,10031.665302335008,10031.665302335008,0.0,0,0.004120984707569497
1705219199999,10031.665302335008,10031.665302335008,0.0,0,0.004120984707569497
1705233599999,10031.665302335008,10031.665302335008,0.0,0,0.004120984707569497
1705247999999,10031.665302335008,10031.665302335008,0.0,0,0.004120984707569497
1705262399999,10031.665302335008,10031.665302335008,0.0,0,0.004120984707569497
1705276799999,10031.665302335008,10031.665302335008,0.0,0,0.004120984707569497
1705291199999,10031.665302335008,10031.665302335008,0.0,0,0.004120984707569497
1705305599999,10031.665302335008,10031.665302335008,0.0,0,0.004120984707569497
1705319999999,10031.665302335008,10031.665302335008,0.0,0,0.004120984707569497
1705334399999,10031.665302335008,10031.665302335008,0.0,0,0.004120984707569497
1705348799999,10031.665302335008,10031.665302335008,0.0,0,0.004120984707569497
1705363199999,10031.665302335008,10031.665302335008,0.0,0,0.004120984707569497
1705377599999,10031.665302335008,10031.665302335008,0.0,0,0.004120984707569497
1705391999999,10031.665302335008,10031.665302335008,0.0,0,0.004120984707569497
1705406399999,10031.665302335008,10031.665302335008,0.0,0,0.004120984707569497
1705420799999,10031.665302335008,10031.665302335008,0.0,0,0.004120984707569497
1705435199999,10031.665302335008,10031.665302335008,0.0,0,0.004120984707569497
1705449599999,10031.665302335008,10031.665302335008,0.0,0,0.004120984707569497
1705463999999,10031.665302335008,10031.665302335008,0.0,0,0.004120984707569497
1705478399999,10031.665302335008,10031.665302335008,0.0,0,0.004120984707569497
1705492799999,10031.665302335008,10031.665302335008,0.0,0,0.004120984707569497
1705507199999,10031.665302335008,10031.665302335008,0.0,0,0.004120984707569497
1705521599999,10031.665302335008,10031.665302335008,0.0,0,0.004120984707569497
1705535999999,10031.665302335008,10031.665302335008,0.0,0,0.004120984707569497
1705550399999,10031.665302335008,10031.665302335008,0.0,0,0.004120984707569497
1705564799999,10031.665302335008,10031.665302335008,0.0,0,0.004120984707569497
1705579199999,10031.665302335008,10031.665302335008,0.0,0,0.004120984707569497
1705593599999,10031.665302335008,10031.665302335008,0.0,0,0.004120984707569497
1705607999999,10031.665302335008,10031.665302335008,0.0,0,0.004120984707569497
1705622399999,10031.665302335008,10031.665302335008,0.0,0,0.004120984707569497
1705636799999,10031.665302335008,10031.665302335008,0.0,0,0.004120984707569497
1705651199999,10031.665302335008,10031.665302335008,0.0,0,0.004120984707569497
1705665599999,10031.665302335008,10031.665302335008,0.0,0,0.004120984707569497
1705679999999,10031.665302335008,10031.665302335008,0.0,0,0.004120984707569497
1705694399999,10031.665302335008,10031.665302335008,0.0,0,0.004120984707569497
1705708799999,10031.665302335008,10031.665302335008,0.0,0,0.004120984707569497
1705723199999,10031.665302335008,10031.665302335008,0.0,0,0.004120984707569497
1705737599999,10031.665302335008,10031.665302335008,0.0,0,0.004120984707569497
1705751999999,10031.665302335008,10031.665302335008,0.0,0,0.004120984707569497
1705766399999,10031.665302335008,10031.665302335008,0.0,0,0.004120984707569497
1705780799999,10031.665302335008,10031.665302335008,0.0,0,0.004120984707569497
1705795199999,10031.665302335008,10031.665302335008,0.0,0,0.004120984707569497
1705809599999,10031.665302335008,10031.665302335008,0.0,0,0.004120984707569497
1705823999999,10031.665302335008,10031.665302335008,0.0,0,0.004120984707569497
1705838399999,10031.665302335008,10031.665302335008,0.0,0,0.004120984707569497
1705852799999,10031.665302335008,10031.665302335008,0.0,0,0.004120984707569497
1705867199999,10031.665302335008,10031.665302335008,0.0,0,0.004120984707569497
1705881599999,10031.665302335008,10031.665302335008,0.0,0,0.004120984707569497
1705895999999,10031.665302335008,10031.665302335008,0.0,0,0.004120984707569497
1705910399999,10031.665302335008,10031.665302335008,0.0,0,0.004120984707569497
1705924799999,10031.665302335008,10031.665302335008,0.0,0,0.004120984707569497
1705939199999,10031.665302335008,10031.665302335008,0.0,0,0.004120984707569497
1705953599999,10031.665302335008,10031.665302335008,0.0,0,0.004120984707569497
1705967999999,10031.665302335008,10031.665302335008,0.0,0,0.004120984707569497
1705982399999,10031.665302335008,10031.665302335008,0.0,0,0.004120984707569497
1705996799999,10031.665302335008,10031.665302335008,0.0,0,0.004120984707569497
1706011199999,10031.665302335008,10031.665302335008,0.0,0,0.004120984707569497
1706025599999,10031.665302335008,10031.665302335008,0.0,0,0.004120984707569497
1706039999999,10031.665302335008,10031.665302335008,0.0,0,0.004120984707569497
1706054399999,10031.665302335008,10031.665302335008,0.0,0,0.004120984707569497
1706068799999,10031.665302335008,10031.665302335008,0.0,0,0.004120984707569497
1706083199999,10031.665302335008,10031.665302335008,0.0,0,0.004120984707569497
1706097599999,10031.665302335008,10031.665302335008,0.0,0,0.004120984707569497
1706111999999,10031.665302335008,10031.665302335008,0.0,0,0.004120984707569497
1706126399999,10031.665302335008,10031.665302335008,0.0,0,0.004120984707569497
1706140799999,10031.665302335008,10031.665302335008,0.0,0,0.004120984707569497
1706155199999,10031.665302335008,10031.665302335008,0.0,0,0.004120984707569497
1706169599999,10031.665302335008,10031.665302335008,0.0,0,0.004120984707569497
1706183999999,10031.665302335008,10031.665302335008,0.0,0,0.004120984707569497
1706198399999,10031.665302335008,10031.665302335008,0.0,0,0.004120984707569497
1706212799999,10031.665302335008,10031.665302335008,0.0,0,0.004120984707569497
1706227199999,10031.665302335008,10031.665302335008,0.0,0,0.004120984707569497
1706241599999,10031.665302335008,10031.665302335008,0.0,0,0.004120984707569497
1706255999999,10031.665302335008,10031.665302335008,0.0,0,0.004120984707569497
1706270399999,10031.665302335008,10031.665302335008,0.0,0,0.004120984707569497
1706284799999,10031.665302335008,10031.665302335008,0.0,0,0.004120984707569497
1706299199999,10031.665302335008,10031.665302335008,0.0,0,0.004120984707569497
1706313599999,10031.665302335008,10031.665302335008,0.0,0,0.004120984707569497
1706327999999,10031.665302335008,10031.665302335008,0.0,0,0.004120984707569497
1706342399999,10031.665302335008,10031.665302335008,0.0,0,0.004120984707569497
1706356799999,10031.665302335008,10031.665302335008,0.0,0,0.004120984707569497
1706371199999,10031.665302335008,10031.665302335008,0.0,0,0.004120984707569497
1706385599999,10031.665302335008,10031.665302335008,0.0,0,0.004120984707569497
1706399999999,10031.665302335008,10031.665302335008,0.0,0,0.004120984707569497
1706414399999,10031.665302335008,10031.665302335008,0.0,0,0.004120984707569497
1706428799999,10031.665302335008,10031.665302335008,0.0,0,0.004120984707569497
1706443199999,10031.665302335008,10031.665302335008,0.0,0,0.004120984707569497
1706457599999,10031.665302335008,10031.665302335008,0.0,0,0.004120984707569497
1706471999999,10031.665302335008,10031.665302335008,0.0,0,0.004120984707569497
1706486399999,10031.665302335008,10031.665302335008,0.0,0,0.004120984707569497
1706500799999,10031.665302335008,10031.665302335008,0.0,0,0.004120984707569497
1706515199999,10031.665302335008,10031.665302335008,0.0,0,0.004120984707569497
1706529599999,10031.665302335008,10031.665302335008,0.0,0,0.004120984707569497
1706543999999,10031.665302335008,10031.665302335008,0.0,0,0.004120984707569497
1706558399999,10031.665302335008,10031.665302335008,0.0,0,0.004120984707569497
1706572799999,10031.665302335008,10031.665302335008,0.0,0,0.004120984707569497
1706587199999,10031.665302335008,10031.665302335008,0.0,0,0.004120984707569497
1706601599999,10031.665302335008,10031.665302335008,0.0,0,0.004120984707569497
1706615999999,10031.665302335008,10031.665302335008,0.0,0,0.004120984707569497
1706630399999,10031.665302335008,10031.665302335008,0.0,0,0.004120984707569497
1706644799999,10031.665302335008,10031.665302335008,0.0,0,0.004120984707569497
1706659199999,10031.665302335008,10031.665302335008,0.0,0,0.004120984707569497
1706673599999,10031.665302335008,10031.665302335008,0.0,0,0.004120984707569497
1706687999999,10031.665302335008,10031.665302335008,0.0,0,0.004120984707569497
1706702399999,10031.665302335008,10031.665302335008,0.0,0,0.004120984707569497
1706716799999,10031.665302335008,10031.665302335008,0.0,0,0.004120984707569497
1706731199999,10031.665302335008,10031.665302335008,0.0,0,0.004120984707569497
1706745599999,10031.665302335008,10031.665302335008,0.0,0,0.004120984707569497
1706759999999,10031.665302335008,10031.665302335008,0.0,0,0.004120984707569497
1706774399999,10031.665302335008,10031.665302335008,0.0,0,0.004120984707569497
1706788799999,10031.665302335008,10031.665302335008,0.0,0,0.004120984707569497
1706803199999,10031.665302335008,10031.665302335008,0.0,0,0.004120984707569497
1706817599999,10031.665302335008,10031.665302335008,0.0,0,0.004120984707569497
1706831999999,10031.665302335008,10031.665302335008,0.0,0,0.004120984707569497
1706846399999,10031.665302335008,10031.665302335008,0.0,0,0.004120984707569497
1706860799999,10031.665302335008,10031.665302335008,0.0,0,0.004120984707569497
1706875199999,10031.665302335008,10031.665302335008,0.0,0,0.004120984707569497
1706889599999,10031.665302335008,10031.665302335008,0.0,0,0.004120984707569497
1706903999999,10031.665302335008,10031.665302335008,0.0,0,0.004120984707569497
1706918399999,10031.665302335008,10031.665302335008,0.0,0,0.004120984707569497
1706932799999,10031.665302335008,10031.665302335008,0.0,0,0.004120984707569497
1706947199999,10031.665302335008,10031.665302335008,0.0,0,0.004120984707569497
1706961599999,10031.665302335008,10031.665302335008,0.0,0,0.004120984707569497
1706975999999,10031.665302335008,10031.665302335008,0.0,0,0.004120984707569497
1706990399999,10031.665302335008,10031.665302335008,0.0,0,0.004120984707569497
1707004799999,10031.665302335008,10031.665302335008,0.0,0,0.004120984707569497
1707019199999,10031.665302335008,10031.665302335008,0.0,0,0.004120984707569497
1707033599999,10031.665302335008,10031.665302335008,0.0,0,0.004120984707569497
1707047999999,10031.665302335008,10031.665302335008,0.0,0,0.004120984707569497
1707062399999,10031.665302335008,10031.665302335008,0.0,0,0.004120984707569497
1707076799999,10031.665302335008,10031.665302335008,0.0,0,0.004120984707569497
1707091199999,10031.665302335008,10031.665302335008,0.0,0,0.004120984707569497
1707105599999,10031.665302335008,10031.665302335008,0.0,0,0.004120984707569497
1707119999999,10031.665302335008,10031.665302335008,0.0,0,0.004120984707569497
1707134399999,10031.665302335008,10031.665302335008,0.0,0,0.004120984707569497
1707148799999,10031.665302335008,10031.665302335008,0.0,0,0.004120984707569497
1707163199999,10031.665302335008,10031.665302335008,0.0,0,0.004120984707569497
1707177599999,10031.665302335008,10031.665302335008,0.0,0,0.004120984707569497
1707191999999,10031.665302335008,10031.665302335008,0.0,0,0.004120984707569497
1707206399999,10031.665302335008,10031.665302335008,0.0,0,0.004120984707569497
1707220799999,10031.665302335008,10031.665302335008,0.0,0,0.004120984707569497
1707235199999,10031.665302335008,10031.665302335008,0.0,0,0.004120984707569497
1707249599999,10031.665302335008,10031.665302335008,0.0,0,0.004120984707569497
1707263999999,10031.665302335008,10031.665302335008,0.0,0,0.004120984707569497
1707278399999,10031.665302335008,10031.665302335008,0.0,0,0.004120984707569497
1707292799999,10031.665302335008,10031.665302335008,0.0,0,0.004120984707569497
1707307199999,10031.665302335008,10031.665302335008,0.0,0,0.004120984707569497
1707321599999,10031.665302335008,10031.665302335008,0.0,0,0.004120984707569497
1707335999999,10031.665302335008,10031.665302335008,0.0,0,0.004120984707569497
1707350399999,10031.665302335008,10031.665302335008,0.0,0,0.004120984707569497
1707364799999,10031.665302335008,10031.665302335008,0.0,0,0.004120984707569497
1707379199999,10031.665302335008,10031.665302335008,0.0,0,0.004120984707569497
1707393599999,10031.665302335008,10031.665302335008,0.0,0,0.004120984707569497
1707407999999,10031.665302335008,10031.665302335008,0.0,0,0.004120984707569497
1707422399999,10031.665302335008,10031.665302335008,0.0,0,0.004120984707569497
1707436799999,10031.665302335008,10031.665302335008,0.0,0,0.004120984707569497
1707451199999,10031.665302335008,10031.665302335008,0.0,0,0.004120984707569497
1707465599999,10031.665302335008,10031.665302335008,0.0,0,0.004120984707569497
1707479999999,10031.665302335008,10031.665302335008,0.0,0,0.004120984707569497
1707494399999,9981.627802335008,10031.517366111926,92.03018590097552,1,0.00413567086143618
1707508799999,9981.627802335008,10031.535772149107,92.03018590097552,1,0.0041338436288052005
1707523199999,9981.627802335008,10031.388523851665,92.03018590097552,1,0.004148461489852262
1707537599999,9981.627802335008,10031.489757056157,92.03018590097552,1,0.004138411710382317
1707551999999,9981.627802335008,10030.790327643308,92.03018590097552,1,0.004207846550355776
1707566399999,9981.627802335008,10030.679891420228,92.03018590097552,1,0.004218809946140878
1707580799999,9981.627802335008,10031.149245368322,92.03018590097552,1,0.004172215514053668
1707595199999,9981.627802335008,10031.452944981796,92.03018590097552,1,0.004142066175644055
1707609599999,9981.627802335008,10032.382449859395,92.03018590097552,1,0.004049790927785013
1707623999999,9981.627802335008,10033.376375867127,92.03018590097552,1,0.003951120365717653
1707638399999,9931.590302335007,10032.940406937685,180.9823296476398,2,0.00399440054852529
1707652799999,9931.590302335007,10031.818316493871,180.9823296476398,2,0.004105794448997058
1707667199999,9931.590302335007,10029.809412634782,180.9823296476398,2,0.004305225464358076
1707681599999,9931.590302335007,10029.375055043627,180.9823296476398,2,0.004348345683895638
1707695999999,9931.590302335007,10029.574135606239,180.9823296476398,2,0.004328582249941038
1707710399999,9931.590302335007,10029.067385083226,180.9823296476398,2,0.004378889172734768
1707724799999,9931.590302335007,10028.74161688986,180.9823296476398,2,0.004411229337387912
1707739199999,9931.590302335007,10028.39775046353,180.9823296476398,2,0.00444536617785507
1707753599999,9931.590302335007,10032.23457585206,180.9823296476398,2,0.0040644709052736205
1707767999999,9931.590302335007,10031.872611192764,180.9823296476398,2,0.004100404421555015
1707782399999,9931.590302335007,10032.795621073969,180.9823296476398,2,0.004008773955037626
1707796799999,9931.590302335007,10031.076288942315,180.9823296476398,2,0.00417945815737375
1707811199999,9931.590302335007,10032.868014005826,180.9823296476398,2,0.004001587251781569
1707825599999,9931.590302335007,10031.836414726835,180.9823296476398,2,0.0041039977731831545
1707839999999,9931.590302335007,10029.284563878804,180.9823296476398,2,0.004357329062965931
1707854399999,9931.590302335007,10029.194072713979,180.9823296476398,2,0.004366312442036335
1707868799999,9931.590302335007,10030.207573760006,180.9823296476398,2,0.004265698596448764
1707883199999,9931.590302335007,10030.424752555584,180.9823296476398,2,0.004244138486679927
1707897599999,9931.590302335007,10031.5468429994,180.9823296476398,2,0.004132744586208048
1707911999999,9931.590302335007,10035.365570154963,180.9823296476398,2,0.0037536459894408347
1707926399999,9881.552802335007,10035.587518046948,268.1662877993399,3,0.0037316124345468937
1707940799999,9881.552802335007,10035.802051077188,268.1662877993399,3,0.0037103149792926393
1707955199999,9881.552802335007,10036.231117137666,268.1662877993399,3,0.0036677200687841305
1707969599999,9881.552802335007,10037.732848349342,268.1662877993399,3,0.0035186378820040165
1707983999999,9881.552802335007,10036.499283425466,268.1662877993399,3,0.003641098249716146
1707998399999,9881.552802335007,10039.583195735158,268.1662877993399,3,0.0033349473304356003
1708012799999,9881.552802335007,10042.372125128271,268.1662877993399,3,0.003058080412129738
1708027199999,9881.552802335007,10043.015724218989,268.1662877993399,3,0.0029941880463669746
1708041599999,9881.552802335007,10044.785621718465,268.1662877993399,3,0.002818484040518876
1708055999999,9881.552802335007,10044.678355203345,268.1662877993399,3,0.0028291327681461143
1708070399999,9881.552802335007,10041.889425810232,268.1662877993399,3,0.0031059996864519768
1708084799999,9881.552802335007,10042.157592098032,268.1662877993399,3,0.0030793778673839922
1708099199999,9881.552802335007,10039.663645621498,268.1662877993399,3,0.0033269607847152827
1708113599999,9881.552802335007,10039.556379106378,268.1662877993399,3,0.003337609512342521
1708127999999,9881.552802335007,10042.077142211692,268.1662877993399,3,0.003087364413104421
1708142399999,9881.552802335007,10040.119528310757,268.1662877993399,3,0.0032817036922998533
1708156799999,9881.552802335007,10040.387694598556,268.1662877993399,3,0.0032550818732320908
1708171199999,9881.552802335007,10038.75188024298,268.1662877993399,3,0.0034174749695460305
1708185599999,9881.552802335007,10036.713816455705,268.1662877993399,3,0.0036198007944618915
1708199999999,9881.552802335007,10038.939596644439,268.1662877993399,3,0.0033988396961985856
1708214399999,9881.552802335007,10045.026971377485,268.1662877993399,3,0.002794524403357812
1708228799999,9881.552802335007,10048.030433800837,268.1662877993399,3,0.002496360029797584
1708243199999,9881.552802335007,10048.969015808136,268.1662877993399,3,0.0024031836630600267
1708257599999,9881.552802335007,10051.677495314909,268.1662877993399,3,0.002134303290474482
1708271999999,9881.552802335007,10048.137700315958,268.1662877993399,3,0.002485711302170346
1708286399999,9881.552802335007,10047.869534028157,268.1662877993399,3,0.0025123331212383304
1708300799999,9881.552802335007,10047.628184369138,268.1662877993399,3,0.0025362927583995054
1708315199999,9881.552802335007,10047.681817626699,268.1662877993399,3,0.0025309683945857753
1708329599999,9881.552802335007,10050.283030618351,268.1662877993399,3,0.0022727367496274686
1708343999999,9881.552802335007,10050.175764103233,268.1662877993399,3,0.002283385477254596
1708358399999,9881.552802335007,10049.049465694476,268.1662877993399,3,0.002395197117339598
1708372799999,9881.552802335007,10048.271783459857,268.1662877993399,3,0.00247240039263652
1708387199999,9881.552802335007,10050.712096678832,268.1662877993399,3,0.0022301418391187378
1708401599999,9881.552802335007,10049.290815353494,268.1662877993399,3,0.002371237480178645
1708415999999,9881.552802335007,10050.256213989573,268.1662877993399,3,0.002275398931534167
1708430399999,9881.552802335007,10050.390297133472,268.1662877993399,3,0.0022620880220002304
1708444799999,9881.552802335007,10045.000154748705,268.1662877993399,3,0.0027971865852646216
1708459199999,9881.552802335007,10047.252751566219,268.1662877993399,3,0.002573563305094506
1708473599999,9881.552802335007,10048.244966831076,268.1662877993399,3,0.0024750625745433297
1708487999999,9881.552802335007,10045.724203725764,268.1662877993399,3,0.0027253076737812076
1708502399999,9881.552802335007,10041.004477060495,268.1662877993399,3,0.003193851689375915
1708516799999,10040.884888304452,10040.884888304452,0.0,0,0.003205723689589046
1708531199999,10040.884888304452,10040.884888304452,0.0,0,0.003205723689589046
1708545599999,10040.884888304452,10040.884888304452,0.0,0,0.003205723689589046
1708559999999,10040.884888304452,10040.884888304452,0.0,0,0.003205723689589046
1708574399999,10040.884888304452,10040.884888304452,0.0,0,0.003205723689589046
1708588799999,10040.884888304452,10040.884888304452,0.0,0,0.003205723689589046
1708603199999,10040.884888304452,10040.884888304452,0.0,0,0.003205723689589046
1708617599999,10040.884888304452,10040.884888304452,0.0,0,0.003205723689589046
1708631999999,10040.884888304452,10040.884888304452,0.0,0,0.003205723689589046
1708646399999,10040.884888304452,10040.884888304452,0.0,0,0.003205723689589046
1708660799999,10040.884888304452,10040.884888304452,0.0,0,0.003205723689589046
1708675199999,10040.884888304452,10040.884888304452,0.0,0,0.003205723689589046
1708689599999,10040.884888304452,10040.884888304452,0.0,0,0.003205723689589046
1708703999999,10040.884888304452,10040.884888304452,0.0,0,0.003205723689589046
1708718399999,10040.884888304452,10040.884888304452,0.0,0,0.003205723689589046
1708732799999,10040.884888304452,10040.884888304452,0.0,0,0.003205723689589046
1708747199999,10040.884888304452,10040.884888304452,0.0,0,0.003205723689589046
1708761599999,10040.884888304452,10040.884888304452,0.0,0,0.003205723689589046
1708775999999,10040.884888304452,10040.884888304452,0.0,0,0.003205723689589046
1708790399999,10040.884888304452,10040.884888304452,0.0,0,0.003205723689589046
1708804799999,10040.884888304452,10040.884888304452,0.0,0,0.003205723689589046
1708819199999,10040.884888304452,10040.884888304452,0.0,0,0.003205723689589046
1708833599999,10040.884888304452,10040.884888304452,0.0,0,0.003205723689589046
1708847999999,10040.884888304452,10040.884888304452,0.0,0,0.003205723689589046
1708862399999,10040.884888304452,10040.884888304452,0.0,0,0.003205723689589046
1708876799999,10040.884888304452,10040.884888304452,0.0,0,0.003205723689589046
1708891199999,10040.884888304452,10040.884888304452,0.0,0,0.003205723689589046
1708905599999,10040.884888304452,10040.884888304452,0.0,0,0.003205723689589046
1708919999999,10040.884888304452,10040.884888304452,0.0,0,0.003205723689589046
1708934399999,10040.884888304452,10040.884888304452,0.0,0,0.003205723689589046
1708948799999,10040.884888304452,10040.884888304452,0.0,0,0.003205723689589046
1708963199999,10040.884888304452,10040.884888304452,0.0,0,0.003205723689589046
1708977599999,9990.847388304452,10041.821146350334,82.5218682950982,1,0.0031127780307486086
1708991999999,9990.847388304452,10041.936676965946,82.5218682950982,1,0.0031013088965375912
1709006399999,9990.847388304452,10042.101720702538,82.5218682950982,1,0.003084924419093138
1709020799999,9990.847388304452,10041.639598240085,82.5218682950982,1,0.0031308009559374295
1709035199999,9990.847388304452,10042.010946647413,82.5218682950982,1,0.003093935881687493
1709049599999,9990.847388304452,10041.458050129835,82.5218682950982,1,0.0031488238811262503
1709063999999,9990.847388304452,10042.54733879133,82.5218682950982,1,0.003040686329993436
1709078399999,9990.847388304452,10042.332781933763,82.5218682950982,1,0.0030619861506711032
1709092799999,9990.847388304452,10041.771633229357,82.5218682950982,1,0.0031176933739819335
1709107199999,9990.847388304452,10042.671121593774,82.5218682950982,1,0.003028397971910013
1709121599999,9990.847388304452,10042.3987994284,82.5218682950982,1,0.0030554323596932997
1709135999999,9990.847388304452,10043.620123079167,82.5218682950982,1,0.0029341872266049895
1709150399999,9990.847388304452,10041.854155097652,82.5218682950982,1,0.0031095011352597623
1709164799999,9990.847388304452,10042.72888690158,82.5218682950982,1,0.0030226634048046153
1709179199999,9990.847388304452,10043.859436497223,82.5218682950982,1,0.002910429734310549
1709193599999,9990.847388304452,10047.259337470981,82.5218682950982,1,0.0025729094989563883
1709207999999,9940.809888304451,10048.287741113207,155.67475783423498,2,0.0024708162197574213
1709222399999,9940.809888304451,10048.645793056226,155.67475783423498,2,0.0024352711327063625
1709236799999,9940.809888304451,10046.139429455096,155.67475783423498,2,0.0026840867420626635
1709251199999,9940.809888304451,10042.730152258526,155.67475783423498,2,0.0030225377883300597
1709265599999,9940.809888304451,10045.532297899541,155.67475783423498,2,0.0027443588461926183
1709279999999,9940.809888304451,10044.177927506384,155.67475783423498,2,0.002878812001559039
1709294399999,9940.809888304451,10047.52493479982,155.67475783423498,2,0.00254654270956145
1709308799999,9940.809888304451,10046.57531877703,155.67475783423498,2,0.0026408144621747898
1709323199999,9940.809888304451,10048.381145967907,155.67475783423498,2,0.0024615435883528214
1709337599999,9940.809888304451,10052.817876566183,155.67475783423498,2,0.0020210935966350485
1709351999999,9890.772388304451,10060.901624984921,225.15780397097762,3,0.0012185912032137702
1709366399999,9890.772388304451,10056.105763760339,225.15780397097762,3,0.0016946933667004727
1709380799999,9890.772388304451,10055.835574395574,225.15780397097762,3,0.0017215160237982197
1709395199999,9890.772388304451,10055.205132544455,225.15780397097762,3,0.0017841022236932957
1709409599999,9890.772388304451,10057.591805266547,225.15780397097762,3,0.0015471687526623645
1709423999999,9890.772388304451,10057.749415729328,225.15780397097762,3,0.0015315222026885955
1709438399999,9890.772388304451,10057.276584340989,225.15780397097762,3,0.0015784618526097915
1709452799999,9890.772388304451,10050.994681610198,225.15780397097762,3,0.002202088630134602
1709467199999,9890.772388304451,10054.484627571748,225.15780397097762,3,0.0018556293092875098
1709481599999,9890.772388304451,10053.493933234276,225.15780397097762,3,0.001953979051979582
1709495999999,9890.772388304451,10054.16940664619,225.15780397097762,3,0.0018869224092349368
1709510399999,9890.772388304451,10054.664753814926,225.15780397097762,3,0.0018377475378887898
1709524799999,9890.772388304451,10060.789046082937,225.15780397097762,3,0.0012297673103378592
1709539199999,9890.772388304451,10066.64314898618,225.15780397097762,3,0.0006486097398847868
1709553599999,9890.772388304451,10067.228559276506,225.15780397097762,3,0.0005904939828393907
1709567999999,9890.772388304451,10068.151706272787,225.15780397097762,3,0.0004988499044217276
1709582399999,9890.772388304451,10065.674970429107,225.15780397097762,3,0.0007447242611519078
1709596799999,9890.772388304451,10064.1664131425,225.15780397097762,3,0.000894484096614856
1709611199999,9890.772388304451,10063.513455510985,225.15780397097762,3,0.000959305517934661
1709625599999,9890.772388304451,10060.496340937774,225.15780397097762,3,0.0012588251888604463
1709639999999,9890.772388304451,10063.648550193368,225.15780397097762,3,0.000945894189385732
1709654399999,9890.772388304451,10060.541372498568,225.15780397097762,3,0.0012543547460108773
1709668799999,9890.772388304451,10033.702562265227,225.15780397097762,3,0.003918738684396295
1709683199999,10033.730357996128,10033.730357996128,0.0,0,0.003915979303547368
1709697599999,10033.730357996128,10033.730357996128,0.0,0,0.003915979303547368
1709711999999,10033.730357996128,10033.730357996128,0.0,0,0.003915979303547368
1709726399999,10033.730357996128,10033.730357996128,0.0,0,0.003915979303547368
1709740799999,10033.730357996128,10033.730357996128,0.0,0,0.003915979303547368
1709755199999,10033.730357996128,10033.730357996128,0.0,0,0.003915979303547368
1709769599999,10033.730357996128,10033.730357996128,0.0,0,0.003915979303547368
1709783999999,10033.730357996128,10033.730357996128,0.0,0,0.003915979303547368
1709798399999,10033.730357996128,10033.730357996128,0.0,0,0.003915979303547368
1709812799999,10033.730357996128,10033.730357996128,0.0,0,0.003915979303547368
1709827199999,10033.730357996128,10033.730357996128,0.0,0,0.003915979303547368
1709841599999,10033.730357996128,10033.730357996128,0.0,0,0.003915979303547368
1709855999999,10033.730357996128,10033.730357996128,0.0,0,0.003915979303547368
1709870399999,10033.730357996128,10033.730357996128,0.0,0,0.003915979303547368
1709884799999,10033.730357996128,10033.730357996128,0.0,0,0.003915979303547368
1709899199999,10033.730357996128,10033.730357996128,0.0,0,0.003915979303547368
1709913599999,10033.730357996128,10033.730357996128,0.0,0,0.003915979303547368
1709927999999,10033.730357996128,10033.730357996128,0.0,0,0.003915979303547368
1709942399999,10033.730357996128,10033.730357996128,0.0,0,0.003915979303547368
1709956799999,10033.730357996128,10033.730357996128,0.0,0,0.003915979303547368
1709971199999,10033.730357996128,10033.730357996128,0.0,0,0.003915979303547368
1709985599999,10033.730357996128,10033.730357996128,0.0,0,0.003915979303547368
1709999999999,10033.730357996128,10033.730357996128,0.0,0,0.003915979303547368
1710014399999,10033.730357996128,10033.730357996128,0.0,0,0.003915979303547368
1710028799999,10033.730357996128,10033.730357996128,0.0,0,0.003915979303547368
1710043199999,10033.730357996128,10033.730357996128,0.0,0,0.003915979303547368
1710057599999,10033.730357996128,10033.730357996128,0.0,0,0.003915979303547368
1710071999999,10033.730357996128,10033.730357996128,0.0,0,0.003915979303547368
1710086399999,10033.730357996128,10033.730357996128,0.0,0,0.003915979303547368
1710100799999,10033.730357996128,10033.730357996128,0.0,0,0.003915979303547368
1710115199999,10033.730357996128,10033.730357996128,0.0,0,0.003915979303547368
1710129599999,10033.730357996128,10033.730357996128,0.0,0,0.003915979303547368
1710143999999,10033.730357996128,10033.730357996128,0.0,0,0.003915979303547368
1710158399999,10033.730357996128,10033.730357996128,0.0,0,0.003915979303547368
1710172799999,10033.730357996128,10033.730357996128,0.0,0,0.003915979303547368
1710187199999,9983.692857996128,10034.674930234461,65.91088847877668,1,0.00382220826531654
1710201599999,9983.692857996128,10034.80016092257,65.91088847877668,1,0.0038097761704848354
1710215999999,9983.692857996128,10033.613764929953,65.91088847877668,1,0.0039275539109961954
1710230399999,9983.692857996128,10033.244663954472,65.91088847877668,1,0.003964195874710752
1710244799999,9983.692857996128,10033.0007936671,65.91088847877668,1,0.003988405743593604
1710259199999,9983.692857996128,10032.934882778622,65.91088847877668,1,0.003994948951399846
1710273599999,9983.692857996128,10032.934882778622,65.91088847877668,1,0.003994948951399846
1710287999999,9983.692857996128,10033.0007936671,65.91088847877668,1,0.003988405743593604
1710302399999,9983.692857996128,10033.277619398712,65.91088847877668,1,0.003960924270807631
1710316799999,9983.692857996128,10033.982865905435,65.91088847877668,1,0.003890911947281417
1710331199999,9983.692857996128,10033.699449084976,65.91088847877668,1,0.003919047740848058
1710345599999,9983.692857996128,10032.87556297899,65.91088847877668,1,0.0040008378384254195
1710359999999,9983.692857996128,10033.257846132168,65.91088847877668,1,0.003962887233149526
1710374399999,9983.692857996128,10034.035594616218,65.91088847877668,1,0.003885677381036401
1710388799999,9983.692857996128,10033.752177795759,65.91088847877668,1,0.0039138131746030425
1710403199999,9983.692857996128,10035.307674763857,65.91088847877668,1,0.003759393470377126
1710417599999,9983.692857996128,10036.092014336755,65.91088847877668,1,0.0036815292974835545
1710431999999,9933.655357996127,10029.917533356194,128.79606015529535,2,0.004294491936640887
1710446399999,9933.655357996127,10027.27721412301,128.79606015529535,2,0.004556605796977586
1710460799999,10027.219867677228,10027.219867677228,0.0,0,0.004562298782163521
1710475199999,10027.219867677228,10027.219867677228,0.0,0,0.004562298782163521
1710489599999,10027.219867677228,10027.219867677228,0.0,0,0.004562298782163521
1710503999999,10027.219867677228,10027.219867677228,0.0,0,0.004562298782163521
1710518399999,10027.219867677228,10027.219867677228,0.0,0,0.004562298782163521
1710532799999,10027.219867677228,10027.219867677228,0.0,0,0.004562298782163521
1710547199999,10027.219867677228,10027.219867677228,0.0,0,0.004562298782163521
1710561599999,10027.219867677228,10027.219867677228,0.0,0,0.004562298782163521
1710575999999,10027.219867677228,10027.219867677228,0.0,0,0.004562298782163521
1710590399999,10027.219867677228,10027.219867677228,0.0,0,0.004562298782163521
1710604799999,10027.219867677228,10027.219867677228,0.0,0,0.004562298782163521
1710619199999,10027.219867677228,10027.219867677228,0.0,0,0.004562298782163521
1710633599999,10027.219867677228,10027.219867677228,0.0,0,0.004562298782163521
1710647999999,10027.219867677228,10027.219867677228,0.0,0,0.004562298782163521
1710662399999,10027.219867677228,10027.219867677228,0.0,0,0.004562298782163521
1710676799999,10027.219867677228,10027.219867677228,0.0,0,0.004562298782163521
1710691199999,10027.219867677228,10027.219867677228,0.0,0,0.004562298782163521
1710705599999,10027.219867677228,10027.219867677228,0.0,0,0.004562298782163521
1710719999999,10027.219867677228,10027.219867677228,0.0,0,0.004562298782163521
1710734399999,10027.219867677228,10027.219867677228,0.0,0,0.004562298782163521
1710748799999,10027.219867677228,10027.219867677228,0.0,0,0.004562298782163521
1710763199999,10027.219867677228,10027.219867677228,0.0,0,0.004562298782163521
1710777599999,10027.219867677228,10027.219867677228,0.0,0,0.004562298782163521
1710791999999,10027.219867677228,10027.219867677228,0.0,0,0.004562298782163521
1710806399999,10027.219867677228,10027.219867677228,0.0,0,0.004562298782163521
1710820799999,10027.219867677228,10027.219867677228,0.0,0,0.004562298782163521
1710835199999,10027.219867677228,10027.219867677228,0.0,0,0.004562298782163521
1710849599999,10027.219867677228,10027.219867677228,0.0,0,0.004562298782163521
1710863999999,10027.219867677228,10027.219867677228,0.0,0,0.004562298782163521
1710878399999,10027.219867677228,10027.219867677228,0.0,0,0.004562298782163521
1710892799999,10027.219867677228,10027.219867677228,0.0,0,0.004562298782163521
1710907199999,10027.219867677228,10027.219867677228,0.0,0,0.004562298782163521
1710921599999,10027.219867677228,10027.219867677228,0.0,0,0.004562298782163521
1710935999999,10027.219867677228,10027.219867677228,0.0,0,0.004562298782163521
1710950399999,10027.219867677228,10027.219867677228,0.0,0,0.004562298782163521
1710964799999,10027.219867677228,10027.219867677228,0.0,0,0.004562298782163521
1710979199999,10027.219867677228,10027.219867677228,0.0,0,0.004562298782163521
1710993599999,10027.219867677228,10027.219867677228,0.0,0,0.004562298782163521
1711007999999,10027.219867677228,10027.219867677228,0.0,0,0.004562298782163521
1711022399999,10027.219867677228,10027.219867677228,0.0,0,0.004562298782163521
1711036799999,10027.219867677228,10027.219867677228,0.0,0,0.004562298782163521
1711051199999,10027.219867677228,10027.219867677228,0.0,0,0.004562298782163521
1711065599999,10027.219867677228,10027.219867677228,0.0,0,0.004562298782163521
1711079999999,10027.219867677228,10027.219867677228,0.0,0,0.004562298782163521
1711094399999,10027.219867677228,10027.219867677228,0.0,0,0.004562298782163521
1711108799999,10027.219867677228,10027.219867677228,0.0,0,0.004562298782163521
1711123199999,10027.219867677228,10027.219867677228,0.0,0,0.004562298782163521
1711137599999,10027.219867677228,10027.219867677228,0.0,0,0.004562298782163521
1711151999999,10027.219867677228,10027.219867677228,0.0,0,0.004562298782163521
1711166399999,10027.219867677228,10027.219867677228,0.0,0,0.004562298782163521
1711180799999,10027.219867677228,10027.219867677228,0.0,0,0.004562298782163521
1711195199999,10027.219867677228,10027.219867677228,0.0,0,0.004562298782163521
1711209599999,10027.219867677228,10027.219867677228,0.0,0,0.004562298782163521
1711223999999,10027.219867677228,10027.219867677228,0.0,0,0.004562298782163521
1711238399999,10027.219867677228,10027.219867677228,0.0,0,0.004562298782163521
1711252799999,10027.219867677228,10027.219867677228,0.0,0,0.004562298782163521
1711267199999,10027.219867677228,10027.219867677228,0.0,0,0.004562298782163521
1711281599999,10027.219867677228,10027.219867677228,0.0,0,0.004562298782163521
1711295999999,10027.219867677228,10027.219867677228,0.0,0,0.004562298782163521
1711310399999,10027.219867677228,10027.219867677228,0.0,0,0.004562298782163521
1711324799999,10027.219867677228,10027.219867677228,0.0,0,0.004562298782163521
1711339199999,10027.219867677228,10027.219867677228,0.0,0,0.004562298782163521
1711353599999,10027.219867677228,10027.219867677228,0.0,0,0.004562298782163521
1711367999999,10027.219867677228,10027.219867677228,0.0,0,0.004562298782163521
1711382399999,10027.219867677228,10027.219867677228,0.0,0,0.004562298782163521
1711396799999,10027.219867677228,10027.219867677228,0.0,0,0.004562298782163521
1711411199999,10027.219867677228,10027.219867677228,0.0,0,0.004562298782163521
1711425599999,10027.219867677228,10027.219867677228,0.0,0,0.004562298782163521
1711439999999,10027.219867677228,10027.219867677228,0.0,0,0.004562298782163521
1711454399999,10027.219867677228,10027.219867677228,0.0,0,0.004562298782163521
1711468799999,10027.219867677228,10027.219867677228,0.0,0,0.004562298782163521
1711483199999,10027.219867677228,10027.219867677228,0.0,0,0.004562298782163521
1711497599999,10027.219867677228,10027.219867677228,0.0,0,0.004562298782163521
1711511999999,10027.219867677228,10027.219867677228,0.0,0,0.004562298782163521
1711526399999,10027.219867677228,10027.219867677228,0.0,0,0.004562298782163521
1711540799999,10027.219867677228,10027.219867677228,0.0,0,0.004562298782163521
1711555199999,10027.219867677228,10027.219867677228,0.0,0,0.004562298782163521
1711569599999,10027.219867677228,10027.219867677228,0.0,0,0.004562298782163521
1711583999999,10027.219867677228,10027.219867677228,0.0,0,0.004562298782163521
1711598399999,10027.219867677228,10027.219867677228,0.0,0,0.004562298782163521
1711612799999,10027.219867677228,10027.219867677228,0.0,0,0.004562298782163521
1711627199999,10027.219867677228,10027.219867677228,0.0,0,0.004562298782163521
1711641599999,10027.219867677228,10027.219867677228,0.0,0,0.004562298782163521
1711655999999,10027.219867677228,10027.219867677228,0.0,0,0.004562298782163521
1711670399999,10027.219867677228,10027.219867677228,0.0,0,0.004562298782163521
1711684799999,10027.219867677228,10027.219867677228,0.0,0,0.004562298782163521
1711699199999,10027.219867677228,10027.219867677228,0.0,0,0.004562298782163521
1711713599999,10027.219867677228,10027.219867677228,0.0,0,0.004562298782163521
1711727999999,10027.219867677228,10027.219867677228,0.0,0,0.004562298782163521
1711742399999,10027.219867677228,10027.219867677228,0.0,0,0.004562298782163521
1711756799999,10027.219867677228,10027.219867677228,0.0,0,0.004562298782163521
1711771199999,10027.219867677228,10027.219867677228,0.0,0,0.004562298782163521
1711785599999,10027.219867677228,10027.219867677228,0.0,0,0.004562298782163521
1711799999999,10027.219867677228,10027.219867677228,0.0,0,0.004562298782163521
1711814399999,10027.219867677228,10027.219867677228,0.0,0,0.004562298782163521
1711828799999,10027.219867677228,10027.219867677228,0.0,0,0.004562298782163521
1711843199999,10027.219867677228,10027.219867677228,0.0,0,0.004562298782163521
1711857599999,10027.219867677228,10027.219867677228,0.0,0,0.004562298782163521
1711871999999,10027.219867677228,10027.219867677228,0.0,0,0.004562298782163521
1711886399999,10027.219867677228,10027.219867677228,0.0,0,0.004562298782163521
1711900799999,10027.219867677228,10027.219867677228,0.0,0,0.004562298782163521
1711915199999,10027.219867677228,10027.219867677228,0.0,0,0.004562298782163521
1711929599999,10027.219867677228,10027.219867677228,0.0,0,0.004562298782163521
1711943999999,10027.219867677228,10027.219867677228,0.0,0,0.004562298782163521
1711958399999,10027.219867677228,10027.219867677228,0.0,0,0.004562298782163521
1711972799999,10027.219867677228,10027.219867677228,0.0,0,0.004562298782163521
1711987199999,10027.219867677228,10027.219867677228,0.0,0,0.004562298782163521
1712001599999,10027.219867677228,10027.219867677228,0.0,0,0.004562298782163521
1712015999999,10027.219867677228,10027.219867677228,0.0,0,0.004562298782163521
1712030399999,10027.219867677228,10027.219867677228,0.0,0,0.004562298782163521
1712044799999,10027.219867677228,10027.219867677228,0.0,0,0.004562298782163521
1712059199999,10027.219867677228,10027.219867677228,0.0,0,0.004562298782163521
1712073599999,10027.219867677228,10027.219867677228,0.0,0,0.004562298782163521
1712087999999,10027.219867677228,10027.219867677228,0.0,0,0.004562298782163521
1712102399999,10027.219867677228,10027.219867677228,0.0,0,0.004562298782163521
1712116799999,10027.219867677228,10027.219867677228,0.0,0,0.004562298782163521
1712131199999,10027.219867677228,10027.219867677228,0.0,0,0.004562298782163521
1712145599999,10027.219867677228,10027.219867677228,0.0,0,0.004562298782163521
1712159999999,10027.219867677228,10027.219867677228,0.0,0,0.004562298782163521
1712174399999,10027.219867677228,10027.219867677228,0.0,0,0.004562298782163521
1712188799999,10027.219867677228,10027.219867677228,0.0,0,0.004562298782163521
1712203199999,10027.219867677228,10027.219867677228,0.0,0,0.004562298782163521
1712217599999,10027.219867677228,10027.219867677228,0.0,0,0.004562298782163521
1712231999999,10027.219867677228,10027.219867677228,0.0,0,0.004562298782163521
1712246399999,10027.219867677228,10027.219867677228,0.0,0,0.004562298782163521
1712260799999,10027.219867677228,10027.219867677228,0.0,0,0.004562298782163521
1712275199999,10027.219867677228,10027.219867677228,0.0,0,0.004562298782163521
1712289599999,10027.219867677228,10027.219867677228,0.0,0,0.004562298782163521
1712303999999,10027.219867677228,10027.219867677228,0.0,0,0.004562298782163521
1712318399999,10027.219867677228,10027.219867677228,0.0,0,0.004562298782163521
1712332799999,10027.219867677228,10027.219867677228,0.0,0,0.004562298782163521
1712347199999,10027.219867677228,10027.219867677228,0.0,0,0.004562298782163521
1712361599999,10027.219867677228,10027.219867677228,0.0,0,0.004562298782163521
1712375999999,10027.219867677228,10027.219867677228,0.0,0,0.004562298782163521
1712390399999,10027.219867677228,10027.219867677228,0.0,0,0.004562298782163521
1712404799999,10027.219867677228,10027.219867677228,0.0,0,0.004562298782163521
1712419199999,10027.219867677228,10027.219867677228,0.0,0,0.004562298782163521
1712433599999,10027.219867677228,10027.219867677228,0.0,0,0.004562298782163521
1712447999999,10027.219867677228,10027.219867677228,0.0,0,0.004562298782163521
1712462399999,10027.219867677228,10027.219867677228,0.0,0,0.004562298782163521
1712476799999,10027.219867677228,10027.219867677228,0.0,0,0.004562298782163521
1712491199999,10027.219867677228,10027.219867677228,0.0,0,0.004562298782163521
1712505599999,10027.219867677228,10027.219867677228,0.0,0,0.004562298782163521
1712519999999,10027.219867677228,10027.219867677228,0.0,0,0.004562298782163521
1712534399999,10027.219867677228,10027.219867677228,0.0,0,0.004562298782163521
1712548799999,10027.219867677228,10027.219867677228,0.0,0,0.004562298782163521
1712563199999,10027.219867677228,10027.219867677228,0.0,0,0.004562298782163521
1712577599999,10027.219867677228,10027.219867677228,0.0,0,0.004562298782163521
1712591999999,10027.219867677228,10027.219867677228,0.0,0,0.004562298782163521
1712606399999,10027.219867677228,10027.219867677228,0.0,0,0.004562298782163521
1712620799999,10027.219867677228,10027.219867677228,0.0,0,0.004562298782163521
1712635199999,10027.219867677228,10027.219867677228,0.0,0,0.004562298782163521
1712649599999,10027.219867677228,10027.219867677228,0.0,0,0.004562298782163521
1712663999999,10027.219867677228,10027.219867677228,0.0,0,0.004562298782163521
1712678399999,10027.219867677228,10027.219867677228,0.0,0,0.004562298782163521
1712692799999,10027.219867677228,10027.219867677228,0.0,0,0.004562298782163521
1712707199999,10027.219867677228,10027.219867677228,0.0,0,0.004562298782163521
1712721599999,10027.219867677228,10027.219867677228,0.0,0,0.004562298782163521
1712735999999,10027.219867677228,10027.219867677228,0.0,0,0.004562298782163521
1712750399999,10027.219867677228,10027.219867677228,0.0,0,0.004562298782163521
1712764799999,10027.219867677228,10027.219867677228,0.0,0,0.004562298782163521
1712779199999,10027.219867677228,10027.219867677228,0.0,0,0.004562298782163521
1712793599999,10027.219867677228,10027.219867677228,0.0,0,0.004562298782163521
1712807999999,10027.219867677228,10027.219867677228,0.0,0,0.004562298782163521
1712822399999,10027.219867677228,10027.219867677228,0.0,0,0.004562298782163521
1712836799999,10027.219867677228,10027.219867677228,0.0,0,0.004562298782163521
1712851199999,10027.219867677228,10027.219867677228,0.0,0,0.004562298782163521
1712865599999,10027.219867677228,10027.219867677228,0.0,0,0.004562298782163521
1712879999999,10027.219867677228,10027.219867677228,0.0,0,0.004562298782163521
1712894399999,10027.219867677228,10027.219867677228,0.0,0,0.004562298782163521
1712908799999,10027.219867677228,10027.219867677228,0.0,0,0.004562298782163521
1712923199999,10027.219867677228,10027.219867677228,0.0,0,0.004562298782163521
1712937599999,10027.219867677228,10027.219867677228,0.0,0,0.004562298782163521
1712951999999,10027.219867677228,10027.219867677228,0.0,0,0.004562298782163521
1712966399999,10027.219867677228,10027.219867677228,0.0,0,0.004562298782163521
1712980799999,10027.219867677228,10027.219867677228,0.0,0,0.004562298782163521
1712995199999,10027.219867677228,10027.219867677228,0.0,0,0.004562298782163521
1713009599999,10027.219867677228,10027.219867677228,0.0,0,0.004562298782163521
1713023999999,10027.219867677228,10027.219867677228,0.0,0,0.004562298782163521
1713038399999,10027.219867677228,10027.219867677228,0.0,0,0.004562298782163521
1713052799999,10027.219867677228,10027.219867677228,0.0,0,0.004562298782163521
1713067199999,10027.219867677228,10027.219867677228,0.0,0,0.004562298782163521
1713081599999,10027.219867677228,10027.219867677228,0.0,0,0.004562298782163521
1713095999999,10027.219867677228,10027.219867677228,0.0,0,0.004562298782163521
1713110399999,10027.219867677228,10027.219867677228,0.0,0,0.004562298782163521
1713124799999,10027.219867677228,10027.219867677228,0.0,0,0.004562298782163521
1713139199999,10027.219867677228,10027.219867677228,0.0,0,0.004562298782163521
1713153599999,10027.219867677228,10027.219867677228,0.0,0,0.004562298782163521
1713167999999,10027.219867677228,10027.219867677228,0.0,0,0.004562298782163521
1713182399999,10027.219867677228,10027.219867677228,0.0,0,0.004562298782163521
1713196799999,10027.219867677228,10027.219867677228,0.0,0,0.004562298782163521
1713211199999,10027.219867677228,10027.219867677228,0.0,0,0.004562298782163521
1713225599999,10027.219867677228,10027.219867677228,0.0,0,0.004562298782163521
1713239999999,10027.219867677228,10027.219867677228,0.0,0,0.004562298782163521
1713254399999,10027.219867677228,10027.219867677228,0.0,0,0.004562298782163521
1713268799999,10027.219867677228,10027.219867677228,0.0,0,0.004562298782163521
1713283199999,10027.219867677228,10027.219867677228,0.0,0,0.004562298782163521
1713297599999,10027.219867677228,10027.219867677228,0.0,0,0.004562298782163521
1713311999999,10027.219867677228,10027.219867677228,0.0,0,0.004562298782163521
1713326399999,10027.219867677228,10027.219867677228,0.0,0,0.004562298782163521
1713340799999,10027.219867677228,10027.219867677228,0.0,0,0.004562298782163521
1713355199999,10027.219867677228,10027.219867677228,0.0,0,0.004562298782163521
1713369599999,10027.219867677228,10027.219867677228,0.0,0,0.004562298782163521
1713383999999,10027.219867677228,10027.219867677228,0.0,0,0.004562298782163521
1713398399999,10027.219867677228,10027.219867677228,0.0,0,0.004562298782163521
1713412799999,10027.219867677228,10027.219867677228,0.0,0,0.004562298782163521
1713427199999,10027.219867677228,10027.219867677228,0.0,0,0.004562298782163521
1713441599999,10027.219867677228,10027.219867677228,0.0,0,0.004562298782163521
1713455999999,10027.219867677228,10027.219867677228,0.0,0,0.004562298782163521
1713470399999,10027.219867677228,10027.219867677228,0.0,0,0.004562298782163521
1713484799999,10027.219867677228,10027.219867677228,0.0,0,0.004562298782163521
1713499199999,10027.219867677228,10027.219867677228,0.0,0,0.004562298782163521
1713513599999,10027.219867677228,10027.219867677228,0.0,0,0.004562298782163521
1713527999999,10027.219867677228,10027.219867677228,0.0,0,0.004562298782163521
1713542399999,10027.219867677228,10027.219867677228,0.0,0,0.004562298782163521
1713556799999,10027.219867677228,10027.219867677228,0.0,0,0.004562298782163521
1713571199999,10027.219867677228,10027.219867677228,0.0,0,0.004562298782163521
1713585599999,10027.219867677228,10027.219867677228,0.0,0,0.004562298782163521
1713599999999,10027.219867677228,10027.219867677228,0.0,0,0.004562298782163521
1713614399999,10027.219867677228,10027.219867677228,0.0,0,0.004562298782163521
1713628799999,10027.219867677228,10027.219867677228,0.0,0,0.004562298782163521
1713643199999,10027.219867677228,10027.219867677228,0.0,0,0.004562298782163521
1713657599999,10027.219867677228,10027.219867677228,0.0,0,0.004562298782163521
1713671999999,10027.219867677228,10027.219867677228,0.0,0,0.004562298782163521
1713686399999,10027.219867677228,10027.219867677228,0.0,0,0.004562298782163521
1713700799999,10027.219867677228,10027.219867677228,0.0,0,0.004562298782163521
1713715199999,10027.219867677228,10027.219867677228,0.0,0,0.004562298782163521
1713729599999,10027.219867677228,10027.219867677228,0.0,0,0.004562298782163521
1713743999999,10027.219867677228,10027.219867677228,0.0,0,0.004562298782163521
1713758399999,10027.219867677228,10027.219867677228,0.0,0,0.004562298782163521
1713772799999,10027.219867677228,10027.219867677228,0.0,0,0.004562298782163521
1713787199999,10027.219867677228,10027.219867677228,0.0,0,0.004562298782163521
1713801599999,10027.219867677228,10027.219867677228,0.0,0,0.004562298782163521
1713815999999,10027.219867677228,10027.219867677228,0.0,0,0.004562298782163521
1713830399999,10027.219867677228,10027.219867677228,0.0,0,0.004562298782163521
1713844799999,10027.219867677228,10027.219867677228,0.0,0,0.004562298782163521
1713859199999,10027.219867677228,10027.219867677228,0.0,0,0.004562298782163521
1713873599999,10027.219867677228,10027.219867677228,0.0,0,0.004562298782163521
1713887999999,10027.219867677228,10027.219867677228,0.0,0,0.004562298782163521
1713902399999,10027.219867677228,10027.219867677228,0.0,0,0.004562298782163521
1713916799999,10027.219867677228,10027.219867677228,0.0,0,0.004562298782163521
1713931199999,10027.219867677228,10027.219867677228,0.0,0,0.004562298782163521
1713945599999,10027.219867677228,10027.219867677228,0.0,0,0.004562298782163521
1713959999999,10027.219867677228,10027.219867677228,0.0,0,0.004562298782163521
1713974399999,10027.219867677228,10027.219867677228,0.0,0,0.004562298782163521
1713988799999,10027.219867677228,10027.219867677228,0.0,0,0.004562298782163521
1714003199999,10027.219867677228,10027.219867677228,0.0,0,0.004562298782163521
1714017599999,10027.219867677228,10027.219867677228,0.0,0,0.004562298782163521
1714031999999,10027.219867677228,10027.219867677228,0.0,0,0.004562298782163521
1714046399999,10027.219867677228,10027.219867677228,0.0,0,0.004562298782163521
1714060799999,10027.219867677228,10027.219867677228,0.0,0,0.004562298782163521
1714075199999,10027.219867677228,10027.219867677228,0.0,0,0.004562298782163521
1714089599999,10027.219867677228,10027.219867677228,0.0,0,0.004562298782163521
1714103999999,10027.219867677228,10027.219867677228,0.0,0,0.004562298782163521
1714118399999,10027.219867677228,10027.219867677228,0.0,0,0.004562298782163521
1714132799999,10027.219867677228,10027.219867677228,0.0,0,0.004562298782163521
1714147199999,10027.219867677228,10027.219867677228,0.0,0,0.004562298782163521
1714161599999,10027.219867677228,10027.219867677228,0.0,0,0.004562298782163521
1714175999999,10027.219867677228,10027.219867677228,0.0,0,0.004562298782163521
1714190399999,10027.219867677228,10027.219867677228,0.0,0,0.004562298782163521
1714204799999,10027.219867677228,10027.219867677228,0.0,0,0.004562298782163521
1714219199999,10027.219867677228,10027.219867677228,0.0,0,0.004562298782163521
1714233599999,10027.219867677228,10027.219867677228,0.0,0,0.004562298782163521
1714247999999,10027.219867677228,10027.219867677228,0.0,0,0.004562298782163521
1714262399999,10027.219867677228,10027.219867677228,0.0,0,0.004562298782163521
1714276799999,10027.219867677228,10027.219867677228,0.0,0,0.004562298782163521
1714291199999,10027.219867677228,10027.219867677228,0.0,0,0.004562298782163521
1714305599999,10027.219867677228,10027.219867677228,0.0,0,0.004562298782163521
1714319999999,10027.219867677228,10027.219867677228,0.0,0,0.004562298782163521
1714334399999,10027.219867677228,10027.219867677228,0.0,0,0.004562298782163521
1714348799999,10027.219867677228,10027.219867677228,0.0,0,0.004562298782163521
1714363199999,10027.219867677228,10027.219867677228,0.0,0,0.004562298782163521
1714377599999,10027.219867677228,10027.219867677228,0.0,0,0.004562298782163521
1714391999999,10027.219867677228,10027.219867677228,0.0,0,0.004562298782163521
1714406399999,10027.219867677228,10027.219867677228,0.0,0,0.004562298782163521
1714420799999,10027.219867677228,10027.219867677228,0.0,0,0.004562298782163521
1714435199999,10027.219867677228,10027.219867677228,0.0,0,0.004562298782163521
1714449599999,10027.219867677228,10027.219867677228,0.0,0,0.004562298782163521
1714463999999,10027.219867677228,10027.219867677228,0.0,0,0.004562298782163521
1714478399999,10027.219867677228,10027.219867677228,0.0,0,0.004562298782163521
1714492799999,10027.219867677228,10027.219867677228,0.0,0,0.004562298782163521
1714507199999,10027.219867677228,10027.219867677228,0.0,0,0.004562298782163521
1714521599999,10027.219867677228,10027.219867677228,0.0,0,0.004562298782163521
1714535999999,10027.219867677228,10027.219867677228,0.0,0,0.004562298782163521
1714550399999,10027.219867677228,10027.219867677228,0.0,0,0.004562298782163521
1714564799999,10027.219867677228,10027.219867677228,0.0,0,0.004562298782163521
1714579199999,10027.219867677228,10027.219867677228,0.0,0,0.004562298782163521
1714593599999,10027.219867677228,10027.219867677228,0.0,0,0.004562298782163521
1714607999999,10027.219867677228,10027.219867677228,0.0,0,0.004562298782163521
1714622399999,10027.219867677228,10027.219867677228,0.0,0,0.004562298782163521
1714636799999,10027.219867677228,10027.219867677228,0.0,0,0.004562298782163521
1714651199999,10027.219867677228,10027.219867677228,0.0,0,0.004562298782163521
1714665599999,10027.219867677228,10027.219867677228,0.0,0,0.004562298782163521
1714679999999,10027.219867677228,10027.219867677228,0.0,0,0.004562298782163521
1714694399999,10027.219867677228,10027.219867677228,0.0,0,0.004562298782163521
1714708799999,10027.219867677228,10027.219867677228,0.0,0,0.004562298782163521
1714723199999,10027.219867677228,10027.219867677228,0.0,0,0.004562298782163521
1714737599999,10027.219867677228,10027.219867677228,0.0,0,0.004562298782163521
1714751999999,10027.219867677228,10027.219867677228,0.0,0,0.004562298782163521
1714766399999,10027.219867677228,10027.219867677228,0.0,0,0.004562298782163521
1714780799999,10027.219867677228,10027.219867677228,0.0,0,0.004562298782163521
1714795199999,10027.219867677228,10027.219867677228,0.0,0,0.004562298782163521
1714809599999,10027.219867677228,10027.219867677228,0.0,0,0.004562298782163521
1714823999999,10027.219867677228,10027.219867677228,0.0,0,0.004562298782163521
1714838399999,10027.219867677228,10027.219867677228,0.0,0,0.004562298782163521
1714852799999,10027.219867677228,10027.219867677228,0.0,0,0.004562298782163521
1714867199999,10027.219867677228,10027.219867677228,0.0,0,0.004562298782163521
1714881599999,10027.219867677228,10027.219867677228,0.0,0,0.004562298782163521
1714895999999,10027.219867677228,10027.219867677228,0.0,0,0.004562298782163521
1714910399999,10027.219867677228,10027.219867677228,0.0,0,0.004562298782163521
1714924799999,10027.219867677228,10027.219867677228,0.0,0,0.004562298782163521
1714939199999,10027.219867677228,10027.219867677228,0.0,0,0.004562298782163521
1714953599999,10027.219867677228,10027.219867677228,0.0,0,0.004562298782163521
1714967999999,10027.219867677228,10027.219867677228,0.0,0,0.004562298782163521
1714982399999,10027.219867677228,10027.219867677228,0.0,0,0.004562298782163521
1714996799999,10027.219867677228,10027.219867677228,0.0,0,0.004562298782163521
1715011199999,10027.219867677228,10027.219867677228,0.0,0,0.004562298782163521
1715025599999,10027.219867677228,10027.219867677228,0.0,0,0.004562298782163521
1715039999999,10027.219867677228,10027.219867677228,0.0,0,0.004562298782163521
1715054399999,10027.219867677228,10027.219867677228,0.0,0,0.004562298782163521
1715068799999,10027.219867677228,10027.219867677228,0.0,0,0.004562298782163521
1715083199999,10027.219867677228,10027.219867677228,0.0,0,0.004562298782163521
1715097599999,10027.219867677228,10027.219867677228,0.0,0,0.004562298782163521
1715111999999,10027.219867677228,10027.219867677228,0.0,0,0.004562298782163521
1715126399999,10027.219867677228,10027.219867677228,0.0,0,0.004562298782163521
1715140799999,10027.219867677228,10027.219867677228,0.0,0,0.004562298782163521
1715155199999,10027.219867677228,10027.219867677228,0.0,0,0.004562298782163521
1715169599999,10027.219867677228,10027.219867677228,0.0,0,0.004562298782163521
1715183999999,10027.219867677228,10027.219867677228,0.0,0,0.004562298782163521
1715198399999,10027.219867677228,10027.219867677228,0.0,0,0.004562298782163521
1715212799999,10027.219867677228,10027.219867677228,0.0,0,0.004562298782163521
1715227199999,10027.219867677228,10027.219867677228,0.0,0,0.004562298782163521
1715241599999,10027.219867677228,10027.219867677228,0.0,0,0.004562298782163521
1715255999999,10027.219867677228,10027.219867677228,0.0,0,0.004562298782163521
1715270399999,10027.219867677228,10027.219867677228,0.0,0,0.004562298782163521
1715284799999,10027.219867677228,10027.219867677228,0.0,0,0.004562298782163521
1715299199999,10027.219867677228,10027.219867677228,0.0,0,0.004562298782163521
1715313599999,10027.219867677228,10027.219867677228,0.0,0,0.004562298782163521
1715327999999,10027.219867677228,10027.219867677228,0.0,0,0.004562298782163521
1715342399999,10027.219867677228,10027.219867677228,0.0,0,0.004562298782163521
1715356799999,10027.219867677228,10027.219867677228,0.0,0,0.004562298782163521
1715371199999,10027.219867677228,10027.219867677228,0.0,0,0.004562298782163521
1715385599999,10027.219867677228,10027.219867677228,0.0,0,0.004562298782163521
1715399999999,10027.219867677228,10027.219867677228,0.0,0,0.004562298782163521
1715414399999,10027.219867677228,10027.219867677228,0.0,0,0.004562298782163521
1715428799999,10027.219867677228,10027.219867677228,0.0,0,0.004562298782163521
1715443199999,10027.219867677228,10027.219867677228,0.0,0,0.004562298782163521
1715457599999,10027.219867677228,10027.219867677228,0.0,0,0.004562298782163521
1715471999999,10027.219867677228,10027.219867677228,0.0,0,0.004562298782163521
1715486399999,10027.219867677228,10027.219867677228,0.0,0,0.004562298782163521
1715500799999,10027.219867677228,10027.219867677228,0.0,0,0.004562298782163521
1715515199999,10027.219867677228,10027.219867677228,0.0,0,0.004562298782163521
1715529599999,10027.219867677228,10027.219867677228,0.0,0,0.004562298782163521
1715543999999,10027.219867677228,10027.219867677228,0.0,0,0.004562298782163521
1715558399999,10027.219867677228,10027.219867677228,0.0,0,0.004562298782163521
1715572799999,10027.219867677228,10027.219867677228,0.0,0,0.004562298782163521
1715587199999,10027.219867677228,10027.219867677228,0.0,0,0.004562298782163521
1715601599999,10027.219867677228,10027.219867677228,0.0,0,0.004562298782163521
1715615999999,10027.219867677228,10027.219867677228,0.0,0,0.004562298782163521
1715630399999,10027.219867677228,10027.219867677228,0.0,0,0.004562298782163521
1715644799999,10027.219867677228,10027.219867677228,0.0,0,0.004562298782163521
1715659199999,10027.219867677228,10027.219867677228,0.0,0,0.004562298782163521
1715673599999,10027.219867677228,10027.219867677228,0.0,0,0.004562298782163521
1715687999999,10027.219867677228,10027.219867677228,0.0,0,0.004562298782163521
1715702399999,10027.219867677228,10027.219867677228,0.0,0,0.004562298782163521
1715716799999,10027.219867677228,10027.219867677228,0.0,0,0.004562298782163521
1715731199999,10027.219867677228,10027.219867677228,0.0,0,0.004562298782163521
1715745599999,10027.219867677228,10027.219867677228,0.0,0,0.004562298782163521
1715759999999,10027.219867677228,10027.219867677228,0.0,0,0.004562298782163521
1715774399999,10027.219867677228,10027.219867677228,0.0,0,0.004562298782163521
1715788799999,10027.219867677228,10027.219867677228,0.0,0,0.004562298782163521
1715803199999,10027.219867677228,10027.219867677228,0.0,0,0.004562298782163521
1715817599999,10027.219867677228,10027.219867677228,0.0,0,0.004562298782163521
1715831999999,10027.219867677228,10027.219867677228,0.0,0,0.004562298782163521
1715846399999,10027.219867677228,10027.219867677228,0.0,0,0.004562298782163521
1715860799999,10027.219867677228,10027.219867677228,0.0,0,0.004562298782163521
1715875199999,10027.219867677228,10027.219867677228,0.0,0,0.004562298782163521
1715889599999,10027.219867677228,10027.219867677228,0.0,0,0.004562298782163521
1715903999999,10027.219867677228,10027.219867677228,0.0,0,0.004562298782163521
1715918399999,10027.219867677228,10027.219867677228,0.0,0,0.004562298782163521
1715932799999,10027.219867677228,10027.219867677228,0.0,0,0.004562298782163521
1715947199999,9977.182367677227,10027.92102768555,104.03662089055346,1,0.00449269213983583
1715961599999,9977.182367677227,10027.452862891543,104.03662089055346,1,0.004539168520376724
1715975999999,9977.182367677227,10027.48407387781,104.03662089055346,1,0.0045360700950074495
1715990399999,9977.182367677227,10027.36963359483,104.03662089055346,1,0.004547430988028567
1716004799999,9977.182367677227,10027.692147119591,104.03662089055346,1,0.0045154139258780646
1716019199999,9977.182367677227,10027.171964015139,104.03662089055346,1,0.004567054348701305
1716033599999,9977.182367677227,10027.515284864077,104.03662089055346,1,0.004532971669637953
1716047999999,9977.182367677227,10027.234385987673,104.03662089055346,1,0.004560857497962534
1716062399999,9977.182367677227,10027.504881201989,104.03662089055346,1,0.004534004478094378
1716076799999,9977.182367677227,10027.328018946475,104.03662089055346,1,0.004551562221854266
1716091199999,9977.182367677227,10027.348826270652,104.03662089055346,1,0.0045494966049414165
1716105599999,9977.182367677227,10027.14075302887,104.03662089055346,1,0.0045701527740708014
1716119999999,9977.182367677227,10026.870257814555,104.03662089055346,1,0.0045970057939389575
1716134399999,9977.182367677227,10026.152405130411,104.03662089055346,1,0.004668269577434936
1716148799999,9977.182367677227,10025.892313578184,104.03662089055346,1,0.004694089788846667
1716163199999,9977.182367677227,10025.788276957293,104.03662089055346,1,0.0047044178734113595
1716177599999,9977.182367677227,10026.121194144143,104.03662089055346,1,0.004671368002804432
1716191999999,9977.182367677227,10025.788276957293,104.03662089055346,1,0.0047044178734113595
1716206399999,9977.182367677227,10025.777873295205,104.03662089055346,1,0.004705450681867784
1716220799999,9977.182367677227,10025.923524564452,104.03662089055346,1,0.0046909913634771705
1716235199999,9977.182367677227,10028.118697265243,104.03662089055346,1,0.00447306877916287
1716249599999,9977.182367677227,10029.408751364284,104.03662089055346,1,0.004345000530561305
1716263999999,9927.144867677227,10028.648628867328,203.61837751274027,2,0.004420460588383857
1716278399999,9927.144867677227,10029.198398486613,203.61837751274027,2,0.004365883007235505
1716292799999,9927.144867677227,10029.15767481111,203.61837751274027,2,0.004369925791024354
1716307199999,9927.144867677227,10028.445010489815,203.61837751274027,2,0.004440674507327658
1716321599999,9927.144867677227,10028.017411897039,203.61837751274027,2,0.004483123737109684
1716335999999,9927.144867677227,10027.854517195028,203.61837751274027,2,0.0044992948722647474
1716350399999,9927.144867677227,10027.304747575745,203.61837751274027,2,0.004553872453412877
1716364799999,9927.144867677227,10026.938234496221,203.61837751274027,2,0.004590257507511852
1716379199999,9927.144867677227,10025.288925638368,203.61837751274027,2,0.004753990250956686
1716393599999,9927.144867677227,10025.655438717891,203.61837751274027,2,0.004717605196857821
1716407999999,9927.144867677227,10025.248201962866,203.61837751274027,2,0.004758033034745424
1716422399999,9927.144867677227,10025.594353204637,203.61837751274027,2,0.004723669372540984
1716436799999,9927.144867677227,10026.266293850429,203.61837751274027,2,0.004656963440026418
1716451199999,9927.144867677227,10025.94050444641,203.61837751274027,2,0.004689305710336433
1716465599999,9927.144867677227,10025.920142608657,203.61837751274027,2,0.004691327102230969
1716479999999,9927.144867677227,10022.43826835319,203.61837751274027,2,0.005036985116170123
1716494399999,10022.34645173631,10022.34645173631,0.0,0,0.005046100077569782
1716508799999,10022.34645173631,10022.34645173631,0.0,0,0.005046100077569782
1716523199999,10022.34645173631,10022.34645173631,0.0,0,0.005046100077569782
1716537599999,10022.34645173631,10022.34645173631,0.0,0,0.005046100077569782
1716551999999,10022.34645173631,10022.34645173631,0.0,0,0.005046100077569782
1716566399999,10022.34645173631,10022.34645173631,0.0,0,0.005046100077569782
1716580799999,10022.34645173631,10022.34645173631,0.0,0,0.005046100077569782
1716595199999,10022.34645173631,10022.34645173631,0.0,0,0.005046100077569782
1716609599999,10022.34645173631,10022.34645173631,0.0,0,0.005046100077569782
1716623999999,10022.34645173631,10022.34645173631,0.0,0,0.005046100077569782
1716638399999,10022.34645173631,10022.34645173631,0.0,0,0.005046100077569782
1716652799999,10022.34645173631,10022.34645173631,0.0,0,0.005046100077569782
1716667199999,10022.34645173631,10022.34645173631,0.0,0,0.005046100077569782
1716681599999,10022.34645173631,10022.34645173631,0.0,0,0.005046100077569782
1716695999999,10022.34645173631,10022.34645173631,0.0,0,0.005046100077569782
1716710399999,10022.34645173631,10022.34645173631,0.0,0,0.005046100077569782
1716724799999,10022.34645173631,10022.34645173631,0.0,0,0.005046100077569782
1716739199999,10022.34645173631,10022.34645173631,0.0,0,0.005046100077569782
1716753599999,10022.34645173631,10022.34645173631,0.0,0,0.005046100077569782
1716767999999,10022.34645173631,10022.34645173631,0.0,0,0.005046100077569782
1716782399999,10022.34645173631,10022.34645173631,0.0,0,0.005046100077569782
1716796799999,10022.34645173631,10022.34645173631,0.0,0,0.005046100077569782
1716811199999,10022.34645173631,10022.34645173631,0.0,0,0.005046100077569782
1716825599999,10022.34645173631,10022.34645173631,0.0,0,0.005046100077569782
1716839999999,10022.34645173631,10022.34645173631,0.0,0,0.005046100077569782
1716854399999,10022.34645173631,10022.34645173631,0.0,0,0.005046100077569782
1716868799999,10022.34645173631,10022.34645173631,0.0,0,0.005046100077569782
1716883199999,10022.34645173631,10022.34645173631,0.0,0,0.005046100077569782
1716897599999,10022.34645173631,10022.34645173631,0.0,0,0.005046100077569782
1716911999999,10022.34645173631,10022.34645173631,0.0,0,0.005046100077569782
1716926399999,10022.34645173631,10022.34645173631,0.0,0,0.005046100077569782
1716940799999,10022.34645173631,10022.34645173631,0.0,0,0.005046100077569782
1716955199999,10022.34645173631,10022.34645173631,0.0,0,0.005046100077569782
1716969599999,10022.34645173631,10022.34645173631,0.0,0,0.005046100077569782
1716983999999,10022.34645173631,10022.34645173631,0.0,0,0.005046100077569782
1716998399999,10022.34645173631,10022.34645173631,0.0,0,0.005046100077569782
1717012799999,10022.34645173631,10022.34645173631,0.0,0,0.005046100077569782
1717027199999,10022.34645173631,10022.34645173631,0.0,0,0.005046100077569782
1717041599999,10022.34645173631,10022.34645173631,0.0,0,0.005046100077569782
1717055999999,10022.34645173631,10022.34645173631,0.0,0,0.005046100077569782
1717070399999,10022.34645173631,10022.34645173631,0.0,0,0.005046100077569782
1717084799999,10022.34645173631,10022.34645173631,0.0,0,0.005046100077569782
1717099199999,10022.34645173631,10022.34645173631,0.0,0,0.005046100077569782
1717113599999,10022.34645173631,10022.34645173631,0.0,0,0.005046100077569782
1717127999999,10022.34645173631,10022.34645173631,0.0,0,0.005046100077569782
1717142399999,10022.34645173631,10022.34645173631,0.0,0,0.005046100077569782
1717156799999,10022.34645173631,10022.34645173631,0.0,0,0.005046100077569782
1717171199999,10022.34645173631,10022.34645173631,0.0,0,0.005046100077569782
1717185599999,10022.34645173631,10022.34645173631,0.0,0,0.005046100077569782
1717199999999,10022.34645173631,10022.34645173631,0.0,0,0.005046100077569782
1717214399999,10022.34645173631,10022.34645173631,0.0,0,0.005046100077569782
1717228799999,10022.34645173631,10022.34645173631,0.0,0,0.005046100077569782
1717243199999,10022.34645173631,10022.34645173631,0.0,0,0.005046100077569782
1717257599999,10022.34645173631,10022.34645173631,0.0,0,0.005046100077569782
1717271999999,10022.34645173631,10022.34645173631,0.0,0,0.005046100077569782
1717286399999,10022.34645173631,10022.34645173631,0.0,0,0.005046100077569782
1717300799999,10022.34645173631,10022.34645173631,0.0,0,0.005046100077569782
1717315199999,10022.34645173631,10022.34645173631,0.0,0,0.005046100077569782
1717329599999,10022.34645173631,10022.34645173631,0.0,0,0.005046100077569782
1717343999999,10022.34645173631,10022.34645173631,0.0,0,0.005046100077569782
1717358399999,10022.34645173631,10022.34645173631,0.0,0,0.005046100077569782
1717372799999,10022.34645173631,10022.34645173631,0.0,0,0.005046100077569782
1717387199999,10022.34645173631,10022.34645173631,0.0,0,0.005046100077569782
1717401599999,10022.34645173631,10022.34645173631,0.0,0,0.005046100077569782
1717415999999,10022.34645173631,10022.34645173631,0.0,0,0.005046100077569782
1717430399999,10022.34645173631,10022.34645173631,0.0,0,0.005046100077569782
1717444799999,10022.34645173631,10022.34645173631,0.0,0,0.005046100077569782
1717459199999,10022.34645173631,10022.34645173631,0.0,0,0.005046100077569782
1717473599999,10022.34645173631,10022.34645173631,0.0,0,0.005046100077569782
1717487999999,10022.34645173631,10022.34645173631,0.0,0,0.005046100077569782
1717502399999,10022.34645173631,10022.34645173631,0.0,0,0.005046100077569782
1717516799999,10022.34645173631,10022.34645173631,0.0,0,0.005046100077569782
1717531199999,10022.34645173631,10022.34645173631,0.0,0,0.005046100077569782
1717545599999,10022.34645173631,10022.34645173631,0.0,0,0.005046100077569782
1717559999999,10022.34645173631,10022.34645173631,0.0,0,0.005046100077569782
1717574399999,10022.34645173631,10022.34645173631,0.0,0,0.005046100077569782
1717588799999,10022.34645173631,10022.34645173631,0.0,0,0.005046100077569782
1717603199999,10022.34645173631,10022.34645173631,0.0,0,0.005046100077569782
1717617599999,10022.34645173631,10022.34645173631,0.0,0,0.005046100077569782
1717631999999,10022.34645173631,10022.34645173631,0.0,0,0.005046100077569782
1717646399999,10022.34645173631,10022.34645173631,0.0,0,0.005046100077569782
1717660799999,10022.34645173631,10022.34645173631,0.0,0,0.005046100077569782
1717675199999,10022.34645173631,10022.34645173631,0.0,0,0.005046100077569782
1717689599999,10022.34645173631,10022.34645173631,0.0,0,0.005046100077569782
1717703999999,10022.34645173631,10022.34645173631,0.0,0,0.005046100077569782
1717718399999,10022.34645173631,10022.34645173631,0.0,0,0.005046100077569782
1717732799999,10022.34645173631,10022.34645173631,0.0,0,0.005046100077569782
1717747199999,10022.34645173631,10022.34645173631,0.0,0,0.005046100077569782
1717761599999,10022.34645173631,10022.34645173631,0.0,0,0.005046100077569782
1717775999999,9972.30895173631,10021.771761653665,103.30578512396694,1,0.005103151601554501
1717790399999,9972.30895173631,10018.703579835483,103.30578512396694,1,0.0054077408991178855
1717804799999,10018.65846103383,10018.65846103383,0.0,0,0.005412220002677159
1717819199999,10018.65846103383,10018.65846103383,0.0,0,0.005412220002677159
1717833599999,10018.65846103383,10018.65846103383,0.0,0,0.005412220002677159
1717847999999,10018.65846103383,10018.65846103383,0.0,0,0.005412220002677159
1717862399999,10018.65846103383,10018.65846103383,0.0,0,0.005412220002677159
1717876799999,10018.65846103383,10018.65846103383,0.0,0,0.005412220002677159
1717891199999,10018.65846103383,10018.65846103383,0.0,0,0.005412220002677159
1717905599999,10018.65846103383,10018.65846103383,0.0,0,0.005412220002677159
1717919999999,10018.65846103383,10018.65846103383,0.0,0,0.005412220002677159
1717934399999,10018.65846103383,10018.65846103383,0.0,0,0.005412220002677159
1717948799999,10018.65846103383,10018.65846103383,0.0,0,0.005412220002677159
1717963199999,10018.65846103383,10018.65846103383,0.0,0,0.005412220002677159
1717977599999,10018.65846103383,10018.65846103383,0.0,0,0.005412220002677159
1717991999999,10018.65846103383,10018.65846103383,0.0,0,0.005412220002677159
1718006399999,10018.65846103383,10018.65846103383,0.0,0,0.005412220002677159
1718020799999,10018.65846103383,10018.65846103383,0.0,0,0.005412220002677159
1718035199999,10018.65846103383,10018.65846103383,0.0,0,0.005412220002677159
1718049599999,10018.65846103383,10018.65846103383,0.0,0,0.005412220002677159
1718063999999,10018.65846103383,10018.65846103383,0.0,0,0.005412220002677159
1718078399999,10018.65846103383,10018.65846103383,0.0,0,0.005412220002677159
1718092799999,10018.65846103383,10018.65846103383,0.0,0,0.005412220002677159
1718107199999,10018.65846103383,10018.65846103383,0.0,0,0.005412220002677159
1718121599999,10018.65846103383,10018.65846103383,0.0,0,0.005412220002677159
1718135999999,10018.65846103383,10018.65846103383,0.0,0,0.005412220002677159
1718150399999,10018.65846103383,10018.65846103383,0.0,0,0.005412220002677159
1718164799999,10018.65846103383,10018.65846103383,0.0,0,0.005412220002677159
1718179199999,10018.65846103383,10018.65846103383,0.0,0,0.005412220002677159
1718193599999,10018.65846103383,10018.65846103383,0.0,0,0.005412220002677159
1718207999999,10018.65846103383,10018.65846103383,0.0,0,0.005412220002677159
1718222399999,10018.65846103383,10018.65846103383,0.0,0,0.005412220002677159
1718236799999,10018.65846103383,10018.65846103383,0.0,0,0.005412220002677159
1718251199999,10018.65846103383,10018.65846103383,0.0,0,0.005412220002677159
1718265599999,10018.65846103383,10018.65846103383,0.0,0,0.005412220002677159
1718279999999,10018.65846103383,10018.65846103383,0.0,0,0.005412220002677159
1718294399999,10018.65846103383,10018.65846103383,0.0,0,0.005412220002677159
1718308799999,10018.65846103383,10018.65846103383,0.0,0,0.005412220002677159
1718323199999,10018.65846103383,10018.65846103383,0.0,0,0.005412220002677159
1718337599999,10018.65846103383,10018.65846103383,0.0,0,0.005412220002677159
1718351999999,10018.65846103383,10018.65846103383,0.0,0,0.005412220002677159
1718366399999,10018.65846103383,10018.65846103383,0.0,0,0.005412220002677159
1718380799999,10018.65846103383,10018.65846103383,0.0,0,0.005412220002677159
1718395199999,10018.65846103383,10018.65846103383,0.0,0,0.005412220002677159
1718409599999,10018.65846103383,10018.65846103383,0.0,0,0.005412220002677159
1718423999999,10018.65846103383,10018.65846103383,0.0,0,0.005412220002677159
1718438399999,10018.65846103383,10018.65846103383,0.0,0,0.005412220002677159
1718452799999,10018.65846103383,10018.65846103383,0.0,0,0.005412220002677159
1718467199999,10018.65846103383,10018.65846103383,0.0,0,0.005412220002677159
1718481599999,10018.65846103383,10018.65846103383,0.0,0,0.005412220002677159
1718495999999,10018.65846103383,10018.65846103383,0.0,0,0.005412220002677159
1718510399999,10018.65846103383,10018.65846103383,0.0,0,0.005412220002677159
1718524799999,10018.65846103383,10018.65846103383,0.0,0,0.005412220002677159
1718539199999,10018.65846103383,10018.65846103383,0.0,0,0.005412220002677159
1718553599999,10018.65846103383,10018.65846103383,0.0,0,0.005412220002677159
1718567999999,10018.65846103383,10018.65846103383,0.0,0,0.005412220002677159
1718582399999,10018.65846103383,10018.65846103383,0.0,0,0.005412220002677159
1718596799999,10018.65846103383,10018.65846103383,0.0,0,0.005412220002677159
1718611199999,10018.65846103383,10018.65846103383,0.0,0,0.005412220002677159
1718625599999,10018.65846103383,10018.65846103383,0.0,0,0.005412220002677159
1718639999999,10018.65846103383,10018.65846103383,0.0,0,0.005412220002677159
1718654399999,10018.65846103383,10018.65846103383,0.0,0,0.005412220002677159
1718668799999,10018.65846103383,10018.65846103383,0.0,0,0.005412220002677159
1718683199999,10018.65846103383,10018.65846103383,0.0,0,0.005412220002677159
1718697599999,10018.65846103383,10018.65846103383,0.0,0,0.005412220002677159
1718711999999,10018.65846103383,10018.65846103383,0.0,0,0.005412220002677159
1718726399999,10018.65846103383,10018.65846103383,0.0,0,0.005412220002677159
1718740799999,10018.65846103383,10018.65846103383,0.0,0,0.005412220002677159
1718755199999,10018.65846103383,10018.65846103383,0.0,0,0.005412220002677159
1718769599999,10018.65846103383,10018.65846103383,0.0,0,0.005412220002677159
1718783999999,10018.65846103383,10018.65846103383,0.0,0,0.005412220002677159
1718798399999,10018.65846103383,10018.65846103383,0.0,0,0.005412220002677159
1718812799999,10018.65846103383,10018.65846103383,0.0,0,0.005412220002677159
1718827199999,10018.65846103383,10018.65846103383,0.0,0,0.005412220002677159
1718841599999,10018.65846103383,10018.65846103383,0.0,0,0.005412220002677159
1718855999999,10018.65846103383,10018.65846103383,0.0,0,0.005412220002677159
1718870399999,10018.65846103383,10018.65846103383,0.0,0,0.005412220002677159
1718884799999,10018.65846103383,10018.65846103383,0.0,0,0.005412220002677159
1718899199999,10018.65846103383,10018.65846103383,0.0,0,0.005412220002677159
1718913599999,10018.65846103383,10018.65846103383,0.0,0,0.005412220002677159
1718927999999,10018.65846103383,10018.65846103383,0.0,0,0.005412220002677159
1718942399999,10018.65846103383,10018.65846103383,0.0,0,0.005412220002677159
1718956799999,10018.65846103383,10018.65846103383,0.0,0,0.005412220002677159
1718971199999,10018.65846103383,10018.65846103383,0.0,0,0.005412220002677159
1718985599999,10018.65846103383,10018.65846103383,0.0,0,0.005412220002677159
1718999999999,10018.65846103383,10018.65846103383,0.0,0,0.005412220002677159
1719014399999,10018.65846103383,10018.65846103383,0.0,0,0.005412220002677159
1719028799999,10018.65846103383,10018.65846103383,0.0,0,0.005412220002677159
1719043199999,10018.65846103383,10018.65846103383,0.0,0,0.005412220002677159
1719057599999,10018.65846103383,10018.65846103383,0.0,0,0.005412220002677159
1719071999999,10018.65846103383,10018.65846103383,0.0,0,0.005412220002677159
1719086399999,10018.65846103383,10018.65846103383,0.0,0,0.005412220002677159
1719100799999,10018.65846103383,10018.65846103383,0.0,0,0.005412220002677159
1719115199999,10018.65846103383,10018.65846103383,0.0,0,0.005412220002677159
1719129599999,10018.65846103383,10018.65846103383,0.0,0,0.005412220002677159
1719143999999,10018.65846103383,10018.65846103383,0.0,0,0.005412220002677159
1719158399999,10018.65846103383,10018.65846103383,0.0,0,0.005412220002677159
1719172799999,10018.65846103383,10018.65846103383,0.0,0,0.005412220002677159
1719187199999,10018.65846103383,10018.65846103383,0.0,0,0.005412220002677159
1719201599999,10018.65846103383,10018.65846103383,0.0,0,0.005412220002677159
1719215999999,10018.65846103383,10018.65846103383,0.0,0,0.005412220002677159
1719230399999,10018.65846103383,10018.65846103383,0.0,0,0.005412220002677159
1719244799999,10018.65846103383,10018.65846103383,0.0,0,0.005412220002677159
1719259199999,10018.65846103383,10018.65846103383,0.0,0,0.005412220002677159
1719273599999,10018.65846103383,10018.65846103383,0.0,0,0.005412220002677159
1719287999999,10018.65846103383,10018.65846103383,0.0,0,0.005412220002677159
1719302399999,10018.65846103383,10018.65846103383,0.0,0,0.005412220002677159
1719316799999,10018.65846103383,10018.65846103383,0.0,0,0.005412220002677159
1719331199999,10018.65846103383,10018.65846103383,0.0,0,0.005412220002677159
1719345599999,10018.65846103383,10018.65846103383,0.0,0,0.005412220002677159
1719359999999,10018.65846103383,10018.65846103383,0.0,0,0.005412220002677159
1719374399999,10018.65846103383,10018.65846103383,0.0,0,0.005412220002677159
1719388799999,10018.65846103383,10018.65846103383,0.0,0,0.005412220002677159
1719403199999,10018.65846103383,10018.65846103383,0.0,0,0.005412220002677159
1719417599999,10018.65846103383,10018.65846103383,0.0,0,0.005412220002677159
1719431999999,10018.65846103383,10018.65846103383,0.0,0,0.005412220002677159
1719446399999,10018.65846103383,10018.65846103383,0.0,0,0.005412220002677159
1719460799999,10018.65846103383,10018.65846103383,0.0,0,0.005412220002677159
1719475199999,10018.65846103383,10018.65846103383,0.0,0,0.005412220002677159
1719489599999,10018.65846103383,10018.65846103383,0.0,0,0.005412220002677159
1719503999999,10018.65846103383,10018.65846103383,0.0,0,0.005412220002677159
1719518399999,10018.65846103383,10018.65846103383,0.0,0,0.005412220002677159
1719532799999,10018.65846103383,10018.65846103383,0.0,0,0.005412220002677159
1719547199999,10018.65846103383,10018.65846103383,0.0,0,0.005412220002677159
1719561599999,10018.65846103383,10018.65846103383,0.0,0,0.005412220002677159
1719575999999,10018.65846103383,10018.65846103383,0.0,0,0.005412220002677159
1719590399999,10018.65846103383,10018.65846103383,0.0,0,0.005412220002677159
1719604799999,10018.65846103383,10018.65846103383,0.0,0,0.005412220002677159
1719619199999,10018.65846103383,10018.65846103383,0.0,0,0.005412220002677159
1719633599999,10018.65846103383,10018.65846103383,0.0,0,0.005412220002677159
1719647999999,10018.65846103383,10018.65846103383,0.0,0,0.005412220002677159
1719662399999,10018.65846103383,10018.65846103383,0.0,0,0.005412220002677159
1719676799999,10018.65846103383,10018.65846103383,0.0,0,0.005412220002677159
1719691199999,10018.65846103383,10018.65846103383,0.0,0,0.005412220002677159
1719705599999,10018.65846103383,10018.65846103383,0.0,0,0.005412220002677159
1719719999999,10018.65846103383,10018.65846103383,0.0,0,0.005412220002677159
1719734399999,10018.65846103383,10018.65846103383,0.0,0,0.005412220002677159
1719748799999,10018.65846103383,10018.65846103383,0.0,0,0.005412220002677159
1719763199999,10018.65846103383,10018.65846103383,0.0,0,0.005412220002677159
1719777599999,10018.65846103383,10018.65846103383,0.0,0,0.005412220002677159
1719791999999,10018.65846103383,10018.65846103383,0.0,0,0.005412220002677159
1719806399999,10018.65846103383,10018.65846103383,0.0,0,0.005412220002677159
1719820799999,10018.65846103383,10018.65846103383,0.0,0,0.005412220002677159
1719835199999,10018.65846103383,10018.65846103383,0.0,0,0.005412220002677159
1719849599999,10018.65846103383,10018.65846103383,0.0,0,0.005412220002677159
1719863999999,10018.65846103383,10018.65846103383,0.0,0,0.005412220002677159
1719878399999,10018.65846103383,10018.65846103383,0.0,0,0.005412220002677159
1719892799999,10018.65846103383,10018.65846103383,0.0,0,0.005412220002677159
1719907199999,10018.65846103383,10018.65846103383,0.0,0,0.005412220002677159
1719921599999,10018.65846103383,10018.65846103383,0.0,0,0.005412220002677159
1719935999999,10018.65846103383,10018.65846103383,0.0,0,0.005412220002677159
1719950399999,10018.65846103383,10018.65846103383,0.0,0,0.005412220002677159
1719964799999,9968.62096103383,10018.75276069834,119.81787682722262,1,0.005402858540327182
1719979199999,9968.62096103383,10018.465197793954,119.81787682722262,1,0.005431405930359068
1719993599999,10018.427814616385,10018.427814616385,0.0,0,0.005435117091063146
1720007999999,10018.427814616385,10018.427814616385,0.0,0,0.005435117091063146
1720022399999,10018.427814616385,10018.427814616385,0.0,0,0.005435117091063146
1720036799999,10018.427814616385,10018.427814616385,0.0,0,0.005435117091063146
1720051199999,10018.427814616385,10018.427814616385,0.0,0,0.005435117091063146
1720065599999,10018.427814616385,10018.427814616385,0.0,0,0.005435117091063146
1720079999999,10018.427814616385,10018.427814616385,0.0,0,0.005435117091063146
1720094399999,10018.427814616385,10018.427814616385,0.0,0,0.005435117091063146
1720108799999,10018.427814616385,10018.427814616385,0.0,0,0.005435117091063146
1720123199999,10018.427814616385,10018.427814616385,0.0,0,0.005435117091063146
1720137599999,10018.427814616385,10018.427814616385,0.0,0,0.005435117091063146
1720151999999,10018.427814616385,10018.427814616385,0.0,0,0.005435117091063146
1720166399999,10018.427814616385,10018.427814616385,0.0,0,0.005435117091063146
1720180799999,10018.427814616385,10018.427814616385,0.0,0,0.005435117091063146
1720195199999,10018.427814616385,10018.427814616385,0.0,0,0.005435117091063146
1720209599999,10018.427814616385,10018.427814616385,0.0,0,0.005435117091063146
1720223999999,10018.427814616385,10018.427814616385,0.0,0,0.005435117091063146
1720238399999,10018.427814616385,10018.427814616385,0.0,0,0.005435117091063146
1720252799999,10018.427814616385,10018.427814616385,0.0,0,0.005435117091063146
1720267199999,10018.427814616385,10018.427814616385,0.0,0,0.005435117091063146
1720281599999,10018.427814616385,10018.427814616385,0.0,0,0.005435117091063146
1720295999999,10018.427814616385,10018.427814616385,0.0,0,0.005435117091063146
1720310399999,10018.427814616385,10018.427814616385,0.0,0,0.005435117091063146
1720324799999,10018.427814616385,10018.427814616385,0.0,0,0.005435117091063146
1720339199999,10018.427814616385,10018.427814616385,0.0,0,0.005435117091063146
1720353599999,10018.427814616385,10018.427814616385,0.0,0,0.005435117091063146
1720367999999,10018.427814616385,10018.427814616385,0.0,0,0.005435117091063146
1720382399999,10018.427814616385,10018.427814616385,0.0,0,0.005435117091063146
1720396799999,10018.427814616385,10018.427814616385,0.0,0,0.005435117091063146
1720411199999,10018.427814616385,10018.427814616385,0.0,0,0.005435117091063146
1720425599999,10018.427814616385,10018.427814616385,0.0,0,0.005435117091063146
1720439999999,10018.427814616385,10018.427814616385,0.0,0,0.005435117091063146
1720454399999,10018.427814616385,10018.427814616385,0.0,0,0.005435117091063146
1720468799999,10018.427814616385,10018.427814616385,0.0,0,0.005435117091063146
1720483199999,10018.427814616385,10018.427814616385,0.0,0,0.005435117091063146
1720497599999,10018.427814616385,10018.427814616385,0.0,0,0.005435117091063146
1720511999999,10018.427814616385,10018.427814616385,0.0,0,0.005435117091063146
1720526399999,10018.427814616385,10018.427814616385,0.0,0,0.005435117091063146
1720540799999,10018.427814616385,10018.427814616385,0.0,0,0.005435117091063146
1720555199999,10018.427814616385,10018.427814616385,0.0,0,0.005435117091063146
1720569599999,10018.427814616385,10018.427814616385,0.0,0,0.005435117091063146
1720583999999,10018.427814616385,10018.427814616385,0.0,0,0.005435117091063146
1720598399999,10018.427814616385,10018.427814616385,0.0,0,0.005435117091063146
1720612799999,10018.427814616385,10018.427814616385,0.0,0,0.005435117091063146
1720627199999,10018.427814616385,10018.427814616385,0.0,0,0.005435117091063146
1720641599999,10018.427814616385,10018.427814616385,0.0,0,0.005435117091063146
1720655999999,10018.427814616385,10018.427814616385,0.0,0,0.005435117091063146
1720670399999,10018.427814616385,10018.427814616385,0.0,0,0.005435117091063146
1720684799999,10018.427814616385,10018.427814616385,0.0,0,0.005435117091063146
1720699199999,10018.427814616385,10018.427814616385,0.0,0,0.005435117091063146
1720713599999,9968.390314616385,10018.074498547663,126.32642748863063,1,0.00547019203106569
1720727999999,10018.037235409714,10018.037235409714,0.0,0,0.005473891275010634
1720742399999,10018.037235409714,10018.037235409714,0.0,0,0.005473891275010634
1720756799999,10018.037235409714,10018.037235409714,0.0,0,0.005473891275010634
1720771199999,10018.037235409714,10018.037235409714,0.0,0,0.005473891275010634
1720785599999,10018.037235409714,10018.037235409714,0.0,0,0.005473891275010634
1720799999999,10018.037235409714,10018.037235409714,0.0,0,0.005473891275010634
1720814399999,9967.999735409714,10018.794356436609,122.24938875305624,1,0.005398729183772932
1720828799999,9967.999735409714,10018.916605825361,122.24938875305624,1,0.005386593053108402
1720843199999,9967.999735409714,10018.366483575974,122.24938875305624,1,0.005441205641098512
1720857599999,9967.999735409714,10019.894600935386,122.24938875305624,1,0.0052895040077926
1720871999999,9917.962235409714,10018.76459352092,240.06277235343325,2,0.005401683854036943
1720886399999,9917.962235409714,10022.125472333868,240.06277235343325,2,0.005068037487069743
1720900799999,9867.924735409713,10026.138354682187,355.2966972209142,3,0.004669664415292818
1720915199999,9867.924735409713,10024.82375690247,355.2966972209142,3,0.00480016920217663
1720929599999,9867.924735409713,10020.169370168875,355.2966972209142,3,0.005262226690873395
1720943999999,9867.924735409713,10020.951022902762,355.2966972209142,3,0.005184629250023387
1720958399999,9867.924735409713,10020.666785544985,355.2966972209142,3,0.0052128465012415415
1720972799999,9867.924735409713,10020.77337455415,355.2966972209142,3,0.005202265032034914
1720987199999,9867.924735409713,10021.874794315536,355.2966972209142,3,0.005092923183564579
1721001599999,9867.924735409713,10021.306319599982,355.2966972209142,3,0.005149357686000888
1721015999999,9867.924735409713,10022.372209691644,355.2966972209142,3,0.005043542993932948
1721030399999,9867.924735409713,10023.544688792474,355.2966972209142,3,0.004927146832658269
1721044799999,9867.924735409713,10021.27078993026,355.2966972209142,3,0.0051528848424030604
1721059199999,9867.924735409713,10022.478798700811,355.2966972209142,3,0.005032961524726098
1721073599999,9867.924735409713,10022.549858040255,355.2966972209142,3,0.005025907211921643
1721087999999,9867.924735409713,10025.996236003299,355.2966972209142,3,0.004683773040901951
1721102399999,9867.924735409713,10028.376723874679,355.2966972209142,3,0.00444745356195031
1721116799999,9867.924735409713,10020.986552572484,355.2966972209142,3,0.005181102093621215
1721131199999,9867.924735409713,10021.412908609149,355.2966972209142,3,0.005138776216794039
1721145599999,9867.924735409713,10026.777888737184,355.2966972209142,3,0.004606175600052165
1721159999999,9867.924735409713,10024.575049214414,355.2966972209142,3,0.004824859296992612
1721174399999,9867.924735409713,10023.580218462195,355.2966972209142,3,0.004923619676255986
1721188799999,9867.924735409713,10024.82375690247,355.2966972209142,3,0.00480016920217663
1721203199999,9867.924735409713,10027.275304113293,355.2966972209142,3,0.004556795410420533
1721217599999,9867.924735409713,10026.03176567302,355.2966972209142,3,0.0046802458844996675
1721231999999,9867.924735409713,10026.564710718852,355.2966972209142,3,0.004627338538465642
1721246399999,9867.924735409713,10025.036934920801,355.2966972209142,3,0.0047790062637631525
1721260799999,9867.924735409713,10022.79856572831,355.2966972209142,3,0.005001217117105772
1721275199999,9867.924735409713,10024.717167893303,355.2966972209142,3,0.004810750671383479
1721289599999,9867.924735409713,10024.930345911635,355.2966972209142,3,0.004789587732970002
1721303999999,9867.924735409713,10024.255282186916,355.2966972209142,3,0.0048566037046129384
1721318399999,9867.924735409713,10019.210069086379,355.2966972209142,3,0.005357459913734375
1721332799999,10019.061102063652,10019.061102063652,0.0,0,0.005372248398740065
1721347199999,10019.061102063652,10019.061102063652,0.0,0,0.005372248398740065
1721361599999,10019.061102063652,10019.061102063652,0.0,0,0.005372248398740065
1721375999999,10019.061102063652,10019.061102063652,0.0,0,0.005372248398740065
1721390399999,10019.061102063652,10019.061102063652,0.0,0,0.005372248398740065
1721404799999,10019.061102063652,10019.061102063652,0.0,0,0.005372248398740065
1721419199999,10019.061102063652,10019.061102063652,0.0,0,0.005372248398740065
1721433599999,10019.061102063652,10019.061102063652,0.0,0,0.005372248398740065
1721447999999,10019.061102063652,10019.061102063652,0.0,0,0.005372248398740065
1721462399999,10019.061102063652,10019.061102063652,0.0,0,0.005372248398740065
1721476799999,10019.061102063652,10019.061102063652,0.0,0,0.005372248398740065
1721491199999,10019.061102063652,10019.061102063652,0.0,0,0.005372248398740065
1721505599999,10019.061102063652,10019.061102063652,0.0,0,0.005372248398740065
1721519999999,10019.061102063652,10019.061102063652,0.0,0,0.005372248398740065
1721534399999,10019.061102063652,10019.061102063652,0.0,0,0.005372248398740065
1721548799999,10019.061102063652,10019.061102063652,0.0,0,0.005372248398740065
1721563199999,10019.061102063652,10019.061102063652,0.0,0,0.005372248398740065
1721577599999,10019.061102063652,10019.061102063652,0.0,0,0.005372248398740065
1721591999999,10019.061102063652,10019.061102063652,0.0,0,0.005372248398740065
1721606399999,10019.061102063652,10019.061102063652,0.0,0,0.005372248398740065
1721620799999,9969.023602063651,10018.095190430542,111.85682326621924,1,0.0054681378744202425
1721635199999,9969.023602063651,10017.580649043517,111.85682326621924,1,0.005519218223932976
1721649599999,10017.555408551347,10017.555408551347,0.0,0,0.005521723937165102
1721663999999,10017.555408551347,10017.555408551347,0.0,0,0.005521723937165102
1721678399999,10017.555408551347,10017.555408551347,0.0,0,0.005521723937165102
1721692799999,10017.555408551347,10017.555408551347,0.0,0,0.005521723937165102
1721707199999,10017.555408551347,10017.555408551347,0.0,0,0.005521723937165102
1721721599999,10017.555408551347,10017.555408551347,0.0,0,0.005521723937165102
1721735999999,10017.555408551347,10017.555408551347,0.0,0,0.005521723937165102
1721750399999,10017.555408551347,10017.555408551347,0.0,0,0.005521723937165102
1721764799999,10017.555408551347,10017.555408551347,0.0,0,0.005521723937165102
1721779199999,10017.555408551347,10017.555408551347,0.0,0,0.005521723937165102
1721793599999,10017.555408551347,10017.555408551347,0.0,0,0.005521723937165102
1721807999999,10017.555408551347,10017.555408551347,0.0,0,0.005521723937165102
1721822399999,10017.555408551347,10017.555408551347,0.0,0,0.005521723937165102
1721836799999,10017.555408551347,10017.555408551347,0.0,0,0.005521723937165102
1721851199999,10017.555408551347,10017.555408551347,0.0,0,0.005521723937165102
1721865599999,10017.555408551347,10017.555408551347,0.0,0,0.005521723937165102
1721879999999,10017.555408551347,10017.555408551347,0.0,0,0.005521723937165102
1721894399999,10017.555408551347,10017.555408551347,0.0,0,0.005521723937165102
1721908799999,10017.555408551347,10017.555408551347,0.0,0,0.005521723937165102
1721923199999,10017.555408551347,10017.555408551347,0.0,0,0.005521723937165102
1721937599999,10017.555408551347,10017.555408551347,0.0,0,0.005521723937165102
1721951999999,10017.555408551347,10017.555408551347,0.0,0,0.005521723937165102
1721966399999,10017.555408551347,10017.555408551347,0.0,0,0.005521723937165102
1721980799999,10017.555408551347,10017.555408551347,0.0,0,0.005521723937165102
1721995199999,10017.555408551347,10017.555408551347,0.0,0,0.005521723937165102
1722009599999,10017.555408551347,10017.555408551347,0.0,0,0.005521723937165102
1722023999999,10017.555408551347,10017.555408551347,0.0,0,0.005521723937165102
1722038399999,10017.555408551347,10017.555408551347,0.0,0,0.005521723937165102
1722052799999,10017.555408551347,10017.555408551347,0.0,0,0.005521723937165102
1722067199999,10017.555408551347,10017.555408551347,0.0,0,0.005521723937165102
1722081599999,10017.555408551347,10017.555408551347,0.0,0,0.005521723937165102
1722095999999,10017.555408551347,10017.555408551347,0.0,0,0.005521723937165102
1722110399999,10017.555408551347,10017.555408551347,0.0,0,0.005521723937165102
1722124799999,10017.555408551347,10017.555408551347,0.0,0,0.005521723937165102
1722139199999,10017.555408551347,10017.555408551347,0.0,0,0.005521723937165102
1722153599999,10017.555408551347,10017.555408551347,0.0,0,0.005521723937165102
1722167999999,10017.555408551347,10017.555408551347,0.0,0,0.005521723937165102
1722182399999,10017.555408551347,10017.555408551347,0.0,0,0.005521723937165102
1722196799999,10017.555408551347,10017.555408551347,0.0,0,0.005521723937165102
1722211199999,10017.555408551347,10017.555408551347,0.0,0,0.005521723937165102
1722225599999,10017.555408551347,10017.555408551347,0.0,0,0.005521723937165102
1722239999999,10017.555408551347,10017.555408551347,0.0,0,0.005521723937165102
1722254399999,10017.555408551347,10017.555408551347,0.0,0,0.005521723937165102
1722268799999,10017.555408551347,10017.555408551347,0.0,0,0.005521723937165102
1722283199999,10017.555408551347,10017.555408551347,0.0,0,0.005521723937165102
1722297599999,10017.555408551347,10017.555408551347,0.0,0,0.005521723937165102
1722311999999,10017.555408551347,10017.555408551347,0.0,0,0.005521723937165102
1722326399999,10017.555408551347,10017.555408551347,0.0,0,0.005521723937165102
1722340799999,10017.555408551347,10017.555408551347,0.0,0,0.005521723937165102
1722355199999,10017.555408551347,10017.555408551347,0.0,0,0.005521723937165102
1722369599999,10017.555408551347,10017.555408551347,0.0,0,0.005521723937165102
1722383999999,10017.555408551347,10017.555408551347,0.0,0,0.005521723937165102
1722398399999,10017.555408551347,10017.555408551347,0.0,0,0.005521723937165102
1722412799999,10017.555408551347,10017.555408551347,0.0,0,0.005521723937165102
1722427199999,10017.555408551347,10017.555408551347,0.0,0,0.005521723937165102
1722441599999,10017.555408551347,10017.555408551347,0.0,0,0.005521723937165102
1722455999999,10017.555408551347,10017.555408551347,0.0,0,0.005521723937165102
1722470399999,10017.555408551347,10017.555408551347,0.0,0,0.005521723937165102
1722484799999,10017.555408551347,10017.555408551347,0.0,0,0.005521723937165102
1722499199999,10017.555408551347,10017.555408551347,0.0,0,0.005521723937165102
1722513599999,10017.555408551347,10017.555408551347,0.0,0,0.005521723937165102
1722527999999,10017.555408551347,10017.555408551347,0.0,0,0.005521723937165102
1722542399999,10017.555408551347,10017.555408551347,0.0,0,0.005521723937165102
1722556799999,10017.555408551347,10017.555408551347,0.0,0,0.005521723937165102
1722571199999,10017.555408551347,10017.555408551347,0.0,0,0.005521723937165102
1722585599999,10017.555408551347,10017.555408551347,0.0,0,0.005521723937165102
1722599999999,10017.555408551347,10017.555408551347,0.0,0,0.005521723937165102
1722614399999,10017.555408551347,10017.555408551347,0.0,0,0.005521723937165102
1722628799999,10017.555408551347,10017.555408551347,0.0,0,0.005521723937165102
1722643199999,10017.555408551347,10017.555408551347,0.0,0,0.005521723937165102
1722657599999,10017.555408551347,10017.555408551347,0.0,0,0.005521723937165102
1722671999999,10017.555408551347,10017.555408551347,0.0,0,0.005521723937165102
1722686399999,10017.555408551347,10017.555408551347,0.0,0,0.005521723937165102
1722700799999,10017.555408551347,10017.555408551347,0.0,0,0.005521723937165102
1722715199999,10017.555408551347,10017.555408551347,0.0,0,0.005521723937165102
1722729599999,10017.555408551347,10017.555408551347,0.0,0,0.005521723937165102
1722743999999,10017.555408551347,10017.555408551347,0.0,0,0.005521723937165102
1722758399999,10017.555408551347,10017.555408551347,0.0,0,0.005521723937165102
1722772799999,10017.555408551347,10017.555408551347,0.0,0,0.005521723937165102
1722787199999,10017.555408551347,10017.555408551347,0.0,0,0.005521723937165102
1722801599999,10017.555408551347,10017.555408551347,0.0,0,0.005521723937165102
1722815999999,10017.555408551347,10017.555408551347,0.0,0,0.005521723937165102
1722830399999,10017.555408551347,10017.555408551347,0.0,0,0.005521723937165102
1722844799999,10017.555408551347,10017.555408551347,0.0,0,0.005521723937165102
1722859199999,10017.555408551347,10017.555408551347,0.0,0,0.005521723937165102
1722873599999,10017.555408551347,10017.555408551347,0.0,0,0.005521723937165102
1722887999999,10017.555408551347,10017.555408551347,0.0,0,0.005521723937165102
1722902399999,10017.555408551347,10017.555408551347,0.0,0,0.005521723937165102
1722916799999,10017.555408551347,10017.555408551347,0.0,0,0.005521723937165102
1722931199999,10017.555408551347,10017.555408551347,0.0,0,0.005521723937165102
1722945599999,10017.555408551347,10017.555408551347,0.0,0,0.005521723937165102
1722959999999,10017.555408551347,10017.555408551347,0.0,0,0.005521723937165102
1722974399999,10017.555408551347,10017.555408551347,0.0,0,0.005521723937165102
1722988799999,10017.555408551347,10017.555408551347,0.0,0,0.005521723937165102
1723003199999,10017.555408551347,10017.555408551347,0.0,0,0.005521723937165102
1723017599999,10017.555408551347,10017.555408551347,0.0,0,0.005521723937165102
1723031999999,10017.555408551347,10017.555408551347,0.0,0,0.005521723937165102
1723046399999,10017.555408551347,10017.555408551347,0.0,0,0.005521723937165102
1723060799999,10017.555408551347,10017.555408551347,0.0,0,0.005521723937165102
1723075199999,10017.555408551347,10017.555408551347,0.0,0,0.005521723937165102
1723089599999,10017.555408551347,10017.555408551347,0.0,0,0.005521723937165102
1723103999999,10017.555408551347,10017.555408551347,0.0,0,0.005521723937165102
1723118399999,10017.555408551347,10017.555408551347,0.0,0,0.005521723937165102
1723132799999,10017.555408551347,10017.555408551347,0.0,0,0.005521723937165102
1723147199999,10017.555408551347,10017.555408551347,0.0,0,0.005521723937165102
1723161599999,10017.555408551347,10017.555408551347,0.0,0,0.005521723937165102
1723175999999,10017.555408551347,10017.555408551347,0.0,0,0.005521723937165102
1723190399999,10017.555408551347,10017.555408551347,0.0,0,0.005521723937165102
1723204799999,10017.555408551347,10017.555408551347,0.0,0,0.005521723937165102
1723219199999,10017.555408551347,10017.555408551347,0.0,0,0.005521723937165102
1723233599999,10017.555408551347,10017.555408551347,0.0,0,0.005521723937165102
1723247999999,10017.555408551347,10017.555408551347,0.0,0,0.005521723937165102
1723262399999,10017.555408551347,10017.555408551347,0.0,0,0.005521723937165102
1723276799999,10017.555408551347,10017.555408551347,0.0,0,0.005521723937165102
1723291199999,10017.555408551347,10017.555408551347,0.0,0,0.005521723937165102
1723305599999,10017.555408551347,10017.555408551347,0.0,0,0.005521723937165102
1723319999999,10017.555408551347,10017.555408551347,0.0,0,0.005521723937165102
1723334399999,10017.555408551347,10017.555408551347,0.0,0,0.005521723937165102
1723348799999,10017.555408551347,10017.555408551347,0.0,0,0.005521723937165102
1723363199999,10017.555408551347,10017.555408551347,0.0,0,0.005521723937165102
1723377599999,10017.555408551347,10017.555408551347,0.0,0,0.005521723937165102
1723391999999,10017.555408551347,10017.555408551347,0.0,0,0.005521723937165102
1723406399999,10017.555408551347,10017.555408551347,0.0,0,0.005521723937165102
1723420799999,10017.555408551347,10017.555408551347,0.0,0,0.005521723937165102
1723435199999,10017.555408551347,10017.555408551347,0.0,0,0.005521723937165102
1723449599999,10017.555408551347,10017.555408551347,0.0,0,0.005521723937165102
1723463999999,10017.555408551347,10017.555408551347,0.0,0,0.005521723937165102
1723478399999,10017.555408551347,10017.555408551347,0.0,0,0.005521723937165102
1723492799999,10017.555408551347,10017.555408551347,0.0,0,0.005521723937165102
1723507199999,10017.555408551347,10017.555408551347,0.0,0,0.005521723937165102
1723521599999,10017.555408551347,10017.555408551347,0.0,0,0.005521723937165102
1723535999999,10017.555408551347,10017.555408551347,0.0,0,0.005521723937165102
1723550399999,10017.555408551347,10017.555408551347,0.0,0,0.005521723937165102
1723564799999,10017.555408551347,10017.555408551347,0.0,0,0.005521723937165102
1723579199999,10017.555408551347,10017.555408551347,0.0,0,0.005521723937165102
1723593599999,10017.555408551347,10017.555408551347,0.0,0,0.005521723937165102
1723607999999,10017.555408551347,10017.555408551347,0.0,0,0.005521723937165102
1723622399999,10017.555408551347,10017.555408551347,0.0,0,0.005521723937165102
1723636799999,10017.555408551347,10017.555408551347,0.0,0,0.005521723937165102
1723651199999,10017.555408551347,10017.555408551347,0.0,0,0.005521723937165102
1723665599999,10017.555408551347,10017.555408551347,0.0,0,0.005521723937165102
1723679999999,10017.555408551347,10017.555408551347,0.0,0,0.005521723937165102
1723694399999,10017.555408551347,10017.555408551347,0.0,0,0.005521723937165102
1723708799999,10017.555408551347,10017.555408551347,0.0,0,0.005521723937165102
1723723199999,10017.555408551347,10017.555408551347,0.0,0,0.005521723937165102
1723737599999,10017.555408551347,10017.555408551347,0.0,0,0.005521723937165102
1723751999999,10017.555408551347,10017.555408551347,0.0,0,0.005521723937165102
1723766399999,10017.555408551347,10017.555408551347,0.0,0,0.005521723937165102
1723780799999,10017.555408551347,10017.555408551347,0.0,0,0.005521723937165102
1723795199999,10017.555408551347,10017.555408551347,0.0,0,0.005521723937165102
1723809599999,10017.555408551347,10017.555408551347,0.0,0,0.005521723937165102
1723823999999,10017.555408551347,10017.555408551347,0.0,0,0.005521723937165102
1723838399999,10017.555408551347,10017.555408551347,0.0,0,0.005521723937165102
1723852799999,10017.555408551347,10017.555408551347,0.0,0,0.005521723937165102
1723867199999,10017.555408551347,10017.555408551347,0.0,0,0.005521723937165102
1723881599999,10017.555408551347,10017.555408551347,0.0,0,0.005521723937165102
1723895999999,10017.555408551347,10017.555408551347,0.0,0,0.005521723937165102
1723910399999,10017.555408551347,10017.555408551347,0.0,0,0.005521723937165102
1723924799999,10017.555408551347,10017.555408551347,0.0,0,0.005521723937165102
1723939199999,10017.555408551347,10017.555408551347,0.0,0,0.005521723937165102
1723953599999,10017.555408551347,10017.555408551347,0.0,0,0.005521723937165102
1723967999999,10017.555408551347,10017.555408551347,0.0,0,0.005521723937165102
1723982399999,10017.555408551347,10017.555408551347,0.0,0,0.005521723937165102
1723996799999,10017.555408551347,10017.555408551347,0.0,0,0.005521723937165102
1724011199999,10017.555408551347,10017.555408551347,0.0,0,0.005521723937165102
1724025599999,10017.555408551347,10017.555408551347,0.0,0,0.005521723937165102
1724039999999,10017.555408551347,10017.555408551347,0.0,0,0.005521723937165102
1724054399999,10017.555408551347,10017.555408551347,0.0,0,0.005521723937165102
1724068799999,10017.555408551347,10017.555408551347,0.0,0,0.005521723937165102
1724083199999,10017.555408551347,10017.555408551347,0.0,0,0.005521723937165102
1724097599999,10017.555408551347,10017.555408551347,0.0,0,0.005521723937165102
1724111999999,10017.555408551347,10017.555408551347,0.0,0,0.005521723937165102
1724126399999,10017.555408551347,10017.555408551347,0.0,0,0.005521723937165102
1724140799999,10017.555408551347,10017.555408551347,0.0,0,0.005521723937165102
1724155199999,10017.555408551347,10017.555408551347,0.0,0,0.005521723937165102
1724169599999,10017.555408551347,10017.555408551347,0.0,0,0.005521723937165102
1724183999999,10017.555408551347,10017.555408551347,0.0,0,0.005521723937165102
1724198399999,10017.555408551347,10017.555408551347,0.0,0,0.005521723937165102
1724212799999,10017.555408551347,10017.555408551347,0.0,0,0.005521723937165102
1724227199999,10017.555408551347,10017.555408551347,0.0,0,0.005521723937165102
1724241599999,10017.555408551347,10017.555408551347,0.0,0,0.005521723937165102
1724255999999,10017.555408551347,10017.555408551347,0.0,0,0.005521723937165102
1724270399999,10017.555408551347,10017.555408551347,0.0,0,0.005521723937165102
1724284799999,10017.555408551347,10017.555408551347,0.0,0,0.005521723937165102
1724299199999,10017.555408551347,10017.555408551347,0.0,0,0.005521723937165102
1724313599999,10017.555408551347,10017.555408551347,0.0,0,0.005521723937165102
1724327999999,10017.555408551347,10017.555408551347,0.0,0,0.005521723937165102
1724342399999,10017.555408551347,10017.555408551347,0.0,0,0.005521723937165102
1724356799999,10017.555408551347,10017.555408551347,0.0,0,0.005521723937165102
1724371199999,10017.555408551347,10017.555408551347,0.0,0,0.005521723937165102
1724385599999,10017.555408551347,10017.555408551347,0.0,0,0.005521723937165102
1724399999999,10017.555408551347,10017.555408551347,0.0,0,0.005521723937165102
1724414399999,10017.555408551347,10017.555408551347,0.0,0,0.005521723937165102
1724428799999,10017.555408551347,10017.555408551347,0.0,0,0.005521723937165102
1724443199999,10017.555408551347,10017.555408551347,0.0,0,0.005521723937165102
1724457599999,10017.555408551347,10017.555408551347,0.0,0,0.005521723937165102
1724471999999,10017.555408551347,10017.555408551347,0.0,0,0.005521723937165102
1724486399999,10017.555408551347,10017.555408551347,0.0,0,0.005521723937165102
1724500799999,10017.555408551347,10017.555408551347,0.0,0,0.005521723937165102
1724515199999,10017.555408551347,10017.555408551347,0.0,0,0.005521723937165102
1724529599999,10017.555408551347,10017.555408551347,0.0,0,0.005521723937165102
1724543999999,10017.555408551347,10017.555408551347,0.0,0,0.005521723937165102
1724558399999,10017.555408551347,10017.555408551347,0.0,0,0.005521723937165102
1724572799999,10017.555408551347,10017.555408551347,0.0,0,0.005521723937165102
1724587199999,10017.555408551347,10017.555408551347,0.0,0,0.005521723937165102
1724601599999,10017.555408551347,10017.555408551347,0.0,0,0.005521723937165102
1724615999999,10017.555408551347,10017.555408551347,0.0,0,0.005521723937165102
1724630399999,10017.555408551347,10017.555408551347,0.0,0,0.005521723937165102
1724644799999,10017.555408551347,10017.555408551347,0.0,0,0.005521723937165102
1724659199999,10017.555408551347,10017.555408551347,0.0,0,0.005521723937165102
1724673599999,10017.555408551347,10017.555408551347,0.0,0,0.005521723937165102
1724687999999,10017.555408551347,10017.555408551347,0.0,0,0.005521723937165102
1724702399999,10017.555408551347,10017.555408551347,0.0,0,0.005521723937165102
1724716799999,10017.555408551347,10017.555408551347,0.0,0,0.005521723937165102
1724731199999,10017.555408551347,10017.555408551347,0.0,0,0.005521723937165102
1724745599999,10017.555408551347,10017.555408551347,0.0,0,0.005521723937165102
1724759999999,10017.555408551347,10017.555408551347,0.0,0,0.005521723937165102
1724774399999,10017.555408551347,10017.555408551347,0.0,0,0.005521723937165102
1724788799999,10017.555408551347,10017.555408551347,0.0,0,0.005521723937165102
1724803199999,10017.555408551347,10017.555408551347,0.0,0,0.005521723937165102
1724817599999,10017.555408551347,10017.555408551347,0.0,0,0.005521723937165102
1724831999999,10017.555408551347,10017.555408551347,0.0,0,0.005521723937165102
1724846399999,10017.555408551347,10017.555408551347,0.0,0,0.005521723937165102
1724860799999,10017.555408551347,10017.555408551347,0.0,0,0.005521723937165102
1724875199999,10017.555408551347,10017.555408551347,0.0,0,0.005521723937165102
1724889599999,10017.555408551347,10017.555408551347,0.0,0,0.005521723937165102
1724903999999,10017.555408551347,10017.555408551347,0.0,0,0.005521723937165102
1724918399999,10017.555408551347,10017.555408551347,0.0,0,0.005521723937165102
1724932799999,10017.555408551347,10017.555408551347,0.0,0,0.005521723937165102
1724947199999,10017.555408551347,10017.555408551347,0.0,0,0.005521723937165102
1724961599999,10017.555408551347,10017.555408551347,0.0,0,0.005521723937165102
1724975999999,10017.555408551347,10017.555408551347,0.0,0,0.005521723937165102
1724990399999,10017.555408551347,10017.555408551347,0.0,0,0.005521723937165102
1725004799999,10017.555408551347,10017.555408551347,0.0,0,0.005521723937165102
1725019199999,10017.555408551347,10017.555408551347,0.0,0,0.005521723937165102
1725033599999,10017.555408551347,10017.555408551347,0.0,0,0.005521723937165102
1725047999999,10017.555408551347,10017.555408551347,0.0,0,0.005521723937165102
1725062399999,10017.555408551347,10017.555408551347,0.0,0,0.005521723937165102
1725076799999,10017.555408551347,10017.555408551347,0.0,0,0.005521723937165102
1725091199999,10017.555408551347,10017.555408551347,0.0,0,0.005521723937165102
1725105599999,10017.555408551347,10017.555408551347,0.0,0,0.005521723937165102
1725119999999,10017.555408551347,10017.555408551347,0.0,0,0.005521723937165102
1725134399999,10017.555408551347,10017.555408551347,0.0,0,0.005521723937165102
1725148799999,10017.555408551347,10017.555408551347,0.0,0,0.005521723937165102
1725163199999,10017.555408551347,10017.555408551347,0.0,0,0.005521723937165102
1725177599999,10017.555408551347,10017.555408551347,0.0,0,0.005521723937165102
1725191999999,10017.555408551347,10017.555408551347,0.0,0,0.005521723937165102
1725206399999,10017.555408551347,10017.555408551347,0.0,0,0.005521723937165102
1725220799999,10017.555408551347,10017.555408551347,0.0,0,0.005521723937165102
1725235199999,10017.555408551347,10017.555408551347,0.0,0,0.005521723937165102
1725249599999,10017.555408551347,10017.555408551347,0.0,0,0.005521723937165102
1725263999999,10017.555408551347,10017.555408551347,0.0,0,0.005521723937165102
1725278399999,10017.555408551347,10017.555408551347,0.0,0,0.005521723937165102
1725292799999,10017.555408551347,10017.555408551347,0.0,0,0.005521723937165102
1725307199999,10017.555408551347,10017.555408551347,0.0,0,0.005521723937165102
1725321599999,10017.555408551347,10017.555408551347,0.0,0,0.005521723937165102
1725335999999,10017.555408551347,10017.555408551347,0.0,0,0.005521723937165102
1725350399999,10017.555408551347,10017.555408551347,0.0,0,0.005521723937165102
1725364799999,10017.555408551347,10017.555408551347,0.0,0,0.005521723937165102
1725379199999,10017.555408551347,10017.555408551347,0.0,0,0.005521723937165102
1725393599999,10017.555408551347,10017.555408551347,0.0,0,0.005521723937165102
1725407999999,10017.555408551347,10017.555408551347,0.0,0,0.005521723937165102
1725422399999,10017.555408551347,10017.555408551347,0.0,0,0.005521723937165102
1725436799999,10017.555408551347,10017.555408551347,0.0,0,0.005521723937165102
1725451199999,10017.555408551347,10017.555408551347,0.0,0,0.005521723937165102
1725465599999,10017.555408551347,10017.555408551347,0.0,0,0.005521723937165102
1725479999999,10017.555408551347,10017.555408551347,0.0,0,0.005521723937165102
1725494399999,10017.555408551347,10017.555408551347,0.0,0,0.005521723937165102
1725508799999,10017.555408551347,10017.555408551347,0.0,0,0.005521723937165102
1725523199999,10017.555408551347,10017.555408551347,0.0,0,0.005521723937165102
1725537599999,10017.555408551347,10017.555408551347,0.0,0,0.005521723937165102
1725551999999,10017.555408551347,10017.555408551347,0.0,0,0.005521723937165102
1725566399999,10017.555408551347,10017.555408551347,0.0,0,0.005521723937165102
1725580799999,10017.555408551347,10017.555408551347,0.0,0,0.005521723937165102
1725595199999,10017.555408551347,10017.555408551347,0.0,0,0.005521723937165102
1725609599999,10017.555408551347,10017.555408551347,0.0,0,0.005521723937165102
1725623999999,10017.555408551347,10017.555408551347,0.0,0,0.005521723937165102
1725638399999,10017.555408551347,10017.555408551347,0.0,0,0.005521723937165102
1725652799999,10017.555408551347,10017.555408551347,0.0,0,0.005521723937165102
1725667199999,10017.555408551347,10017.555408551347,0.0,0,0.005521723937165102
1725681599999,10017.555408551347,10017.555408551347,0.0,0,0.005521723937165102
1725695999999,10017.555408551347,10017.555408551347,0.0,0,0.005521723937165102
1725710399999,10017.555408551347,10017.555408551347,0.0,0,0.005521723937165102
1725724799999,10017.555408551347,10017.555408551347,0.0,0,0.005521723937165102
1725739199999,10017.555408551347,10017.555408551347,0.0,0,0.005521723937165102
1725753599999,10017.555408551347,10017.555408551347,0.0,0,0.005521723937165102
1725767999999,10017.555408551347,10017.555408551347,0.0,0,0.005521723937165102
1725782399999,10017.555408551347,10017.555408551347,0.0,0,0.005521723937165102
1725796799999,10017.555408551347,10017.555408551347,0.0,0,0.005521723937165102
1725811199999,10017.555408551347,10017.555408551347,0.0,0,0.005521723937165102
1725825599999,10017.555408551347,10017.555408551347,0.0,0,0.005521723937165102
1725839999999,10017.555408551347,10017.555408551347,0.0,0,0.005521723937165102
1725854399999,10017.555408551347,10017.555408551347,0.0,0,0.005521723937165102
1725868799999,10017.555408551347,10017.555408551347,0.0,0,0.005521723937165102
1725883199999,10017.555408551347,10017.555408551347,0.0,0,0.005521723937165102
1725897599999,10017.555408551347,10017.555408551347,0.0,0,0.005521723937165102
1725911999999,10017.555408551347,10017.555408551347,0.0,0,0.005521723937165102
1725926399999,10017.555408551347,10017.555408551347,0.0,0,0.005521723937165102
1725940799999,10017.555408551347,10017.555408551347,0.0,0,0.005521723937165102
1725955199999,10017.555408551347,10017.555408551347,0.0,0,0.005521723937165102
1725969599999,10017.555408551347,10017.555408551347,0.0,0,0.005521723937165102
1725983999999,10017.555408551347,10017.555408551347,0.0,0,0.005521723937165102
1725998399999,10017.555408551347,10017.555408551347,0.0,0,0.005521723937165102
1726012799999,10017.555408551347,10017.555408551347,0.0,0,0.005521723937165102
1726027199999,10017.555408551347,10017.555408551347,0.0,0,0.005521723937165102
1726041599999,10017.555408551347,10017.555408551347,0.0,0,0.005521723937165102
1726055999999,10017.555408551347,10017.555408551347,0.0,0,0.005521723937165102
1726070399999,10017.555408551347,10017.555408551347,0.0,0,0.005521723937165102
1726084799999,10017.555408551347,10017.555408551347,0.0,0,0.005521723937165102
1726099199999,10017.555408551347,10017.555408551347,0.0,0,0.005521723937165102
1726113599999,9967.517908551346,10017.77272168838,141.56285390713475,1,0.005500150490843292
1726127999999,9967.517908551346,10017.942597113068,141.56285390713475,1,0.0054832863545745125
1726142399999,9967.517908551346,10018.140785108539,141.56285390713475,1,0.005463611528927492
1726156799999,9967.517908551346,10017.871815686114,141.56285390713475,1,0.005490313078019837
1726171199999,9967.517908551346,10017.659471405253,141.56285390713475,1,0.0055113932483558115
1726185599999,9967.517908551346,10017.970909683849,141.56285390713475,1,0.005480475665196383
1726199999999,9967.517908551346,10017.631158834472,141.56285390713475,1,0.00551420393773383
1726214399999,9967.517908551346,10018.055847396194,141.56285390713475,1,0.005472043597061993
1726228799999,9967.517908551346,10017.475439695174,141.56285390713475,1,0.005529662729313656
1726243199999,9967.517908551346,10019.046787373543,141.56285390713475,1,0.005373669468827558
1726257599999,9917.480408551346,10017.586767368068,278.9254912697721,2,0.005518610836141913
1726271999999,9917.480408551346,10018.060940703226,278.9254912697721,2,0.005471537966397544
1726286399999,9917.480408551346,10017.614659917193,278.9254912697721,2,0.005515841843804048
1726300799999,9917.480408551346,10017.698337564576,278.9254912697721,2,0.005507534866790231
1726315199999,9917.480408551346,10016.136354813465,278.9254912697721,2,0.005662598437712774
1726329599999,9917.480408551346,10016.387387755607,278.9254912697721,2,0.005637677506671768
1726343999999,9917.480408551346,10015.885321871321,278.9254912697721,2,0.0056875193687540015
1726358399999,9917.480408551346,10016.192139911718,278.9254912697721,2,0.005657060453037044
1726372799999,9917.480408551346,10016.303710108226,278.9254912697721,2,0.005645984483685473
1726387199999,9917.480408551346,10016.694205796004,278.9254912697721,2,0.00560721859095481
1726401599999,9917.480408551346,10014.881190102751,278.9254912697721,2,0.005787203092918469
1726415999999,10014.808139516586,10014.808139516586,0.0,0,0.0057944550838514575
1726430399999,10014.808139516586,10014.808139516586,0.0,0,0.0057944550838514575
1726444799999,10014.808139516586,10014.808139516586,0.0,0,0.0057944550838514575
1726459199999,10014.808139516586,10014.808139516586,0.0,0,0.0057944550838514575
1726473599999,10014.808139516586,10014.808139516586,0.0,0,0.0057944550838514575
1726487999999,10014.808139516586,10014.808139516586,0.0,0,0.0057944550838514575
1726502399999,10014.808139516586,10014.808139516586,0.0,0,0.0057944550838514575
1726516799999,10014.808139516586,10014.808139516586,0.0,0,0.0057944550838514575
1726531199999,10014.808139516586,10014.808139516586,0.0,0,0.0057944550838514575
1726545599999,10014.808139516586,10014.808139516586,0.0,0,0.0057944550838514575
1726559999999,10014.808139516586,10014.808139516586,0.0,0,0.0057944550838514575
1726574399999,10014.808139516586,10014.808139516586,0.0,0,0.0057944550838514575
1726588799999,10014.808139516586,10014.808139516586,0.0,0,0.0057944550838514575
1726603199999,10014.808139516586,10014.808139516586,0.0,0,0.0057944550838514575
1726617599999,10014.808139516586,10014.808139516586,0.0,0,0.0057944550838514575
1726631999999,10014.808139516586,10014.808139516586,0.0,0,0.0057944550838514575
1726646399999,10014.808139516586,10014.808139516586,0.0,0,0.0057944550838514575
1726660799999,10014.808139516586,10014.808139516586,0.0,0,0.0057944550838514575
1726675199999,10014.808139516586,10014.808139516586,0.0,0,0.0057944550838514575
1726689599999,10014.808139516586,10014.808139516586,0.0,0,0.0057944550838514575
1726703999999,10014.808139516586,10014.808139516586,0.0,0,0.0057944550838514575
1726718399999,10014.808139516586,10014.808139516586,0.0,0,0.0057944550838514575
1726732799999,9964.770639516586,10014.598670471014,143.30753797649757,1,0.005815249819376644
1726747199999,9964.770639516586,10014.813631777979,143.30753797649757,1,0.0057939098475718875
1726761599999,9964.770639516586,10015.214892884313,143.30753797649757,1,0.005754075233536549
1726775999999,9964.770639516586,10015.300877407099,143.30753797649757,1,0.00574553924481469
1726790399999,9964.770639516586,10015.071585346337,143.30753797649757,1,0.0057683018814062015
1726804799999,9964.770639516586,10016.189384142554,143.30753797649757,1,0.005657334028021821
1726819199999,9914.733139516586,10016.378012893112,282.660938199463,2,0.005638608182541471
1726833599999,9914.733139516586,10015.501763984694,282.660938199463,2,0.005725596521343412
1726847999999,9914.733139516586,10014.992974295936,282.660938199463,2,0.005776105879357285
1726862399999,9914.733139516586,10014.144991481337,282.660938199463,2,0.0058602881427139986
1726876799999,9914.733139516586,10014.286321950436,282.660938199463,2,0.005846257765487972
1726891199999,9914.733139516586,10015.049506483576,282.660938199463,2,0.00577049372846683
1726905599999,9914.733139516586,10014.851643826836,282.660938199463,2,0.0057901362565834225
1726919999999,9914.733139516586,10014.710313357737,282.660938199463,2,0.005804166633809449
1726934399999,9914.733139516586,10015.303901327954,282.660938199463,2,0.005745239049459894
1726948799999,9914.733139516586,10015.473497890875,282.660938199463,2,0.005728402596788529
1726963199999,9914.733139516586,10016.038819767273,282.660938199463,2,0.00567228108788409
1726977599999,9914.733139516586,10015.134304765035,282.660938199463,2,0.005762075502131148
1726991999999,9914.733139516586,10014.653781170096,282.660938199463,2,0.005809778784699904
1727006399999,9914.733139516586,10014.314588044257,282.660938199463,2,0.005843451690042634
1727020799999,9914.733139516586,10013.014347728538,282.660938199463,2,0.005972531160522987
1727035199999,10012.91239192813,10012.91239192813,0.0,0,0.00598265267465381
1727049599999,10012.91239192813,10012.91239192813,0.0,0,0.00598265267465381
1727063999999,10012.91239192813,10012.91239192813,0.0,0,0.00598265267465381
1727078399999,10012.91239192813,10012.91239192813,0.0,0,0.00598265267465381
1727092799999,10012.91239192813,10012.91239192813,0.0,0,0.00598265267465381
1727107199999,10012.91239192813,10012.91239192813,0.0,0,0.00598265267465381
1727121599999,10012.91239192813,10012.91239192813,0.0,0,0.00598265267465381
1727135999999,10012.91239192813,10012.91239192813,0.0,0,0.00598265267465381
1727150399999,9962.87489192813,10012.696124051343,137.51375137513753,1,0.006004122354281605
1727164799999,9962.87489192813,10013.534957934731,137.51375137513753,1,0.005920848337794271
1727179199999,9912.83739192813,10013.784306467533,273.2726435825771,2,0.0058960946240461665
1727193599999,9912.83739192813,10014.494815340848,273.2726435825771,2,0.005825559886713072
1727207999999,9912.83739192813,10018.976486695603,273.2726435825771,2,0.005380648466612237
1727222399999,9912.83739192813,10018.812523109453,273.2726435825771,2,0.005396925713689105
1727236799999,9912.83739192813,10019.550359247125,273.2726435825771,2,0.00532367810184331
1727251199999,9912.83739192813,10017.036250926167,273.2726435825771,2,0.005573262557021619
1727265599999,9912.83739192813,10017.44615989154,273.2726435825771,2,0.00553256943932956
1727279999999,9912.83739192813,10017.610123477689,273.2726435825771,2,0.005516292192252803
1727294399999,9912.83739192813,10017.582796213332,273.2726435825771,2,0.005519005066765503
1727308799999,9912.83739192813,10016.926941868733,273.2726435825771,2,0.005584114055072975
1727323199999,9912.83739192813,10018.211323293572,273.2726435825771,2,0.005456608952970843
1727337599999,9912.83739192813,10020.944049729396,273.2726435825771,2,0.005185321501690043
1727351999999,9912.83739192813,10021.244649637338,273.2726435825771,2,0.005155479882049119
1727366399999,9912.83739192813,10022.61101285525,273.2726435825771,2,0.0050198361564086635
1727380799999,9912.83739192813,10021.54524954528,273.2726435825771,2,0.005125638262408194
1727395199999,9912.83739192813,10022.529031062175,273.2726435825771,2,0.0050279747799472085
1727409599999,9912.83739192813,10024.769866739553,273.2726435825771,2,0.004805519069896791
1727423999999,9862.799891928129,10024.04813031405,395.3131610343711,3,0.004877168406180243
1727438399999,9862.799891928129,10021.99250187667,395.3131610343711,3,0.005081237936246041
1727452799999,9862.799891928129,10022.704065566531,395.3131610343711,3,0.005010598483531026
1727467199999,9862.799891928129,10021.280938186808,395.3131610343711,3,0.005151877388961057
1727481599999,9862.799891928129,10021.597188715636,395.3131610343711,3,0.005120482076643285
1727495999999,9862.799891928129,10022.46687766991,395.3131610343711,3,0.005034144967769327
1727510399999,9862.799891928129,10019.739216858774,395.3131610343711,3,0.0053049295365104054
1727524799999,9862.799891928129,10021.280938186808,395.3131610343711,3,0.005151877388961057
1727539199999,9862.799891928129,10021.557657399533,395.3131610343711,3,0.005124406490682909
1727553599999,9862.799891928129,10021.320469502913,395.3131610343711,3,0.0051479529749212105
1727567999999,9862.799891928129,10021.162344238499,395.3131610343711,3,0.005163650631080152
1727582399999,9862.799891928129,10021.043750290188,395.3131610343711,3,0.0051754238731994695
1727596799999,9862.799891928129,10018.632340007878,395.3131610343711,3,0.005414813129622664
1727611199999,9862.799891928129,10019.81827949098,395.3131610343711,3,0.005297080708430935
1727625599999,9862.799891928129,10021.08328160629,395.3131610343711,3,0.005171499459159734
1727639999999,9862.799891928129,10022.387815037704,395.3131610343711,3,0.005041993795848798
1727654399999,9862.799891928129,10019.936873439292,395.3131610343711,3,0.005285307466311617
1727668799999,9862.799891928129,10016.853430783223,395.3131610343711,3,0.005591411761410314
1727683199999,10016.698388961466,10016.698388961466,0.0,0,0.005606803313274011
1727697599999,10016.698388961466,10016.698388961466,0.0,0,0.005606803313274011
1727711999999,10016.698388961466,10016.698388961466,0.0,0,0.005606803313274011
1727726399999,10016.698388961466,10016.698388961466,0.0,0,0.005606803313274011
1727740799999,10016.698388961466,10016.698388961466,0.0,0,0.005606803313274011
1727755199999,10016.698388961466,10016.698388961466,0.0,0,0.005606803313274011
1727769599999,10016.698388961466,10016.698388961466,0.0,0,0.005606803313274011
1727783999999,10016.698388961466,10016.698388961466,0.0,0,0.005606803313274011
1727798399999,10016.698388961466,10016.698388961466,0.0,0,0.005606803313274011
1727812799999,10016.698388961466,10016.698388961466,0.0,0,0.005606803313274011
1727827199999,10016.698388961466,10016.698388961466,0.0,0,0.005606803313274011
1727841599999,10016.698388961466,10016.698388961466,0.0,0,0.005606803313274011
1727855999999,10016.698388961466,10016.698388961466,0.0,0,0.005606803313274011
1727870399999,10016.698388961466,10016.698388961466,0.0,0,0.005606803313274011
1727884799999,10016.698388961466,10016.698388961466,0.0,0,0.005606803313274011
1727899199999,10016.698388961466,10016.698388961466,0.0,0,0.005606803313274011
1727913599999,10016.698388961466,10016.698388961466,0.0,0,0.005606803313274011
1727927999999,10016.698388961466,10016.698388961466,0.0,0,0.005606803313274011
1727942399999,10016.698388961466,10016.698388961466,0.0,0,0.005606803313274011
1727956799999,10016.698388961466,10016.698388961466,0.0,0,0.005606803313274011
1727971199999,10016.698388961466,10016.698388961466,0.0,0,0.005606803313274011
1727985599999,10016.698388961466,10016.698388961466,0.0,0,0.005606803313274011
1727999999999,10016.698388961466,10016.698388961466,0.0,0,0.005606803313274011
1728014399999,10016.698388961466,10016.698388961466,0.0,0,0.005606803313274011
1728028799999,10016.698388961466,10016.698388961466,0.0,0,0.005606803313274011
1728043199999,10016.698388961466,10016.698388961466,0.0,0,0.005606803313274011
1728057599999,10016.698388961466,10016.698388961466,0.0,0,0.005606803313274011
1728071999999,10016.698388961466,10016.698388961466,0.0,0,0.005606803313274011
1728086399999,10016.698388961466,10016.698388961466,0.0,0,0.005606803313274011
1728100799999,10016.698388961466,10016.698388961466,0.0,0,0.005606803313274011
1728115199999,10016.698388961466,10016.698388961466,0.0,0,0.005606803313274011
1728129599999,10016.698388961466,10016.698388961466,0.0,0,0.005606803313274011
1728143999999,10016.698388961466,10016.698388961466,0.0,0,0.005606803313274011
1728158399999,10016.698388961466,10016.698388961466,0.0,0,0.005606803313274011
1728172799999,10016.698388961466,10016.698388961466,0.0,0,0.005606803313274011
1728187199999,10016.698388961466,10016.698388961466,0.0,0,0.005606803313274011
1728201599999,10016.698388961466,10016.698388961466,0.0,0,0.005606803313274011
1728215999999,10016.698388961466,10016.698388961466,0.0,0,0.005606803313274011
1728230399999,10016.698388961466,10016.698388961466,0.0,0,0.005606803313274011
1728244799999,10016.698388961466,10016.698388961466,0.0,0,0.005606803313274011
1728259199999,10016.698388961466,10016.698388961466,0.0,0,0.005606803313274011
1728273599999,10016.698388961466,10016.698388961466,0.0,0,0.005606803313274011
1728287999999,10016.698388961466,10016.698388961466,0.0,0,0.005606803313274011
1728302399999,10016.698388961466,10016.698388961466,0.0,0,0.005606803313274011
1728316799999,10016.698388961466,10016.698388961466,0.0,0,0.005606803313274011
1728331199999,10016.698388961466,10016.698388961466,0.0,0,0.005606803313274011
1728345599999,10016.698388961466,10016.698388961466,0.0,0,0.005606803313274011
1728359999999,10016.698388961466,10016.698388961466,0.0,0,0.005606803313274011
1728374399999,10016.698388961466,10016.698388961466,0.0,0,0.005606803313274011
1728388799999,10016.698388961466,10016.698388961466,0.0,0,0.005606803313274011
1728403199999,10016.698388961466,10016.698388961466,0.0,0,0.005606803313274011
1728417599999,10016.698388961466,10016.698388961466,0.0,0,0.005606803313274011
1728431999999,10016.698388961466,10016.698388961466,0.0,0,0.005606803313274011
1728446399999,10016.698388961466,10016.698388961466,0.0,0,0.005606803313274011
1728460799999,10016.698388961466,10016.698388961466,0.0,0,0.005606803313274011
1728475199999,10016.698388961466,10016.698388961466,0.0,0,0.005606803313274011
1728489599999,10016.698388961466,10016.698388961466,0.0,0,0.005606803313274011
1728503999999,10016.698388961466,10016.698388961466,0.0,0,0.005606803313274011
1728518399999,10016.698388961466,10016.698388961466,0.0,0,0.005606803313274011
1728532799999,10016.698388961466,10016.698388961466,0.0,0,0.005606803313274011
1728547199999,10016.698388961466,10016.698388961466,0.0,0,0.005606803313274011
1728561599999,10016.698388961466,10016.698388961466,0.0,0,0.005606803313274011
1728575999999,10016.698388961466,10016.698388961466,0.0,0,0.005606803313274011
1728590399999,10016.698388961466,10016.698388961466,0.0,0,0.005606803313274011
1728604799999,10016.698388961466,10016.698388961466,0.0,0,0.005606803313274011
1728619199999,10016.698388961466,10016.698388961466,0.0,0,0.005606803313274011
1728633599999,10016.698388961466,10016.698388961466,0.0,0,0.005606803313274011
1728647999999,10016.698388961466,10016.698388961466,0.0,0,0.005606803313274011
1728662399999,10016.698388961466,10016.698388961466,0.0,0,0.005606803313274011
1728676799999,10016.698388961466,10016.698388961466,0.0,0,0.005606803313274011
1728691199999,10016.698388961466,10016.698388961466,0.0,0,0.005606803313274011
1728705599999,10016.698388961466,10016.698388961466,0.0,0,0.005606803313274011
1728719999999,10016.698388961466,10016.698388961466,0.0,0,0.005606803313274011
1728734399999,10016.698388961466,10016.698388961466,0.0,0,0.005606803313274011
1728748799999,10016.698388961466,10016.698388961466,0.0,0,0.005606803313274011
1728763199999,10016.698388961466,10016.698388961466,0.0,0,0.005606803313274011
1728777599999,10016.698388961466,10016.698388961466,0.0,0,0.005606803313274011
1728791999999,10016.698388961466,10016.698388961466,0.0,0,0.005606803313274011
1728806399999,10016.698388961466,10016.698388961466,0.0,0,0.005606803313274011
1728820799999,10016.698388961466,10016.698388961466,0.0,0,0.005606803313274011
1728835199999,10016.698388961466,10016.698388961466,0.0,0,0.005606803313274011
1728849599999,10016.698388961466,10016.698388961466,0.0,0,0.005606803313274011
1728863999999,10016.698388961466,10016.698388961466,0.0,0,0.005606803313274011
1728878399999,10016.698388961466,10016.698388961466,0.0,0,0.005606803313274011
1728892799999,10016.698388961466,10016.698388961466,0.0,0,0.005606803313274011
1728907199999,10016.698388961466,10016.698388961466,0.0,0,0.005606803313274011
1728921599999,10016.698388961466,10016.698388961466,0.0,0,0.005606803313274011
1728935999999,9966.660888961465,10016.757254600232,137.66519823788545,1,0.005600959512409243
1728950399999,9966.660888961465,10016.812320679526,137.66519823788545,1,0.005595492907297217
1728964799999,9966.660888961465,10016.192827287457,137.66519823788545,1,0.0056569922148080876
1728979199999,10016.169434528647,10016.169434528647,0.0,0,0.005659314496992196
1728993599999,10016.169434528647,10016.169434528647,0.0,0,0.005659314496992196
1729007999999,10016.169434528647,10016.169434528647,0.0,0,0.005659314496992196
1729022399999,10016.169434528647,10016.169434528647,0.0,0,0.005659314496992196
1729036799999,10016.169434528647,10016.169434528647,0.0,0,0.005659314496992196
1729051199999,10016.169434528647,10016.169434528647,0.0,0,0.005659314496992196
1729065599999,10016.169434528647,10016.169434528647,0.0,0,0.005659314496992196
1729079999999,10016.169434528647,10016.169434528647,0.0,0,0.005659314496992196
1729094399999,10016.169434528647,10016.169434528647,0.0,0,0.005659314496992196
1729108799999,10016.169434528647,10016.169434528647,0.0,0,0.005659314496992196
1729123199999,10016.169434528647,10016.169434528647,0.0,0,0.005659314496992196
1729137599999,10016.169434528647,10016.169434528647,0.0,0,0.005659314496992196
1729151999999,10016.169434528647,10016.169434528647,0.0,0,0.005659314496992196
1729166399999,10016.169434528647,10016.169434528647,0.0,0,0.005659314496992196
1729180799999,10016.169434528647,10016.169434528647,0.0,0,0.005659314496992196
1729195199999,10016.169434528647,10016.169434528647,0.0,0,0.005659314496992196
1729209599999,10016.169434528647,10016.169434528647,0.0,0,0.005659314496992196
1729223999999,10016.169434528647,10016.169434528647,0.0,0,0.005659314496992196
1729238399999,10016.169434528647,10016.169434528647,0.0,0,0.005659314496992196
1729252799999,10016.169434528647,10016.169434528647,0.0,0,0.005659314496992196
1729267199999,10016.169434528647,10016.169434528647,0.0,0,0.005659314496992196
1729281599999,10016.169434528647,10016.169434528647,0.0,0,0.005659314496992196
1729295999999,10016.169434528647,10016.169434528647,0.0,0,0.005659314496992196
1729310399999,10016.169434528647,10016.169434528647,0.0,0,0.005659314496992196
1729324799999,10016.169434528647,10016.169434528647,0.0,0,0.005659314496992196
1729339199999,10016.169434528647,10016.169434528647,0.0,0,0.005659314496992196
1729353599999,10016.169434528647,10016.169434528647,0.0,0,0.005659314496992196
1729367999999,10016.169434528647,10016.169434528647,0.0,0,0.005659314496992196
1729382399999,10016.169434528647,10016.169434528647,0.0,0,0.005659314496992196
1729396799999,10016.169434528647,10016.169434528647,0.0,0,0.005659314496992196
1729411199999,10016.169434528647,10016.169434528647,0.0,0,0.005659314496992196
1729425599999,10016.169434528647,10016.169434528647,0.0,0,0.005659314496992196
1729439999999,10016.169434528647,10016.169434528647,0.0,0,0.005659314496992196
1729454399999,10016.169434528647,10016.169434528647,0.0,0,0.005659314496992196
1729468799999,10016.169434528647,10016.169434528647,0.0,0,0.005659314496992196
1729483199999,10016.169434528647,10016.169434528647,0.0,0,0.005659314496992196
1729497599999,10016.169434528647,10016.169434528647,0.0,0,0.005659314496992196
1729511999999,10016.169434528647,10016.169434528647,0.0,0,0.005659314496992196
1729526399999,10016.169434528647,10016.169434528647,0.0,0,0.005659314496992196
1729540799999,10016.169434528647,10016.169434528647,0.0,0,0.005659314496992196
1729555199999,10016.169434528647,10016.169434528647,0.0,0,0.005659314496992196
1729569599999,10016.169434528647,10016.169434528647,0.0,0,0.005659314496992196
1729583999999,10016.169434528647,10016.169434528647,0.0,0,0.005659314496992196
1729598399999,10016.169434528647,10016.169434528647,0.0,0,0.005659314496992196
1729612799999,10016.169434528647,10016.169434528647,0.0,0,0.005659314496992196
1729627199999,10016.169434528647,10016.169434528647,0.0,0,0.005659314496992196
1729641599999,10016.169434528647,10016.169434528647,0.0,0,0.005659314496992196
1729655999999,10016.169434528647,10016.169434528647,0.0,0,0.005659314496992196
1729670399999,10016.169434528647,10016.169434528647,0.0,0,0.005659314496992196
1729684799999,10016.169434528647,10016.169434528647,0.0,0,0.005659314496992196
1729699199999,10016.169434528647,10016.169434528647,0.0,0,0.005659314496992196
1729713599999,10016.169434528647,10016.169434528647,0.0,0,0.005659314496992196
1729727999999,10016.169434528647,10016.169434528647,0.0,0,0.005659314496992196
1729742399999,10016.169434528647,10016.169434528647,0.0,0,0.005659314496992196
1729756799999,10016.169434528647,10016.169434528647,0.0,0,0.005659314496992196
1729771199999,10016.169434528647,10016.169434528647,0.0,0,0.005659314496992196
1729785599999,10016.169434528647,10016.169434528647,0.0,0,0.005659314496992196
1729799999999,10016.169434528647,10016.169434528647,0.0,0,0.005659314496992196
1729814399999,10016.169434528647,10016.169434528647,0.0,0,0.005659314496992196
1729828799999,10016.169434528647,10016.169434528647,0.0,0,0.005659314496992196
1729843199999,10016.169434528647,10016.169434528647,0.0,0,0.005659314496992196
1729857599999,10016.169434528647,10016.169434528647,0.0,0,0.005659314496992196
1729871999999,10016.169434528647,10016.169434528647,0.0,0,0.005659314496992196
1729886399999,10016.169434528647,10016.169434528647,0.0,0,0.005659314496992196
1729900799999,10016.169434528647,10016.169434528647,0.0,0,0.005659314496992196
1729915199999,10016.169434528647,10016.169434528647,0.0,0,0.005659314496992196
1729929599999,10016.169434528647,10016.169434528647,0.0,0,0.005659314496992196
1729943999999,10016.169434528647,10016.169434528647,0.0,0,0.005659314496992196
1729958399999,10016.169434528647,10016.169434528647,0.0,0,0.005659314496992196
1729972799999,10016.169434528647,10016.169434528647,0.0,0,0.005659314496992196
1729987199999,10016.169434528647,10016.169434528647,0.0,0,0.005659314496992196
1730001599999,10016.169434528647,10016.169434528647,0.0,0,0.005659314496992196
1730015999999,10016.169434528647,10016.169434528647,0.0,0,0.005659314496992196
1730030399999,10016.169434528647,10016.169434528647,0.0,0,0.005659314496992196
1730044799999,10016.169434528647,10016.169434528647,0.0,0,0.005659314496992196
1730059199999,10016.169434528647,10016.169434528647,0.0,0,0.005659314496992196
1730073599999,10016.169434528647,10016.169434528647,0.0,0,0.005659314496992196
1730087999999,10016.169434528647,10016.169434528647,0.0,0,0.005659314496992196
1730102399999,10016.169434528647,10016.169434528647,0.0,0,0.005659314496992196
1730116799999,10016.169434528647,10016.169434528647,0.0,0,0.005659314496992196
1730131199999,10016.169434528647,10016.169434528647,0.0,0,0.005659314496992196
1730145599999,10016.169434528647,10016.169434528647,0.0,0,0.005659314496992196
1730159999999,10016.169434528647,10016.169434528647,0.0,0,0.005659314496992196
1730174399999,10016.169434528647,10016.169434528647,0.0,0,0.005659314496992196
1730188799999,10016.169434528647,10016.169434528647,0.0,0,0.005659314496992196
1730203199999,10016.169434528647,10016.169434528647,0.0,0,0.005659314496992196
1730217599999,10016.169434528647,10016.169434528647,0.0,0,0.005659314496992196
1730231999999,10016.169434528647,10016.169434528647,0.0,0,0.005659314496992196
1730246399999,10016.169434528647,10016.169434528647,0.0,0,0.005659314496992196
1730260799999,10016.169434528647,10016.169434528647,0.0,0,0.005659314496992196
1730275199999,10016.169434528647,10016.169434528647,0.0,0,0.005659314496992196
1730289599999,10016.169434528647,10016.169434528647,0.0,0,0.005659314496992196
1730303999999,10016.169434528647,10016.169434528647,0.0,0,0.005659314496992196
1730318399999,10016.169434528647,10016.169434528647,0.0,0,0.005659314496992196
1730332799999,10016.169434528647,10016.169434528647,0.0,0,0.005659314496992196
1730347199999,10016.169434528647,10016.169434528647,0.0,0,0.005659314496992196
1730361599999,10016.169434528647,10016.169434528647,0.0,0,0.005659314496992196
1730375999999,10016.169434528647,10016.169434528647,0.0,0,0.005659314496992196
1730390399999,10016.169434528647,10016.169434528647,0.0,0,0.005659314496992196
1730404799999,10016.169434528647,10016.169434528647,0.0,0,0.005659314496992196
1730419199999,10016.169434528647,10016.169434528647,0.0,0,0.005659314496992196
1730433599999,10016.169434528647,10016.169434528647,0.0,0,0.005659314496992196
1730447999999,10016.169434528647,10016.169434528647,0.0,0,0.005659314496992196
1730462399999,10016.169434528647,10016.169434528647,0.0,0,0.005659314496992196
1730476799999,10016.169434528647,10016.169434528647,0.0,0,0.005659314496992196
1730491199999,10016.169434528647,10016.169434528647,0.0,0,0.005659314496992196
1730505599999,10016.169434528647,10016.169434528647,0.0,0,0.005659314496992196
1730519999999,10016.169434528647,10016.169434528647,0.0,0,0.005659314496992196
1730534399999,10016.169434528647,10016.169434528647,0.0,0,0.005659314496992196
1730548799999,10016.169434528647,10016.169434528647,0.0,0,0.005659314496992196
1730563199999,10016.169434528647,10016.169434528647,0.0,0,0.005659314496992196
1730577599999,10016.169434528647,10016.169434528647,0.0,0,0.005659314496992196
1730591999999,10016.169434528647,10016.169434528647,0.0,0,0.005659314496992196
1730606399999,10016.169434528647,10016.169434528647,0.0,0,0.005659314496992196
1730620799999,10016.169434528647,10016.169434528647,0.0,0,0.005659314496992196
1730635199999,10016.169434528647,10016.169434528647,0.0,0,0.005659314496992196
1730649599999,10016.169434528647,10016.169434528647,0.0,0,0.005659314496992196
1730663999999,10016.169434528647,10016.169434528647,0.0,0,0.005659314496992196
1730678399999,10016.169434528647,10016.169434528647,0.0,0,0.005659314496992196
1730692799999,10016.169434528647,10016.169434528647,0.0,0,0.005659314496992196
1730707199999,10016.169434528647,10016.169434528647,0.0,0,0.005659314496992196
1730721599999,10016.169434528647,10016.169434528647,0.0,0,0.005659314496992196
1730735999999,10016.169434528647,10016.169434528647,0.0,0,0.005659314496992196
1730750399999,10016.169434528647,10016.169434528647,0.0,0,0.005659314496992196
1730764799999,10016.169434528647,10016.169434528647,0.0,0,0.005659314496992196
1730779199999,10016.169434528647,10016.169434528647,0.0,0,0.005659314496992196
1730793599999,10016.169434528647,10016.169434528647,0.0,0,0.005659314496992196
1730807999999,10016.169434528647,10016.169434528647,0.0,0,0.005659314496992196
1730822399999,10016.169434528647,10016.169434528647,0.0,0,0.005659314496992196
1730836799999,10016.169434528647,10016.169434528647,0.0,0,0.005659314496992196
1730851199999,10016.169434528647,10016.169434528647,0.0,0,0.005659314496992196
1730865599999,10016.169434528647,10016.169434528647,0.0,0,0.005659314496992196
1730879999999,9966.131934528647,10016.285394350076,139.50892857142858,1,0.005647802753996678
1730894399999,9966.131934528647,10016.104032742933,139.50892857142858,1,0.00566580716436027
1730908799999,9966.131934528647,10015.420438992933,139.50892857142858,1,0.005733669941884512
1730923199999,9966.131934528647,10015.992425600076,139.50892857142858,1,0.0056768868015070195
1730937599999,9966.131934528647,10016.773675600076,139.50892857142858,1,0.005599329341479331
1730951999999,9916.094434528646,10019.577689307682,277.2120406617619,2,0.005320964949741991
1730966399999,9916.094434528646,10018.330235124704,277.2120406617619,2,0.005444804153495908
1730980799999,9916.094434528646,10018.607447165366,277.2120406617619,2,0.005417284330439309
1730995199999,9916.094434528646,10023.763591121675,277.2120406617619,2,0.004905415621590081
1731009599999,9866.056934528646,10025.702190738677,405.9121693618905,3,0.004712963957839156
1731023999999,9866.056934528646,10031.060231374255,405.9121693618905,3,0.004181052249140782
1731038399999,9866.056934528646,10037.270687565491,405.9121693618905,3,0.0035645182231495154
1731052799999,9866.056934528646,10039.746751798599,405.9121693618905,3,0.003318710539584324
1731067199999,9866.056934528646,10042.588136984132,405.9121693618905,3,0.0030366361486079407
1731081599999,9866.056934528646,10048.758001958433,405.9121693618905,3,0.0024241317567733622
1731095999999,9866.056934528646,10046.200755291453,405.9121693618905,3,0.0026779987086521517
1731110399999,9866.056934528646,10046.566076243878,405.9121693618905,3,0.0026417320012409595
1731124799999,9866.056934528646,10040.396211269577,405.9121693618905,3,0.003254236393075538
1731139199999,9866.056934528646,10042.628728201069,405.9121693618905,3,0.0030326065144510306
1731153599999,9866.056934528646,10045.26715730192,405.9121693618905,3,0.002770680294258754
1731167999999,9866.056934528646,10043.684099841408,405.9121693618905,3,0.002927836026374253
1731182399999,9866.056934528646,10044.455332963196,405.9121693618905,3,0.0028512729773948475
1731196799999,9866.056934528646,10067.673509050697,405.9121693618905,3,0.0005463222397018574
1731211199999,9866.056934528646,10082.32693836466,405.9121693618905,3,0.0003219744636249189
1731225599999,9866.056934528646,10103.231415086799,405.9121693618905,3,0.0005139944841203725
1731239999999,9866.056934528646,10104.48974281182,405.9121693618905,3,0.00046577196467001425
1731254399999,9866.056934528646,10109.198323976418,405.9121693618905,3,0.0024393378946985234
1731268799999,9866.056934528646,10114.71872947974,405.9121693618905,3,0.0018945924863584818
1731283199999,9866.056934528646,10105.585705669097,405.9121693618905,3,0.002795825698685639
1731297599999,9866.056934528646,10108.87359424093,405.9121693618905,3,0.0024713817422478135
1731311999999,9866.056934528646,10098.806972440754,405.9121693618905,3,0.00346474101627936
1731326399999,9866.056934528646,10108.305317203822,405.9121693618905,3,0.002527458475459321
1731340799999,9866.056934528646,10110.050739532078,405.9121693618905,3,0.0023552227948813176
1731355199999,9866.056934528646,10108.467682071567,405.9121693618905,3,0.0025114365516846204
1731369599999,9866.056934528646,10114.962276781356,405.9121693618905,3,0.0018705596006965974
1731383999999,9866.056934528646,10106.803442177183,405.9121693618905,3,0.002675661270375329
1731398399999,9866.056934528646,10114.19104365957,405.9121693618905,3,0.0019466637386262864
1731412799999,9866.056934528646,10103.596736039224,405.9121693618905,3,0.0029920942649256377
1731427199999,9866.056934528646,10097.751600800413,405.9121693618905,3,0.0035688835208149694
1731441599999,9866.056934528646,10100.065300165776,405.9121693618905,3,0.0033405711070254585
1731455999999,9866.056934528646,10097.792192017348,405.9121693618905,3,0.0035648780398713775
1731470399999,9866.056934528646,10083.301127571129,405.9121693618905,3,0.004994834736763543
1731484799999,9866.056934528646,10082.814032967895,405.9121693618905,3,0.005042900508087533
1731499199999,9866.056934528646,10084.35649921147,405.9121693618905,3,0.004890692232228044
1731513599999,9866.056934528646,10107.655857732843,405.9121693618905,3,0.0025915461705581233
1731527999999,9866.056934528646,10097.386279847988,405.9121693618905,3,0.0036049328493079624
1731542399999,9866.056934528646,10100.795942070627,405.9121693618905,3,0.0032684724500393614
1731556799999,9866.056934528646,10098.522833922201,405.9121693618905,3,0.0034927793828850584
1731571199999,9866.056934528646,10101.891904927905,405.9121693618905,3,0.0031603244645600492
1731585599999,9866.056934528646,10096.574455509264,405.9121693618905,3,0.0036850424681814653
1731599999999,9866.056934528646,10088.577985772834,405.9121693618905,3,0.004474122214085718
1731614399999,9866.056934528646,10095.397310218113,405.9121693618905,3,0.0038012014155481832
1731628799999,9866.056934528646,10101.161263023052,405.9121693618905,3,0.0032324231215462573
1731643199999,9866.056934528646,10107.290536780418,405.9121693618905,3,0.0026275954990511163
1731657599999,9866.056934528646,10105.423340801353,405.9121693618905,3,0.0028118476224602285
1731671999999,9866.056934528646,10115.084050432166,405.9121693618905,3,0.0018585431578654887
1731686399999,9866.056934528646,10128.763290539662,405.9121693618905,3,0.0019718114178125523
1731700799999,9866.056934528646,10141.22479413907,405.9121693618905,3,0.0007439288513452214
1731715199999,9866.056934528646,10153.077429484438,405.9121693618905,3,1.5991434363149537e-05
1731729599999,9866.056934528646,10168.82682165568,405.9121693618905,3,0.0001636341730513191
1731743999999,9866.056934528646,10160.50562218376,405.9121693618905,3,0.0013285674612154574
1731758399999,9866.056934528646,10171.465250756532,405.9121693618905,3,0.0012833547191328787
1731772799999,9866.056934528646,10168.623865570999,405.9121693618905,3,0.0029412711755797405
1731787199999,9866.056934528646,10174.063088640449,405.9121693618905,3,0.002407941896110488
1731801599999,9866.056934528646,10167.081399327424,405.9121693618905,3,0.0030925138070708735
1731815999999,9866.056934528646,10156.24354440546,405.9121693618905,3,0.004155192296759536
1731830399999,9866.056934528646,10157.420689696612,405.9121693618905,3,0.004039770288515987
1731844799999,9866.056934528646,10153.442750436865,405.9121693618905,3,0.0044298170749934584
1731859199999,9866.056934528646,10160.50562218376,405.9121693618905,3,0.003737285025533721
1731873599999,9866.056934528646,10156.771230225631,405.9121693618905,3,0.00410345139651247
1731887999999,9866.056934528646,10151.25082472231,405.9121693618905,3,0.004644740814481074
1731902399999,9866.056934528646,10165.21420334836,405.9121693618905,3,0.0032755969925603035
1731916799999,9866.056934528646,10175.037277846917,405.9121693618905,3,0.0023124202341160416
1731931199999,9866.056934528646,10164.240014141891,405.9121693618905,3,0.00337111865455475
1731945599999,9866.056934528646,10176.539152873556,405.9121693618905,3,0.002165157671874529
1731959999999,9866.056934528646,10164.970656046742,405.9121693618905,3,0.003299477408058915
1731974399999,9866.056934528646,10163.38759858623,405.9121693618905,3,0.0034547001088000018
1731988799999,9866.056934528646,10171.587024407341,405.9121693618905,3,0.002650726120346447
1732003199999,9866.056934528646,10172.520622396873,405.9121693618905,3,0.0025591845276018432
1732017599999,9866.056934528646,10165.579524300785,405.9121693618905,3,0.003239776369312386
1732031999999,9866.056934528646,10162.210453295082,405.9121693618905,3,0.0035701221170432174
1732046399999,9866.056934528646,10168.948595306489,405.9121693618905,3,0.0029094306215815546
1732060799999,9866.056934528646,10165.904254036275,405.9121693618905,3,0.0032079358153142
1732075199999,9866.056934528646,10178.690487371174,405.9121693618905,3,0.001954214001636867
1732089599999,9866.056934528646,10186.321636155177,405.9121693618905,3,0.001205960982680221
1732103999999,9866.056934528646,10201.259203987694,405.9121693618905,3,0.0008984550596615737
1732118399999,9866.056934528646,10204.953004728888,405.9121693618905,3,0.0005366877568775408
1732132799999,9866.056934528646,10190.258984197988,405.9121693618905,3,0.0019758060382822906
1732147199999,9866.056934528646,10190.908443668966,405.9121693618905,3,0.0019121986004301261
1732161599999,9866.056934528646,10181.044777953473,405.9121693618905,3,0.0028782365628094997
1732175999999,9866.056934528646,10184.69798747773,405.9121693618905,3,0.002520444724891324
1732190399999,9866.056934528646,10185.02271721322,405.9121693618905,3,0.002488641005965131
1732204799999,9866.056934528646,10182.303105678495,405.9121693618905,3,0.002754997151971028
1732219199999,9866.056934528646,10189.163021340712,405.9121693618905,3,0.0020831435896576656
1732233599999,9866.056934528646,10199.635555310248,405.9121693618905,3,0.001057473654291874
1732247999999,9866.056934528646,10219.40347795817,405.9121693618905,3,0.0006827133145120845
1732262399999,9866.056934528646,10213.274204200807,405.9121693618905,3,0.0017694276326772895
1732276799999,9866.056934528646,10237.020066108478,405.9121693618905,3,0.00014668865635825146
1732291199999,9866.056934528646,10242.012785791629,405.9121693618905,3,0.00022189034667330354
1732305599999,9866.056934528646,10258.776958386276,405.9121693618905,3,0.0008262734076812661
1732319999999,9866.056934528646,10279.07256685437,405.9121693618905,3,0.001045369387371653
1732334399999,9866.056934528646,10309.353614688767,405.9121693618905,3,0.002439111472830824
1732348799999,9866.056934528646,10310.246621461363,405.9121693618905,3,0.0023527017266113948
1732363199999,9866.056934528646,10306.43104706936,405.9121693618905,3,0.0027219070059127937
1732377599999,9866.056934528646,10313.859239768683,405.9121693618905,3,0.002003135025996472
1732391999999,9866.056934528646,10299.08403680391,405.9121693618905,3,0.0034328235543545915
1732406399999,9866.056934528646,10298.678124634549,405.9121693618905,3,0.0034721007117269886
1732420799999,9866.056934528646,10305.132128127403,405.9121693618905,3,0.00284759390950462
1732435199999,9866.056934528646,10301.560101037017,405.9121693618905,3,0.0031932328943824473
1732449599999,9866.056934528646,10273.511570134111,405.9121693618905,3,0.005907284468820606
1732463999999,9866.056934528646,10251.064627168398,405.9121693618905,3,0.008079311271518508
1732478399999,9866.056934528646,10264.825049709767,405.9121693618905,3,0.006747815636591548
1732492799999,9866.056934528646,10281.142718918116,405.9121693618905,3,0.005168873910217919
1732507199999,9866.056934528646,10277.16477965837,405.9121693618905,3,0.005553790052468144
1732521599999,9866.056934528646,10287.637313627905,405.9121693618905,3,0.004540439392258344
1732535999999,9866.056934528646,10291.615252887652,405.9121693618905,3,0.00415552325000812
1732550399999,9866.056934528646,10274.60753299139,405.9121693618905,3,0.005801236143914812
1732564799999,9866.056934528646,10273.227431615558,405.9121693618905,3,0.005934778478981273
1732579199999,9866.056934528646,10249.03506632159,405.9121693618905,3,0.008275697058380715
1732593599999,9866.056934528646,10260.278833412915,405.9121693618905,3,0.007187719799163217
1732607999999,9866.056934528646,10255.489069814443,405.9121693618905,3,0.007651190256158569
1732622399999,9866.056934528646,10233.448039018092,405.9121693618905,3,0.009783939901483962
1732636799999,10233.172495689727,10233.172495689727,0.0,0,0.009810602217837139
1732651199999,10233.172495689727,10233.172495689727,0.0,0,0.009810602217837139
1732665599999,10233.172495689727,10233.172495689727,0.0,0,0.009810602217837139
1732679999999,10233.172495689727,10233.172495689727,0.0,0,0.009810602217837139
1732694399999,10233.172495689727,10233.172495689727,0.0,0,0.009810602217837139
1732708799999,10233.172495689727,10233.172495689727,0.0,0,0.009810602217837139
1732723199999,10233.172495689727,10233.172495689727,0.0,0,0.009810602217837139
1732737599999,10233.172495689727,10233.172495689727,0.0,0,0.009810602217837139
1732751999999,10233.172495689727,10233.172495689727,0.0,0,0.009810602217837139
1732766399999,10233.172495689727,10233.172495689727,0.0,0,0.009810602217837139
1732780799999,10233.172495689727,10233.172495689727,0.0,0,0.009810602217837139
1732795199999,10233.172495689727,10233.172495689727,0.0,0,0.009810602217837139
1732809599999,10233.172495689727,10233.172495689727,0.0,0,0.009810602217837139
1732823999999,10233.172495689727,10233.172495689727,0.0,0,0.009810602217837139
1732838399999,10233.172495689727,10233.172495689727,0.0,0,0.009810602217837139
1732852799999,10233.172495689727,10233.172495689727,0.0,0,0.009810602217837139
1732867199999,10233.172495689727,10233.172495689727,0.0,0,0.009810602217837139
1732881599999,10233.172495689727,10233.172495689727,0.0,0,0.009810602217837139
1732895999999,10233.172495689727,10233.172495689727,0.0,0,0.009810602217837139
1732910399999,10233.172495689727,10233.172495689727,0.0,0,0.009810602217837139
1732924799999,10233.172495689727,10233.172495689727,0.0,0,0.009810602217837139
1732939199999,10233.172495689727,10233.172495689727,0.0,0,0.009810602217837139
1732953599999,10233.172495689727,10233.172495689727,0.0,0,0.009810602217837139
1732967999999,10183.134995689727,10231.599189723542,44.25953793042401,1,0.00996283955067212
1732982399999,10183.134995689727,10231.475263017335,44.25953793042401,1,0.009974831033336962
1732996799999,10183.134995689727,10231.192001974581,44.25953793042401,1,0.010002240136570362
1733011199999,10183.134995689727,10230.891037116655,44.25953793042401,1,0.010031362308755898
1733025599999,10183.134995689727,10229.651770054603,44.25953793042401,1,0.010151277135402426
1733039999999,10183.134995689727,10229.877493698048,44.25953793042401,1,0.010129435506263218
1733054399999,10183.134995689727,10230.559090582175,44.25953793042401,1,0.0100634823516077
1733068799999,10183.134995689727,10230.647609658037,44.25953793042401,1,0.010054917006847242
1733083199999,10183.134995689727,10231.550504231818,44.25953793042401,1,0.009967550490290411
1733097599999,10183.134995689727,10234.015760494542,44.25953793042401,1,0.009729005638711596
1733111999999,10133.097495689726,10233.078870266014,87.74914391459379,2,0.009819661666601753
1733126399999,10133.097495689726,10233.236818725061,87.74914391459379,2,0.009804378147281523
1733140799999,10133.097495689726,10227.226002366911,87.74914391459379,2,0.010386000965851516
1733155199999,10133.097495689726,10238.931738165118,87.74914391459379,2,0.009253322367351768
1733169599999,10083.059995689726,10240.526411375125,129.20851373217258,3,0.009099017482318228
1733183999999,10083.059995689726,10238.394470898544,129.20851373217258,3,0.009305309798557704
1733198399999,10083.059995689726,10250.772646514086,129.20851373217258,3,0.00810756410790714
1733212799999,10083.059995689726,10246.986837061733,129.20851373217258,3,0.00847388925128989
1733227199999,10083.059995689726,10249.002489875955,129.20851373217258,3,0.008278849243208986
1733241599999,10083.059995689726,10237.774270032629,129.20851373217258,3,0.009365322108736418
1733255999999,10083.059995689726,10236.688918517279,129.20851373217258,3,0.009470343651549196
1733270399999,10083.059995689726,10236.999018950237,129.20851373217258,3,0.009440337496459783
1733284799999,10083.059995689726,10239.286009643296,129.20851373217258,3,0.009219042102675767
1733299199999,10083.059995689726,10241.83141736382,129.20851373217258,3,0.008972741579650556
1733313599999,10083.059995689726,10241.172453943786,129.20851373217258,3,0.00903650465921546
1733327999999,10083.059995689726,10236.882731287877,129.20851373217258,3,0.009451589804618354
1733342399999,10083.059995689726,10236.831047882384,129.20851373217258,3,0.009456590830466571
1733356799999,10083.059995689726,10236.443422341188,129.20851373217258,3,0.009494098524328254
1733371199999,10083.059995689726,10235.797379772526,129.20851373217258,3,0.009556611347431132
1733385599999,10083.059995689726,10238.885463250726,129.20851373217258,3,0.009257800052999476
1733399999999,10083.059995689726,10241.172453943786,129.20851373217258,3,0.00903650465921546
1733414399999,10083.059995689726,10239.46690156252,129.20851373217258,3,0.009201538512206953
1733428799999,10083.059995689726,10236.663076814533,129.20851373217258,3,0.009472844164473249
1733443199999,10083.059995689726,10232.903109064926,129.20851373217258,3,0.009836668794931835
1733457599999,10083.059995689726,10236.598472557667,129.20851373217258,3,0.009479095446783492
1733471999999,10083.059995689726,10236.637235111786,129.20851373217258,3,0.009475344677397413
1733486399999,10083.059995689726,10233.174446943764,129.20851373217258,3,0.009810413409228724
1733500799999,10083.059995689726,10238.872542399353,129.20851373217258,3,0.009259050309461614
1733515199999,10083.059995689726,10241.249979052025,129.20851373217258,3,0.00902900312044308
1733529599999,10083.059995689726,10241.702208850087,129.20851373217258,3,0.008985244144271154
1733543999999,10083.059995689726,10238.42031260129,129.20851373217258,3,0.00930280928563354
1733558399999,10083.059995689726,10239.324772197415,129.20851373217258,3,0.009215291333289577
1733572799999,10083.059995689726,10238.885463250726,129.20851373217258,3,0.009257800052999476
1733587199999,10083.059995689726,10240.616857334737,129.20851373217258,3,0.009090265687083932
1733601599999,10083.059995689726,10239.156801129564,129.20851373217258,3,0.009231544667296254
1733615999999,10083.059995689726,10239.441059859775,129.20851373217258,3,0.009204039025131006
1733630399999,10083.059995689726,10239.195563683683,129.20851373217258,3,0.009227793897910175
1733644799999,10083.059995689726,10238.394470898544,129.20851373217258,3,0.009305309798557704
1733659199999,10083.059995689726,10239.053434318577,129.20851373217258,3,0.009241546718992799
1733673599999,10083.059995689726,10236.49510574668,129.20851373217258,3,0.009489097498480037
1733687999999,10083.059995689726,10235.784458921155,129.20851373217258,3,0.009557861603893048
1733702399999,10083.059995689726,10237.283277680446,129.20851373217258,3,0.009412831854294645
1733716799999,10083.059995689726,10233.407022268482,129.20851373217258,3,0.009787908792911582
1733731199999,10233.281350837813,10233.281350837813,0.0,0,0.00980006909982567
1733745599999,10233.281350837813,10233.281350837813,0.0,0,0.00980006909982567
1733759999999,10233.281350837813,10233.281350837813,0.0,0,0.00980006909982567
1733774399999,10233.281350837813,10233.281350837813,0.0,0,0.00980006909982567
1733788799999,10233.281350837813,10233.281350837813,0.0,0,0.00980006909982567
1733803199999,10233.281350837813,10233.281350837813,0.0,0,0.00980006909982567
1733817599999,10233.281350837813,10233.281350837813,0.0,0,0.00980006909982567
1733831999999,10233.281350837813,10233.281350837813,0.0,0,0.00980006909982567
1733846399999,10233.281350837813,10233.281350837813,0.0,0,0.00980006909982567
1733860799999,10233.281350837813,10233.281350837813,0.0,0,0.00980006909982567
1733875199999,10233.281350837813,10233.281350837813,0.0,0,0.00980006909982567
1733889599999,10233.281350837813,10233.281350837813,0.0,0,0.00980006909982567
1733903999999,10233.281350837813,10233.281350837813,0.0,0,0.00980006909982567
1733918399999,10233.281350837813,10233.281350837813,0.0,0,0.00980006909982567
1733932799999,10233.281350837813,10233.281350837813,0.0,0,0.00980006909982567
1733947199999,10233.281350837813,10233.281350837813,0.0,0,0.00980006909982567
1733961599999,10233.281350837813,10233.281350837813,0.0,0,0.00980006909982567
1733975999999,10233.281350837813,10233.281350837813,0.0,0,0.00980006909982567
1733990399999,10233.281350837813,10233.281350837813,0.0,0,0.00980006909982567
1734004799999,10233.281350837813,10233.281350837813,0.0,0,0.00980006909982567
1734019199999,10233.281350837813,10233.281350837813,0.0,0,0.00980006909982567
1734033599999,10233.281350837813,10233.281350837813,0.0,0,0.00980006909982567
1734047999999,10233.281350837813,10233.281350837813,0.0,0,0.00980006909982567
1734062399999,10233.281350837813,10233.281350837813,0.0,0,0.00980006909982567
1734076799999,10233.281350837813,10233.281350837813,0.0,0,0.00980006909982567
1734091199999,10233.281350837813,10233.281350837813,0.0,0,0.00980006909982567
1734105599999,10233.281350837813,10233.281350837813,0.0,0,0.00980006909982567
1734119999999,10233.281350837813,10233.281350837813,0.0,0,0.00980006909982567
1734134399999,10233.281350837813,10233.281350837813,0.0,0,0.00980006909982567
1734148799999,10233.281350837813,10233.281350837813,0.0,0,0.00980006909982567
1734163199999,10233.281350837813,10233.281350837813,0.0,0,0.00980006909982567
1734177599999,10233.281350837813,10233.281350837813,0.0,0,0.00980006909982567
1734191999999,10233.281350837813,10233.281350837813,0.0,0,0.00980006909982567
1734206399999,10233.281350837813,10233.281350837813,0.0,0,0.00980006909982567
1734220799999,10233.281350837813,10233.281350837813,0.0,0,0.00980006909982567
1734235199999,10233.281350837813,10233.281350837813,0.0,0,0.00980006909982567
1734249599999,10233.281350837813,10233.281350837813,0.0,0,0.00980006909982567
1734263999999,10233.281350837813,10233.281350837813,0.0,0,0.00980006909982567
1734278399999,10233.281350837813,10233.281350837813,0.0,0,0.00980006909982567
1734292799999,10233.281350837813,10233.281350837813,0.0,0,0.00980006909982567
1734307199999,10233.281350837813,10233.281350837813,0.0,0,0.00980006909982567
1734321599999,10233.281350837813,10233.281350837813,0.0,0,0.00980006909982567
1734335999999,10233.281350837813,10233.281350837813,0.0,0,0.00980006909982567
1734350399999,10233.281350837813,10233.281350837813,0.0,0,0.00980006909982567
1734364799999,10233.281350837813,10233.281350837813,0.0,0,0.00980006909982567
1734379199999,10233.281350837813,10233.281350837813,0.0,0,0.00980006909982567
1734393599999,10233.281350837813,10233.281350837813,0.0,0,0.00980006909982567
1734407999999,10233.281350837813,10233.281350837813,0.0,0,0.00980006909982567
1734422399999,10233.281350837813,10233.281350837813,0.0,0,0.00980006909982567
1734436799999,10233.281350837813,10233.281350837813,0.0,0,0.00980006909982567
1734451199999,10233.281350837813,10233.281350837813,0.0,0,0.00980006909982567
1734465599999,10233.281350837813,10233.281350837813,0.0,0,0.00980006909982567
1734479999999,10233.281350837813,10233.281350837813,0.0,0,0.00980006909982567
1734494399999,10233.281350837813,10233.281350837813,0.0,0,0.00980006909982567
1734508799999,10233.281350837813,10233.281350837813,0.0,0,0.00980006909982567
1734523199999,10233.281350837813,10233.281350837813,0.0,0,0.00980006909982567
1734537599999,10233.281350837813,10233.281350837813,0.0,0,0.00980006909982567
1734551999999,10233.281350837813,10233.281350837813,0.0,0,0.00980006909982567
1734566399999,10233.281350837813,10233.281350837813,0.0,0,0.00980006909982567
1734580799999,10233.281350837813,10233.281350837813,0.0,0,0.00980006909982567
1734595199999,10233.281350837813,10233.281350837813,0.0,0,0.00980006909982567
1734609599999,10233.281350837813,10233.281350837813,0.0,0,0.00980006909982567
1734623999999,10233.281350837813,10233.281350837813,0.0,0,0.00980006909982567
1734638399999,10233.281350837813,10233.281350837813,0.0,0,0.00980006909982567
1734652799999,10233.281350837813,10233.281350837813,0.0,0,0.00980006909982567
1734667199999,10233.281350837813,10233.281350837813,0.0,0,0.00980006909982567
1734681599999,10233.281350837813,10233.281350837813,0.0,0,0.00980006909982567
1734695999999,10233.281350837813,10233.281350837813,0.0,0,0.00980006909982567
1734710399999,10233.281350837813,10233.281350837813,0.0,0,0.00980006909982567
1734724799999,10233.281350837813,10233.281350837813,0.0,0,0.00980006909982567
1734739199999,10233.281350837813,10233.281350837813,0.0,0,0.00980006909982567
1734753599999,10233.281350837813,10233.281350837813,0.0,0,0.00980006909982567
1734767999999,10233.281350837813,10233.281350837813,0.0,0,0.00980006909982567
1734782399999,10233.281350837813,10233.281350837813,0.0,0,0.00980006909982567
1734796799999,10233.281350837813,10233.281350837813,0.0,0,0.00980006909982567
1734811199999,10233.281350837813,10233.281350837813,0.0,0,0.00980006909982567
1734825599999,10233.281350837813,10233.281350837813,0.0,0,0.00980006909982567
1734839999999,10233.281350837813,10233.281350837813,0.0,0,0.00980006909982567
1734854399999,10233.281350837813,10233.281350837813,0.0,0,0.00980006909982567
1734868799999,10233.281350837813,10233.281350837813,0.0,0,0.00980006909982567
1734883199999,10233.281350837813,10233.281350837813,0.0,0,0.00980006909982567
1734897599999,10233.281350837813,10233.281350837813,0.0,0,0.00980006909982567
1734911999999,10233.281350837813,10233.281350837813,0.0,0,0.00980006909982567
1734926399999,10233.281350837813,10233.281350837813,0.0,0,0.00980006909982567
1734940799999,10233.281350837813,10233.281350837813,0.0,0,0.00980006909982567
1734955199999,10233.281350837813,10233.281350837813,0.0,0,0.00980006909982567
1734969599999,10233.281350837813,10233.281350837813,0.0,0,0.00980006909982567
1734983999999,10233.281350837813,10233.281350837813,0.0,0,0.00980006909982567
1734998399999,10233.281350837813,10233.281350837813,0.0,0,0.00980006909982567
1735012799999,10233.281350837813,10233.281350837813,0.0,0,0.00980006909982567
1735027199999,10233.281350837813,10233.281350837813,0.0,0,0.00980006909982567
1735041599999,10233.281350837813,10233.281350837813,0.0,0,0.00980006909982567
1735055999999,10233.281350837813,10233.281350837813,0.0,0,0.00980006909982567
1735070399999,10233.281350837813,10233.281350837813,0.0,0,0.00980006909982567
1735084799999,10233.281350837813,10233.281350837813,0.0,0,0.00980006909982567
1735099199999,10233.281350837813,10233.281350837813,0.0,0,0.00980006909982567
1735113599999,10233.281350837813,10233.281350837813,0.0,0,0.00980006909982567
1735127999999,10233.281350837813,10233.281350837813,0.0,0,0.00980006909982567
1735142399999,10233.281350837813,10233.281350837813,0.0,0,0.00980006909982567
1735156799999,10233.281350837813,10233.281350837813,0.0,0,0.00980006909982567
1735171199999,10233.281350837813,10233.281350837813,0.0,0,0.00980006909982567
1735185599999,10233.281350837813,10233.281350837813,0.0,0,0.00980006909982567
1735199999999,10233.281350837813,10233.281350837813,0.0,0,0.00980006909982567
1735214399999,10233.281350837813,10233.281350837813,0.0,0,0.00980006909982567
1735228799999,10233.281350837813,10233.281350837813,0.0,0,0.00980006909982567
1735243199999,10233.281350837813,10233.281350837813,0.0,0,0.00980006909982567
1735257599999,10233.281350837813,10233.281350837813,0.0,0,0.00980006909982567
1735271999999,10233.281350837813,10233.281350837813,0.0,0,0.00980006909982567
1735286399999,10233.281350837813,10233.281350837813,0.0,0,0.00980006909982567
1735300799999,10233.281350837813,10233.281350837813,0.0,0,0.00980006909982567
1735315199999,10233.281350837813,10233.281350837813,0.0,0,0.00980006909982567
1735329599999,10233.281350837813,10233.281350837813,0.0,0,0.00980006909982567
1735343999999,10233.281350837813,10233.281350837813,0.0,0,0.00980006909982567
1735358399999,10233.281350837813,10233.281350837813,0.0,0,0.00980006909982567
1735372799999,10233.281350837813,10233.281350837813,0.0,0,0.00980006909982567
1735387199999,10233.281350837813,10233.281350837813,0.0,0,0.00980006909982567
1735401599999,10233.281350837813,10233.281350837813,0.0,0,0.00980006909982567
1735415999999,10233.281350837813,10233.281350837813,0.0,0,0.00980006909982567
1735430399999,10233.281350837813,10233.281350837813,0.0,0,0.00980006909982567
1735444799999,10233.281350837813,10233.281350837813,0.0,0,0.00980006909982567
1735459199999,10233.281350837813,10233.281350837813,0.0,0,0.00980006909982567
1735473599999,10233.281350837813,10233.281350837813,0.0,0,0.00980006909982567
1735487999999,10233.281350837813,10233.281350837813,0.0,0,0.00980006909982567
1735502399999,10233.281350837813,10233.281350837813,0.0,0,0.00980006909982567
1735516799999,10233.281350837813,10233.281350837813,0.0,0,0.00980006909982567
1735531199999,10233.281350837813,10233.281350837813,0.0,0,0.00980006909982567
1735545599999,10233.281350837813,10233.281350837813,0.0,0,0.00980006909982567
1735559999999,10233.281350837813,10233.281350837813,0.0,0,0.00980006909982567
1735574399999,10233.281350837813,10233.281350837813,0.0,0,0.00980006909982567
1735588799999,10233.281350837813,10233.281350837813,0.0,0,0.00980006909982567
1735603199999,10233.281350837813,10233.281350837813,0.0,0,0.00980006909982567
1735617599999,10233.281350837813,10233.281350837813,0.0,0,0.00980006909982567
1735631999999,10233.281350837813,10233.281350837813,0.0,0,0.00980006909982567
1735646399999,10233.281350837813,10233.281350837813,0.0,0,0.00980006909982567
1735660799999,10233.281350837813,10233.281350837813,0.0,0,0.00980006909982567
1735675199999,10233.281350837813,10233.281350837813,0.0,0,0.00980006909982567
1735689599999,10233.281350837813,10233.281350837813,0.0,0,0.00980006909982567
1735703999999,10233.281350837813,10233.281350837813,0.0,0,0.00980006909982567
1735718399999,10233.281350837813,10233.281350837813,0.0,0,0.00980006909982567
1735732799999,10233.281350837813,10233.281350837813,0.0,0,0.00980006909982567
1735747199999,10233.281350837813,10233.281350837813,0.0,0,0.00980006909982567
1735761599999,10233.281350837813,10233.281350837813,0.0,0,0.00980006909982567
1735775999999,10233.281350837813,10233.281350837813,0.0,0,0.00980006909982567
1735790399999,10233.281350837813,10233.281350837813,0.0,0,0.00980006909982567
1735804799999,10233.281350837813,10233.281350837813,0.0,0,0.00980006909982567
1735819199999,10233.281350837813,10233.281350837813,0.0,0,0.00980006909982567
1735833599999,10233.281350837813,10233.281350837813,0.0,0,0.00980006909982567
1735847999999,10233.281350837813,10233.281350837813,0.0,0,0.00980006909982567
1735862399999,10233.281350837813,10233.281350837813,0.0,0,0.00980006909982567
1735876799999,10233.281350837813,10233.281350837813,0.0,0,0.00980006909982567
1735891199999,10183.243850837813,10233.677193909192,48.6902327393125,1,0.009761766255558135
1735905599999,10183.243850837813,10235.522553730012,48.6902327393125,1,0.009583204257268885
1735919999999,10183.243850837813,10236.121443592707,48.6902327393125,1,0.009525254057296317
1735934399999,10183.243850837813,10236.637560059742,48.6902327393125,1,0.00947531323455586
1735948799999,10183.243850837813,10236.28699038402,48.6902327393125,1,0.00950923530283243
1735963199999,10183.243850837813,10236.42332303569,48.6902327393125,1,0.009496043387391517
1735977599999,10183.243850837813,10235.53229177656,48.6902327393125,1,0.009582261977594486
1735991999999,10183.243850837813,10234.92366386732,48.6902327393125,1,0.009641154457241341
1736006399999,10183.243850837813,10235.113555775002,48.6902327393125,1,0.009622780003591624
1736020799999,10183.243850837813,10235.478732520547,48.6902327393125,1,0.009587444515803512
1736035199999,10183.243850837813,10235.376483031794,48.6902327393125,1,0.009597338452384196
1736049599999,10183.243850837813,10234.772724145827,48.6902327393125,1,0.009655759792193797
1736063999999,10183.243850837813,10236.481751314977,48.6902327393125,1,0.009490389709345348
1736078399999,10183.243850837813,10235.507946660191,48.6902327393125,1,0.009584617676780427
1736092799999,10183.243850837813,10236.32594257021,48.6902327393125,1,0.009505466184135059
1736107199999,10183.243850837813,10236.403846942594,48.6902327393125,1,0.009497927946740203
1736121599999,10183.243850837813,10236.369763779676,48.6902327393125,1,0.009501225925600543
1736135999999,10183.243850837813,10236.321073546937,48.6902327393125,1,0.009505937323972313
1736150399999,10183.243850837813,10235.751397823888,48.6902327393125,1,0.009561060684921685
1736164799999,10183.243850837813,10236.063015313419,48.6902327393125,1,0.009530907735342486
1736179199999,10183.243850837813,10236.579131780456,48.6902327393125,1,0.009480966912601918
1736193599999,10183.243850837813,10237.143938480232,48.6902327393125,1,0.009426314691489579
1736207999999,10183.243850837813,10236.481751314977,48.6902327393125,1,0.009490389709345348
1736222399999,10183.243850837813,10236.189609918541,48.6902327393125,1,0.00951865809957586
1736236799999,10183.243850837813,10236.924832432906,48.6902327393125,1,0.009447515984162491
1736251199999,10183.243850837813,10238.463443787467,48.6902327393125,1,0.009298635795615295
1736265599999,10133.206350837812,10230.177974637281,92.77805568261556,2,0.010100360159356891
1736279999999,10230.09597507222,10230.09597507222,0.0,0,0.010108294658651373
1736294399999,10230.09597507222,10230.09597507222,0.0,0,0.010108294658651373
1736308799999,10230.09597507222,10230.09597507222,0.0,0,0.010108294658651373
1736323199999,10230.09597507222,10230.09597507222,0.0,0,0.010108294658651373
1736337599999,10230.09597507222,10230.09597507222,0.0,0,0.010108294658651373
1736351999999,10230.09597507222,10230.09597507222,0.0,0,0.010108294658651373
1736366399999,10230.09597507222,10230.09597507222,0.0,0,0.010108294658651373
1736380799999,10230.09597507222,10230.09597507222,0.0,0,0.010108294658651373
1736395199999,10230.09597507222,10230.09597507222,0.0,0,0.010108294658651373
1736409599999,10230.09597507222,10230.09597507222,0.0,0,0.010108294658651373
1736423999999,10230.09597507222,10230.09597507222,0.0,0,0.010108294658651373
1736438399999,10230.09597507222,10230.09597507222,0.0,0,0.010108294658651373
1736452799999,10230.09597507222,10230.09597507222,0.0,0,0.010108294658651373
1736467199999,10230.09597507222,10230.09597507222,0.0,0,0.010108294658651373
1736481599999,10230.09597507222,10230.09597507222,0.0,0,0.010108294658651373
1736495999999,10230.09597507222,10230.09597507222,0.0,0,0.010108294658651373
1736510399999,10230.09597507222,10230.09597507222,0.0,0,0.010108294658651373
1736524799999,10230.09597507222,10230.09597507222,0.0,0,0.010108294658651373
1736539199999,10230.09597507222,10230.09597507222,0.0,0,0.010108294658651373
1736553599999,10230.09597507222,10230.09597507222,0.0,0,0.010108294658651373
1736567999999,10230.09597507222,10230.09597507222,0.0,0,0.010108294658651373
1736582399999,10230.09597507222,10230.09597507222,0.0,0,0.010108294658651373
1736596799999,10230.09597507222,10230.09597507222,0.0,0,0.010108294658651373
1736611199999,10230.09597507222,10230.09597507222,0.0,0,0.010108294658651373
1736625599999,10230.09597507222,10230.09597507222,0.0,0,0.010108294658651373
1736639999999,10230.09597507222,10230.09597507222,0.0,0,0.010108294658651373
1736654399999,10230.09597507222,10230.09597507222,0.0,0,0.010108294658651373
1736668799999,10230.09597507222,10230.09597507222,0.0,0,0.010108294658651373
1736683199999,10230.09597507222,10230.09597507222,0.0,0,0.010108294658651373
1736697599999,10230.09597507222,10230.09597507222,0.0,0,0.010108294658651373
1736711999999,10230.09597507222,10230.09597507222,0.0,0,0.010108294658651373
1736726399999,10230.09597507222,10230.09597507222,0.0,0,0.010108294658651373
1736740799999,10230.09597507222,10230.09597507222,0.0,0,0.010108294658651373
1736755199999,10230.09597507222,10230.09597507222,0.0,0,0.010108294658651373
1736769599999,10230.09597507222,10230.09597507222,0.0,0,0.010108294658651373
1736783999999,10230.09597507222,10230.09597507222,0.0,0,0.010108294658651373
1736798399999,10230.09597507222,10230.09597507222,0.0,0,0.010108294658651373
1736812799999,10230.09597507222,10230.09597507222,0.0,0,0.010108294658651373
1736827199999,10230.09597507222,10230.09597507222,0.0,0,0.010108294658651373
1736841599999,10230.09597507222,10230.09597507222,0.0,0,0.010108294658651373
1736855999999,10230.09597507222,10230.09597507222,0.0,0,0.010108294658651373
1736870399999,10230.09597507222,10230.09597507222,0.0,0,0.010108294658651373
1736884799999,10230.09597507222,10230.09597507222,0.0,0,0.010108294658651373
1736899199999,10230.09597507222,10230.09597507222,0.0,0,0.010108294658651373
1736913599999,10230.09597507222,10230.09597507222,0.0,0,0.010108294658651373
1736927999999,10230.09597507222,10230.09597507222,0.0,0,0.010108294658651373
1736942399999,10180.05847507222,10227.782934750407,47.60544606302961,1,0.0103321106848413
1736956799999,10180.05847507222,10230.729711861708,47.60544606302961,1,0.010046972575963875
1736971199999,10130.020975072219,10230.55034146037,94.58026755870793,2,0.010064328940254219
1736985599999,10130.020975072219,10231.742052831609,94.58026755870793,2,0.009949015730639665
1736999999999,10079.983475072218,10228.290652244183,141.0702722077084,3,0.010282982569428722
1737014399999,10079.983475072218,10229.024217659662,141.0702722077084,3,0.010212000799377119
1737028799999,10079.983475072218,10230.44902740896,141.0702722077084,3,0.010074132361392096
1737043199999,10079.983475072218,10235.485236126775,141.0702722077084,3,0.00958681520930671
1737057599999,10079.983475072218,10240.309839436279,141.0702722077084,3,0.009119973567813022
1737071999999,10079.983475072218,10233.637215560855,141.0702722077084,3,0.009765634668475243
1737086399999,10079.983475072218,10237.601290209892,141.0702722077084,3,0.009382060103388268
1737100799999,10079.983475072218,10237.319149665476,141.0702722077084,3,0.009409360784177423
1737115199999,10079.983475072218,10238.645210224227,141.0702722077084,3,0.009281047584468793
1737129599999,10079.983475072218,10236.627905331658,141.0702722077084,3,0.009476247452110842
1737143999999,10079.983475072218,10240.493230790149,141.0702722077084,3,0.009102228125300149
1737158399999,10079.983475072218,10239.816093483552,141.0702722077084,3,0.009167749759193877
1737172799999,10079.983475072218,10235.95076802506,141.0702722077084,3,0.009541769086004681
1737187199999,10079.983475072218,10230.166886864545,141.0702722077084,3,0.010101433042181251
1737201599999,10079.983475072218,10231.069736606674,141.0702722077084,3,0.010014070863656022
1737215999999,10079.983475072218,10231.126164715557,141.0702722077084,3,0.010008610727498257
1737230399999,10079.983475072218,10231.33777012387,141.0702722077084,3,0.009988135216906335
1737244799999,10079.983475072218,10235.795590725633,141.0702722077084,3,0.009556784460438617
1737259199999,10079.983475072218,10233.55257339753,141.0702722077084,3,0.009773824872711945
1737273599999,10079.983475072218,10230.491348490623,141.0702722077084,3,0.01007003725927369
1737287999999,10079.983475072218,10223.84693866964,141.0702722077084,3,0.010712968291857083
1737302399999,10223.753137518892,10223.753137518892,0.0,0,0.010722044744443937
1737316799999,10223.753137518892,10223.753137518892,0.0,0,0.010722044744443937
1737331199999,10223.753137518892,10223.753137518892,0.0,0,0.010722044744443937
1737345599999,10223.753137518892,10223.753137518892,0.0,0,0.010722044744443937
1737359999999,10223.753137518892,10223.753137518892,0.0,0,0.010722044744443937
1737374399999,10223.753137518892,10223.753137518892,0.0,0,0.010722044744443937
1737388799999,10223.753137518892,10223.753137518892,0.0,0,0.010722044744443937
1737403199999,10223.753137518892,10223.753137518892,0.0,0,0.010722044744443937
1737417599999,10223.753137518892,10223.753137518892,0.0,0,0.010722044744443937
1737431999999,10223.753137518892,10223.753137518892,0.0,0,0.010722044744443937
1737446399999,10223.753137518892,10223.753137518892,0.0,0,0.010722044744443937
1737460799999,10223.753137518892,10223.753137518892,0.0,0,0.010722044744443937
1737475199999,10223.753137518892,10223.753137518892,0.0,0,0.010722044744443937
1737489599999,10223.753137518892,10223.753137518892,0.0,0,0.010722044744443937
1737503999999,10223.753137518892,10223.753137518892,0.0,0,0.010722044744443937
1737518399999,10223.753137518892,10223.753137518892,0.0,0,0.010722044744443937
1737532799999,10223.753137518892,10223.753137518892,0.0,0,0.010722044744443937
1737547199999,10223.753137518892,10223.753137518892,0.0,0,0.010722044744443937
1737561599999,10223.753137518892,10223.753137518892,0.0,0,0.010722044744443937
1737575999999,10223.753137518892,10223.753137518892,0.0,0,0.010722044744443937
1737590399999,10223.753137518892,10223.753137518892,0.0,0,0.010722044744443937
1737604799999,10223.753137518892,10223.753137518892,0.0,0,0.010722044744443937
1737619199999,10223.753137518892,10223.753137518892,0.0,0,0.010722044744443937
1737633599999,10223.753137518892,10223.753137518892,0.0,0,0.010722044744443937
1737647999999,10223.753137518892,10223.753137518892,0.0,0,0.010722044744443937
1737662399999,10223.753137518892,10223.753137518892,0.0,0,0.010722044744443937
1737676799999,10223.753137518892,10223.753137518892,0.0,0,0.010722044744443937
1737691199999,10223.753137518892,10223.753137518892,0.0,0,0.010722044744443937
1737705599999,10223.753137518892,10223.753137518892,0.0,0,0.010722044744443937
1737719999999,10223.753137518892,10223.753137518892,0.0,0,0.010722044744443937
1737734399999,10223.753137518892,10223.753137518892,0.0,0,0.010722044744443937
1737748799999,10223.753137518892,10223.753137518892,0.0,0,0.010722044744443937
1737763199999,10223.753137518892,10223.753137518892,0.0,0,0.010722044744443937
1737777599999,10223.753137518892,10223.753137518892,0.0,0,0.010722044744443937
1737791999999,10223.753137518892,10223.753137518892,0.0,0,0.010722044744443937
1737806399999,10223.753137518892,10223.753137518892,0.0,0,0.010722044744443937
1737820799999,10223.753137518892,10223.753137518892,0.0,0,0.010722044744443937
1737835199999,10223.753137518892,10223.753137518892,0.0,0,0.010722044744443937
1737849599999,10223.753137518892,10223.753137518892,0.0,0,0.010722044744443937
1737863999999,10223.753137518892,10223.753137518892,0.0,0,0.010722044744443937
1737878399999,10223.753137518892,10223.753137518892,0.0,0,0.010722044744443937
1737892799999,10223.753137518892,10223.753137518892,0.0,0,0.010722044744443937
1737907199999,10223.753137518892,10223.753137518892,0.0,0,0.010722044744443937
1737921599999,10223.753137518892,10223.753137518892,0.0,0,0.010722044744443937
1737935999999,10223.753137518892,10223.753137518892,0.0,0,0.010722044744443937
1737950399999,10223.753137518892,10223.753137518892,0.0,0,0.010722044744443937
1737964799999,10223.753137518892,10223.753137518892,0.0,0,0.010722044744443937
1737979199999,10223.753137518892,10223.753137518892,0.0,0,0.010722044744443937
1737993599999,10223.753137518892,10223.753137518892,0.0,0,0.010722044744443937
1738007999999,10223.753137518892,10223.753137518892,0.0,0,0.010722044744443937
1738022399999,10223.753137518892,10223.753137518892,0.0,0,0.010722044744443937
1738036799999,10223.753137518892,10223.753137518892,0.0,0,0.010722044744443937
1738051199999,10223.753137518892,10223.753137518892,0.0,0,0.010722044744443937
1738065599999,10223.753137518892,10223.753137518892,0.0,0,0.010722044744443937
1738079999999,10223.753137518892,10223.753137518892,0.0,0,0.010722044744443937
1738094399999,10223.753137518892,10223.753137518892,0.0,0,0.010722044744443937
1738108799999,10223.753137518892,10223.753137518892,0.0,0,0.010722044744443937
1738123199999,10223.753137518892,10223.753137518892,0.0,0,0.010722044744443937
1738137599999,10223.753137518892,10223.753137518892,0.0,0,0.010722044744443937
1738151999999,10223.753137518892,10223.753137518892,0.0,0,0.010722044744443937
1738166399999,10223.753137518892,10223.753137518892,0.0,0,0.010722044744443937
1738180799999,10223.753137518892,10223.753137518892,0.0,0,0.010722044744443937
1738195199999,10223.753137518892,10223.753137518892,0.0,0,0.010722044744443937
1738209599999,10223.753137518892,10223.753137518892,0.0,0,0.010722044744443937
1738223999999,10223.753137518892,10223.753137518892,0.0,0,0.010722044744443937
1738238399999,10223.753137518892,10223.753137518892,0.0,0,0.010722044744443937
1738252799999,10223.753137518892,10223.753137518892,0.0,0,0.010722044744443937
1738267199999,10223.753137518892,10223.753137518892,0.0,0,0.010722044744443937
1738281599999,10223.753137518892,10223.753137518892,0.0,0,0.010722044744443937
1738295999999,10223.753137518892,10223.753137518892,0.0,0,0.010722044744443937
1738310399999,10223.753137518892,10223.753137518892,0.0,0,0.010722044744443937
1738324799999,10223.753137518892,10223.753137518892,0.0,0,0.010722044744443937
1738339199999,10223.753137518892,10223.753137518892,0.0,0,0.010722044744443937
1738353599999,10223.753137518892,10223.753137518892,0.0,0,0.010722044744443937
1738367999999,10223.753137518892,10223.753137518892,0.0,0,0.010722044744443937
1738382399999,10223.753137518892,10223.753137518892,0.0,0,0.010722044744443937
1738396799999,10223.753137518892,10223.753137518892,0.0,0,0.010722044744443937
1738411199999,10223.753137518892,10223.753137518892,0.0,0,0.010722044744443937
1738425599999,10223.753137518892,10223.753137518892,0.0,0,0.010722044744443937
1738439999999,10223.753137518892,10223.753137518892,0.0,0,0.010722044744443937
1738454399999,10223.753137518892,10223.753137518892,0.0,0,0.010722044744443937
1738468799999,10223.753137518892,10223.753137518892,0.0,0,0.010722044744443937
1738483199999,10223.753137518892,10223.753137518892,0.0,0,0.010722044744443937
1738497599999,10223.753137518892,10223.753137518892,0.0,0,0.010722044744443937
1738511999999,10223.753137518892,10223.753137518892,0.0,0,0.010722044744443937
1738526399999,10223.753137518892,10223.753137518892,0.0,0,0.010722044744443937
1738540799999,10223.753137518892,10223.753137518892,0.0,0,0.010722044744443937
1738555199999,10223.753137518892,10223.753137518892,0.0,0,0.010722044744443937
1738569599999,10223.753137518892,10223.753137518892,0.0,0,0.010722044744443937
1738583999999,10223.753137518892,10223.753137518892,0.0,0,0.010722044744443937
1738598399999,10223.753137518892,10223.753137518892,0.0,0,0.010722044744443937
1738612799999,10223.753137518892,10223.753137518892,0.0,0,0.010722044744443937
1738627199999,10223.753137518892,10223.753137518892,0.0,0,0.010722044744443937
1738641599999,10223.753137518892,10223.753137518892,0.0,0,0.010722044744443937
1738655999999,10223.753137518892,10223.753137518892,0.0,0,0.010722044744443937
1738670399999,10223.753137518892,10223.753137518892,0.0,0,0.010722044744443937
1738684799999,10223.753137518892,10223.753137518892,0.0,0,0.010722044744443937
1738699199999,10223.753137518892,10223.753137518892,0.0,0,0.010722044744443937
1738713599999,10223.753137518892,10223.753137518892,0.0,0,0.010722044744443937
1738727999999,10223.753137518892,10223.753137518892,0.0,0,0.010722044744443937
1738742399999,10223.753137518892,10223.753137518892,0.0,0,0.010722044744443937
1738756799999,10223.753137518892,10223.753137518892,0.0,0,0.010722044744443937
1738771199999,10223.753137518892,10223.753137518892,0.0,0,0.010722044744443937
1738785599999,10223.753137518892,10223.753137518892,0.0,0,0.010722044744443937
1738799999999,10223.753137518892,10223.753137518892,0.0,0,0.010722044744443937
1738814399999,10223.753137518892,10223.753137518892,0.0,0,0.010722044744443937
1738828799999,10223.753137518892,10223.753137518892,0.0,0,0.010722044744443937
1738843199999,10223.753137518892,10223.753137518892,0.0,0,0.010722044744443937
1738857599999,10223.753137518892,10223.753137518892,0.0,0,0.010722044744443937
1738871999999,10223.753137518892,10223.753137518892,0.0,0,0.010722044744443937
1738886399999,10223.753137518892,10223.753137518892,0.0,0,0.010722044744443937
1738900799999,10223.753137518892,10223.753137518892,0.0,0,0.010722044744443937
1738915199999,10223.753137518892,10223.753137518892,0.0,0,0.010722044744443937
1738929599999,10223.753137518892,10223.753137518892,0.0,0,0.010722044744443937
1738943999999,10223.753137518892,10223.753137518892,0.0,0,0.010722044744443937
1738958399999,10223.753137518892,10223.753137518892,0.0,0,0.010722044744443937
1738972799999,10223.753137518892,10223.753137518892,0.0,0,0.010722044744443937
1738987199999,10223.753137518892,10223.753137518892,0.0,0,0.010722044744443937
1739001599999,10223.753137518892,10223.753137518892,0.0,0,0.010722044744443937
1739015999999,10223.753137518892,10223.753137518892,0.0,0,0.010722044744443937
1739030399999,10223.753137518892,10223.753137518892,0.0,0,0.010722044744443937
1739044799999,10223.753137518892,10223.753137518892,0.0,0,0.010722044744443937
1739059199999,10223.753137518892,10223.753137518892,0.0,0,0.010722044744443937
1739073599999,10223.753137518892,10223.753137518892,0.0,0,0.010722044744443937
1739087999999,10223.753137518892,10223.753137518892,0.0,0,0.010722044744443937
1739102399999,10223.753137518892,10223.753137518892,0.0,0,0.010722044744443937
1739116799999,10223.753137518892,10223.753137518892,0.0,0,0.010722044744443937
1739131199999,10223.753137518892,10223.753137518892,0.0,0,0.010722044744443937
1739145599999,10223.753137518892,10223.753137518892,0.0,0,0.010722044744443937
1739159999999,10223.753137518892,10223.753137518892,0.0,0,0.010722044744443937
1739174399999,10223.753137518892,10223.753137518892,0.0,0,0.010722044744443937
1739188799999,10223.753137518892,10223.753137518892,0.0,0,0.010722044744443937
1739203199999,10223.753137518892,10223.753137518892,0.0,0,0.010722044744443937
1739217599999,10223.753137518892,10223.753137518892,0.0,0,0.010722044744443937
1739231999999,10223.753137518892,10223.753137518892,0.0,0,0.010722044744443937
1739246399999,10223.753137518892,10223.753137518892,0.0,0,0.010722044744443937
1739260799999,10223.753137518892,10223.753137518892,0.0,0,0.010722044744443937
1739275199999,10223.753137518892,10223.753137518892,0.0,0,0.010722044744443937
1739289599999,10223.753137518892,10223.753137518892,0.0,0,0.010722044744443937
1739303999999,10223.753137518892,10223.753137518892,0.0,0,0.010722044744443937
1739318399999,10223.753137518892,10223.753137518892,0.0,0,0.010722044744443937
1739332799999,10223.753137518892,10223.753137518892,0.0,0,0.010722044744443937
1739347199999,10223.753137518892,10223.753137518892,0.0,0,0.010722044744443937
1739361599999,10223.753137518892,10223.753137518892,0.0,0,0.010722044744443937
1739375999999,10223.753137518892,10223.753137518892,0.0,0,0.010722044744443937
1739390399999,10223.753137518892,10223.753137518892,0.0,0,0.010722044744443937
1739404799999,10223.753137518892,10223.753137518892,0.0,0,0.010722044744443937
1739419199999,10223.753137518892,10223.753137518892,0.0,0,0.010722044744443937
1739433599999,10223.753137518892,10223.753137518892,0.0,0,0.010722044744443937
1739447999999,10223.753137518892,10223.753137518892,0.0,0,0.010722044744443937
1739462399999,10223.753137518892,10223.753137518892,0.0,0,0.010722044744443937
1739476799999,10223.753137518892,10223.753137518892,0.0,0,0.010722044744443937
1739491199999,10223.753137518892,10223.753137518892,0.0,0,0.010722044744443937
1739505599999,10223.753137518892,10223.753137518892,0.0,0,0.010722044744443937
1739519999999,10223.753137518892,10223.753137518892,0.0,0,0.010722044744443937
1739534399999,10223.753137518892,10223.753137518892,0.0,0,0.010722044744443937
1739548799999,10223.753137518892,10223.753137518892,0.0,0,0.010722044744443937
1739563199999,10223.753137518892,10223.753137518892,0.0,0,0.010722044744443937
1739577599999,10223.753137518892,10223.753137518892,0.0,0,0.010722044744443937
1739591999999,10223.753137518892,10223.753137518892,0.0,0,0.010722044744443937
1739606399999,10223.753137518892,10223.753137518892,0.0,0,0.010722044744443937
1739620799999,10223.753137518892,10223.753137518892,0.0,0,0.010722044744443937
1739635199999,10223.753137518892,10223.753137518892,0.0,0,0.010722044744443937
1739649599999,10223.753137518892,10223.753137518892,0.0,0,0.010722044744443937
1739663999999,10223.753137518892,10223.753137518892,0.0,0,0.010722044744443937
1739678399999,10223.753137518892,10223.753137518892,0.0,0,0.010722044744443937
1739692799999,10223.753137518892,10223.753137518892,0.0,0,0.010722044744443937
1739707199999,10223.753137518892,10223.753137518892,0.0,0,0.010722044744443937
1739721599999,10223.753137518892,10223.753137518892,0.0,0,0.010722044744443937
1739735999999,10223.753137518892,10223.753137518892,0.0,0,0.010722044744443937
1739750399999,10223.753137518892,10223.753137518892,0.0,0,0.010722044744443937
1739764799999,10223.753137518892,10223.753137518892,0.0,0,0.010722044744443937
1739779199999,10223.753137518892,10223.753137518892,0.0,0,0.010722044744443937
1739793599999,10223.753137518892,10223.753137518892,0.0,0,0.010722044744443937
1739807999999,10223.753137518892,10223.753137518892,0.0,0,0.010722044744443937
1739822399999,10223.753137518892,10223.753137518892,0.0,0,0.010722044744443937
1739836799999,10223.753137518892,10223.753137518892,0.0,0,0.010722044744443937
1739851199999,10223.753137518892,10223.753137518892,0.0,0,0.010722044744443937
1739865599999,10223.753137518892,10223.753137518892,0.0,0,0.010722044744443937
1739879999999,10223.753137518892,10223.753137518892,0.0,0,0.010722044744443937
1739894399999,10223.753137518892,10223.753137518892,0.0,0,0.010722044744443937
1739908799999,10223.753137518892,10223.753137518892,0.0,0,0.010722044744443937
1739923199999,10223.753137518892,10223.753137518892,0.0,0,0.010722044744443937
1739937599999,10223.753137518892,10223.753137518892,0.0,0,0.010722044744443937
1739951999999,10223.753137518892,10223.753137518892,0.0,0,0.010722044744443937
1739966399999,10223.753137518892,10223.753137518892,0.0,0,0.010722044744443937
1739980799999,10223.753137518892,10223.753137518892,0.0,0,0.010722044744443937
1739995199999,10223.753137518892,10223.753137518892,0.0,0,0.010722044744443937
1740009599999,10223.753137518892,10223.753137518892,0.0,0,0.010722044744443937
1740023999999,10223.753137518892,10223.753137518892,0.0,0,0.010722044744443937
1740038399999,10223.753137518892,10223.753137518892,0.0,0,0.010722044744443937
1740052799999,10223.753137518892,10223.753137518892,0.0,0,0.010722044744443937
1740067199999,10223.753137518892,10223.753137518892,0.0,0,0.010722044744443937
1740081599999,10223.753137518892,10223.753137518892,0.0,0,0.010722044744443937
1740095999999,10223.753137518892,10223.753137518892,0.0,0,0.010722044744443937
1740110399999,10223.753137518892,10223.753137518892,0.0,0,0.010722044744443937
1740124799999,10223.753137518892,10223.753137518892,0.0,0,0.010722044744443937
1740139199999,10223.753137518892,10223.753137518892,0.0,0,0.010722044744443937
1740153599999,10223.753137518892,10223.753137518892,0.0,0,0.010722044744443937
1740167999999,10223.753137518892,10223.753137518892,0.0,0,0.010722044744443937
1740182399999,10223.753137518892,10223.753137518892,0.0,0,0.010722044744443937
1740196799999,10223.753137518892,10223.753137518892,0.0,0,0.010722044744443937
1740211199999,10223.753137518892,10223.753137518892,0.0,0,0.010722044744443937
1740225599999,10223.753137518892,10223.753137518892,0.0,0,0.010722044744443937
1740239999999,10223.753137518892,10223.753137518892,0.0,0,0.010722044744443937
1740254399999,10223.753137518892,10223.753137518892,0.0,0,0.010722044744443937
1740268799999,10223.753137518892,10223.753137518892,0.0,0,0.010722044744443937
1740283199999,10223.753137518892,10223.753137518892,0.0,0,0.010722044744443937
1740297599999,10223.753137518892,10223.753137518892,0.0,0,0.010722044744443937
1740311999999,10223.753137518892,10223.753137518892,0.0,0,0.010722044744443937
1740326399999,10223.753137518892,10223.753137518892,0.0,0,0.010722044744443937
1740340799999,10223.753137518892,10223.753137518892,0.0,0,0.010722044744443937
1740355199999,10223.753137518892,10223.753137518892,0.0,0,0.010722044744443937
1740369599999,10223.753137518892,10223.753137518892,0.0,0,0.010722044744443937
1740383999999,10223.753137518892,10223.753137518892,0.0,0,0.010722044744443937
1740398399999,10223.753137518892,10223.753137518892,0.0,0,0.010722044744443937
1740412799999,10223.753137518892,10223.753137518892,0.0,0,0.010722044744443937
1740427199999,10223.753137518892,10223.753137518892,0.0,0,0.010722044744443937
1740441599999,10223.753137518892,10223.753137518892,0.0,0,0.010722044744443937
1740455999999,10223.753137518892,10223.753137518892,0.0,0,0.010722044744443937
1740470399999,10223.753137518892,10223.753137518892,0.0,0,0.010722044744443937
1740484799999,10223.753137518892,10223.753137518892,0.0,0,0.010722044744443937
1740499199999,10223.753137518892,10223.753137518892,0.0,0,0.010722044744443937
1740513599999,10223.753137518892,10223.753137518892,0.0,0,0.010722044744443937
1740527999999,10223.753137518892,10223.753137518892,0.0,0,0.010722044744443937
1740542399999,10223.753137518892,10223.753137518892,0.0,0,0.010722044744443937
1740556799999,10223.753137518892,10223.753137518892,0.0,0,0.010722044744443937
1740571199999,10223.753137518892,10223.753137518892,0.0,0,0.010722044744443937
1740585599999,10223.753137518892,10223.753137518892,0.0,0,0.010722044744443937
1740599999999,10223.753137518892,10223.753137518892,0.0,0,0.010722044744443937
1740614399999,10223.753137518892,10223.753137518892,0.0,0,0.010722044744443937
1740628799999,10223.753137518892,10223.753137518892,0.0,0,0.010722044744443937
1740643199999,10223.753137518892,10223.753137518892,0.0,0,0.010722044744443937
1740657599999,10223.753137518892,10223.753137518892,0.0,0,0.010722044744443937
1740671999999,10223.753137518892,10223.753137518892,0.0,0,0.010722044744443937
1740686399999,10223.753137518892,10223.753137518892,0.0,0,0.010722044744443937
1740700799999,10223.753137518892,10223.753137518892,0.0,0,0.010722044744443937
1740715199999,10223.753137518892,10223.753137518892,0.0,0,0.010722044744443937
1740729599999,10223.753137518892,10223.753137518892,0.0,0,0.010722044744443937
1740743999999,10223.753137518892,10223.753137518892,0.0,0,0.010722044744443937
1740758399999,10223.753137518892,10223.753137518892,0.0,0,0.010722044744443937
1740772799999,10223.753137518892,10223.753137518892,0.0,0,0.010722044744443937
1740787199999,10223.753137518892,10223.753137518892,0.0,0,0.010722044744443937
1740801599999,10223.753137518892,10223.753137518892,0.0,0,0.010722044744443937
1740815999999,10223.753137518892,10223.753137518892,0.0,0,0.010722044744443937
1740830399999,10223.753137518892,10223.753137518892,0.0,0,0.010722044744443937
1740844799999,10223.753137518892,10223.753137518892,0.0,0,0.010722044744443937
1740859199999,10223.753137518892,10223.753137518892,0.0,0,0.010722044744443937
1740873599999,10223.753137518892,10223.753137518892,0.0,0,0.010722044744443937
1740887999999,10223.753137518892,10223.753137518892,0.0,0,0.010722044744443937
1740902399999,10223.753137518892,10223.753137518892,0.0,0,0.010722044744443937
1740916799999,10223.753137518892,10223.753137518892,0.0,0,0.010722044744443937
1740931199999,10223.753137518892,10223.753137518892,0.0,0,0.010722044744443937
1740945599999,10173.715637518892,10233.759507294924,57.723389517432466,1,0.009753801390128491
1740959999999,10173.715637518892,10239.231684621178,57.723389517432466,1,0.009224298738480297
1740974399999,10173.715637518892,10235.508525997304,57.723389517432466,1,0.009584561618557252
1740988799999,10173.715637518892,10232.25292682852,57.723389517432466,1,0.009899582183461875
1741003199999,10173.715637518892,10229.384074369504,57.723389517432466,1,0.010177180092606486
1741017599999,10173.715637518892,10228.997327659737,57.723389517432466,1,0.010214602748366275
1741031999999,10173.715637518892,10222.012797528127,57.723389517432466,1,0.010890444740448868
1741046399999,10173.715637518892,10223.230761046945,57.723389517432466,1,0.010772591302160017
1741060799999,10173.715637518892,10219.928983166548,57.723389517432466,1,0.01109208024387165
1741075199999,10173.715637518892,10220.384997943736,57.723389517432466,1,0.011047955022901013
1741089599999,10173.715637518892,10220.662070213419,57.723389517432466,1,0.011021144762058177
1741103999999,10173.715637518892,10223.034501522587,57.723389517432466,1,0.010791581903590308
1741118399999,10173.715637518892,10227.15017919518,57.723389517432466,1,0.010393337820652548
1741132799999,10173.715637518892,10228.027574715843,57.723389517432466,1,0.010308438661316699
1741147199999,10173.715637518892,10227.265625974214,57.723389517432466,1,0.010382166878634691
1741161599999,10173.715637518892,10227.94676197052,57.723389517432466,1,0.010316258320729244
1741175999999,10173.715637518892,10230.359599652347,57.723389517432466,1,0.01008278563255538
1741190399999,10173.715637518892,10228.05066407165,57.723389517432466,1,0.010306204472913083
1741204799999,10173.715637518892,10230.954150564377,57.723389517432466,1,0.010025255281163159
1741219199999,10173.715637518892,10229.943991247823,57.723389517432466,1,0.010123001023819689
1741233599999,10173.715637518892,10229.083912744012,57.723389517432466,1,0.010206224541853048
1741247999999,10173.715637518892,10227.906355597857,57.723389517432466,1,0.01032016815043546
1741262399999,10173.715637518892,10228.691393695295,57.723389517432466,1,0.010244205744713741
1741276799999,10173.715637518892,10227.542698243897,57.723389517432466,1,0.010355356617791855
1741291199999,10173.715637518892,10225.839858253134,57.723389517432466,1,0.01052012801255564
1741305599999,10173.715637518892,10226.041890116445,57.723389517432466,1,0.010500578864024335
1741319999999,10173.715637518892,10222.94791643831,57.723389517432466,1,0.010799960110103868
1741334399999,10173.715637518892,10224.2409203635,57.723389517432466,1,0.010674845559503487
1741348799999,10173.715637518892,10224.494903277377,57.723389517432466,1,0.010650269487064157
1741363199999,10173.715637518892,10223.253850402753,57.723389517432466,1,0.010770357113756401
1741377599999,10173.715637518892,10222.953688777261,57.723389517432466,1,0.010799401563002964
1741391999999,10173.715637518892,10220.939142483103,57.723389517432466,1,0.01099433450121523
1741406399999,10220.897956844683,10220.897956844683,0.0,0,0.010998319734779938
1741420799999,10220.897956844683,10220.897956844683,0.0,0,0.010998319734779938
1741435199999,10220.897956844683,10220.897956844683,0.0,0,0.010998319734779938
1741449599999,10220.897956844683,10220.897956844683,0.0,0,0.010998319734779938
1741463999999,10220.897956844683,10220.897956844683,0.0,0,0.010998319734779938
1741478399999,10220.897956844683,10220.897956844683,0.0,0,0.010998319734779938
1741492799999,10220.897956844683,10220.897956844683,0.0,0,0.010998319734779938
1741507199999,10220.897956844683,10220.897956844683,0.0,0,0.010998319734779938
1741521599999,10220.897956844683,10220.897956844683,0.0,0,0.010998319734779938
1741535999999,10220.897956844683,10220.897956844683,0.0,0,0.010998319734779938
1741550399999,10220.897956844683,10220.897956844683,0.0,0,0.010998319734779938
1741564799999,10220.897956844683,10220.897956844683,0.0,0,0.010998319734779938
1741579199999,10220.897956844683,10220.897956844683,0.0,0,0.010998319734779938
1741593599999,10220.897956844683,10220.897956844683,0.0,0,0.010998319734779938
1741607999999,10220.897956844683,10220.897956844683,0.0,0,0.010998319734779938
1741622399999,10220.897956844683,10220.897956844683,0.0,0,0.010998319734779938
1741636799999,10220.897956844683,10220.897956844683,0.0,0,0.010998319734779938
1741651199999,10220.897956844683,10220.897956844683,0.0,0,0.010998319734779938
1741665599999,10220.897956844683,10220.897956844683,0.0,0,0.010998319734779938
1741679999999,10220.897956844683,10220.897956844683,0.0,0,0.010998319734779938
1741694399999,10220.897956844683,10220.897956844683,0.0,0,0.010998319734779938
1741708799999,10220.897956844683,10220.897956844683,0.0,0,0.010998319734779938
1741723199999,10220.897956844683,10220.897956844683,0.0,0,0.010998319734779938
1741737599999,10220.897956844683,10220.897956844683,0.0,0,0.010998319734779938
1741751999999,10220.897956844683,10220.897956844683,0.0,0,0.010998319734779938
1741766399999,10220.897956844683,10220.897956844683,0.0,0,0.010998319734779938
1741780799999,10220.897956844683,10220.897956844683,0.0,0,0.010998319734779938
1741795199999,10220.897956844683,10220.897956844683,0.0,0,0.010998319734779938
1741809599999,10220.897956844683,10220.897956844683,0.0,0,0.010998319734779938
1741823999999,10220.897956844683,10220.897956844683,0.0,0,0.010998319734779938
1741838399999,10220.897956844683,10220.897956844683,0.0,0,0.010998319734779938
1741852799999,10220.897956844683,10220.897956844683,0.0,0,0.010998319734779938
1741867199999,10220.897956844683,10220.897956844683,0.0,0,0.010998319734779938
1741881599999,10220.897956844683,10220.897956844683,0.0,0,0.010998319734779938
1741895999999,10220.897956844683,10220.897956844683,0.0,0,0.010998319734779938
1741910399999,10220.897956844683,10220.897956844683,0.0,0,0.010998319734779938
1741924799999,10220.897956844683,10220.897956844683,0.0,0,0.010998319734779938
1741939199999,10220.897956844683,10220.897956844683,0.0,0,0.010998319734779938
1741953599999,10220.897956844683,10220.897956844683,0.0,0,0.010998319734779938
1741967999999,10220.897956844683,10220.897956844683,0.0,0,0.010998319734779938
1741982399999,10220.897956844683,10220.897956844683,0.0,0,0.010998319734779938
1741996799999,10220.897956844683,10220.897956844683,0.0,0,0.010998319734779938
1742011199999,10220.897956844683,10220.897956844683,0.0,0,0.010998319734779938
1742025599999,10220.897956844683,10220.897956844683,0.0,0,0.010998319734779938
1742039999999,10220.897956844683,10220.897956844683,0.0,0,0.010998319734779938
1742054399999,10220.897956844683,10220.897956844683,0.0,0,0.010998319734779938
1742068799999,10220.897956844683,10220.897956844683,0.0,0,0.010998319734779938
1742083199999,10220.897956844683,10220.897956844683,0.0,0,0.010998319734779938
1742097599999,10220.897956844683,10220.897956844683,0.0,0,0.010998319734779938
1742111999999,10220.897956844683,10220.897956844683,0.0,0,0.010998319734779938
1742126399999,10220.897956844683,10220.897956844683,0.0,0,0.010998319734779938
1742140799999,10220.897956844683,10220.897956844683,0.0,0,0.010998319734779938
1742155199999,10220.897956844683,10220.897956844683,0.0,0,0.010998319734779938
1742169599999,10220.897956844683,10220.897956844683,0.0,0,0.010998319734779938
1742183999999,10220.897956844683,10220.897956844683,0.0,0,0.010998319734779938
1742198399999,10220.897956844683,10220.897956844683,0.0,0,0.010998319734779938
1742212799999,10220.897956844683,10220.897956844683,0.0,0,0.010998319734779938
1742227199999,10220.897956844683,10220.897956844683,0.0,0,0.010998319734779938
1742241599999,10220.897956844683,10220.897956844683,0.0,0,0.010998319734779938
1742255999999,10220.897956844683,10220.897956844683,0.0,0,0.010998319734779938
1742270399999,10220.897956844683,10220.897956844683,0.0,0,0.010998319734779938
1742284799999,10220.897956844683,10220.897956844683,0.0,0,0.010998319734779938
1742299199999,10220.897956844683,10220.897956844683,0.0,0,0.010998319734779938
1742313599999,10220.897956844683,10220.897956844683,0.0,0,0.010998319734779938
1742327999999,10220.897956844683,10220.897956844683,0.0,0,0.010998319734779938
1742342399999,10220.897956844683,10220.897956844683,0.0,0,0.010998319734779938
1742356799999,10220.897956844683,10220.897956844683,0.0,0,0.010998319734779938
1742371199999,10220.897956844683,10220.897956844683,0.0,0,0.010998319734779938
1742385599999,10220.897956844683,10220.897956844683,0.0,0,0.010998319734779938
1742399999999,10220.897956844683,10220.897956844683,0.0,0,0.010998319734779938
1742414399999,10220.897956844683,10220.897956844683,0.0,0,0.010998319734779938
1742428799999,10220.897956844683,10220.897956844683,0.0,0,0.010998319734779938
1742443199999,10220.897956844683,10220.897956844683,0.0,0,0.010998319734779938
1742457599999,10220.897956844683,10220.897956844683,0.0,0,0.010998319734779938
1742471999999,10220.897956844683,10220.897956844683,0.0,0,0.010998319734779938
1742486399999,10220.897956844683,10220.897956844683,0.0,0,0.010998319734779938
1742500799999,10220.897956844683,10220.897956844683,0.0,0,0.010998319734779938
1742515199999,10220.897956844683,10220.897956844683,0.0,0,0.010998319734779938
1742529599999,10220.897956844683,10220.897956844683,0.0,0,0.010998319734779938
1742543999999,10220.897956844683,10220.897956844683,0.0,0,0.010998319734779938
1742558399999,10220.897956844683,10220.897956844683,0.0,0,0.010998319734779938
1742572799999,10220.897956844683,10220.897956844683,0.0,0,0.010998319734779938
1742587199999,10220.897956844683,10220.897956844683,0.0,0,0.010998319734779938
1742601599999,10220.897956844683,10220.897956844683,0.0,0,0.010998319734779938
1742615999999,10220.897956844683,10220.897956844683,0.0,0,0.010998319734779938
1742630399999,10220.897956844683,10220.897956844683,0.0,0,0.010998319734779938
1742644799999,10220.897956844683,10220.897956844683,0.0,0,0.010998319734779938
1742659199999,10220.897956844683,10220.897956844683,0.0,0,0.010998319734779938
1742673599999,10220.897956844683,10220.897956844683,0.0,0,0.010998319734779938
1742687999999,10220.897956844683,10220.897956844683,0.0,0,0.010998319734779938
1742702399999,10220.897956844683,10220.897956844683,0.0,0,0.010998319734779938
1742716799999,10220.897956844683,10220.897956844683,0.0,0,0.010998319734779938
1742731199999,10220.897956844683,10220.897956844683,0.0,0,0.010998319734779938
1742745599999,10220.897956844683,10220.897956844683,0.0,0,0.010998319734779938
1742759999999,10220.897956844683,10220.897956844683,0.0,0,0.010998319734779938
1742774399999,10220.897956844683,10220.897956844683,0.0,0,0.010998319734779938
1742788799999,10220.897956844683,10220.897956844683,0.0,0,0.010998319734779938
1742803199999,10220.897956844683,10220.897956844683,0.0,0,0.010998319734779938
1742817599999,10220.897956844683,10220.897956844683,0.0,0,0.010998319734779938
1742831999999,10220.897956844683,10220.897956844683,0.0,0,0.010998319734779938
1742846399999,10220.897956844683,10220.897956844683,0.0,0,0.010998319734779938
1742860799999,10220.897956844683,10220.897956844683,0.0,0,0.010998319734779938
1742875199999,10220.897956844683,10220.897956844683,0.0,0,0.010998319734779938
1742889599999,10220.897956844683,10220.897956844683,0.0,0,0.010998319734779938
1742903999999,10220.897956844683,10220.897956844683,0.0,0,0.010998319734779938
1742918399999,10220.897956844683,10220.897956844683,0.0,0,0.010998319734779938
1742932799999,10220.897956844683,10220.897956844683,0.0,0,0.010998319734779938
1742947199999,10220.897956844683,10220.897956844683,0.0,0,0.010998319734779938
1742961599999,10220.897956844683,10220.897956844683,0.0,0,0.010998319734779938
1742975999999,10220.897956844683,10220.897956844683,0.0,0,0.010998319734779938
1742990399999,10220.897956844683,10220.897956844683,0.0,0,0.010998319734779938
1743004799999,10220.897956844683,10220.897956844683,0.0,0,0.010998319734779938
1743019199999,10220.897956844683,10220.897956844683,0.0,0,0.010998319734779938
1743033599999,10220.897956844683,10220.897956844683,0.0,0,0.010998319734779938
1743047999999,10220.897956844683,10220.897956844683,0.0,0,0.010998319734779938
1743062399999,10220.897956844683,10220.897956844683,0.0,0,0.010998319734779938
1743076799999,10220.897956844683,10220.897956844683,0.0,0,0.010998319734779938
1743091199999,10220.897956844683,10220.897956844683,0.0,0,0.010998319734779938
1743105599999,10220.897956844683,10220.897956844683,0.0,0,0.010998319734779938
1743119999999,10220.897956844683,10220.897956844683,0.0,0,0.010998319734779938
1743134399999,10220.897956844683,10220.897956844683,0.0,0,0.010998319734779938
1743148799999,10220.897956844683,10220.897956844683,0.0,0,0.010998319734779938
1743163199999,10220.897956844683,10220.897956844683,0.0,0,0.010998319734779938
1743177599999,10220.897956844683,10220.897956844683,0.0,0,0.010998319734779938
1743191999999,10220.897956844683,10220.897956844683,0.0,0,0.010998319734779938
1743206399999,10220.897956844683,10220.897956844683,0.0,0,0.010998319734779938
1743220799999,10220.897956844683,10220.897956844683,0.0,0,0.010998319734779938
1743235199999,10220.897956844683,10220.897956844683,0.0,0,0.010998319734779938
1743249599999,10220.897956844683,10220.897956844683,0.0,0,0.010998319734779938
1743263999999,10220.897956844683,10220.897956844683,0.0,0,0.010998319734779938
1743278399999,10220.897956844683,10220.897956844683,0.0,0,0.010998319734779938
1743292799999,10220.897956844683,10220.897956844683,0.0,0,0.010998319734779938
1743307199999,10220.897956844683,10220.897956844683,0.0,0,0.010998319734779938
1743321599999,10220.897956844683,10220.897956844683,0.0,0,0.010998319734779938
1743335999999,10220.897956844683,10220.897956844683,0.0,0,0.010998319734779938
1743350399999,10220.897956844683,10220.897956844683,0.0,0,0.010998319734779938
1743364799999,10220.897956844683,10220.897956844683,0.0,0,0.010998319734779938
1743379199999,10220.897956844683,10220.897956844683,0.0,0,0.010998319734779938
1743393599999,10220.897956844683,10220.897956844683,0.0,0,0.010998319734779938
1743407999999,10220.897956844683,10220.897956844683,0.0,0,0.010998319734779938
1743422399999,10220.897956844683,10220.897956844683,0.0,0,0.010998319734779938
1743436799999,10220.897956844683,10220.897956844683,0.0,0,0.010998319734779938
1743451199999,10220.897956844683,10220.897956844683,0.0,0,0.010998319734779938
1743465599999,10220.897956844683,10220.897956844683,0.0,0,0.010998319734779938
1743479999999,10220.897956844683,10220.897956844683,0.0,0,0.010998319734779938
1743494399999,10220.897956844683,10220.897956844683,0.0,0,0.010998319734779938
1743508799999,10220.897956844683,10220.897956844683,0.0,0,0.010998319734779938
1743523199999,10220.897956844683,10220.897956844683,0.0,0,0.010998319734779938
1743537599999,10220.897956844683,10220.897956844683,0.0,0,0.010998319734779938
1743551999999,10220.897956844683,10220.897956844683,0.0,0,0.010998319734779938
1743566399999,10220.897956844683,10220.897956844683,0.0,0,0.010998319734779938
1743580799999,10220.897956844683,10220.897956844683,0.0,0,0.010998319734779938
1743595199999,10220.897956844683,10220.897956844683,0.0,0,0.010998319734779938
1743609599999,10220.897956844683,10220.897956844683,0.0,0,0.010998319734779938
1743623999999,10220.897956844683,10220.897956844683,0.0,0,0.010998319734779938
1743638399999,10220.897956844683,10220.897956844683,0.0,0,0.010998319734779938
1743652799999,10220.897956844683,10220.897956844683,0.0,0,0.010998319734779938
1743667199999,10220.897956844683,10220.897956844683,0.0,0,0.010998319734779938
1743681599999,10220.897956844683,10220.897956844683,0.0,0,0.010998319734779938
1743695999999,10220.897956844683,10220.897956844683,0.0,0,0.010998319734779938
1743710399999,10220.897956844683,10220.897956844683,0.0,0,0.010998319734779938
1743724799999,10220.897956844683,10220.897956844683,0.0,0,0.010998319734779938
1743739199999,10220.897956844683,10220.897956844683,0.0,0,0.010998319734779938
1743753599999,10220.897956844683,10220.897956844683,0.0,0,0.010998319734779938
1743767999999,10220.897956844683,10220.897956844683,0.0,0,0.010998319734779938
1743782399999,10220.897956844683,10220.897956844683,0.0,0,0.010998319734779938
1743796799999,10220.897956844683,10220.897956844683,0.0,0,0.010998319734779938
1743811199999,10220.897956844683,10220.897956844683,0.0,0,0.010998319734779938
1743825599999,10220.897956844683,10220.897956844683,0.0,0,0.010998319734779938
1743839999999,10220.897956844683,10220.897956844683,0.0,0,0.010998319734779938
1743854399999,10220.897956844683,10220.897956844683,0.0,0,0.010998319734779938
1743868799999,10220.897956844683,10220.897956844683,0.0,0,0.010998319734779938
1743883199999,10220.897956844683,10220.897956844683,0.0,0,0.010998319734779938
1743897599999,10220.897956844683,10220.897956844683,0.0,0,0.010998319734779938
1743911999999,10220.897956844683,10220.897956844683,0.0,0,0.010998319734779938
1743926399999,10220.897956844683,10220.897956844683,0.0,0,0.010998319734779938
1743940799999,10220.897956844683,10220.897956844683,0.0,0,0.010998319734779938
1743955199999,10220.897956844683,10220.897956844683,0.0,0,0.010998319734779938
1743969599999,10220.897956844683,10220.897956844683,0.0,0,0.010998319734779938
1743983999999,10220.897956844683,10220.897956844683,0.0,0,0.010998319734779938
1743998399999,10220.897956844683,10220.897956844683,0.0,0,0.010998319734779938
1744012799999,10220.897956844683,10220.897956844683,0.0,0,0.010998319734779938
1744027199999,10220.897956844683,10220.897956844683,0.0,0,0.010998319734779938
1744041599999,10220.897956844683,10220.897956844683,0.0,0,0.010998319734779938
1744055999999,10220.897956844683,10220.897956844683,0.0,0,0.010998319734779938
1744070399999,10220.897956844683,10220.897956844683,0.0,0,0.010998319734779938
1744084799999,10220.897956844683,10220.897956844683,0.0,0,0.010998319734779938
1744099199999,10220.897956844683,10220.897956844683,0.0,0,0.010998319734779938
1744113599999,10220.897956844683,10220.897956844683,0.0,0,0.010998319734779938
1744127999999,10220.897956844683,10220.897956844683,0.0,0,0.010998319734779938
1744142399999,10220.897956844683,10220.897956844683,0.0,0,0.010998319734779938
1744156799999,10220.897956844683,10220.897956844683,0.0,0,0.010998319734779938
1744171199999,10220.897956844683,10220.897956844683,0.0,0,0.010998319734779938
1744185599999,10220.897956844683,10220.897956844683,0.0,0,0.010998319734779938
1744199999999,10220.897956844683,10220.897956844683,0.0,0,0.010998319734779938
1744214399999,10220.897956844683,10220.897956844683,0.0,0,0.010998319734779938
1744228799999,10220.897956844683,10220.897956844683,0.0,0,0.010998319734779938
1744243199999,10220.897956844683,10220.897956844683,0.0,0,0.010998319734779938
1744257599999,10220.897956844683,10220.897956844683,0.0,0,0.010998319734779938
1744271999999,10220.897956844683,10220.897956844683,0.0,0,0.010998319734779938
1744286399999,10220.897956844683,10220.897956844683,0.0,0,0.010998319734779938
1744300799999,10220.897956844683,10220.897956844683,0.0,0,0.010998319734779938
1744315199999,10220.897956844683,10220.897956844683,0.0,0,0.010998319734779938
1744329599999,10220.897956844683,10220.897956844683,0.0,0,0.010998319734779938
1744343999999,10220.897956844683,10220.897956844683,0.0,0,0.010998319734779938
1744358399999,10220.897956844683,10220.897956844683,0.0,0,0.010998319734779938
1744372799999,10220.897956844683,10220.897956844683,0.0,0,0.010998319734779938
1744387199999,10220.897956844683,10220.897956844683,0.0,0,0.010998319734779938
1744401599999,10220.897956844683,10220.897956844683,0.0,0,0.010998319734779938
1744415999999,10220.897956844683,10220.897956844683,0.0,0,0.010998319734779938
1744430399999,10220.897956844683,10220.897956844683,0.0,0,0.010998319734779938
1744444799999,10220.897956844683,10220.897956844683,0.0,0,0.010998319734779938
1744459199999,10220.897956844683,10220.897956844683,0.0,0,0.010998319734779938
1744473599999,10220.897956844683,10220.897956844683,0.0,0,0.010998319734779938
1744487999999,10220.897956844683,10220.897956844683,0.0,0,0.010998319734779938
1744502399999,10220.897956844683,10220.897956844683,0.0,0,0.010998319734779938
1744516799999,10220.897956844683,10220.897956844683,0.0,0,0.010998319734779938
1744531199999,10220.897956844683,10220.897956844683,0.0,0,0.010998319734779938
1744545599999,10220.897956844683,10220.897956844683,0.0,0,0.010998319734779938
1744559999999,10220.897956844683,10220.897956844683,0.0,0,0.010998319734779938
1744574399999,10220.897956844683,10220.897956844683,0.0,0,0.010998319734779938
1744588799999,10220.897956844683,10220.897956844683,0.0,0,0.010998319734779938
1744603199999,10220.897956844683,10220.897956844683,0.0,0,0.010998319734779938
1744617599999,10220.897956844683,10220.897956844683,0.0,0,0.010998319734779938
1744631999999,10220.897956844683,10220.897956844683,0.0,0,0.010998319734779938
1744646399999,10220.897956844683,10220.897956844683,0.0,0,0.010998319734779938
1744660799999,10220.897956844683,10220.897956844683,0.0,0,0.010998319734779938
1744675199999,10220.897956844683,10220.897956844683,0.0,0,0.010998319734779938
1744689599999,10220.897956844683,10220.897956844683,0.0,0,0.010998319734779938
1744703999999,10220.897956844683,10220.897956844683,0.0,0,0.010998319734779938
1744718399999,10220.897956844683,10220.897956844683,0.0,0,0.010998319734779938
1744732799999,10220.897956844683,10220.897956844683,0.0,0,0.010998319734779938
1744747199999,10220.897956844683,10220.897956844683,0.0,0,0.010998319734779938
1744761599999,10220.897956844683,10220.897956844683,0.0,0,0.010998319734779938
1744775999999,10220.897956844683,10220.897956844683,0.0,0,0.010998319734779938
1744790399999,10220.897956844683,10220.897956844683,0.0,0,0.010998319734779938
1744804799999,10220.897956844683,10220.897956844683,0.0,0,0.010998319734779938
1744819199999,10220.897956844683,10220.897956844683,0.0,0,0.010998319734779938
1744833599999,10220.897956844683,10220.897956844683,0.0,0,0.010998319734779938
1744847999999,10220.897956844683,10220.897956844683,0.0,0,0.010998319734779938
1744862399999,10220.897956844683,10220.897956844683,0.0,0,0.010998319734779938
1744876799999,10220.897956844683,10220.897956844683,0.0,0,0.010998319734779938
1744891199999,10220.897956844683,10220.897956844683,0.0,0,0.010998319734779938
1744905599999,10220.897956844683,10220.897956844683,0.0,0,0.010998319734779938
1744919999999,10220.897956844683,10220.897956844683,0.0,0,0.010998319734779938
1744934399999,10220.897956844683,10220.897956844683,0.0,0,0.010998319734779938
1744948799999,10220.897956844683,10220.897956844683,0.0,0,0.010998319734779938
1744963199999,10220.897956844683,10220.897956844683,0.0,0,0.010998319734779938
1744977599999,10220.897956844683,10220.897956844683,0.0,0,0.010998319734779938
1744991999999,10220.897956844683,10220.897956844683,0.0,0,0.010998319734779938
1745006399999,10220.897956844683,10220.897956844683,0.0,0,0.010998319734779938
1745020799999,10220.897956844683,10220.897956844683,0.0,0,0.010998319734779938
1745035199999,10220.897956844683,10220.897956844683,0.0,0,0.010998319734779938
1745049599999,10220.897956844683,10220.897956844683,0.0,0,0.010998319734779938
1745063999999,10220.897956844683,10220.897956844683,0.0,0,0.010998319734779938
1745078399999,10220.897956844683,10220.897956844683,0.0,0,0.010998319734779938
1745092799999,10220.897956844683,10220.897956844683,0.0,0,0.010998319734779938
1745107199999,10220.897956844683,10220.897956844683,0.0,0,0.010998319734779938
1745121599999,10220.897956844683,10220.897956844683,0.0,0,0.010998319734779938
1745135999999,10220.897956844683,10220.897956844683,0.0,0,0.010998319734779938
1745150399999,10220.897956844683,10220.897956844683,0.0,0,0.010998319734779938
1745164799999,10220.897956844683,10220.897956844683,0.0,0,0.010998319734779938
1745179199999,10220.897956844683,10220.897956844683,0.0,0,0.010998319734779938
1745193599999,10220.897956844683,10220.897956844683,0.0,0,0.010998319734779938
1745207999999,10220.897956844683,10220.897956844683,0.0,0,0.010998319734779938
1745222399999,10220.897956844683,10220.897956844683,0.0,0,0.010998319734779938
1745236799999,10220.897956844683,10220.897956844683,0.0,0,0.010998319734779938
1745251199999,10220.897956844683,10220.897956844683,0.0,0,0.010998319734779938
1745265599999,10220.897956844683,10220.897956844683,0.0,0,0.010998319734779938
1745279999999,10220.897956844683,10220.897956844683,0.0,0,0.010998319734779938
1745294399999,10220.897956844683,10220.897956844683,0.0,0,0.010998319734779938
1745308799999,10220.897956844683,10220.897956844683,0.0,0,0.010998319734779938
1745323199999,10220.897956844683,10220.897956844683,0.0,0,0.010998319734779938
1745337599999,10220.897956844683,10220.897956844683,0.0,0,0.010998319734779938
1745351999999,10170.860456844683,10220.883308764243,76.17306520414381,1,0.010999737122589615
1745366399999,10170.860456844683,10222.612437344378,76.17306520414381,1,0.010832421972945316
1745380799999,10170.860456844683,10223.709329483318,76.17306520414381,1,0.010726283728237251
1745395199999,10170.860456844683,10224.257775552787,76.17306520414381,1,0.010673214605883108
1745409599999,10170.860456844683,10224.288244778869,76.17306520414381,1,0.010670266321307853
1745423999999,10170.860456844683,10224.059725583256,76.17306520414381,1,0.010692378455622098
1745438399999,10170.860456844683,10224.044490970216,76.17306520414381,1,0.01069385259790967
1745452799999,10170.860456844683,10224.006404437614,76.17306520414381,1,0.01069753795362871
1745467199999,10170.860456844683,10222.696227716102,76.17306520414381,1,0.01082431419036356
1745481599999,10170.860456844683,10222.543881585694,76.17306520414381,1,0.010839055613239612
1745495999999,10170.860456844683,10223.229439172532,76.17306520414381,1,0.010772719210296988
1745510399999,10170.860456844683,10226.169719489411,76.17306520414381,1,0.010488209748787614
1745524799999,10170.860456844683,10226.32206561982,76.17306520414381,1,0.01047346832591145
1745539199999,10170.860456844683,10225.849792615554,76.17306520414381,1,0.010519166736827401
1745553599999,10170.860456844683,10225.05759273743,76.17306520414381,1,0.010595822135783473
1745567999999,10170.860456844683,10225.872644535115,76.17306520414381,1,0.010516955523396043
1745582399999,10170.860456844683,10225.796471469912,76.17306520414381,1,0.010524326234834014
1745596799999,10170.860456844683,10225.666977259065,76.17306520414381,1,0.010536856444278708
1745611199999,10170.860456844683,10225.476544596053,76.17306520414381,1,0.010555283222874023
1745625599999,10170.860456844683,10225.20993886784,76.17306520414381,1,0.010581080712907198
1745639999999,10170.860456844683,10225.796471469912,76.17306520414381,1,0.010524326234834014
1745654399999,10170.860456844683,10226.14686756985,76.17306520414381,1,0.010490420962218971
1745668799999,10170.860456844683,10224.752900476615,76.17306520414381,1,0.010625304981535577
1745683199999,10170.860456844683,10224.928098526583,76.17306520414381,1,0.010608352345228167
1745697599999,10170.860456844683,10224.730048557054,76.17306520414381,1,0.010627516194966935
1745711999999,10170.860456844683,10224.714813944012,76.17306520414381,1,0.010628990337254729
1745726399999,10170.860456844683,10224.4862947484,76.17306520414381,1,0.010651102471568863
1745740799999,10170.860456844683,10224.173985181063,76.17306520414381,1,0.010681322388464864
1745755199999,10170.860456844683,10223.93784867893,76.17306520414381,1,0.010704171593923006
1745769599999,10170.860456844683,10223.876910226767,76.17306520414381,1,0.010710068163073405
1745783999999,10170.860456844683,10225.39275422433,76.17306520414381,1,0.010563391005455891
1745798399999,10170.860456844683,10224.425356296237,76.17306520414381,1,0.010656999040719373
1745812799999,10170.860456844683,10224.722431250533,76.17306520414381,1,0.010628253266110832
1745827199999,10170.860456844683,10226.093546424207,76.17306520414381,1,0.010495580460225695
1745841599999,10170.860456844683,10225.887879148157,76.17306520414381,1,0.01051548138110836
1745855999999,10170.860456844683,10223.419871835542,76.17306520414381,1,0.010754292431701895
1745870399999,10170.860456844683,10224.691962024452,76.17306520414381,1,0.010631201550686087
1745884799999,10170.860456844683,10224.608171652726,76.17306520414381,1,0.010639309333268065
1745899199999,10170.860456844683,10224.448208215797,76.17306520414381,1,0.010654787827288015
1745913599999,10170.860456844683,10225.088061963512,76.17306520414381,1,0.010592873851208218
1745927999999,10170.860456844683,10225.270877320003,76.17306520414381,1,0.0105751841437568
1745942399999,10170.860456844683,10224.829073541818,76.17306520414381,1,0.010617934270097606
1745956799999,10170.860456844683,10224.813838928778,76.17306520414381,1,0.010619408412385178
1745971199999,10170.860456844683,10223.861675613725,76.17306520414381,1,0.010711542305361088
1745985599999,10223.814313106108,10223.814313106108,0.0,0,0.010716125229465523
1745999999999,10223.814313106108,10223.814313106108,0.0,0,0.010716125229465523
1746014399999,10223.814313106108,10223.814313106108,0.0,0,0.010716125229465523
1746028799999,10223.814313106108,10223.814313106108,0.0,0,0.010716125229465523
1746043199999,10223.814313106108,10223.814313106108,0.0,0,0.010716125229465523
1746057599999,10223.814313106108,10223.814313106108,0.0,0,0.010716125229465523
1746071999999,10223.814313106108,10223.814313106108,0.0,0,0.010716125229465523
1746086399999,10223.814313106108,10223.814313106108,0.0,0,0.010716125229465523
1746100799999,10223.814313106108,10223.814313106108,0.0,0,0.010716125229465523
1746115199999,10223.814313106108,10223.814313106108,0.0,0,0.010716125229465523
1746129599999,10223.814313106108,10223.814313106108,0.0,0,0.010716125229465523
1746143999999,10223.814313106108,10223.814313106108,0.0,0,0.010716125229465523
1746158399999,10223.814313106108,10223.814313106108,0.0,0,0.010716125229465523
1746172799999,10223.814313106108,10223.814313106108,0.0,0,0.010716125229465523
1746187199999,10223.814313106108,10223.814313106108,0.0,0,0.010716125229465523
1746201599999,10223.814313106108,10223.814313106108,0.0,0,0.010716125229465523
1746215999999,10223.814313106108,10223.814313106108,0.0,0,0.010716125229465523
1746230399999,10223.814313106108,10223.814313106108,0.0,0,0.010716125229465523
1746244799999,10223.814313106108,10223.814313106108,0.0,0,0.010716125229465523
1746259199999,10223.814313106108,10223.814313106108,0.0,0,0.010716125229465523
1746273599999,10223.814313106108,10223.814313106108,0.0,0,0.010716125229465523
1746287999999,10223.814313106108,10223.814313106108,0.0,0,0.010716125229465523
1746302399999,10223.814313106108,10223.814313106108,0.0,0,0.010716125229465523
1746316799999,10223.814313106108,10223.814313106108,0.0,0,0.010716125229465523
1746331199999,10223.814313106108,10223.814313106108,0.0,0,0.010716125229465523
1746345599999,10223.814313106108,10223.814313106108,0.0,0,0.010716125229465523
1746359999999,10223.814313106108,10223.814313106108,0.0,0,0.010716125229465523
1746374399999,10223.814313106108,10223.814313106108,0.0,0,0.010716125229465523
1746388799999,10223.814313106108,10223.814313106108,0.0,0,0.010716125229465523
1746403199999,10223.814313106108,10223.814313106108,0.0,0,0.010716125229465523
1746417599999,10223.814313106108,10223.814313106108,0.0,0,0.010716125229465523
1746431999999,10223.814313106108,10223.814313106108,0.0,0,0.010716125229465523
1746446399999,10223.814313106108,10223.814313106108,0.0,0,0.010716125229465523
1746460799999,10223.814313106108,10223.814313106108,0.0,0,0.010716125229465523
1746475199999,10223.814313106108,10223.814313106108,0.0,0,0.010716125229465523
1746489599999,10223.814313106108,10223.814313106108,0.0,0,0.010716125229465523
1746503999999,10223.814313106108,10223.814313106108,0.0,0,0.010716125229465523
1746518399999,10223.814313106108,10223.814313106108,0.0,0,0.010716125229465523
1746532799999,10223.814313106108,10223.814313106108,0.0,0,0.010716125229465523
1746547199999,10223.814313106108,10223.814313106108,0.0,0,0.010716125229465523
1746561599999,10223.814313106108,10223.814313106108,0.0,0,0.010716125229465523
1746575999999,10223.814313106108,10223.814313106108,0.0,0,0.010716125229465523
1746590399999,10223.814313106108,10223.814313106108,0.0,0,0.010716125229465523
1746604799999,10223.814313106108,10223.814313106108,0.0,0,0.010716125229465523
1746619199999,10223.814313106108,10223.814313106108,0.0,0,0.010716125229465523
1746633599999,10223.814313106108,10223.814313106108,0.0,0,0.010716125229465523
1746647999999,10223.814313106108,10223.814313106108,0.0,0,0.010716125229465523
1746662399999,10223.814313106108,10223.814313106108,0.0,0,0.010716125229465523
1746676799999,10223.814313106108,10223.814313106108,0.0,0,0.010716125229465523
1746691199999,10173.776813106108,10224.132482475861,71.13387395077537,1,0.010685338302267589
1746705599999,10173.776813106108,10224.936295251506,71.13387395077537,1,0.010607559207995498
1746719999999,10173.776813106108,10225.8112419011,71.13387395077537,1,0.01052289700803577
1746734399999,10173.776813106108,10226.444333379262,71.13387395077537,1,0.010461637367414234
1746748799999,10173.776813106108,10228.500102336438,71.13387395077537,1,0.010262715613037265
1746763199999,10173.776813106108,10227.525568263314,71.13387395077537,1,0.010357014160959799
1746777599999,10173.776813106108,10230.264222410418,71.13387395077537,1,0.010092014591979948
1746791999999,10173.776813106108,10230.271335797814,71.13387395077537,1,0.010091326281411184
1746806399999,10173.776813106108,10229.375048986034,71.13387395077537,1,0.010178053413077315
1746820799999,10173.776813106108,10229.353708823848,71.13387395077537,1,0.010180118344783717
1746835199999,10173.776813106108,10229.07628671544,71.13387395077537,1,0.010206962456966062
1746849599999,10173.776813106108,10229.311028499478,71.13387395077537,1,0.0101842482081963
1746863999999,10173.776813106108,10230.719479203703,71.13387395077537,1,0.010047962715578174
1746878399999,10173.776813106108,10229.894326265874,71.13387395077537,1,0.010127806741556444
1746892799999,10173.776813106108,10230.783499690258,71.13387395077537,1,0.010041767920459188
1746907199999,10173.776813106108,10231.580199078508,71.13387395077537,1,0.009964677136755862
1746921599999,10173.776813106108,10233.57194754913,71.13387395077537,1,0.009771950177497657
1746935999999,10173.776813106108,10231.843394412126,71.13387395077537,1,0.009939209645710934
1746950399999,10173.776813106108,10230.093501112937,71.13387395077537,1,0.010108534045630613
1746964799999,10173.776813106108,10230.961334375135,71.13387395077537,1,0.010024560156239648
1746979199999,10173.776813106108,10229.986800302011,71.13387395077537,1,0.010118858704162292
1746993599999,10173.776813106108,10231.33123051968,71.13387395077537,1,0.009988768006663151
1747007999999,10173.776813106108,10231.060921798668,71.13387395077537,1,0.010014923808276621
1747022399999,10173.776813106108,10232.085249583559,71.13387395077537,1,0.009915807086372408
1747036799999,10173.776813106108,10232.448032340708,71.13387395077537,1,0.009880703247364675
1747051199999,10173.776813106108,10232.426692178522,71.13387395077537,1,0.009882768179071078
1747065599999,10173.776813106108,10232.248857493645,71.13387395077537,1,0.009899975943290618
1747079999999,10173.776813106108,10231.217416321359,71.13387395077537,1,0.009999780975763595
1747094399999,10173.776813106108,10231.893188123891,71.13387395077537,1,0.009934391471729476
1747108799999,10173.776813106108,10228.841544931403,71.13387395077537,1,0.010229676705735713
1747123199999,10173.776813106108,10230.086387725541,71.13387395077537,1,0.010109222356199377
1747137599999,10173.776813106108,10230.598551617986,71.13387395077537,1,0.010059663995247381
1747151999999,10173.776813106108,10231.096488735642,71.13387395077537,1,0.010011482255432802
1747166399999,10173.776813106108,10233.159371080215,71.13387395077537,1,0.009811872190486848
1747180799999,10173.776813106108,10232.810815097855,71.13387395077537,1,0.009845599408357164
1747195199999,10173.776813106108,10231.8789613491,71.13387395077537,1,0.009935768092867114
1747209599999,10173.776813106108,10232.412465403731,71.13387395077537,1,0.009884144800208716
1747223999999,10173.776813106108,10232.170610232299,71.13387395077537,1,0.009907547359547242
1747238399999,10173.776813106108,10231.210302933963,71.13387395077537,1,0.010000469286332359
1747252799999,10173.776813106108,10230.783499690258,71.13387395077537,1,0.010041767920459188
1747267199999,10173.776813106108,10230.584324843197,71.13387395077537,1,0.010061040616384798
1747281599999,10173.776813106108,10230.129068049911,71.13387395077537,1,0.010105092492786794
1747295999999,10173.776813106108,10228.379174750722,71.13387395077537,1,0.010274416892706473
1747310399999,10228.33822297949,10228.33822297949,0.0,0,0.010278379496650891
1747324799999,10228.33822297949,10228.33822297949,0.0,0,0.010278379496650891
1747339199999,10228.33822297949,10228.33822297949,0.0,0,0.010278379496650891
1747353599999,10228.33822297949,10228.33822297949,0.0,0,0.010278379496650891
1747367999999,10228.33822297949,10228.33822297949,0.0,0,0.010278379496650891
1747382399999,10228.33822297949,10228.33822297949,0.0,0,0.010278379496650891
1747396799999,10228.33822297949,10228.33822297949,0.0,0,0.010278379496650891
1747411199999,10228.33822297949,10228.33822297949,0.0,0,0.010278379496650891
1747425599999,10228.33822297949,10228.33822297949,0.0,0,0.010278379496650891
1747439999999,10228.33822297949,10228.33822297949,0.0,0,0.010278379496650891
1747454399999,10228.33822297949,10228.33822297949,0.0,0,0.010278379496650891
1747468799999,10228.33822297949,10228.33822297949,0.0,0,0.010278379496650891
1747483199999,10228.33822297949,10228.33822297949,0.0,0,0.010278379496650891
1747497599999,10228.33822297949,10228.33822297949,0.0,0,0.010278379496650891
1747511999999,10228.33822297949,10228.33822297949,0.0,0,0.010278379496650891
1747526399999,10228.33822297949,10228.33822297949,0.0,0,0.010278379496650891
1747540799999,10228.33822297949,10228.33822297949,0.0,0,0.010278379496650891
1747555199999,10228.33822297949,10228.33822297949,0.0,0,0.010278379496650891
1747569599999,10228.33822297949,10228.33822297949,0.0,0,0.010278379496650891
1747583999999,10228.33822297949,10228.33822297949,0.0,0,0.010278379496650891
1747598399999,10228.33822297949,10228.33822297949,0.0,0,0.010278379496650891
1747612799999,10228.33822297949,10228.33822297949,0.0,0,0.010278379496650891
1747627199999,10228.33822297949,10228.33822297949,0.0,0,0.010278379496650891
1747641599999,10228.33822297949,10228.33822297949,0.0,0,0.010278379496650891
1747655999999,10228.33822297949,10228.33822297949,0.0,0,0.010278379496650891
1747670399999,10228.33822297949,10228.33822297949,0.0,0,0.010278379496650891
1747684799999,10228.33822297949,10228.33822297949,0.0,0,0.010278379496650891
1747699199999,10228.33822297949,10228.33822297949,0.0,0,0.010278379496650891
1747713599999,10228.33822297949,10228.33822297949,0.0,0,0.010278379496650891
1747727999999,10228.33822297949,10228.33822297949,0.0,0,0.010278379496650891
1747742399999,10228.33822297949,10228.33822297949,0.0,0,0.010278379496650891
1747756799999,10228.33822297949,10228.33822297949,0.0,0,0.010278379496650891
1747771199999,10228.33822297949,10228.33822297949,0.0,0,0.010278379496650891
1747785599999,10228.33822297949,10228.33822297949,0.0,0,0.010278379496650891
1747799999999,10228.33822297949,10228.33822297949,0.0,0,0.010278379496650891
1747814399999,10228.33822297949,10228.33822297949,0.0,0,0.010278379496650891
1747828799999,10228.33822297949,10228.33822297949,0.0,0,0.010278379496650891
1747843199999,10228.33822297949,10228.33822297949,0.0,0,0.010278379496650891
1747857599999,10228.33822297949,10228.33822297949,0.0,0,0.010278379496650891
1747871999999,10228.33822297949,10228.33822297949,0.0,0,0.010278379496650891
1747886399999,10228.33822297949,10228.33822297949,0.0,0,0.010278379496650891
1747900799999,10178.30072297949,10228.643058468268,63.39546088500064,1,0.010248882791774383
1747915199999,10178.30072297949,10229.169240793613,63.39546088500064,1,0.010197967969408417
1747929599999,10178.30072297949,10229.219957162322,63.39546088500064,1,0.010193060516650254
1747943999999,10178.30072297949,10229.15022215535,63.39546088500064,1,0.010199808264192645
1747958399999,10178.30072297949,10229.60666947372,63.39546088500064,1,0.010155641189369291
1747972799999,10128.263222979489,10233.174274205012,125.17724761427284,2,0.009810430123896707
1747987199999,10128.263222979489,10229.48154540039,125.17724761427284,2,0.01016774853250968
1748001599999,10128.263222979489,10226.126795164328,125.17724761427284,2,0.010492363222368017
1748015999999,10128.263222979489,10225.601050724348,125.17724761427284,2,0.010543235673763696
1748030399999,10128.263222979489,10225.075306284367,125.17724761427284,2,0.010594108125159596
1748044799999,10128.263222979489,10221.783144672112,125.17724761427284,2,0.010912666570804141
1748059199999,10221.725513067311,10221.725513067311,0.0,0,0.010918243160476182
1748073599999,10221.725513067311,10221.725513067311,0.0,0,0.010918243160476182
1748087999999,10221.725513067311,10221.725513067311,0.0,0,0.010918243160476182
1748102399999,10221.725513067311,10221.725513067311,0.0,0,0.010918243160476182
1748116799999,10221.725513067311,10221.725513067311,0.0,0,0.010918243160476182
1748131199999,10221.725513067311,10221.725513067311,0.0,0,0.010918243160476182
1748145599999,10221.725513067311,10221.725513067311,0.0,0,0.010918243160476182
1748159999999,10221.725513067311,10221.725513067311,0.0,0,0.010918243160476182
1748174399999,10221.725513067311,10221.725513067311,0.0,0,0.010918243160476182
1748188799999,10221.725513067311,10221.725513067311,0.0,0,0.010918243160476182
1748203199999,10221.725513067311,10221.725513067311,0.0,0,0.010918243160476182
1748217599999,10221.725513067311,10221.725513067311,0.0,0,0.010918243160476182
1748231999999,10221.725513067311,10221.725513067311,0.0,0,0.010918243160476182
1748246399999,10221.725513067311,10221.725513067311,0.0,0,0.010918243160476182
1748260799999,10221.725513067311,10221.725513067311,0.0,0,0.010918243160476182
1748275199999,10221.725513067311,10221.725513067311,0.0,0,0.010918243160476182
1748289599999,10221.725513067311,10221.725513067311,0.0,0,0.010918243160476182
1748303999999,10221.725513067311,10221.725513067311,0.0,0,0.010918243160476182
1748318399999,10221.725513067311,10221.725513067311,0.0,0,0.010918243160476182
1748332799999,10221.725513067311,10221.725513067311,0.0,0,0.010918243160476182
1748347199999,10221.725513067311,10221.725513067311,0.0,0,0.010918243160476182
1748361599999,10221.725513067311,10221.725513067311,0.0,0,0.010918243160476182
1748375999999,10221.725513067311,10221.725513067311,0.0,0,0.010918243160476182
1748390399999,10221.725513067311,10221.725513067311,0.0,0,0.010918243160476182
1748404799999,10221.725513067311,10221.725513067311,0.0,0,0.010918243160476182
1748419199999,10221.725513067311,10221.725513067311,0.0,0,0.010918243160476182
1748433599999,10221.725513067311,10221.725513067311,0.0,0,0.010918243160476182
1748447999999,10221.725513067311,10221.725513067311,0.0,0,0.010918243160476182
1748462399999,10221.725513067311,10221.725513067311,0.0,0,0.010918243160476182
1748476799999,10221.725513067311,10221.725513067311,0.0,0,0.010918243160476182
1748491199999,10221.725513067311,10221.725513067311,0.0,0,0.010918243160476182
1748505599999,10221.725513067311,10221.725513067311,0.0,0,0.010918243160476182
1748519999999,10221.725513067311,10221.725513067311,0.0,0,0.010918243160476182
1748534399999,10221.725513067311,10221.725513067311,0.0,0,0.010918243160476182
1748548799999,10221.725513067311,10221.725513067311,0.0,0,0.010918243160476182
1748563199999,10221.725513067311,10221.725513067311,0.0,0,0.010918243160476182
1748577599999,10221.725513067311,10221.725513067311,0.0,0,0.010918243160476182
1748591999999,10221.725513067311,10221.725513067311,0.0,0,0.010918243160476182
1748606399999,10221.725513067311,10221.725513067311,0.0,0,0.010918243160476182
1748620799999,10221.725513067311,10221.725513067311,0.0,0,0.010918243160476182
1748635199999,10221.725513067311,10221.725513067311,0.0,0,0.010918243160476182
1748649599999,10221.725513067311,10221.725513067311,0.0,0,0.010918243160476182
1748663999999,10221.725513067311,10221.725513067311,0.0,0,0.010918243160476182
1748678399999,10221.725513067311,10221.725513067311,0.0,0,0.010918243160476182
1748692799999,10221.725513067311,10221.725513067311,0.0,0,0.010918243160476182
1748707199999,10221.725513067311,10221.725513067311,0.0,0,0.010918243160476182
1748721599999,10221.725513067311,10221.725513067311,0.0,0,0.010918243160476182
1748735999999,10221.725513067311,10221.725513067311,0.0,0,0.010918243160476182
1748750399999,10221.725513067311,10221.725513067311,0.0,0,0.010918243160476182
1748764799999,10221.725513067311,10221.725513067311,0.0,0,0.010918243160476182
1748779199999,10221.725513067311,10221.725513067311,0.0,0,0.010918243160476182
1748793599999,10221.725513067311,10221.725513067311,0.0,0,0.010918243160476182
1748807999999,10221.725513067311,10221.725513067311,0.0,0,0.010918243160476182
1748822399999,10221.725513067311,10221.725513067311,0.0,0,0.010918243160476182
1748836799999,10221.725513067311,10221.725513067311,0.0,0,0.010918243160476182
1748851199999,10221.725513067311,10221.725513067311,0.0,0,0.010918243160476182
1748865599999,10221.725513067311,10221.725513067311,0.0,0,0.010918243160476182
1748879999999,10221.725513067311,10221.725513067311,0.0,0,0.010918243160476182
1748894399999,10221.725513067311,10221.725513067311,0.0,0,0.010918243160476182
1748908799999,10221.725513067311,10221.725513067311,0.0,0,0.010918243160476182
1748923199999,10221.725513067311,10221.725513067311,0.0,0,0.010918243160476182
1748937599999,10221.725513067311,10221.725513067311,0.0,0,0.010918243160476182
1748951999999,10221.725513067311,10221.725513067311,0.0,0,0.010918243160476182
1748966399999,10221.725513067311,10221.725513067311,0.0,0,0.010918243160476182
1748980799999,10221.725513067311,10221.725513067311,0.0,0,0.010918243160476182
1748995199999,10221.725513067311,10221.725513067311,0.0,0,0.010918243160476182
1749009599999,10221.725513067311,10221.725513067311,0.0,0,0.010918243160476182
1749023999999,10221.725513067311,10221.725513067311,0.0,0,0.010918243160476182
1749038399999,10221.725513067311,10221.725513067311,0.0,0,0.010918243160476182
1749052799999,10221.725513067311,10221.725513067311,0.0,0,0.010918243160476182
1749067199999,10221.725513067311,10221.725513067311,0.0,0,0.010918243160476182
1749081599999,10221.725513067311,10221.725513067311,0.0,0,0.010918243160476182
1749095999999,10221.725513067311,10221.725513067311,0.0,0,0.010918243160476182
1749110399999,10221.725513067311,10221.725513067311,0.0,0,0.010918243160476182
1749124799999,10221.725513067311,10221.725513067311,0.0,0,0.010918243160476182
1749139199999,10221.725513067311,10221.725513067311,0.0,0,0.010918243160476182
1749153599999,10221.725513067311,10221.725513067311,0.0,0,0.010918243160476182
1749167999999,10221.725513067311,10221.725513067311,0.0,0,0.010918243160476182
1749182399999,10221.725513067311,10221.725513067311,0.0,0,0.010918243160476182
1749196799999,10221.725513067311,10221.725513067311,0.0,0,0.010918243160476182
1749211199999,10221.725513067311,10221.725513067311,0.0,0,0.010918243160476182
1749225599999,10221.725513067311,10221.725513067311,0.0,0,0.010918243160476182
1749239999999,10221.725513067311,10221.725513067311,0.0,0,0.010918243160476182
1749254399999,10221.725513067311,10221.725513067311,0.0,0,0.010918243160476182
1749268799999,10221.725513067311,10221.725513067311,0.0,0,0.010918243160476182
1749283199999,10221.725513067311,10221.725513067311,0.0,0,0.010918243160476182
1749297599999,10221.725513067311,10221.725513067311,0.0,0,0.010918243160476182
1749311999999,10221.725513067311,10221.725513067311,0.0,0,0.010918243160476182
1749326399999,10221.725513067311,10221.725513067311,0.0,0,0.010918243160476182
1749340799999,10221.725513067311,10221.725513067311,0.0,0,0.010918243160476182
1749355199999,10221.725513067311,10221.725513067311,0.0,0,0.010918243160476182
1749369599999,10221.725513067311,10221.725513067311,0.0,0,0.010918243160476182
1749383999999,10221.725513067311,10221.725513067311,0.0,0,0.010918243160476182
1749398399999,10221.725513067311,10221.725513067311,0.0,0,0.010918243160476182
1749412799999,10221.725513067311,10221.725513067311,0.0,0,0.010918243160476182
1749427199999,10221.725513067311,10221.725513067311,0.0,0,0.010918243160476182
1749441599999,10221.725513067311,10221.725513067311,0.0,0,0.010918243160476182
1749455999999,10221.725513067311,10221.725513067311,0.0,0,0.010918243160476182
1749470399999,10221.725513067311,10221.725513067311,0.0,0,0.010918243160476182
1749484799999,10221.725513067311,10221.725513067311,0.0,0,0.010918243160476182
1749499199999,10221.725513067311,10221.725513067311,0.0,0,0.010918243160476182
1749513599999,10221.725513067311,10221.725513067311,0.0,0,0.010918243160476182
1749527999999,10221.725513067311,10221.725513067311,0.0,0,0.010918243160476182
1749542399999,10221.725513067311,10221.725513067311,0.0,0,0.010918243160476182
1749556799999,10221.725513067311,10221.725513067311,0.0,0,0.010918243160476182
1749571199999,10221.725513067311,10221.725513067311,0.0,0,0.010918243160476182
1749585599999,10221.725513067311,10221.725513067311,0.0,0,0.010918243160476182
1749599999999,10221.725513067311,10221.725513067311,0.0,0,0.010918243160476182
1749614399999,10221.725513067311,10221.725513067311,0.0,0,0.010918243160476182
1749628799999,10221.725513067311,10221.725513067311,0.0,0,0.010918243160476182
1749643199999,10221.725513067311,10221.725513067311,0.0,0,0.010918243160476182
1749657599999,10221.725513067311,10221.725513067311,0.0,0,0.010918243160476182
1749671999999,10221.725513067311,10221.725513067311,0.0,0,0.010918243160476182
1749686399999,10221.725513067311,10221.725513067311,0.0,0,0.010918243160476182
1749700799999,10221.725513067311,10221.725513067311,0.0,0,0.010918243160476182
1749715199999,10221.725513067311,10221.725513067311,0.0,0,0.010918243160476182
1749729599999,10221.725513067311,10221.725513067311,0.0,0,0.010918243160476182
1749743999999,10221.725513067311,10221.725513067311,0.0,0,0.010918243160476182
1749758399999,10221.725513067311,10221.725513067311,0.0,0,0.010918243160476182
1749772799999,10221.725513067311,10221.725513067311,0.0,0,0.010918243160476182
1749787199999,10221.725513067311,10221.725513067311,0.0,0,0.010918243160476182
1749801599999,10221.725513067311,10221.725513067311,0.0,0,0.010918243160476182
1749815999999,10221.725513067311,10221.725513067311,0.0,0,0.010918243160476182
1749830399999,10221.725513067311,10221.725513067311,0.0,0,0.010918243160476182
1749844799999,10221.725513067311,10221.725513067311,0.0,0,0.010918243160476182
1749859199999,10221.725513067311,10221.725513067311,0.0,0,0.010918243160476182
1749873599999,10221.725513067311,10221.725513067311,0.0,0,0.010918243160476182
1749887999999,10221.725513067311,10221.725513067311,0.0,0,0.010918243160476182
1749902399999,10221.725513067311,10221.725513067311,0.0,0,0.010918243160476182
1749916799999,10221.725513067311,10221.725513067311,0.0,0,0.010918243160476182
1749931199999,10221.725513067311,10221.725513067311,0.0,0,0.010918243160476182
1749945599999,10221.725513067311,10221.725513067311,0.0,0,0.010918243160476182
1749959999999,10221.725513067311,10221.725513067311,0.0,0,0.010918243160476182
1749974399999,10221.725513067311,10221.725513067311,0.0,0,0.010918243160476182
1749988799999,10221.725513067311,10221.725513067311,0.0,0,0.010918243160476182
1750003199999,10221.725513067311,10221.725513067311,0.0,0,0.010918243160476182
1750017599999,10221.725513067311,10221.725513067311,0.0,0,0.010918243160476182
1750031999999,10221.725513067311,10221.725513067311,0.0,0,0.010918243160476182
1750046399999,10221.725513067311,10221.725513067311,0.0,0,0.010918243160476182
1750060799999,10221.725513067311,10221.725513067311,0.0,0,0.010918243160476182
1750075199999,10221.725513067311,10221.725513067311,0.0,0,0.010918243160476182
1750089599999,10221.725513067311,10221.725513067311,0.0,0,0.010918243160476182
1750103999999,10221.725513067311,10221.725513067311,0.0,0,0.010918243160476182
1750118399999,10221.725513067311,10221.725513067311,0.0,0,0.010918243160476182
1750132799999,10221.725513067311,10221.725513067311,0.0,0,0.010918243160476182
1750147199999,10221.725513067311,10221.725513067311,0.0,0,0.010918243160476182
1750161599999,10221.725513067311,10221.725513067311,0.0,0,0.010918243160476182
1750175999999,10221.725513067311,10221.725513067311,0.0,0,0.010918243160476182
1750190399999,10221.725513067311,10221.725513067311,0.0,0,0.010918243160476182
1750204799999,10221.725513067311,10221.725513067311,0.0,0,0.010918243160476182
1750219199999,10221.725513067311,10221.725513067311,0.0,0,0.010918243160476182
1750233599999,10221.725513067311,10221.725513067311,0.0,0,0.010918243160476182
1750247999999,10221.725513067311,10221.725513067311,0.0,0,0.010918243160476182
1750262399999,10221.725513067311,10221.725513067311,0.0,0,0.010918243160476182
1750276799999,10221.725513067311,10221.725513067311,0.0,0,0.010918243160476182
1750291199999,10221.725513067311,10221.725513067311,0.0,0,0.010918243160476182
1750305599999,10221.725513067311,10221.725513067311,0.0,0,0.010918243160476182
1750319999999,10221.725513067311,10221.725513067311,0.0,0,0.010918243160476182
1750334399999,10221.725513067311,10221.725513067311,0.0,0,0.010918243160476182
1750348799999,10221.725513067311,10221.725513067311,0.0,0,0.010918243160476182
1750363199999,10221.725513067311,10221.725513067311,0.0,0,0.010918243160476182
1750377599999,10221.725513067311,10221.725513067311,0.0,0,0.010918243160476182
1750391999999,10221.725513067311,10221.725513067311,0.0,0,0.010918243160476182
1750406399999,10221.725513067311,10221.725513067311,0.0,0,0.010918243160476182
1750420799999,10221.725513067311,10221.725513067311,0.0,0,0.010918243160476182
1750435199999,10221.725513067311,10221.725513067311,0.0,0,0.010918243160476182
1750449599999,10221.725513067311,10221.725513067311,0.0,0,0.010918243160476182
1750463999999,10221.725513067311,10221.725513067311,0.0,0,0.010918243160476182
1750478399999,10221.725513067311,10221.725513067311,0.0,0,0.010918243160476182
1750492799999,10221.725513067311,10221.725513067311,0.0,0,0.010918243160476182
1750507199999,10221.725513067311,10221.725513067311,0.0,0,0.010918243160476182
1750521599999,10221.725513067311,10221.725513067311,0.0,0,0.010918243160476182
1750535999999,10221.725513067311,10221.725513067311,0.0,0,0.010918243160476182
1750550399999,10221.725513067311,10221.725513067311,0.0,0,0.010918243160476182
1750564799999,10221.725513067311,10221.725513067311,0.0,0,0.010918243160476182
1750579199999,10221.725513067311,10221.725513067311,0.0,0,0.010918243160476182
1750593599999,10221.725513067311,10221.725513067311,0.0,0,0.010918243160476182
1750607999999,10221.725513067311,10221.725513067311,0.0,0,0.010918243160476182
1750622399999,10221.725513067311,10221.725513067311,0.0,0,0.010918243160476182
1750636799999,10221.725513067311,10221.725513067311,0.0,0,0.010918243160476182
1750651199999,10221.725513067311,10221.725513067311,0.0,0,0.010918243160476182
1750665599999,10221.725513067311,10221.725513067311,0.0,0,0.010918243160476182
1750679999999,10221.725513067311,10221.725513067311,0.0,0,0.010918243160476182
1750694399999,10221.725513067311,10221.725513067311,0.0,0,0.010918243160476182
1750708799999,10221.725513067311,10221.725513067311,0.0,0,0.010918243160476182
1750723199999,10221.725513067311,10221.725513067311,0.0,0,0.010918243160476182
1750737599999,10221.725513067311,10221.725513067311,0.0,0,0.010918243160476182
1750751999999,10221.725513067311,10221.725513067311,0.0,0,0.010918243160476182
1750766399999,10221.725513067311,10221.725513067311,0.0,0,0.010918243160476182
1750780799999,10221.725513067311,10221.725513067311,0.0,0,0.010918243160476182
1750795199999,10221.725513067311,10221.725513067311,0.0,0,0.010918243160476182
1750809599999,10221.725513067311,10221.725513067311,0.0,0,0.010918243160476182
1750823999999,10221.725513067311,10221.725513067311,0.0,0,0.010918243160476182
1750838399999,10221.725513067311,10221.725513067311,0.0,0,0.010918243160476182
1750852799999,10221.725513067311,10221.725513067311,0.0,0,0.010918243160476182
1750867199999,10221.725513067311,10221.725513067311,0.0,0,0.010918243160476182
1750881599999,10221.725513067311,10221.725513067311,0.0,0,0.010918243160476182
1750895999999,10221.725513067311,10221.725513067311,0.0,0,0.010918243160476182
1750910399999,10221.725513067311,10221.725513067311,0.0,0,0.010918243160476182
1750924799999,10221.725513067311,10221.725513067311,0.0,0,0.010918243160476182
1750939199999,10221.725513067311,10221.725513067311,0.0,0,0.010918243160476182
1750953599999,10221.725513067311,10221.725513067311,0.0,0,0.010918243160476182
1750967999999,10221.725513067311,10221.725513067311,0.0,0,0.010918243160476182
1750982399999,10221.725513067311,10221.725513067311,0.0,0,0.010918243160476182
1750996799999,10221.725513067311,10221.725513067311,0.0,0,0.010918243160476182
1751011199999,10221.725513067311,10221.725513067311,0.0,0,0.010918243160476182
1751025599999,10221.725513067311,10221.725513067311,0.0,0,0.010918243160476182
1751039999999,10221.725513067311,10221.725513067311,0.0,0,0.010918243160476182
1751054399999,10221.725513067311,10221.725513067311,0.0,0,0.010918243160476182
1751068799999,10221.725513067311,10221.725513067311,0.0,0,0.010918243160476182
1751083199999,10221.725513067311,10221.725513067311,0.0,0,0.010918243160476182
1751097599999,10221.725513067311,10221.725513067311,0.0,0,0.010918243160476182
1751111999999,10221.725513067311,10221.725513067311,0.0,0,0.010918243160476182
1751126399999,10221.725513067311,10221.725513067311,0.0,0,0.010918243160476182
1751140799999,10221.725513067311,10221.725513067311,0.0,0,0.010918243160476182
1751155199999,10221.725513067311,10221.725513067311,0.0,0,0.010918243160476182
1751169599999,10221.725513067311,10221.725513067311,0.0,0,0.010918243160476182
1751183999999,10221.725513067311,10221.725513067311,0.0,0,0.010918243160476182
1751198399999,10221.725513067311,10221.725513067311,0.0,0,0.010918243160476182
1751212799999,10221.725513067311,10221.725513067311,0.0,0,0.010918243160476182
1751227199999,10221.725513067311,10221.725513067311,0.0,0,0.010918243160476182
1751241599999,10221.725513067311,10221.725513067311,0.0,0,0.010918243160476182
1751255999999,10221.725513067311,10221.725513067311,0.0,0,0.010918243160476182
1751270399999,10221.725513067311,10221.725513067311,0.0,0,0.010918243160476182
1751284799999,10221.725513067311,10221.725513067311,0.0,0,0.010918243160476182
1751299199999,10221.725513067311,10221.725513067311,0.0,0,0.010918243160476182
1751313599999,10221.725513067311,10221.725513067311,0.0,0,0.010918243160476182
1751327999999,10221.725513067311,10221.725513067311,0.0,0,0.010918243160476182
1751342399999,10221.725513067311,10221.725513067311,0.0,0,0.010918243160476182
1751356799999,10221.725513067311,10221.725513067311,0.0,0,0.010918243160476182
1751371199999,10221.725513067311,10221.725513067311,0.0,0,0.010918243160476182
1751385599999,10221.725513067311,10221.725513067311,0.0,0,0.010918243160476182
1751399999999,10221.725513067311,10221.725513067311,0.0,0,0.010918243160476182
1751414399999,10221.725513067311,10221.725513067311,0.0,0,0.010918243160476182
1751428799999,10221.725513067311,10221.725513067311,0.0,0,0.010918243160476182
1751443199999,10221.725513067311,10221.725513067311,0.0,0,0.010918243160476182
1751457599999,10221.725513067311,10221.725513067311,0.0,0,0.010918243160476182
1751471999999,10221.725513067311,10221.725513067311,0.0,0,0.010918243160476182
1751486399999,10221.725513067311,10221.725513067311,0.0,0,0.010918243160476182
1751500799999,10221.725513067311,10221.725513067311,0.0,0,0.010918243160476182
1751515199999,10221.725513067311,10221.725513067311,0.0,0,0.010918243160476182
1751529599999,10221.725513067311,10221.725513067311,0.0,0,0.010918243160476182
1751543999999,10221.725513067311,10221.725513067311,0.0,0,0.010918243160476182
1751558399999,10221.725513067311,10221.725513067311,0.0,0,0.010918243160476182
1751572799999,10221.725513067311,10221.725513067311,0.0,0,0.010918243160476182
1751587199999,10221.725513067311,10221.725513067311,0.0,0,0.010918243160476182
1751601599999,10221.725513067311,10221.725513067311,0.0,0,0.010918243160476182
1751615999999,10221.725513067311,10221.725513067311,0.0,0,0.010918243160476182
1751630399999,10221.725513067311,10221.725513067311,0.0,0,0.010918243160476182
1751644799999,10221.725513067311,10221.725513067311,0.0,0,0.010918243160476182
1751659199999,10221.725513067311,10221.725513067311,0.0,0,0.010918243160476182
1751673599999,10221.725513067311,10221.725513067311,0.0,0,0.010918243160476182
1751687999999,10221.725513067311,10221.725513067311,0.0,0,0.010918243160476182
1751702399999,10221.725513067311,10221.725513067311,0.0,0,0.010918243160476182
1751716799999,10221.725513067311,10221.725513067311,0.0,0,0.010918243160476182
1751731199999,10221.725513067311,10221.725513067311,0.0,0,0.010918243160476182
1751745599999,10221.725513067311,10221.725513067311,0.0,0,0.010918243160476182
1751759999999,10221.725513067311,10221.725513067311,0.0,0,0.010918243160476182
1751774399999,10221.725513067311,10221.725513067311,0.0,0,0.010918243160476182
1751788799999,10221.725513067311,10221.725513067311,0.0,0,0.010918243160476182
1751803199999,10221.725513067311,10221.725513067311,0.0,0,0.010918243160476182
1751817599999,10221.725513067311,10221.725513067311,0.0,0,0.010918243160476182
1751831999999,10221.725513067311,10221.725513067311,0.0,0,0.010918243160476182
1751846399999,10221.725513067311,10221.725513067311,0.0,0,0.010918243160476182
1751860799999,10221.725513067311,10221.725513067311,0.0,0,0.010918243160476182
1751875199999,10221.725513067311,10221.725513067311,0.0,0,0.010918243160476182
1751889599999,10221.725513067311,10221.725513067311,0.0,0,0.010918243160476182
1751903999999,10221.725513067311,10221.725513067311,0.0,0,0.010918243160476182
1751918399999,10221.725513067311,10221.725513067311,0.0,0,0.010918243160476182
1751932799999,10221.725513067311,10221.725513067311,0.0,0,0.010918243160476182
1751947199999,10221.725513067311,10221.725513067311,0.0,0,0.010918243160476182
1751961599999,10221.725513067311,10221.725513067311,0.0,0,0.010918243160476182
1751975999999,10221.725513067311,10221.725513067311,0.0,0,0.010918243160476182
1751990399999,10221.725513067311,10221.725513067311,0.0,0,0.010918243160476182
1752004799999,10221.725513067311,10221.725513067311,0.0,0,0.010918243160476182
1752019199999,10221.725513067311,10221.725513067311,0.0,0,0.010918243160476182
1752033599999,10221.725513067311,10221.725513067311,0.0,0,0.010918243160476182
1752047999999,10221.725513067311,10221.725513067311,0.0,0,0.010918243160476182
1752062399999,10221.725513067311,10221.725513067311,0.0,0,0.010918243160476182
1752076799999,10171.68801306731,10221.80286130357,82.03445447087776,1,0.010910758736314197
1752091199999,10171.68801306731,10222.721647193644,82.03445447087776,1,0.010821854533090036
1752105599999,10171.68801306731,10222.770867866326,82.03445447087776,1,0.010817091807917456
1752119999999,10171.68801306731,10222.680629966408,82.03445447087776,1,0.01082582347073413
1752134399999,10171.68801306731,10223.205650475022,82.03445447087776,1,0.010775021068891832
1752148799999,10171.68801306731,10223.509177956565,82.03445447087776,1,0.010745650930326645
1752163199999,10171.68801306731,10223.304091820388,82.03445447087776,1,0.010765495618546339
1752177599999,10171.68801306731,10225.182680827771,82.03445447087776,1,0.010583718274454368
1752191999999,10121.65051306731,10229.184377443722,158.72157103529494,2,0.010196503306278637
1752206399999,10121.65051306731,10230.78746531118,158.72157103529494,2,0.010041384196272651
1752220799999,10121.65051306731,10232.62863553519,158.72157103529494,2,0.009863227594681612
1752235199999,10121.65051306731,10237.152200309694,158.72157103529494,2,0.00942551525456592
1752249599999,10121.65051306731,10238.70767170584,158.72157103529494,2,0.009275003642876922
1752263999999,10121.65051306731,10239.596512503638,158.72157103529494,2,0.009188997007626099
1752278399999,10121.65051306731,10234.24759555975,158.72157103529494,2,0.009706572651903334
1752292799999,10121.65051306731,10237.342666194936,158.72157103529494,2,0.009407085261297965
1752307199999,10121.65051306731,10235.15230851465,158.72157103529494,2,0.009619030183880328
1752321599999,10121.65051306731,10236.406208925828,158.72157103529494,2,0.009497699394865777
1752335999999,10121.65051306731,10231.723922580288,158.72157103529494,2,0.009950770062704728
1752350399999,10121.65051306731,10233.930152417677,158.72157103529494,2,0.009737289307350183
1752364799999,10121.65051306731,10234.168234774232,158.72157103529494,2,0.009714251815765018
1752379199999,10121.65051306731,10235.723706170376,158.72157103529494,2,0.009563740204076132
1752393599999,10121.65051306731,10239.136219947635,158.72157103529494,2,0.009233536158023914
1752407999999,10121.65051306731,10237.390282666247,158.72157103529494,2,0.009402477762980865
1752422399999,10121.65051306731,10239.406046618396,158.72157103529494,2,0.009207427000894053
1752436799999,10121.65051306731,10239.882211331502,158.72157103529494,2,0.009161352017724056
1752451199999,10121.65051306731,10238.580694449012,158.72157103529494,2,0.009287290305055595
1752465599999,10121.65051306731,10242.294779211237,158.72157103529494,2,0.008927905436329153
1752479999999,10121.65051306731,10242.643966667516,158.72157103529494,2,0.008894117115337608
1752494399999,10121.65051306731,10240.231398787779,158.72157103529494,2,0.009127563696732732
1752508799999,10121.65051306731,10238.199762678527,158.72157103529494,2,0.009324150291591726
1752523199999,10121.65051306731,10237.802958750939,158.72157103529494,2,0.00936254611090015
1752537599999,10121.65051306731,10238.34261209246,158.72157103529494,2,0.00931032779664065
1752551999999,10121.65051306731,10235.707834013274,158.72157103529494,2,0.009565276036848425
1752566399999,10121.65051306731,10235.91417205562,158.72157103529494,2,0.009545310210808067
1752580799999,10121.65051306731,10237.088711681281,158.72157103529494,2,0.0094316585856552
1752595199999,10121.65051306731,10236.628419125278,158.72157103529494,2,0.009476197736053016
1752609599999,10121.65051306731,10236.18399872638,158.72157103529494,2,0.009519201053678428
1752623999999,10121.65051306731,10240.152038002261,158.72157103529494,2,0.009135242860594417
1752638399999,10121.65051306731,10238.771160334254,158.72157103529494,2,0.009268860311787641
1752652799999,10121.65051306731,10240.183782316468,158.72157103529494,2,0.009132171195049832
1752667199999,10121.65051306731,10239.818722703087,158.72157103529494,2,0.009167495348813559
1752681599999,10121.65051306731,10240.81866860061,158.72157103529494,2,0.009070737884156244
1752695999999,10121.65051306731,10242.882049024069,158.72157103529494,2,0.008871079623752554
1752710399999,10121.65051306731,10242.97728196669,158.72157103529494,2,0.008861864627118465
1752724799999,10121.65051306731,10239.882211331502,158.72157103529494,2,0.009161352017724056
1752739199999,10121.65051306731,10244.389903948904,158.72157103529494,2,0.008725175510380656
1752753599999,10121.65051306731,10251.07208208949,158.72157103529494,2,0.008078589913227296
1752767999999,10071.61301306731,10248.268101308795,220.04868988725127,3,0.008349910663639548
1752782399999,10071.61301306731,10247.453921156213,220.04868988725127,3,0.008428692933293513
1752796799999,10071.61301306731,10252.405016678676,220.04868988725127,3,0.007949611563775383
1752811199999,10071.61301306731,10260.832881501357,220.04868988725127,3,0.0071341086103291484
1752825599999,10071.61301306731,10259.380560148102,220.04868988725127,3,0.007274639145387729
1752839999999,10071.61301306731,10258.89645303035,220.04868988725127,3,0.007321482657073997
1752854399999,10071.61301306731,10252.51504102362,220.04868988725127,3,0.007938965311119484
1752868799999,10071.61301306731,10251.48081218115,220.04868988725127,3,0.00803904008608547
1752883199999,10071.61301306731,10251.12873427733,220.04868988725127,3,0.008073108094584502
1752897599999,10071.61301306731,10253.637289342045,220.04868988725127,3,0.007830373534028712
1752911999999,10071.61301306731,10253.19719196227,220.04868988725127,3,0.00787295854465253
1752926399999,10071.61301306731,10251.832890084968,220.04868988725127,3,0.008004972077586547
1752940799999,10071.61301306731,10252.427021547664,220.04868988725127,3,0.00794748231324427
1752955199999,10071.61301306731,10254.099391590807,220.04868988725127,3,0.0077856592728737795
1752969599999,10071.61301306731,10254.209415935751,220.04868988725127,3,0.007775013020217769
1752983999999,10071.61301306731,10256.541932048556,220.04868988725127,3,0.0075493124639114395
1752998399999,10071.61301306731,10257.576160891025,220.04868988725127,3,0.007449237688945565
1753012799999,10071.61301306731,10258.808433554395,220.04868988725127,3,0.007329999659198672
1753027199999,10071.61301306731,10263.253417090116,220.04868988725127,3,0.006899891051898144
1753041599999,10071.61301306731,10263.275421959106,220.04868988725127,3,0.0068977618013669195
1753055999999,10071.61301306731,10260.41478899057,220.04868988725127,3,0.007174564370421854
1753070399999,10071.61301306731,10262.153173640681,220.04868988725127,3,0.00700635357845758
1753084799999,10071.61301306731,10268.314536957523,220.04868988725127,3,0.006410163429724114
1753099199999,10071.61301306731,10271.527247829878,220.04868988725127,3,0.006099292852170146
1753113599999,10071.61301306731,10272.275413375495,220.04868988725127,3,0.006026898334109521
1753127999999,10071.61301306731,10264.507694622474,220.04868988725127,3,0.006778523771620137
1753142399999,10071.61301306731,10267.258303246064,220.04868988725127,3,0.006512367455221324
1753156799999,10071.61301306731,10266.64216691438,220.04868988725127,3,0.006571986470094715
1753171199999,10071.61301306731,10263.275421959106,220.04868988725127,3,0.0068977618013669195
1753185599999,10071.61301306731,10264.815762788317,220.04868988725127,3,0.006748714264183442
1753199999999,10071.61301306731,10265.343879644046,220.04868988725127,3,0.006697612251434948
1753214399999,10071.61301306731,10264.705738443374,220.04868988725127,3,0.006759360516839341
1753228799999,10071.61301306731,10270.404999511453,220.04868988725127,3,0.006207884629260918
1753243199999,10071.61301306731,10265.475908857978,220.04868988725127,3,0.006684836748247824
1753257599999,10071.61301306731,10262.571266151466,220.04868988725127,3,0.006965897818365097
1753271999999,10071.61301306731,10261.360998357086,220.04868988725127,3,0.007083006597580654
1753286399999,10071.61301306731,10255.199635040244,220.04868988725127,3,0.007679196746314121
1753300799999,10071.61301306731,10250.688636897556,220.04868988725127,3,0.008115693105208321
1753315199999,10250.510353449008,10250.510353449008,0.0,0,0.008132944293012145
1753329599999,10250.510353449008,10250.510353449008,0.0,0,0.008132944293012145
1753343999999,10250.510353449008,10250.510353449008,0.0,0,0.008132944293012145
1753358399999,10250.510353449008,10250.510353449008,0.0,0,0.008132944293012145
1753372799999,10250.510353449008,10250.510353449008,0.0,0,0.008132944293012145
1753387199999,10250.510353449008,10250.510353449008,0.0,0,0.008132944293012145
1753401599999,10250.510353449008,10250.510353449008,0.0,0,0.008132944293012145
1753415999999,10250.510353449008,10250.510353449008,0.0,0,0.008132944293012145
1753430399999,10250.510353449008,10250.510353449008,0.0,0,0.008132944293012145
1753444799999,10250.510353449008,10250.510353449008,0.0,0,0.008132944293012145
1753459199999,10250.510353449008,10250.510353449008,0.0,0,0.008132944293012145
1753473599999,10250.510353449008,10250.510353449008,0.0,0,0.008132944293012145
1753487999999,10250.510353449008,10250.510353449008,0.0,0,0.008132944293012145
1753502399999,10250.510353449008,10250.510353449008,0.0,0,0.008132944293012145
1753516799999,10250.510353449008,10250.510353449008,0.0,0,0.008132944293012145
1753531199999,10250.510353449008,10250.510353449008,0.0,0,0.008132944293012145
1753545599999,10250.510353449008,10250.510353449008,0.0,0,0.008132944293012145
1753559999999,10250.510353449008,10250.510353449008,0.0,0,0.008132944293012145
1753574399999,10250.510353449008,10250.510353449008,0.0,0,0.008132944293012145
1753588799999,10250.510353449008,10250.510353449008,0.0,0,0.008132944293012145
1753603199999,10250.510353449008,10250.510353449008,0.0,0,0.008132944293012145
1753617599999,10250.510353449008,10250.510353449008,0.0,0,0.008132944293012145
1753631999999,10250.510353449008,10250.510353449008,0.0,0,0.008132944293012145
1753646399999,10250.510353449008,10250.510353449008,0.0,0,0.008132944293012145
1753660799999,10250.510353449008,10250.510353449008,0.0,0,0.008132944293012145
1753675199999,10250.510353449008,10250.510353449008,0.0,0,0.008132944293012145
1753689599999,10250.510353449008,10250.510353449008,0.0,0,0.008132944293012145
1753703999999,10250.510353449008,10250.510353449008,0.0,0,0.008132944293012145
1753718399999,10250.510353449008,10250.510353449008,0.0,0,0.008132944293012145
1753732799999,10250.510353449008,10250.510353449008,0.0,0,0.008132944293012145
1753747199999,10250.510353449008,10250.510353449008,0.0,0,0.008132944293012145
1753761599999,10250.510353449008,10250.510353449008,0.0,0,0.008132944293012145
1753775999999,10250.510353449008,10250.510353449008,0.0,0,0.008132944293012145
1753790399999,10250.510353449008,10250.510353449008,0.0,0,0.008132944293012145
1753804799999,10250.510353449008,10250.510353449008,0.0,0,0.008132944293012145
1753819199999,10250.510353449008,10250.510353449008,0.0,0,0.008132944293012145
1753833599999,10250.510353449008,10250.510353449008,0.0,0,0.008132944293012145
1753847999999,10250.510353449008,10250.510353449008,0.0,0,0.008132944293012145
1753862399999,10250.510353449008,10250.510353449008,0.0,0,0.008132944293012145
1753876799999,10250.510353449008,10250.510353449008,0.0,0,0.008132944293012145
1753891199999,10250.510353449008,10250.510353449008,0.0,0,0.008132944293012145
1753905599999,10250.510353449008,10250.510353449008,0.0,0,0.008132944293012145
1753919999999,10250.510353449008,10250.510353449008,0.0,0,0.008132944293012145
1753934399999,10250.510353449008,10250.510353449008,0.0,0,0.008132944293012145
1753948799999,10250.510353449008,10250.510353449008,0.0,0,0.008132944293012145
1753963199999,10250.510353449008,10250.510353449008,0.0,0,0.008132944293012145
1753977599999,10250.510353449008,10250.510353449008,0.0,0,0.008132944293012145
1753991999999,10250.510353449008,10250.510353449008,0.0,0,0.008132944293012145
1754006399999,10250.510353449008,10250.510353449008,0.0,0,0.008132944293012145
1754020799999,10250.510353449008,10250.510353449008,0.0,0,0.008132944293012145
1754035199999,10250.510353449008,10250.510353449008,0.0,0,0.008132944293012145
1754049599999,10250.510353449008,10250.510353449008,0.0,0,0.008132944293012145
1754063999999,10250.510353449008,10250.510353449008,0.0,0,0.008132944293012145
1754078399999,10250.510353449008,10250.510353449008,0.0,0,0.008132944293012145
1754092799999,10250.510353449008,10250.510353449008,0.0,0,0.008132944293012145
1754107199999,10250.510353449008,10250.510353449008,0.0,0,0.008132944293012145
1754121599999,10250.510353449008,10250.510353449008,0.0,0,0.008132944293012145
1754135999999,10250.510353449008,10250.510353449008,0.0,0,0.008132944293012145
1754150399999,10250.510353449008,10250.510353449008,0.0,0,0.008132944293012145
1754164799999,10250.510353449008,10250.510353449008,0.0,0,0.008132944293012145
1754179199999,10250.510353449008,10250.510353449008,0.0,0,0.008132944293012145
1754193599999,10250.510353449008,10250.510353449008,0.0,0,0.008132944293012145
1754207999999,10250.510353449008,10250.510353449008,0.0,0,0.008132944293012145
1754222399999,10250.510353449008,10250.510353449008,0.0,0,0.008132944293012145
1754236799999,10250.510353449008,10250.510353449008,0.0,0,0.008132944293012145
1754251199999,10250.510353449008,10250.510353449008,0.0,0,0.008132944293012145
1754265599999,10250.510353449008,10250.510353449008,0.0,0,0.008132944293012145
1754279999999,10250.510353449008,10250.510353449008,0.0,0,0.008132944293012145
1754294399999,10250.510353449008,10250.510353449008,0.0,0,0.008132944293012145
1754308799999,10250.510353449008,10250.510353449008,0.0,0,0.008132944293012145
1754323199999,10250.510353449008,10250.510353449008,0.0,0,0.008132944293012145
1754337599999,10250.510353449008,10250.510353449008,0.0,0,0.008132944293012145
1754351999999,10250.510353449008,10250.510353449008,0.0,0,0.008132944293012145
1754366399999,10250.510353449008,10250.510353449008,0.0,0,0.008132944293012145
1754380799999,10250.510353449008,10250.510353449008,0.0,0,0.008132944293012145
1754395199999,10250.510353449008,10250.510353449008,0.0,0,0.008132944293012145
1754409599999,10250.510353449008,10250.510353449008,0.0,0,0.008132944293012145
1754423999999,10250.510353449008,10250.510353449008,0.0,0,0.008132944293012145
1754438399999,10250.510353449008,10250.510353449008,0.0,0,0.008132944293012145
1754452799999,10250.510353449008,10250.510353449008,0.0,0,0.008132944293012145
1754467199999,10250.510353449008,10250.510353449008,0.0,0,0.008132944293012145
1754481599999,10250.510353449008,10250.510353449008,0.0,0,0.008132944293012145
1754495999999,10250.510353449008,10250.510353449008,0.0,0,0.008132944293012145
1754510399999,10250.510353449008,10250.510353449008,0.0,0,0.008132944293012145
1754524799999,10250.510353449008,10250.510353449008,0.0,0,0.008132944293012145
1754539199999,10250.510353449008,10250.510353449008,0.0,0,0.008132944293012145
1754553599999,10250.510353449008,10250.510353449008,0.0,0,0.008132944293012145
1754567999999,10250.510353449008,10250.510353449008,0.0,0,0.008132944293012145
1754582399999,10250.510353449008,10250.510353449008,0.0,0,0.008132944293012145
1754596799999,10250.510353449008,10250.510353449008,0.0,0,0.008132944293012145
1754611199999,10250.510353449008,10250.510353449008,0.0,0,0.008132944293012145
1754625599999,10250.510353449008,10250.510353449008,0.0,0,0.008132944293012145
1754639999999,10250.510353449008,10250.510353449008,0.0,0,0.008132944293012145
1754654399999,10250.510353449008,10250.510353449008,0.0,0,0.008132944293012145
1754668799999,10250.510353449008,10250.510353449008,0.0,0,0.008132944293012145
1754683199999,10250.510353449008,10250.510353449008,0.0,0,0.008132944293012145
1754697599999,10250.510353449008,10250.510353449008,0.0,0,0.008132944293012145
1754711999999,10250.510353449008,10250.510353449008,0.0,0,0.008132944293012145
1754726399999,10250.510353449008,10250.510353449008,0.0,0,0.008132944293012145
1754740799999,10250.510353449008,10250.510353449008,0.0,0,0.008132944293012145
1754755199999,10250.510353449008,10250.510353449008,0.0,0,0.008132944293012145
1754769599999,10250.510353449008,10250.510353449008,0.0,0,0.008132944293012145
1754783999999,10250.510353449008,10250.510353449008,0.0,0,0.008132944293012145
1754798399999,10250.510353449008,10250.510353449008,0.0,0,0.008132944293012145
1754812799999,10250.510353449008,10250.510353449008,0.0,0,0.008132944293012145
1754827199999,10250.510353449008,10250.510353449008,0.0,0,0.008132944293012145
1754841599999,10250.510353449008,10250.510353449008,0.0,0,0.008132944293012145
1754855999999,10250.510353449008,10250.510353449008,0.0,0,0.008132944293012145
1754870399999,10250.510353449008,10250.510353449008,0.0,0,0.008132944293012145
1754884799999,10250.510353449008,10250.510353449008,0.0,0,0.008132944293012145
1754899199999,10250.510353449008,10250.510353449008,0.0,0,0.008132944293012145
1754913599999,10250.510353449008,10250.510353449008,0.0,0,0.008132944293012145
1754927999999,10250.510353449008,10250.510353449008,0.0,0,0.008132944293012145
1754942399999,10250.510353449008,10250.510353449008,0.0,0,0.008132944293012145
1754956799999,10250.510353449008,10250.510353449008,0.0,0,0.008132944293012145
1754971199999,10250.510353449008,10250.510353449008,0.0,0,0.008132944293012145
1754985599999,10250.510353449008,10250.510353449008,0.0,0,0.008132944293012145
1754999999999,10250.510353449008,10250.510353449008,0.0,0,0.008132944293012145
1755014399999,10250.510353449008,10250.510353449008,0.0,0,0.008132944293012145
1755028799999,10250.510353449008,10250.510353449008,0.0,0,0.008132944293012145
1755043199999,10200.472853449008,10250.04263185542,58.93446487505893,1,0.008178202297143278
1755057599999,10200.472853449008,10250.908968489082,58.93446487505893,1,0.00809437322557005
1755071999999,10150.435353449007,10251.276356596385,117.36615822553222,2,0.008058823760448086
1755086399999,10150.435353449007,10253.682362840009,117.36615822553222,2,0.007826012100678126
1755100799999,10150.435353449007,10252.860799732429,117.36615822553222,2,0.007905508764989966
1755115199999,10150.435353449007,10254.175300704555,117.36615822553222,2,0.007778314102091177
1755129599999,10100.397853449007,10257.66865366223,173.93364323514868,3,0.007440287838695658
1755143999999,10100.397853449007,10271.148511012952,173.93364323514868,3,0.006135940449073951
1755158399999,10100.397853449007,10273.948842669039,173.93364323514868,3,0.005864972797810508
1755172799999,10100.397853449007,10267.843771791484,173.93364323514868,3,0.006455715938142537
1755187199999,10100.397853449007,10261.28647344152,173.93364323514868,3,0.007090217829610168
1755201599999,10100.397853449007,10256.955525724965,173.93364323514868,3,0.0075092920231789595
1755215999999,10100.397853449007,10261.425620356107,173.93364323514868,3,0.00707675359849147
1755230399999,10100.397853449007,10262.121354929048,173.93364323514868,3,0.007009432442898089
1755244799999,10100.397853449007,10265.808748165633,173.93364323514868,3,0.006652630318253139
1755259199999,10100.397853449007,10264.312918833812,173.93364323514868,3,0.006797370802778868
1755273599999,10100.397853449007,10261.14732652693,173.93364323514868,3,0.007103682060728866
1755287999999,10100.397853449007,10262.103961564724,173.93364323514868,3,0.00701111547178801
1755302399999,10100.397853449007,10264.817326399194,173.93364323514868,3,0.0067485629649736145
1755316799999,10100.397853449007,10266.974103575309,173.93364323514868,3,0.006539867382634235
1755331199999,10100.397853449007,10267.930738613102,173.93364323514868,3,0.006447300793693378
1755345599999,10100.397853449007,10257.477326654669,173.93364323514868,3,0.007458801156484007
1755359999999,10100.397853449007,10258.677468792992,173.93364323514868,3,0.007342672163085373
1755374399999,10100.397853449007,10259.877610931315,173.93364323514868,3,0.007226543169686739
1755388799999,10100.397853449007,10260.608132232903,173.93364323514868,3,0.007155855956313628
1755403199999,10100.397853449007,10263.495430710605,173.93364323514868,3,0.006876473160601249
1755417599999,10100.397853449007,10267.287184133133,173.93364323514868,3,0.006509572862617219
1755431999999,10100.397853449007,10269.478748037895,173.93364323514868,3,0.006297511222498109
1755446399999,10100.397853449007,10270.052729060571,173.93364323514868,3,0.006241971269133506
1755460799999,10100.397853449007,10265.84353489428,173.93364323514868,3,0.00664926426047352
1755475199999,10100.397853449007,10267.530691233662,173.93364323514868,3,0.006486010458159441
1755489599999,10100.397853449007,10260.69509905452,173.93364323514868,3,0.0071474408118645805
1755503999999,10100.397853449007,10259.825430838344,173.93364323514868,3,0.0072315922563562784
1755518399999,10100.397853449007,10256.468511523906,173.93364323514868,3,0.007556416832094293
1755532799999,10100.397853449007,10259.999364481579,173.93364323514868,3,0.007214761967457961
1755547199999,10100.397853449007,10260.312445039403,173.93364323514868,3,0.007184467447440945
1755561599999,10100.397853449007,10261.04296634099,173.93364323514868,3,0.007113780234067835
1755575999999,10100.397853449007,10257.372966468729,173.93364323514868,3,0.0074688993298229756
1755590399999,10100.397853449007,10261.947421285813,173.93364323514868,3,0.007026262731796407
1755604799999,10100.397853449007,10262.399648758224,173.93364323514868,3,0.0069825039806606926
1755619199999,10100.397853449007,10251.876663342498,173.93364323514868,3,0.008000736459010671
1755633599999,10251.763054235078,10251.763054235078,0.0,0,0.008011729582961813
1755647999999,10251.763054235078,10251.763054235078,0.0,0,0.008011729582961813
1755662399999,10251.763054235078,10251.763054235078,0.0,0,0.008011729582961813
1755676799999,10251.763054235078,10251.763054235078,0.0,0,0.008011729582961813
1755691199999,10251.763054235078,10251.763054235078,0.0,0,0.008011729582961813
1755705599999,10251.763054235078,10251.763054235078,0.0,0,0.008011729582961813
1755719999999,10251.763054235078,10251.763054235078,0.0,0,0.008011729582961813
1755734399999,10251.763054235078,10251.763054235078,0.0,0,0.008011729582961813
1755748799999,10251.763054235078,10251.763054235078,0.0,0,0.008011729582961813
1755763199999,10251.763054235078,10251.763054235078,0.0,0,0.008011729582961813
1755777599999,10251.763054235078,10251.763054235078,0.0,0,0.008011729582961813
1755791999999,10251.763054235078,10251.763054235078,0.0,0,0.008011729582961813
1755806399999,10251.763054235078,10251.763054235078,0.0,0,0.008011729582961813
1755820799999,10251.763054235078,10251.763054235078,0.0,0,0.008011729582961813
1755835199999,10251.763054235078,10251.763054235078,0.0,0,0.008011729582961813
1755849599999,10251.763054235078,10251.763054235078,0.0,0,0.008011729582961813
1755863999999,10251.763054235078,10251.763054235078,0.0,0,0.008011729582961813
1755878399999,10251.763054235078,10251.763054235078,0.0,0,0.008011729582961813
1755892799999,10251.763054235078,10251.763054235078,0.0,0,0.008011729582961813
1755907199999,10201.725554235078,10251.7094546322,53.66534292154127,1,0.008016916025242238
1755921599999,10201.725554235078,10250.06192860451,53.66534292154127,1,0.00817633509160487
1755935999999,10250.025676323732,10250.025676323732,0.0,0,0.008179842960165273
1755950399999,10250.025676323732,10250.025676323732,0.0,0,0.008179842960165273
1755964799999,10250.025676323732,10250.025676323732,0.0,0,0.008179842960165273
1755979199999,10250.025676323732,10250.025676323732,0.0,0,0.008179842960165273
1755993599999,10250.025676323732,10250.025676323732,0.0,0,0.008179842960165273
1756007999999,10250.025676323732,10250.025676323732,0.0,0,0.008179842960165273
1756022399999,10250.025676323732,10250.025676323732,0.0,0,0.008179842960165273
1756036799999,10250.025676323732,10250.025676323732,0.0,0,0.008179842960165273
1756051199999,10250.025676323732,10250.025676323732,0.0,0,0.008179842960165273
1756065599999,10250.025676323732,10250.025676323732,0.0,0,0.008179842960165273
1756079999999,10250.025676323732,10250.025676323732,0.0,0,0.008179842960165273
1756094399999,10250.025676323732,10250.025676323732,0.0,0,0.008179842960165273
1756108799999,10250.025676323732,10250.025676323732,0.0,0,0.008179842960165273
1756123199999,10250.025676323732,10250.025676323732,0.0,0,0.008179842960165273
1756137599999,10250.025676323732,10250.025676323732,0.0,0,0.008179842960165273
1756151999999,10250.025676323732,10250.025676323732,0.0,0,0.008179842960165273
1756166399999,10250.025676323732,10250.025676323732,0.0,0,0.008179842960165273
1756180799999,10250.025676323732,10250.025676323732,0.0,0,0.008179842960165273
1756195199999,10250.025676323732,10250.025676323732,0.0,0,0.008179842960165273
1756209599999,10250.025676323732,10250.025676323732,0.0,0,0.008179842960165273
1756223999999,10250.025676323732,10250.025676323732,0.0,0,0.008179842960165273
1756238399999,10250.025676323732,10250.025676323732,0.0,0,0.008179842960165273
1756252799999,10250.025676323732,10250.025676323732,0.0,0,0.008179842960165273
1756267199999,10250.025676323732,10250.025676323732,0.0,0,0.008179842960165273
1756281599999,10250.025676323732,10250.025676323732,0.0,0,0.008179842960165273
1756295999999,10250.025676323732,10250.025676323732,0.0,0,0.008179842960165273
1756310399999,10250.025676323732,10250.025676323732,0.0,0,0.008179842960165273
1756324799999,10250.025676323732,10250.025676323732,0.0,0,0.008179842960165273
1756339199999,10250.025676323732,10250.025676323732,0.0,0,0.008179842960165273
1756353599999,10250.025676323732,10250.025676323732,0.0,0,0.008179842960165273
1756367999999,10250.025676323732,10250.025676323732,0.0,0,0.008179842960165273
1756382399999,10250.025676323732,10250.025676323732,0.0,0,0.008179842960165273
1756396799999,10250.025676323732,10250.025676323732,0.0,0,0.008179842960165273
1756411199999,10250.025676323732,10250.025676323732,0.0,0,0.008179842960165273
1756425599999,10250.025676323732,10250.025676323732,0.0,0,0.008179842960165273
1756439999999,10250.025676323732,10250.025676323732,0.0,0,0.008179842960165273
1756454399999,10250.025676323732,10250.025676323732,0.0,0,0.008179842960165273
1756468799999,10250.025676323732,10250.025676323732,0.0,0,0.008179842960165273
1756483199999,10250.025676323732,10250.025676323732,0.0,0,0.008179842960165273
1756497599999,10250.025676323732,10250.025676323732,0.0,0,0.008179842960165273
1756511999999,10250.025676323732,10250.025676323732,0.0,0,0.008179842960165273
1756526399999,10250.025676323732,10250.025676323732,0.0,0,0.008179842960165273
1756540799999,10250.025676323732,10250.025676323732,0.0,0,0.008179842960165273
1756555199999,10250.025676323732,10250.025676323732,0.0,0,0.008179842960165273
1756569599999,10250.025676323732,10250.025676323732,0.0,0,0.008179842960165273
1756583999999,10250.025676323732,10250.025676323732,0.0,0,0.008179842960165273
1756598399999,10250.025676323732,10250.025676323732,0.0,0,0.008179842960165273
1756612799999,10250.025676323732,10250.025676323732,0.0,0,0.008179842960165273
1756627199999,10250.025676323732,10250.025676323732,0.0,0,0.008179842960165273
1756641599999,10250.025676323732,10250.025676323732,0.0,0,0.008179842960165273
1756655999999,10250.025676323732,10250.025676323732,0.0,0,0.008179842960165273
1756670399999,10250.025676323732,10250.025676323732,0.0,0,0.008179842960165273
1756684799999,10250.025676323732,10250.025676323732,0.0,0,0.008179842960165273
1756699199999,10250.025676323732,10250.025676323732,0.0,0,0.008179842960165273
1756713599999,10250.025676323732,10250.025676323732,0.0,0,0.008179842960165273
1756727999999,10250.025676323732,10250.025676323732,0.0,0,0.008179842960165273
1756742399999,10250.025676323732,10250.025676323732,0.0,0,0.008179842960165273
1756756799999,10250.025676323732,10250.025676323732,0.0,0,0.008179842960165273
1756771199999,10250.025676323732,10250.025676323732,0.0,0,0.008179842960165273
1756785599999,10250.025676323732,10250.025676323732,0.0,0,0.008179842960165273
1756799999999,10250.025676323732,10250.025676323732,0.0,0,0.008179842960165273
1756814399999,10250.025676323732,10250.025676323732,0.0,0,0.008179842960165273
1756828799999,10250.025676323732,10250.025676323732,0.0,0,0.008179842960165273
1756843199999,10250.025676323732,10250.025676323732,0.0,0,0.008179842960165273
1756857599999,10250.025676323732,10250.025676323732,0.0,0,0.008179842960165273
1756871999999,10250.025676323732,10250.025676323732,0.0,0,0.008179842960165273
1756886399999,10250.025676323732,10250.025676323732,0.0,0,0.008179842960165273
1756900799999,10250.025676323732,10250.025676323732,0.0,0,0.008179842960165273
1756915199999,10250.025676323732,10250.025676323732,0.0,0,0.008179842960165273
1756929599999,10250.025676323732,10250.025676323732,0.0,0,0.008179842960165273
1756943999999,10250.025676323732,10250.025676323732,0.0,0,0.008179842960165273
1756958399999,10250.025676323732,10250.025676323732,0.0,0,0.008179842960165273
1756972799999,10250.025676323732,10250.025676323732,0.0,0,0.008179842960165273
1756987199999,10250.025676323732,10250.025676323732,0.0,0,0.008179842960165273
1757001599999,10250.025676323732,10250.025676323732,0.0,0,0.008179842960165273
1757015999999,10250.025676323732,10250.025676323732,0.0,0,0.008179842960165273
1757030399999,10250.025676323732,10250.025676323732,0.0,0,0.008179842960165273
1757044799999,10250.025676323732,10250.025676323732,0.0,0,0.008179842960165273
1757059199999,10250.025676323732,10250.025676323732,0.0,0,0.008179842960165273
1757073599999,10250.025676323732,10250.025676323732,0.0,0,0.008179842960165273
1757087999999,10250.025676323732,10250.025676323732,0.0,0,0.008179842960165273
1757102399999,10250.025676323732,10250.025676323732,0.0,0,0.008179842960165273
1757116799999,10250.025676323732,10250.025676323732,0.0,0,0.008179842960165273
1757131199999,10250.025676323732,10250.025676323732,0.0,0,0.008179842960165273
1757145599999,10250.025676323732,10250.025676323732,0.0,0,0.008179842960165273
1757159999999,10250.025676323732,10250.025676323732,0.0,0,0.008179842960165273
1757174399999,10250.025676323732,10250.025676323732,0.0,0,0.008179842960165273
1757188799999,10250.025676323732,10250.025676323732,0.0,0,0.008179842960165273
1757203199999,10250.025676323732,10250.025676323732,0.0,0,0.008179842960165273
1757217599999,10250.025676323732,10250.025676323732,0.0,0,0.008179842960165273
1757231999999,10250.025676323732,10250.025676323732,0.0,0,0.008179842960165273
1757246399999,10250.025676323732,10250.025676323732,0.0,0,0.008179842960165273
1757260799999,10250.025676323732,10250.025676323732,0.0,0,0.008179842960165273
1757275199999,10250.025676323732,10250.025676323732,0.0,0,0.008179842960165273
1757289599999,10250.025676323732,10250.025676323732,0.0,0,0.008179842960165273
1757303999999,10250.025676323732,10250.025676323732,0.0,0,0.008179842960165273
1757318399999,10250.025676323732,10250.025676323732,0.0,0,0.008179842960165273
1757332799999,10250.025676323732,10250.025676323732,0.0,0,0.008179842960165273
1757347199999,10250.025676323732,10250.025676323732,0.0,0,0.008179842960165273
1757361599999,10250.025676323732,10250.025676323732,0.0,0,0.008179842960165273
1757375999999,10250.025676323732,10250.025676323732,0.0,0,0.008179842960165273
1757390399999,10250.025676323732,10250.025676323732,0.0,0,0.008179842960165273
1757404799999,10250.025676323732,10250.025676323732,0.0,0,0.008179842960165273
1757419199999,10250.025676323732,10250.025676323732,0.0,0,0.008179842960165273
1757433599999,10250.025676323732,10250.025676323732,0.0,0,0.008179842960165273
1757447999999,10250.025676323732,10250.025676323732,0.0,0,0.008179842960165273
1757462399999,10250.025676323732,10250.025676323732,0.0,0,0.008179842960165273
1757476799999,10250.025676323732,10250.025676323732,0.0,0,0.008179842960165273
1757491199999,10250.025676323732,10250.025676323732,0.0,0,0.008179842960165273
1757505599999,10250.025676323732,10250.025676323732,0.0,0,0.008179842960165273
1757519999999,10250.025676323732,10250.025676323732,0.0,0,0.008179842960165273
1757534399999,10250.025676323732,10250.025676323732,0.0,0,0.008179842960165273
1757548799999,10250.025676323732,10250.025676323732,0.0,0,0.008179842960165273
1757563199999,10250.025676323732,10250.025676323732,0.0,0,0.008179842960165273
1757577599999,10250.025676323732,10250.025676323732,0.0,0,0.008179842960165273
1757591999999,10250.025676323732,10250.025676323732,0.0,0,0.008179842960165273
1757606399999,10250.025676323732,10250.025676323732,0.0,0,0.008179842960165273
1757620799999,10250.025676323732,10250.025676323732,0.0,0,0.008179842960165273
1757635199999,10250.025676323732,10250.025676323732,0.0,0,0.008179842960165273
1757649599999,10250.025676323732,10250.025676323732,0.0,0,0.008179842960165273
1757663999999,10250.025676323732,10250.025676323732,0.0,0,0.008179842960165273
1757678399999,10250.025676323732,10250.025676323732,0.0,0,0.008179842960165273
1757692799999,10250.025676323732,10250.025676323732,0.0,0,0.008179842960165273
1757707199999,10250.025676323732,10250.025676323732,0.0,0,0.008179842960165273
1757721599999,10250.025676323732,10250.025676323732,0.0,0,0.008179842960165273
1757735999999,10199.988176323732,10250.647936410973,54.525627044711015,1,0.0081196313941716
1757750399999,10199.988176323732,10250.478906967133,54.525627044711015,1,0.008135987139496259
1757764799999,10199.988176323732,10251.787522016208,54.525627044711015,1,0.00800936201440261
1757779199999,10199.988176323732,10251.116856803557,54.525627044711015,1,0.008074257391013084
1757793599999,10199.988176323732,10250.500717217952,54.525627044711015,1,0.008133876720744615
1757807999999,10199.988176323732,10250.664294099086,54.525627044711015,1,0.008118048580108006
1757822399999,10199.988176323732,10249.988176323732,54.525627044711015,1,0.008183471561406308
1757836799999,10199.988176323732,10249.917293008573,54.525627044711015,1,0.008190330422348846
1757851199999,10199.988176323732,10249.197554731583,54.525627044711015,1,0.008259974241150325
1757865599999,10199.988176323732,10248.325144698869,54.525627044711015,1,0.008344390991212536
1757879999999,10199.988176323732,10248.47236389189,54.525627044711015,1,0.008330145664639521
1757894399999,10199.988176323732,10248.401480576731,54.525627044711015,1,0.00833700452558217
1757908799999,10199.988176323732,10248.744992027112,54.525627044711015,1,0.008303765430245136
1757923199999,10199.988176323732,10247.856224306284,54.525627044711015,1,0.008389764994371052
1757937599999,10247.814874797014,10247.814874797014,0.0,0,0.008393766084521803
1757951999999,10247.814874797014,10247.814874797014,0.0,0,0.008393766084521803
1757966399999,10247.814874797014,10247.814874797014,0.0,0,0.008393766084521803
1757980799999,10247.814874797014,10247.814874797014,0.0,0,0.008393766084521803
1757995199999,10247.814874797014,10247.814874797014,0.0,0,0.008393766084521803
1758009599999,10247.814874797014,10247.814874797014,0.0,0,0.008393766084521803
1758023999999,10247.814874797014,10247.814874797014,0.0,0,0.008393766084521803
1758038399999,10247.814874797014,10247.814874797014,0.0,0,0.008393766084521803
1758052799999,10247.814874797014,10247.814874797014,0.0,0,0.008393766084521803
1758067199999,10247.814874797014,10247.814874797014,0.0,0,0.008393766084521803
1758081599999,10247.814874797014,10247.814874797014,0.0,0,0.008393766084521803
1758095999999,10247.814874797014,10247.814874797014,0.0,0,0.008393766084521803
1758110399999,10247.814874797014,10247.814874797014,0.0,0,0.008393766084521803
1758124799999,10247.814874797014,10247.814874797014,0.0,0,0.008393766084521803
1758139199999,10247.814874797014,10247.814874797014,0.0,0,0.008393766084521803
1758153599999,10247.814874797014,10247.814874797014,0.0,0,0.008393766084521803
1758167999999,10197.777374797013,10247.99624106972,54.71656817684395,1,0.008376216594329411
1758182399999,10197.777374797013,10247.470962015223,54.71656817684395,1,0.00842704401376948
1758196799999,10197.777374797013,10247.766431483378,54.71656817684395,1,0.00839845359033442
1758211199999,10197.777374797013,10248.505105153765,54.71656817684395,1,0.008326977531746937
1758225599999,10147.739874797013,10248.788095499212,108.65400075505323,2,0.008299594621915762
1758239999999,10147.739874797013,10248.179633094984,108.65400075505323,2,0.008358471086850727
1758254399999,10147.739874797013,10247.63636309121,108.65400075505323,2,0.008411039359114025
1758268799999,10147.739874797013,10245.995687679808,108.65400075505323,2,0.008569795541349401
1758283199999,10147.739874797013,10245.115590273692,108.65400075505323,2,0.00865495614241607
1758297599999,10147.739874797013,10245.202513474296,108.65400075505323,2,0.008646545218853885
1758311999999,10147.739874797013,10244.95260927256,108.65400075505323,2,0.008670726624095071
1758326399999,10244.879699721703,10244.879699721703,0.0,0,0.00867778154907406
1758340799999,10244.879699721703,10244.879699721703,0.0,0,0.00867778154907406
1758355199999,10244.879699721703,10244.879699721703,0.0,0,0.00867778154907406
1758369599999,10244.879699721703,10244.879699721703,0.0,0,0.00867778154907406
1758383999999,10244.879699721703,10244.879699721703,0.0,0,0.00867778154907406
1758398399999,10244.879699721703,10244.879699721703,0.0,0,0.00867778154907406
1758412799999,10244.879699721703,10244.879699721703,0.0,0,0.00867778154907406
1758427199999,10244.879699721703,10244.879699721703,0.0,0,0.00867778154907406
1758441599999,10244.879699721703,10244.879699721703,0.0,0,0.00867778154907406
1758455999999,10244.879699721703,10244.879699721703,0.0,0,0.00867778154907406
1758470399999,10244.879699721703,10244.879699721703,0.0,0,0.00867778154907406
1758484799999,10244.879699721703,10244.879699721703,0.0,0,0.00867778154907406
1758499199999,10244.879699721703,10244.879699721703,0.0,0,0.00867778154907406
1758513599999,10244.879699721703,10244.879699721703,0.0,0,0.00867778154907406
1758527999999,10244.879699721703,10244.879699721703,0.0,0,0.00867778154907406
1758542399999,10244.879699721703,10244.879699721703,0.0,0,0.00867778154907406
1758556799999,10244.879699721703,10244.879699721703,0.0,0,0.00867778154907406
1758571199999,10244.879699721703,10244.879699721703,0.0,0,0.00867778154907406
1758585599999,10244.879699721703,10244.879699721703,0.0,0,0.00867778154907406
1758599999999,10244.879699721703,10244.879699721703,0.0,0,0.00867778154907406
1758614399999,10244.879699721703,10244.879699721703,0.0,0,0.00867778154907406
1758628799999,10244.879699721703,10244.879699721703,0.0,0,0.00867778154907406
1758643199999,10244.879699721703,10244.879699721703,0.0,0,0.00867778154907406
1758657599999,10244.879699721703,10244.879699721703,0.0,0,0.00867778154907406
1758671999999,10244.879699721703,10244.879699721703,0.0,0,0.00867778154907406
1758686399999,10244.879699721703,10244.879699721703,0.0,0,0.00867778154907406
1758700799999,10244.879699721703,10244.879699721703,0.0,0,0.00867778154907406
1758715199999,10244.879699721703,10244.879699721703,0.0,0,0.00867778154907406
1758729599999,10244.879699721703,10244.879699721703,0.0,0,0.00867778154907406
1758743999999,10244.879699721703,10244.879699721703,0.0,0,0.00867778154907406
1758758399999,10244.879699721703,10244.879699721703,0.0,0,0.00867778154907406
1758772799999,10244.879699721703,10244.879699721703,0.0,0,0.00867778154907406
1758787199999,10244.879699721703,10244.879699721703,0.0,0,0.00867778154907406
1758801599999,10244.879699721703,10244.879699721703,0.0,0,0.00867778154907406
1758815999999,10244.879699721703,10244.879699721703,0.0,0,0.00867778154907406
1758830399999,10244.879699721703,10244.879699721703,0.0,0,0.00867778154907406
1758844799999,10244.879699721703,10244.879699721703,0.0,0,0.00867778154907406
1758859199999,10244.879699721703,10244.879699721703,0.0,0,0.00867778154907406
1758873599999,10244.879699721703,10244.879699721703,0.0,0,0.00867778154907406
1758887999999,10244.879699721703,10244.879699721703,0.0,0,0.00867778154907406
1758902399999,10244.879699721703,10244.879699721703,0.0,0,0.00867778154907406
1758916799999,10244.879699721703,10244.879699721703,0.0,0,0.00867778154907406
1758931199999,10244.879699721703,10244.879699721703,0.0,0,0.00867778154907406
1758945599999,10244.879699721703,10244.879699721703,0.0,0,0.00867778154907406
1758959999999,10244.879699721703,10244.879699721703,0.0,0,0.00867778154907406
1758974399999,10244.879699721703,10244.879699721703,0.0,0,0.00867778154907406
1758988799999,10244.879699721703,10244.879699721703,0.0,0,0.00867778154907406
1759003199999,10244.879699721703,10244.879699721703,0.0,0,0.00867778154907406
1759017599999,10244.879699721703,10244.879699721703,0.0,0,0.00867778154907406
1759031999999,10244.879699721703,10244.879699721703,0.0,0,0.00867778154907406
1759046399999,10244.879699721703,10244.879699721703,0.0,0,0.00867778154907406
1759060799999,10244.879699721703,10244.879699721703,0.0,0,0.00867778154907406
1759075199999,10244.879699721703,10244.879699721703,0.0,0,0.00867778154907406
1759089599999,10244.879699721703,10244.879699721703,0.0,0,0.00867778154907406
1759103999999,10244.879699721703,10244.879699721703,0.0,0,0.00867778154907406
1759118399999,10244.879699721703,10244.879699721703,0.0,0,0.00867778154907406
1759132799999,10244.879699721703,10244.879699721703,0.0,0,0.00867778154907406
1759147199999,10244.879699721703,10244.879699721703,0.0,0,0.00867778154907406
1759161599999,10244.879699721703,10244.879699721703,0.0,0,0.00867778154907406
1759175999999,10244.879699721703,10244.879699721703,0.0,0,0.00867778154907406
1759190399999,10244.879699721703,10244.879699721703,0.0,0,0.00867778154907406
1759204799999,10244.879699721703,10244.879699721703,0.0,0,0.00867778154907406
1759219199999,10244.879699721703,10244.879699721703,0.0,0,0.00867778154907406
1759233599999,10244.879699721703,10244.879699721703,0.0,0,0.00867778154907406
1759247999999,10244.879699721703,10244.879699721703,0.0,0,0.00867778154907406
1759262399999,10244.879699721703,10244.879699721703,0.0,0,0.00867778154907406
1759276799999,10244.879699721703,10244.879699721703,0.0,0,0.00867778154907406
1759291199999,10244.879699721703,10244.879699721703,0.0,0,0.00867778154907406
1759305599999,10244.879699721703,10244.879699721703,0.0,0,0.00867778154907406
1759319999999,10244.879699721703,10244.879699721703,0.0,0,0.00867778154907406
1759334399999,10244.879699721703,10244.879699721703,0.0,0,0.00867778154907406
1759348799999,10244.879699721703,10244.879699721703,0.0,0,0.00867778154907406
1759363199999,10244.879699721703,10244.879699721703,0.0,0,0.00867778154907406
1759377599999,10244.879699721703,10244.879699721703,0.0,0,0.00867778154907406
1759391999999,10244.879699721703,10244.879699721703,0.0,0,0.00867778154907406
1759406399999,10244.879699721703,10244.879699721703,0.0,0,0.00867778154907406
1759420799999,10244.879699721703,10244.879699721703,0.0,0,0.00867778154907406
1759435199999,10244.879699721703,10244.879699721703,0.0,0,0.00867778154907406
1759449599999,10194.842199721703,10244.624907864429,57.182067703568165,1,0.008702435897060545
1759463999999,10194.842199721703,10244.121705668638,57.182067703568165,1,0.008751127100049882
1759478399999,10194.842199721703,10243.84723174366,57.182067703568165,1,0.008777685938044177
1759492799999,10194.842199721703,10243.68712195409,57.182067703568165,1,0.008793178593540896
1759507199999,10194.842199721703,10244.785017654,57.182067703568165,1,0.008686943241563827
1759521599999,10194.842199721703,10244.602035037347,57.182067703568165,1,0.00870464913356006
1759535999999,10194.842199721703,10244.33327931914,57.182067703568165,1,0.008730654662429504
1759550399999,10194.842199721703,10243.704276574403,57.182067703568165,1,0.00879151866616601
1759564799999,10194.842199721703,10243.589912438994,57.182067703568165,1,0.008802584848663808
1759579199999,10243.559065572572,10243.559065572572,0.0,0,0.00880556967473789
1759593599999,10243.559065572572,10243.559065572572,0.0,0,0.00880556967473789
1759607999999,10243.559065572572,10243.559065572572,0.0,0,0.00880556967473789
1759622399999,10243.559065572572,10243.559065572572,0.0,0,0.00880556967473789
1759636799999,10243.559065572572,10243.559065572572,0.0,0,0.00880556967473789
1759651199999,10243.559065572572,10243.559065572572,0.0,0,0.00880556967473789
1759665599999,10243.559065572572,10243.559065572572,0.0,0,0.00880556967473789
1759679999999,10243.559065572572,10243.559065572572,0.0,0,0.00880556967473789
1759694399999,10243.559065572572,10243.559065572572,0.0,0,0.00880556967473789
1759708799999,10243.559065572572,10243.559065572572,0.0,0,0.00880556967473789
1759723199999,10243.559065572572,10243.559065572572,0.0,0,0.00880556967473789
1759737599999,10243.559065572572,10243.559065572572,0.0,0,0.00880556967473789
1759751999999,10243.559065572572,10243.559065572572,0.0,0,0.00880556967473789
1759766399999,10243.559065572572,10243.559065572572,0.0,0,0.00880556967473789
1759780799999,10243.559065572572,10243.559065572572,0.0,0,0.00880556967473789
1759795199999,10243.559065572572,10243.559065572572,0.0,0,0.00880556967473789
1759809599999,10243.559065572572,10243.559065572572,0.0,0,0.00880556967473789
1759823999999,10243.559065572572,10243.559065572572,0.0,0,0.00880556967473789
1759838399999,10243.559065572572,10243.559065572572,0.0,0,0.00880556967473789
1759852799999,10243.559065572572,10243.559065572572,0.0,0,0.00880556967473789
1759867199999,10243.559065572572,10243.559065572572,0.0,0,0.00880556967473789
1759881599999,10243.559065572572,10243.559065572572,0.0,0,0.00880556967473789
1759895999999,10243.559065572572,10243.559065572572,0.0,0,0.00880556967473789
1759910399999,10243.559065572572,10243.559065572572,0.0,0,0.00880556967473789
1759924799999,10243.559065572572,10243.559065572572,0.0,0,0.00880556967473789
1759939199999,10243.559065572572,10243.559065572572,0.0,0,0.00880556967473789
1759953599999,10243.559065572572,10243.559065572572,0.0,0,0.00880556967473789
1759967999999,10243.559065572572,10243.559065572572,0.0,0,0.00880556967473789
1759982399999,10243.559065572572,10243.559065572572,0.0,0,0.00880556967473789
1759996799999,10243.559065572572,10243.559065572572,0.0,0,0.00880556967473789
1760011199999,10243.559065572572,10243.559065572572,0.0,0,0.00880556967473789
1760025599999,10243.559065572572,10243.559065572572,0.0,0,0.00880556967473789
1760039999999,10243.559065572572,10243.559065572572,0.0,0,0.00880556967473789
1760054399999,10243.559065572572,10243.559065572572,0.0,0,0.00880556967473789
1760068799999,10243.559065572572,10243.559065572572,0.0,0,0.00880556967473789
1760083199999,10243.559065572572,10243.559065572572,0.0,0,0.00880556967473789
1760097599999,10243.559065572572,10243.559065572572,0.0,0,0.00880556967473789
1760111999999,10243.559065572572,10243.559065572572,0.0,0,0.00880556967473789
1760126399999,10243.559065572572,10243.559065572572,0.0,0,0.00880556967473789
1760140799999,10243.559065572572,10243.559065572572,0.0,0,0.00880556967473789
1760155199999,10243.559065572572,10243.559065572572,0.0,0,0.00880556967473789
1760169599999,10243.559065572572,10243.559065572572,0.0,0,0.00880556967473789
1760183999999,10243.559065572572,10243.559065572572,0.0,0,0.00880556967473789
1760198399999,10243.559065572572,10243.559065572572,0.0,0,0.00880556967473789
1760212799999,10243.559065572572,10243.559065572572,0.0,0,0.00880556967473789
1760227199999,10243.559065572572,10243.559065572572,0.0,0,0.00880556967473789
1760241599999,10243.559065572572,10243.559065572572,0.0,0,0.00880556967473789
1760255999999,10243.559065572572,10243.559065572572,0.0,0,0.00880556967473789
1760270399999,10243.559065572572,10243.559065572572,0.0,0,0.00880556967473789
1760284799999,10243.559065572572,10243.559065572572,0.0,0,0.00880556967473789
1760299199999,10243.559065572572,10243.559065572572,0.0,0,0.00880556967473789
1760313599999,10243.559065572572,10243.559065572572,0.0,0,0.00880556967473789
1760327999999,10243.559065572572,10243.559065572572,0.0,0,0.00880556967473789
1760342399999,10243.559065572572,10243.559065572572,0.0,0,0.00880556967473789
1760356799999,10243.559065572572,10243.559065572572,0.0,0,0.00880556967473789
1760371199999,10243.559065572572,10243.559065572572,0.0,0,0.00880556967473789
1760385599999,10243.559065572572,10243.559065572572,0.0,0,0.00880556967473789
1760399999999,10243.559065572572,10243.559065572572,0.0,0,0.00880556967473789
1760414399999,10243.559065572572,10243.559065572572,0.0,0,0.00880556967473789
1760428799999,10243.559065572572,10243.559065572572,0.0,0,0.00880556967473789
1760443199999,10243.559065572572,10243.559065572572,0.0,0,0.00880556967473789
1760457599999,10243.559065572572,10243.559065572572,0.0,0,0.00880556967473789
1760471999999,10243.559065572572,10243.559065572572,0.0,0,0.00880556967473789
1760486399999,10243.559065572572,10243.559065572572,0.0,0,0.00880556967473789
1760500799999,10243.559065572572,10243.559065572572,0.0,0,0.00880556967473789
1760515199999,10243.559065572572,10243.559065572572,0.0,0,0.00880556967473789
1760529599999,10243.559065572572,10243.559065572572,0.0,0,0.00880556967473789
1760543999999,10243.559065572572,10243.559065572572,0.0,0,0.00880556967473789
1760558399999,10243.559065572572,10243.559065572572,0.0,0,0.00880556967473789
1760572799999,10243.559065572572,10243.559065572572,0.0,0,0.00880556967473789
1760587199999,10243.559065572572,10243.559065572572,0.0,0,0.00880556967473789
1760601599999,10243.559065572572,10243.559065572572,0.0,0,0.00880556967473789
1760615999999,10243.559065572572,10243.559065572572,0.0,0,0.00880556967473789
1760630399999,10243.559065572572,10243.559065572572,0.0,0,0.00880556967473789
1760644799999,10243.559065572572,10243.559065572572,0.0,0,0.00880556967473789
1760659199999,10243.559065572572,10243.559065572572,0.0,0,0.00880556967473789
1760673599999,10243.559065572572,10243.559065572572,0.0,0,0.00880556967473789
1760687999999,10243.559065572572,10243.559065572572,0.0,0,0.00880556967473789
1760702399999,10243.559065572572,10243.559065572572,0.0,0,0.00880556967473789
1760716799999,10243.559065572572,10243.559065572572,0.0,0,0.00880556967473789
1760731199999,10243.559065572572,10243.559065572572,0.0,0,0.00880556967473789
1760745599999,10243.559065572572,10243.559065572572,0.0,0,0.00880556967473789
1760759999999,10243.559065572572,10243.559065572572,0.0,0,0.00880556967473789
1760774399999,10243.559065572572,10243.559065572572,0.0,0,0.00880556967473789
1760788799999,10243.559065572572,10243.559065572572,0.0,0,0.00880556967473789
1760803199999,10243.559065572572,10243.559065572572,0.0,0,0.00880556967473789
1760817599999,10243.559065572572,10243.559065572572,0.0,0,0.00880556967473789
1760831999999,10243.559065572572,10243.559065572572,0.0,0,0.00880556967473789
1760846399999,10243.559065572572,10243.559065572572,0.0,0,0.00880556967473789
1760860799999,10243.559065572572,10243.559065572572,0.0,0,0.00880556967473789
1760875199999,10243.559065572572,10243.559065572572,0.0,0,0.00880556967473789
1760889599999,10243.559065572572,10243.559065572572,0.0,0,0.00880556967473789
1760903999999,10243.559065572572,10243.559065572572,0.0,0,0.00880556967473789
1760918399999,10243.559065572572,10243.559065572572,0.0,0,0.00880556967473789
1760932799999,10243.559065572572,10243.559065572572,0.0,0,0.00880556967473789
1760947199999,10243.559065572572,10243.559065572572,0.0,0,0.00880556967473789
1760961599999,10243.559065572572,10243.559065572572,0.0,0,0.00880556967473789
1760975999999,10243.559065572572,10243.559065572572,0.0,0,0.00880556967473789
1760990399999,10243.559065572572,10243.559065572572,0.0,0,0.00880556967473789
1761004799999,10243.559065572572,10243.559065572572,0.0,0,0.00880556967473789
1761019199999,10243.559065572572,10243.559065572572,0.0,0,0.00880556967473789
1761033599999,10243.559065572572,10243.559065572572,0.0,0,0.00880556967473789
1761047999999,10243.559065572572,10243.559065572572,0.0,0,0.00880556967473789
1761062399999,10243.559065572572,10243.559065572572,0.0,0,0.00880556967473789
1761076799999,10243.559065572572,10243.559065572572,0.0,0,0.00880556967473789
1761091199999,10243.559065572572,10243.559065572572,0.0,0,0.00880556967473789
1761105599999,10243.559065572572,10243.559065572572,0.0,0,0.00880556967473789
1761119999999,10243.559065572572,10243.559065572572,0.0,0,0.00880556967473789
1761134399999,10243.559065572572,10243.559065572572,0.0,0,0.00880556967473789
1761148799999,10243.559065572572,10243.559065572572,0.0,0,0.00880556967473789
1761163199999,10243.559065572572,10243.559065572572,0.0,0,0.00880556967473789
1761177599999,10243.559065572572,10243.559065572572,0.0,0,0.00880556967473789
1761191999999,10243.559065572572,10243.559065572572,0.0,0,0.00880556967473789
1761206399999,10243.559065572572,10243.559065572572,0.0,0,0.00880556967473789
1761220799999,10243.559065572572,10243.559065572572,0.0,0,0.00880556967473789
1761235199999,10243.559065572572,10243.559065572572,0.0,0,0.00880556967473789
1761249599999,10243.559065572572,10243.559065572572,0.0,0,0.00880556967473789
1761263999999,10243.559065572572,10243.559065572572,0.0,0,0.00880556967473789
1761278399999,10243.559065572572,10243.559065572572,0.0,0,0.00880556967473789
1761292799999,10243.559065572572,10243.559065572572,0.0,0,0.00880556967473789
1761307199999,10243.559065572572,10243.559065572572,0.0,0,0.00880556967473789
1761321599999,10243.559065572572,10243.559065572572,0.0,0,0.00880556967473789
1761335999999,10243.559065572572,10243.559065572572,0.0,0,0.00880556967473789
1761350399999,10243.559065572572,10243.559065572572,0.0,0,0.00880556967473789
1761364799999,10243.559065572572,10243.559065572572,0.0,0,0.00880556967473789
1761379199999,10243.559065572572,10243.559065572572,0.0,0,0.00880556967473789
1761393599999,10243.559065572572,10243.559065572572,0.0,0,0.00880556967473789
1761407999999,10243.559065572572,10243.559065572572,0.0,0,0.00880556967473789
1761422399999,10243.559065572572,10243.559065572572,0.0,0,0.00880556967473789
1761436799999,10243.559065572572,10243.559065572572,0.0,0,0.00880556967473789
1761451199999,10243.559065572572,10243.559065572572,0.0,0,0.00880556967473789
1761465599999,10243.559065572572,10243.559065572572,0.0,0,0.00880556967473789
1761479999999,10243.559065572572,10243.559065572572,0.0,0,0.00880556967473789
1761494399999,10243.559065572572,10243.559065572572,0.0,0,0.00880556967473789
1761508799999,10243.559065572572,10243.559065572572,0.0,0,0.00880556967473789
1761523199999,10243.559065572572,10243.559065572572,0.0,0,0.00880556967473789
1761537599999,10243.559065572572,10243.559065572572,0.0,0,0.00880556967473789
1761551999999,10243.559065572572,10243.559065572572,0.0,0,0.00880556967473789
1761566399999,10243.559065572572,10243.559065572572,0.0,0,0.00880556967473789
1761580799999,10243.559065572572,10243.559065572572,0.0,0,0.00880556967473789
1761595199999,10243.559065572572,10243.559065572572,0.0,0,0.00880556967473789
1761609599999,10243.559065572572,10243.559065572572,0.0,0,0.00880556967473789
1761623999999,10243.559065572572,10243.559065572572,0.0,0,0.00880556967473789
1761638399999,10243.559065572572,10243.559065572572,0.0,0,0.00880556967473789
1761652799999,10243.559065572572,10243.559065572572,0.0,0,0.00880556967473789
1761667199999,10243.559065572572,10243.559065572572,0.0,0,0.00880556967473789
1761681599999,10243.559065572572,10243.559065572572,0.0,0,0.00880556967473789
1761695999999,10243.559065572572,10243.559065572572,0.0,0,0.00880556967473789
1761710399999,10243.559065572572,10243.559065572572,0.0,0,0.00880556967473789
1761724799999,10243.559065572572,10243.559065572572,0.0,0,0.00880556967473789
1761739199999,10243.559065572572,10243.559065572572,0.0,0,0.00880556967473789
1761753599999,10243.559065572572,10243.559065572572,0.0,0,0.00880556967473789
1761767999999,10243.559065572572,10243.559065572572,0.0,0,0.00880556967473789
1761782399999,10243.559065572572,10243.559065572572,0.0,0,0.00880556967473789
1761796799999,10243.559065572572,10243.559065572572,0.0,0,0.00880556967473789
1761811199999,10243.559065572572,10243.559065572572,0.0,0,0.00880556967473789
1761825599999,10243.559065572572,10243.559065572572,0.0,0,0.00880556967473789
1761839999999,10243.559065572572,10243.559065572572,0.0,0,0.00880556967473789
1761854399999,10243.559065572572,10243.559065572572,0.0,0,0.00880556967473789
1761868799999,10243.559065572572,10243.559065572572,0.0,0,0.00880556967473789
1761883199999,10243.559065572572,10243.559065572572,0.0,0,0.00880556967473789
1761897599999,10243.559065572572,10243.559065572572,0.0,0,0.00880556967473789
1761911999999,10243.559065572572,10243.559065572572,0.0,0,0.00880556967473789
1761926399999,10243.559065572572,10243.559065572572,0.0,0,0.00880556967473789
1761940799999,10243.559065572572,10243.559065572572,0.0,0,0.00880556967473789
1761955199999,10243.559065572572,10243.559065572572,0.0,0,0.00880556967473789
1761969599999,10243.559065572572,10243.559065572572,0.0,0,0.00880556967473789
1761983999999,10243.559065572572,10243.559065572572,0.0,0,0.00880556967473789
1761998399999,10243.559065572572,10243.559065572572,0.0,0,0.00880556967473789
1762012799999,10243.559065572572,10243.559065572572,0.0,0,0.00880556967473789
1762027199999,10243.559065572572,10243.559065572572,0.0,0,0.00880556967473789
1762041599999,10243.559065572572,10243.559065572572,0.0,0,0.00880556967473789
1762055999999,10243.559065572572,10243.559065572572,0.0,0,0.00880556967473789
1762070399999,10243.559065572572,10243.559065572572,0.0,0,0.00880556967473789
1762084799999,10243.559065572572,10243.559065572572,0.0,0,0.00880556967473789
1762099199999,10243.559065572572,10243.559065572572,0.0,0,0.00880556967473789
1762113599999,10243.559065572572,10243.559065572572,0.0,0,0.00880556967473789
1762127999999,10243.559065572572,10243.559065572572,0.0,0,0.00880556967473789
1762142399999,10243.559065572572,10243.559065572572,0.0,0,0.00880556967473789
1762156799999,10243.559065572572,10243.559065572572,0.0,0,0.00880556967473789
1762171199999,10243.559065572572,10243.559065572572,0.0,0,0.00880556967473789
1762185599999,10243.559065572572,10243.559065572572,0.0,0,0.00880556967473789
1762199999999,10243.559065572572,10243.559065572572,0.0,0,0.00880556967473789
1762214399999,10243.559065572572,10243.559065572572,0.0,0,0.00880556967473789
1762228799999,10243.559065572572,10243.559065572572,0.0,0,0.00880556967473789
1762243199999,10243.559065572572,10243.559065572572,0.0,0,0.00880556967473789
1762257599999,10243.559065572572,10243.559065572572,0.0,0,0.00880556967473789
1762271999999,10243.559065572572,10243.559065572572,0.0,0,0.00880556967473789
1762286399999,10243.559065572572,10243.559065572572,0.0,0,0.00880556967473789
1762300799999,10243.559065572572,10243.559065572572,0.0,0,0.00880556967473789
1762315199999,10243.559065572572,10243.559065572572,0.0,0,0.00880556967473789
1762329599999,10243.559065572572,10243.559065572572,0.0,0,0.00880556967473789
1762343999999,10243.559065572572,10243.559065572572,0.0,0,0.00880556967473789
1762358399999,10243.559065572572,10243.559065572572,0.0,0,0.00880556967473789
1762372799999,10243.559065572572,10243.559065572572,0.0,0,0.00880556967473789
1762387199999,10243.559065572572,10243.559065572572,0.0,0,0.00880556967473789
1762401599999,10243.559065572572,10243.559065572572,0.0,0,0.00880556967473789
1762415999999,10243.559065572572,10243.559065572572,0.0,0,0.00880556967473789
1762430399999,10243.559065572572,10243.559065572572,0.0,0,0.00880556967473789
1762444799999,10243.559065572572,10243.559065572572,0.0,0,0.00880556967473789
1762459199999,10243.559065572572,10243.559065572572,0.0,0,0.00880556967473789
1762473599999,10243.559065572572,10243.559065572572,0.0,0,0.00880556967473789
1762487999999,10243.559065572572,10243.559065572572,0.0,0,0.00880556967473789
1762502399999,10243.559065572572,10243.559065572572,0.0,0,0.00880556967473789
1762516799999,10243.559065572572,10243.559065572572,0.0,0,0.00880556967473789
1762531199999,10243.559065572572,10243.559065572572,0.0,0,0.00880556967473789
1762545599999,10243.559065572572,10243.559065572572,0.0,0,0.00880556967473789
1762559999999,10243.559065572572,10243.559065572572,0.0,0,0.00880556967473789
1762574399999,10243.559065572572,10243.559065572572,0.0,0,0.00880556967473789
1762588799999,10243.559065572572,10243.559065572572,0.0,0,0.00880556967473789
1762603199999,10243.559065572572,10243.559065572572,0.0,0,0.00880556967473789
1762617599999,10243.559065572572,10243.559065572572,0.0,0,0.00880556967473789
1762631999999,10243.559065572572,10243.559065572572,0.0,0,0.00880556967473789
1762646399999,10243.559065572572,10243.559065572572,0.0,0,0.00880556967473789
1762660799999,10243.559065572572,10243.559065572572,0.0,0,0.00880556967473789
1762675199999,10243.559065572572,10243.559065572572,0.0,0,0.00880556967473789
1762689599999,10243.559065572572,10243.559065572572,0.0,0,0.00880556967473789
1762703999999,10243.559065572572,10243.559065572572,0.0,0,0.00880556967473789
1762718399999,10243.559065572572,10243.559065572572,0.0,0,0.00880556967473789
1762732799999,10243.559065572572,10243.559065572572,0.0,0,0.00880556967473789
1762747199999,10243.559065572572,10243.559065572572,0.0,0,0.00880556967473789
1762761599999,10243.559065572572,10243.559065572572,0.0,0,0.00880556967473789
1762775999999,10243.559065572572,10243.559065572572,0.0,0,0.00880556967473789
1762790399999,10243.559065572572,10243.559065572572,0.0,0,0.00880556967473789
1762804799999,10243.559065572572,10243.559065572572,0.0,0,0.00880556967473789
1762819199999,10243.559065572572,10243.559065572572,0.0,0,0.00880556967473789
1762833599999,10243.559065572572,10243.559065572572,0.0,0,0.00880556967473789
1762847999999,10243.559065572572,10243.559065572572,0.0,0,0.00880556967473789
1762862399999,10243.559065572572,10243.559065572572,0.0,0,0.00880556967473789
1762876799999,10243.559065572572,10243.559065572572,0.0,0,0.00880556967473789
1762891199999,10243.559065572572,10243.559065572572,0.0,0,0.00880556967473789
1762905599999,10243.559065572572,10243.559065572572,0.0,0,0.00880556967473789
1762919999999,10243.559065572572,10243.559065572572,0.0,0,0.00880556967473789
1762934399999,10243.559065572572,10243.559065572572,0.0,0,0.00880556967473789
1762948799999,10243.559065572572,10243.559065572572,0.0,0,0.00880556967473789
1762963199999,10243.559065572572,10243.559065572572,0.0,0,0.00880556967473789
1762977599999,10243.559065572572,10243.559065572572,0.0,0,0.00880556967473789
1762991999999,10243.559065572572,10243.559065572572,0.0,0,0.00880556967473789
1763006399999,10243.559065572572,10243.559065572572,0.0,0,0.00880556967473789
1763020799999,10243.559065572572,10243.559065572572,0.0,0,0.00880556967473789
1763035199999,10243.559065572572,10243.559065572572,0.0,0,0.00880556967473789
1763049599999,10243.559065572572,10243.559065572572,0.0,0,0.00880556967473789
1763063999999,10243.559065572572,10243.559065572572,0.0,0,0.00880556967473789
1763078399999,10243.559065572572,10243.559065572572,0.0,0,0.00880556967473789
1763092799999,10243.559065572572,10243.559065572572,0.0,0,0.00880556967473789
1763107199999,10243.559065572572,10243.559065572572,0.0,0,0.00880556967473789
1763121599999,10243.559065572572,10243.559065572572,0.0,0,0.00880556967473789
1763135999999,10243.559065572572,10243.559065572572,0.0,0,0.00880556967473789
1763150399999,10243.559065572572,10243.559065572572,0.0,0,0.00880556967473789
1763164799999,10243.559065572572,10243.559065572572,0.0,0,0.00880556967473789
1763179199999,10243.559065572572,10243.559065572572,0.0,0,0.00880556967473789
1763193599999,10243.559065572572,10243.559065572572,0.0,0,0.00880556967473789
1763207999999,10243.559065572572,10243.559065572572,0.0,0,0.00880556967473789
1763222399999,10243.559065572572,10243.559065572572,0.0,0,0.00880556967473789
1763236799999,10243.559065572572,10243.559065572572,0.0,0,0.00880556967473789
1763251199999,10243.559065572572,10243.559065572572,0.0,0,0.00880556967473789
1763265599999,10243.559065572572,10243.559065572572,0.0,0,0.00880556967473789
1763279999999,10243.559065572572,10243.559065572572,0.0,0,0.00880556967473789
1763294399999,10243.559065572572,10243.559065572572,0.0,0,0.00880556967473789
1763308799999,10243.559065572572,10243.559065572572,0.0,0,0.00880556967473789
1763323199999,10243.559065572572,10243.559065572572,0.0,0,0.00880556967473789
1763337599999,10243.559065572572,10243.559065572572,0.0,0,0.00880556967473789
1763351999999,10243.559065572572,10243.559065572572,0.0,0,0.00880556967473789
1763366399999,10243.559065572572,10243.559065572572,0.0,0,0.00880556967473789
1763380799999,10243.559065572572,10243.559065572572,0.0,0,0.00880556967473789
1763395199999,10243.559065572572,10243.559065572572,0.0,0,0.00880556967473789
1763409599999,10243.559065572572,10243.559065572572,0.0,0,0.00880556967473789
1763423999999,10243.559065572572,10243.559065572572,0.0,0,0.00880556967473789
1763438399999,10243.559065572572,10243.559065572572,0.0,0,0.00880556967473789
1763452799999,10243.559065572572,10243.559065572572,0.0,0,0.00880556967473789
1763467199999,10243.559065572572,10243.559065572572,0.0,0,0.00880556967473789
1763481599999,10243.559065572572,10243.559065572572,0.0,0,0.00880556967473789
1763495999999,10243.559065572572,10243.559065572572,0.0,0,0.00880556967473789
1763510399999,10243.559065572572,10243.559065572572,0.0,0,0.00880556967473789
1763524799999,10243.559065572572,10243.559065572572,0.0,0,0.00880556967473789
1763539199999,10243.559065572572,10243.559065572572,0.0,0,0.00880556967473789
1763553599999,10243.559065572572,10243.559065572572,0.0,0,0.00880556967473789
1763567999999,10243.559065572572,10243.559065572572,0.0,0,0.00880556967473789
1763582399999,10243.559065572572,10243.559065572572,0.0,0,0.00880556967473789
1763596799999,10243.559065572572,10243.559065572572,0.0,0,0.00880556967473789
1763611199999,10243.559065572572,10243.559065572572,0.0,0,0.00880556967473789
1763625599999,10243.559065572572,10243.559065572572,0.0,0,0.00880556967473789
1763639999999,10243.559065572572,10243.559065572572,0.0,0,0.00880556967473789
1763654399999,10243.559065572572,10243.559065572572,0.0,0,0.00880556967473789
1763668799999,10243.559065572572,10243.559065572572,0.0,0,0.00880556967473789
1763683199999,10243.559065572572,10243.559065572572,0.0,0,0.00880556967473789
1763697599999,10243.559065572572,10243.559065572572,0.0,0,0.00880556967473789
1763711999999,10243.559065572572,10243.559065572572,0.0,0,0.00880556967473789
1763726399999,10243.559065572572,10243.559065572572,0.0,0,0.00880556967473789
1763740799999,10243.559065572572,10243.559065572572,0.0,0,0.00880556967473789
1763755199999,10243.559065572572,10243.559065572572,0.0,0,0.00880556967473789
1763769599999,10243.559065572572,10243.559065572572,0.0,0,0.00880556967473789
1763783999999,10243.559065572572,10243.559065572572,0.0,0,0.00880556967473789
1763798399999,10243.559065572572,10243.559065572572,0.0,0,0.00880556967473789
1763812799999,10243.559065572572,10243.559065572572,0.0,0,0.00880556967473789
1763827199999,10243.559065572572,10243.559065572572,0.0,0,0.00880556967473789
1763841599999,10243.559065572572,10243.559065572572,0.0,0,0.00880556967473789
1763855999999,10243.559065572572,10243.559065572572,0.0,0,0.00880556967473789
1763870399999,10243.559065572572,10243.559065572572,0.0,0,0.00880556967473789
1763884799999,10243.559065572572,10243.559065572572,0.0,0,0.00880556967473789
1763899199999,10243.559065572572,10243.559065572572,0.0,0,0.00880556967473789
1763913599999,10243.559065572572,10243.559065572572,0.0,0,0.00880556967473789
1763927999999,10243.559065572572,10243.559065572572,0.0,0,0.00880556967473789
1763942399999,10243.559065572572,10243.559065572572,0.0,0,0.00880556967473789
1763956799999,10243.559065572572,10243.559065572572,0.0,0,0.00880556967473789
1763971199999,10243.559065572572,10243.559065572572,0.0,0,0.00880556967473789
1763985599999,10243.559065572572,10243.559065572572,0.0,0,0.00880556967473789
1763999999999,10243.559065572572,10243.559065572572,0.0,0,0.00880556967473789
1764014399999,10243.559065572572,10243.559065572572,0.0,0,0.00880556967473789
1764028799999,10243.559065572572,10243.559065572572,0.0,0,0.00880556967473789
1764043199999,10243.559065572572,10243.559065572572,0.0,0,0.00880556967473789
1764057599999,10243.559065572572,10243.559065572572,0.0,0,0.00880556967473789
1764071999999,10243.559065572572,10243.559065572572,0.0,0,0.00880556967473789
1764086399999,10243.559065572572,10243.559065572572,0.0,0,0.00880556967473789
1764100799999,10243.559065572572,10243.559065572572,0.0,0,0.00880556967473789
1764115199999,10243.559065572572,10243.559065572572,0.0,0,0.00880556967473789
1764129599999,10243.559065572572,10243.559065572572,0.0,0,0.00880556967473789
1764143999999,10243.559065572572,10243.559065572572,0.0,0,0.00880556967473789
1764158399999,10243.559065572572,10243.559065572572,0.0,0,0.00880556967473789
1764172799999,10243.559065572572,10243.559065572572,0.0,0,0.00880556967473789
1764187199999,10243.559065572572,10243.559065572572,0.0,0,0.00880556967473789
1764201599999,10243.559065572572,10243.559065572572,0.0,0,0.00880556967473789
1764215999999,10243.559065572572,10243.559065572572,0.0,0,0.00880556967473789
1764230399999,10243.559065572572,10243.559065572572,0.0,0,0.00880556967473789
1764244799999,10243.559065572572,10243.559065572572,0.0,0,0.00880556967473789
1764259199999,10243.559065572572,10243.559065572572,0.0,0,0.00880556967473789
1764273599999,10243.559065572572,10243.559065572572,0.0,0,0.00880556967473789
1764287999999,10243.559065572572,10243.559065572572,0.0,0,0.00880556967473789
1764302399999,10243.559065572572,10243.559065572572,0.0,0,0.00880556967473789
1764316799999,10243.559065572572,10243.559065572572,0.0,0,0.00880556967473789
1764331199999,10243.559065572572,10243.559065572572,0.0,0,0.00880556967473789
1764345599999,10243.559065572572,10243.559065572572,0.0,0,0.00880556967473789
1764359999999,10243.559065572572,10243.559065572572,0.0,0,0.00880556967473789
1764374399999,10243.559065572572,10243.559065572572,0.0,0,0.00880556967473789
1764388799999,10243.559065572572,10243.559065572572,0.0,0,0.00880556967473789
1764403199999,10243.559065572572,10243.559065572572,0.0,0,0.00880556967473789
1764417599999,10243.559065572572,10243.559065572572,0.0,0,0.00880556967473789
1764431999999,10243.559065572572,10243.559065572572,0.0,0,0.00880556967473789
1764446399999,10243.559065572572,10243.559065572572,0.0,0,0.00880556967473789
1764460799999,10243.559065572572,10243.559065572572,0.0,0,0.00880556967473789
1764475199999,10243.559065572572,10243.559065572572,0.0,0,0.00880556967473789
1764489599999,10243.559065572572,10243.559065572572,0.0,0,0.00880556967473789
1764503999999,10243.559065572572,10243.559065572572,0.0,0,0.00880556967473789
1764518399999,10243.559065572572,10243.559065572572,0.0,0,0.00880556967473789
1764532799999,10243.559065572572,10243.559065572572,0.0,0,0.00880556967473789
1764547199999,10243.559065572572,10243.559065572572,0.0,0,0.00880556967473789
1764561599999,10243.559065572572,10243.559065572572,0.0,0,0.00880556967473789
1764575999999,10243.559065572572,10243.559065572572,0.0,0,0.00880556967473789
1764590399999,10243.559065572572,10243.559065572572,0.0,0,0.00880556967473789
1764604799999,10243.559065572572,10243.559065572572,0.0,0,0.00880556967473789
1764619199999,10243.559065572572,10243.559065572572,0.0,0,0.00880556967473789
1764633599999,10243.559065572572,10243.559065572572,0.0,0,0.00880556967473789
1764647999999,10243.559065572572,10243.559065572572,0.0,0,0.00880556967473789
1764662399999,10243.559065572572,10243.559065572572,0.0,0,0.00880556967473789
1764676799999,10243.559065572572,10243.559065572572,0.0,0,0.00880556967473789
1764691199999,10243.559065572572,10243.559065572572,0.0,0,0.00880556967473789
1764705599999,10243.559065572572,10243.559065572572,0.0,0,0.00880556967473789
1764719999999,10243.559065572572,10243.559065572572,0.0,0,0.00880556967473789
1764734399999,10243.559065572572,10243.559065572572,0.0,0,0.00880556967473789
1764748799999,10243.559065572572,10243.559065572572,0.0,0,0.00880556967473789
1764763199999,10243.559065572572,10243.559065572572,0.0,0,0.00880556967473789
1764777599999,10243.559065572572,10243.559065572572,0.0,0,0.00880556967473789
1764791999999,10243.559065572572,10243.559065572572,0.0,0,0.00880556967473789
1764806399999,10243.559065572572,10243.559065572572,0.0,0,0.00880556967473789
1764820799999,10243.559065572572,10243.559065572572,0.0,0,0.00880556967473789
1764835199999,10243.559065572572,10243.559065572572,0.0,0,0.00880556967473789
1764849599999,10243.559065572572,10243.559065572572,0.0,0,0.00880556967473789
1764863999999,10243.559065572572,10243.559065572572,0.0,0,0.00880556967473789
1764878399999,10243.559065572572,10243.559065572572,0.0,0,0.00880556967473789
1764892799999,10243.559065572572,10243.559065572572,0.0,0,0.00880556967473789
1764907199999,10243.559065572572,10243.559065572572,0.0,0,0.00880556967473789
1764921599999,10243.559065572572,10243.559065572572,0.0,0,0.00880556967473789
1764935999999,10243.559065572572,10243.559065572572,0.0,0,0.00880556967473789
1764950399999,10243.559065572572,10243.559065572572,0.0,0,0.00880556967473789
1764964799999,10243.559065572572,10243.559065572572,0.0,0,0.00880556967473789
1764979199999,10243.559065572572,10243.559065572572,0.0,0,0.00880556967473789
1764993599999,10243.559065572572,10243.559065572572,0.0,0,0.00880556967473789
1765007999999,10243.559065572572,10243.559065572572,0.0,0,0.00880556967473789
1765022399999,10243.559065572572,10243.559065572572,0.0,0,0.00880556967473789
1765036799999,10243.559065572572,10243.559065572572,0.0,0,0.00880556967473789
1765051199999,10243.559065572572,10243.559065572572,0.0,0,0.00880556967473789
1765065599999,10243.559065572572,10243.559065572572,0.0,0,0.00880556967473789
1765079999999,10243.559065572572,10243.559065572572,0.0,0,0.00880556967473789
1765094399999,10243.559065572572,10243.559065572572,0.0,0,0.00880556967473789
1765108799999,10243.559065572572,10243.559065572572,0.0,0,0.00880556967473789
1765123199999,10243.559065572572,10243.559065572572,0.0,0,0.00880556967473789
1765137599999,10243.559065572572,10243.559065572572,0.0,0,0.00880556967473789
1765151999999,10243.559065572572,10243.559065572572,0.0,0,0.00880556967473789
1765166399999,10243.559065572572,10243.559065572572,0.0,0,0.00880556967473789
1765180799999,10243.559065572572,10243.559065572572,0.0,0,0.00880556967473789
1765195199999,10243.559065572572,10243.559065572572,0.0,0,0.00880556967473789
1765209599999,10243.559065572572,10243.559065572572,0.0,0,0.00880556967473789
1765223999999,10243.559065572572,10243.559065572572,0.0,0,0.00880556967473789
1765238399999,10243.559065572572,10243.559065572572,0.0,0,0.00880556967473789
1765252799999,10243.559065572572,10243.559065572572,0.0,0,0.00880556967473789
1765267199999,10243.559065572572,10243.559065572572,0.0,0,0.00880556967473789
1765281599999,10243.559065572572,10243.559065572572,0.0,0,0.00880556967473789
1765295999999,10243.559065572572,10243.559065572572,0.0,0,0.00880556967473789
1765310399999,10193.521565572571,10244.54918278516,107.04345964461571,1,0.008709763260170034
1765324799999,10193.521565572571,10243.799878567648,107.04345964461571,1,0.008782267959197343
1765339199999,10193.521565572571,10243.039870004171,107.04345964461571,1,0.008855808439639179
1765353599999,10243.002731275847,10243.002731275847,0.0,0,0.008859402083257528
1765367999999,10243.002731275847,10243.002731275847,0.0,0,0.008859402083257528
1765382399999,10243.002731275847,10243.002731275847,0.0,0,0.008859402083257528
1765396799999,10243.002731275847,10243.002731275847,0.0,0,0.008859402083257528
1765411199999,10243.002731275847,10243.002731275847,0.0,0,0.008859402083257528
1765425599999,10243.002731275847,10243.002731275847,0.0,0,0.008859402083257528
1765439999999,10243.002731275847,10243.002731275847,0.0,0,0.008859402083257528
1765454399999,10243.002731275847,10243.002731275847,0.0,0,0.008859402083257528
1765468799999,10243.002731275847,10243.002731275847,0.0,0,0.008859402083257528
1765483199999,10243.002731275847,10243.002731275847,0.0,0,0.008859402083257528
1765497599999,10243.002731275847,10243.002731275847,0.0,0,0.008859402083257528
1765511999999,10243.002731275847,10243.002731275847,0.0,0,0.008859402083257528
1765526399999,10243.002731275847,10243.002731275847,0.0,0,0.008859402083257528
1765540799999,10243.002731275847,10243.002731275847,0.0,0,0.008859402083257528
1765555199999,10243.002731275847,10243.002731275847,0.0,0,0.008859402083257528
1765569599999,10243.002731275847,10243.002731275847,0.0,0,0.008859402083257528
1765583999999,10243.002731275847,10243.002731275847,0.0,0,0.008859402083257528
1765598399999,10243.002731275847,10243.002731275847,0.0,0,0.008859402083257528
1765612799999,10243.002731275847,10243.002731275847,0.0,0,0.008859402083257528
1765627199999,10243.002731275847,10243.002731275847,0.0,0,0.008859402083257528
1765641599999,10243.002731275847,10243.002731275847,0.0,0,0.008859402083257528
1765655999999,10243.002731275847,10243.002731275847,0.0,0,0.008859402083257528
1765670399999,10243.002731275847,10243.002731275847,0.0,0,0.008859402083257528
1765684799999,10243.002731275847,10243.002731275847,0.0,0,0.008859402083257528
1765699199999,10243.002731275847,10243.002731275847,0.0,0,0.008859402083257528
1765713599999,10243.002731275847,10243.002731275847,0.0,0,0.008859402083257528
1765727999999,10243.002731275847,10243.002731275847,0.0,0,0.008859402083257528
1765742399999,10243.002731275847,10243.002731275847,0.0,0,0.008859402083257528
1765756799999,10243.002731275847,10243.002731275847,0.0,0,0.008859402083257528
1765771199999,10243.002731275847,10243.002731275847,0.0,0,0.008859402083257528
1765785599999,10243.002731275847,10243.002731275847,0.0,0,0.008859402083257528
1765799999999,10243.002731275847,10243.002731275847,0.0,0,0.008859402083257528
1765814399999,10243.002731275847,10243.002731275847,0.0,0,0.008859402083257528
1765828799999,10243.002731275847,10243.002731275847,0.0,0,0.008859402083257528
1765843199999,10243.002731275847,10243.002731275847,0.0,0,0.008859402083257528
1765857599999,10243.002731275847,10243.002731275847,0.0,0,0.008859402083257528
1765871999999,10243.002731275847,10243.002731275847,0.0,0,0.008859402083257528
1765886399999,10243.002731275847,10243.002731275847,0.0,0,0.008859402083257528
1765900799999,10243.002731275847,10243.002731275847,0.0,0,0.008859402083257528
1765915199999,10243.002731275847,10243.002731275847,0.0,0,0.008859402083257528
1765929599999,10243.002731275847,10243.002731275847,0.0,0,0.008859402083257528
1765943999999,10243.002731275847,10243.002731275847,0.0,0,0.008859402083257528
1765958399999,10243.002731275847,10243.002731275847,0.0,0,0.008859402083257528
1765972799999,10243.002731275847,10243.002731275847,0.0,0,0.008859402083257528
1765987199999,10243.002731275847,10243.002731275847,0.0,0,0.008859402083257528
1766001599999,10243.002731275847,10243.002731275847,0.0,0,0.008859402083257528
1766015999999,10243.002731275847,10243.002731275847,0.0,0,0.008859402083257528
1766030399999,10243.002731275847,10243.002731275847,0.0,0,0.008859402083257528
1766044799999,10243.002731275847,10243.002731275847,0.0,0,0.008859402083257528
1766059199999,10243.002731275847,10243.002731275847,0.0,0,0.008859402083257528
1766073599999,10243.002731275847,10243.002731275847,0.0,0,0.008859402083257528
1766087999999,10243.002731275847,10243.002731275847,0.0,0,0.008859402083257528
1766102399999,10243.002731275847,10243.002731275847,0.0,0,0.008859402083257528
1766116799999,10243.002731275847,10243.002731275847,0.0,0,0.008859402083257528
1766131199999,10243.002731275847,10243.002731275847,0.0,0,0.008859402083257528
1766145599999,10243.002731275847,10243.002731275847,0.0,0,0.008859402083257528
1766159999999,10243.002731275847,10243.002731275847,0.0,0,0.008859402083257528
1766174399999,10243.002731275847,10243.002731275847,0.0,0,0.008859402083257528
1766188799999,10243.002731275847,10243.002731275847,0.0,0,0.008859402083257528
1766203199999,10243.002731275847,10243.002731275847,0.0,0,0.008859402083257528
1766217599999,10243.002731275847,10243.002731275847,0.0,0,0.008859402083257528
1766231999999,10243.002731275847,10243.002731275847,0.0,0,0.008859402083257528
1766246399999,10243.002731275847,10243.002731275847,0.0,0,0.008859402083257528
1766260799999,10243.002731275847,10243.002731275847,0.0,0,0.008859402083257528
1766275199999,10243.002731275847,10243.002731275847,0.0,0,0.008859402083257528
1766289599999,10243.002731275847,10243.002731275847,0.0,0,0.008859402083257528
1766303999999,10243.002731275847,10243.002731275847,0.0,0,0.008859402083257528
1766318399999,10243.002731275847,10243.002731275847,0.0,0,0.008859402083257528
1766332799999,10243.002731275847,10243.002731275847,0.0,0,0.008859402083257528
1766347199999,10243.002731275847,10243.002731275847,0.0,0,0.008859402083257528
1766361599999,10243.002731275847,10243.002731275847,0.0,0,0.008859402083257528
1766375999999,10243.002731275847,10243.002731275847,0.0,0,0.008859402083257528
1766390399999,10243.002731275847,10243.002731275847,0.0,0,0.008859402083257528
1766404799999,10243.002731275847,10243.002731275847,0.0,0,0.008859402083257528
1766419199999,10243.002731275847,10243.002731275847,0.0,0,0.008859402083257528
1766433599999,10243.002731275847,10243.002731275847,0.0,0,0.008859402083257528
1766447999999,10243.002731275847,10243.002731275847,0.0,0,0.008859402083257528
1766462399999,10243.002731275847,10243.002731275847,0.0,0,0.008859402083257528
1766476799999,10243.002731275847,10243.002731275847,0.0,0,0.008859402083257528
1766491199999,10243.002731275847,10243.002731275847,0.0,0,0.008859402083257528
1766505599999,10243.002731275847,10243.002731275847,0.0,0,0.008859402083257528
1766519999999,10243.002731275847,10243.002731275847,0.0,0,0.008859402083257528
1766534399999,10243.002731275847,10243.002731275847,0.0,0,0.008859402083257528
1766548799999,10243.002731275847,10243.002731275847,0.0,0,0.008859402083257528
1766563199999,10243.002731275847,10243.002731275847,0.0,0,0.008859402083257528
1766577599999,10243.002731275847,10243.002731275847,0.0,0,0.008859402083257528
1766591999999,10243.002731275847,10243.002731275847,0.0,0,0.008859402083257528
1766606399999,10243.002731275847,10243.002731275847,0.0,0,0.008859402083257528
1766620799999,10243.002731275847,10243.002731275847,0.0,0,0.008859402083257528
1766635199999,10243.002731275847,10243.002731275847,0.0,0,0.008859402083257528
1766649599999,10243.002731275847,10243.002731275847,0.0,0,0.008859402083257528
1766663999999,10243.002731275847,10243.002731275847,0.0,0,0.008859402083257528
1766678399999,10243.002731275847,10243.002731275847,0.0,0,0.008859402083257528
1766692799999,10243.002731275847,10243.002731275847,0.0,0,0.008859402083257528
1766707199999,10243.002731275847,10243.002731275847,0.0,0,0.008859402083257528
1766721599999,10243.002731275847,10243.002731275847,0.0,0,0.008859402083257528
1766735999999,10243.002731275847,10243.002731275847,0.0,0,0.008859402083257528
1766750399999,10243.002731275847,10243.002731275847,0.0,0,0.008859402083257528
1766764799999,10243.002731275847,10243.002731275847,0.0,0,0.008859402083257528
1766779199999,10243.002731275847,10243.002731275847,0.0,0,0.008859402083257528
1766793599999,10243.002731275847,10243.002731275847,0.0,0,0.008859402083257528
1766807999999,10243.002731275847,10243.002731275847,0.0,0,0.008859402083257528
1766822399999,10243.002731275847,10243.002731275847,0.0,0,0.008859402083257528
1766836799999,10243.002731275847,10243.002731275847,0.0,0,0.008859402083257528
1766851199999,10243.002731275847,10243.002731275847,0.0,0,0.008859402083257528
1766865599999,10243.002731275847,10243.002731275847,0.0,0,0.008859402083257528
1766879999999,10243.002731275847,10243.002731275847,0.0,0,0.008859402083257528
1766894399999,10243.002731275847,10243.002731275847,0.0,0,0.008859402083257528
1766908799999,10243.002731275847,10243.002731275847,0.0,0,0.008859402083257528
1766923199999,10243.002731275847,10243.002731275847,0.0,0,0.008859402083257528
1766937599999,10243.002731275847,10243.002731275847,0.0,0,0.008859402083257528
1766951999999,10243.002731275847,10243.002731275847,0.0,0,0.008859402083257528
1766966399999,10243.002731275847,10243.002731275847,0.0,0,0.008859402083257528
1766980799999,10243.002731275847,10243.002731275847,0.0,0,0.008859402083257528
1766995199999,10243.002731275847,10243.002731275847,0.0,0,0.008859402083257528
1767009599999,10243.002731275847,10243.002731275847,0.0,0,0.008859402083257528
1767023999999,10243.002731275847,10243.002731275847,0.0,0,0.008859402083257528
1767038399999,10243.002731275847,10243.002731275847,0.0,0,0.008859402083257528
1767052799999,10243.002731275847,10243.002731275847,0.0,0,0.008859402083257528
1767067199999,10243.002731275847,10243.002731275847,0.0,0,0.008859402083257528
1767081599999,10243.002731275847,10243.002731275847,0.0,0,0.008859402083257528
1767095999999,10243.002731275847,10243.002731275847,0.0,0,0.008859402083257528
1767110399999,10243.002731275847,10243.002731275847,0.0,0,0.008859402083257528
1767124799999,10243.002731275847,10243.002731275847,0.0,0,0.008859402083257528
1767139199999,10243.002731275847,10243.002731275847,0.0,0,0.008859402083257528
1767153599999,10243.002731275847,10243.002731275847,0.0,0,0.008859402083257528
1767167999999,10243.002731275847,10243.002731275847,0.0,0,0.008859402083257528
1767182399999,10243.002731275847,10243.002731275847,0.0,0,0.008859402083257528
1767196799999,10243.002731275847,10243.002731275847,0.0,0,0.008859402083257528
1767211199999,10243.002731275847,10243.002731275847,0.0,0,0.008859402083257528
1767225599999,10243.002731275847,10243.002731275847,0.0,0,0.008859402083257528
1767239999999,10243.002731275847,10243.002731275847,0.0,0,0.008859402083257528
1767254399999,10243.002731275847,10243.002731275847,0.0,0,0.008859402083257528
1767268799999,10243.002731275847,10243.002731275847,0.0,0,0.008859402083257528
1767283199999,10243.002731275847,10243.002731275847,0.0,0,0.008859402083257528
1767297599999,10243.002731275847,10243.002731275847,0.0,0,0.008859402083257528
1767311999999,10243.002731275847,10243.002731275847,0.0,0,0.008859402083257528
1767326399999,10243.002731275847,10243.002731275847,0.0,0,0.008859402083257528
1767340799999,10243.002731275847,10243.002731275847,0.0,0,0.008859402083257528
1767355199999,10243.002731275847,10243.002731275847,0.0,0,0.008859402083257528
1767369599999,10243.002731275847,10243.002731275847,0.0,0,0.008859402083257528
1767383999999,10243.002731275847,10243.002731275847,0.0,0,0.008859402083257528
1767398399999,10243.002731275847,10243.002731275847,0.0,0,0.008859402083257528
1767412799999,10243.002731275847,10243.002731275847,0.0,0,0.008859402083257528
1767427199999,10243.002731275847,10243.002731275847,0.0,0,0.008859402083257528
1767441599999,10243.002731275847,10243.002731275847,0.0,0,0.008859402083257528
1767455999999,10243.002731275847,10243.002731275847,0.0,0,0.008859402083257528
1767470399999,10243.002731275847,10243.002731275847,0.0,0,0.008859402083257528
1767484799999,10243.002731275847,10243.002731275847,0.0,0,0.008859402083257528
1767499199999,10243.002731275847,10243.002731275847,0.0,0,0.008859402083257528
1767513599999,10243.002731275847,10243.002731275847,0.0,0,0.008859402083257528
1767527999999,10243.002731275847,10243.002731275847,0.0,0,0.008859402083257528
1767542399999,10243.002731275847,10243.002731275847,0.0,0,0.008859402083257528
1767556799999,10243.002731275847,10243.002731275847,0.0,0,0.008859402083257528
1767571199999,10243.002731275847,10243.002731275847,0.0,0,0.008859402083257528
1767585599999,10243.002731275847,10243.002731275847,0.0,0,0.008859402083257528
1767599999999,10243.002731275847,10243.002731275847,0.0,0,0.008859402083257528
1767614399999,10243.002731275847,10243.002731275847,0.0,0,0.008859402083257528
1767628799999,10243.002731275847,10243.002731275847,0.0,0,0.008859402083257528
1767643199999,10243.002731275847,10243.002731275847,0.0,0,0.008859402083257528
1767657599999,10192.965231275846,10243.384292578528,119.73180076628351,1,0.008822481181486541
1767671999999,10192.965231275846,10243.959005222207,119.73180076628351,1,0.008766870434498641
1767686399999,10192.965231275846,10242.618009053624,119.73180076628351,1,0.008896628844137111
1767700799999,10192.965231275846,10243.527970739447,119.73180076628351,1,0.008808578494739594
1767715199999,10192.965231275846,10243.276533957838,119.73180076628351,1,0.008832908196546807
1767729599999,10192.965231275846,10241.755940088107,119.73180076628351,1,0.008980044964618905
1767743999999,10192.965231275846,10243.180748517225,119.73180076628351,1,0.008842176654378142
1767758399999,10192.965231275846,10242.306706371632,119.73180076628351,1,0.008926751332088867
1767772799999,10192.965231275846,10243.108909436765,119.73180076628351,1,0.008849127997751616
1767787199999,10192.965231275846,10242.653928593854,119.73180076628351,1,0.008893153172450319
1767801599999,10192.965231275846,10241.205173804581,119.73180076628351,1,0.009033338597149165
1767815999999,10192.965231275846,10241.217146984658,119.73180076628351,1,0.009032180039920124
1767830399999,10192.965231275846,10241.121361544045,119.73180076628351,1,0.00904144849775157
1767844799999,10192.965231275846,10240.594541620674,119.73180076628351,1,0.009092425015823635
1767859199999,10192.965231275846,10240.295212118757,119.73180076628351,1,0.009121388946546682
1767873599999,10192.965231275846,10239.72049947508,119.73180076628351,1,0.009176999693534582
1767887999999,10192.965231275846,10240.307185298834,119.73180076628351,1,0.009120230389317752
1767902399999,10192.965231275846,10240.04377533715,119.73180076628351,1,0.009145718648353673
1767916799999,10192.965231275846,10240.331131658988,119.73180076628351,1,0.009117913274859779
1767931199999,10192.965231275846,10240.67835388121,119.73180076628351,1,0.009084315115221231
1767945599999,10192.965231275846,10240.510729360138,119.73180076628351,1,0.00910053491642604
1767959999999,10192.965231275846,10239.876150816077,119.73180076628351,1,0.009161938449558482
1767974399999,10239.840967626422,10239.840967626422,0.0,0,0.009165342869975723
1767988799999,10239.840967626422,10239.840967626422,0.0,0,0.009165342869975723
1768003199999,10239.840967626422,10239.840967626422,0.0,0,0.009165342869975723
1768017599999,10239.840967626422,10239.840967626422,0.0,0,0.009165342869975723
1768031999999,10239.840967626422,10239.840967626422,0.0,0,0.009165342869975723
1768046399999,10239.840967626422,10239.840967626422,0.0,0,0.009165342869975723
1768060799999,10239.840967626422,10239.840967626422,0.0,0,0.009165342869975723
1768075199999,10239.840967626422,10239.840967626422,0.0,0,0.009165342869975723
1768089599999,10239.840967626422,10239.840967626422,0.0,0,0.009165342869975723
1768103999999,10239.840967626422,10239.840967626422,0.0,0,0.009165342869975723
1768118399999,10239.840967626422,10239.840967626422,0.0,0,0.009165342869975723
1768132799999,10239.840967626422,10239.840967626422,0.0,0,0.009165342869975723
1768147199999,10239.840967626422,10239.840967626422,0.0,0,0.009165342869975723
1768161599999,10239.840967626422,10239.840967626422,0.0,0,0.009165342869975723
1768175999999,10239.840967626422,10239.840967626422,0.0,0,0.009165342869975723
1768190399999,10239.840967626422,10239.840967626422,0.0,0,0.009165342869975723
1768204799999,10239.840967626422,10239.840967626422,0.0,0,0.009165342869975723
1768219199999,10239.840967626422,10239.840967626422,0.0,0,0.009165342869975723
1768233599999,10239.840967626422,10239.840967626422,0.0,0,0.009165342869975723
1768247999999,10239.840967626422,10239.840967626422,0.0,0,0.009165342869975723
1768262399999,10239.840967626422,10239.840967626422,0.0,0,0.009165342869975723
1768276799999,10239.840967626422,10239.840967626422,0.0,0,0.009165342869975723
1768291199999,10239.840967626422,10239.840967626422,0.0,0,0.009165342869975723
1768305599999,10239.840967626422,10239.840967626422,0.0,0,0.009165342869975723
1768319999999,10239.840967626422,10239.840967626422,0.0,0,0.009165342869975723
1768334399999,10189.803467626421,10240.320581637749,123.12238364934744,1,0.009118934123397482
1768348799999,10189.803467626421,10241.736489049716,123.12238364934744,1,0.008981927099606768
1768363199999,10189.803467626421,10242.241290822678,123.12238364934744,1,0.008933081117211805
1768377599999,10189.803467626421,10241.982733817014,123.12238364934744,1,0.008958099791121499
1768391999999,10189.803467626421,10240.763822218887,123.12238364934744,1,0.009076044968123753
1768406399999,10189.803467626421,10241.527180997513,123.12238364934744,1,0.009002180311819208
1768420799999,10189.803467626421,10240.886944602536,123.12238364934744,1,0.009064131313881063
1768435199999,10189.803467626421,10240.813071172346,123.12238364934744,1,0.009071279506426722
1768449599999,10189.803467626421,10239.07704556289,123.12238364934744,1,0.009239262031248474
1768463999999,10189.803467626421,10239.606471812582,123.12238364934744,1,0.009188033318004996
1768478399999,10189.803467626421,10239.643408527678,123.12238364934744,1,0.009184459221732055
1768492799999,10189.803467626421,10239.015484371066,123.12238364934744,1,0.009245218858369708
1768507199999,10189.803467626421,10238.12900320879,123.12238364934744,1,0.009330997168916944
1768521599999,10238.092759057103,10238.092759057103,0.0,0,0.009334504250884779
1768535999999,10238.092759057103,10238.092759057103,0.0,0,0.009334504250884779
1768550399999,10238.092759057103,10238.092759057103,0.0,0,0.009334504250884779
1768564799999,10238.092759057103,10238.092759057103,0.0,0,0.009334504250884779
1768579199999,10238.092759057103,10238.092759057103,0.0,0,0.009334504250884779
1768593599999,10238.092759057103,10238.092759057103,0.0,0,0.009334504250884779
1768607999999,10238.092759057103,10238.092759057103,0.0,0,0.009334504250884779
1768622399999,10238.092759057103,10238.092759057103,0.0,0,0.009334504250884779
1768636799999,10238.092759057103,10238.092759057103,0.0,0,0.009334504250884779
1768651199999,10238.092759057103,10238.092759057103,0.0,0,0.009334504250884779
1768665599999,10238.092759057103,10238.092759057103,0.0,0,0.009334504250884779
1768679999999,10238.092759057103,10238.092759057103,0.0,0,0.009334504250884779
1768694399999,10238.092759057103,10238.092759057103,0.0,0,0.009334504250884779
1768708799999,10238.092759057103,10238.092759057103,0.0,0,0.009334504250884779
1768723199999,10238.092759057103,10238.092759057103,0.0,0,0.009334504250884779
1768737599999,10238.092759057103,10238.092759057103,0.0,0,0.009334504250884779
1768751999999,10238.092759057103,10238.092759057103,0.0,0,0.009334504250884779
1768766399999,10238.092759057103,10238.092759057103,0.0,0,0.009334504250884779
1768780799999,10238.092759057103,10238.092759057103,0.0,0,0.009334504250884779
1768795199999,10238.092759057103,10238.092759057103,0.0,0,0.009334504250884779
1768809599999,10238.092759057103,10238.092759057103,0.0,0,0.009334504250884779
1768823999999,10238.092759057103,10238.092759057103,0.0,0,0.009334504250884779
1768838399999,10238.092759057103,10238.092759057103,0.0,0,0.009334504250884779
1768852799999,10238.092759057103,10238.092759057103,0.0,0,0.009334504250884779
1768867199999,10238.092759057103,10238.092759057103,0.0,0,0.009334504250884779
1768881599999,10238.092759057103,10238.092759057103,0.0,0,0.009334504250884779
1768895999999,10238.092759057103,10238.092759057103,0.0,0,0.009334504250884779
1768910399999,10238.092759057103,10238.092759057103,0.0,0,0.009334504250884779
1768924799999,10238.092759057103,10238.092759057103,0.0,0,0.009334504250884779
1768939199999,10238.092759057103,10238.092759057103,0.0,0,0.009334504250884779
1768953599999,10238.092759057103,10238.092759057103,0.0,0,0.009334504250884779
1768967999999,10238.092759057103,10238.092759057103,0.0,0,0.009334504250884779
1768982399999,10238.092759057103,10238.092759057103,0.0,0,0.009334504250884779
1768996799999,10238.092759057103,10238.092759057103,0.0,0,0.009334504250884779
1769011199999,10238.092759057103,10238.092759057103,0.0,0,0.009334504250884779
1769025599999,10238.092759057103,10238.092759057103,0.0,0,0.009334504250884779
1769039999999,10238.092759057103,10238.092759057103,0.0,0,0.009334504250884779
1769054399999,10238.092759057103,10238.092759057103,0.0,0,0.009334504250884779
1769068799999,10238.092759057103,10238.092759057103,0.0,0,0.009334504250884779
1769083199999,10238.092759057103,10238.092759057103,0.0,0,0.009334504250884779
1769097599999,10238.092759057103,10238.092759057103,0.0,0,0.009334504250884779
1769111999999,10238.092759057103,10238.092759057103,0.0,0,0.009334504250884779
1769126399999,10238.092759057103,10238.092759057103,0.0,0,0.009334504250884779
1769140799999,10238.092759057103,10238.092759057103,0.0,0,0.009334504250884779
1769155199999,10238.092759057103,10238.092759057103,0.0,0,0.009334504250884779
1769169599999,10238.092759057103,10238.092759057103,0.0,0,0.009334504250884779
1769183999999,10238.092759057103,10238.092759057103,0.0,0,0.009334504250884779
1769198399999,10238.092759057103,10238.092759057103,0.0,0,0.009334504250884779
1769212799999,10238.092759057103,10238.092759057103,0.0,0,0.009334504250884779
1769227199999,10238.092759057103,10238.092759057103,0.0,0,0.009334504250884779
1769241599999,10238.092759057103,10238.092759057103,0.0,0,0.009334504250884779
1769255999999,10238.092759057103,10238.092759057103,0.0,0,0.009334504250884779
1769270399999,10238.092759057103,10238.092759057103,0.0,0,0.009334504250884779
1769284799999,10238.092759057103,10238.092759057103,0.0,0,0.009334504250884779
1769299199999,10238.092759057103,10238.092759057103,0.0,0,0.009334504250884779
1769313599999,10238.092759057103,10238.092759057103,0.0,0,0.009334504250884779
1769327999999,10238.092759057103,10238.092759057103,0.0,0,0.009334504250884779
1769342399999,10238.092759057103,10238.092759057103,0.0,0,0.009334504250884779
1769356799999,10238.092759057103,10238.092759057103,0.0,0,0.009334504250884779
1769371199999,10238.092759057103,10238.092759057103,0.0,0,0.009334504250884779
1769385599999,10238.092759057103,10238.092759057103,0.0,0,0.009334504250884779
1769399999999,10238.092759057103,10238.092759057103,0.0,0,0.009334504250884779
1769414399999,10238.092759057103,10238.092759057103,0.0,0,0.009334504250884779
1769428799999,10238.092759057103,10238.092759057103,0.0,0,0.009334504250884779
1769443199999,10238.092759057103,10238.092759057103,0.0,0,0.009334504250884779
1769457599999,10238.092759057103,10238.092759057103,0.0,0,0.009334504250884779
1769471999999,10238.092759057103,10238.092759057103,0.0,0,0.009334504250884779
1769486399999,10238.092759057103,10238.092759057103,0.0,0,0.009334504250884779
1769500799999,10238.092759057103,10238.092759057103,0.0,0,0.009334504250884779
1769515199999,10238.092759057103,10238.092759057103,0.0,0,0.009334504250884779
1769529599999,10238.092759057103,10238.092759057103,0.0,0,0.009334504250884779
1769543999999,10238.092759057103,10238.092759057103,0.0,0,0.009334504250884779
1769558399999,10238.092759057103,10238.092759057103,0.0,0,0.009334504250884779
1769572799999,10238.092759057103,10238.092759057103,0.0,0,0.009334504250884779
1769587199999,10238.092759057103,10238.092759057103,0.0,0,0.009334504250884779
1769601599999,10238.092759057103,10238.092759057103,0.0,0,0.009334504250884779
1769615999999,10238.092759057103,10238.092759057103,0.0,0,0.009334504250884779
1769630399999,10238.092759057103,10238.092759057103,0.0,0,0.009334504250884779
1769644799999,10238.092759057103,10238.092759057103,0.0,0,0.009334504250884779
1769659199999,10238.092759057103,10238.092759057103,0.0,0,0.009334504250884779
1769673599999,10238.092759057103,10238.092759057103,0.0,0,0.009334504250884779
1769687999999,10238.092759057103,10238.092759057103,0.0,0,0.009334504250884779
1769702399999,10238.092759057103,10238.092759057103,0.0,0,0.009334504250884779
1769716799999,10238.092759057103,10238.092759057103,0.0,0,0.009334504250884779
1769731199999,10238.092759057103,10238.092759057103,0.0,0,0.009334504250884779
1769745599999,10238.092759057103,10238.092759057103,0.0,0,0.009334504250884779
1769759999999,10238.092759057103,10238.092759057103,0.0,0,0.009334504250884779
1769774399999,10238.092759057103,10238.092759057103,0.0,0,0.009334504250884779
1769788799999,10238.092759057103,10238.092759057103,0.0,0,0.009334504250884779
1769803199999,10238.092759057103,10238.092759057103,0.0,0,0.009334504250884779
1769817599999,10238.092759057103,10238.092759057103,0.0,0,0.009334504250884779
1769831999999,10238.092759057103,10238.092759057103,0.0,0,0.009334504250884779
1769846399999,10238.092759057103,10238.092759057103,0.0,0,0.009334504250884779
1769860799999,10238.092759057103,10238.092759057103,0.0,0,0.009334504250884779
1769875199999,10238.092759057103,10238.092759057103,0.0,0,0.009334504250884779
1769889599999,10238.092759057103,10238.092759057103,0.0,0,0.009334504250884779
1769903999999,10238.092759057103,10238.092759057103,0.0,0,0.009334504250884779
1769918399999,10238.092759057103,10238.092759057103,0.0,0,0.009334504250884779
1769932799999,10238.092759057103,10238.092759057103,0.0,0,0.009334504250884779
1769947199999,10238.092759057103,10238.092759057103,0.0,0,0.009334504250884779
1769961599999,10238.092759057103,10238.092759057103,0.0,0,0.009334504250884779
1769975999999,10238.092759057103,10238.092759057103,0.0,0,0.009334504250884779
1769990399999,10238.092759057103,10238.092759057103,0.0,0,0.009334504250884779
1770004799999,10238.092759057103,10238.092759057103,0.0,0,0.009334504250884779
1770019199999,10238.092759057103,10238.092759057103,0.0,0,0.009334504250884779
1770033599999,10238.092759057103,10238.092759057103,0.0,0,0.009334504250884779
1770047999999,10238.092759057103,10238.092759057103,0.0,0,0.009334504250884779
1770062399999,10238.092759057103,10238.092759057103,0.0,0,0.009334504250884779
1770076799999,10238.092759057103,10238.092759057103,0.0,0,0.009334504250884779
1770091199999,10238.092759057103,10238.092759057103,0.0,0,0.009334504250884779
1770105599999,10238.092759057103,10238.092759057103,0.0,0,0.009334504250884779
1770119999999,10238.092759057103,10238.092759057103,0.0,0,0.009334504250884779
1770134399999,10238.092759057103,10238.092759057103,0.0,0,0.009334504250884779
1770148799999,10238.092759057103,10238.092759057103,0.0,0,0.009334504250884779
1770163199999,10238.092759057103,10238.092759057103,0.0,0,0.009334504250884779
1770177599999,10238.092759057103,10238.092759057103,0.0,0,0.009334504250884779
1770191999999,10238.092759057103,10238.092759057103,0.0,0,0.009334504250884779
1770206399999,10238.092759057103,10238.092759057103,0.0,0,0.009334504250884779
1770220799999,10238.092759057103,10238.092759057103,0.0,0,0.009334504250884779
1770235199999,10238.092759057103,10238.092759057103,0.0,0,0.009334504250884779
1770249599999,10238.092759057103,10238.092759057103,0.0,0,0.009334504250884779
1770263999999,10238.092759057103,10238.092759057103,0.0,0,0.009334504250884779
1770278399999,10238.092759057103,10238.092759057103,0.0,0,0.009334504250884779
1770292799999,10238.092759057103,10238.092759057103,0.0,0,0.009334504250884779
1770307199999,10238.092759057103,10238.092759057103,0.0,0,0.009334504250884779
1770321599999,10238.092759057103,10238.092759057103,0.0,0,0.009334504250884779
1770335999999,10238.092759057103,10238.092759057103,0.0,0,0.009334504250884779
1770350399999,10238.092759057103,10238.092759057103,0.0,0,0.009334504250884779
1770364799999,10238.092759057103,10238.092759057103,0.0,0,0.009334504250884779
1770379199999,10238.092759057103,10238.092759057103,0.0,0,0.009334504250884779
1770393599999,10238.092759057103,10238.092759057103,0.0,0,0.009334504250884779
1770407999999,10238.092759057103,10238.092759057103,0.0,0,0.009334504250884779
1770422399999,10238.092759057103,10238.092759057103,0.0,0,0.009334504250884779
1770436799999,10238.092759057103,10238.092759057103,0.0,0,0.009334504250884779
1770451199999,10238.092759057103,10238.092759057103,0.0,0,0.009334504250884779
1770465599999,10238.092759057103,10238.092759057103,0.0,0,0.009334504250884779
1770479999999,10238.092759057103,10238.092759057103,0.0,0,0.009334504250884779
1770494399999,10238.092759057103,10238.092759057103,0.0,0,0.009334504250884779
1770508799999,10238.092759057103,10238.092759057103,0.0,0,0.009334504250884779
1770523199999,10238.092759057103,10238.092759057103,0.0,0,0.009334504250884779
1770537599999,10238.092759057103,10238.092759057103,0.0,0,0.009334504250884779
1770551999999,10238.092759057103,10238.092759057103,0.0,0,0.009334504250884779
1770566399999,10238.092759057103,10238.092759057103,0.0,0,0.009334504250884779
1770580799999,10238.092759057103,10238.092759057103,0.0,0,0.009334504250884779
1770595199999,10238.092759057103,10238.092759057103,0.0,0,0.009334504250884779
1770609599999,10238.092759057103,10238.092759057103,0.0,0,0.009334504250884779
1770623999999,10238.092759057103,10238.092759057103,0.0,0,0.009334504250884779
1770638399999,10238.092759057103,10238.092759057103,0.0,0,0.009334504250884779
1770652799999,10238.092759057103,10238.092759057103,0.0,0,0.009334504250884779
1770667199999,10238.092759057103,10238.092759057103,0.0,0,0.009334504250884779
1770681599999,10238.092759057103,10238.092759057103,0.0,0,0.009334504250884779
1770695999999,10238.092759057103,10238.092759057103,0.0,0,0.009334504250884779
1770710399999,10238.092759057103,10238.092759057103,0.0,0,0.009334504250884779
1770724799999,10238.092759057103,10238.092759057103,0.0,0,0.009334504250884779
1770739199999,10238.092759057103,10238.092759057103,0.0,0,0.009334504250884779
1770753599999,10238.092759057103,10238.092759057103,0.0,0,0.009334504250884779
1770767999999,10238.092759057103,10238.092759057103,0.0,0,0.009334504250884779
1770782399999,10238.092759057103,10238.092759057103,0.0,0,0.009334504250884779
1770796799999,10238.092759057103,10238.092759057103,0.0,0,0.009334504250884779
1770811199999,10238.092759057103,10238.092759057103,0.0,0,0.009334504250884779
1770825599999,10238.092759057103,10238.092759057103,0.0,0,0.009334504250884779
1770839999999,10238.092759057103,10238.092759057103,0.0,0,0.009334504250884779
1770854399999,10238.092759057103,10238.092759057103,0.0,0,0.009334504250884779
1770868799999,10238.092759057103,10238.092759057103,0.0,0,0.009334504250884779
1770883199999,10238.092759057103,10238.092759057103,0.0,0,0.009334504250884779
1770897599999,10238.092759057103,10238.092759057103,0.0,0,0.009334504250884779
1770911999999,10238.092759057103,10238.092759057103,0.0,0,0.009334504250884779
1770926399999,10238.092759057103,10238.092759057103,0.0,0,0.009334504250884779
1770940799999,10238.092759057103,10238.092759057103,0.0,0,0.009334504250884779
1770955199999,10238.092759057103,10238.092759057103,0.0,0,0.009334504250884779
1770969599999,10238.092759057103,10238.092759057103,0.0,0,0.009334504250884779
1770983999999,10238.092759057103,10238.092759057103,0.0,0,0.009334504250884779
1770998399999,10238.092759057103,10238.092759057103,0.0,0,0.009334504250884779
1771012799999,10238.092759057103,10238.092759057103,0.0,0,0.009334504250884779
1771027199999,10238.092759057103,10238.092759057103,0.0,0,0.009334504250884779
1771041599999,10238.092759057103,10238.092759057103,0.0,0,0.009334504250884779
1771055999999,10238.092759057103,10238.092759057103,0.0,0,0.009334504250884779
1771070399999,10238.092759057103,10238.092759057103,0.0,0,0.009334504250884779
1771084799999,10238.092759057103,10238.092759057103,0.0,0,0.009334504250884779
1771099199999,10238.092759057103,10238.092759057103,0.0,0,0.009334504250884779
1771113599999,10238.092759057103,10238.092759057103,0.0,0,0.009334504250884779
1771127999999,10238.092759057103,10238.092759057103,0.0,0,0.009334504250884779
1771142399999,10238.092759057103,10238.092759057103,0.0,0,0.009334504250884779
1771156799999,10238.092759057103,10238.092759057103,0.0,0,0.009334504250884779
1771171199999,10238.092759057103,10238.092759057103,0.0,0,0.009334504250884779
1771185599999,10238.092759057103,10238.092759057103,0.0,0,0.009334504250884779
1771199999999,10238.092759057103,10238.092759057103,0.0,0,0.009334504250884779
1771214399999,10238.092759057103,10238.092759057103,0.0,0,0.009334504250884779
1771228799999,10238.092759057103,10238.092759057103,0.0,0,0.009334504250884779
1771243199999,10238.092759057103,10238.092759057103,0.0,0,0.009334504250884779
1771257599999,10238.092759057103,10238.092759057103,0.0,0,0.009334504250884779
1771271999999,10238.092759057103,10238.092759057103,0.0,0,0.009334504250884779
1771286399999,10238.092759057103,10238.092759057103,0.0,0,0.009334504250884779
1771300799999,10238.092759057103,10238.092759057103,0.0,0,0.009334504250884779
1771315199999,10238.092759057103,10238.092759057103,0.0,0,0.009334504250884779
1771329599999,10238.092759057103,10238.092759057103,0.0,0,0.009334504250884779
1771343999999,10238.092759057103,10238.092759057103,0.0,0,0.009334504250884779
1771358399999,10238.092759057103,10238.092759057103,0.0,0,0.009334504250884779
1771372799999,10238.092759057103,10238.092759057103,0.0,0,0.009334504250884779
1771387199999,10238.092759057103,10238.092759057103,0.0,0,0.009334504250884779
1771401599999,10238.092759057103,10238.092759057103,0.0,0,0.009334504250884779
1771415999999,10238.092759057103,10238.092759057103,0.0,0,0.009334504250884779
1771430399999,10238.092759057103,10238.092759057103,0.0,0,0.009334504250884779
1771444799999,10238.092759057103,10238.092759057103,0.0,0,0.009334504250884779
1771459199999,10238.092759057103,10238.092759057103,0.0,0,0.009334504250884779
1771473599999,10238.092759057103,10238.092759057103,0.0,0,0.009334504250884779
1771487999999,10238.092759057103,10238.092759057103,0.0,0,0.009334504250884779
1771502399999,10238.092759057103,10238.092759057103,0.0,0,0.009334504250884779
1771516799999,10238.092759057103,10238.092759057103,0.0,0,0.009334504250884779
1771531199999,10238.092759057103,10238.092759057103,0.0,0,0.009334504250884779
1771545599999,10238.092759057103,10238.092759057103,0.0,0,0.009334504250884779
1771559999999,10238.092759057103,10238.092759057103,0.0,0,0.009334504250884779
1771574399999,10238.092759057103,10238.092759057103,0.0,0,0.009334504250884779
1771588799999,10238.092759057103,10238.092759057103,0.0,0,0.009334504250884779
1771603199999,10238.092759057103,10238.092759057103,0.0,0,0.009334504250884779
1771617599999,10238.092759057103,10238.092759057103,0.0,0,0.009334504250884779
1771631999999,10238.092759057103,10238.092759057103,0.0,0,0.009334504250884779
1771646399999,10238.092759057103,10238.092759057103,0.0,0,0.009334504250884779
1771660799999,10238.092759057103,10238.092759057103,0.0,0,0.009334504250884779
1771675199999,10238.092759057103,10238.092759057103,0.0,0,0.009334504250884779
1771689599999,10238.092759057103,10238.092759057103,0.0,0,0.009334504250884779
1771703999999,10238.092759057103,10238.092759057103,0.0,0,0.009334504250884779
1771718399999,10238.092759057103,10238.092759057103,0.0,0,0.009334504250884779
1771732799999,10238.092759057103,10238.092759057103,0.0,0,0.009334504250884779
1771747199999,10238.092759057103,10238.092759057103,0.0,0,0.009334504250884779
1771761599999,10238.092759057103,10238.092759057103,0.0,0,0.009334504250884779
1771775999999,10238.092759057103,10238.092759057103,0.0,0,0.009334504250884779
1771790399999,10238.092759057103,10238.092759057103,0.0,0,0.009334504250884779
1771804799999,10238.092759057103,10238.092759057103,0.0,0,0.009334504250884779
1771819199999,10238.092759057103,10238.092759057103,0.0,0,0.009334504250884779
1771833599999,10238.092759057103,10238.092759057103,0.0,0,0.009334504250884779
1771847999999,10238.092759057103,10238.092759057103,0.0,0,0.009334504250884779
1771862399999,10238.092759057103,10238.092759057103,0.0,0,0.009334504250884779
1771876799999,10238.092759057103,10238.092759057103,0.0,0,0.009334504250884779
1771891199999,10238.092759057103,10238.092759057103,0.0,0,0.009334504250884779
1771905599999,10238.092759057103,10238.092759057103,0.0,0,0.009334504250884779
1771919999999,10238.092759057103,10238.092759057103,0.0,0,0.009334504250884779
1771934399999,10238.092759057103,10238.092759057103,0.0,0,0.009334504250884779
1771948799999,10238.092759057103,10238.092759057103,0.0,0,0.009334504250884779
1771963199999,10238.092759057103,10238.092759057103,0.0,0,0.009334504250884779
1771977599999,10238.092759057103,10238.092759057103,0.0,0,0.009334504250884779
1771991999999,10238.092759057103,10238.092759057103,0.0,0,0.009334504250884779
1772006399999,10238.092759057103,10238.092759057103,0.0,0,0.009334504250884779
1772020799999,10238.092759057103,10238.092759057103,0.0,0,0.009334504250884779
1772035199999,10238.092759057103,10238.092759057103,0.0,0,0.009334504250884779
1772049599999,10238.092759057103,10238.092759057103,0.0,0,0.009334504250884779
1772063999999,10238.092759057103,10238.092759057103,0.0,0,0.009334504250884779
1772078399999,10238.092759057103,10238.092759057103,0.0,0,0.009334504250884779
1772092799999,10238.092759057103,10238.092759057103,0.0,0,0.009334504250884779
1772107199999,10238.092759057103,10238.092759057103,0.0,0,0.009334504250884779
1772121599999,10238.092759057103,10238.092759057103,0.0,0,0.009334504250884779
1772135999999,10238.092759057103,10238.092759057103,0.0,0,0.009334504250884779
1772150399999,10238.092759057103,10238.092759057103,0.0,0,0.009334504250884779
1772164799999,10238.092759057103,10238.092759057103,0.0,0,0.009334504250884779
1772179199999,10238.092759057103,10238.092759057103,0.0,0,0.009334504250884779
1772193599999,10238.092759057103,10238.092759057103,0.0,0,0.009334504250884779
1772207999999,10238.092759057103,10238.092759057103,0.0,0,0.009334504250884779
1772222399999,10238.092759057103,10238.092759057103,0.0,0,0.009334504250884779
1772236799999,10238.092759057103,10238.092759057103,0.0,0,0.009334504250884779
1772251199999,10238.092759057103,10238.092759057103,0.0,0,0.009334504250884779
1772265599999,10238.092759057103,10238.092759057103,0.0,0,0.009334504250884779
1772279999999,10238.092759057103,10238.092759057103,0.0,0,0.009334504250884779
1772294399999,10238.092759057103,10238.092759057103,0.0,0,0.009334504250884779
1772308799999,10238.092759057103,10238.092759057103,0.0,0,0.009334504250884779
1772323199999,10238.092759057103,10238.092759057103,0.0,0,0.009334504250884779
1772337599999,10238.092759057103,10238.092759057103,0.0,0,0.009334504250884779
1772351999999,10238.092759057103,10238.092759057103,0.0,0,0.009334504250884779
1772366399999,10238.092759057103,10238.092759057103,0.0,0,0.009334504250884779
1772380799999,10238.092759057103,10238.092759057103,0.0,0,0.009334504250884779
1772395199999,10238.092759057103,10238.092759057103,0.0,0,0.009334504250884779
1772409599999,10238.092759057103,10238.092759057103,0.0,0,0.009334504250884779
1772423999999,10238.092759057103,10238.092759057103,0.0,0,0.009334504250884779
1772438399999,10238.092759057103,10238.092759057103,0.0,0,0.009334504250884779
1772452799999,10238.092759057103,10238.092759057103,0.0,0,0.009334504250884779
1772467199999,10238.092759057103,10238.092759057103,0.0,0,0.009334504250884779
1772481599999,10238.092759057103,10238.092759057103,0.0,0,0.009334504250884779
1772495999999,10238.092759057103,10238.092759057103,0.0,0,0.009334504250884779
1772510399999,10238.092759057103,10238.092759057103,0.0,0,0.009334504250884779
1772524799999,10238.092759057103,10238.092759057103,0.0,0,0.009334504250884779
1772539199999,10238.092759057103,10238.092759057103,0.0,0,0.009334504250884779
1772553599999,10238.092759057103,10238.092759057103,0.0,0,0.009334504250884779
1772567999999,10238.092759057103,10238.092759057103,0.0,0,0.009334504250884779
1772582399999,10238.092759057103,10238.092759057103,0.0,0,0.009334504250884779
1772596799999,10238.092759057103,10238.092759057103,0.0,0,0.009334504250884779
1772611199999,10238.092759057103,10238.092759057103,0.0,0,0.009334504250884779
1772625599999,10238.092759057103,10238.092759057103,0.0,0,0.009334504250884779
1772639999999,10238.092759057103,10238.092759057103,0.0,0,0.009334504250884779
1772654399999,10238.092759057103,10238.092759057103,0.0,0,0.009334504250884779
1772668799999,10238.092759057103,10238.092759057103,0.0,0,0.009334504250884779
1772683199999,10238.092759057103,10238.092759057103,0.0,0,0.009334504250884779
1772697599999,10238.092759057103,10238.092759057103,0.0,0,0.009334504250884779
1772711999999,10238.092759057103,10238.092759057103,0.0,0,0.009334504250884779
1772726399999,10238.092759057103,10238.092759057103,0.0,0,0.009334504250884779
1772740799999,10238.092759057103,10238.092759057103,0.0,0,0.009334504250884779
1772755199999,10238.092759057103,10238.092759057103,0.0,0,0.009334504250884779
1772769599999,10238.092759057103,10238.092759057103,0.0,0,0.009334504250884779
1772783999999,10238.092759057103,10238.092759057103,0.0,0,0.009334504250884779
1772798399999,10238.092759057103,10238.092759057103,0.0,0,0.009334504250884779
1772812799999,10238.092759057103,10238.092759057103,0.0,0,0.009334504250884779
1772827199999,10238.092759057103,10238.092759057103,0.0,0,0.009334504250884779
1772841599999,10238.092759057103,10238.092759057103,0.0,0,0.009334504250884779
1772855999999,10238.092759057103,10238.092759057103,0.0,0,0.009334504250884779
1772870399999,10238.092759057103,10238.092759057103,0.0,0,0.009334504250884779
1772884799999,10238.092759057103,10238.092759057103,0.0,0,0.009334504250884779
1772899199999,10238.092759057103,10238.092759057103,0.0,0,0.009334504250884779
1772913599999,10238.092759057103,10238.092759057103,0.0,0,0.009334504250884779
1772927999999,10238.092759057103,10238.092759057103,0.0,0,0.009334504250884779
1772942399999,10238.092759057103,10238.092759057103,0.0,0,0.009334504250884779
1772956799999,10238.092759057103,10238.092759057103,0.0,0,0.009334504250884779
1772971199999,10238.092759057103,10238.092759057103,0.0,0,0.009334504250884779
1772985599999,10238.092759057103,10238.092759057103,0.0,0,0.009334504250884779
1772999999999,10238.092759057103,10238.092759057103,0.0,0,0.009334504250884779
1773014399999,10238.092759057103,10238.092759057103,0.0,0,0.009334504250884779
1773028799999,10238.092759057103,10238.092759057103,0.0,0,0.009334504250884779
1773043199999,10238.092759057103,10238.092759057103,0.0,0,0.009334504250884779
1773057599999,10238.092759057103,10238.092759057103,0.0,0,0.009334504250884779
1773071999999,10238.092759057103,10238.092759057103,0.0,0,0.009334504250884779
1773086399999,10238.092759057103,10238.092759057103,0.0,0,0.009334504250884779
1773100799999,10238.092759057103,10238.092759057103,0.0,0,0.009334504250884779
1773115199999,10238.092759057103,10238.092759057103,0.0,0,0.009334504250884779
1773129599999,10238.092759057103,10238.092759057103,0.0,0,0.009334504250884779
1773143999999,10238.092759057103,10238.092759057103,0.0,0,0.009334504250884779
1773158399999,10238.092759057103,10238.092759057103,0.0,0,0.009334504250884779
1773172799999,10238.092759057103,10238.092759057103,0.0,0,0.009334504250884779
1773187199999,10238.092759057103,10238.092759057103,0.0,0,0.009334504250884779
1773201599999,10238.092759057103,10238.092759057103,0.0,0,0.009334504250884779
1773215999999,10238.092759057103,10238.092759057103,0.0,0,0.009334504250884779
1773230399999,10238.092759057103,10238.092759057103,0.0,0,0.009334504250884779
1773244799999,10238.092759057103,10238.092759057103,0.0,0,0.009334504250884779
1773259199999,10238.092759057103,10238.092759057103,0.0,0,0.009334504250884779
1773273599999,10238.092759057103,10238.092759057103,0.0,0,0.009334504250884779
1773287999999,10238.092759057103,10238.092759057103,0.0,0,0.009334504250884779
1773302399999,10238.092759057103,10238.092759057103,0.0,0,0.009334504250884779
1773316799999,10238.092759057103,10238.092759057103,0.0,0,0.009334504250884779
1773331199999,10238.092759057103,10238.092759057103,0.0,0,0.009334504250884779
1773345599999,10238.092759057103,10238.092759057103,0.0,0,0.009334504250884779
1773359999999,10238.092759057103,10238.092759057103,0.0,0,0.009334504250884779
1773374399999,10238.092759057103,10238.092759057103,0.0,0,0.009334504250884779
1773388799999,10188.055259057102,10238.036856407121,184.0264998159735,1,0.009339913542220635
1773403199999,10188.055259057102,10238.533727956625,184.0264998159735,1,0.009291834909657237
1773417599999,10138.017759057102,10237.452528101163,366.24224325620673,2,0.009396454726650738
1773431999999,10138.017759057102,10235.914310679485,366.24224325620673,2,0.009545296797188518
1773446399999,10235.84088826577,10235.84088826577,0.0,0,0.009552401348162487
1773460799999,10235.84088826577,10235.84088826577,0.0,0,0.009552401348162487
1773475199999,10235.84088826577,10235.84088826577,0.0,0,0.009552401348162487
1773489599999,10235.84088826577,10235.84088826577,0.0,0,0.009552401348162487
1773503999999,10235.84088826577,10235.84088826577,0.0,0,0.009552401348162487
1773518399999,10235.84088826577,10235.84088826577,0.0,0,0.009552401348162487
1773532799999,10235.84088826577,10235.84088826577,0.0,0,0.009552401348162487
1773547199999,10235.84088826577,10235.84088826577,0.0,0,0.009552401348162487
1773561599999,10235.84088826577,10235.84088826577,0.0,0,0.009552401348162487
1773575999999,10235.84088826577,10235.84088826577,0.0,0,0.009552401348162487
1773590399999,10235.84088826577,10235.84088826577,0.0,0,0.009552401348162487
1773604799999,10235.84088826577,10235.84088826577,0.0,0,0.009552401348162487
1773619199999,10235.84088826577,10235.84088826577,0.0,0,0.009552401348162487
1773633599999,10235.84088826577,10235.84088826577,0.0,0,0.009552401348162487
1773647999999,10235.84088826577,10235.84088826577,0.0,0,0.009552401348162487
1773662399999,10185.80338826577,10235.010284817494,172.41379310344828,1,0.009632772780246768
1773676799999,10185.80338826577,10234.682698610597,172.41379310344828,1,0.009664470906029954
1773691199999,10185.80338826577,10235.510284817494,172.41379310344828,1,0.009584391430367267
1773705599999,10185.80338826577,10235.87235378301,172.41379310344828,1,0.009549356659764974
1773719999999,10135.765888265769,10234.215280305287,344.59010164339315,2,0.009709699563168472
1773734399999,10135.765888265769,10234.525411396766,344.59010164339315,2,0.009679690441477762
1773748799999,10135.765888265769,10234.663247437422,344.59010164339315,2,0.009666353054059829
1773763199999,10135.765888265769,10234.525411396766,344.59010164339315,2,0.009679690441477762
1773777599999,10135.765888265769,10235.180132589887,344.59010164339315,2,0.00961633785124194
1773791999999,10135.765888265769,10235.386886650875,344.59010164339315,2,0.009596331770114652
1773806399999,10135.765888265769,10236.317279925312,344.59010164339315,2,0.00950630440504252
1773820799999,10135.765888265769,10235.180132589887,344.59010164339315,2,0.00961633785124194
1773835199999,10135.765888265769,10232.113280685262,344.59010164339315,2,0.009913094721294424
1773849599999,10135.765888265769,10229.356559872114,344.59010164339315,2,0.010179842469656308
1773863999999,10229.251933702502,10229.251933702502,0.0,0,0.010189966380293458
1773878399999,10229.251933702502,10229.251933702502,0.0,0,0.010189966380293458
1773892799999,10229.251933702502,10229.251933702502,0.0,0,0.010189966380293458
1773907199999,10229.251933702502,10229.251933702502,0.0,0,0.010189966380293458
1773921599999,10229.251933702502,10229.251933702502,0.0,0,0.010189966380293458
1773935999999,10229.251933702502,10229.251933702502,0.0,0,0.010189966380293458
1773950399999,10229.251933702502,10229.251933702502,0.0,0,0.010189966380293458
1773964799999,10229.251933702502,10229.251933702502,0.0,0,0.010189966380293458
1773979199999,10229.251933702502,10229.251933702502,0.0,0,0.010189966380293458
1773993599999,10229.251933702502,10229.251933702502,0.0,0,0.010189966380293458
1774007999999,10229.251933702502,10229.251933702502,0.0,0,0.010189966380293458
1774022399999,10229.251933702502,10229.251933702502,0.0,0,0.010189966380293458
1774036799999,10229.251933702502,10229.251933702502,0.0,0,0.010189966380293458
1774051199999,10229.251933702502,10229.251933702502,0.0,0,0.010189966380293458
1774065599999,10229.251933702502,10229.251933702502,0.0,0,0.010189966380293458
1774079999999,10229.251933702502,10229.251933702502,0.0,0,0.010189966380293458
1774094399999,10229.251933702502,10229.251933702502,0.0,0,0.010189966380293458
1774108799999,10229.251933702502,10229.251933702502,0.0,0,0.010189966380293458
1774123199999,10229.251933702502,10229.251933702502,0.0,0,0.010189966380293458
1774137599999,10229.251933702502,10229.251933702502,0.0,0,0.010189966380293458
1774151999999,10229.251933702502,10229.251933702502,0.0,0,0.010189966380293458
1774166399999,10229.251933702502,10229.251933702502,0.0,0,0.010189966380293458
1774180799999,10229.251933702502,10229.251933702502,0.0,0,0.010189966380293458
1774195199999,10229.251933702502,10229.251933702502,0.0,0,0.010189966380293458
1774209599999,10229.251933702502,10229.251933702502,0.0,0,0.010189966380293458
1774223999999,10229.251933702502,10229.251933702502,0.0,0,0.010189966380293458
1774238399999,10229.251933702502,10229.251933702502,0.0,0,0.010189966380293458
1774252799999,10229.251933702502,10229.251933702502,0.0,0,0.010189966380293458
1774267199999,10229.251933702502,10229.251933702502,0.0,0,0.010189966380293458
1774281599999,10229.251933702502,10229.251933702502,0.0,0,0.010189966380293458
1774295999999,10229.251933702502,10229.251933702502,0.0,0,0.010189966380293458
1774310399999,10229.251933702502,10229.251933702502,0.0,0,0.010189966380293458
1774324799999,10229.251933702502,10229.251933702502,0.0,0,0.010189966380293458
1774339199999,10229.251933702502,10229.251933702502,0.0,0,0.010189966380293458
1774353599999,10229.251933702502,10229.251933702502,0.0,0,0.010189966380293458
1774367999999,10229.251933702502,10229.251933702502,0.0,0,0.010189966380293458
1774382399999,10229.251933702502,10229.251933702502,0.0,0,0.010189966380293458
1774396799999,10229.251933702502,10229.251933702502,0.0,0,0.010189966380293458
1774411199999,10229.251933702502,10229.251933702502,0.0,0,0.010189966380293458
1774425599999,10229.251933702502,10229.251933702502,0.0,0,0.010189966380293458
1774439999999,10229.251933702502,10229.251933702502,0.0,0,0.010189966380293458
1774454399999,10179.214433702502,10228.701800967241,183.0831197363603,1,0.010243198708983048
1774468799999,10179.214433702502,10228.738417591187,183.0831197363603,1,0.010239655585594032
1774483199999,10179.214433702502,10228.738417591187,183.0831197363603,1,0.010239655585594032
1774497599999,10179.214433702502,10227.969468488294,183.0831197363603,1,0.010314061176767142
1774511999999,10227.951196792945,10227.951196792945,0.0,0,0.010315829195338355
1774526399999,10227.951196792945,10227.951196792945,0.0,0,0.010315829195338355
1774540799999,10227.951196792945,10227.951196792945,0.0,0,0.010315829195338355
1774555199999,10227.951196792945,10227.951196792945,0.0,0,0.010315829195338355
1774569599999,10227.951196792945,10227.951196792945,0.0,0,0.010315829195338355
1774583999999,10227.951196792945,10227.951196792945,0.0,0,0.010315829195338355
1774598399999,10227.951196792945,10227.951196792945,0.0,0,0.010315829195338355
1774612799999,10227.951196792945,10227.951196792945,0.0,0,0.010315829195338355
1774627199999,10227.951196792945,10227.951196792945,0.0,0,0.010315829195338355
1774641599999,10227.951196792945,10227.951196792945,0.0,0,0.010315829195338355
1774655999999,10227.951196792945,10227.951196792945,0.0,0,0.010315829195338355
1774670399999,10227.951196792945,10227.951196792945,0.0,0,0.010315829195338355
1774684799999,10227.951196792945,10227.951196792945,0.0,0,0.010315829195338355
1774699199999,10227.951196792945,10227.951196792945,0.0,0,0.010315829195338355
1774713599999,10227.951196792945,10227.951196792945,0.0,0,0.010315829195338355
1774727999999,10227.951196792945,10227.951196792945,0.0,0,0.010315829195338355
1774742399999,10227.951196792945,10227.951196792945,0.0,0,0.010315829195338355
1774756799999,10227.951196792945,10227.951196792945,0.0,0,0.010315829195338355
1774771199999,10227.951196792945,10227.951196792945,0.0,0,0.010315829195338355
1774785599999,10227.951196792945,10227.951196792945,0.0,0,0.010315829195338355
1774799999999,10227.951196792945,10227.951196792945,0.0,0,0.010315829195338355
1774814399999,10227.951196792945,10227.951196792945,0.0,0,0.010315829195338355
1774828799999,10227.951196792945,10227.951196792945,0.0,0,0.010315829195338355
1774843199999,10227.951196792945,10227.951196792945,0.0,0,0.010315829195338355
1774857599999,10227.951196792945,10227.951196792945,0.0,0,0.010315829195338355
1774871999999,10227.951196792945,10227.951196792945,0.0,0,0.010315829195338355
1774886399999,10227.951196792945,10227.951196792945,0.0,0,0.010315829195338355
1774900799999,10227.951196792945,10227.951196792945,0.0,0,0.010315829195338355
1774915199999,10227.951196792945,10227.951196792945,0.0,0,0.010315829195338355
1774929599999,10227.951196792945,10227.951196792945,0.0,0,0.010315829195338355
1774943999999,10227.951196792945,10227.951196792945,0.0,0,0.010315829195338355
1774958399999,10227.951196792945,10227.951196792945,0.0,0,0.010315829195338355
1774972799999,10227.951196792945,10227.951196792945,0.0,0,0.010315829195338355
1774987199999,10227.951196792945,10227.951196792945,0.0,0,0.010315829195338355
1775001599999,10227.951196792945,10227.951196792945,0.0,0,0.010315829195338355
1775015999999,10227.951196792945,10227.951196792945,0.0,0,0.010315829195338355
1775030399999,10227.951196792945,10227.951196792945,0.0,0,0.010315829195338355
1775044799999,10227.951196792945,10227.951196792945,0.0,0,0.010315829195338355
1775059199999,10227.951196792945,10227.951196792945,0.0,0,0.010315829195338355
1775073599999,10227.951196792945,10227.951196792945,0.0,0,0.010315829195338355
1775087999999,10227.951196792945,10227.951196792945,0.0,0,0.010315829195338355
1775102399999,10227.951196792945,10227.951196792945,0.0,0,0.010315829195338355
1775116799999,10227.951196792945,10227.951196792945,0.0,0,0.010315829195338355
1775131199999,10227.951196792945,10227.951196792945,0.0,0,0.010315829195338355
1775145599999,10227.951196792945,10227.951196792945,0.0,0,0.010315829195338355
1775159999999,10227.951196792945,10227.951196792945,0.0,0,0.010315829195338355
1775174399999,10227.951196792945,10227.951196792945,0.0,0,0.010315829195338355
1775188799999,10227.951196792945,10227.951196792945,0.0,0,0.010315829195338355
1775203199999,10227.951196792945,10227.951196792945,0.0,0,0.010315829195338355
1775217599999,10227.951196792945,10227.951196792945,0.0,0,0.010315829195338355
1775231999999,10227.951196792945,10227.951196792945,0.0,0,0.010315829195338355
1775246399999,10227.951196792945,10227.951196792945,0.0,0,0.010315829195338355
1775260799999,10227.951196792945,10227.951196792945,0.0,0,0.010315829195338355
1775275199999,10227.951196792945,10227.951196792945,0.0,0,0.010315829195338355
1775289599999,10227.951196792945,10227.951196792945,0.0,0,0.010315829195338355
1775303999999,10227.951196792945,10227.951196792945,0.0,0,0.010315829195338355
1775318399999,10227.951196792945,10227.951196792945,0.0,0,0.010315829195338355
1775332799999,10227.951196792945,10227.951196792945,0.0,0,0.010315829195338355
1775347199999,10227.951196792945,10227.951196792945,0.0,0,0.010315829195338355
1775361599999,10227.951196792945,10227.951196792945,0.0,0,0.010315829195338355
1775375999999,10227.951196792945,10227.951196792945,0.0,0,0.010315829195338355
1775390399999,10227.951196792945,10227.951196792945,0.0,0,0.010315829195338355
1775404799999,10227.951196792945,10227.951196792945,0.0,0,0.010315829195338355
1775419199999,10227.951196792945,10227.951196792945,0.0,0,0.010315829195338355
1775433599999,10227.951196792945,10227.951196792945,0.0,0,0.010315829195338355
1775447999999,10227.951196792945,10227.951196792945,0.0,0,0.010315829195338355
1775462399999,10227.951196792945,10227.951196792945,0.0,0,0.010315829195338355
1775476799999,10227.951196792945,10227.951196792945,0.0,0,0.010315829195338355
1775491199999,10227.951196792945,10227.951196792945,0.0,0,0.010315829195338355
1775505599999,10227.951196792945,10227.951196792945,0.0,0,0.010315829195338355
1775519999999,10227.951196792945,10227.951196792945,0.0,0,0.010315829195338355
1775534399999,10227.951196792945,10227.951196792945,0.0,0,0.010315829195338355
1775548799999,10227.951196792945,10227.951196792945,0.0,0,0.010315829195338355
1775563199999,10227.951196792945,10227.951196792945,0.0,0,0.010315829195338355
1775577599999,10227.951196792945,10227.951196792945,0.0,0,0.010315829195338355
1775591999999,10227.951196792945,10227.951196792945,0.0,0,0.010315829195338355
1775606399999,10227.951196792945,10227.951196792945,0.0,0,0.010315829195338355
1775620799999,10177.913696792944,10227.533034440452,190.3311762466692,1,0.010356291713503163
1775635199999,10177.913696792944,10227.628200028574,190.3311762466692,1,0.010347083234272358
1775649599999,10177.913696792944,10226.96204091171,190.3311762466692,1,0.010411542588888989
1775663999999,10226.925254653623,10226.925254653623,0.0,0,0.010415102126535625
1775678399999,10226.925254653623,10226.925254653623,0.0,0,0.010415102126535625
1775692799999,10226.925254653623,10226.925254653623,0.0,0,0.010415102126535625
1775707199999,10226.925254653623,10226.925254653623,0.0,0,0.010415102126535625
1775721599999,10226.925254653623,10226.925254653623,0.0,0,0.010415102126535625
1775735999999,10226.925254653623,10226.925254653623,0.0,0,0.010415102126535625
1775750399999,10226.925254653623,10226.925254653623,0.0,0,0.010415102126535625
1775764799999,10226.925254653623,10226.925254653623,0.0,0,0.010415102126535625
1775779199999,10226.925254653623,10226.925254653623,0.0,0,0.010415102126535625
1775793599999,10226.925254653623,10226.925254653623,0.0,0,0.010415102126535625
1775807999999,10226.925254653623,10226.925254653623,0.0,0,0.010415102126535625
1775822399999,10226.925254653623,10226.925254653623,0.0,0,0.010415102126535625
1775836799999,10226.925254653623,10226.925254653623,0.0,0,0.010415102126535625
1775851199999,10226.925254653623,10226.925254653623,0.0,0,0.010415102126535625
1775865599999,10226.925254653623,10226.925254653623,0.0,0,0.010415102126535625
1775879999999,10226.925254653623,10226.925254653623,0.0,0,0.010415102126535625
1775894399999,10226.925254653623,10226.925254653623,0.0,0,0.010415102126535625
1775908799999,10226.925254653623,10226.925254653623,0.0,0,0.010415102126535625
1775923199999,10226.925254653623,10226.925254653623,0.0,0,0.010415102126535625
1775937599999,10226.925254653623,10226.925254653623,0.0,0,0.010415102126535625
1775951999999,10226.925254653623,10226.925254653623,0.0,0,0.010415102126535625
1775966399999,10226.925254653623,10226.925254653623,0.0,0,0.010415102126535625
1775980799999,10226.925254653623,10226.925254653623,0.0,0,0.010415102126535625
1775995199999,10226.925254653623,10226.925254653623,0.0,0,0.010415102126535625
1776009599999,10226.925254653623,10226.925254653623,0.0,0,0.010415102126535625
1776023999999,10226.925254653623,10226.925254653623,0.0,0,0.010415102126535625
1776038399999,10226.925254653623,10226.925254653623,0.0,0,0.010415102126535625
1776052799999,10226.925254653623,10226.925254653623,0.0,0,0.010415102126535625
1776067199999,10226.925254653623,10226.925254653623,0.0,0,0.010415102126535625
1776081599999,10226.925254653623,10226.925254653623,0.0,0,0.010415102126535625
1776095999999,10226.925254653623,10226.925254653623,0.0,0,0.010415102126535625
1776110399999,10226.925254653623,10226.925254653623,0.0,0,0.010415102126535625
1776124799999,10226.925254653623,10226.925254653623,0.0,0,0.010415102126535625
1776139199999,10226.925254653623,10226.925254653623,0.0,0,0.010415102126535625
1776153599999,10226.925254653623,10226.925254653623,0.0,0,0.010415102126535625
1776167999999,10226.925254653623,10226.925254653623,0.0,0,0.010415102126535625
1776182399999,10226.925254653623,10226.925254653623,0.0,0,0.010415102126535625
1776196799999,10226.925254653623,10226.925254653623,0.0,0,0.010415102126535625
1776211199999,10226.925254653623,10226.925254653623,0.0,0,0.010415102126535625
1776225599999,10226.925254653623,10226.925254653623,0.0,0,0.010415102126535625
1776239999999,10226.925254653623,10226.925254653623,0.0,0,0.010415102126535625
1776254399999,10226.925254653623,10226.925254653623,0.0,0,0.010415102126535625
1776268799999,10226.925254653623,10226.925254653623,0.0,0,0.010415102126535625
1776283199999,10226.925254653623,10226.925254653623,0.0,0,0.010415102126535625
1776297599999,10226.925254653623,10226.925254653623,0.0,0,0.010415102126535625
1776311999999,10226.925254653623,10226.925254653623,0.0,0,0.010415102126535625
1776326399999,10226.925254653623,10226.925254653623,0.0,0,0.010415102126535625
1776340799999,10226.925254653623,10226.925254653623,0.0,0,0.010415102126535625
1776355199999,10226.925254653623,10226.925254653623,0.0,0,0.010415102126535625
1776369599999,10226.925254653623,10226.925254653623,0.0,0,0.010415102126535625
1776383999999,10226.925254653623,10226.925254653623,0.0,0,0.010415102126535625
1776398399999,10226.925254653623,10226.925254653623,0.0,0,0.010415102126535625
1776412799999,10226.925254653623,10226.925254653623,0.0,0,0.010415102126535625
1776427199999,10226.925254653623,10226.925254653623,0.0,0,0.010415102126535625
1776441599999,10226.925254653623,10226.925254653623,0.0,0,0.010415102126535625
1776455999999,10176.887754653622,10226.41355131523,189.6813353566009,1,0.01046461592303416
1776470399999,10176.887754653622,10225.939347976839,189.6813353566009,1,0.01051050111829166
1776484799999,10176.887754653622,10225.635857840269,189.6813353566009,1,0.010539867643256429
1776499199999,10176.887754653622,10225.939347976839,189.6813353566009,1,0.01051050111829166
1776513599999,10176.887754653622,10224.49776982813,189.6813353566009,1,0.01064999211187434
1776527999999,10224.462062316748,10224.462062316748,0.0,0,0.010653447267077176
1776542399999,10224.462062316748,10224.462062316748,0.0,0,0.010653447267077176
1776556799999,10224.462062316748,10224.462062316748,0.0,0,0.010653447267077176
1776571199999,10224.462062316748,10224.462062316748,0.0,0,0.010653447267077176
1776585599999,10224.462062316748,10224.462062316748,0.0,0,0.010653447267077176
1776599999999,10224.462062316748,10224.462062316748,0.0,0,0.010653447267077176
1776614399999,10224.462062316748,10224.462062316748,0.0,0,0.010653447267077176
1776628799999,10224.462062316748,10224.462062316748,0.0,0,0.010653447267077176
1776643199999,10224.462062316748,10224.462062316748,0.0,0,0.010653447267077176
1776657599999,10224.462062316748,10224.462062316748,0.0,0,0.010653447267077176
1776671999999,10224.462062316748,10224.462062316748,0.0,0,0.010653447267077176
1776686399999,10224.462062316748,10224.462062316748,0.0,0,0.010653447267077176
1776700799999,10224.462062316748,10224.462062316748,0.0,0,0.010653447267077176
1776715199999,10224.462062316748,10224.462062316748,0.0,0,0.010653447267077176
1776729599999,10224.462062316748,10224.462062316748,0.0,0,0.010653447267077176
1776743999999,10224.462062316748,10224.462062316748,0.0,0,0.010653447267077176
1776758399999,10224.462062316748,10224.462062316748,0.0,0,0.010653447267077176
1776772799999,10224.462062316748,10224.462062316748,0.0,0,0.010653447267077176
1776787199999,10224.462062316748,10224.462062316748,0.0,0,0.010653447267077176
1776801599999,10224.462062316748,10224.462062316748,0.0,0,0.010653447267077176
1776815999999,10224.462062316748,10224.462062316748,0.0,0,0.010653447267077176
1776830399999,10224.462062316748,10224.462062316748,0.0,0,0.010653447267077176
1776844799999,10174.424562316748,10224.522871400508,196.61816751867872,1,0.010647563215962719
1776859199999,10174.424562316748,10224.680165934522,196.61816751867872,1,0.010632342972194286
1776873599999,10174.424562316748,10224.562195034012,196.61816751867872,1,0.01064375815502061
1776887999999,10174.424562316748,10224.050987798462,196.61816751867872,1,0.010693223947268682
1776902399999,10174.424562316748,10223.264515128389,196.61816751867872,1,0.01076932516611162
1776916799999,10223.20823809339,10223.20823809339,0.0,0,0.010774770683952606
1776931199999,10223.20823809339,10223.20823809339,0.0,0,0.010774770683952606
1776945599999,10223.20823809339,10223.20823809339,0.0,0,0.010774770683952606
1776959999999,10223.20823809339,10223.20823809339,0.0,0,0.010774770683952606
1776974399999,10223.20823809339,10223.20823809339,0.0,0,0.010774770683952606
1776988799999,10223.20823809339,10223.20823809339,0.0,0,0.010774770683952606
1777003199999,10223.20823809339,10223.20823809339,0.0,0,0.010774770683952606
1777017599999,10223.20823809339,10223.20823809339,0.0,0,0.010774770683952606
1777031999999,10223.20823809339,10223.20823809339,0.0,0,0.010774770683952606
1777046399999,10223.20823809339,10223.20823809339,0.0,0,0.010774770683952606
1777060799999,10223.20823809339,10223.20823809339,0.0,0,0.010774770683952606
1777075199999,10223.20823809339,10223.20823809339,0.0,0,0.010774770683952606
1777089599999,10223.20823809339,10223.20823809339,0.0,0,0.010774770683952606
1777103999999,10223.20823809339,10223.20823809339,0.0,0,0.010774770683952606
1777118399999,10223.20823809339,10223.20823809339,0.0,0,0.010774770683952606
1777132799999,10223.20823809339,10223.20823809339,0.0,0,0.010774770683952606
1777147199999,10223.20823809339,10223.20823809339,0.0,0,0.010774770683952606
1777161599999,10223.20823809339,10223.20823809339,0.0,0,0.010774770683952606
1777175999999,10223.20823809339,10223.20823809339,0.0,0,0.010774770683952606
1777190399999,10223.20823809339,10223.20823809339,0.0,0,0.010774770683952606
1777204799999,10223.20823809339,10223.20823809339,0.0,0,0.010774770683952606
1777219199999,10223.20823809339,10223.20823809339,0.0,0,0.010774770683952606
1777233599999,10223.20823809339,10223.20823809339,0.0,0,0.010774770683952606
1777247999999,10223.20823809339,10223.20823809339,0.0,0,0.010774770683952606
1777262399999,10223.20823809339,10223.20823809339,0.0,0,0.010774770683952606
1777276799999,10223.20823809339,10223.20823809339,0.0,0,0.010774770683952606
1777291199999,10223.20823809339,10223.20823809339,0.0,0,0.010774770683952606
1777305599999,10223.20823809339,10223.20823809339,0.0,0,0.010774770683952606
1777319999999,10223.20823809339,10223.20823809339,0.0,0,0.010774770683952606
1777334399999,10223.20823809339,10223.20823809339,0.0,0,0.010774770683952606
1777348799999,10223.20823809339,10223.20823809339,0.0,0,0.010774770683952606
1777363199999,10223.20823809339,10223.20823809339,0.0,0,0.010774770683952606
1777377599999,10223.20823809339,10223.20823809339,0.0,0,0.010774770683952606
1777391999999,10223.20823809339,10223.20823809339,0.0,0,0.010774770683952606
1777406399999,10223.20823809339,10223.20823809339,0.0,0,0.010774770683952606
1777420799999,10223.20823809339,10223.20823809339,0.0,0,0.010774770683952606
1777435199999,10223.20823809339,10223.20823809339,0.0,0,0.010774770683952606
1777449599999,10223.20823809339,10223.20823809339,0.0,0,0.010774770683952606
1777463999999,10223.20823809339,10223.20823809339,0.0,0,0.010774770683952606
1777478399999,10223.20823809339,10223.20823809339,0.0,0,0.010774770683952606
1777492799999,10223.20823809339,10223.20823809339,0.0,0,0.010774770683952606
1777507199999,10223.20823809339,10223.20823809339,0.0,0,0.010774770683952606
1777521599999,10223.20823809339,10223.20823809339,0.0,0,0.010774770683952606
1777535999999,10223.20823809339,10223.20823809339,0.0,0,0.010774770683952606
1777550399999,10223.20823809339,10223.20823809339,0.0,0,0.010774770683952606
1777564799999,10223.20823809339,10223.20823809339,0.0,0,0.010774770683952606
1777579199999,10223.20823809339,10223.20823809339,0.0,0,0.010774770683952606
1777593599999,10223.20823809339,10223.20823809339,0.0,0,0.010774770683952606
1777607999999,10223.20823809339,10223.20823809339,0.0,0,0.010774770683952606
1777622399999,10223.20823809339,10223.20823809339,0.0,0,0.010774770683952606
1777636799999,10223.20823809339,10223.20823809339,0.0,0,0.010774770683952606
1777651199999,10223.20823809339,10223.20823809339,0.0,0,0.010774770683952606
1777665599999,10223.20823809339,10223.20823809339,0.0,0,0.010774770683952606
1777679999999,10223.20823809339,10223.20823809339,0.0,0,0.010774770683952606
1777694399999,10223.20823809339,10223.20823809339,0.0,0,0.010774770683952606
1777708799999,10223.20823809339,10223.20823809339,0.0,0,0.010774770683952606
1777723199999,10223.20823809339,10223.20823809339,0.0,0,0.010774770683952606
1777737599999,10223.20823809339,10223.20823809339,0.0,0,0.010774770683952606
1777751999999,10223.20823809339,10223.20823809339,0.0,0,0.010774770683952606
1777766399999,10223.20823809339,10223.20823809339,0.0,0,0.010774770683952606
1777780799999,10223.20823809339,10223.20823809339,0.0,0,0.010774770683952606
1777795199999,10223.20823809339,10223.20823809339,0.0,0,0.010774770683952606
1777809599999,10223.20823809339,10223.20823809339,0.0,0,0.010774770683952606
1777823999999,10223.20823809339,10223.20823809339,0.0,0,0.010774770683952606
1777838399999,10223.20823809339,10223.20823809339,0.0,0,0.010774770683952606
1777852799999,10223.20823809339,10223.20823809339,0.0,0,0.010774770683952606
1777867199999,10223.20823809339,10223.20823809339,0.0,0,0.010774770683952606
1777881599999,10173.17073809339,10222.776571755196,197.0831690973591,1,0.010816539884231369
1777895999999,10173.17073809339,10222.145905614083,197.0831690973591,1,0.010877564842691978
1777910399999,10222.109174238443,10222.109174238443,0.0,0,0.010881119069764744
1777924799999,10222.109174238443,10222.109174238443,0.0,0,0.010881119069764744
1777939199999,10222.109174238443,10222.109174238443,0.0,0,0.010881119069764744
1777953599999,10222.109174238443,10222.109174238443,0.0,0,0.010881119069764744
1777967999999,10222.109174238443,10222.109174238443,0.0,0,0.010881119069764744
1777982399999,10172.071674238443,10222.422278056129,194.77989871445268,1,0.010850822299060647
1777996799999,10172.071674238443,10222.091152228315,194.77989871445268,1,0.010882862928119796
1778011199999,10172.071674238443,10222.461234035873,194.77989871445268,1,0.010847052813288904
1778025599999,10122.034174238443,10223.704312108277,388.05396133524897,2,0.010726769222991872
1778039999999,10122.034174238443,10224.480420030948,388.05396133524897,2,0.010651670925089896
1778054399999,10122.034174238443,10224.868473992283,388.05396133524897,2,0.010614121776138963
1778068799999,10122.034174238443,10227.507240929363,388.05396133524897,2,0.010358787563272354
1778083199999,10122.034174238443,10225.877414291755,388.05396133524897,2,0.010516493988866338
1778097599999,10122.034174238443,10225.411749538152,388.05396133524897,2,0.010561552967607524
1778111999999,10122.034174238443,10225.644581914954,388.05396133524897,2,0.010539023478236986
1778126399999,10122.034174238443,10224.402809238682,388.05396133524897,2,0.010659180754880038
1778140799999,10122.034174238443,10226.187857460824,388.05396133524897,2,0.010486454669705547
1778155199999,10122.034174238443,10226.032635876289,388.05396133524897,2,0.010501474329286054
1778169599999,10122.034174238443,10223.62670131601,388.05396133524897,2,0.010734279052782014
1778183999999,10122.034174238443,10224.092366069613,388.05396133524897,2,0.010689220074040717
1778198399999,10122.034174238443,10223.975949881213,388.05396133524897,2,0.010700484818726097
1778212799999,10122.034174238443,10223.665506712145,388.05396133524897,2,0.010730524137886777
1778227199999,10122.034174238443,10223.704312108277,388.05396133524897,2,0.010726769222991872
1778241599999,10122.034174238443,10224.635641615483,388.05396133524897,2,0.01063665126550939
1778255999999,10122.034174238443,10226.653522214425,388.05396133524897,2,0.010441395690964583
1778270399999,10122.034174238443,10227.507240929363,388.05396133524897,2,0.010358787563272354
1778284799999,10122.034174238443,10228.1281272675,388.05396133524897,2,0.010298708924950661
1778299199999,10122.034174238443,10229.253483755372,388.05396133524897,2,0.01018981639299299
1778313599999,10071.996674238442,10228.590065404056,569.016683014583,3,0.01025401054373598
1778327999999,10071.996674238442,10227.679638711232,569.016683014583,3,0.01034210588846629
1778342399999,10071.996674238442,10225.858785325585,569.016683014583,3,0.010518296577926689
1778356799999,10071.996674238442,10227.167523696518,569.016683014583,3,0.010391659519877083
1778371199999,10071.996674238442,10226.086391998791,569.016683014583,3,0.01049627274174414
1778385599999,10071.996674238442,10225.63117865238,569.016683014583,3,0.010540320414109128
1778399999999,10071.996674238442,10226.02949033049,569.016683014583,3,0.010501778700789832
1778414399999,10071.996674238442,10227.22442536482,569.016683014583,3,0.01038615356083139
1778428799999,10071.996674238442,10232.174870507048,569.016683014583,3,0.009907135123860766
1778443199999,10071.996674238442,10235.304462263628,569.016683014583,3,0.009604307376350651
1778457599999,10071.996674238442,10232.686985521761,569.016683014583,3,0.009857581492449974
1778471999999,10071.996674238442,10229.329787091974,569.016683014583,3,0.01018243307614275
1778486399999,10071.996674238442,10230.069508779894,569.016683014583,3,0.010110855608549407
1778500799999,10071.996674238442,10230.979935472717,569.016683014583,3,0.010022760263819208
1778515199999,10071.996674238442,10232.686985521761,569.016683014583,3,0.009857581492449974
1778529599999,10071.996674238442,10232.004165502143,569.016683014583,3,0.009923653000997734
1778543999999,10071.996674238442,10231.548952155732,569.016683014583,3,0.009967700673362723
1778558399999,10071.996674238442,10229.728098770085,569.016683014583,3,0.010143891362823232
1778572799999,10071.996674238442,10229.55739376518,569.016683014583,3,0.010160409239960089
1778587199999,10071.996674238442,10228.191753725945,569.016683014583,3,0.010292552257055498
1778601599999,10071.996674238442,10225.119063637667,569.016683014583,3,0.01058987404551992
1778615999999,10071.996674238442,10226.76921201841,569.016683014583,3,0.010430201233196379
1778630399999,10071.996674238442,10226.257097003696,569.016683014583,3,0.010479754864607171
1778644799999,10071.996674238442,10227.964147052739,569.016683014583,3,0.01031457609323816
1778659199999,10071.996674238442,10227.508933706327,569.016683014583,3,0.010358623765603148
1778673599999,10071.996674238442,10225.972588662189,569.016683014583,3,0.010507284659835303
1778687999999,10071.996674238442,10221.079045188262,569.016683014583,3,0.010980797137760345
1778702399999,10220.96723341005,10220.96723341005,0.0,0,0.01099161634728496
1778716799999,10220.96723341005,10220.96723341005,0.0,0,0.01099161634728496
1778731199999,10220.96723341005,10220.96723341005,0.0,0,0.01099161634728496
1778745599999,10220.96723341005,10220.96723341005,0.0,0,0.01099161634728496
1778759999999,10220.96723341005,10220.96723341005,0.0,0,0.01099161634728496
1778774399999,10220.96723341005,10220.96723341005,0.0,0,0.01099161634728496
1778788799999,10220.96723341005,10220.96723341005,0.0,0,0.01099161634728496
1778803199999,10220.96723341005,10220.96723341005,0.0,0,0.01099161634728496
1778817599999,10220.96723341005,10220.96723341005,0.0,0,0.01099161634728496
1778831999999,10220.96723341005,10220.96723341005,0.0,0,0.01099161634728496
1778846399999,10220.96723341005,10220.96723341005,0.0,0,0.01099161634728496
1778860799999,10220.96723341005,10220.96723341005,0.0,0,0.01099161634728496
1778875199999,10220.96723341005,10220.96723341005,0.0,0,0.01099161634728496
1778889599999,10220.96723341005,10220.96723341005,0.0,0,0.01099161634728496
1778903999999,10220.96723341005,10220.96723341005,0.0,0,0.01099161634728496
1778918399999,10220.96723341005,10220.96723341005,0.0,0,0.01099161634728496
1778932799999,10220.96723341005,10220.96723341005,0.0,0,0.01099161634728496
1778947199999,10220.96723341005,10220.96723341005,0.0,0,0.01099161634728496
1778961599999,10220.96723341005,10220.96723341005,0.0,0,0.01099161634728496
1778975999999,10220.96723341005,10220.96723341005,0.0,0,0.01099161634728496
1778990399999,10220.96723341005,10220.96723341005,0.0,0,0.01099161634728496
1779004799999,10220.96723341005,10220.96723341005,0.0,0,0.01099161634728496
1779019199999,10220.96723341005,10220.96723341005,0.0,0,0.01099161634728496
1779033599999,10220.96723341005,10220.96723341005,0.0,0,0.01099161634728496
1779047999999,10220.96723341005,10220.96723341005,0.0,0,0.01099161634728496
1779062399999,10220.96723341005,10220.96723341005,0.0,0,0.01099161634728496
1779076799999,10220.96723341005,10220.96723341005,0.0,0,0.01099161634728496
1779091199999,10220.96723341005,10220.96723341005,0.0,0,0.01099161634728496
1779105599999,10220.96723341005,10220.96723341005,0.0,0,0.01099161634728496
1779119999999,10220.96723341005,10220.96723341005,0.0,0,0.01099161634728496
1779134399999,10220.96723341005,10220.96723341005,0.0,0,0.01099161634728496
1779148799999,10220.96723341005,10220.96723341005,0.0,0,0.01099161634728496
1779163199999,10220.96723341005,10220.96723341005,0.0,0,0.01099161634728496
1779177599999,10220.96723341005,10220.96723341005,0.0,0,0.01099161634728496
1779191999999,10220.96723341005,10220.96723341005,0.0,0,0.01099161634728496
1779206399999,10220.96723341005,10220.96723341005,0.0,0,0.01099161634728496
1779220799999,10220.96723341005,10220.96723341005,0.0,0,0.01099161634728496
1779235199999,10220.96723341005,10220.96723341005,0.0,0,0.01099161634728496
1779249599999,10220.96723341005,10220.96723341005,0.0,0,0.01099161634728496
1779263999999,10220.96723341005,10220.96723341005,0.0,0,0.01099161634728496
1779278399999,10220.96723341005,10220.96723341005,0.0,0,0.01099161634728496
1779292799999,10220.96723341005,10220.96723341005,0.0,0,0.01099161634728496
1779307199999,10220.96723341005,10220.96723341005,0.0,0,0.01099161634728496
1779321599999,10220.96723341005,10220.96723341005,0.0,0,0.01099161634728496
1779335999999,10220.96723341005,10220.96723341005,0.0,0,0.01099161634728496
1779350399999,10220.96723341005,10220.96723341005,0.0,0,0.01099161634728496
1779364799999,10220.96723341005,10220.96723341005,0.0,0,0.01099161634728496
1779379199999,10220.96723341005,10220.96723341005,0.0,0,0.01099161634728496
1779393599999,10220.96723341005,10220.96723341005,0.0,0,0.01099161634728496
1779407999999,10220.96723341005,10220.96723341005,0.0,0,0.01099161634728496
1779422399999,10220.96723341005,10220.96723341005,0.0,0,0.01099161634728496
1779436799999,10220.96723341005,10220.96723341005,0.0,0,0.01099161634728496
1779451199999,10220.96723341005,10220.96723341005,0.0,0,0.01099161634728496
1779465599999,10220.96723341005,10220.96723341005,0.0,0,0.01099161634728496
1779479999999,10220.96723341005,10220.96723341005,0.0,0,0.01099161634728496
1779494399999,10220.96723341005,10220.96723341005,0.0,0,0.01099161634728496
1779508799999,10220.96723341005,10220.96723341005,0.0,0,0.01099161634728496
1779523199999,10220.96723341005,10220.96723341005,0.0,0,0.01099161634728496
1779537599999,10220.96723341005,10220.96723341005,0.0,0,0.01099161634728496
1779551999999,10220.96723341005,10220.96723341005,0.0,0,0.01099161634728496
1779566399999,10220.96723341005,10220.96723341005,0.0,0,0.01099161634728496
1779580799999,10220.96723341005,10220.96723341005,0.0,0,0.01099161634728496
1779595199999,10220.96723341005,10220.96723341005,0.0,0,0.01099161634728496
1779609599999,10220.96723341005,10220.96723341005,0.0,0,0.01099161634728496
1779623999999,10220.96723341005,10220.96723341005,0.0,0,0.01099161634728496
1779638399999,10220.96723341005,10220.96723341005,0.0,0,0.01099161634728496
1779652799999,10220.96723341005,10220.96723341005,0.0,0,0.01099161634728496
1779667199999,10220.96723341005,10220.96723341005,0.0,0,0.01099161634728496
1779681599999,10220.96723341005,10220.96723341005,0.0,0,0.01099161634728496
1779695999999,10220.96723341005,10220.96723341005,0.0,0,0.01099161634728496
1779710399999,10220.96723341005,10220.96723341005,0.0,0,0.01099161634728496
1779724799999,10220.96723341005,10220.96723341005,0.0,0,0.01099161634728496
1779739199999,10220.96723341005,10220.96723341005,0.0,0,0.01099161634728496
1779753599999,10220.96723341005,10220.96723341005,0.0,0,0.01099161634728496
1779767999999,10220.96723341005,10220.96723341005,0.0,0,0.01099161634728496
1779782399999,10220.96723341005,10220.96723341005,0.0,0,0.01099161634728496
1779796799999,10220.96723341005,10220.96723341005,0.0,0,0.01099161634728496
1779811199999,10220.96723341005,10220.96723341005,0.0,0,0.01099161634728496
1779825599999,10220.96723341005,10220.96723341005,0.0,0,0.01099161634728496
1779839999999,10220.96723341005,10220.96723341005,0.0,0,0.01099161634728496
1779854399999,10220.96723341005,10220.96723341005,0.0,0,0.01099161634728496
1779868799999,10220.96723341005,10220.96723341005,0.0,0,0.01099161634728496
1779883199999,10220.96723341005,10220.96723341005,0.0,0,0.01099161634728496
1779897599999,10220.96723341005,10220.96723341005,0.0,0,0.01099161634728496
1779911999999,10220.96723341005,10220.96723341005,0.0,0,0.01099161634728496
1779926399999,10220.96723341005,10220.96723341005,0.0,0,0.01099161634728496
1779940799999,10220.96723341005,10220.96723341005,0.0,0,0.01099161634728496
1779955199999,10220.96723341005,10220.96723341005,0.0,0,0.01099161634728496
1779969599999,10220.96723341005,10220.96723341005,0.0,0,0.01099161634728496
1779983999999,10220.96723341005,10220.96723341005,0.0,0,0.01099161634728496
1779998399999,10220.96723341005,10220.96723341005,0.0,0,0.01099161634728496
1780012799999,10220.96723341005,10220.96723341005,0.0,0,0.01099161634728496
1780027199999,10220.96723341005,10220.96723341005,0.0,0,0.01099161634728496
1780041599999,10220.96723341005,10220.96723341005,0.0,0,0.01099161634728496
1780055999999,10220.96723341005,10220.96723341005,0.0,0,0.01099161634728496
1780070399999,10220.96723341005,10220.96723341005,0.0,0,0.01099161634728496
1780084799999,10220.96723341005,10220.96723341005,0.0,0,0.01099161634728496
1780099199999,10220.96723341005,10220.96723341005,0.0,0,0.01099161634728496
1780113599999,10220.96723341005,10220.96723341005,0.0,0,0.01099161634728496
1780127999999,10220.96723341005,10220.96723341005,0.0,0,0.01099161634728496
1780142399999,10220.96723341005,10220.96723341005,0.0,0,0.01099161634728496
1780156799999,10220.96723341005,10220.96723341005,0.0,0,0.01099161634728496
1780171199999,10220.96723341005,10220.96723341005,0.0,0,0.01099161634728496
1780185599999,10220.96723341005,10220.96723341005,0.0,0,0.01099161634728496
1780199999999,10220.96723341005,10220.96723341005,0.0,0,0.01099161634728496
1780214399999,10220.96723341005,10220.96723341005,0.0,0,0.01099161634728496
1780228799999,10220.96723341005,10220.96723341005,0.0,0,0.01099161634728496
1780243199999,10220.96723341005,10220.96723341005,0.0,0,0.01099161634728496
1780257599999,10220.96723341005,10220.96723341005,0.0,0,0.01099161634728496
1780271999999,10220.96723341005,10220.96723341005,0.0,0,0.01099161634728496
1780286399999,10220.96723341005,10220.96723341005,0.0,0,0.01099161634728496
1780300799999,10220.96723341005,10220.96723341005,0.0,0,0.01099161634728496
1780315199999,10220.96723341005,10220.96723341005,0.0,0,0.01099161634728496
1780329599999,10220.96723341005,10220.96723341005,0.0,0,0.01099161634728496
1780343999999,10220.96723341005,10220.96723341005,0.0,0,0.01099161634728496
1780358399999,10220.96723341005,10220.96723341005,0.0,0,0.01099161634728496
1780372799999,10220.96723341005,10220.96723341005,0.0,0,0.01099161634728496
1780387199999,10220.96723341005,10220.96723341005,0.0,0,0.01099161634728496
1780401599999,10220.96723341005,10220.96723341005,0.0,0,0.01099161634728496
1780415999999,10220.96723341005,10220.96723341005,0.0,0,0.01099161634728496
1780430399999,10220.96723341005,10220.96723341005,0.0,0,0.01099161634728496
1780444799999,10220.96723341005,10220.96723341005,0.0,0,0.01099161634728496
1780459199999,10220.96723341005,10220.96723341005,0.0,0,0.01099161634728496
1780473599999,10220.96723341005,10220.96723341005,0.0,0,0.01099161634728496
1780487999999,10220.96723341005,10220.96723341005,0.0,0,0.01099161634728496
1780502399999,10220.96723341005,10220.96723341005,0.0,0,0.01099161634728496
1780516799999,10220.96723341005,10220.96723341005,0.0,0,0.01099161634728496
1780531199999,10220.96723341005,10220.96723341005,0.0,0,0.01099161634728496
1780545599999,10220.96723341005,10220.96723341005,0.0,0,0.01099161634728496
1780559999999,10220.96723341005,10220.96723341005,0.0,0,0.01099161634728496
1780574399999,10220.96723341005,10220.96723341005,0.0,0,0.01099161634728496
1780588799999,10220.96723341005,10220.96723341005,0.0,0,0.01099161634728496
1780603199999,10220.96723341005,10220.96723341005,0.0,0,0.01099161634728496
1780617599999,10220.96723341005,10220.96723341005,0.0,0,0.01099161634728496
1780631999999,10220.96723341005,10220.96723341005,0.0,0,0.01099161634728496
1780646399999,10220.96723341005,10220.96723341005,0.0,0,0.01099161634728496
1780660799999,10220.96723341005,10220.96723341005,0.0,0,0.01099161634728496
1780675199999,10220.96723341005,10220.96723341005,0.0,0,0.01099161634728496
1780689599999,10220.96723341005,10220.96723341005,0.0,0,0.01099161634728496
1780703999999,10220.96723341005,10220.96723341005,0.0,0,0.01099161634728496
1780718399999,10220.96723341005,10220.96723341005,0.0,0,0.01099161634728496
1780732799999,10220.96723341005,10220.96723341005,0.0,0,0.01099161634728496
1780747199999,10220.96723341005,10220.96723341005,0.0,0,0.01099161634728496
1780761599999,10220.96723341005,10220.96723341005,0.0,0,0.01099161634728496
1780775999999,10220.96723341005,10220.96723341005,0.0,0,0.01099161634728496
1780790399999,10220.96723341005,10220.96723341005,0.0,0,0.01099161634728496
1780804799999,10220.96723341005,10220.96723341005,0.0,0,0.01099161634728496
1780819199999,10220.96723341005,10220.96723341005,0.0,0,0.01099161634728496
1780833599999,10220.96723341005,10220.96723341005,0.0,0,0.01099161634728496
1780847999999,10220.96723341005,10220.96723341005,0.0,0,0.01099161634728496
1780862399999,10220.96723341005,10220.96723341005,0.0,0,0.01099161634728496
1780876799999,10220.96723341005,10220.96723341005,0.0,0,0.01099161634728496
1780891199999,10220.96723341005,10220.96723341005,0.0,0,0.01099161634728496
1780905599999,10220.96723341005,10220.96723341005,0.0,0,0.01099161634728496
1780919999999,10220.96723341005,10220.96723341005,0.0,0,0.01099161634728496
1780934399999,10220.96723341005,10220.96723341005,0.0,0,0.01099161634728496
1780948799999,10220.96723341005,10220.96723341005,0.0,0,0.01099161634728496
1780963199999,10220.96723341005,10220.96723341005,0.0,0,0.01099161634728496
1780977599999,10220.96723341005,10220.96723341005,0.0,0,0.01099161634728496
1780991999999,10220.96723341005,10220.96723341005,0.0,0,0.01099161634728496
1781006399999,10220.96723341005,10220.96723341005,0.0,0,0.01099161634728496
1781020799999,10220.96723341005,10220.96723341005,0.0,0,0.01099161634728496
1781035199999,10220.96723341005,10220.96723341005,0.0,0,0.01099161634728496
1781049599999,10220.96723341005,10220.96723341005,0.0,0,0.01099161634728496
1781063999999,10220.96723341005,10220.96723341005,0.0,0,0.01099161634728496
1781078399999,10220.96723341005,10220.96723341005,0.0,0,0.01099161634728496
1781092799999,10220.96723341005,10220.96723341005,0.0,0,0.01099161634728496
1781107199999,10220.96723341005,10220.96723341005,0.0,0,0.01099161634728496
1781121599999,10220.96723341005,10220.96723341005,0.0,0,0.01099161634728496
1781135999999,10220.96723341005,10220.96723341005,0.0,0,0.01099161634728496
1781150399999,10220.96723341005,10220.96723341005,0.0,0,0.01099161634728496
1781164799999,10220.96723341005,10220.96723341005,0.0,0,0.01099161634728496
1781179199999,10220.96723341005,10220.96723341005,0.0,0,0.01099161634728496
1781193599999,10220.96723341005,10220.96723341005,0.0,0,0.01099161634728496
1781207999999,10220.96723341005,10220.96723341005,0.0,0,0.01099161634728496
1781222399999,10220.96723341005,10220.96723341005,0.0,0,0.01099161634728496
1781236799999,10220.96723341005,10220.96723341005,0.0,0,0.01099161634728496
1781251199999,10220.96723341005,10220.96723341005,0.0,0,0.01099161634728496
1781265599999,10220.96723341005,10220.96723341005,0.0,0,0.01099161634728496
1781279999999,10220.96723341005,10220.96723341005,0.0,0,0.01099161634728496
1781294399999,10220.96723341005,10220.96723341005,0.0,0,0.01099161634728496
1781308799999,10220.96723341005,10220.96723341005,0.0,0,0.01099161634728496
1781323199999,10220.96723341005,10220.96723341005,0.0,0,0.01099161634728496
1781337599999,10220.96723341005,10220.96723341005,0.0,0,0.01099161634728496
1781351999999,10220.96723341005,10220.96723341005,0.0,0,0.01099161634728496
1781366399999,10220.96723341005,10220.96723341005,0.0,0,0.01099161634728496
1781380799999,10220.96723341005,10220.96723341005,0.0,0,0.01099161634728496
1781395199999,10220.96723341005,10220.96723341005,0.0,0,0.01099161634728496
1781409599999,10220.96723341005,10220.96723341005,0.0,0,0.01099161634728496
1781423999999,10220.96723341005,10220.96723341005,0.0,0,0.01099161634728496
1781438399999,10220.96723341005,10220.96723341005,0.0,0,0.01099161634728496
1781452799999,10220.96723341005,10220.96723341005,0.0,0,0.01099161634728496
1781467199999,10220.96723341005,10220.96723341005,0.0,0,0.01099161634728496
1781481599999,10220.96723341005,10220.96723341005,0.0,0,0.01099161634728496
1781495999999,10220.96723341005,10220.96723341005,0.0,0,0.01099161634728496
1781510399999,10220.96723341005,10220.96723341005,0.0,0,0.01099161634728496
1781524799999,10220.96723341005,10220.96723341005,0.0,0,0.01099161634728496
1781539199999,10220.96723341005,10220.96723341005,0.0,0,0.01099161634728496
1781553599999,10220.96723341005,10220.96723341005,0.0,0,0.01099161634728496
1781567999999,10220.96723341005,10220.96723341005,0.0,0,0.01099161634728496
1781582399999,10220.96723341005,10220.96723341005,0.0,0,0.01099161634728496
1781596799999,10220.96723341005,10220.96723341005,0.0,0,0.01099161634728496
1781611199999,10220.96723341005,10220.96723341005,0.0,0,0.01099161634728496
1781625599999,10220.96723341005,10220.96723341005,0.0,0,0.01099161634728496
1781639999999,10220.96723341005,10220.96723341005,0.0,0,0.01099161634728496
1781654399999,10220.96723341005,10220.96723341005,0.0,0,0.01099161634728496
1781668799999,10220.96723341005,10220.96723341005,0.0,0,0.01099161634728496
1781683199999,10220.96723341005,10220.96723341005,0.0,0,0.01099161634728496
1781697599999,10220.96723341005,10220.96723341005,0.0,0,0.01099161634728496
1781711999999,10220.96723341005,10220.96723341005,0.0,0,0.01099161634728496
1781726399999,10220.96723341005,10220.96723341005,0.0,0,0.01099161634728496
1781740799999,10220.96723341005,10220.96723341005,0.0,0,0.01099161634728496
1781755199999,10220.96723341005,10220.96723341005,0.0,0,0.01099161634728496
1781769599999,10220.96723341005,10220.96723341005,0.0,0,0.01099161634728496
1781783999999,10220.96723341005,10220.96723341005,0.0,0,0.01099161634728496
1781798399999,10220.96723341005,10220.96723341005,0.0,0,0.01099161634728496
1781812799999,10220.96723341005,10220.96723341005,0.0,0,0.01099161634728496
1781827199999,10220.96723341005,10220.96723341005,0.0,0,0.01099161634728496
1781841599999,10220.96723341005,10220.96723341005,0.0,0,0.01099161634728496
1781855999999,10220.96723341005,10220.96723341005,0.0,0,0.01099161634728496
1781870399999,10220.96723341005,10220.96723341005,0.0,0,0.01099161634728496
1781884799999,10220.96723341005,10220.96723341005,0.0,0,0.01099161634728496
1781899199999,10220.96723341005,10220.96723341005,0.0,0,0.01099161634728496
1781913599999,10220.96723341005,10220.96723341005,0.0,0,0.01099161634728496
1781927999999,10220.96723341005,10220.96723341005,0.0,0,0.01099161634728496
1781942399999,10220.96723341005,10220.96723341005,0.0,0,0.01099161634728496
1781956799999,10220.96723341005,10220.96723341005,0.0,0,0.01099161634728496
1781971199999,10220.96723341005,10220.96723341005,0.0,0,0.01099161634728496
1781985599999,10220.96723341005,10220.96723341005,0.0,0,0.01099161634728496
1781999999999,10220.96723341005,10220.96723341005,0.0,0,0.01099161634728496
1782014399999,10220.96723341005,10220.96723341005,0.0,0,0.01099161634728496
1782028799999,10220.96723341005,10220.96723341005,0.0,0,0.01099161634728496
1782043199999,10220.96723341005,10220.96723341005,0.0,0,0.01099161634728496
1782057599999,10220.96723341005,10220.96723341005,0.0,0,0.01099161634728496
1782071999999,10220.96723341005,10220.96723341005,0.0,0,0.01099161634728496
1782086399999,10220.96723341005,10220.96723341005,0.0,0,0.01099161634728496
1782100799999,10220.96723341005,10220.96723341005,0.0,0,0.01099161634728496
1782115199999,10220.96723341005,10220.96723341005,0.0,0,0.01099161634728496
1782129599999,10220.96723341005,10220.96723341005,0.0,0,0.01099161634728496
1782143999999,10220.96723341005,10220.96723341005,0.0,0,0.01099161634728496
1782158399999,10220.96723341005,10220.96723341005,0.0,0,0.01099161634728496
1782172799999,10220.96723341005,10220.96723341005,0.0,0,0.01099161634728496
1782187199999,10220.96723341005,10220.96723341005,0.0,0,0.01099161634728496
1782201599999,10220.96723341005,10220.96723341005,0.0,0,0.01099161634728496
1782215999999,10220.96723341005,10220.96723341005,0.0,0,0.01099161634728496
1782230399999,10220.96723341005,10220.96723341005,0.0,0,0.01099161634728496
1782244799999,10220.96723341005,10220.96723341005,0.0,0,0.01099161634728496
1782259199999,10220.96723341005,10220.96723341005,0.0,0,0.01099161634728496
1782273599999,10220.96723341005,10220.96723341005,0.0,0,0.01099161634728496
1782287999999,10220.96723341005,10220.96723341005,0.0,0,0.01099161634728496
1782302399999,10220.96723341005,10220.96723341005,0.0,0,0.01099161634728496
1782316799999,10220.96723341005,10220.96723341005,0.0,0,0.01099161634728496
1782331199999,10220.96723341005,10220.96723341005,0.0,0,0.01099161634728496
1782345599999,10220.96723341005,10220.96723341005,0.0,0,0.01099161634728496
1782359999999,10220.96723341005,10220.96723341005,0.0,0,0.01099161634728496
1782374399999,10220.96723341005,10220.96723341005,0.0,0,0.01099161634728496
1782388799999,10220.96723341005,10220.96723341005,0.0,0,0.01099161634728496
1782403199999,10220.96723341005,10220.96723341005,0.0,0,0.01099161634728496
1782417599999,10220.96723341005,10220.96723341005,0.0,0,0.01099161634728496
1782431999999,10220.96723341005,10220.96723341005,0.0,0,0.01099161634728496
1782446399999,10220.96723341005,10220.96723341005,0.0,0,0.01099161634728496
1782460799999,10220.96723341005,10220.96723341005,0.0,0,0.01099161634728496
1782475199999,10220.96723341005,10220.96723341005,0.0,0,0.01099161634728496
1782489599999,10220.96723341005,10220.96723341005,0.0,0,0.01099161634728496
1782503999999,10220.96723341005,10220.96723341005,0.0,0,0.01099161634728496
1782518399999,10220.96723341005,10220.96723341005,0.0,0,0.01099161634728496
1782532799999,10220.96723341005,10220.96723341005,0.0,0,0.01099161634728496
1782547199999,10220.96723341005,10220.96723341005,0.0,0,0.01099161634728496
1782561599999,10220.96723341005,10220.96723341005,0.0,0,0.01099161634728496
1782575999999,10220.96723341005,10220.96723341005,0.0,0,0.01099161634728496
1782590399999,10220.96723341005,10220.96723341005,0.0,0,0.01099161634728496
1782604799999,10220.96723341005,10220.96723341005,0.0,0,0.01099161634728496
1782619199999,10220.96723341005,10220.96723341005,0.0,0,0.01099161634728496
1782633599999,10220.96723341005,10220.96723341005,0.0,0,0.01099161634728496
1782647999999,10220.96723341005,10220.96723341005,0.0,0,0.01099161634728496
1782662399999,10220.96723341005,10220.96723341005,0.0,0,0.01099161634728496
1782676799999,10220.96723341005,10220.96723341005,0.0,0,0.01099161634728496
1782691199999,10220.96723341005,10220.96723341005,0.0,0,0.01099161634728496
1782705599999,10220.96723341005,10220.96723341005,0.0,0,0.01099161634728496
1782719999999,10220.96723341005,10220.96723341005,0.0,0,0.01099161634728496
1782734399999,10220.96723341005,10220.96723341005,0.0,0,0.01099161634728496
1782748799999,10220.96723341005,10220.96723341005,0.0,0,0.01099161634728496
1782763199999,10220.96723341005,10220.96723341005,0.0,0,0.01099161634728496
1782777599999,10220.96723341005,10220.96723341005,0.0,0,0.01099161634728496
1782791999999,10220.96723341005,10220.96723341005,0.0,0,0.01099161634728496
1782806399999,10220.96723341005,10220.96723341005,0.0,0,0.01099161634728496
1782820799999,10220.96723341005,10220.96723341005,0.0,0,0.01099161634728496
1782835199999,10220.96723341005,10220.96723341005,0.0,0,0.01099161634728496
1782849599999,10220.96723341005,10220.96723341005,0.0,0,0.01099161634728496
1782863999999,10220.96723341005,10220.96723341005,0.0,0,0.01099161634728496
1782878399999,10220.96723341005,10220.96723341005,0.0,0,0.01099161634728496
1782892799999,10220.96723341005,10220.96723341005,0.0,0,0.01099161634728496
1782907199999,10220.96723341005,10220.96723341005,0.0,0,0.01099161634728496
1782921599999,10220.96723341005,10220.96723341005,0.0,0,0.01099161634728496
1782935999999,10220.96723341005,10220.96723341005,0.0,0,0.01099161634728496
1782950399999,10220.96723341005,10220.96723341005,0.0,0,0.01099161634728496
1782964799999,10220.96723341005,10220.96723341005,0.0,0,0.01099161634728496
1782979199999,10220.96723341005,10220.96723341005,0.0,0,0.01099161634728496
1782993599999,10220.96723341005,10220.96723341005,0.0,0,0.01099161634728496
1783007999999,10220.96723341005,10220.96723341005,0.0,0,0.01099161634728496
1783022399999,10220.96723341005,10220.96723341005,0.0,0,0.01099161634728496
1783036799999,10220.96723341005,10220.96723341005,0.0,0,0.01099161634728496
1783051199999,10220.96723341005,10220.96723341005,0.0,0,0.01099161634728496
1783065599999,10220.96723341005,10220.96723341005,0.0,0,0.01099161634728496
1783079999999,10220.96723341005,10220.96723341005,0.0,0,0.01099161634728496
1783094399999,10170.92973341005,10222.079497560993,294.811320754717,1,0.010883990665194632
1783108799999,10170.92973341005,10224.320063598729,294.811320754717,1,0.010667187446395165
1783123199999,10170.92973341005,10223.936808881748,294.811320754717,1,0.010704272207505472
1783137599999,10170.92973341005,10223.111337183635,294.811320754717,1,0.010784147077589568
1783151999999,10170.92973341005,10222.787044730805,294.811320754717,1,0.010815526490836835
1783166399999,10170.92973341005,10222.963931523258,294.811320754717,1,0.010798410447247386
1783180799999,10170.92973341005,10227.209214542125,294.811320754717,1,0.010387625401100942
1783195199999,10120.89223341005,10228.396517362924,556.7285549087244,2,0.010272738774729007
1783209599999,10120.89223341005,10227.895461663507,556.7285549087244,2,0.010321222276934106
1783223999999,10120.89223341005,10226.89335026467,556.7285549087244,2,0.010418189281344858
1783238399999,10120.89223341005,10228.396517362924,556.7285549087244,2,0.010272738774729007
1783252799999,10120.89223341005,10224.889127466999,556.7285549087244,2,0.010612123290166031
1783267199999,10120.89223341005,10226.22527599878,556.7285549087244,2,0.010482833950951842
1783281599999,10120.89223341005,10226.16960314329,556.7285549087244,2,0.010488221006752396
1783295999999,10120.89223341005,10226.392294565254,556.7285549087244,2,0.010466672783549957
1783310399999,10120.89223341005,10225.612874588382,556.7285549087244,2,0.010542091564758271
1783324799999,10120.89223341005,10223.441633224236,556.7285549087244,2,0.010752186740981329
1783339199999,10120.89223341005,10222.495194680892,556.7285549087244,2,0.010843766689591194
1783353599999,10120.89223341005,10224.443744623073,556.7285549087244,2,0.010655219736570576
1783367999999,10120.89223341005,10223.385960368745,556.7285549087244,2,0.010757573796781883
1783382399999,10120.89223341005,10223.441633224236,556.7285549087244,2,0.010752186740981329
1783396799999,10120.89223341005,10221.827120415002,556.7285549087244,2,0.010908411359198178
1783411199999,10120.89223341005,10220.825009016165,556.7285549087244,2,0.01100537836360893
1783425599999,10120.89223341005,10219.655879050857,556.7285549087244,2,0.011118506535421235
1783439999999,10120.89223341005,10219.544533339877,556.7285549087244,2,0.011129280647022344
1783454399999,10120.89223341005,10219.26616906242,556.7285549087244,2,0.011156215926025337
1783468799999,10120.89223341005,10218.097039097112,556.7285549087244,2,0.011269344097837752
1783483199999,10218.079766593697,10218.079766593697,0.0,0,0.011271015431899789
1783497599999,10218.079766593697,10218.079766593697,0.0,0,0.011271015431899789
1783511999999,10218.079766593697,10218.079766593697,0.0,0,0.011271015431899789
1783526399999,10218.079766593697,10218.079766593697,0.0,0,0.011271015431899789
1783540799999,10218.079766593697,10218.079766593697,0.0,0,0.011271015431899789
1783555199999,10218.079766593697,10218.079766593697,0.0,0,0.011271015431899789
1783569599999,10218.079766593697,10218.079766593697,0.0,0,0.011271015431899789
1783583999999,10218.079766593697,10218.079766593697,0.0,0,0.011271015431899789
1783598399999,10218.079766593697,10218.079766593697,0.0,0,0.011271015431899789
1783612799999,10218.079766593697,10218.079766593697,0.0,0,0.011271015431899789
1783627199999,10218.079766593697,10218.079766593697,0.0,0,0.011271015431899789
1783641599999,10218.079766593697,10218.079766593697,0.0,0,0.011271015431899789
1783655999999,10218.079766593697,10218.079766593697,0.0,0,0.011271015431899789
1783670399999,10218.079766593697,10218.079766593697,0.0,0,0.011271015431899789
1783684799999,10218.079766593697,10218.079766593697,0.0,0,0.011271015431899789
1783699199999,10218.079766593697,10218.079766593697,0.0,0,0.011271015431899789
1783713599999,10218.079766593697,10218.079766593697,0.0,0,0.011271015431899789
1783727999999,10218.079766593697,10218.079766593697,0.0,0,0.011271015431899789
1783742399999,10218.079766593697,10218.079766593697,0.0,0,0.011271015431899789
1783756799999,10218.079766593697,10218.079766593697,0.0,0,0.011271015431899789
1783771199999,10218.079766593697,10218.079766593697,0.0,0,0.011271015431899789
1783785599999,10218.079766593697,10218.079766593697,0.0,0,0.011271015431899789
1783799999999,10218.079766593697,10218.079766593697,0.0,0,0.011271015431899789
1783814399999,10218.079766593697,10218.079766593697,0.0,0,0.011271015431899789
1783828799999,10218.079766593697,10218.079766593697,0.0,0,0.011271015431899789
1783843199999,10218.079766593697,10218.079766593697,0.0,0,0.011271015431899789
1783857599999,10218.079766593697,10218.079766593697,0.0,0,0.011271015431899789
1783871999999,10218.079766593697,10218.079766593697,0.0,0,0.011271015431899789
1783886399999,10218.079766593697,10218.079766593697,0.0,0,0.011271015431899789
1783900799999,10218.079766593697,10218.079766593697,0.0,0,0.011271015431899789
1783915199999,10218.079766593697,10218.079766593697,0.0,0,0.011271015431899789
1783929599999,10218.079766593697,10218.079766593697,0.0,0,0.011271015431899789
1783943999999,10218.079766593697,10218.079766593697,0.0,0,0.011271015431899789
1783958399999,10218.079766593697,10218.079766593697,0.0,0,0.011271015431899789
1783972799999,10218.079766593697,10218.079766593697,0.0,0,0.011271015431899789
1783987199999,10218.079766593697,10218.079766593697,0.0,0,0.011271015431899789
1784001599999,10218.079766593697,10218.079766593697,0.0,0,0.011271015431899789
1784015999999,10218.079766593697,10218.079766593697,0.0,0,0.011271015431899789
1784030399999,10218.079766593697,10218.079766593697,0.0,0,0.011271015431899789
1784044799999,10218.079766593697,10218.079766593697,0.0,0,0.011271015431899789
1784059199999,10218.079766593697,10218.079766593697,0.0,0,0.011271015431899789
1784073599999,10218.079766593697,10218.079766593697,0.0,0,0.011271015431899789
1784087999999,10218.079766593697,10218.079766593697,0.0,0,0.011271015431899789
1784102399999,10218.079766593697,10218.079766593697,0.0,0,0.011271015431899789
1784116799999,10218.079766593697,10218.079766593697,0.0,0,0.011271015431899789
1784131199999,10218.079766593697,10218.079766593697,0.0,0,0.011271015431899789
1784145599999,10218.079766593697,10218.079766593697,0.0,0,0.011271015431899789
1784159999999,10218.079766593697,10218.079766593697,0.0,0,0.011271015431899789
1784174399999,10218.079766593697,10218.079766593697,0.0,0,0.011271015431899789
1784188799999,10218.079766593697,10218.079766593697,0.0,0,0.011271015431899789
1784203199999,10218.079766593697,10218.079766593697,0.0,0,0.011271015431899789
1784217599999,10218.079766593697,10218.079766593697,0.0,0,0.011271015431899789
1784231999999,10218.079766593697,10218.079766593697,0.0,0,0.011271015431899789
1784246399999,10218.079766593697,10218.079766593697,0.0,0,0.011271015431899789
1784260799999,10218.079766593697,10218.079766593697,0.0,0,0.011271015431899789
1784275199999,10218.079766593697,10218.079766593697,0.0,0,0.011271015431899789
1784289599999,10218.079766593697,10218.079766593697,0.0,0,0.011271015431899789
1784303999999,10218.079766593697,10218.079766593697,0.0,0,0.011271015431899789
1784318399999,10218.079766593697,10218.079766593697,0.0,0,0.011271015431899789
1784332799999,10218.079766593697,10218.079766593697,0.0,0,0.011271015431899789
1784347199999,10218.079766593697,10218.079766593697,0.0,0,0.011271015431899789
1784361599999,10218.079766593697,10218.079766593697,0.0,0,0.011271015431899789
1784375999999,10218.079766593697,10218.079766593697,0.0,0,0.011271015431899789
1784390399999,10218.079766593697,10218.079766593697,0.0,0,0.011271015431899789
1784404799999,10218.079766593697,10218.079766593697,0.0,0,0.011271015431899789
1784419199999,10218.079766593697,10218.079766593697,0.0,0,0.011271015431899789
1784433599999,10218.079766593697,10218.079766593697,0.0,0,0.011271015431899789
1784447999999,10218.079766593697,10218.079766593697,0.0,0,0.011271015431899789
1784462399999,10218.079766593697,10218.079766593697,0.0,0,0.011271015431899789
1784476799999,10218.079766593697,10218.079766593697,0.0,0,0.011271015431899789
1784491199999,10218.079766593697,10218.079766593697,0.0,0,0.011271015431899789
1784505599999,10218.079766593697,10218.079766593697,0.0,0,0.011271015431899789
1784519999999,10218.079766593697,10218.079766593697,0.0,0,0.011271015431899789
1784534399999,10218.079766593697,10218.079766593697,0.0,0,0.011271015431899789
1784548799999,10218.079766593697,10218.079766593697,0.0,0,0.011271015431899789
1784563199999,10218.079766593697,10218.079766593697,0.0,0,0.011271015431899789
1784577599999,10218.079766593697,10218.079766593697,0.0,0,0.011271015431899789
1784591999999,10218.079766593697,10218.079766593697,0.0,0,0.011271015431899789
1784606399999,10218.079766593697,10218.079766593697,0.0,0,0.011271015431899789
1784620799999,10168.042266593697,10219.172701376305,289.8550724637681,1,0.01116526011167418
1784635199999,10168.042266593697,10218.679947753117,289.8550724637681,1,0.011212940282569916
1784649599999,10168.042266593697,10218.795889782103,289.8550724637681,1,0.011201721418829691
1784663999999,10168.042266593697,10218.419078187899,289.8550724637681,1,0.011238182725985313
1784678399999,10168.042266593697,10218.390092680653,289.8550724637681,1,0.011240987441920258
1784692799999,10168.042266593697,10218.303136158915,289.8550724637681,1,0.011249401589725316
1784707199999,10168.042266593697,10217.636469492247,289.8550724637681,1,0.011313910056231391
1784721599999,10168.042266593697,10218.187194129929,289.8550724637681,1,0.011260620453465542
1784735999999,10168.042266593697,10219.607483985,289.8550724637681,1,0.011123189372648556
1784750399999,10168.042266593697,10218.65096224587,289.8550724637681,1,0.011215744998504862
1784764799999,10168.042266593697,10218.621976738625,289.8550724637681,1,0.011218549714439918
1784779199999,10168.042266593697,10218.506034709639,289.8550724637681,1,0.011229768578180144
1784793599999,10168.042266593697,10218.187194129929,289.8550724637681,1,0.011260620453465542
1784807999999,10168.042266593697,10218.592991231379,289.8550724637681,1,0.011221354430374864
1784822399999,10168.042266593697,10217.462556448769,289.8550724637681,1,0.011330738351841618
1784836799999,10168.042266593697,10217.230672390799,289.8550724637681,1,0.011353176079321958
1784851199999,10168.042266593697,10216.88284630384,289.8550724637681,1,0.011386832670542524
1784865599999,10168.042266593697,10216.56400572413,289.8550724637681,1,0.011417684545828033
1784879999999,10216.5565781879,10216.5565781879,0.0,0,0.011418403254286336
1784894399999,10216.5565781879,10216.5565781879,0.0,0,0.011418403254286336
1784908799999,10216.5565781879,10216.5565781879,0.0,0,0.011418403254286336
1784923199999,10216.5565781879,10216.5565781879,0.0,0,0.011418403254286336
1784937599999,10216.5565781879,10216.5565781879,0.0,0,0.011418403254286336
1784951999999,10216.5565781879,10216.5565781879,0.0,0,0.011418403254286336
1784966399999,10216.5565781879,10216.5565781879,0.0,0,0.011418403254286336
1784980799999,10216.5565781879,10216.5565781879,0.0,0,0.011418403254286336
1784995199999,10216.5565781879,10216.5565781879,0.0,0,0.011418403254286336
1785009599999,10216.5565781879,10216.5565781879,0.0,0,0.011418403254286336
1785023999999,10216.5565781879,10216.5565781879,0.0,0,0.011418403254286336
1785038399999,10216.5565781879,10216.5565781879,0.0,0,0.011418403254286336
1785052799999,10216.5565781879,10216.5565781879,0.0,0,0.011418403254286336
1785067199999,10216.5565781879,10216.5565781879,0.0,0,0.011418403254286336
1785081599999,10216.5565781879,10216.5565781879,0.0,0,0.011418403254286336
1785095999999,10216.5565781879,10216.5565781879,0.0,0,0.011418403254286336
1785110399999,10216.5565781879,10216.5565781879,0.0,0,0.011418403254286336
1785124799999,10216.5565781879,10216.5565781879,0.0,0,0.011418403254286336
1785139199999,10216.5565781879,10216.5565781879,0.0,0,0.011418403254286336
1785153599999,10216.5565781879,10216.5565781879,0.0,0,0.011418403254286336
1785167999999,10216.5565781879,10216.5565781879,0.0,0,0.011418403254286336
1785182399999,10216.5565781879,10216.5565781879,0.0,0,0.011418403254286336
1785196799999,10216.5565781879,10216.5565781879,0.0,0,0.011418403254286336
1785211199999,10216.5565781879,10216.5565781879,0.0,0,0.011418403254286336
1785225599999,10216.5565781879,10216.5565781879,0.0,0,0.011418403254286336
1785239999999,10216.5565781879,10216.5565781879,0.0,0,0.011418403254286336
1785254399999,10216.5565781879,10216.5565781879,0.0,0,0.011418403254286336
1785268799999,10216.5565781879,10216.5565781879,0.0,0,0.011418403254286336
1785283199999,10216.5565781879,10216.5565781879,0.0,0,0.011418403254286336
1785297599999,10216.5565781879,10216.5565781879,0.0,0,0.011418403254286336
1785311999999,10216.5565781879,10216.5565781879,0.0,0,0.011418403254286336
1785326399999,10216.5565781879,10216.5565781879,0.0,0,0.011418403254286336
1785340799999,10216.5565781879,10216.5565781879,0.0,0,0.011418403254286336
1785355199999,10216.5565781879,10216.5565781879,0.0,0,0.011418403254286336
1785369599999,10216.5565781879,10216.5565781879,0.0,0,0.011418403254286336
1785383999999,10216.5565781879,10216.5565781879,0.0,0,0.011418403254286336
1785398399999,10216.5565781879,10216.5565781879,0.0,0,0.011418403254286336
1785412799999,10216.5565781879,10216.5565781879,0.0,0,0.011418403254286336
1785427199999,10216.5565781879,10216.5565781879,0.0,0,0.011418403254286336
1785441599999,10166.5190781879,10216.780858292612,290.86678301337986,1,0.01139670130585213
1785455999999,10166.5190781879,10215.87917126527,290.86678301337986,1,0.011483950976955426
1785470399999,10166.5190781879,10215.995517978476,290.86678301337986,1,0.011472692954877517
1785484799999,10166.5190781879,10215.937344621872,290.86678301337986,1,0.011478321965916471
1785499199999,10166.5190781879,10215.937344621872,290.86678301337986,1,0.011478321965916471
1785513599999,10166.5190781879,10215.617391160558,290.86678301337986,1,0.011509281526630444
1785527999999,10166.5190781879,10216.11186469168,290.86678301337986,1,0.011461434932799719
1785542399999,10166.5190781879,10215.44287109075,290.86678301337986,1,0.011526168559747196
1785556799999,10166.5190781879,10216.286384761488,290.86678301337986,1,0.011444547899682966
1785571199999,10166.5190781879,10216.31547143979,290.86678301337986,1,0.011441733394163545
1785585599999,10166.5190781879,10216.926291684118,290.86678301337986,1,0.01138262877825491
1785599999999,10166.5190781879,10216.75177161431,290.86678301337986,1,0.011399515811371663
1785614399999,10166.5190781879,10216.722684936009,290.86678301337986,1,0.011402330316891085
1785628799999,10166.5190781879,10217.246245145432,290.86678301337986,1,0.011351669217540938
1785643199999,10166.5190781879,10218.933272486911,290.86678301337986,1,0.011188427897412256
1785657599999,10116.481578187899,10222.248956428997,568.3362613707606,2,0.010867593367628436
1785671999999,10116.481578187899,10223.840297960836,568.3362613707606,2,0.010713610864769185
1785686399999,10116.481578187899,10224.52230147448,568.3362613707606,2,0.010647618363543887
1785700799999,10116.481578187899,10223.669797082424,568.3362613707606,2,0.010730108990075538
1785715199999,10116.481578187899,10224.181299717658,568.3362613707606,2,0.01068061461415648
1785729599999,10116.481578187899,10221.907954672175,568.3362613707606,2,0.010900589618241141
1785743999999,10116.481578187899,10220.316613140336,568.3362613707606,2,0.011054572121100503
1785758399999,10116.481578187899,10222.476290933546,568.3362613707606,2,0.010845595867220004
1785772799999,10116.481578187899,10227.932319042706,568.3362613707606,2,0.010317655857416841
1785787199999,10066.444078187898,10225.944077321537,823.4383021870871,3,0.010510043494130539
1785801599999,10066.444078187898,10225.944077321537,823.4383021870871,3,0.010510043494130539
1785815999999,10066.444078187898,10228.579079888535,823.4383021870871,3,0.010255073531875936
1785830399999,10066.444078187898,10226.767515623724,823.4383021870871,3,0.01043036538092601
1785844799999,10066.444078187898,10226.602827963286,823.4383021870871,3,0.010446301003566916
1785859199999,10066.444078187898,10225.450014340226,823.4383021870871,3,0.010557850362053256
1785873599999,10066.444078187898,10224.873607528694,823.4383021870871,3,0.010613625041296482
1785887999999,10066.444078187898,10225.367670510006,823.4383021870871,3,0.010565818173373764
1785902399999,10066.444078187898,10223.473762414977,823.4383021870871,3,0.010749077833744125
1785916799999,10066.444078187898,10226.108764981975,823.4383021870871,3,0.010494107871489633
1785931199999,10066.444078187898,10227.096890944598,823.4383021870871,3,0.010398494135644198
1785945599999,10066.444078187898,10222.156261131477,823.4383021870871,3,0.010876562814871593
1785959999999,10066.444078187898,10222.485636452351,823.4383021870871,3,0.010844691569589782
1785974399999,10066.444078187898,10223.803137735851,823.4383021870871,3,0.010717206588462425
1785988799999,10066.444078187898,10220.344696866665,823.4383021870871,3,0.011051854663921556
1786003199999,10066.444078187898,10221.90922964082,823.4383021870871,3,0.010900466248833007
1786017599999,10066.444078187898,10224.791263698475,823.4383021870871,3,0.01062159285261699
1786031999999,10066.444078187898,10238.377995684563,823.4383021870871,3,0.009306903984741544
1786046399999,10066.444078187898,10233.107990550565,823.4383021870871,3,0.00981684390925086
1786060799999,10066.444078187898,10232.11986458794,823.4383021870871,3,0.009912457645096406
1786075199999,10066.444078187898,10230.637675644004,823.4383021870871,3,0.010055878248864447
1786089599999,10066.444078187898,10232.531583739034,823.4383021870871,3,0.009872618588494086
1786103999999,10066.444078187898,10232.366896078596,823.4383021870871,3,0.009888554211134992
1786118399999,10066.444078187898,10231.872833097284,823.4383021870871,3,0.00993636107905771
1786132799999,10066.444078187898,10231.955176927502,823.4383021870871,3,0.009928393267737312
1786147199999,10066.444078187898,10231.790489267065,823.4383021870871,3,0.009944328890378218
1786161599999,10066.444078187898,10231.955176927502,823.4383021870871,3,0.009928393267737312
1786175999999,10066.444078187898,10231.378770115973,823.4383021870871,3,0.009984167946980316
1786190399999,10066.444078187898,10230.637675644004,823.4383021870871,3,0.010055878248864447
1786204799999,10066.444078187898,10230.720019474222,823.4383021870871,3,0.01004791043754416
1786219199999,10066.444078187898,10231.54345777641,823.4383021870871,3,0.00996823232433941
1786233599999,10066.444078187898,10230.720019474222,823.4383021870871,3,0.01004791043754416
1786247999999,10066.444078187898,10229.731893511598,823.4383021870871,3,0.010143524173389484
1786262399999,10066.444078187898,10230.061268832473,823.4383021870871,3,0.010111652928107673
1786276799999,10066.444078187898,10228.249704567661,823.4383021870871,3,0.010286944777157747
1786291199999,10066.444078187898,10229.155486700067,823.4383021870871,3,0.01019929885263271
1786305599999,10066.444078187898,10229.237830530286,823.4383021870871,3,0.010191331041312202
1786319999999,10066.444078187898,10226.602827963286,823.4383021870871,3,0.010446301003566916
1786334399999,10226.40042682861,10226.40042682861,0.0,0,0.010465885883792492
1786348799999,10226.40042682861,10226.40042682861,0.0,0,0.010465885883792492
1786363199999,10226.40042682861,10226.40042682861,0.0,0,0.010465885883792492
1786377599999,10226.40042682861,10226.40042682861,0.0,0,0.010465885883792492
1786391999999,10226.40042682861,10226.40042682861,0.0,0,0.010465885883792492
1786406399999,10226.40042682861,10226.40042682861,0.0,0,0.010465885883792492
1786420799999,10226.40042682861,10226.40042682861,0.0,0,0.010465885883792492
1786435199999,10226.40042682861,10226.40042682861,0.0,0,0.010465885883792492
1786449599999,10226.40042682861,10226.40042682861,0.0,0,0.010465885883792492
1786463999999,10226.40042682861,10226.40042682861,0.0,0,0.010465885883792492
1786478399999,10226.40042682861,10226.40042682861,0.0,0,0.010465885883792492
1786492799999,10226.40042682861,10226.40042682861,0.0,0,0.010465885883792492
1786507199999,10226.40042682861,10226.40042682861,0.0,0,0.010465885883792492
1786521599999,10226.40042682861,10226.40042682861,0.0,0,0.010465885883792492
1786535999999,10226.40042682861,10226.40042682861,0.0,0,0.010465885883792492
1786550399999,10226.40042682861,10226.40042682861,0.0,0,0.010465885883792492
1786564799999,10226.40042682861,10226.40042682861,0.0,0,0.010465885883792492
1786579199999,10226.40042682861,10226.40042682861,0.0,0,0.010465885883792492
1786593599999,10226.40042682861,10226.40042682861,0.0,0,0.010465885883792492
1786607999999,10226.40042682861,10226.40042682861,0.0,0,0.010465885883792492
1786622399999,10226.40042682861,10226.40042682861,0.0,0,0.010465885883792492
1786636799999,10226.40042682861,10226.40042682861,0.0,0,0.010465885883792492
1786651199999,10226.40042682861,10226.40042682861,0.0,0,0.010465885883792492
1786665599999,10226.40042682861,10226.40042682861,0.0,0,0.010465885883792492
1786679999999,10226.40042682861,10226.40042682861,0.0,0,0.010465885883792492
1786694399999,10226.40042682861,10226.40042682861,0.0,0,0.010465885883792492
1786708799999,10226.40042682861,10226.40042682861,0.0,0,0.010465885883792492
1786723199999,10226.40042682861,10226.40042682861,0.0,0,0.010465885883792492
1786737599999,10226.40042682861,10226.40042682861,0.0,0,0.010465885883792492
1786751999999,10226.40042682861,10226.40042682861,0.0,0,0.010465885883792492
1786766399999,10226.40042682861,10226.40042682861,0.0,0,0.010465885883792492
1786780799999,10226.40042682861,10226.40042682861,0.0,0,0.010465885883792492
1786795199999,10226.40042682861,10226.40042682861,0.0,0,0.010465885883792492
1786809599999,10226.40042682861,10226.40042682861,0.0,0,0.010465885883792492
1786823999999,10226.40042682861,10226.40042682861,0.0,0,0.010465885883792492
1786838399999,10226.40042682861,10226.40042682861,0.0,0,0.010465885883792492
1786852799999,10226.40042682861,10226.40042682861,0.0,0,0.010465885883792492
1786867199999,10226.40042682861,10226.40042682861,0.0,0,0.010465885883792492
1786881599999,10226.40042682861,10226.40042682861,0.0,0,0.010465885883792492
1786895999999,10226.40042682861,10226.40042682861,0.0,0,0.010465885883792492
1786910399999,10226.40042682861,10226.40042682861,0.0,0,0.010465885883792492
1786924799999,10226.40042682861,10226.40042682861,0.0,0,0.010465885883792492
1786939199999,10226.40042682861,10226.40042682861,0.0,0,0.010465885883792492
1786953599999,10226.40042682861,10226.40042682861,0.0,0,0.010465885883792492
1786967999999,10226.40042682861,10226.40042682861,0.0,0,0.010465885883792492
1786982399999,10226.40042682861,10226.40042682861,0.0,0,0.010465885883792492
1786996799999,10226.40042682861,10226.40042682861,0.0,0,0.010465885883792492
1787011199999,10226.40042682861,10226.40042682861,0.0,0,0.010465885883792492
1787025599999,10226.40042682861,10226.40042682861,0.0,0,0.010465885883792492
1787039999999,10226.40042682861,10226.40042682861,0.0,0,0.010465885883792492
1787054399999,10226.40042682861,10226.40042682861,0.0,0,0.010465885883792492
1787068799999,10226.40042682861,10226.40042682861,0.0,0,0.010465885883792492
1787083199999,10226.40042682861,10226.40042682861,0.0,0,0.010465885883792492
1787097599999,10226.40042682861,10226.40042682861,0.0,0,0.010465885883792492
1787111999999,10226.40042682861,10226.40042682861,0.0,0,0.010465885883792492
1787126399999,10226.40042682861,10226.40042682861,0.0,0,0.010465885883792492
1787140799999,10226.40042682861,10226.40042682861,0.0,0,0.010465885883792492
1787155199999,10226.40042682861,10226.40042682861,0.0,0,0.010465885883792492
1787169599999,10226.40042682861,10226.40042682861,0.0,0,0.010465885883792492
1787183999999,10226.40042682861,10226.40042682861,0.0,0,0.010465885883792492
1787198399999,10226.40042682861,10226.40042682861,0.0,0,0.010465885883792492
1787212799999,10226.40042682861,10226.40042682861,0.0,0,0.010465885883792492
1787227199999,10226.40042682861,10226.40042682861,0.0,0,0.010465885883792492
1787241599999,10176.36292682861,10227.346872970506,258.9331952356292,1,0.010374305199926215
1787255999999,10176.36292682861,10226.80311326051,258.9331952356292,1,0.010426920857485533
1787270399999,10176.36292682861,10227.890632680499,258.9331952356292,1,0.010321689542367118
1787284799999,10126.32542682861,10232.546875865612,510.18947664266443,2,0.009871138881041297
1787299199999,10126.32542682861,10233.36317902824,510.18947664266443,2,0.009792151183203646
1787313599999,10126.32542682861,10234.230501138532,510.18947664266443,2,0.009708226754251092
1787327999999,10126.32542682861,10238.312016951673,510.18947664266443,2,0.009313288265062614
1787342399999,10126.32542682861,10236.883486417075,510.18947664266443,2,0.009451516736278531
1787356799999,10126.32542682861,10243.209835927444,510.18947664266443,2,0.008839362078036372
1787371199999,10076.287926828609,10253.953170736098,728.4347843685483,3,0.007799807997536434
1787385599999,10076.287926828609,10244.847735931491,728.4347843685483,3,0.008680874451709508
1787399999999,10076.287926828609,10239.384475048726,728.4347843685483,3,0.009209514324213464
1787414399999,10076.287926828609,10238.218979393738,728.4347843685483,3,0.009322290830347413
1787428799999,10076.287926828609,10244.702048974617,728.4347843685483,3,0.008694971514976335
1787443199999,10076.287926828609,10240.914188095901,728.4347843685483,3,0.00906149515991228
1787457599999,10076.287926828609,10236.179361997505,728.4347843685483,3,0.009519649716082323
1787471999999,10076.287926828609,10234.868179385641,728.4347843685483,3,0.00964652328548321
1787486399999,10076.287926828609,10240.185753311533,728.4347843685483,3,0.009131980476246082
1787500799999,10076.287926828609,10239.894379397785,728.4347843685483,3,0.009160174602779625
1787515199999,10076.287926828609,10239.165944613416,728.4347843685483,3,0.009230659919113537
1787529599999,10076.287926828609,10241.642622880268,728.4347843685483,3,0.00899100984357859
1787543999999,10076.287926828609,10235.159553299389,728.4347843685483,3,0.009618329158949668
1787558399999,10076.287926828609,10235.887988083758,728.4347843685483,3,0.009547843842615866
1787572799999,10076.287926828609,10238.947414178105,728.4347843685483,3,0.009251805514013722
1787587199999,10076.287926828609,10237.490544609369,728.4347843685483,3,0.009392776146681325
1787601599999,10076.287926828609,10235.742301126884,728.4347843685483,3,0.009561940905882582
1787615999999,10076.287926828609,10237.636231566243,728.4347843685483,3,0.00937867908341461
1787630399999,10076.287926828609,10240.768501139028,728.4347843685483,3,0.009075592223178996
1787644799999,10076.287926828609,10237.199170695621,728.4347843685483,3,0.009420970273214868
1787659199999,10076.287926828609,10235.523770691574,728.4347843685483,3,0.009583086500782656
1787673599999,10076.287926828609,10233.484153295341,728.4347843685483,3,0.009780445386517567
1787687999999,10076.287926828609,10232.39150111879,728.4347843685483,3,0.009886173361018269
1787702399999,10076.287926828609,10228.603640240071,728.4347843685483,3,0.010252697005954325
1787716799999,10228.489403455013,10228.489403455013,0.0,0,0.010263750865688426
1787731199999,10228.489403455013,10228.489403455013,0.0,0,0.010263750865688426
1787745599999,10228.489403455013,10228.489403455013,0.0,0,0.010263750865688426
1787759999999,10228.489403455013,10228.489403455013,0.0,0,0.010263750865688426
1787774399999,10228.489403455013,10228.489403455013,0.0,0,0.010263750865688426
1787788799999,10228.489403455013,10228.489403455013,0.0,0,0.010263750865688426
1787803199999,10228.489403455013,10228.489403455013,0.0,0,0.010263750865688426
1787817599999,10228.489403455013,10228.489403455013,0.0,0,0.010263750865688426
1787831999999,10228.489403455013,10228.489403455013,0.0,0,0.010263750865688426
1787846399999,10228.489403455013,10228.489403455013,0.0,0,0.010263750865688426
1787860799999,10228.489403455013,10228.489403455013,0.0,0,0.010263750865688426
1787875199999,10228.489403455013,10228.489403455013,0.0,0,0.010263750865688426
1787889599999,10228.489403455013,10228.489403455013,0.0,0,0.010263750865688426
1787903999999,10228.489403455013,10228.489403455013,0.0,0,0.010263750865688426
1787918399999,10228.489403455013,10228.489403455013,0.0,0,0.010263750865688426
1787932799999,10228.489403455013,10228.489403455013,0.0,0,0.010263750865688426
1787947199999,10228.489403455013,10228.489403455013,0.0,0,0.010263750865688426
1787961599999,10228.489403455013,10228.489403455013,0.0,0,0.010263750865688426
1787975999999,10228.489403455013,10228.489403455013,0.0,0,0.010263750865688426
1787990399999,10228.489403455013,10228.489403455013,0.0,0,0.010263750865688426
1788004799999,10228.489403455013,10228.489403455013,0.0,0,0.010263750865688426
1788019199999,10228.489403455013,10228.489403455013,0.0,0,0.010263750865688426
1788033599999,10228.489403455013,10228.489403455013,0.0,0,0.010263750865688426
1788047999999,10228.489403455013,10228.489403455013,0.0,0,0.010263750865688426
1788062399999,10228.489403455013,10228.489403455013,0.0,0,0.010263750865688426
1788076799999,10228.489403455013,10228.489403455013,0.0,0,0.010263750865688426
1788091199999,10228.489403455013,10228.489403455013,0.0,0,0.010263750865688426
1788105599999,10228.489403455013,10228.489403455013,0.0,0,0.010263750865688426
1788119999999,10228.489403455013,10228.489403455013,0.0,0,0.010263750865688426
1788134399999,10228.489403455013,10228.489403455013,0.0,0,0.010263750865688426
1788148799999,10228.489403455013,10228.489403455013,0.0,0,0.010263750865688426
1788163199999,10228.489403455013,10228.489403455013,0.0,0,0.010263750865688426
1788177599999,10228.489403455013,10228.489403455013,0.0,0,0.010263750865688426
1788191999999,10228.489403455013,10228.489403455013,0.0,0,0.010263750865688426
1788206399999,10228.489403455013,10228.489403455013,0.0,0,0.010263750865688426
1788220799999,10228.489403455013,10228.489403455013,0.0,0,0.010263750865688426
