open_time,open,high,low,close,volume,quote_vol,close_time,upper,lower,sma50,sma100,sma150,sma200,entry,exit
1632960000000,367.7,388.8,366.4,387.5,1163674.206,439628574.4184,1633046399999,,,,,,,False,False
1633046400000,387.5,423.4,381.5,421.5,1440336.0410000002,584311192.7158,1633132799999,,,,,,,False,False
1633132800000,421.4,438.2,410.6,427.1,1039006.5179999999,441907791.7276,1633219199999,,,,,,,False,False
1633219200000,427.0,437.2,421.5,430.5,820910.792,352575425.7036,1633305599999,,,,,,,False,False
1633305600000,430.5,430.9,410.9,426.3,974423.359,410376184.3993,1633391999999,,,,,,,False,False
1633392000000,426.4,444.0,424.0,442.1,883699.828,385403145.0597,1633478399999,,,,,,,False,False
1633478400000,442.0,442.8,414.7,434.9,1245088.683,537791098.8017,1633564799999,,,,,,,False,False
1633564800000,434.9,450.0,423.6,438.5,1159098.7447,509653579.8306,1633651199999,,,,,,,False,False
1633651200000,438.5,441.6,415.7,419.2,1505999.188,644030609.2262,1633737599999,,,,,,,False,False
1633737600000,419.3,426.0,416.0,421.9,632123.526,266856749.2173,1633823999999,,,,,,,False,False
1633824000000,421.9,422.3,402.0,404.1,729380.963,302884829.94519997,1633910399999,,,,,,,False,False
1633910400000,404.0,424.0,399.8,413.1,759924.884,314882971.6098,1633996799999,,,,,,,False,False
1633996800000,413.2,444.5,392.2,444.2,1966630.183,829580710.1152999,1634083199999,,,,,,,False,False
1634083200000,444.1,471.8,432.3,470.8,3383303.4390000002,1542057671.389,1634169599999,,,,,,,False,False
1634169600000,470.7,482.8,461.2,472.7,1431305.925,676261023.8171,1634255999999,,,,,,,False,False
1634256000000,472.7,478.0,450.8,474.5,1508188.787,702474058.1548,1634342399999,,,,,,,False,False
1634342400000,474.5,484.7,423.0,465.8,1040477.571,490585492.104,1634428799999,,,,,,,False,False
1634428800000,465.8,472.4,454.2,470.9,890609.8489999999,414577714.9589,1634515199999,,,,,,,False,False
1634515200000,471.0,487.6,466.4,484.9,1091006.031,518750531.87750006,1634601599999,,,,,,,False,False
1634601600000,485.0,497.6,480.3,488.1,912494.969,445294411.0935,1634687999999,490.56773176780655,380.2223663444831,,,,,False,False
1634688000000,488.1,505.9,481.3,501.3,946412.9400000001,467959376.397,1634774399999,494.786618558611,386.39212304612,,,,,False,False
1634774400000,501.3,504.9,466.0,470.9,1851835.929,900310066.4432,1634860799999,500.4157809571319,392.11705652175186,,,,,False,False
1634860800000,470.9,498.0,470.7,479.3,1118876.638,541705782.6396,1634947199999,504.5762788438669,393.99072116013645,,,,,False,False
1634947200000,479.3,485.7,472.6,485.5,521970.795,250907116.8612,1635033599999,506.72742506399356,395.11820658793795,,,,,False,False
1635033600000,485.5,486.5,467.8,475.8,590939.031,281745798.0897,1635119999999,508.37924302727487,397.9568457440886,,,,,False,False
1635120000000,475.8,488.6,474.7,485.1,632116.7609999999,305600064.9152,1635206399999,510.3169117332257,399.5223849804337,,,,,False,False
1635206400000,485.1,489.8,473.5,478.1,702610.184,340191955.2634,1635292799999,512.0543733511688,402.55851882740154,,,,,False,False
1635292800000,478.2,486.4,435.3,448.7,1370950.214,630367975.4473,1635379199999,513.3742315849764,403.6606854332231,,,,,False,False
1635379200000,448.7,494.8,446.4,491.9,1523900.006,724786890.2405,1635465599999,514.943427684292,406.53849238390467,,,,,False,False
1635465600000,492.0,533.61,487.6,530.3,1411851.4394,720241822.8266,1635551999999,520.4814512119357,409.794935065949,,,,,False,False
1635552000000,530.3,540.5,510.2,528.3,1095033.1264,575511112.8759999,1635638399999,525.1444969412106,414.7764102402303,,,,,False,False
1635638400000,528.4,535.0,508.9,524.6,1018991.819,532431987.4048,1635724799999,526.7347714116083,421.9068751194921,,,,,False,False
1635724800000,524.6,551.9,511.0,551.3,1274272.0851,679389556.77,1635811199999,532.8442848575972,432.76792472602654,,,,,False,False
1635811200000,551.3,564.0,537.4,554.4,1153919.1399,635985237.9254,1635897599999,542.2319044814399,433.82313134955007,,,,,False,False
1635897600000,554.4,570.1,537.5,568.4,1262766.5996,699196827.647,1635983999999,551.5538262814097,432.8977139619653,,,,,False,False
1635984000000,568.4,568.9,543.6,558.7,1052950.033,584534661.6209,1636070399999,559.1209920143818,433.7222834210887,,,,,False,False
1636070400000,558.8,616.9,554.1,607.3,1989945.5433,1187156588.9967,1636156799999,575.8190958297354,439.4208960453329,,,,,False,False
1636156800000,607.3,637.8,595.1,637.7,1366385.957,838291690.083,1636243199999,593.7439340855036,437.0715152866509,,,,,False,False
1636243200000,637.7,669.3,630.5,649.6,1476373.2486999999,968328578.1423,1636329599999,615.8917725343563,431.7039963613993,,,,,False,False
1636329600000,649.5,655.7,631.0,653.5,1290096.384,829833782.4213,1636415999999,631.551377482782,428.84291701947086,,,,,False,False
1636416000000,653.6,656.7,631.9,635.0,879119.398,565719151.0885,1636502399999,645.3392404717694,428.3665760378552,,,,,False,False
1636502400000,635.0,662.9,573.0,614.1,1814654.0860000001,1144508386.2594,1636588799999,658.4493811652195,434.0435091739205,,,,,False,False
1636588800000,614.2,635.2,605.7,628.4,1019740.949,635981486.4901,1636675199999,665.8569494090332,439.10189933149604,,,,,False,False
1636675200000,628.4,634.5,602.7,626.9,1012909.088,628792038.9273,1636761599999,671.5740793314341,445.1311569966513,,,,,False,False
1636761600000,626.8,655.0,619.6,649.5,900107.757,574247361.3527,1636847999999,678.5478130834355,452.35185810760004,,,,,False,False
1636848000000,649.5,661.0,634.5,650.8,933689.139,605300515.2461,1636934399999,684.7390705602954,459.35873297484704,,,,,False,False
1636934400000,650.7,659.5,630.3,633.8,953989.6340000001,615298900.6629,1637020799999,688.9317262378213,468.2343461628578,,,,,False,False
1637020800000,633.9,635.2,573.7,588.7,2200954.903,1320193365.095,1637107199999,688.04819256002,485.8514784756692,,,,,False,False
1637107200000,588.8,592.6,553.7,578.0,1453408.555,832762537.5203,1637193599999,683.480079086795,502.3530632237437,,,,,False,False
1637193600000,577.9,588.2,510.0,531.8,1750338.428,965930426.1509,1637279999999,681.5802748092376,506.1903596974282,513.126,,,,False,False
1637280000000,531.9,585.5,523.9,581.0,1300787.958,726611378.2378,1637366399999,679.7270611354023,508.1927387023032,516.996,,,,False,False
1637366400000,581.0,604.8,572.6,604.3,1119517.131,657161664.3157,1637452799999,676.8230678724522,515.3604912639686,520.6519999999999,,,,False,False
1637452800000,604.4,605.2,579.6,584.0,970133.807,572049351.4116,1637539199999,674.7193550761452,523.2180561545806,523.79,,,,False,False
1637539200000,584.0,585.5,553.8,559.3,1141002.755,650028588.5159,1637625599999,673.4648469733676,525.2052370526271,526.3660000000001,,,,False,False
1637625600000,559.4,605.0,557.9,591.1,1202541.917,700415875.458,1637711999999,672.149168006768,527.6627367214394,529.6619999999999,,,,False,False
1637712000000,591.1,594.3,576.8,590.3,1079667.803,632805869.1926,1637798399999,670.5712146625846,530.9746784774362,532.626,,,,False,False
1637798400000,590.4,650.0,587.4,639.1,1536194.042,958625175.4106001,1637884799999,672.7011622815487,533.7220187068673,536.71,,,,False,False
1637884800000,639.1,657.9,564.2,587.3,2413553.439,1447846558.5569,1637971199999,674.6544018979233,531.73910343974,539.686,,,,False,False
1637971200000,587.2,621.3,582.6,599.9,1183849.3599999999,712876474.9267,1638057599999,670.1889059081717,531.6015776816655,543.3,,,,False,False
1638057600000,599.9,612.9,571.6,611.3,1281130.351,757806021.7853,1638143999999,667.1331360515272,531.2251175460137,547.0880000000001,,,,False,False
1638144000000,611.4,629.0,601.6,623.4,1090520.864,672538451.6902,1638230399999,664.3604064751113,532.3697165346032,551.474,,,,False,False
1638230400000,623.5,635.0,602.6,622.5,1380656.205,858030125.979,1638316799999,660.9125914000084,533.2577012056682,555.6619999999999,,,,False,False
1638316800000,622.5,649.8,618.2,627.5,1384101.087,879872431.153,1638403199999,662.4756674654451,532.9521429702855,559.328,,,,False,False
1638403200000,627.5,630.9,605.5,619.9,1104596.881,685357094.9824001,1638489599999,662.1959518539919,532.9400874467677,562.31,,,,False,False
1638489600000,619.9,628.0,574.0,595.0,1250950.167,758470254.7329,1638575999999,659.327868814014,532.5028979410297,564.756,,,,False,False
1638576000000,595.1,596.0,489.2,568.6,2611783.647,1425050943.3726,1638662399999,654.3845555374076,520.7706209349544,566.6379999999999,,,,False,False
1638662400000,568.5,582.0,539.9,557.8,1258393.72,707167735.8032,1638748799999,649.439954891353,519.5479421210696,568.478,,,,False,True
1638748800000,557.7,593.0,533.0,587.5,2005928.932,1119432809.529,1638835199999,647.2348347481039,516.3134388113544,570.81,,,,False,False
1638835200000,587.5,594.1,572.2,578.7,1017363.943,595103047.9778,1638921599999,647.217659404046,517.3420945492602,572.686,,,,False,False
1638921600000,578.7,607.6,567.0,607.2,1113215.449,651285928.0379,1639007999999,647.2334672425861,524.1570385082048,575.068,,,,False,False
1639008000000,607.3,617.0,567.7,570.2,1096635.0119999999,648380380.7178,1639094399999,647.4266176237413,529.0845901659459,576.446,,,,False,True
1639094400000,570.2,595.1,550.2,552.4,1083121.564,621292933.9258,1639180799999,647.4344776927203,527.4306560187911,578.076,,,,False,False
1639180800000,552.5,572.7,542.0,564.5,950448.474,529027286.0265,1639267199999,648.4463517409777,524.7574557118246,579.78,,,,False,False
1639267200000,564.6,574.8,559.3,570.3,544940.336,308334857.2714,1639353599999,648.9920274869006,525.19720822033,581.4760000000001,,,,False,False
1639353600000,570.3,572.2,511.1,521.0,1037150.705,558660545.4833,1639439999999,649.5880917033976,519.045246271501,582.38,,,,False,False
1639440000000,521.0,535.8,509.7,528.1,1263782.101,660926721.8958,1639526399999,653.5282926360994,512.4332765467401,583.24,,,,False,False
1639526400000,528.0,546.7,501.6,541.1,1147515.3050000002,604825337.5593,1639612799999,650.063848327263,505.1808706187061,584.5,,,,False,False
1639612800000,541.1,545.3,524.8,526.2,735504.682,394779330.60260004,1639699199999,643.9443580354141,502.16082246600547,586.05,,,,False,False
1639699200000,526.2,535.8,511.0,525.5,921732.763,484731644.0494,1639785599999,642.8902997077996,497.4594059415503,586.722,,,,False,False
1639785600000,525.5,537.8,515.0,533.9,580436.098,306816951.2816,1639871999999,641.6724423495914,493.7252869956513,586.794,,,,False,False
1639872000000,533.9,544.4,527.1,529.8,540256.684,289149894.6572,1639958399999,637.4631902939917,492.51360415762497,586.8240000000001,,,,False,False
1639958400000,529.8,534.8,505.6,524.0,727454.2119999999,377351552.6286,1640044799999,631.8720852879603,489.8418486291008,586.812,,,,False,False
1640044800000,524.0,535.7,509.8,528.3,686439.708,362435440.6159,1640131199999,622.0937972074752,490.88392686416154,586.352,,,,False,False
1640131200000,528.4,545.0,527.2,533.6,721787.1089999999,386718252.4609,1640217599999,614.4453575005269,493.88130135158724,585.936,,,,False,False
1640217600000,533.6,552.6,524.3,549.0,844421.9539999999,452954925.0664,1640303999999,606.1867896659265,494.22801820761737,585.548,,,,False,False
1640304000000,549.0,554.4,537.4,542.1,665688.415,363769480.7955,1640390399999,602.888932763905,499.41439903661586,585.216,,,,False,False
1640390400000,542.1,550.5,539.1,547.4,455399.793,248401383.1592,1640476799999,601.0226685154045,499.39587734888465,584.018,,,,False,False
1640476800000,547.4,549.3,535.6,546.4,536338.775,291474552.8352,1640563199999,597.5506965507711,499.50346793695644,582.192,,,,False,False
1640563200000,546.5,572.0,543.1,563.7,803473.155,448470409.70309997,1640649599999,594.8510012926465,500.8478436384378,580.474,,,,False,False
1640649600000,563.7,563.7,528.4,534.2,1002556.2710000001,547720713.502,1640735999999,588.6039626696609,501.7281304351018,578.0880000000001,,,,False,False
1640736000000,534.2,540.5,510.3,514.5,740117.8670000001,390415720.31130004,1640822399999,577.4843104010278,501.91096808468086,575.678,,,,False,False
1640822400000,514.5,527.8,508.3,518.5,639166.717,331680388.3552,1640908799999,570.7459512903572,500.7624371501597,573.766,,,,False,False
1640908800000,518.6,528.3,506.0,511.4,677844.749,350384267.7,1640995199999,568.0435211079285,499.20650429456214,571.4259999999999,,,,False,False
1640995200000,511.5,527.9,511.4,527.3,446171.541,231696121.2996,1641081599999,564.3387960730139,500.68815290648297,569.434,,,,False,False
1641081600000,527.4,533.9,518.0,531.0,404475.541,212693827.93760002,1641167999999,560.3034878660487,501.2408378138247,567.064,,,,False,False
1641168000000,531.0,532.8,510.0,511.9,663841.021,345896511.27779996,1641254399999,560.3241052173719,501.27385688756505,564.286,,,,False,False
1641254400000,511.9,520.0,502.0,506.9,687436.638,351709153.03180003,1641340799999,560.4726581768125,501.3376484094136,561.748,,,,False,False
1641340800000,506.9,516.0,457.0,474.1,985152.004,487039058.7863,1641427199999,560.721077306405,488.91280238609465,559.456,,,,False,True
1641427200000,474.2,481.3,458.8,472.6,986669.9,462959866.667,1641513599999,565.6071115422675,480.4706263216893,557.3480000000001,,,,False,False
1641513600000,472.6,473.9,437.5,448.1,1331260.03,600028684.1945,1641599999999,569.2373306124905,468.3104503003832,555.674,534.4,,,False,False
1641600000000,448.1,459.7,415.0,429.9,1062788.589,464082732.8109,1641686399999,572.4068846131862,452.9278216209841,552.6519999999999,534.8240000000001,,,False,False
1641686400000,429.8,444.5,427.0,438.7,688777.347,299514285.4251,1641772799999,576.2045519057397,443.133453016119,549.34,534.996,,,False,False
1641772800000,438.8,445.5,405.6,424.7,1221504.738,518143646.5084,1641859199999,577.850845782351,430.238033101054,546.154,534.9720000000001,,,False,False
1641859200000,424.8,467.7,421.3,463.6,1266092.819,571335667.7925,1641945599999,575.8953910224317,421.68162061560673,544.24,535.303,,,False,False
1641945600000,463.6,489.9,456.6,487.8,836124.928,395395226.9871,1642031999999,572.0720506609981,418.55845824032605,542.174,535.918,,,False,False
1642032000000,487.8,489.8,466.5,475.2,908052.937,434855256.5309,1642118399999,567.6111301769491,417.0785660635777,539.872,536.249,,,False,False
1642118400000,475.1,492.3,467.6,490.0,797022.181,383070562.1503,1642204799999,563.2897353465277,416.2839484734247,536.89,536.8,,,False,False
1642204800000,489.9,500.9,485.0,494.5,548626.203,270831128.9543,1642291199999,559.0253621385021,416.73929348241853,535.034,537.36,,,False,False
1642291200000,494.5,506.0,488.6,498.6,507042.332,251862226.2236,1642377599999,550.6006079788607,418.2977169384013,533.008,538.154,,,False,False
1642377600000,498.6,499.1,466.9,475.2,757806.0349999999,363254557.7459,1642463999999,542.4940195968212,418.43572333228514,530.286,538.687,,,False,False
1642464000000,475.1,479.6,457.2,471.4,707501.577,330240013.3563,1642550399999,537.4085485582013,417.41017833495516,527.246,539.36,,,False,False
1642550400000,471.5,473.1,453.7,461.9,585750.3,272375832.0181,1642636799999,533.7796695954117,416.4047537750164,524.034,539.8480000000001,,,False,False
1642636800000,461.9,478.7,438.2,440.2,1137854.894,528565003.81630003,1642723199999,529.671403983463,414.3049898856764,520.288,539.808,,,False,False
1642723200000,440.2,444.6,373.7,383.9,1891179.594,780737529.9343,1642809599999,526.0540403868289,402.4380128517943,515.568,538.939,,,False,True
1642809600000,383.8,389.6,336.3,358.3,2635609.386,949889475.2337999,1642895999999,526.7115620792232,384.89809343567015,510.83399999999995,537.795,,,False,False
1642896000000,358.3,389.0,356.3,383.9,1297043.923,486432084.5722,1642982399999,524.3093818145245,374.66299005119254,507.14,536.889,,,False,False
1642982400000,384.0,384.0,336.0,371.3,1900214.4200000002,674434639.6878,1643068799999,522.1791874502786,362.01178809319373,503.41,535.944,,,False,False
1643068800000,371.2,389.5,357.4,385.1,1006111.155,374436795.3877,1643155199999,518.145194381964,353.7364765968561,499.362,535.086,,,False,False
1643155200000,385.1,402.4,366.4,375.1,1073520.172,413788334.10359997,1643241599999,516.4239627160739,347.6277345920558,495.29,533.988,,,False,False
1643241600000,375.1,393.8,360.0,389.9,962060.888,358493434.85,1643327999999,515.1647270853495,341.40776664612684,490.944,533.006,,,False,False
1643328000000,389.9,395.9,375.8,385.9,752320.615,290426869.6174,1643414399999,514.3454456690557,338.2641068855994,487.258,531.852,,,False,False
1643414400000,385.9,397.3,380.7,389.3,534573.782,207593040.2279,1643500799999,514.0065328598533,335.28524771751347,483.996,531.036,,,False,False
1643500800000,389.4,389.6,372.2,377.2,536436.123,204652766.3272,1643587199999,513.5991548004903,332.51560931850565,480.25,530.015,,,False,False
1643587200000,377.2,385.4,365.2,374.3,620113.7339999999,232898450.6479,1643673599999,511.29208369001697,328.41819184320195,476.3299999999999,528.903,,,False,False
1643673600000,374.4,388.4,373.7,384.2,555347.277,212697945.1107,1643759999999,505.7191142536003,325.3594339913403,473.594,527.987,,,False,False
1643760000000,384.1,386.1,366.1,366.9,572340.04,215596317.4431,1643846399999,499.3799711295022,322.5190470713216,470.37,526.805,,,False,False
1643846400000,367.1,372.4,359.6,372.3,495715.227,181299666.3064,1643932799999,492.0286623653287,319.9491199032275,466.994,525.7470000000001,,,False,False
1643932800000,372.2,399.7,369.5,399.5,849825.828,326468411.3557,1644019199999,481.7887873453809,320.97445301011294,464.46,525.255,,,False,False
1644019200000,399.6,431.0,396.3,413.7,1031046.87,429828793.0491,1644105599999,470.672414736663,325.9329297968105,462.224,524.4730000000001,,,False,False
1644105600000,413.8,422.5,407.0,419.9,542631.176,225211627.8565,1644191999999,458.86769364013634,329.89511741343074,459.94399999999996,523.369,,,False,False
1644192000000,419.9,439.0,413.3,433.5,758247.667,326074842.5938,1644278399999,451.8870522839342,333.5858411505858,458.018,522.4209999999999,,,False,False
1644278400000,433.5,445.4,406.2,407.8,1148555.321,484080748.79249996,1644364799999,446.65159689872434,338.18829391717685,455.694,521.2529999999999,,,False,False
1644364800000,407.9,427.7,407.1,422.9,633880.431,265055577.1978,1644451199999,436.54865655990704,341.4379592948357,453.586,519.969,,,False,False
1644451200000,422.9,434.9,410.0,414.7,956240.339,403767915.0086,1644537599999,434.83517493238526,341.18260394837876,451.20799999999997,518.572,,,False,False
1644537600000,414.7,418.9,390.5,400.0,700843.2,286858834.3641,1644623999999,436.33529928463787,346.40167018617456,448.228,516.888,,,False,False
1644624000000,400.0,407.1,393.3,403.6,521080.237,208673604.9611,1644710399999,436.78418199665106,348.85319190271883,445.45799999999997,515.337,,,False,False
1644710400000,403.6,407.8,394.7,397.9,388657.052,156144929.8226,1644796799999,437.08323895038103,355.45048336750904,442.468,513.243,,,False,False
1644796800000,398.0,404.5,390.6,403.4,472210.318,187826631.9452,1644883199999,437.2653929445091,358.4994807888951,439.608,510.9,,,False,False
1644883200000,403.4,443.0,402.7,432.4,1184143.99,505124380.0124,1644969599999,441.3986033257406,360.51120174888547,436.98199999999997,508.72799999999995,,,False,False
1644969600000,432.4,433.5,422.2,427.3,606252.493,259874383.3159,1645055999999,443.82018325415976,362.8789409640405,434.84399999999994,506.466,,,False,False
1645056000000,427.3,431.1,400.0,402.4,661874.717,275709832.7181,1645142399999,445.7165310694261,364.3467075686453,432.602,504.14,,,False,False
1645142400000,402.4,411.0,392.2,399.2,611936.679,245671823.9169,1645228799999,445.9492050682502,365.1593622525811,430.216,501.991,,,False,False
1645228800000,399.2,406.4,393.0,399.8,410279.304,164154087.3112,1645315199999,445.8072617263345,367.0569113191371,427.98400000000004,499.705,,,False,False
1645315200000,399.8,400.0,375.0,380.6,624148.525,239051430.9718,1645401599999,445.32446023668155,368.54851376440587,425.05,497.242,,,False,False
1645401600000,380.7,393.7,355.0,356.6,1219652.4810000001,457114758.2115,1645487999999,445.09314509227653,365.29953755273505,421.56200000000007,494.31300000000005,,,False,True
1645488000000,356.7,375.4,348.7,374.3,940456.8219999999,340225406.7727,1645574399999,445.952933491768,362.0356189292553,418.81,491.548,,,False,False
1645574400000,374.3,384.2,365.3,365.6,698692.661,262913145.3207,1645660799999,444.88797152986643,362.96295925631443,415.9839999999999,488.866,,,False,False
1645660800000,365.6,371.3,323.5,361.2,1949035.935,670530462.9293,1645747199999,446.56218956449493,353.59497201623964,413.726,486.591,,,False,False
1645747200000,361.2,377.2,356.8,375.0,783242.16,286459035.4918,1645833599999,445.5199796537365,350.1824554442376,411.77399999999994,484.561,,,False,False
1645833600000,375.0,386.1,370.5,373.7,548687.941,206711446.36450002,1645919999999,444.48110824084074,348.6132324681569,410.286,482.98,493.0286666666667,,False,False
1645920000000,373.7,381.2,358.1,360.1,677364.949,249999154.4557,1646006399999,441.28220001692716,346.1148949667288,408.89,480.77099999999996,492.84599999999995,,False,False
1646006400000,360.1,397.2,355.8,395.6,773064.48,289850493.03470004,1646092799999,436.3269280511199,343.51609025709143,408.028,478.684,492.67333333333335,,False,False
1646092800000,395.7,424.9,390.4,408.7,1403695.832,570619625.5914,1646179199999,435.97007499990934,343.6617117770945,407.708,476.931,492.5506666666666,,False,False
1646179200000,408.7,415.7,403.8,409.3,788499.443,323372980.944,1646265599999,433.5132585730269,343.89506079598897,406.62200000000007,475.431,492.4093333333333,,False,False
1646265600000,409.3,413.2,397.4,402.6,577002.325,233991241.5175,1646351999999,432.9559639727661,343.9180583840377,404.91799999999995,473.546,492.25133333333343,,False,True
1646352000000,402.6,403.5,372.0,374.2,756176.61,294267657.1117,1646438399999,432.7464573506068,343.10567363525547,402.89799999999997,471.385,491.7986666666667,,False,False
1646438400000,374.1,387.3,367.2,384.7,453970.24199999997,171261274.7136,1646524799999,432.1058496639186,342.0170574972587,400.79200000000003,468.841,491.46400000000006,,False,False
1646524800000,384.8,387.3,371.6,375.0,489079.158,185729892.8404,1646611199999,431.60960837186434,341.3470247601828,398.402,466.718,491.0406666666667,,False,False
1646611200000,375.0,385.9,362.8,380.6,949294.9099999999,356471656.44589996,1646697599999,425.4729143246203,340.3607551820225,396.042,464.525,490.78333333333336,,False,False
1646697600000,380.6,388.7,375.3,381.4,647492.047,247897754.6279,1646783999999,420.51561080525204,342.34118365215903,394.166,462.226,490.5133333333333,,False,False
1646784000000,381.4,402.7,381.0,393.2,1012850.747,399432781.3146,1646870399999,416.0963360597867,342.8272062062476,392.60200000000003,459.9239999999999,490.44066666666663,,False,False
1646870400000,393.2,394.5,363.0,372.0,791332.9839999999,296391848.9076,1646956799999,414.5211738797563,342.2705746177887,390.80400000000003,457.4189999999999,490.1666666666667,,False,True
1646956800000,372.1,380.0,364.7,371.9,510174.586,189829352.13480002,1647043199999,413.19543427908445,342.0903576124339,389.43799999999993,454.86299999999994,489.68466666666677,,False,False
1647043200000,371.9,379.2,371.1,372.4,402475.646,151304077.1742,1647129599999,412.4228099261502,341.9848196584162,389.208,452.38800000000003,489.0286666666667,,False,False
1647129600000,372.4,377.2,360.1,361.4,424762.642,157468699.6473,1647215999999,412.0877415206053,342.47016002109933,389.27,450.052,488.2866666666667,,False,False
1647216000000,361.4,373.9,359.5,373.4,467814.984,171918309.3804,1647302399999,412.1378219475438,343.69271545300364,389.06,448.1,487.6126666666667,,False,False
1647302400000,373.4,374.7,361.7,371.7,440890.823,162504505.4955,1647388799999,412.1947799344521,343.43274992589744,389.06800000000004,446.23900000000003,486.98533333333336,,False,False
1647388800000,371.7,386.6,367.8,385.4,668878.615,252390066.8971,1647475199999,412.0441825744685,350.98072955325006,389.07399999999996,444.218,486.41533333333325,,False,False
1647475200000,385.3,393.5,381.7,391.8,569457.408,220668680.0061,1647561599999,412.34174100891875,352.5002699435201,389.408,442.34899999999993,485.79466666666667,,False,False
1647561600000,391.9,400.0,384.0,397.2,553763.586,216435335.2584,1647647999999,413.1150572150477,352.77462516239734,389.5539999999999,440.249,485.18866666666656,,False,False
1647648000000,397.2,406.4,394.9,399.9,459996.613,184226934.2762,1647734399999,414.4854043814134,353.9666937975101,389.834,438.54600000000005,484.51266666666675,,False,False
1647734400000,399.9,400.8,386.2,390.8,398984.429,156927918.921,1647820799999,414.7678325060056,356.18005412640775,389.86400000000003,436.93,483.9786666666667,,False,False
1647820800000,390.8,399.5,384.8,396.0,541479.78,213220417.4339,1647907199999,410.71969419753685,356.2867420897562,390.24,435.245,483.42333333333335,,False,False
1647907200000,396.0,410.0,394.8,404.3,609034.607,246686059.47370002,1647993599999,409.698418540501,357.1436374925081,390.84,433.585,482.88199999999995,,False,False
1647993600000,404.3,411.7,397.9,408.4,535891.79,216596978.3039,1648079999999,409.4265922186248,357.0980341603545,391.324,432.459,482.4326666666667,,False,False
1648080000000,408.4,416.6,405.0,414.2,598366.115,246062725.2176,1648166399999,411.5206136232514,356.32015063059777,392.27,431.32,481.96,,False,False
1648166400000,414.2,421.5,405.5,410.3,609691.8759999999,252564500.671,1648252799999,415.3200034580201,356.48854997976565,393.03,430.01200000000006,481.508,,False,False
1648252800000,410.3,416.4,407.5,415.8,280157.68700000003,115642732.4925,1648339199999,417.7878903795736,356.53488573470344,393.356,428.90799999999996,481.2886666666667,,False,False
1648339200000,415.9,431.6,411.7,430.5,490998.1,206354927.63840002,1648425599999,422.65952313968654,357.7335869314124,393.69199999999995,427.95799999999997,480.87933333333336,,False,False
1648425600000,430.6,441.0,427.6,430.2,719102.183,312557900.7517,1648511999999,428.71562263454155,356.60035274631434,393.898,426.92100000000005,480.21200000000005,,False,False
1648512000000,430.2,441.6,429.4,434.2,629773.894,274292494.9875,1648598399999,433.6867684865862,355.73135275616653,393.91200000000003,425.965,479.58466666666664,,False,False
1648598400000,434.2,449.3,425.5,442.1,768982.427,337640530.5811,1648684799999,439.78042308976626,357.83732819949415,394.59799999999996,425.14599999999996,479.03466666666674,,False,False
1648684800000,442.1,452.3,423.9,428.9,957924.695,420218726.678,1648771199999,445.4203225903375,360.4484503782191,394.718,424.152,478.2186666666667,,False,False
1648771200000,428.9,448.2,412.8,447.7,971822.655,420007037.56090003,1648857599999,449.46218624688004,362.9725254582563,395.37800000000004,423.29299999999995,477.5073333333333,,False,False
1648857600000,447.8,454.2,435.7,437.2,827864.885,369703437.968,1648943999999,453.57823634253765,366.77948145128744,396.12199999999996,422.175,476.63266666666664,,False,False
1648944000000,437.3,455.7,432.2,450.4,676230.892,300737395.2241,1649030399999,456.7296141058232,371.8954978702032,397.05800000000005,421.25800000000004,475.9106666666667,,False,False
1649030400000,450.4,450.5,433.4,447.6,736637.271,326915235.44879997,1649116799999,458.10983513593294,377.5286540148988,398.05199999999996,420.26,474.84599999999995,,False,False
1649116800000,447.6,460.0,444.1,444.7,761168.725,344439007.4977,1649203199999,461.06121136481727,382.24891346200235,398.87799999999993,419.24299999999994,473.55933333333337,,False,False
1649203200000,444.7,448.6,418.3,420.1,928930.806,401489681.8244,1649289599999,462.20621326453244,385.8330404612755,398.63200000000006,417.80699999999996,472.0293333333333,,False,False
1649289600000,420.1,450.0,416.2,436.0,717661.036,308674406.1649,1649375999999,463.4182147811276,389.31990568879814,398.80600000000004,416.825,470.5793333333333,,False,False
1649376000000,436.1,442.0,418.4,421.5,684600.074,294837274.727,1649462399999,463.8400520380191,391.3875721826576,399.18800000000005,415.895,469.15599999999995,,False,False
1649462400000,421.5,428.2,419.6,426.6,356426.659,151083668.0967,1649548799999,462.8336399564273,395.25414576456313,399.736,414.97600000000006,467.90600000000006,,False,False
1649548800000,426.6,429.5,417.0,418.1,386650.88300000003,164022002.1582,1649635199999,461.2509878303828,399.89764628242756,400.102,414.043,466.50399999999996,,False,False
1649635200000,418.1,419.7,391.2,394.6,856354.2239999999,348015114.8186,1649721599999,460.61636912610874,399.17476454302357,400.38200000000006,412.716,464.95533333333333,,False,True
1649721600000,394.6,417.1,392.4,413.6,729790.918,297678247.11160004,1649807999999,460.2145183538919,398.1711145109414,401.522,411.542,463.38266666666675,,False,False
1649808000000,413.7,424.6,410.3,423.4,630077.277,263365818.42430001,1649894399999,459.83486194793574,398.75905049437637,402.504,410.657,461.8666666666667,,False,False
1649894400000,423.4,426.9,411.3,414.7,464220.208,194192225.9607,1649980799999,459.6595779896959,399.3927838238949,403.48600000000005,409.735,460.40599999999995,,False,False
1649980800000,414.7,420.0,412.5,417.3,331730.773,138219013.2094,1650067199999,459.41067408221465,399.9051733596251,404.608,409.167,459.2633333333333,,False,False
1650067200000,417.3,419.0,411.6,417.3,237289.02,98579512.00479999,1650153599999,459.75151698748675,399.8957821170325,405.454,408.61400000000003,458.192,,False,False
1650153600000,417.3,418.2,405.5,406.6,302390.726,125179818.3567,1650239999999,459.6624038898827,398.5259079343459,406.11199999999997,408.199,457.35733333333326,471.29949999999997,False,True
1650240000000,406.7,418.0,396.2,416.8,628747.772,255406129.1018,1650326399999,459.3613817682484,396.03576906827107,407.24600000000004,408.068,456.26266666666663,471.44599999999997,False,False
1650326400000,416.9,424.7,414.6,422.3,567586.931,238184351.9582,1650412799999,458.0076340415678,395.7279881780259,407.78,407.904,455.0493333333333,471.45,False,False
1650412800000,422.3,431.4,414.9,418.4,677255.0900000001,286561981.3284,1650499199999,456.2232469332581,395.46824042367115,407.97399999999993,407.841,453.9453333333333,471.40649999999994,False,False
1650499200000,418.4,426.0,401.2,404.9,771718.154,322432006.8005,1650585599999,454.7301079186219,394.3637601157393,407.88599999999997,407.254,452.91600000000005,471.2785,False,True
1650585600000,404.9,413.9,403.3,406.6,563521.049,230501976.66050002,1650671999999,452.32328099514723,393.74418958789266,407.966,406.44200000000006,451.686,471.18,False,False
1650672000000,406.6,408.1,397.3,401.1,339347.45,137157329.9267,1650758399999,449.4585828001815,392.49202925870304,408.504,405.70099999999996,450.42466666666667,470.975,False,True
1650758400000,401.2,405.5,397.1,398.8,322889.805,129744963.581,1650844799999,447.1336323396414,391.715462788237,408.786,404.789,448.82266666666675,470.7945,False,False
1650844800000,398.8,405.7,382.3,404.3,849798.678,334326205.42689997,1650931199999,442.0085621504416,390.72328158992167,409.37199999999996,403.88699999999994,447.6026666666667,470.62350000000004,False,False
1650931200000,404.4,407.5,380.8,385.9,629808.812,248264999.2856,1651017599999,438.5707110761573,387.30574890134466,409.478,402.76,446.176,470.457,False,True
1651017600000,386.0,394.8,383.3,391.3,567371.495,221200838.16619998,1651103999999,435.0607724532852,384.8059343535207,409.676,401.92100000000005,444.7093333333334,470.30400000000003,False,False
1651104000000,391.4,408.6,388.5,407.1,946336.334,379597709.6868,1651190399999,431.6299517881353,383.5257306266286,409.95399999999995,401.278,443.2673333333333,470.31899999999996,False,False
1651190400000,407.2,410.7,389.7,393.0,694888.5260000001,277495560.7687,1651276799999,430.4030397162915,382.7648510275405,410.37399999999997,400.589,441.73733333333325,470.2185,False,True
1651276800000,393.0,399.9,376.3,377.1,574905.8219999999,224484821.4371,1651363199999,429.173385103886,380.109857756775,410.478,399.958,440.068,469.88300000000004,False,True
1651363200000,377.1,391.4,375.5,389.9,564144.673,216874708.715,1651449599999,429.6069750421478,377.9683353523087,410.828,400.01800000000003,438.5346666666666,469.4785,False,False
1651449600000,389.9,392.6,382.1,389.5,454918.11199999996,176653828.6666,1651535999999,429.7266921004823,376.8770661673116,411.39,400.33,437.1646666666666,469.0625,False,False
1651536000000,389.5,392.3,379.8,383.9,388317.42,150137733.5287,1651622399999,428.752711024188,375.1965754559124,411.6,400.33,435.93333333333334,468.6095,False,False
1651622400000,383.9,403.1,382.7,402.6,599066.682,235145614.8909,1651708799999,426.8282219536063,374.1771337644326,412.21799999999996,400.64300000000003,434.8986666666667,468.2935,False,False
1651708800000,402.6,413.6,370.7,378.4,1224114.5119999999,480461812.5146,1651795199999,426.19711258592264,371.8211908417626,412.07800000000003,400.5760000000001,433.5046666666667,467.83099999999996,False,True
1651795200000,378.5,383.3,370.6,379.1,702441.419,265287421.94140002,1651881599999,426.04183688763885,369.87720764430395,411.82399999999996,400.616,432.174,467.30199999999996,False,False
1651881600000,379.1,380.6,360.1,365.5,554852.531,207175988.6536,1651967999999,425.71896058280475,366.18753027172556,411.19,400.37200000000007,430.5626666666667,466.68899999999996,False,True
1651968000000,365.5,367.0,349.5,355.9,785184.087,280783573.4153,1652054399999,426.29217349012845,360.76749768017055,410.31,400.07200000000006,429.134,465.96200000000005,False,False
1652054400000,355.9,359.3,295.4,296.1,2137566.8702000002,689731241.2445,1652140799999,425.8267942350471,342.8193812147475,408.416,399.14,427.42533333333336,465.08799999999997,False,False
1652140800000,296.1,332.8,289.0,319.1,2160654.1754,681797899.1079,1652227199999,426.71648551667454,328.1318009549999,406.87800000000004,398.559,425.78933333333333,464.287,False,False
1652227200000,319.1,323.0,260.8,271.5,3387753.9826,994453854.0534999,1652313599999,427.4741137597844,309.1715136317034,404.22200000000004,397.531,423.7973333333333,463.217,False,False
1652313600000,271.4,285.0,218.8,269.0,4499625.6033,1160044030.819,1652399999999,433.25471933341146,283.85940235776627,401.434,396.379,422.1173333333333,462.18300000000005,False,False
1652400000000,269.0,313.5,265.4,290.6,1912387.361,570629505.7349,1652486399999,432.6280979432936,272.9277367523193,398.962,395.616,420.534,461.2105,False,False
1652486400000,290.7,299.5,272.1,296.9,1092874.023,313368698.1198,1652572799999,432.2515491412608,264.4816613698698,396.694,394.86199999999997,418.906,460.30449999999996,False,False
1652572800000,296.9,312.6,285.7,312.4,774709.2309999999,231142840.1901,1652659199999,429.64240515646344,258.662195091159,394.626,393.991,417.48066666666665,459.62299999999993,False,False
1652659200000,312.4,312.5,290.3,297.2,967622.834,288647095.5697,1652745599999,425.9642194992015,254.00682564178052,391.96,392.82599999999996,415.95866666666666,458.64950000000005,False,False
1652745600000,297.3,310.7,295.8,306.2,702265.6070000001,213433635.73000002,1652831999999,423.10726139584284,250.54684916190698,389.48,391.689,414.4406666666667,457.529,False,False
1652832000000,306.2,308.6,286.8,287.7,731091.091,217141792.4776,1652918399999,417.84098552362946,246.9533339796241,386.55,390.231,412.82666666666665,456.32599999999996,False,False
1652918400000,287.8,308.9,286.8,307.1,685238.844,205598123.8996,1653004799999,411.3325122831473,244.21839765245284,383.85,389.224,411.3806666666667,455.23850000000004,False,False
1653004800000,307.1,316.1,294.1,302.2,918118.1769999999,281005765.1526,1653091199999,405.50673317268433,242.28910551630005,381.316,388.01700000000005,409.87333333333333,453.99300000000005,False,False
1653091200000,302.3,314.2,299.3,312.4,470778.483,144965150.0549,1653177599999,400.2731885719513,241.30549798005097,378.61,386.9939999999999,408.39866666666666,452.78299999999996,False,False
1653177600000,312.5,323.7,311.5,319.4,640675.573,203402231.0268,1653263999999,394.3492823576363,242.04901790488077,376.254,386.18799999999993,406.868,451.538,False,False
1653264000000,319.3,337.0,315.3,317.2,1016212.871,332787923.22110003,1653350399999,388.4001987296369,243.46961509297452,373.59,385.324,405.3686666666667,450.33050000000003,False,False
1653350400000,317.1,330.4,312.1,328.3,1087140.6979999999,350658423.566,1653436799999,379.36384939713093,245.923604112975,371.204,384.62799999999993,403.90799999999996,448.93550000000005,False,False
1653436800000,328.3,337.9,324.0,325.7,1057736.755,348647272.3531,1653523199999,366.5080199208787,248.22583718422493,368.824,383.85100000000006,402.43666666666667,447.37550000000005,False,False
1653523200000,325.7,331.8,296.7,303.0,1539437.598,482675425.1864,1653609599999,358.96983084267055,250.85132670039144,366.48199999999997,382.557,400.69866666666667,445.6425,False,False
1653609600000,303.0,309.8,290.6,301.6,1460549.008,439011128.0486,1653695999999,349.8356306606002,253.30979775188294,363.7939999999999,381.3,399.148,443.883,False,False
1653696000000,301.5,310.5,296.9,307.5,601654.504,182686636.394,1653782399999,342.47508055953773,256.0215858697868,361.51399999999995,380.351,397.76800000000003,442.24549999999994,False,False
1653782400000,307.6,308.2,298.6,305.8,519507.747,157551407.3438,1653868799999,335.58896371529465,256.1001820974119,359.098,379.417,396.35,440.704,False,False
1653868800000,305.9,324.0,303.9,321.8,1006928.231,318483358.1724,1653955199999,334.50657754597614,256.518471464764,357.172,378.63699999999994,395.086,439.171,False,False
1653955200000,321.8,324.8,313.5,320.9,701746.39,224420165.5609,1654041599999,334.68298434992084,259.942951678984,355.698,378.04,393.71,437.64099999999996,False,False
1654041600000,321.0,324.5,297.6,300.4,817984.6089999999,254597660.7454,1654127999999,333.48376082010685,275.9576598965028,353.434,377.478,392.17266666666666,435.8955,False,False
1654128000000,300.5,309.2,298.2,308.3,477670.4,144758528.4928,1654214399999,333.4700856515914,280.61909417516284,351.13199999999995,376.818,390.8153333333333,434.18300000000005,False,False
1654214400000,308.4,310.3,293.3,298.6,468996.677,140826605.1582,1654300799999,332.9618139849861,284.0089937584403,348.81,376.14799999999997,389.4266666666667,432.50699999999995,False,False
1654300800000,298.6,302.9,294.8,301.3,293533.108,87900097.34290001,1654387199999,333.22310766349915,285.1048215195187,346.49,375.54900000000004,388.27466666666663,431.07,False,False
1654387200000,301.4,302.5,295.0,299.1,269695.901,80515666.7129,1654473599999,333.4395399562653,285.6073942853571,344.126,374.79,387.118,429.67550000000006,False,False
1654473600000,299.1,312.3,288.0,295.1,758590.86,229336066.15039998,1654559999999,333.4542760334606,284.7368393444588,341.8960000000001,374.00399999999996,386.09799999999996,428.49199999999996,False,False
1654560000000,295.1,295.9,273.5,290.3,969784.619,276622300.0833,1654646399999,334.08596504667156,282.2626813423752,339.366,373.306,385.1673333333333,427.0385,False,False
1654646400000,290.3,294.6,283.9,288.5,509510.455,147774213.8302,1654732799999,334.67953685751695,281.85439846847953,336.69,372.235,384.166,425.4595,False,False
1654732800000,288.5,293.4,286.3,289.9,335495.073,97246541.1366,1654819199999,334.95788410846967,281.02851098799533,334.12,371.047,383.26733333333334,423.9889999999999,False,False
1654819200000,289.9,298.9,283.2,286.4,817523.364,236828890.8985,1654905599999,334.8647588604228,279.51837132066566,331.75,369.81800000000004,382.086,422.62450000000007,False,False
1654905600000,286.4,290.6,265.2,269.9,584351.456,161677600.7792,1654991999999,334.2867163182974,274.96981456795197,329.01599999999996,368.491,380.6333333333333,421.01849999999996,False,True
1654992000000,269.9,272.0,251.1,254.8,827755.0349999999,215061279.4901,1655078399999,333.0707484418057,268.2857775245339,326.09,367.29699999999997,379.164,419.341,False,False
1655078400000,254.8,257.8,213.2,223.0,2377589.4089,546805495.7338,1655164799999,333.63137938018883,252.98232318137764,322.574,365.68,377.384,417.26050000000004,False,False
1655164800000,222.9,231.4,204.1,223.0,1922025.0844,422925306.5658,1655251199999,335.2576117361541,239.7718115030201,318.948,364.16,375.574,415.439,False,False
1655251200000,223.1,234.7,198.4,233.6,2105397.5515,448547539.3194,1655337599999,334.6953082822661,227.21946600197936,315.902,362.69,373.8073333333333,413.6075,False,False
1655337600000,233.6,237.2,207.7,210.2,975592.8729999999,214986177.6497,1655423999999,335.04324914105814,218.50589079060944,312.28,360.978,372.0406666666667,411.60200000000003,False,True
1655424000000,210.3,222.1,207.7,215.8,690834.308,149392114.506,1655510399999,335.6787233997739,210.82489107575745,308.454,359.204,370.33666666666664,409.564,False,False
1655510400000,215.8,219.0,183.4,197.0,1404690.4959,279072472.2567,1655596799999,335.5017995105202,199.85399410403738,304.534,357.454,368.5706666666667,407.4365,False,True
1655596800000,197.0,217.0,189.7,215.1,1102166.1709999999,224920974.6115,1655683199999,332.33339965488085,191.62627925296277,301.294,355.88599999999997,367.07,405.37449999999995,False,False
1655683200000,215.1,219.8,204.8,216.5,880400.844,187322962.2861,1655769599999,327.64763111517055,187.23393936263915,297.82599999999996,354.327,365.954,403.3575,False,False
1655769600000,216.5,228.4,213.1,220.1,829003.5650000001,183872676.7358,1655855999999,321.5484366101355,183.98727352911555,294.438,352.914,365.03266666666667,401.483,False,False
1655856000000,220.2,221.0,211.2,214.4,690466.465,149052138.7577,1655942399999,317.17422390124347,181.24031280747153,291.048,351.32399999999996,363.9026666666666,399.712,False,False
1655942400000,214.4,231.7,214.0,228.9,783796.952,175743668.56059998,1656028799999,311.60486533493844,179.24065066897458,287.574,349.89599999999996,362.9533333333333,398.0675,False,False
1656028800000,229.0,243.3,228.3,240.2,707275.387,166839422.1564,1656115199999,306.6135959455582,179.13849398809512,284.81,348.444,361.98733333333337,396.33099999999996,False,False
1656115200000,240.3,242.1,229.7,239.7,490948.31,116387757.5903,1656201599999,301.15954062279997,179.8051194854291,282.022,346.923,361.08466666666664,394.63599999999997,False,False
1656201600000,239.7,245.2,233.2,233.9,456762.547,109213172.7113,1656287999999,293.30540021367415,180.76957680253412,279.39,345.29,360.04466666666667,392.7695,False,False
1656288000000,234.0,241.0,230.0,233.8,483616.798,113847391.7689,1656374399999,287.61882949494253,181.06348950028772,276.948,343.62899999999996,359.03066666666666,391.0875,False,False
1656374400000,233.9,242.8,225.9,226.9,632626.779,149006957.8704,1656460799999,281.5875325823231,182.56472855680357,275.564,341.99,357.948,389.46,False,False
1656460800000,227.0,229.8,215.4,219.7,711780.691,157422165.44550002,1656547199999,274.60408148215726,184.95064207605276,273.57599999999996,340.22700000000003,356.898,387.736,False,False
1656547200000,219.7,220.3,205.4,219.6,791526.898,168111073.7277,1656633599999,264.76920739459297,188.1146641138894,272.538,338.38,355.8666666666667,385.9825,False,False
1656633600000,219.6,226.8,213.5,216.9,816261.885,179748144.2187,1656719999999,254.71343508276564,190.96771677265187,271.496,336.465,354.7513333333334,384.46200000000005,False,False
1656720000000,216.9,219.7,213.8,218.3,342712.099,74221672.5156,1656806399999,247.9623861035146,192.9606067471408,270.05,334.506,353.7606666666667,382.913,False,False
1656806400000,218.4,220.1,213.9,219.2,361103.065,78551392.8071,1656892799999,243.75827437977424,192.98982394446426,268.496,332.595,352.74,381.3035,False,False
1656892800000,219.2,232.2,214.8,231.5,514662.946,115095649.762,1656979199999,243.8117472321625,193.71271039230948,266.878,330.75200000000007,351.62,379.83,False,False
1656979200000,231.6,236.6,222.9,230.8,684927.621,157531502.5575,1657065599999,243.99578288008817,195.32758622447756,265.55,328.755,350.40066666666667,378.35650000000004,False,False
1657065600000,230.8,240.0,229.0,238.6,644951.713,152035811.0107,1657151999999,244.3281522535849,195.89687230893935,264.198,326.839,349.19199999999995,376.88,False,False
1657152000000,238.6,243.8,230.0,241.4,488193.22500000003,116889808.366,1657238399999,245.82520952875643,196.58200830002647,263.272,324.911,347.9113333333333,375.43800000000005,False,False
1657238400000,241.4,247.7,237.0,240.7,643936.034,155410733.435,1657324799999,247.60588401480592,201.64414285773145,261.94399999999996,322.897,346.79733333333337,374.0215,False,False
1657324800000,240.7,245.0,240.4,243.3,267778.165,65028839.7307,1657411199999,248.54855776880407,205.93226231289648,260.766,321.041,345.6,372.5965,False,False
1657411200000,243.3,243.5,231.7,234.7,396712.237,93608353.6637,1657497599999,249.21459935895848,208.03100823705765,259.212,318.911,344.4,371.10200000000003,False,False
1657497600000,234.7,235.0,225.1,225.6,419335.06700000004,96787885.921,1657583999999,249.35913087426422,208.9916644278236,257.336,316.795,343.2373333333333,369.485,False,False
1657584000000,225.7,228.3,220.2,220.6,410220.066,92021837.1589,1657670399999,249.06762431917255,210.00522802085953,255.40400000000002,314.497,342.01733333333334,367.8775,False,False
1657670400000,220.6,231.3,216.4,230.5,714589.61,159664486.6001,1657756799999,249.0619212620382,210.29512005962985,253.44800000000004,312.326,340.9013333333333,366.293,False,False
1657756800000,230.5,240.0,227.1,238.5,577524.874,134737102.3693,1657843199999,248.7286331864703,210.27407561520022,251.704,310.264,339.802,364.7535,False,False
1657843200000,238.6,242.7,235.4,238.5,446513.822,106441090.036,1657929599999,248.7935705398126,210.15472774546362,250.41400000000002,308.448,338.50933333333336,363.1275,False,False
1657929600000,238.6,251.5,233.9,249.8,423399.99399999995,103010813.27409999,1658015999999,249.7685608250481,210.1361376314572,249.378,306.586,337.326,361.70550000000003,False,False
1658016000000,249.8,256.1,246.4,247.8,436448.547,109732342.9723,1658102399999,251.95304253573525,209.24911640423073,248.18400000000003,304.849,336.2953333333333,360.37200000000007,False,True
1658102400000,247.8,265.6,247.6,264.1,747067.029,193593760.8025,1658188799999,255.7146099594663,208.6622760724047,247.35,303.224,335.39466666666664,359.1,False,False
1658188800000,264.1,274.8,255.8,268.6,946386.94,250265863.908,1658275199999,261.41247001167727,208.55859054835057,246.28599999999997,301.72900000000004,334.52,357.88599999999997,False,False
1658275200000,268.6,272.0,256.4,258.2,771496.808,205390008.9628,1658361599999,265.2685673005784,210.63947318763607,245.032,300.365,333.704,356.5405,False,False
1658361600000,258.3,266.0,250.7,265.6,545140.272,140726770.2612,1658447999999,267.76485258368757,212.37280638557885,244.336,298.885,333.0973333333333,355.21350000000007,False,False
1658448000000,265.6,271.4,261.1,262.4,508542.317,135732971.3766,1658534399999,270.26497563351137,213.7428083821087,243.418,297.275,332.3513333333333,353.966,False,False
1658534400000,262.5,272.6,252.7,259.2,488326.247,127285476.3853,1658620799999,272.3351535447457,216.1993284328001,242.63,295.72,331.642,352.7275,False,False
1658620800000,259.2,266.2,257.1,261.4,333902.61100000003,87651122.8448,1658707199999,273.7867653867421,218.7447495351368,241.83199999999997,294.161,330.9766666666667,351.664,False,False
1658707200000,261.4,262.7,243.8,244.6,458768.533,116542520.96779999,1658793599999,274.7588445026115,220.50643028231818,240.74199999999996,292.434,330.1073333333333,350.524,False,False
1658793600000,244.7,249.6,239.6,249.4,365533.647,88956040.5187,1658879999999,274.8290755372606,221.40004731866478,239.82800000000003,290.862,329.27866666666665,349.5305,False,False
1658880000000,249.5,272.0,247.5,271.6,656773.6950000001,170925448.3281,1658966399999,276.8067636708727,222.49445961547298,239.45399999999998,289.41,328.6886666666666,348.73900000000003,False,False
1658966400000,271.6,280.8,263.6,277.2,669832.4,182039983.1174,1659052799999,279.8851895179325,222.54079678577634,239.22799999999998,287.959,327.89933333333335,347.9314999999999,False,False
1659052800000,277.2,302.0,274.8,293.6,1077799.2210000001,311584621.6715,1659139199999,286.6873364863656,221.70376949566935,239.30200000000002,286.711,327.132,347.276,False,False
1659139200000,293.6,300.2,285.1,287.8,683111.103,200155642.0377,1659225599999,292.0152172635967,221.21856383625382,239.33,285.54,326.322,346.39700000000005,False,False
1659225600000,287.8,297.1,282.1,283.4,564727.273,164338264.50059998,1659311999999,295.6876107061892,222.8162824934299,239.6,284.30800000000005,325.52733333333333,345.375,False,True
1659312000000,283.5,290.5,277.9,283.2,493847.804,140529914.4358,1659398399999,297.0766510413582,226.2485825850723,240.168,283.12899999999996,324.92066666666665,344.415,False,False
1659398400000,283.3,291.1,274.2,283.8,627814.081,176987241.03350002,1659484799999,297.9965853502148,231.4192310196346,241.384,281.97900000000004,324.248,343.384,False,False
1659484800000,283.8,305.7,278.2,297.5,685924.62,201744069.5699,1659571199999,301.2712223916527,235.0092270184876,242.87399999999997,280.911,323.73133333333334,342.399,False,False
1659571200000,297.6,313.4,297.2,311.8,808604.152,246396755.5475,1659657599999,305.3224919746815,236.2091776057049,244.438,280.17,323.2726666666667,341.465,False,False
1659657600000,311.9,321.5,308.1,315.9,641807.573,202413461.71600002,1659743999999,310.6898968882265,237.42654758151573,246.55200000000002,279.416,322.836,340.6685,False,False
1659744000000,315.9,322.9,312.6,315.2,394288.536,124933875.7491,1659830399999,315.60390175152577,237.45989797795718,248.54,278.497,322.31600000000003,339.8875,False,False
1659830400000,315.3,325.9,308.2,322.8,415090.18299999996,132021308.2209,1659916799999,320.6172338279529,238.75293255868763,251.05599999999998,277.795,321.98800000000006,339.19199999999995,False,False
1659916800000,322.7,334.0,320.8,324.9,580206.607,189929679.9716,1660003199999,326.50175037810226,238.72501368167818,253.252,277.27299999999997,321.6746666666667,338.61550000000005,False,False
1660003200000,324.9,328.3,312.4,324.4,500589.395,160641901.4976,1660089599999,330.68834154614626,240.07591774446558,255.41,276.61800000000005,321.3546666666667,338.318,False,False
1660089600000,324.5,336.8,313.6,328.8,831222.11,270943686.2167,1660175999999,335.4848610291571,242.62024564837924,257.584,276.011,321.13733333333334,338.1705,False,False
1660176000000,328.8,334.7,322.0,323.6,549578.328,181136080.2977,1660262399999,339.42990199833747,243.98599939692548,259.76800000000003,275.408,320.8053333333333,337.869,False,False
1660262400000,323.5,328.1,317.7,327.9,384848.843,124362903.48809999,1660348799999,341.97425861082695,247.23599939692548,261.748,274.661,320.5133333333333,337.652,False,False
1660348800000,327.9,333.0,322.8,324.3,405066.252,132869331.84709999,1660435199999,344.2846984201599,250.2451781014861,263.43,274.12,320.106,337.348,False,False
1660435200000,324.3,331.0,315.8,317.6,378353.918,122468812.6467,1660521599999,345.31054868144116,256.386789728103,264.988,273.505,319.61133333333333,337.06049999999993,False,True
1660521600000,317.6,327.4,313.6,319.5,455916.278,145530995.0574,1660607999999,342.84763941487194,264.58717219677374,266.7,273.045,319.0933333333333,336.70849999999996,False,False
1660608000000,319.4,322.4,312.0,316.1,370975.919,117467178.01009999,1660694399999,341.63515072103394,272.3923749670778,268.346,272.647,318.5346666666666,336.35949999999997,False,True
1660694400000,316.0,324.0,304.2,306.9,504236.732,157961439.04799998,1660780799999,340.7227417300347,277.45588222983116,269.94599999999997,272.755,317.97533333333337,335.9475,False,False
1660780800000,306.8,311.0,295.8,298.1,409051.886,124617178.52250001,1660867199999,340.60859240578264,280.2422632880134,271.514,272.545,317.3226666666667,335.55199999999996,False,False
1660867200000,298.1,298.2,276.2,279.1,870296.511,248082923.959,1660953599999,340.71228773481465,278.8423215388722,272.704,272.621,316.488,335.0760000000001,False,False
1660953600000,279.0,289.4,277.0,283.7,513021.106,145936114.3889,1661039999999,341.3118404544223,278.03933446832207,274.04,272.768,315.6566666666667,334.57349999999997,False,False
1661040000000,283.8,304.2,283.4,301.9,528156.209,156019516.1688,1661126399999,340.500301520115,278.8781785808546,275.712,272.88100000000003,314.90799999999996,334.2485,False,False
1661126400000,301.9,304.9,288.8,300.0,638895.985,189310375.0873,1661212799999,339.5654505651918,281.1473558590126,277.328,272.91200000000003,314.1726666666666,333.88699999999994,False,False
1661212800000,300.0,301.7,293.8,299.3,403374.952,120215414.4346,1661299199999,339.7280412185914,283.3864820732266,278.684,272.781,313.396,333.38599999999997,False,False
1661299200000,299.3,300.5,294.3,296.4,344126.265,102349780.4904,1661385599999,339.95749194990486,283.105137616443,279.996,272.77299999999997,312.502,332.79949999999997,False,False
1661385600000,296.4,307.5,296.0,301.2,398617.06,120297663.2465,1661471999999,339.5666435366388,282.35518207035966,281.24800000000005,272.723,311.642,332.2060000000001,False,False
1661472000000,301.2,302.3,277.2,279.6,594770.355,173560709.75239998,1661558399999,339.09369942872974,279.11761994094206,282.01199999999994,272.642,310.61133333333333,331.4365,False,True
1661558400000,279.6,284.8,273.3,277.9,412732.716,115381037.00479999,1661644799999,339.23445160664085,275.6315089043676,282.756,272.35,309.51666666666665,330.78700000000003,False,False
1661644800000,277.9,284.1,275.6,276.5,312819.026,87346870.5846,1661731199999,337.8611601193866,273.1266656863672,283.42,272.093,308.50066666666663,330.055,False,False
1661731200000,276.5,286.7,272.3,285.9,481690.832,134656813.5535,1661817599999,336.5465296489773,270.2536210244346,284.444,271.828,307.422,329.411,False,False
1661817600000,285.9,292.0,276.1,281.6,436765.765,124426031.0398,1661903999999,333.3382670023361,268.3004973461796,285.564,271.45,306.38466666666665,328.819,False,True
1661904000000,281.7,290.0,277.7,279.2,388909.545,110661963.1834,1661990399999,330.0587426447466,267.3704987958194,286.736,271.07,305.24333333333334,328.19699999999995,False,False
1661990400000,279.3,280.3,270.7,278.3,415193.212,114562125.8134,1662076799999,327.84026121586203,265.7110401343624,287.69199999999995,270.57,304.11466666666666,327.599,False,False
1662076800000,278.3,283.4,273.7,277.5,321409.948,89625526.057,1662163199999,324.0078404563425,265.57721413192996,288.472,270.08799999999997,303.0,326.9695,False,False
1662163200000,277.4,278.8,274.2,277.8,148504.883,41095391.7466,1662249599999,320.0896613705082,265.444582655515,289.258,269.836,302.0513333333334,326.1965,False,False
1662249600000,277.8,280.6,275.0,279.1,193440.808,53790499.5637,1662335999999,316.0892759360903,265.83075867765496,289.844,269.61100000000005,301.00533333333334,325.4555,False,False
1662336000000,279.1,282.0,273.4,276.9,258958.149,71532780.19409999,1662422399999,312.4193259542956,266.67037610535806,290.426,269.305,300.04133333333334,324.828,False,False
1662422400000,276.9,286.3,261.0,262.5,640922.531,176536165.5361,1662508799999,307.52557218099554,265.268832831562,290.394,268.87199999999996,298.94733333333335,324.1445,False,True
1662508800000,262.5,280.4,258.6,278.9,431827.218,115857094.2042,1662595199999,305.04638673362115,263.0707897132596,290.6,268.443,298.01933333333335,323.54,False,False
1662595200000,279.0,282.9,275.4,280.5,385559.749,107680601.8348,1662681599999,304.27803911438343,263.0207856798002,291.046,268.039,297.25866666666667,323.03950000000003,False,False
1662681600000,280.6,295.9,280.0,293.4,541869.409,157120633.6617,1662767999999,304.72393995884113,263.1461190021535,291.602,267.969,296.45733333333334,322.7235,False,False
1662768000000,293.4,298.6,290.3,296.7,328332.542,96679858.8381,1662854399999,303.94591816521836,263.0052270451167,292.288,267.853,295.61266666666666,322.33549999999997,False,False
1662854400000,296.7,298.1,289.7,295.3,261093.945,76921681.903,1662940799999,302.9518996620038,262.9730667666386,293.01,267.82,294.81666666666666,321.984,False,False
1662940800000,295.3,300.0,290.8,294.1,408686.168,120574133.5628,1663027199999,302.7046958249252,263.15333107580693,293.664,267.748,293.99533333333335,321.6485,False,False
1663027200000,294.1,298.6,275.4,277.4,578322.3300000001,165715028.3164,1663113599999,302.4462213324798,263.3529067724238,294.32,267.531,293.06266666666664,321.1605,False,True
1663113600000,277.5,282.8,273.3,279.3,424974.985,118512336.0126,1663199999999,299.8073887601609,263.9175717019296,294.918,267.373,292.214,320.6885,False,False
1663200000000,279.4,280.5,266.3,271.1,520635.261,142604951.8573,1663286399999,297.9326342332697,262.9969093719833,294.908,267.181,291.24266666666665,320.2435,False,False
1663286400000,271.1,276.6,268.5,274.9,311737.818,85275040.42549999,1663372799999,298.06896202524445,262.57505578105,294.862,267.045,290.26,319.64,False,False
1663372800000,274.9,279.9,274.7,279.1,189707.951,52624982.8163,1663459199999,298.0617855737021,262.5322945847826,294.57199999999995,266.937,289.3313333333333,318.992,False,False
1663459200000,279.1,280.3,263.1,266.2,327883.908,89585859.6556,1663545599999,297.9344050561716,261.50376969602104,294.14,266.735,288.4066666666667,318.2765,False,True
1663545600000,266.3,273.0,256.7,271.9,508029.19,134393256.6133,1663631999999,297.6025460295297,259.3195057247105,293.91,266.755,287.5086666666666,317.623,False,False
1663632000000,272.0,273.7,265.2,266.3,335455.454,90215570.1637,1663718399999,297.260088861067,258.52972495008504,293.572,266.87,286.61,317.08349999999996,False,True
1663718400000,266.3,276.4,260.3,264.0,535775.821,143451738.2075,1663804799999,297.2783176467884,257.44374878885424,293.17600000000004,267.28,285.7113333333333,316.48,False,False
1663804800000,264.0,276.7,263.5,275.3,339390.821,91412188.4338,1663891199999,297.18887628915223,256.67116809153026,292.732,267.803,284.85133333333334,315.98150000000004,False,False
1663891200000,275.4,277.9,268.3,276.7,363390.805,99381888.094,1663977599999,297.18816247613654,256.3598017297085,292.03,268.23400000000004,284.12333333333333,315.462,False,False
1663977600000,276.7,285.0,274.2,274.4,324988.432,90927137.72129999,1664063999999,297.35640432228365,256.33853952907424,291.2,268.876,283.344,314.927,False,False
1664064000000,274.4,280.0,270.9,274.3,220895.598,60865798.2227,1664150399999,297.3118639194837,256.22803146137005,290.38199999999995,269.461,282.45866666666666,314.3325,False,False
1664150400000,274.3,276.9,270.8,276.1,267919.665,73404700.587,1664236799999,297.0293665389852,257.1372410508723,289.448,270.252,281.6793333333333,313.853,False,False
1664236800000,276.1,286.6,269.2,272.3,406749.835,113664496.2136,1664323199999,297.32023871965606,258.3470469856963,288.39599999999996,270.82399999999996,280.98066666666665,313.355,False,False
1664323200000,272.3,283.7,266.3,281.6,357981.397,98283085.9797,1664409599999,297.35523034775406,257.80064499700876,287.54,271.475,280.2586666666666,312.901,False,False
1664409600000,281.6,285.6,277.1,284.1,301167.344,84839263.8185,1664495999999,296.2202640504977,257.81293403765636,286.64599999999996,272.115,279.556,312.5145,False,False
1664496000000,284.2,289.8,280.5,284.8,391981.587,111674332.3233,1664582399999,294.9003303790034,258.4727704649668,285.87000000000006,272.81899999999996,278.8953333333333,312.07149999999996,False,False
1664582400000,284.9,285.4,277.7,282.9,196754.497,55536687.6329,1664668799999,293.12455184415745,259.3020041453428,284.97,273.35900000000004,278.0973333333333,311.6275,False,False
1664668800000,282.9,287.9,279.4,284.7,200690.251,56846715.143,1664755199999,290.88950102497864,260.54481102548493,284.178,273.80400000000003,277.4726666666666,311.12399999999997,False,False
1664755200000,284.7,289.1,283.1,286.9,275974.883,78973348.15779999,1664841599999,288.827474369693,260.1448075308837,283.564,274.276,276.858,310.59950000000003,False,False
1664841600000,287.0,298.2,286.3,296.2,321841.16500000004,94248616.7074,1664927999999,291.4092242917901,259.5861646096394,283.098,274.899,276.396,310.0945,False,False
1664928000000,296.3,296.4,289.2,294.2,221018.685,64737577.407400005,1665014399999,293.2811110176988,259.4448399072786,282.66,275.503,275.98466666666667,309.566,False,False
1665014400000,294.2,298.1,278.6,287.0,450036.833,130215244.43470001,1665100799999,295.22326694936913,259.8572262095265,282.262,276.10400000000004,275.924,309.047,False,False
1665100800000,286.9,287.0,279.1,282.3,354485.961,100481529.2893,1665187199999,295.524080695903,259.9232867503831,281.94599999999997,276.73,275.6786666666667,308.4785,False,False
1665187200000,282.2,282.7,275.4,276.4,183653.119,51392337.1387,1665273599999,295.5724666816683,260.9730560356232,281.892,277.298,275.7113333333333,307.839,False,True
1665273600000,276.3,279.4,275.1,278.2,171008.247,47459488.889,1665359999999,295.3273434884714,263.3097198695646,281.782,277.911,275.7726666666667,307.188,False,False
1665360000000,278.2,279.2,271.3,271.5,216924.869,59605624.9216,1665446399999,295.08824308874375,264.0147630234228,281.17400000000004,278.443,275.6453333333333,306.47450000000003,False,True
1665446400000,271.5,274.0,267.2,271.4,222137.683,60175430.3276,1665532799999,295.23078533576023,265.2001355430796,280.60200000000003,278.965,275.47533333333337,305.78,False,False
1665532800000,271.3,272.9,269.2,270.9,167816.904,45523630.5199,1665619199999,295.45307999594104,266.07924756091506,280.034,279.35900000000004,275.1986666666666,305.0555,False,False
1665619200000,270.9,273.7,256.8,271.6,540797.212,143118801.2493,1665705599999,295.6297782783112,263.9000763448315,279.538,279.767,275.028,304.261,False,False
1665705600000,271.6,276.8,267.6,269.4,298386.918,81413111.8451,1665791999999,295.50617991211493,263.31548887477834,278.902,280.075,274.7826666666666,303.457,False,False
1665792000000,269.4,271.4,267.4,268.2,144084.71600000001,38892821.9386,1665878399999,295.7600831943809,262.9559961543426,278.67400000000004,280.343,274.6526666666667,302.627,False,False
1665878400000,268.2,273.9,267.9,272.5,185597.074,50273799.949499995,1665964799999,295.83994999989136,262.6705259859929,278.566,280.661,274.422,301.779,False,False
1665964800000,272.4,275.9,269.8,275.6,187187.58,51151085.5275,1666051199999,295.50694036083695,262.72823255744913,278.548,280.98400000000004,274.24466666666666,301.0125,False,False
1666051200000,275.7,276.0,270.1,273.1,195691.117,53473915.4375,1666137599999,295.3297778416463,263.1485364101802,278.292,281.368,273.98266666666666,300.1395,False,True
1666137600000,273.2,273.9,270.3,272.0,153657.96,41810731.1332,1666223999999,295.01507613086017,262.7699845542813,278.1,281.832,273.6666666666667,299.3135,False,False
1666224000000,271.9,273.4,267.3,269.0,166135.49599999998,44986069.548599996,1666310399999,294.2057734989003,262.1270361973431,277.89599999999996,282.316,273.3453333333333,298.4065,False,False
1666310400000,269.0,271.2,263.4,270.1,195432.212,52360415.0981,1666396799999,293.8140561032768,261.05746089570624,277.732,282.712,272.95733333333334,297.519,False,False
1666396800000,270.1,271.1,268.4,270.4,84044.883,22665745.284199998,1666483199999,293.0642647269369,260.66228013238293,277.59,283.031,272.58866666666665,296.6475,False,False
1666483200000,270.5,276.8,268.7,276.0,134390.843,36579876.755899996,1666569599999,292.0768640279478,260.53221103608496,277.554,283.406,272.40866666666665,295.927,False,False
1666569600000,275.9,277.4,271.6,274.1,154182.094,42223946.541600004,1666655999999,289.25148783673757,261.0606987830265,277.45399999999995,283.649,272.2253333333333,295.1175,False,False
1666656000000,274.2,289.9,272.0,284.2,387523.125,109424124.6145,1666742399999,287.8810641999667,262.5523054250862,277.6,284.013,272.07,294.43100000000004,False,False
1666742400000,284.2,292.0,284.1,290.2,316408.936,91230142.3111,1666828799999,286.31642082054674,261.9221369943104,278.154,284.274,271.966,293.74899999999997,False,False
1666828800000,290.3,293.3,284.7,286.7,315734.808,91136079.963,1666915199999,287.58247013971817,261.3541711885598,278.31,284.455,271.732,293.092,False,False
1666915200000,286.8,301.1,285.7,297.9,416648.24299999996,122109397.9691,1667001599999,291.053426806897,260.6835506149581,278.658,284.85200000000003,271.57866666666666,292.6085,True,False
1667001600000,297.9,308.4,295.6,304.4,553646.125,167868011.2647,1667087999999,295.8678051073402,258.949690747613,278.878,285.24,271.6053333333333,292.0625,False,False
1667088000000,304.5,318.8,302.3,313.5,538624.403,167660898.3786,1667174399999,302.2839900378855,257.1564123316347,279.214,285.751,271.64,291.513,False,False
1667174400000,313.6,337.9,306.5,325.7,1047801.477,340425554.60179996,1667260799999,312.26410841899764,256.0640286251828,279.822,286.416,271.8206666666667,291.06800000000004,False,False
1667260800000,325.8,334.6,317.4,323.9,550045.706,179160222.02470002,1667347199999,319.3985349170566,254.28148627560995,280.418,287.041,271.9713333333333,290.601,False,False
1667347200000,323.8,330.0,315.3,320.2,561329.564,180869023.3075,1667433599999,324.586478482017,255.40465908200787,281.274,287.79699999999997,272.112,290.1155,False,False
1667433600000,320.2,338.7,318.0,329.5,622354.86,205277326.0489,1667519999999,330.6774630761621,255.63181999570602,282.278,288.598,272.34133333333335,289.73,False,False
1667520000000,329.6,358.9,328.3,354.6,751709.582,261103572.5566,1667606399999,339.7954427470985,255.62786320048284,283.948,289.428,272.77,289.41900000000004,True,False
1667606400000,354.7,361.3,346.1,349.2,411760.064,145635881.7737,1667692799999,347.9923367386507,254.59154808624743,285.43399999999997,290.148,273.17466666666667,289.0535,False,False
1667692800000,349.1,356.0,337.7,337.9,390974.879,136745098.0347,1667779199999,354.1346005158197,255.54994303282643,286.60999999999996,290.591,273.49466666666666,288.651,False,False
1667779200000,337.8,344.4,326.4,337.0,740465.512,248017900.2622,1667865599999,357.791717447979,257.8423056961967,288.026,291.08299999999997,273.832,288.31149999999997,False,False
1667865600000,337.0,398.3,298.0,327.4,3103916.384,1055852274.3129,1667951999999,370.2615605236033,260.29283376719445,289.136,291.52299999999997,274.2153333333334,287.9155,False,False
1667952000000,327.4,333.1,260.2,267.3,1901075.899,567664075.6821,1668038399999,371.34307411522457,259.22312871786744,289.156,291.36400000000003,274.2986666666667,287.2465,False,True
1668038400000,267.1,313.0,263.2,304.0,1411238.91,406358146.7641,1668124799999,370.7613264970434,259.19303215284083,289.95599999999996,291.566,274.8386666666667,286.7725,False,False
1668124800000,304.1,306.0,279.0,290.4,695145.6410000001,202402540.8252,1668211199999,369.69625343266983,260.47976637452547,290.258,291.495,275.28799999999995,286.203,False,True
1668211200000,290.4,294.5,271.6,282.8,545359.355,154906443.4621,1668297599999,368.9005104418153,260.8684404218418,290.38,291.205,275.616,285.6875,False,True
1668297600000,282.9,286.5,273.2,276.4,442278.921,123589124.7321,1668383999999,368.36354946755966,261.07321839773965,290.42,290.81,276.0573333333333,285.113,False,False
1668384000000,276.4,292.0,268.0,279.0,818725.897,227994916.626,1668470399999,368.2839632474902,260.53398457608387,290.514,290.448,276.4786666666667,284.4725,False,False
1668470400000,279.0,282.4,273.2,277.0,445565.664,123903312.1649,1668556799999,368.728489357553,259.3686684373896,290.532,289.99,277.012,283.8925,False,True
1668556800000,277.0,280.2,268.8,271.8,402896.799,110278982.5105,1668643199999,369.30097859975956,257.6301573893662,290.522,289.459,277.39,283.366,False,False
1668643200000,271.9,273.5,262.9,267.9,367805.83,98606467.4681,1668729599999,370.30291995011675,255.08163139009014,290.248,288.894,277.73266666666666,282.756,False,False
1668729600000,268.0,274.8,267.7,274.1,277946.366,75643996.6943,1668815999999,370.9344592394637,252.67348190177518,290.048,288.347,278.0926666666666,282.179,False,False
1668816000000,274.1,274.6,268.9,272.6,194104.28,52728944.3301,1668902399999,370.94797662554373,250.30744144214623,289.804,287.837,278.4806666666667,281.6225,False,False
1668902400000,272.6,273.8,261.8,264.2,306587.581,82401745.4219,1668988799999,369.24620790634106,247.21712196137088,289.43,287.2,278.716,280.9305,False,False
1668988800000,264.2,265.3,250.0,253.9,581026.19,149844873.5876,1669075199999,367.719777045028,242.99290284207473,288.814,286.496,278.8073333333333,280.308,False,False
1669075200000,254.0,267.8,252.0,266.7,357164.445,92786743.4638,1669161599999,366.02138690147825,239.55595486945975,288.40999999999997,285.987,278.9873333333333,279.746,False,False
1669161600000,266.8,301.8,264.8,298.8,1224050.689,356516355.7056,1669247999999,363.2690522897591,238.1292850967279,288.462,285.78,279.42,279.4125,False,False
1669248000000,298.9,304.1,293.9,300.2,550792.655,164566994.1052,1669334399999,357.6139517157911,239.28647189929225,288.582,285.621,279.86266666666666,279.13399999999996,False,False
1669334400000,300.3,306.6,294.1,300.8,465733.483,139382821.9341,1669420799999,351.16334321340105,243.37930930633175,288.858,285.56,280.35533333333336,279.1575,False,False
1669420800000,300.8,317.8,299.9,311.4,569578.773,177387113.6638,1669507199999,345.9994899783721,247.50417398506073,289.44,285.693,280.96666666666664,279.11899999999997,False,False
1669507200000,311.4,316.7,306.3,307.6,310095.845,96997226.2788,1669593599999,342.43671432510325,250.2188122523889,290.064,285.978,281.55333333333334,279.2995,False,False
1669593600000,307.7,309.6,286.6,293.5,603763.83,178312004.9909,1669679999999,322.0619227658753,250.68589151292147,290.37,286.07599999999996,282.06399999999996,279.422,False,False
1669680000000,293.5,305.3,289.0,295.4,422502.385,126128219.76900001,1669766399999,317.61908304503083,252.04367693833186,290.848,286.01099999999997,282.578,279.44599999999997,False,False
1669766400000,295.4,305.5,292.5,300.6,467009.694,139979947.1509,1669852799999,316.66655252961516,253.16676292270927,291.432,286.017,283.12066666666664,279.4645,False,False
1669852800000,300.6,302.0,290.0,292.3,798867.735,236380803.0176,1669939199999,316.24425269213117,253.29027695092617,291.86,285.947,283.52599999999995,279.364,False,False
1669939200000,292.3,293.9,285.4,293.4,364102.28500000003,105520413.5547,1670025599999,316.2074340493003,253.88817971802206,292.296,285.91700000000003,283.9433333333333,279.345,False,False
1670025600000,293.4,294.4,289.0,290.4,234377.055,68292872.5588,1670111999999,316.54949976476945,254.43388943988904,292.716,285.809,284.2886666666667,279.26599999999996,False,True
1670112000000,290.4,292.8,287.4,291.8,244356.783,70996837.0021,1670198399999,316.59051224151,255.49804573637533,293.188,285.931,284.62466666666666,279.2865,False,False
1670198400000,291.8,297.2,286.1,288.4,294958.79,86363781.9795,1670284799999,317.14488703085436,256.1358554380596,293.506,286.036,284.94266666666664,279.193,False,False
1670284800000,288.5,290.8,286.5,290.2,247911.347,71585088.9535,1670371199999,317.2958891951245,257.2441673907855,293.798,286.173,285.25533333333334,279.133,False,False
1670371200000,290.2,290.9,281.1,284.2,361435.528,102858804.3378,1670457599999,317.19104982858926,258.96959821783946,294.02,286.156,285.5853333333333,278.992,False,True
1670457600000,284.2,292.0,282.4,290.4,281655.08499999996,80842697.12200001,1670543999999,317.074388243857,260.218457221519,294.38800000000003,286.244,286.01733333333334,278.847,False,False
1670544000000,290.4,292.0,284.4,286.0,308418.725,89037369.8403,1670630399999,316.8193713855961,261.480438196305,294.728,286.312,286.4533333333333,278.691,False,True
1670630400000,286.1,289.9,285.7,288.2,148922.633,42834452.8982,1670716799999,316.3148993328976,263.95431205203533,295.09,286.411,286.83799999999997,278.4905,False,False
1670716800000,288.2,291.4,283.3,284.4,206340.146,59514080.2258,1670803199999,314.4881970821661,269.3677974429737,295.37,286.48,287.144,278.284,False,True
1670803200000,284.5,285.8,271.7,276.1,507509.83499999996,140940803.1346,1670889599999,312.425204056275,274.04431642426863,295.372,286.463,287.39466666666664,278.1495,False,True
1670889600000,276.1,282.0,255.6,272.2,1309642.6840000001,351955870.3627,1670975999999,312.4953637142988,271.61216474509166,295.334,286.394,287.544,278.0025,False,False
1670976000000,272.2,278.4,265.5,267.7,580082.911,157826873.8852,1671062399999,312.3903684419457,268.9326493753924,295.00399999999996,286.302,287.6766666666667,277.8035,False,True
1671062400000,267.7,268.1,256.5,258.8,350889.164,92233729.9022,1671148799999,312.6494486240056,264.87765618685626,294.37600000000003,286.265,287.64133333333336,277.56850000000003,False,False
1671148800000,258.9,264.7,224.7,231.2,876900.031,214869517.089,1671235199999,310.73240757552253,253.79571976971275,293.26599999999996,285.788,287.392,277.1155,False,False
1671235200000,231.2,245.0,220.0,242.1,788798.493,183930176.98589998,1671321599999,310.90685854156914,244.58845777269843,292.15,285.404,287.2846666666666,276.7215,False,False
1671321600000,242.1,254.6,239.5,251.0,526139.427,130305766.1496,1671407999999,309.5310253787387,240.39287994670573,291.082,284.98,287.1873333333333,276.4745,False,False
1671408000000,251.1,253.3,236.8,240.4,408787.202,100662869.9923,1671494399999,308.1899818423062,236.25918554887477,289.62,284.41700000000003,287.04066666666665,276.135,False,False
1671494400000,240.3,253.5,239.1,251.4,320509.026,79574286.8066,1671580799999,306.1544165048858,233.05015740574962,288.134,283.978,286.9886666666667,275.899,False,False
1671580800000,251.4,251.5,245.2,246.2,195051.385,48447186.3344,1671667199999,304.206719621436,230.98378363056446,286.58,283.499,286.88733333333334,275.6235,False,False
1671667200000,246.2,248.3,240.1,245.8,246104.196,60207564.1979,1671753599999,303.0561817925292,228.50962232245678,285.092,283.183,286.8953333333333,275.357,False,False
1671753600000,245.9,248.7,243.7,246.2,175280.013,43130222.3537,1671839999999,301.35734112313907,226.9083260825842,283.426,282.85200000000003,286.87399999999997,275.1125,False,False
1671840000000,246.2,246.3,243.4,244.5,96773.731,23688074.9905,1671926399999,299.5601014465343,225.55745739607045,281.224,282.586,286.6933333333333,274.88349999999997,False,False
1671926400000,244.6,245.8,241.4,243.2,125016.87700000001,30456150.2055,1672012799999,296.66896009847363,224.29704080169574,279.10400000000004,282.269,286.46666666666664,274.657,False,False
1672012800000,243.2,244.9,242.0,244.3,117117.968,28483521.2211,1672099199999,294.30984428055115,223.51623459911752,277.232,281.92100000000005,286.138,274.429,False,False
1672099200000,244.3,248.9,242.1,246.7,196642.12,48123719.9723,1672185599999,291.42208612917227,222.80626376229768,275.42600000000004,281.726,285.864,274.2305,False,False
1672185600000,246.7,247.4,241.5,244.5,208632.342,50890930.807000004,1672271999999,287.95222447061906,222.5092703900744,273.768,281.452,285.6046666666667,274.1035,False,False
1672272000000,244.6,246.9,243.3,246.3,161959.266,39764426.9632,1672358399999,283.9657532430771,223.05024407737153,273.348,281.252,285.35866666666664,274.061,False,False
1672358400000,246.3,246.7,242.7,245.8,128406.533,31413152.0195,1672444799999,279.7916427479995,224.48925068436262,272.184,281.07,285.10533333333336,274.175,False,False
1672444800000,245.8,248.0,244.8,246.3,134141.311,33031138.6588,1672531199999,274.50230311373423,226.85938085231075,271.302,280.78,284.764,274.2915,False,False
1672531200000,246.3,246.7,243.4,244.4,109450.117,26767261.7192,1672617599999,269.5993063378442,228.34516811807453,270.534,280.457,284.31466666666665,274.3455,False,False
1672617600000,244.5,247.9,240.7,245.2,173452.9,42566621.7265,1672703999999,264.63164775427225,228.32070001814077,269.91,280.165,283.8433333333333,274.52049999999997,False,False
1672704000000,245.3,247.0,244.4,246.1,115059.991,28259473.5323,1672790399999,259.2912457845768,229.93023563937712,269.252,279.883,283.3826666666667,274.672,False,False
1672790400000,246.2,261.0,245.6,258.9,370055.082,94459376.8191,1672876799999,257.55417649816485,230.65444460576256,268.89,279.711,282.95666666666665,274.98150000000004,False,False
1672876800000,258.9,259.2,255.2,256.7,145297.963,37361134.4044,1672963199999,256.22376399339214,232.55727347216816,268.58799999999997,279.555,282.50199999999995,275.1895,False,False
1672963200000,256.7,260.7,254.2,259.9,199497.076,51368774.9927,1673049599999,257.7341497983073,236.96717919866586,268.428,279.33799999999997,282.072,275.4065,False,False
1673049600000,259.9,263.9,259.4,261.3,115152.77,30088933.4458,1673135999999,259.3393904011916,236.28257231435597,268.172,279.11,281.62199999999996,275.61249999999995,False,False
1673136000000,261.3,276.5,260.1,274.9,237308.89,63256842.6863,1673222399999,263.94104702525635,236.41591750497778,268.218,279.011,281.2973333333333,275.915,False,False
1673222400000,274.9,283.5,271.3,272.6,437828.428,121659068.738,1673308799999,269.2763081497824,235.0498524136163,268.38599999999997,278.908,280.92866666666663,276.13349999999997,False,False
1673308800000,272.6,278.8,270.2,277.1,259938.562,71544603.7047,1673395199999,272.64929174622813,234.20473480448857,268.85,278.832,280.614,276.318,False,False
1673395200000,277.2,287.7,274.1,284.8,266107.304,74166049.41770001,1673481599999,277.42682561691754,233.95405000469378,269.212,278.81100000000004,280.3953333333333,276.5435,False,False
1673481600000,284.9,288.6,278.5,287.7,391553.641,111464592.04179999,1673567999999,281.65941987003777,233.42581752077115,268.99,278.726,280.18333333333334,276.8125,False,False
1673568000000,287.8,296.0,284.9,293.7,313541.811,90714499.34650001,1673654399999,286.7141532474002,232.86166535194448,268.86,278.721,280.034,277.112,False,False
1673654400000,293.7,314.4,293.1,305.1,706402.087,215777694.13,1673740799999,294.8888532985399,232.3754448646215,268.94599999999997,278.902,280.022,277.503,False,False
1673740800000,305.2,306.1,291.8,302.2,288696.868,86365136.017,1673827199999,299.9884903163645,232.84745113001173,268.762,279.101,280.0493333333333,277.9155,False,False
1673827200000,302.2,308.1,293.1,299.0,350990.993,105546343.55219999,1673913599999,304.8034627956954,233.85408559232562,268.59,279.327,280.182,278.3125,False,False
1673913600000,299.0,305.8,294.9,299.4,279993.876,84301030.8981,1673999999999,308.55933342848687,235.41032045631977,268.70799999999997,279.539,280.28666666666663,278.72499999999997,False,False
1674000000000,299.4,305.3,281.1,286.7,621064.665,182302178.06080002,1674086399999,311.66060734893716,237.75006431405302,268.534,279.69100000000003,280.18533333333335,279.067,False,False
1674086400000,286.7,295.5,286.1,294.6,215522.146,62586318.1561,1674172799999,313.0330311010775,240.41564145473038,268.414,279.923,280.14933333333335,279.44399999999996,False,False
1674172800000,294.6,305.4,286.6,305.1,423829.136,124835179.12990001,1674259199999,315.17926285809847,243.13399967491625,268.67,280.265,280.188,279.81199999999995,False,False
1674259200000,305.1,309.9,298.4,299.0,508000.024,154262036.4891,1674345599999,317.2122528958513,246.09102707703752,268.782,280.539,280.20533333333333,280.153,False,False
1674345600000,299.1,311.4,298.5,303.0,388815.192,118074364.3441,1674431999999,318.79155724345014,250.21638018473868,269.034,280.875,280.21733333333333,280.475,False,False
1674432000000,303.1,307.8,300.8,305.1,301946.005,92048016.7507,1674518399999,318.92620860081547,254.26417442004376,269.3,281.244,280.38733333333334,280.7935,False,False
1674518400000,305.2,323.5,299.2,300.3,629758.279,197286790.18940002,1674604799999,321.90010535985994,258.9434408678892,269.538,281.522,280.5366666666667,281.0915,False,False
1674604800000,300.3,314.0,293.4,306.9,447238.539,135182951.95630002,1674691199999,322.49954729924775,262.4742737214958,269.87199999999996,281.835,280.7393333333333,281.4095,False,False
1674691200000,306.9,309.5,301.6,304.7,342344.705,104832628.04879999,1674777599999,321.8830575106843,266.63915839079044,270.282,282.151,280.86466666666666,281.75949999999995,False,False
1674777600000,304.8,310.5,298.8,308.0,271326.79,82710629.2353,1674863999999,320.7599361566915,270.48621489981986,270.63399999999996,282.511,281.04066666666665,282.1715,False,False
1674864000000,308.0,313.6,303.6,306.1,229517.8,70543615.9629,1674950399999,320.80184443916085,274.78457197446517,271.036,282.882,281.21999999999997,282.599,False,False
1674950400000,306.2,320.5,304.8,317.2,430698.673,135402894.4623,1675036799999,321.97994651579796,277.16643464190105,271.616,283.353,281.47933333333333,283.0325,False,False
1675036800000,317.1,320.8,302.0,307.2,413716.212,128037381.1261,1675123199999,321.95820037784847,280.4228382368765,272.072,283.721,281.6773333333333,283.376,False,False
1675123200000,307.2,314.4,305.3,312.0,278061.958,86537029.2093,1675209599999,321.65048803142463,283.2310697453265,272.79,284.081,281.9053333333333,283.7435,False,False
1675209600000,312.1,319.4,305.6,317.0,390978.523,121820323.1709,1675295999999,321.47061808587245,285.53257777674645,273.686,284.51,282.15799999999996,284.0795,False,False
1675296000000,317.1,334.4,316.3,323.5,587655.881,192390747.6579,1675382399999,324.75313175079236,285.958101297915,274.802,284.903,282.46866666666665,284.45799999999997,False,False
1675382400000,323.5,335.5,318.3,332.2,579577.162,190507194.7902,1675468799999,327.93324214791875,285.5729886135259,276.27,285.323,282.93333333333334,284.79850000000005,True,False
1675468800000,332.3,334.1,327.0,330.4,212109.626,70050858.8377,1675555199999,330.5594748147507,284.7739856526623,278.254,285.76,283.27666666666664,285.10749999999996,False,False
1675555200000,330.4,337.8,324.0,327.8,396514.711,130706234.816,1675641599999,333.5253344650813,284.86243231641157,279.968,286.05899999999997,283.592,285.4555,False,False
1675641600000,327.8,331.5,320.7,324.3,290965.0,95098301.3522,1675727999999,335.07129106557664,285.3652544219982,281.434,286.258,283.798,285.749,False,False
1675728000000,324.4,333.7,323.2,333.0,265904.833,87505720.4959,1675814399999,336.68378811786243,288.13342396824004,283.286,286.453,284.04,286.10200000000003,False,False
1675814400000,333.1,335.8,323.6,328.2,286865.867,94531270.4592,1675900799999,337.4882068812276,290.44529117078594,284.82199999999995,286.478,284.25933333333336,286.447,False,False
1675900800000,328.2,329.3,302.0,306.2,564612.572,178897753.6956,1675987199999,337.93723241297977,292.6577687552792,286.022,286.301,284.34,286.671,False,False
1675987200000,306.2,309.2,302.5,305.8,295784.976,90651947.9341,1676073599999,337.96686229307716,293.09985284674696,287.222,286.157,284.52933333333334,286.97700000000003,False,False
1676073600000,305.9,311.4,305.1,310.4,154488.761,47628388.9448,1676159999999,337.96686229307716,293.76609425445133,288.506,285.966,284.7366666666667,287.282,False,False
1676160000000,310.5,321.0,306.0,312.6,291500.27,91485948.2107,1676246399999,337.82092556131744,294.2450637371292,289.868,285.546,285.0133333333333,287.487,False,False
1676246400000,312.6,315.7,282.8,294.3,1065985.594,314960864.8088,1676332799999,337.61912897073046,291.3707038766275,290.89,284.99699999999996,285.1426666666667,287.5725,False,False
1676332800000,294.3,301.7,289.8,296.2,494698.654,145777145.5391,1676419199999,338.28133281839547,290.79787837178867,291.928,284.58,285.25666666666666,287.58549999999997,False,False
1676419200000,296.2,317.7,294.0,317.4,465921.943,142051141.657,1676505599999,338.1971437291596,289.92427992486046,293.342,284.384,285.59799999999996,287.7335,False,False
1676505600000,317.5,327.8,303.9,304.4,858141.89,273631508.4029,1676591999999,338.60174081249744,290.39104216999937,294.54,284.154,285.8146666666667,287.8385,False,False
1676592000000,304.4,317.5,302.8,313.0,508736.19299999997,157933829.21780002,1676678399999,338.5715899229606,290.32653549285106,295.874,284.611,286.12600000000003,287.9875,False,False
1676678400000,313.0,319.2,312.9,316.5,282485.39,89264567.98369999,1676764799999,338.5411734028673,290.6973807761474,297.288,284.736,286.476,288.151,False,False
1676764800000,316.6,318.9,310.3,311.5,336004.274,105898919.4869,1676851199999,338.4954516221047,291.24202562917543,298.592,284.94699999999995,286.71733333333333,288.221,False,False
1676851200000,311.5,319.8,308.0,315.4,514483.797,162561577.7291,1676937599999,338.51003765054577,291.41550571342384,300.012,285.27299999999997,286.9753333333333,288.239,False,False
1676937600000,315.5,317.4,309.3,311.5,385161.297,120775804.8529,1677023999999,338.4869479255848,291.6381343932013,301.33799999999997,285.624,287.2226666666666,288.217,False,False
1677024000000,311.5,312.9,303.2,312.4,368344.986,113217908.5172,1677110399999,337.29593348585,291.06359385168093,302.664,285.958,287.4766666666667,288.203,False,False
1677110400000,312.5,315.3,305.8,308.3,300641.241,93188074.383,1677196799999,335.7406563329487,290.7559591038514,303.652,286.271,287.6913333333333,288.1305,False,False
1677196800000,308.3,312.1,298.6,302.3,328726.4,100468727.7221,1677283199999,334.2446962269862,290.43012679793185,304.564,286.57599999999996,287.8913333333333,288.0175,False,True
1677283200000,302.3,303.0,295.5,302.4,178538.408,53640769.215900004,1677369599999,332.22566404637354,289.8360460301333,305.414,286.92100000000005,288.03,287.9075,False,False
1677369600000,302.5,309.8,300.7,308.7,151419.166,46179503.1808,1677455999999,330.65977840722104,289.78572900215295,306.362,287.267,288.194,287.807,False,False
1677456000000,308.7,309.4,300.5,304.6,234405.821,71433037.0652,1677542399999,328.43313229128,290.2533736675148,306.95599999999996,287.587,288.326,287.712,False,True
1677542400000,304.7,305.7,300.0,301.4,186649.19199999998,56536923.3419,1677628799999,325.3675185250248,291.2698490769344,307.532,287.959,288.44933333333336,287.5795,False,False
1677628800000,301.5,306.4,300.5,302.7,200883.89299999998,60900584.0673,1677715199999,323.28881600556497,291.1884106298399,308.044,288.447,288.56933333333336,287.4715,False,False
1677715200000,302.6,303.8,295.8,299.8,200964.842,60082927.5113,1677801599999,323.44559626453645,290.68890209991264,308.344,288.778,288.6553333333334,287.3825,False,False
1677801600000,299.8,300.0,286.6,290.4,266627.564,77375815.2097,1677887999999,323.7665198201588,288.82950196388055,308.39799999999997,288.694,288.6166666666666,287.23699999999997,False,False
1677888000000,290.5,291.5,285.8,289.6,127846.86499999999,36979790.81,1677974399999,323.910730382672,287.06596643314714,308.31600000000003,288.58799999999997,288.586,287.10450000000003,False,False
1677974400000,289.6,292.8,287.4,288.7,128456.55900000001,37300395.7492,1678060799999,324.0205183104469,287.9169113536268,307.988,288.467,288.5973333333333,287.01349999999996,False,False
1678060800000,288.8,289.7,283.3,287.8,205220.75699999998,58782996.2149,1678147199999,324.7327669000994,286.81123272092356,307.7,288.231,288.634,286.962,False,True
1678147200000,287.9,290.5,283.4,289.3,200611.357,57609359.9966,1678233599999,324.301770251658,285.3315636419404,307.506,288.048,288.72,287.013,False,False
1678233600000,289.3,294.3,285.1,287.1,260938.374,75356809.0494,1678319999999,321.73449211492675,283.8122739498968,307.26,287.98400000000004,288.7793333333333,287.03,False,True
1678320000000,287.1,291.4,271.2,277.1,318996.851,90265165.2206,1678406399999,320.6965021449461,279.88699372240035,307.06800000000004,287.801,288.81666666666666,286.906,False,True
1678406400000,277.1,278.1,265.0,277.4,404292.972,110074568.5416,1678492799999,320.20808864518153,275.6030771832096,306.724,287.569,288.8566666666666,286.793,False,False
1678492800000,277.5,281.8,270.5,276.0,370350.207,102108722.7581,1678579199999,318.802615955083,273.030629004138,306.142,287.406,288.8906666666667,286.6765,False,False
1678579200000,276.0,288.8,273.2,288.1,316243.117,88260912.9764,1678665599999,316.4810926412636,271.21988130010266,305.92400000000004,287.353,289.00066666666663,286.635,False,False
1678665600000,288.1,314.1,286.1,307.9,991752.464,299509993.60569996,1678751999999,315.95533566942663,271.23315709748425,306.022,287.528,289.25733333333335,286.6685,False,False
1678752000000,307.9,319.5,302.0,308.4,703702.208,218821745.4102,1678838399999,317.01519062119326,271.27825065623176,306.08799999999997,287.694,289.5253333333333,286.8125,False,False
1678838400000,308.5,312.7,300.0,306.3,413251.773,126907786.4302,1678924799999,316.64137294353316,271.52351268599597,306.20799999999997,287.873,289.75066666666663,286.9545,False,False
1678924800000,306.3,332.8,302.8,329.4,1251303.89,401797064.6408,1679011199999,320.4992902575792,271.4029341856426,306.658,288.265,290.1093333333333,287.219,True,False
1679011200000,329.4,340.0,325.0,338.9,726737.468,241644682.8438,1679097599999,326.159261714629,269.285674658992,307.342,288.812,290.548,287.484,False,False
1679097600000,339.0,346.3,328.0,331.0,662698.511,224183709.7316,1679183999999,331.9301885239386,267.46116928296067,307.802,289.218,290.9413333333333,287.731,False,False
1679184000000,331.1,341.7,330.3,336.7,401972.619,135490968.039,1679270399999,336.1078400647084,265.93968428018144,308.414,289.725,291.3926666666667,288.01849999999996,True,False
1679270400000,336.7,339.1,331.3,332.5,511504.522,171843370.7453,1679356799999,339.6558704608351,264.8157057244191,308.72,290.168,291.8086666666667,288.28950000000003,False,False
1679356800000,332.5,339.9,327.1,334.4,477443.689,159793741.7808,1679443199999,343.00604534346814,264.3481467796523,309.264,290.668,292.23533333333336,288.574,False,False
1679443200000,334.5,339.5,316.0,321.1,1286215.777,422715609.9448,1679529599999,346.1189424363278,264.6901996950278,309.44599999999997,291.118,292.536,288.7905,False,False
1679529600000,321.2,332.1,318.9,329.4,383094.591,124802181.31469999,1679615999999,348.13778561450374,265.75467480762995,309.694,291.69,292.9046666666667,289.04200000000003,False,False
1679616000000,329.4,330.0,316.9,322.1,307030.002,99151865.5545,1679702399999,349.68756458878664,267.10247033034466,309.666,292.23400000000004,293.1573333333333,289.268,False,False
1679702400000,322.1,324.9,319.0,322.4,317118.332,102246368.2079,1679788799999,350.59213621729947,268.4430941891606,309.47,292.87,293.372,289.5675,False,False
1679788800000,322.4,329.5,321.7,328.6,204700.193,66827422.68139999,1679875199999,351.5523060193075,270.3909877906789,309.43399999999997,293.844,293.6513333333333,289.816,False,False
1679875200000,328.6,329.8,305.9,310.6,578039.5549999999,182769703.624,1679961599999,352.27117105896355,272.2532835757547,309.09,294.529,293.736,289.9665,False,False
1679961600000,310.6,315.8,306.8,313.2,329398.424,102362254.1103,1680047999999,352.12682278635407,274.050586722067,308.868,295.151,293.79466666666667,290.0655,False,False
1680048000000,313.3,319.9,312.4,313.7,327282.226,103404307.0787,1680134399999,351.7848225529556,278.39311649403305,308.48199999999997,295.884,293.796,290.15049999999997,False,False
1680134400000,313.8,320.8,309.1,316.4,496156.738,156327197.1435,1680220799999,349.5368943748438,284.5561799451461,308.24600000000004,296.534,293.734,290.25600000000003,False,False
1680220800000,316.4,319.8,311.8,316.9,266270.064,84310535.1086,1680307199999,346.59614835859696,290.5610946074329,308.46,297.241,293.6873333333333,290.36999999999995,False,False
1680307200000,317.0,319.0,313.0,314.9,185904.183,58599155.1467,1680393599999,343.4872899092904,297.21069010667844,308.642,297.93199999999996,293.652,290.5575,False,False
1680393600000,314.9,316.2,310.7,313.7,149805.66700000002,47006464.2186,1680479999999,343.38372543985304,301.3665292675342,308.708,298.60699999999997,293.5466666666667,290.72950000000003,False,False
1680480000000,313.8,314.1,299.5,308.8,450976.973,138921574.7271,1680566399999,343.5760701431896,300.9521789605718,308.632,299.24999999999994,293.24133333333333,290.918,False,False
1680566400000,308.8,312.7,308.2,310.8,305980.475,95018482.4739,1680652799999,343.5760701431896,302.1153555724434,308.962,299.92600000000004,292.98533333333336,291.0975,False,False
1680652800000,310.8,316.8,310.2,313.9,320350.363,100571771.7011,1680739199999,343.12266094337366,303.07358632340504,309.31600000000003,300.62199999999996,292.82533333333333,291.2715,False,False
1680739200000,314.0,315.2,310.6,312.3,232647.147,72725957.587,1680825599999,341.7356231823289,302.6138162054536,309.214,301.278,292.66066666666666,291.50199999999995,False,False
1680825600000,312.3,312.8,309.7,310.3,179863.362,55926512.0497,1680911999999,339.00079026774125,302.35096890493725,309.332,301.93600000000004,292.5466666666667,291.694,False,False
1680912000000,310.4,312.7,310.1,310.5,165372.944,51514644.4441,1680998399999,336.75496721306587,302.5775569359556,309.282,302.578,292.83466666666664,291.915,False,False
1680998400000,310.6,313.7,309.5,312.8,163948.725,50986008.2501,1681084799999,334.6241420234595,303.3375824788776,309.20799999999997,303.248,292.89333333333326,292.159,False,False
1681084800000,312.8,318.7,311.5,318.5,271539.24,85205066.9365,1681171199999,331.9690838136798,304.12060741909556,309.348,303.97,293.0806666666667,292.37499999999994,False,False
1681171200000,318.6,333.0,317.8,322.3,661117.672,215980918.4731,1681257599999,330.57366259613195,304.0685291911149,309.486,304.74899999999997,293.344,292.603,False,False
1681257600000,322.3,323.3,316.7,319.9,354216.724,113135820.0564,1681343999999,329.372882111456,304.16295571237265,309.654,305.49600000000004,293.634,292.8305,False,False
1681344000000,319.9,325.1,317.7,324.7,348151.945,112173084.698,1681430399999,328.6645765916695,304.13357796728775,309.9,306.282,293.9386666666666,293.0825,False,False
1681430400000,324.6,335.5,323.2,328.9,679955.061,224793151.2458,1681516799999,330.4658454995057,303.77033642582074,310.312,306.982,294.2846666666666,293.3465,False,False
1681516800000,328.8,336.0,326.9,333.0,418311.143,138970386.8544,1681603199999,331.63845837643703,303.1755192080615,310.926,307.745,294.6926666666667,293.65,True,False
1681603200000,333.1,350.0,330.1,347.7,632598.777,216486510.20160002,1681689599999,336.0027703729585,302.88054384538344,311.832,308.623,295.2246666666666,293.9805,False,False
1681689600000,347.7,350.0,337.5,340.0,556356.468,191176774.9373,1681775999999,340.27848343960557,302.0019058794743,312.45799999999997,309.41,295.664,294.26,False,False
1681776000000,340.0,346.7,337.0,343.1,391677.437,134225841.056,1681862399999,343.20418193764795,301.3640196238804,313.228,310.092,296.134,294.55150000000003,False,False
1681862400000,343.1,343.7,320.1,322.4,537444.082,177241467.35720003,1681948799999,345.30429939935783,302.05935049627,313.64799999999997,310.59,296.522,294.74899999999997,False,False
1681948800000,322.5,326.8,315.3,318.1,367453.93299999996,118367527.8226,1682035199999,345.5482968405906,302.31934775614997,313.956,311.0,296.95,294.916,False,False
1682035200000,318.0,334.6,315.3,321.2,910773.8940000001,296370164.1481,1682121599999,346.3562509225909,302.48229705820233,314.38399999999996,311.364,297.31333333333333,295.0875,False,False
1682121600000,321.3,333.1,319.9,332.2,381882.032,124850258.756,1682207999999,346.94057229826166,303.07300487137354,315.22,311.809,297.53599999999994,295.2675,False,False
1682208000000,332.2,332.5,327.4,330.7,384622.154,126958680.0237,1682294399999,347.32692492088853,305.51572926556645,316.042,312.17900000000003,297.7393333333333,295.45,False,False
1682294400000,330.6,334.0,327.7,331.2,442775.294,146556327.1712,1682380799999,347.6288734299819,306.70361599058936,316.892,312.43999999999994,297.94199999999995,295.671,False,False
1682380800000,331.2,340.0,328.6,338.4,436704.88300000003,145152623.73180002,1682467199999,348.51143489061224,307.7467463348635,317.904,312.802,298.122,295.95149999999995,False,False
1682467200000,338.4,345.0,321.5,330.6,679551.584,228450745.9855,1682553599999,349.711142613664,308.76220544155126,318.73,313.118,298.2753333333333,296.2225,False,False
1682553600000,330.6,336.6,328.2,330.9,482850.957,160502346.0046,1682639999999,349.57674717463595,310.1463081016677,319.606,313.433,298.52466666666663,296.486,False,False
1682640000000,330.9,330.9,318.7,324.1,991210.156,320507877.13130003,1682726399999,348.8432246036728,311.2350796815446,320.546,313.80699999999996,298.716,296.74899999999997,False,False
1682726400000,324.1,325.0,320.6,321.9,226488.68899999998,73126327.3959,1682812799999,347.97651414892084,312.68303534180893,321.436,314.08,298.858,297.00149999999996,False,False
1682812800000,321.9,338.3,320.4,337.5,711720.726,236115558.3169,1682899199999,347.70139127037453,313.86214217107755,322.666,314.404,299.15933333333334,297.3345,False,False
1682899200000,337.5,339.6,326.1,328.5,719404.912,239751288.9926,1682985599999,348.0396409064821,314.4513537694804,323.474,314.69899999999996,299.3933333333333,297.61899999999997,False,False
1682985600000,328.4,328.5,321.4,321.5,437446.28099999996,141881359.3589,1683071999999,347.75911970330367,314.96975570355164,323.746,314.88399999999996,299.60066666666665,297.8795,False,True
1683072000000,321.4,327.6,320.4,325.9,608765.389,196905763.1719,1683158399999,347.621357713592,315.2777925358405,324.096,315.092,299.82800000000003,298.168,False,False
1683158400000,325.9,327.5,323.2,323.8,195370.268,63593785.5551,1683244799999,347.62820940731524,315.2777925358405,324.446,315.327,300.06399999999996,298.42449999999997,False,True
1683244800000,323.9,329.1,322.8,326.5,284536.108,92825871.0679,1683331199999,347.5275200172817,315.10538868133335,324.388,315.52299999999997,300.306,298.679,False,False
1683331200000,326.6,328.5,319.5,321.9,275367.716,89101595.9636,1683417599999,345.62463286083477,314.7027622539295,324.048,315.69499999999994,300.5573333333333,298.923,False,True
1683417600000,322.0,325.4,320.4,321.0,203577.21899999998,65809878.4767,1683503999999,343.4738627591221,315.20838714910394,323.848,315.825,300.7613333333333,299.168,False,False
1683504000000,321.0,322.1,311.1,313.8,379192.119,119876329.8087,1683590399999,341.8565359872782,314.7214438960195,323.39,315.902,300.94666666666666,299.392,False,True
1683590400000,313.8,315.8,311.2,312.1,260672.04499999998,81747989.28559999,1683676799999,341.10378067907396,313.49276276735367,322.982,315.851,301.106,299.60200000000003,False,False
1683676800000,312.2,316.7,308.0,314.3,360146.811,112722393.2851,1683763199999,341.57304808290587,312.1839701280607,322.58,315.92199999999997,301.30533333333335,299.8215,False,False
1683763200000,314.3,314.5,304.4,307.5,291854.667,90369005.2504,1683849599999,341.6405924576089,310.23062501982724,322.30800000000005,315.87699999999995,301.5146666666667,299.97900000000004,False,True
1683849600000,307.5,309.1,301.2,308.5,327008.927,99784360.6959,1683935999999,342.07742950681285,307.5201398459255,321.89,315.792,301.75666666666666,300.151,False,False
1683936000000,308.6,311.8,307.5,310.7,151642.554,47001910.5018,1684022399999,341.97142631102116,306.2976134210853,321.66200000000003,315.664,302.04333333333335,300.2835,False,False
1684022400000,310.8,314.8,309.5,312.1,192884.821,60226626.9218,1684108799999,341.3634866126252,305.54594021102446,321.45599999999996,315.46299999999997,302.39866666666666,300.393,False,False
1684108800000,312.1,316.3,310.5,313.4,202895.171,63792308.8934,1684195199999,339.74588135616665,305.1334168158209,321.152,315.293,302.94666666666666,300.5265,False,False
1684195200000,313.4,314.0,309.3,311.4,182668.214,56874167.0213,1684281599999,336.9159661088043,304.44706338169857,321.168,315.129,303.4086666666667,300.594,False,False
1684281600000,311.4,314.4,307.0,314.3,221274.514,68799773.1488,1684367999999,335.33805527317156,303.9090279509134,321.19,315.029,303.8306666666667,300.64349999999996,False,False
1684368000000,314.3,314.9,306.1,309.3,236575.286,73619131.9768,1684454399999,334.42473168412215,303.0255702101272,321.10200000000003,314.79200000000003,304.29,300.6225,False,False
1684454400000,309.3,311.5,307.5,308.9,191704.812,59286887.5964,1684540799999,334.1152319566988,302.4172073960931,320.952,314.599,304.67333333333335,300.5385,False,False
1684540800000,308.9,312.0,307.8,310.6,104485.905,32347642.8651,1684627199999,331.6697427364632,301.92257796284787,320.82599999999996,314.643,305.10266666666666,300.472,False,False
1684627200000,310.7,311.6,305.7,306.4,143182.429,44293374.5127,1684713599999,328.38500837051987,301.709887981144,320.656,314.649,305.50666666666666,300.403,False,False
1684713600000,306.4,311.1,304.4,309.0,222082.435,68557813.5485,1684799999999,327.13296982619323,301.1702347400758,320.56199999999995,314.635,305.92533333333336,300.3005,False,False
1684800000000,309.1,315.4,309.0,313.5,225830.19,70763611.1608,1684886399999,325.88341977111656,301.1594918812441,320.656,314.644,306.38533333333334,300.095,False,False
1684886400000,313.5,313.6,303.6,306.0,292692.62,90018222.50299999,1684972799999,324.4557567223501,301.0890745055441,320.56,314.761,306.804,299.879,False,True
1684972800000,305.9,306.9,302.2,304.5,287322.502,87562770.5034,1685059199999,322.5834218446257,301.17268866517156,320.37199999999996,314.844,307.20533333333333,299.712,False,False
1685059200000,304.6,308.5,301.4,306.8,398588.895,121756770.7794,1685145599999,320.2886003222222,301.05689057411576,320.262,314.738,307.60599999999994,299.561,False,False
1685145600000,306.9,307.7,304.0,307.4,144742.086,44281243.284099996,1685231999999,318.37497793409165,302.00420598359693,320.204,314.768,308.0253333333333,299.461,False,False
1685232000000,307.4,314.6,306.7,314.1,257233.179,79600097.6225,1685318399999,317.04259851022346,302.05688050478193,320.276,314.779,308.4773333333333,299.69499999999994,False,False
1685318400000,314.2,317.3,310.4,311.6,461485.115,145062337.2295,1685404799999,317.2629926320815,302.11163424649294,320.252,314.73,308.916,299.733,False,False
1685404800000,311.7,314.2,310.8,311.5,291304.59,91013362.10949999,1685491199999,316.9645299387557,302.0308513263048,320.112,314.73,309.3506666666667,299.8385,False,False
1685491200000,311.4,311.9,305.0,306.8,437132.418,134239500.3593,1685577599999,316.7962008965144,302.08789344389027,319.802,314.644,309.76666666666665,299.95849999999996,False,True
1685577600000,306.8,307.7,303.1,304.9,255618.722,77928559.171,1685663999999,316.8782977233437,302.40136624148425,319.502,314.578,310.1646666666666,300.101,False,False
1685664000000,304.9,308.4,303.1,307.2,300583.675,92203727.6039,1685750399999,316.90734605649385,302.0454096772174,319.152,314.526,310.57199999999995,300.24199999999996,False,False
1685750400000,307.3,308.2,303.0,306.6,158805.926,48684741.5621,1685836799999,316.68579137684424,301.7301773292122,318.706,314.50899999999996,310.89,300.39,False,False
1685836800000,306.6,307.6,304.5,305.0,187805.427,57537980.8857,1685923199999,316.21770597278913,301.69249148604985,318.146,314.536,311.21200000000005,300.55600000000004,False,False
1685923200000,305.1,305.1,272.0,276.9,1096020.0189999999,314258039.4389,1686009599999,316.14639561834724,292.2445710599731,316.73,314.281,311.3253333333333,300.601,False,True
1686009600000,277.0,285.8,273.2,281.2,708685.58,197599700.38639998,1686095999999,319.2677191639271,286.9011344529222,315.554,314.00600000000003,311.458,300.6365,False,False
1686096000000,281.2,281.8,253.4,259.3,1188263.8369999998,313838020.58599997,1686182399999,321.07985975182635,277.5497032762129,313.878,313.553,311.354,300.56999999999994,False,False
1686182400000,259.3,267.5,257.1,262.0,579854.02,152323676.7111,1686268799999,324.35481006790155,271.23654891213755,312.67,313.159,311.28333333333336,300.55899999999997,False,False
1686268800000,261.9,264.4,255.7,260.5,509660.501,132789115.8495,1686355199999,326.2431939308146,265.63097024824026,311.518,312.737,311.1726666666666,300.592,False,False
1686355200000,260.6,260.7,228.4,238.7,1603602.2019999998,384973615.9326,1686441599999,327.42609080946886,254.900944963433,309.868,312.12600000000003,310.86533333333335,300.452,False,False
1686441600000,238.8,239.3,233.4,235.4,402562.359,95102654.1768,1686527999999,330.33123065886815,247.14578755011996,307.932,311.57599999999996,310.51666666666665,300.135,False,False
1686528000000,235.4,239.3,220.4,231.3,1579141.84,362057778.2938,1686614399999,330.92303763233883,237.97456609696275,305.944,310.993,310.10066666666665,299.7905,False,False
1686614400000,231.3,247.0,228.7,244.2,1230681.021,294375872.3017,1686700799999,329.84143513293276,231.56069561762118,304.204,310.548,309.6946666666667,299.5075,False,False
1686700800000,244.1,252.8,232.9,237.9,970411.718,237940592.4737,1686787199999,328.4936708722506,226.54703143630638,302.194,310.04900000000004,309.26599999999996,299.14,False,False
1686787200000,237.9,240.8,230.6,236.4,602141.969,141722725.8756,1686873599999,327.1294734860273,221.78386705589514,300.31,309.52,308.84866666666665,298.784,False,False
1686873600000,236.5,243.8,232.2,239.3,562586.529,133825112.4104,1686959999999,325.04911275728,217.8840669467719,298.478,309.04200000000003,308.44800000000004,298.513,False,False
1686960000000,239.4,249.8,237.2,244.5,491313.272,120377348.1879,1687046399999,321.3258527004098,215.26387636403757,296.88599999999997,308.716,308.1666666666667,298.2585,False,False
1687046400000,244.5,248.7,242.3,244.1,359878.981,88378391.28060001,1687132799999,316.63214431943607,213.96202288554503,295.33,308.383,307.83,297.976,False,False
1687132800000,244.1,245.0,238.3,243.1,425074.26900000003,102961755.5535,1687219199999,311.84948502233635,212.99549107412312,293.442,308.054,307.4166666666667,297.73,False,False
1687219200000,243.0,248.1,238.7,247.7,639069.672,154968378.05400002,1687305599999,306.7237868727257,212.39460371482747,291.826,307.65,307.0746666666667,297.5015,False,False
1687305600000,247.8,254.7,245.0,248.8,1006328.557,250959168.5731,1687391999999,301.72795183208655,212.91015813285298,290.372,307.05899999999997,306.7133333333333,297.2935,False,False
1687392000000,248.9,257.0,239.4,240.8,1032630.471,256876559.6921,1687478399999,296.03152068757345,213.9144466691774,288.67,306.383,306.2846666666667,297.0385,False,False
1687478400000,240.8,249.8,239.7,244.3,638290.193,156124995.5926,1687564799999,289.3731578380348,216.28982082594894,287.08,305.763,305.9113333333333,296.818,False,False
1687564800000,244.4,248.7,230.4,236.4,791496.0499999999,189462664.4101,1687651199999,281.5661116822449,220.69911146480564,285.278,304.83299999999997,305.4413333333333,296.549,False,False
1687651200000,236.4,244.0,235.0,238.8,513198.598,122634105.4772,1687737599999,272.39693576808565,221.63941816087083,283.616,303.832,305.002,296.322,False,False
1687737600000,238.9,241.3,233.6,236.1,526248.09,124675274.7049,1687823999999,266.93236192840703,223.80683236907436,281.918,302.883,304.5226666666667,296.0505,False,False
1687824000000,236.1,240.8,234.5,237.5,360259.85,85834675.0653,1687910399999,261.18848070918574,223.95195127927082,280.392,301.89099999999996,304.06533333333334,295.808,False,False
1687910400000,237.5,237.6,224.6,230.6,643304.047,149305878.0527,1687996799999,258.47766641455377,223.8515681901418,278.762,300.87199999999996,303.488,295.52,False,False
1687996800000,230.6,236.7,230.4,233.1,352025.974,82245042.8293,1688083199999,256.0102621554947,225.05205268823624,277.138,299.85900000000004,302.99399999999997,295.26349999999996,False,False
1688083200000,233.2,241.7,230.7,240.3,843439.5939999999,200483756.01749998,1688169599999,253.79407206443344,225.295175771694,275.794,299.051,302.516,295.0845,False,False
1688169600000,240.4,249.0,240.0,247.9,723099.401,176868834.7547,1688255999999,254.0913240464219,225.4007319102859,274.582,298.23600000000005,302.05533333333335,294.96299999999997,False,False
1688256000000,247.8,248.5,242.9,246.5,598172.063,146687214.6501,1688342399999,254.27613016422768,227.4780038244236,273.298,297.48,301.54200000000003,294.857,False,False
1688342400000,246.5,254.7,245.3,246.5,873992.727,217329353.3851,1688428799999,255.12159509802535,228.0215988246291,271.986,296.721,300.97066666666666,294.7955,False,False
1688428800000,246.5,246.9,240.4,242.5,488909.055,119449633.3821,1688515199999,254.56134157702678,228.3679672852186,270.568,295.86,300.3846666666667,294.85200000000003,False,False
1688515200000,242.5,243.9,235.8,238.9,520015.694,124699717.6546,1688601599999,254.53933437269995,228.8811020915968,269.11800000000005,295.143,299.79200000000003,294.836,False,False
1688601600000,239.0,244.5,231.5,232.2,673275.441,160660353.281,1688687999999,254.55066256647817,228.79712676928025,267.476,294.33299999999997,299.178,294.742,False,False
1688688000000,232.3,236.2,231.1,235.6,431534.586,101015451.05780001,1688774399999,254.46757395771021,228.28162516104265,266.002,293.55199999999996,298.52866666666665,294.718,False,False
1688774400000,235.7,237.6,234.2,236.3,259727.721,61331779.1567,1688860799999,254.2638783590096,228.09888134804606,264.55,292.75100000000003,297.916,294.6425,False,False
1688860800000,236.3,237.0,232.9,234.1,235123.329,55224068.3752,1688947199999,254.27137342601458,227.80302719636921,263.02,291.923,297.43533333333335,294.582,False,False
1688947200000,234.1,247.0,231.3,246.2,1193826.524,288577761.402,1689033599999,254.18128216967918,227.36878225250237,261.81600000000003,291.23600000000005,297.03799999999995,294.584,False,False
1689033600000,246.2,249.5,244.6,248.6,660141.384,163092161.7441,1689119999999,253.4469105580601,227.40125438698942,260.608,290.585,296.62600000000003,294.596,False,False
1689120000000,248.6,250.5,242.6,243.9,599390.7119999999,148023554.2427,1689206399999,252.31522872180048,227.31765667723292,259.216,289.93600000000004,296.168,294.593,False,False
1689206400000,243.9,257.8,242.7,256.1,1037831.3910000001,260503840.2728,1689292799999,253.69905845993864,227.24384626067618,258.218,289.38899999999995,295.91333333333336,294.6575,False,False
1689292800000,256.2,261.7,243.4,248.1,1071118.696,272238529.481,1689379199999,255.8735121812149,227.74851643193776,257.09,288.731,295.5926666666667,294.67650000000003,False,False
1689379200000,248.1,252.5,246.9,251.1,383772.673,95944881.0894,1689465599999,256.54028202973296,227.7034351024746,255.976,288.119,295.15066666666667,294.69849999999997,False,False
1689465600000,251.1,252.1,242.0,242.3,433016.609,107159359.2207,1689551999999,257.15448131539665,228.060422035266,254.674,287.43899999999996,294.7366666666667,294.6875,False,False
1689552000000,242.3,244.9,239.8,244.1,792745.1579999999,192369763.5855,1689638399999,257.2068833116522,228.34925882854833,253.27399999999997,286.775,294.27733333333333,294.67650000000003,False,False
1689638400000,244.1,246.7,237.5,240.2,932504.771,225023659.9072,1689724799999,257.2127157043425,230.14587527688883,251.84599999999998,286.049,293.76866666666666,294.6485,False,False
1689724800000,240.3,244.1,239.6,240.8,444676.507,107568712.1823,1689811199999,257.0181274015165,231.06697393738625,250.43199999999996,285.272,293.2973333333333,294.62100000000004,False,False
1689811200000,240.9,245.0,240.3,242.8,449387.80000000005,109089115.4593,1689897599999,257.0256259641887,232.05510960417243,249.15200000000002,284.47700000000003,292.81333333333333,294.613,False,False
1689897600000,242.8,245.4,242.0,243.7,295187.787,71997856.2745,1689983999999,256.8547675076564,232.10175781007186,247.928,283.715,292.36133333333333,294.6055,False,False
1689984000000,243.8,244.9,240.1,241.1,184432.52300000002,44760549.9083,1690070399999,256.69747710020727,232.05946430580622,246.606,282.879,291.886,294.5805,False,False
1690070400000,241.1,244.0,240.4,242.5,171931.133,41687540.333000004,1690156799999,255.84565238626845,232.1118962633864,245.32399999999998,282.015,291.44733333333335,294.4985,False,False
1690156800000,242.4,243.1,235.0,238.9,463451.69800000003,110753533.6528,1690243199999,255.72551449410437,231.74317972358446,244.00199999999998,281.074,291.0246666666667,294.4095,False,False
1690243200000,238.9,239.8,236.2,237.7,307201.312,73053333.6086,1690329599999,255.73938285402198,231.78067196400588,243.218,279.974,290.5933333333333,294.2985,False,False
1690329600000,237.8,240.4,236.3,239.0,318667.814,75848956.2839,1690415999999,255.71013015376536,232.4160399947576,242.37400000000002,278.964,290.1286666666666,294.187,False,False
1690416000000,239.0,244.5,238.4,240.6,310179.989,74869479.8343,1690502399999,255.5428379427355,233.35707844835366,242.0,277.939,289.702,294.0155,False,False
1690502400000,240.7,242.9,239.7,241.9,232739.179,56207693.5292,1690588799999,255.3855893992291,233.89759120951757,241.59799999999998,277.13399999999996,289.3053333333333,293.862,False,False
1690588800000,241.9,242.9,241.1,242.4,102406.899,24773023.5502,1690675199999,255.13792087229996,234.77972735611473,241.236,276.377,288.9033333333333,293.6885,False,False
1690675200000,242.5,243.8,240.3,242.5,255246.532,61858999.839,1690761599999,255.04410693141202,236.17316564576072,241.312,275.59,288.5213333333333,293.47700000000003,False,False
1690761600000,242.6,244.5,240.5,241.0,333099.771,80865567.5508,1690847999999,254.77354979554227,236.21356857750462,241.42399999999998,274.678,288.192,293.2435,False,True
1690848000000,241.0,247.8,237.3,247.7,813075.1749999999,198363744.4037,1690934399999,254.5400555553642,235.92531251205014,241.752,273.848,287.9126666666666,293.01349999999996,False,False
1690934400000,247.8,248.8,235.7,240.7,630364.5989999999,153020165.13099998,1691020799999,253.14987255473088,235.46027086714432,241.68199999999996,272.94300000000004,287.5926666666667,292.6915,False,True
1691020800000,240.7,242.8,238.3,241.1,303966.677,73117107.99689999,1691107199999,249.80250131371415,235.39596238064405,241.74599999999998,271.97,287.2813333333333,292.38599999999997,False,False
1691107200000,241.1,243.4,240.2,241.7,274715.344,66497124.776,1691193599999,248.61740921685313,235.99540812771593,241.852,271.081,286.964,292.0995,False,False
1691193600000,241.7,243.3,240.1,243.2,176422.282,42649651.4073,1691279999999,247.2526802929073,236.0490831903953,241.93,270.204,286.67133333333334,291.81850000000003,False,False
1691280000000,243.3,245.5,242.8,243.2,278149.257,67888359.9973,1691366399999,247.30511599784634,235.943609210531,241.90400000000002,269.395,286.4453333333333,291.601,False,False
1691366400000,243.1,244.9,239.7,242.1,302098.545,73178128.2102,1691452799999,247.10529849268616,236.09677587015443,241.864,268.597,286.21,291.3385,False,False
1691452800000,242.0,248.0,241.5,245.2,377607.574,92356948.46779999,1691539199999,247.5601135476491,236.10332038731082,241.90599999999998,267.67400000000004,286.0046666666667,291.039,False,False
1691539200000,245.2,245.5,242.8,243.8,294212.606,71894705.2311,1691625599999,247.60143205914912,236.04063615453202,241.828,266.827,285.7093333333333,290.763,False,False
1691625600000,243.9,244.1,240.5,241.5,261873.91999999998,63443697.9964,1691711999999,247.51536981853658,236.060214048061,241.68200000000002,266.027,285.26666666666665,290.4555,False,True
1691712000000,241.5,242.3,238.0,239.7,287357.204,68977336.0305,1691798399999,247.43683966349903,235.93781890259547,241.66,265.165,284.8086666666667,290.12850000000003,False,False
1691798400000,239.8,241.4,239.3,240.3,114025.156,27423424.2774,1691884799999,247.42365798677275,235.9067964141842,241.58,264.33,284.3686666666666,289.82849999999996,False,False
1691884800000,240.3,241.8,239.8,240.2,132878.878,31960464.030700002,1691971199999,247.42197801249466,236.4772519188275,241.65599999999998,263.467,283.774,289.495,False,False
1691971200000,240.2,241.5,239.7,240.4,201261.953,48426294.7964,1692057599999,247.32114516419227,236.86892878158466,241.68800000000002,262.652,283.11733333333336,289.17350000000005,False,False
1692057600000,240.5,240.8,234.0,236.7,397828.347,94739230.1,1692143999999,247.29447530194,236.36540567540328,241.7,261.809,282.4886666666667,288.817,False,False
1692144000000,236.8,237.4,230.7,232.0,427014.475,99874060.8179,1692230399999,247.5838504059298,234.86346249868416,241.59,260.991,281.79066666666665,288.4465,False,True
1692230400000,232.1,232.4,212.5,218.1,1023773.861,229457143.1452,1692316799999,248.52276149991783,228.07839299080882,241.34,260.051,281.02799999999996,287.95099999999996,False,False
1692316800000,218.1,220.3,213.5,216.1,674545.267,146556115.4077,1692403199999,251.22117286118413,223.95459190513878,241.0,259.069,280.2393333333333,287.4955,False,False
1692403200000,216.0,219.2,213.6,216.8,323294.673,69900741.1019,1692489599999,252.5981333163563,220.65785975741707,240.53,258.16200000000003,279.544,287.0195,False,False
1692489600000,216.9,218.0,215.4,216.5,190457.433,41243951.0211,1692575999999,253.33272143452797,218.18709349960534,239.90200000000002,257.242,278.79133333333334,286.517,False,False
1692576000000,216.6,216.9,206.2,210.4,782096.622,164823491.59759998,1692662399999,253.2940074045765,214.28468018271732,239.18,256.23900000000003,278.0466666666667,285.9515,False,False
1692662400000,210.4,213.0,203.4,210.9,875925.591,182093302.01569998,1692748799999,253.03092998772988,210.40914192016504,238.46800000000002,255.227,277.30333333333334,285.345,False,False
1692748800000,210.9,218.8,210.8,216.6,646096.521,139100814.0227,1692835199999,252.5694174953448,208.22854270954184,237.95,254.25900000000001,276.5566666666667,284.776,False,False
1692835200000,216.7,221.2,215.6,219.0,368866.011,80590240.5933,1692921599999,251.75002491634825,206.90516669695967,237.55199999999996,253.335,275.946,284.232,False,False
1692921600000,219.0,219.6,213.7,218.4,380692.105,82490314.6667,1693007999999,250.82661987842894,205.5239960344662,237.276,252.37599999999998,275.314,283.7025,False,False
1693008000000,218.5,219.3,216.1,216.5,146835.271,31896070.8349,1693094399999,249.4476473928649,204.68366562044406,236.894,251.44799999999998,274.666,283.12,False,False
1693094400000,216.4,219.8,215.9,218.4,186853.184,40689386.502,1693180799999,247.93259269599702,203.8935288117594,236.53600000000003,250.543,274.01266666666663,282.57099999999997,False,False
1693180800000,218.4,219.5,215.1,218.8,310319.442,67502658.01640001,1693267199999,245.70024325735278,203.29149378790643,236.23,249.625,273.3586666666667,282.134,False,False
1693267200000,218.8,234.8,217.0,226.9,666199.649,151324979.9833,1693353599999,244.31294770321196,203.1833213788546,235.84399999999997,248.83,272.772,281.7395,False,False
1693353600000,226.9,227.3,221.7,223.8,305094.438,68404012.6529,1693439999999,242.50969969366582,203.43781045437348,235.34799999999998,247.97799999999998,272.1726666666666,281.30649999999997,False,False
1693440000000,223.8,226.0,214.4,216.7,452017.913,99599187.58559999,1693526399999,240.7906982047618,203.24372570707303,234.80399999999997,247.01,271.5586666666667,280.827,False,False
1693526400000,216.7,218.4,211.2,213.7,461833.238,98906602.8881,1693612799999,238.89508183131176,203.1701315684508,233.956,246.08699999999996,270.9113333333333,280.424,False,False
1693612800000,213.7,215.9,213.0,214.4,207729.726,44541640.1152,1693699199999,236.66854289881258,203.79988956358034,233.282,245.18599999999998,270.248,280.015,False,False
1693699200000,214.4,215.2,213.2,214.4,168458.242,36078852.7499,1693785599999,234.1251661553329,205.17479115693445,232.548,244.262,269.5953333333334,279.5,False,False
1693785600000,214.4,216.5,213.1,215.2,305315.445,65652259.4118,1693871999999,231.21436439148243,206.39821059152348,232.00599999999997,243.34,268.9613333333333,279.054,False,False
1693872000000,215.3,216.1,213.5,214.6,242764.079,52156121.7649,1693958399999,228.5967438582186,207.90545410254646,231.41600000000003,242.345,268.32199999999995,278.56199999999995,False,False
1693958400000,214.6,218.8,211.8,215.2,300823.424,64596754.8989,1694044799999,226.8082042214168,207.85232287731694,230.916,241.38100000000003,267.67133333333334,278.0555,False,False
1694044800000,215.2,217.9,213.6,217.1,247735.496,53365435.3813,1694131199999,226.70991373187607,207.8570445530758,230.442,240.437,266.99533333333335,277.58349999999996,False,False
1694131200000,217.1,218.8,213.4,214.7,235244.296,50731186.8383,1694217599999,226.69371557708237,207.84740890762959,229.88,239.51600000000002,266.27799999999996,277.08,False,False
1694217600000,214.7,215.4,214.1,214.1,94752.246,20356350.875,1694303999999,226.67909966686176,207.81877730932774,229.28800000000004,238.608,265.5726666666667,276.593,False,False
1694304000000,214.2,214.3,211.1,212.4,281482.379,59840295.3424,1694390399999,226.70126006867778,208.56721973876944,228.71400000000003,237.66,264.824,276.093,False,False
1694390400000,212.4,212.7,203.9,206.1,580093.123,120460067.2959,1694476799999,226.7158356791705,208.7050000000005,227.986,236.655,264.00533333333334,275.582,False,True
1694476800000,206.2,214.3,204.9,210.7,523734.999,110321515.4203,1694563199999,226.6701071892213,207.70165707888833,227.422,235.71200000000002,263.19,275.124,False,False
1694563200000,210.8,213.3,209.3,212.5,301454.875,63746181.0503,1694649599999,226.46530042856037,207.29802665737608,226.918,235.06799999999998,262.2886666666667,274.6745,False,False
1694649600000,212.5,215.0,211.0,212.2,354022.553,75291908.9119,1694735999999,226.32008553423108,207.1320802595891,226.382,234.378,261.43666666666667,274.19199999999995,False,False
1694736000000,212.2,215.0,210.9,214.1,312856.997,66528306.9665,1694822399999,226.17909988586896,206.95068140710197,225.85199999999998,233.926,260.57666666666665,273.7395,False,False
1694822400000,214.1,216.0,213.3,214.9,288697.085,61955726.2993,1694908799999,226.002836395148,206.92826954413752,225.312,233.455,259.86,273.30699999999996,False,False
1694908800000,214.9,216.8,213.3,216.5,333002.468,71700223.67480001,1694995199999,225.8618109937234,206.9032695478533,224.794,233.015,259.18266666666665,272.876,False,False
1694995200000,216.4,221.3,214.9,216.0,600156.61,130735805.9995,1695081599999,222.8368707699472,206.95645794606713,224.264,232.78799999999998,258.48133333333334,272.457,False,False
1695081600000,216.0,219.9,215.3,217.2,347261.74799999996,75480968.3979,1695167999999,221.3891407163773,207.58359736770123,223.78799999999998,232.60600000000002,257.7146666666667,272.091,False,False
1695168000000,217.2,217.8,213.3,214.4,368825.74600000004,79474917.4956,1695254399999,219.7398967873762,207.5831579448121,223.12199999999996,232.437,256.93933333333337,271.715,False,False
1695254400000,214.3,215.1,209.1,210.8,412312.20900000003,87294414.18730001,1695340799999,219.533477775995,207.38607317686495,222.524,232.10299999999998,256.13666666666666,271.3255,False,False
1695340800000,210.8,213.0,209.6,211.1,237677.235,50135472.3992,1695427199999,219.56384341591888,207.18025562532065,221.924,231.835,255.28799999999998,270.94199999999995,False,False
1695427200000,211.1,211.7,209.9,210.5,117618.20999999999,24779090.2678,1695513599999,219.67977587278241,207.01546420960676,221.3,231.57600000000002,254.4873333333333,270.548,False,False
1695513600000,210.4,211.2,206.5,208.3,185179.50199999998,38827637.999400005,1695599999999,219.72491572946245,206.44182743232366,220.602,231.266,253.67,270.154,False,False
1695600000000,208.3,210.6,206.5,209.9,272401.465,56924678.2105,1695686399999,219.78113523198905,205.93341585149872,219.93599999999998,230.92,252.90866666666668,269.818,False,False
1695686400000,210.0,213.7,209.7,212.6,280709.589,59488753.5475,1695772799999,219.40094110622525,205.82926809646332,219.34599999999998,230.605,252.18,269.494,False,False
1695772800000,212.6,216.0,210.5,212.0,409367.397,87213295.6396,1695859199999,219.2131693445143,205.7794790854967,218.68200000000002,230.294,251.34333333333333,269.17400000000004,False,False
1695859200000,212.1,217.0,211.5,215.0,394085.543,84416215.6065,1695945599999,218.98055892298157,205.77417300579285,218.106,229.967,250.58666666666667,268.8085,False,False
1695945600000,215.0,217.6,214.3,215.2,371923.961,80287231.0222,1696031999999,219.17921809824446,205.7660134788397,217.58,229.63100000000003,249.878,268.345,False,False
1696032000000,215.2,216.5,214.1,214.6,179075.156,38525653.0438,1696118399999,219.30320043034882,205.76780910788588,217.078,229.36899999999997,249.136,267.87600000000003,False,False
1696118400000,214.6,219.4,213.1,218.2,415044.578,89726682.2753,1696204799999,219.75796379213736,206.7545227273341,216.636,229.108,248.43200000000002,267.4355,False,False
1696204800000,218.2,221.6,213.1,214.6,565949.136,123112092.6423,1696291199999,220.53463325548736,207.6797023926693,216.12400000000002,228.89,247.686,266.8615,False,True
1696291200000,214.6,215.8,212.4,213.5,294511.083,63065028.060200006,1696377599999,220.57107564635837,207.89866864367687,215.58599999999998,228.63699999999997,246.96333333333334,266.2345,False,False
1696377600000,213.5,213.8,210.8,213.4,328882.49,69819488.4664,1696463999999,220.55919303598506,207.8843725327587,215.12,228.41,246.246,265.6465,False,False
1696464000000,213.4,213.9,210.2,210.6,259374.039,54965499.6337,1696550399999,220.54497491859718,207.827477454979,214.692,228.141,245.558,265.01599999999996,False,False
1696550400000,210.7,214.6,210.1,213.4,258866.553,54945455.1705,1696636799999,220.49542857088787,207.68773254588146,214.59799999999998,227.96900000000002,244.9,264.4205,False,False
1696636800000,213.4,213.8,211.5,212.3,125590.792,26739226.3039,1696723199999,220.38100672418028,207.6544713887367,214.52199999999996,227.761,244.22,263.81,False,False
1696723200000,212.2,212.8,208.8,211.4,225258.30500000002,47548210.2222,1696809599999,219.62728313580024,207.479555367427,214.41400000000002,227.472,243.5793333333333,263.26149999999996,False,False
1696809600000,211.3,212.2,202.0,205.8,572318.2050000001,118525638.86649999,1696895999999,219.0476825548307,206.03935909637696,214.2,227.051,242.89466666666664,262.64349999999996,False,True
1696896000000,205.9,213.1,205.5,208.6,577725.014,120399736.92740001,1696982399999,218.7272435224052,205.49831309928774,214.16400000000002,226.67199999999997,242.214,262.07599999999996,False,False
1696982400000,208.6,208.8,204.3,206.6,397200.81700000004,81917381.5586,1697068799999,218.83758505218807,204.89321535595516,214.078,226.273,241.51066666666665,261.49699999999996,False,False
1697068800000,206.6,207.3,202.8,205.1,355516.958,72953132.7042,1697155199999,219.1002808072811,204.04864463761928,213.84799999999998,225.89899999999997,240.7886666666667,260.8795,False,False
1697155200000,205.1,208.3,204.3,206.1,331300.92,68240940.6759,1697241599999,219.22468308917078,203.52149213498936,213.59,225.57100000000003,240.08666666666667,260.357,False,False
1697241600000,206.1,207.1,205.7,206.5,142741.132,29452373.0415,1697327999999,219.4081050007944,203.4336201692398,213.35199999999998,225.31400000000002,239.36800000000002,259.8235,False,False
1697328000000,206.5,213.0,206.3,209.7,365630.554,76238355.8478,1697414399999,219.43495273557542,203.41301277276725,213.21599999999998,225.055,238.70399999999998,259.3035,False,False
1697414400000,209.8,219.0,209.6,214.6,773179.8099999999,165487571.0136,1697500799999,219.9493142700064,203.40921533857215,213.14,224.838,238.0753333333333,258.79449999999997,False,False
1697500800000,214.7,215.0,209.0,211.4,372808.016,79111066.0669,1697587199999,219.87155159183766,203.35649173867307,212.99200000000002,224.611,237.414,258.267,False,True
1697587200000,211.4,213.9,209.9,210.2,260942.338,55325763.08580001,1697673599999,219.6264536206164,203.33353754624537,212.658,224.25099999999998,236.77266666666668,257.74350000000004,False,False
1697673600000,210.3,211.5,208.2,211.2,274491.489,57695328.7046,1697759999999,219.2218558898916,203.34802866630102,212.40599999999998,223.877,236.12066666666666,257.231,False,False
1697760000000,211.2,216.6,210.5,212.1,344927.206,73664939.3665,1697846399999,219.23277948934935,203.47105444395828,212.31400000000002,223.55899999999997,235.44466666666665,256.7475,False,False
1697846400000,212.1,215.8,211.4,214.2,263182.512,56232405.6178,1697932799999,218.7501207969665,203.5391161904953,212.32399999999998,223.14,234.83266666666668,256.2645,False,False
1697932800000,214.2,218.4,213.6,217.8,291845.069,62866183.9462,1698019199999,218.12009147817145,203.5054422981037,212.392,222.83699999999996,234.25466666666665,255.784,False,False
1698019200000,217.8,231.0,216.9,228.5,841393.165,187556172.7312,1698105599999,221.56657967336417,203.12103450185407,212.674,222.611,233.7326666666667,255.365,False,False
1698105600000,228.6,238.1,221.2,225.2,1011409.17,231896447.9067,1698191999999,226.13571622366683,202.27318072705566,212.87399999999997,222.44,233.1846666666667,254.9395,False,False
1698192000000,225.2,229.1,221.5,222.1,624789.777,140855130.8811,1698278399999,227.78454506107173,201.72164832810333,213.02399999999997,222.22,232.57133333333337,254.4975,False,True
1698278400000,222.1,228.1,219.2,223.2,726200.668,162660929.0755,1698364799999,229.09088561533866,201.58359835569615,213.18400000000003,222.05,231.98199999999997,254.0495,False,False
1698364800000,223.2,231.6,219.9,224.1,970917.489,219332548.57,1698451199999,230.85296225967357,201.4268288492423,213.324,221.88299999999998,231.3993333333333,253.5775,False,False
1698451200000,224.2,228.4,224.1,225.7,347691.437,78745361.1092,1698537599999,231.98091997452377,201.1989330058686,213.54399999999998,221.71200000000002,230.8586666666667,253.0945,False,False
1698537600000,225.7,228.1,223.6,227.1,269033.79600000003,60824339.7271,1698623999999,232.96279845374517,202.04928119935514,213.80399999999997,221.546,230.34,252.63049999999998,False,False
1698624000000,227.1,229.2,224.6,228.0,397120.276,90262886.821,1698710399999,233.98027172684846,202.55668922754052,214.11599999999999,221.415,229.812,252.14700000000002,False,False
1698710400000,228.0,229.3,223.9,226.2,465273.26800000004,105313164.8925,1698796799999,234.77756300798947,203.47953255856453,214.51800000000003,221.252,229.27599999999995,251.6335,False,False
1698796800000,226.3,229.5,222.3,227.9,578647.208,130526151.8536,1698883199999,235.3172010989536,204.9197639317768,214.862,221.14199999999997,228.76199999999997,251.108,False,False
1698883200000,228.0,233.7,227.5,231.9,829216.6869999999,191104853.8685,1698969599999,236.21918020651205,206.0709545619851,215.25,221.084,228.46200000000002,250.52900000000002,False,False
1698969600000,231.9,232.4,225.6,230.2,501371.786,114768431.24970001,1699055999999,236.5209171725539,207.34873397437175,215.61,220.996,228.12199999999996,249.98,False,False
1699056000000,230.3,238.7,229.3,237.1,391480.94700000004,91700260.481,1699142399999,237.95576538743256,208.554013501404,216.07,220.96099999999998,227.97400000000005,249.45,False,False
1699142400000,237.2,245.5,236.1,244.0,613299.473,148461728.7971,1699228799999,240.617232256598,208.86189551528608,216.65199999999996,220.982,227.85400000000004,249.05800000000002,False,False
1699228800000,244.0,256.1,241.5,255.1,844924.324,210620058.5928,1699315199999,244.99539218311355,209.08038925166576,217.42399999999998,221.109,227.81800000000004,248.743,False,False
1699315200000,255.1,255.6,242.1,246.2,865045.808,214554466.2946,1699401599999,248.35674693590659,209.66955583075955,218.028,221.146,227.86799999999997,248.368,False,True
1699401600000,246.2,248.3,244.0,246.7,500403.192,123208657.9482,1699487999999,249.61399232769577,210.8589702081129,218.618,221.203,227.94333333333333,247.94050000000004,False,False
1699488000000,246.7,255.9,240.0,251.6,1320420.474,328534543.7581,1699574399999,252.13245126519521,212.4350905314085,219.362,221.24200000000002,228.0786666666667,247.545,False,False
1699574400000,251.7,258.0,248.1,251.0,814936.218,205904335.778,1699660799999,254.43829179994412,213.5734753773239,220.166,221.345,228.124,247.144,False,False
1699660800000,251.1,255.2,246.0,251.5,738756.9110000001,185242581.1229,1699747199999,255.94508157796992,215.01082858972205,220.974,221.449,228.2146666666667,246.70950000000002,False,False
1699747200000,251.6,252.0,244.5,247.4,637126.209,158268647.2047,1699833599999,257.257254452745,216.36160267187825,221.71199999999996,221.50599999999997,228.28800000000004,246.29350000000002,False,False
1699833600000,247.5,250.2,240.3,241.1,953917.532,234087272.3777,1699919999999,258.154597030087,217.45835398302296,222.368,221.485,228.3,245.8445,False,True
1699920000000,241.1,249.4,233.7,242.3,992864.124,241108612.3373,1700006399999,258.904901574521,218.5326465962354,223.01600000000002,221.47600000000003,228.2853333333333,245.4355,False,False
1700006400000,242.3,254.5,242.1,253.7,911316.4330000001,227361551.2316,1700092799999,260.02977433478117,220.18028120751268,223.838,221.592,228.34933333333333,245.0945,False,False
1700092800000,253.7,256.0,240.0,242.7,1090149.24,270933175.08100003,1700179199999,261.2675793795109,221.9468254447857,224.452,221.56699999999998,228.34666666666666,244.6205,False,True
1700179200000,242.7,245.9,238.3,244.9,757117.698,184229112.2533,1700265599999,261.23809337425394,223.17262147629378,225.05,221.578,228.32799999999997,244.2025,False,False
1700265600000,244.9,245.2,238.5,244.8,485737.217,118012503.55160001,1700351999999,260.98253239421325,224.6066452690173,225.64199999999997,221.611,228.30133333333336,243.81900000000002,False,False
1700352000000,244.8,246.9,241.8,246.4,379101.104,92591222.5672,1700438399999,260.7003407194016,226.08045313416505,226.27800000000002,221.678,228.33866666666663,243.42149999999998,False,False
1700438400000,246.5,268.4,238.6,253.1,1523794.5799999998,385938132.7185,1700524799999,262.95755567868275,227.80372589976966,226.976,221.80599999999998,228.39733333333336,243.06800000000004,False,False
1700524800000,253.1,271.9,224.0,225.5,4050392.778,1011993817.7676,1700611199999,265.33590621048313,228.17185817989915,227.194,221.659,228.3246666666667,242.56300000000002,False,True
1700611200000,225.5,238.5,224.6,236.1,1791363.245,417655559.5205,1700697599999,264.9993218787265,227.64077105402276,227.646,221.616,228.30666666666667,242.13400000000001,False,False
1700697600000,236.2,239.2,230.2,233.8,718114.377,168197253.3751,1700783999999,264.44346981198066,228.3943223549115,228.054,221.58700000000002,228.2913333333333,241.69799999999998,False,False
1700784000000,233.8,236.7,231.6,232.7,616904.315,144657214.7094,1700870399999,264.58278860502134,228.7174768458388,228.49599999999998,221.59400000000002,228.25933333333333,241.2925,False,False
1700870400000,232.8,235.7,232.1,234.4,313338.26399999997,73311189.6661,1700956799999,264.9576017256173,228.32683521063746,228.916,221.757,228.2846666666667,240.90400000000002,False,False
1700956800000,234.5,234.5,227.9,231.7,437624.722,101501869.28930001,1701043199999,264.7443170944299,227.1789868665237,229.304,221.91299999999998,228.27533333333335,240.49099999999999,False,False
1701043200000,231.8,232.9,222.5,227.2,831147.034,188795151.7685,1701129599999,264.45934989892817,225.24640138293174,229.62,222.017,228.188,240.08949999999996,False,True
1701129600000,227.3,231.7,224.3,229.6,547422.862,124990569.2474,1701215999999,264.5933273094867,223.91099425025996,230.09599999999998,222.148,228.066,239.695,False,False
1701216000000,229.6,231.2,226.1,227.3,416529.001,95227304.2401,1701302399999,263.9753509371009,222.94057107978435,230.47,222.31699999999998,227.938,239.278,False,True
1701302400000,227.3,229.2,225.9,227.6,360874.419,82134829.4554,1701388799999,262.97609861115023,222.4367098940575,230.89,222.484,227.81199999999998,238.8555,False,False
1701388800000,227.6,230.0,227.0,228.5,425879.275,97377363.7116,1701475199999,262.03802234170934,222.13953126040198,231.35800000000003,222.60299999999998,227.71866666666665,238.43099999999998,False,False
1701475200000,228.5,230.1,224.8,229.0,456196.93299999996,104181500.1925,1701561599999,261.2682396038936,221.68020459849703,231.81600000000003,222.703,227.65266666666662,238.01899999999998,False,False
1701561600000,229.1,231.9,225.9,228.1,594689.6140000001,135571793.4611,1701647999999,260.50925416964765,221.2459837034692,232.248,222.8,227.62533333333334,237.58800000000002,False,False
1701648000000,228.1,237.4,224.8,233.5,1475825.971,340713237.4159,1701734399999,259.7841777473203,220.64585314123306,232.724,222.97,227.61133333333336,237.209,False,False
1701734400000,233.5,234.9,227.9,231.2,861796.38,199321079.6331,1701820799999,258.3428685658491,220.7438387217452,233.05599999999998,223.09799999999998,227.5773333333333,236.82049999999998,False,True
1701820800000,231.3,234.8,228.6,229.4,858794.132,198533925.8919,1701907199999,256.533054879736,220.86945091080221,233.416,223.204,227.54600000000002,236.4145,False,False
1701907200000,229.5,234.8,228.3,232.6,793571.247,183986311.039,1701993599999,255.88496251458798,220.96364201435642,233.864,223.261,227.45533333333336,236.0455,False,False
1701993600000,232.6,240.0,232.2,238.9,764638.52,179932210.9931,1702079999999,255.48972998163117,221.28640050288618,234.418,223.412,227.39066666666665,235.695,False,False
1702080000000,238.8,245.5,236.3,237.7,838098.223,202267145.49879998,1702166399999,255.34804974671408,222.0068849030639,234.93,223.62199999999996,227.34933333333333,235.31599999999997,False,False
1702166400000,237.8,241.4,236.8,239.8,433591.534,103874632.9652,1702252799999,250.5721214882689,222.2390577681864,235.442,223.88300000000004,227.24066666666667,234.985,False,False
1702252800000,239.8,248.2,228.0,246.4,2010717.7719999999,481507074.9231,1702339199999,243.38880184748413,222.60998899648777,236.01399999999998,224.203,227.22933333333333,234.6945,True,False
1702339200000,246.4,257.3,245.5,254.6,1877670.629,474066909.6202,1702425599999,247.08169550074962,221.48679200390166,236.53599999999997,224.605,227.25266666666667,234.4335,False,False
1702425600000,254.6,255.9,244.1,252.0,1149182.339,287346449.3793,1702511999999,249.65657181085513,220.8132231772695,237.072,224.97300000000004,227.31733333333332,234.15650000000002,False,False
1702512000000,252.1,254.0,247.7,253.3,818946.787,205663878.7038,1702598399999,251.64343585290504,219.95661001112646,237.69600000000003,225.36,227.37866666666665,233.8525,False,False
1702598400000,253.2,253.4,242.6,244.9,655654.892,162781619.0281,1702684799999,253.34628571263366,219.82263028242463,238.13,225.65699999999998,227.41,233.51899999999998,False,False
1702684800000,244.9,248.4,242.7,244.4,444080.33,109276324.5659,1702771199999,254.22552396893337,220.05844694401813,238.53599999999997,225.93,227.434,233.18349999999998,False,False
1702771200000,244.4,244.5,238.8,238.8,464957.446,112451147.5021,1702857599999,254.6432661514116,221.15971953758532,238.798,226.171,227.40733333333338,232.84350000000003,False,False
1702857600000,238.9,241.7,232.0,241.7,876189.244,207558062.952,1702943999999,254.79277902938827,221.9158992449984,239.09,226.447,227.39399999999998,232.5275,False,False
1702944000000,241.7,254.8,241.3,252.9,1569167.3939999999,392788601.6512,1703030399999,256.2018372597711,222.67289545143151,239.588,226.852,227.47266666666667,232.25600000000003,False,False
1703030400000,252.8,261.9,250.1,260.3,1116951.002,286414435.3106,1703116799999,258.44300572127975,223.11166026959148,240.27,227.394,227.59133333333332,232.02449999999996,True,False
1703116800000,260.4,274.9,256.2,272.1,1286767.653,344882938.8175,1703203199999,263.04929667378667,223.14260786611231,241.15399999999997,228.00799999999998,227.81266666666667,231.86,False,False
1703203200000,272.1,276.5,264.9,271.1,967819.9210000001,261603644.0307,1703289599999,267.10183671245204,222.9604994136094,241.938,228.59400000000002,228.03533333333334,231.83100000000002,False,False
1703289600000,271.1,272.0,265.6,271.0,408213.412,109797737.10710001,1703375999999,269.6685592147499,223.3237116027573,242.754,229.18200000000002,228.24866666666668,231.78,False,False
1703376000000,271.0,272.9,261.9,264.5,572645.135,153772670.7267,1703462399999,272.19334630813626,224.77493065322375,243.30200000000002,229.68600000000004,228.40800000000002,231.806,False,False
1703462400000,264.4,268.2,261.5,266.9,469743.423,124678355.3422,1703548799999,273.5393865376862,226.18410990708963,243.76,230.206,228.5746666666667,231.83050000000003,False,False
1703548800000,266.8,303.2,264.0,297.7,2356245.3449999997,677051118.3946,1703635199999,281.6271835193002,227.70024983116966,244.612,231.018,228.94333333333333,232.0165,True,False
1703635200000,297.7,324.4,285.1,324.1,2126454.61,645877189.454,1703721599999,293.3271145087471,227.5559557053806,246.17,232.099,229.4873333333333,232.44349999999997,False,False
1703721600000,324.0,338.3,320.0,322.6,2249136.219,737870670.9842,1703807999999,306.00235521917796,222.45336743368856,247.68800000000002,233.153,230.03133333333332,232.87949999999998,False,False
1703808000000,322.6,325.6,307.0,313.7,1407022.74,444941733.1465,1703894399999,313.6758349071593,221.95836890124062,248.93,234.14600000000002,230.47133333333338,233.2915,False,False
1703894400000,313.7,320.8,312.2,317.1,561853.413,177942240.5332,1703980799999,319.3322910925119,222.06696621465036,250.252,235.209,230.98066666666665,233.65599999999998,False,False
1703980800000,317.0,325.5,307.4,311.8,667097.557,212735142.2708,1704067199999,325.1244915408957,224.85875443094744,251.458,236.21599999999998,231.45200000000003,234.02550000000002,False,False
1704067200000,311.9,316.0,307.0,313.5,619455.158,192732706.8128,1704153599999,328.97142569167744,226.19596633885214,252.78,237.24599999999998,231.9306666666667,234.41100000000003,False,False
1704153600000,313.5,321.3,305.8,312.2,937764.7370000001,295174406.4809,1704239999999,333.0613847941863,228.31947634262605,254.202,238.285,232.39066666666665,234.7755,False,False
1704240000000,312.3,334.3,293.6,315.8,2132158.122,676220588.2614,1704326399999,338.41390874819655,230.75944649563394,255.67199999999997,239.34399999999997,232.87466666666668,235.132,False,False
1704326400000,315.9,324.3,310.9,323.7,1133774.957,361837483.3214,1704412799999,341.6594001564503,233.80169017437328,257.072,240.455,233.4186666666667,235.53,False,False
1704412800000,323.6,327.3,308.6,317.5,1157056.276,368222963.7918,1704499199999,344.398986025132,237.51601152528562,258.568,241.51,233.90066666666667,235.90200000000002,False,False
1704499200000,317.6,317.6,300.2,307.5,909358.183,278569949.9932,1704585599999,345.0096994954879,242.55284861823367,259.82,242.435,234.32533333333336,236.201,False,False
1704585600000,307.6,310.0,300.0,302.4,498367.08900000004,152361829.1541,1704671999999,343.74679476808586,249.63415524176736,260.972,243.30700000000002,234.73133333333337,236.46900000000002,False,False
1704672000000,302.5,308.1,290.0,303.7,984590.8420000001,295303747.6348,1704758399999,342.76531027934317,255.4885405033228,262.118,244.19799999999998,235.158,236.78349999999998,False,False
1704758400000,303.6,306.8,295.7,301.1,1401490.155,422526207.0798,1704844799999,341.69699310748297,260.48937068765935,263.07800000000003,245.02700000000002,235.56333333333333,237.0675,False,False
1704844800000,301.1,310.0,288.8,305.8,1032565.477,308162176.01489997,1704931199999,341.3927106835594,264.5315256849109,264.684,245.93900000000002,236.00066666666666,237.4145,False,False
1704931200000,305.7,316.8,301.4,308.2,1179601.543,365379468.0051,1705017599999,341.22516262215294,267.90713367011824,266.12600000000003,246.88600000000002,236.45266666666663,237.76149999999998,False,False
1705017600000,308.2,313.0,289.1,296.6,1003340.774,306490270.7949,1705103999999,339.77955985536033,270.90273430467937,267.38199999999995,247.718,236.85200000000003,238.06400000000002,False,False
1705104000000,296.7,303.1,290.8,302.2,436784.23899999994,130482656.592,1705190399999,337.40939055877135,275.13226944788755,268.772,248.63400000000001,237.32,238.3875,False,False
1705190400000,302.2,306.7,298.7,299.5,393054.947,119385412.0975,1705276799999,332.3751500926362,280.72160013291847,270.074,249.495,237.86266666666668,238.732,False,False
1705276800000,299.4,320.6,299.4,317.5,1704540.89,538168739.2426,1705363199999,332.3975977650091,287.0202987961361,271.79,250.547,238.5386666666667,239.15400000000002,False,False
1705363200000,317.6,319.4,313.0,315.2,951149.445,301098425.262,1705449599999,332.0049478786241,288.94210906625966,273.55,251.585,239.19466666666665,239.52849999999998,False,False
1705449600000,315.1,316.3,306.8,309.4,1071343.496,334015672.2177,1705535999999,329.0541926808912,289.6972163403035,275.146,252.62099999999998,239.814,239.83599999999998,False,False
1705536000000,309.3,315.6,305.7,313.0,921121.889,286764675.8662,1705622399999,328.20090424868005,289.69609353138856,276.86,253.665,240.498,240.1685,False,False
1705622400000,313.0,316.2,305.0,314.7,835724.3999999999,260212056.1142,1705708799999,327.88346881141626,289.87602460525,278.602,254.74599999999998,241.19,240.5095,False,False
1705708800000,314.7,317.3,312.2,317.2,326090.187,102587302.72839999,1705795199999,327.0494618002761,289.6936006646867,280.376,255.86700000000002,241.86066666666665,240.88299999999998,False,False
1705795200000,317.3,321.7,316.1,318.6,359764.313,114699882.2174,1705881599999,327.4889681707731,289.2707254677839,282.168,256.99199999999996,242.52466666666666,241.28149999999997,False,False
1705881600000,318.7,320.3,303.6,305.9,704437.647,219981142.9426,1705967999999,327.39349877510404,289.224476755352,283.724,257.986,243.10799999999998,241.65,False,False
1705968000000,305.9,311.7,290.3,298.8,928195.378,277158407.7848,1706054399999,324.44790792819447,288.7765543726462,285.03,258.877,243.65666666666667,241.966,False,False
1706054400000,298.8,300.7,290.3,293.1,802312.8150000001,236068964.3331,1706140799999,323.835355689784,287.70964240070657,286.268,259.66200000000003,244.15466666666669,242.25,False,False
1706140800000,293.0,296.7,287.5,292.1,1004156.719,293393842.1302,1706227199999,322.7134928404582,286.3363591255183,287.522,260.469,244.64333333333335,242.54,False,False
1706227200000,292.1,304.2,290.7,302.2,709942.404,212965430.59510002,1706313599999,322.21720564968274,285.57099193150634,288.914,261.389,245.1453333333333,242.82,False,False
1706313600000,302.2,307.7,301.9,305.6,285357.667,86914329.9027,1706399999999,322.17255046294036,285.63122074470925,290.248,262.33299999999997,245.69066666666671,243.105,False,False
1706400000000,305.7,309.1,303.1,305.3,409403.057,125348980.2823,1706486399999,322.1896924085347,286.5824782356497,291.6,263.265,246.28133333333332,243.412,False,False
1706486400000,305.3,311.0,304.4,310.7,442799.505,136398210.8905,1706572799999,322.26830394950167,286.99269719207484,293.018,264.23,246.92800000000003,243.685,False,False
1706572800000,310.7,313.1,306.3,307.6,386375.467,119841147.8526,1706659199999,322.4087390536121,288.3050292266485,294.242,265.12800000000004,247.54933333333335,243.9825,False,False
1706659200000,307.7,308.2,298.6,300.5,459007.698,139453769.9253,1706745599999,321.91732107984177,288.1462842338048,295.16,265.848,248.12333333333333,244.2295,False,False
1706745600000,300.5,302.2,296.4,300.2,373269.789,111693886.0914,1706831999999,321.8122094271544,289.0545025134495,296.124,266.598,248.69,244.51899999999998,False,False
1706832000000,300.2,305.2,299.8,301.4,309501.64900000003,93531533.3372,1706918399999,321.76201560279713,290.01947145942665,297.086,267.39099999999996,249.2686666666667,244.8055,False,False
1706918400000,301.4,303.8,299.5,299.7,198730.962,59934756.239,1707004799999,321.79679603415633,290.07839640049883,298.182,268.156,249.83199999999997,245.10299999999998,False,False
1707004800000,299.6,307.7,298.0,304.7,503405.323,153038899.9585,1707091199999,320.6792308106135,289.97001958225735,299.388,268.962,250.416,245.4225,False,False
1707091200000,304.7,306.8,299.5,301.2,488672.271,148229310.0409,1707177599999,319.6252014573186,289.9940376355902,300.636,269.717,250.99266666666668,245.71450000000002,False,False
1707177600000,301.2,304.1,300.9,302.7,260762.321,78912339.4264,1707263999999,318.91295459313204,289.8984809871243,301.856,270.473,251.58333333333334,246.0095,False,False
1707264000000,302.8,308.7,300.7,307.3,352421.789,107278134.5215,1707350399999,318.31318703069553,289.80012931114044,302.944,271.26599999999996,252.216,246.3405,False,False
1707350400000,307.4,320.6,307.3,319.2,921496.502,290495868.1278,1707436799999,319.0147631550711,289.77107025958185,304.12199999999996,272.19599999999997,252.97,246.72400000000002,True,False
1707436800000,319.2,326.3,317.9,324.0,739178.081,238469149.46220002,1707523199999,320.6649395971416,289.20832689410213,305.16,273.157,253.72533333333334,247.14950000000002,False,False
1707523200000,324.0,325.4,318.9,323.0,321477.064,103609947.2204,1707609599999,321.35863037543396,288.89467922182547,306.198,274.068,254.46200000000002,247.57600000000002,False,False
1707609600000,323.0,324.9,320.1,320.7,280308.105,90370119.2085,1707695999999,322.1428743558578,288.1578137236778,307.192,274.973,255.18533333333335,247.9845,False,False
1707696000000,320.6,332.2,315.6,327.8,576734.162,186477781.445,1707782399999,325.17637585492383,289.2728412894417,308.45799999999997,275.88,255.94333333333333,248.42050000000003,True,False
1707782400000,327.9,329.2,318.6,324.7,441545.83,143321078.2164,1707868799999,327.3272599746916,290.4850591033833,309.61400000000003,276.687,256.67533333333336,248.83450000000002,False,False
1707868800000,324.6,334.6,323.4,333.9,452466.98,149740983.61180001,1707955199999,329.8764799299057,292.2019922178969,310.33799999999997,277.475,257.458,249.292,True,False
1707955200000,333.9,366.6,333.3,354.2,1361590.403,478646206.0908,1708041599999,340.1566293031623,292.74603301218866,310.94,278.555,258.37933333333336,249.85049999999998,False,False
1708041600000,354.3,366.8,349.1,360.4,1061855.986,380862085.1441,1708127999999,347.9644232709318,290.31605038516886,311.69599999999997,279.692,259.334,250.4475,False,False
1708128000000,360.4,363.7,348.2,352.9,630266.52,224091913.1848,1708214399999,353.79016013867044,289.33446001578244,312.48,280.705,260.25733333333335,250.97350000000003,False,False
1708214400000,352.9,358.1,349.1,349.8,495667.634,174916562.0411,1708300799999,357.8752086856023,288.97136454315546,313.134,281.693,261.18399999999997,251.51899999999998,False,False
1708300800000,349.8,356.2,349.3,351.6,830917.534,292956743.1504,1708387199999,361.2272283687473,289.0412979532224,313.93,282.69399999999996,262.1206666666667,252.07150000000001,False,False
1708387200000,351.7,361.6,344.8,354.6,972650.558,344718252.3891,1708473599999,364.95150355018046,290.7425244331589,314.752,283.766,263.08133333333336,252.63600000000002,False,False
1708473600000,354.6,379.3,350.9,379.2,1701415.313,622522220.3492,1708559999999,370.88955536415733,292.8838084582704,316.092,285.147,264.22066666666666,253.31599999999997,True,False
1708560000000,379.2,387.3,373.7,382.6,1409647.4810000001,536344338.4081,1708646399999,377.449529276883,293.19031068849443,317.42800000000005,286.55,265.37199999999996,254.013,False,False
1708646400000,382.7,385.8,369.0,375.5,1027891.295,386866756.7834,1708732799999,382.6057655440782,295.1320651963671,318.464,287.768,266.45799999999997,254.68,False,False
1708732800000,375.5,383.3,371.7,381.7,444587.481,168773631.0203,1708819199999,386.66226362727144,297.9589662929482,319.748,289.158,267.58933333333334,255.3625,False,False
1708819200000,381.6,391.0,377.6,388.5,643002.671,247170192.0434,1708905599999,391.0399551435113,301.000110488294,321.368,290.594,268.74600000000004,256.086,False,False
1708905600000,388.5,404.9,382.0,401.6,1196262.204,470452539.8284,1708991999999,396.54888832642547,304.44763323683975,323.35200000000003,292.16200000000003,269.9886666666667,256.8865,True,False
1708992000000,401.5,403.7,389.6,394.6,915873.073,364167988.71860003,1709078399999,400.9081540387169,308.38600124262285,325.17,293.644,271.1886666666666,257.661,False,False
1709078400000,394.6,427.3,394.1,414.6,1348008.9949999999,552001541.8636,1709164799999,409.41466480953545,311.9385583475556,327.44,295.259,272.498,258.5325,True,False
1709164800000,414.7,419.7,391.1,399.4,1146024.362,469627729.0747,1709251199999,415.3220639449567,314.989729408322,329.31199999999995,296.998,273.73,259.32849999999996,False,False
1709251200000,399.3,408.6,398.8,407.4,586580.611,237860266.1338,1709337599999,418.40162530975874,318.21125161066874,331.296,298.711,275.0226666666667,260.1635,False,False
1709337600000,407.4,414.8,405.8,410.9,590018.5430000001,241430398.0742,1709423999999,421.34942383453654,321.69282347202653,333.58200000000005,300.482,276.33933333333334,261.0345,False,False
1709424000000,410.9,416.8,402.2,414.5,838274.346,344938583.2117,1709510399999,424.13679700656144,327.2693648687502,335.82800000000003,302.3,277.69866666666667,261.947,False,False
1709510400000,414.5,423.8,410.6,418.4,1045414.0009999999,436000270.4003,1709596799999,426.51729151852686,332.8994890454963,338.20599999999996,304.14,279.06533333333334,262.9485,False,False
1709596800000,418.5,427.2,356.1,394.1,2073303.79,842880032.161,1709683199999,428.6205020457007,337.76426413967465,339.73800000000006,305.764,280.27733333333333,263.8385,False,False
1709683200000,394.1,434.7,385.6,429.4,1804741.1120000002,751515764.4222,1709769599999,433.3974491437826,342.88718260619663,342.022,307.786,281.7306666666667,264.9015,False,False
1709769600000,429.4,476.8,423.2,474.6,1672134.41,749769224.1369,1709855999999,445.9066910703941,344.2522360546156,345.3260000000001,310.23600000000005,283.5226666666667,266.192,True,False
1709856000000,474.6,489.6,462.5,485.8,1660311.361,791088261.8618,1709942399999,458.778594691001,341.991160603807,348.78200000000004,312.821,285.37066666666664,267.56899999999996,False,False
1709942400000,485.8,493.8,480.7,488.3,852029.241,414533147.66789997,1710028799999,469.8609745639029,339.94177128257945,352.254,315.428,287.2486666666667,268.95599999999996,False,False
1710028800000,488.3,537.5,484.8,528.9,1944137.084,1008148996.3424,1710115199999,488.40120024843327,340.33477462808617,356.48800000000006,318.432,289.4073333333333,270.5175,False,False
1710115200000,528.9,533.8,505.5,523.0,1608146.397,837717178.0817,1710201599999,502.724533633954,341.4230441730772,360.5760000000001,321.372,291.52,272.0375,False,False
1710201600000,523.0,548.5,519.0,537.5,1924767.687,1029803000.1362001,1710287999999,518.2784733180351,342.86592985952757,365.208,324.466,293.7266666666667,273.633,False,False
1710288000000,537.4,633.5,531.7,630.5,2526002.5640000002,1472173679.0128,1710374399999,550.6950355766181,342.61516438071345,371.84200000000004,328.436,296.53200000000004,275.703,False,False
1710374400000,630.5,631.5,565.5,603.2,2119540.3,1276710945.011,1710460799999,576.1376739180403,341.9353116669273,378.0439999999999,332.156,299.1226666666667,277.627,False,False
1710460800000,603.2,635.2,540.9,632.7,3066312.788,1801522551.2589998,1710547199999,598.0155585165193,346.22560140010324,384.856,336.189,301.9313333333334,279.6965,False,False
1710547200000,632.7,645.2,567.2,576.4,1811838.042,1089990828.533,1710633599999,618.5729233191784,349.7119331901282,390.34,339.62699999999995,304.37266666666665,281.44399999999996,False,False
1710633600000,576.4,590.5,548.6,571.7,1712920.341,984797926.644,1710719999999,628.2942609707115,355.9505571365133,395.66200000000003,342.955,306.776,283.18350000000004,False,False
1710720000000,571.7,587.7,540.1,555.4,2284301.814,1280062076.3223,1710806399999,636.1153913056638,362.99429787007796,400.664,346.13200000000006,309.0646666666667,284.877,False,False
1710806400000,555.4,560.6,495.8,507.7,2551361.512,1331115169.0279999,1710892799999,640.6169566280544,370.70767680063443,404.60400000000004,348.811,311.0213333333333,286.347,False,False
1710892800000,507.7,559.0,500.0,556.8,1425296.579,749188287.3,1710979199999,643.8152573693258,379.6357870522241,409.58799999999997,351.915,313.28133333333335,288.059,False,False
1710979200000,556.7,571.0,540.6,553.8,953921.372,530484956.597,1711065599999,646.276106169081,388.40425262370695,414.65399999999994,354.907,315.45,289.756,False,False
1711065600000,553.8,588.1,535.5,553.8,1181298.51,665146195.223,1711151999999,649.1588537058084,397.3678182561244,419.72600000000006,357.925,317.6406666666667,291.449,False,False
1711152000000,553.8,567.7,543.4,551.9,608753.329,338703185.9031,1711238399999,648.5624072117623,408.02674462119217,424.736,360.91100000000006,319.83933333333334,293.13550000000004,False,False
1711238400000,551.9,573.0,548.7,567.7,442930.35,247685878.078,1711324799999,647.0304518162674,418.6228055365281,430.096,364.139,322.136,294.89799999999997,False,False
1711324800000,567.8,598.0,564.4,587.0,802695.512,469579231.5133,1711411199999,645.5172586343974,443.7129586023627,435.74199999999996,367.565,324.55533333333335,296.7475,False,False
1711411200000,587.1,597.0,571.9,580.4,569324.079,332801887.0926,1711497599999,641.4868826340899,466.17870160228136,441.3260000000001,370.981,326.92,298.576,False,False
1711497600000,580.4,585.6,560.3,574.3,531668.402,305741133.0518,1711583999999,639.1418025218923,483.4445180290129,446.75800000000004,374.30699999999996,329.23466666666667,300.37699999999995,False,False
1711584000000,574.2,591.7,574.1,583.4,503901.624,294749471.6428,1711670399999,636.8123240165056,493.1818086717459,452.28,377.61199999999997,331.604,302.232,False,False
1711670400000,583.4,620.0,582.1,612.5,1042401.169,635441895.78,1711756799999,635.4938632955236,500.1818041580487,458.14599999999996,381.134,334.1793333333333,304.26399999999995,False,False
1711756800000,612.5,612.9,596.9,600.7,501020.148,303309397.2959,1711843199999,636.6251604071281,506.7109050854495,463.68,384.42,336.6646666666667,306.214,False,False
1711843200000,600.7,608.8,600.4,606.7,325136.967,196801011.3464,1711929599999,636.0314346913302,510.40803651367645,469.35400000000004,387.776,339.16333333333336,308.185,False,False
1711929600000,606.7,607.7,568.7,575.8,723114.09,422232040.5398,1712015999999,635.8196028148316,514.1054445098437,474.45599999999996,390.824,341.4673333333334,310.00300000000004,False,False
1712016000000,575.8,578.2,546.3,551.4,998260.814,557890803.7339001,1712102399999,631.5345390237927,515.4690220710489,478.92800000000005,393.693,343.56266666666664,311.68949999999995,False,False
1712102400000,551.4,567.9,539.0,561.5,683925.233,380450017.156,1712188799999,627.1807835251471,514.017849724326,483.664,396.63899999999995,345.6793333333333,313.4225,False,False
1712188800000,561.6,597.6,560.8,585.5,879640.6799999999,513029443.1809,1712275199999,622.1187334183927,515.1782776877374,488.69599999999997,399.517,347.88199999999995,315.2675,False,False
1712275200000,585.4,591.5,564.4,577.8,634206.6190000001,367049671.0699,1712361599999,613.2522005662332,515.1321767351535,493.168,402.05400000000003,350.0926666666667,317.0765,False,False
1712361600000,577.8,591.3,575.1,585.4,226975.99599999998,132278897.6139,1712447999999,613.3033215726621,515.9186654604566,497.668,404.682,352.35066666666665,318.9175,False,False
1712448000000,585.5,591.1,578.0,583.9,263849.216,154585203.35970002,1712534399999,613.4965261427931,517.5257435048684,502.28799999999995,407.384,354.56600000000003,320.765,False,False
1712534400000,583.8,601.1,577.7,586.4,483568.312,285425656.2691,1712620799999,614.0349485980488,527.2565622612755,507.02,410.077,356.80199999999996,322.643,False,False
1712620800000,586.3,590.3,571.2,580.5,596275.792,345991219.2587,1712707199999,613.1183257917505,538.0542465047815,511.598,412.76399999999995,358.9953333333333,324.49,False,False
1712707200000,580.4,610.6,573.4,609.7,816050.7,483100690.567,1712793599999,614.7415503024542,540.9280408816007,516.7,415.726,361.41066666666666,326.48600000000005,False,False
1712793600000,609.7,618.4,592.0,604.6,579678.194,350892798.4008,1712879999999,617.6532355176777,544.8342659121839,521.2080000000001,418.65,363.834,328.4675,False,False
1712880000000,604.6,634.5,571.0,595.6,1517722.658,922093314.939,1712966399999,622.412975907331,547.9039172195526,525.468,421.448,366.18933333333337,330.39599999999996,False,False
1712966400000,595.6,600.2,508.0,553.1,1761628.473,988296299.5605,1713052799999,622.1345678075363,538.7059687863735,529.02,423.74199999999996,368.1853333333333,332.0985,False,False
1713052800000,553.0,576.0,536.1,566.4,965488.003,533164946.8265,1713139199999,622.340336211754,535.4597395027821,532.7139999999999,426.231,370.3433333333333,333.87049999999994,False,False
1713139200000,566.4,585.5,544.7,552.7,698443.303,395592622.7526,1713225599999,622.1485333249848,533.3050840851056,535.9979999999999,428.68300000000005,372.3953333333333,335.55899999999997,False,False
1713225600000,552.7,554.2,522.8,537.6,623668.813,336470058.8908,1713311999999,624.3008642048843,528.5248523065361,538.7180000000001,431.035,374.3473333333333,337.171,False,True
1713312000000,537.5,547.9,512.6,534.1,657909.358,350644262.6023,1713398399999,626.322003897816,521.8883278375773,541.508,433.339,376.26533333333333,338.7685000000001,False,False
1713398400000,534.0,555.9,527.0,552.1,589697.296,322107047.8927,1713484799999,624.165103898865,518.3293815713839,544.2579999999999,435.849,378.2586666666666,340.43799999999993,False,False
1713484800000,552.0,564.3,524.0,554.0,545504.1830000001,299560802.6402,1713571199999,621.9434959864341,515.5067989814331,547.35,438.33099999999996,380.4486666666666,342.135,False,False
1713571200000,554.1,574.3,548.8,570.9,242132.859,136141960.463,1713657599999,619.7769477162118,516.2122868027483,550.62,440.958,382.68066666666664,343.922,False,False
1713657600000,570.9,582.6,566.3,579.6,277755.724,159867167.9353,1713743999999,617.7520194968884,516.2090049089496,553.9939999999999,443.78799999999995,384.986,345.75299999999993,False,False
1713744000000,579.6,608.7,578.4,604.5,522892.157,312535591.8883,1713830399999,620.0189785636767,516.858333456301,557.794,446.811,387.46466666666663,347.7225,False,False
1713830400000,604.4,618.3,598.7,606.2,556883.344,338016342.9296,1713916799999,623.3317795713494,517.4009626555095,561.55,449.87800000000004,389.9433333333333,349.68649999999997,False,False
1713916800000,606.2,618.5,592.6,608.8,656953.677,398136610.03929996,1714003199999,625.6003666742859,517.2605167596225,565.8439999999999,452.791,392.45733333333334,351.66900000000004,False,False
1714003200000,608.8,617.9,600.7,613.2,453745.517,276456819.9268,1714089599999,628.034615141852,516.7914874141329,569.52,455.7710000000001,395.0306666666667,353.67799999999994,False,False
1714089600000,613.3,615.0,597.0,598.0,302119.884,182921811.3128,1714175999999,629.988366114079,516.4520838491268,571.9879999999999,458.65700000000004,397.4866666666667,355.63899999999995,False,False
1714176000000,598.0,599.7,585.0,596.2,268783.912,159075524.0425,1714262399999,630.468914922791,516.4454980007529,574.196,461.48900000000003,399.946,357.57700000000006,False,False
1714262400000,596.2,609.0,596.2,600.2,258059.43099999998,155563327.32729998,1714348799999,631.1325873151252,516.2236554561549,576.434,464.34399999999994,402.43,359.545,False,False
1714348800000,600.2,602.8,581.3,592.8,330474.005,194895190.9459,1714435199999,631.8390234719874,516.3928949545698,577.712,467.1,404.8586666666667,361.48350000000005,False,False
1714435200000,592.8,604.3,555.7,578.4,766513.446,442024066.4748,1714521599999,631.2770660437984,515.6007169787866,578.82,469.69800000000004,407.18800000000005,363.345,False,True
1714521600000,578.4,580.4,536.7,561.8,669027.318,371042856.39669997,1714607999999,628.6807338233857,513.3469704252457,579.306,472.25699999999995,409.4126666666666,365.1215,False,False
1714608000000,561.8,565.9,539.5,560.5,359794.315,200004508.9447,1714694399999,623.1834134175797,511.5296370741336,577.906,474.87399999999997,411.5926666666666,366.87550000000005,False,False
1714694400000,560.5,590.0,558.9,587.0,342906.433,196300747.85999998,1714780799999,622.4613406814349,517.3512777643969,577.582,477.81299999999993,413.96466666666663,368.7375,False,False
1714780800000,587.0,593.6,582.5,585.7,197129.251,115907821.4002,1714867199999,623.0951467089166,519.9171361128266,576.642,480.749,416.34,370.60900000000004,False,False
1714867200000,585.7,595.0,579.3,592.0,180458.236,106025278.2271,1714953599999,623.5883220628541,521.7694302418608,576.9540000000001,483.64700000000005,418.736,372.51800000000003,False,False
1714953600000,592.0,602.3,583.1,588.2,278669.005,164915187.63340002,1715039999999,623.8578201529319,526.8756164059201,577.284,486.47299999999996,421.06466666666665,374.40299999999996,False,False
1715040000000,588.2,600.4,576.0,576.5,289488.70900000003,170615635.1222,1715126399999,622.594540118213,534.6390440224308,577.706,489.185,423.3233333333333,376.225,False,True
1715126400000,576.5,590.0,574.4,588.6,297016.617,173445200.0971,1715212799999,620.9234345529976,540.2712376139968,579.3240000000001,491.96399999999994,425.64866666666666,378.09700000000004,False,False
1715212800000,588.6,605.8,586.3,596.8,464857.60099999997,277461169.032,1715299199999,620.4320718603097,547.8238866328985,580.124,494.856,427.98466666666667,379.992,False,False
1715299200000,596.8,597.0,581.5,585.6,296215.516,174757720.3065,1715385599999,619.8979115677917,551.0154300006527,580.76,497.707,430.1913333333333,381.7775,False,False
1715385600000,585.7,594.5,580.8,592.2,210698.305,123879065.4674,1715471999999,619.7017872318638,552.0076531370604,581.5279999999999,500.62700000000007,432.45933333333335,383.6125,False,False
1715472000000,592.2,600.1,587.3,594.8,191190.562,113647065.6195,1715558399999,619.0615232841672,552.285277213462,582.386,503.561,434.736,385.476,False,False
1715558400000,594.8,598.4,585.2,591.7,389810.28599999996,231181529.9276,1715644799999,616.9990421280224,552.4056744570146,582.866,506.48100000000005,437.048,387.3185,False,False
1715644800000,591.7,593.1,562.0,567.1,453308.316,260670269.09210002,1715731199999,614.5101313427284,550.8844186112507,582.4680000000001,509.105,439.1993333333333,389.0335,False,True
1715731200000,567.1,587.3,560.0,581.0,402812.99299999996,231640318.7261,1715817599999,611.7855930455468,549.7414154333496,582.48,511.903,441.4806666666666,390.81,False,False
1715817600000,581.0,586.6,565.1,569.2,411937.056,237940982.04500002,1715903999999,609.2404287877621,549.2482662782,582.378,514.568,443.66400000000004,392.52049999999997,False,False
1715904000000,569.2,584.5,568.6,580.9,236919.616,136736066.0091,1715990399999,608.753940798258,548.7725356221305,582.328,517.304,445.8506666666667,394.285,False,False
1715990400000,580.9,581.9,574.2,580.3,168074.711,97276169.0784,1716076799999,606.9616856259148,549.1833696263584,581.684,519.915,447.98400000000004,396.05549999999994,False,False
1716076800000,580.3,581.9,571.3,574.5,142157.485,82153015.5064,1716163199999,605.8874023262214,548.9767353231764,581.16,522.42,450.0,397.7885,False,False
1716163200000,574.6,602.0,568.8,599.6,469252.806,273916587.48370004,1716249599999,605.560784068946,550.2239276354833,581.018,525.186,452.19,399.62699999999995,False,False
1716249600000,599.6,631.4,593.3,618.5,1023559.613,629680133.3534,1716335999999,612.7110669157146,555.482674719235,581.8720000000001,528.164,454.50666666666666,401.5685,True,False
1716336000000,618.5,626.3,610.1,614.8,404848.487,250112541.59,1716422399999,615.9143944280154,559.3916599890621,583.14,531.034,456.84200000000004,403.45700000000005,False,False
1716422400000,614.8,617.5,580.0,599.3,607671.947,365408323.5064,1716508799999,618.2450031621208,561.6036438211107,583.896,533.78,459.058,405.23350000000005,False,False
1716508800000,599.4,605.5,588.3,600.3,251965.176,150540221.74699998,1716595199999,618.8922581036996,561.634232300643,584.192,536.444,461.07533333333333,406.9595,False,False
1716595200000,600.3,606.7,599.5,602.4,121538.958,73238183.6787,1716681599999,619.5754814151867,561.3522662726593,584.684,538.9259999999999,462.9306666666666,408.74050000000005,False,False
1716681600000,602.3,605.4,598.0,600.2,122983.66,73993292.513,1716767999999,619.8023677293594,561.1759163762767,584.98,541.3240000000001,464.7813333333333,410.50800000000004,False,False
1716768000000,600.3,614.4,599.6,603.9,229302.37699999998,138990897.26279998,1716854399999,621.0645770941554,561.4611517545352,585.38,543.8340000000001,466.71600000000007,412.2695,False,False
1716854400000,603.9,606.0,593.8,601.7,284862.985,170866428.74289998,1716940799999,621.6076370575297,562.2274373702459,585.686,546.3530000000001,468.61333333333334,414.023,False,False
1716940800000,601.7,603.6,593.1,595.7,212706.254,127314783.2932,1717027199999,621.4556374899319,562.3130537189206,585.99,548.794,470.506,415.744,False,False
1717027200000,595.7,602.2,586.5,595.1,225452.344,134058231.5414,1717113599999,621.665454666879,562.5399820653486,585.698,551.1990000000001,472.3833333333333,417.4825,False,False
1717113600000,595.1,599.0,590.0,593.7,168608.054,100127890.51889999,1717199999999,621.769106678302,562.905606855928,585.48,553.344,474.26,419.24550000000005,False,False
1717200000000,593.8,608.4,593.1,601.9,156464.894,93807304.5433,1717286399999,622.293209894605,562.9985590565042,585.6060000000001,555.537,476.16733333333326,421.0435,False,False
1717286400000,601.9,606.0,596.0,602.9,198299.996,119216586.139,1717372799999,622.6691861056775,563.1773313858121,586.602,557.811,478.0286666666667,422.7895,False,False
1717372800000,602.8,638.8,601.2,626.4,654161.467,408619568.5283,1717459199999,627.880765348612,565.9668515242662,587.802,560.2579999999999,480.08799999999997,424.708,False,False
1717459200000,626.4,688.2,624.8,685.7,736322.6803,480618195.60830003,1717545599999,644.8231257531531,567.7496560610488,590.462,563.23,482.60933333333327,426.91200000000003,True,False
1717545600000,685.7,716.0,684.7,698.8,673820.5652,471592896.6749,1717631999999,664.650458942809,559.0067730592464,593.686,566.202,485.252,429.182,False,False
1717632000000,698.8,721.8,692.0,711.2,544042.9592,383971667.05480003,1717718399999,681.2191925636864,554.7614013170753,597.2280000000001,569.368,487.9686666666666,431.506,False,False
1717718400000,711.1,712.0,658.9,684.0,594753.99,411647370.9828,1717804799999,692.6907661867328,556.5313127440849,599.8660000000001,572.062,490.5213333333333,433.6605,False,False
1717804800000,684.0,694.9,677.9,682.7,216849.473,148522259.26700002,1717891199999,699.5235628829266,558.1825577536752,602.44,574.895,493.03400000000005,435.9465,False,False
1717891200000,682.7,684.8,670.3,673.0,173565.78,117580243.22049999,1717977599999,704.5316312597938,562.0851384364682,604.482,577.5509999999999,495.46600000000007,438.131,False,False
1717977600000,673.1,674.8,613.3,625.1,692122.616,443628428.2451,1718063999999,707.6378416439975,563.6563143133312,605.392,579.693,497.65599999999995,440.0875,False,False
1718064000000,625.1,629.0,595.8,602.5,640655.92,392329646.8744,1718150399999,707.7082510001468,562.5177241824283,605.3520000000001,581.573,499.65799999999996,441.9365,False,True
1718150400000,602.5,635.4,591.3,619.4,454148.661,280606534.9802,1718236799999,708.120704034003,563.8243055406117,605.6160000000001,583.583,501.7906666666667,443.86150000000004,False,False
1718236800000,619.4,619.9,595.6,599.8,313465.472,189807512.1516,1718323199999,708.0865545143066,564.5837120584607,605.436,585.64,503.6726666666666,445.70200000000006,False,True
1718323200000,599.8,612.5,590.0,603.3,279802.085,168377597.5893,1718409599999,708.0337780930048,563.652863402449,605.238,587.3789999999999,505.5933333333333,447.5825,False,False
1718409600000,603.3,609.7,601.3,608.2,122650.197,74376625.4952,1718495999999,707.9760954589995,563.9406936704116,605.442,588.715,507.58533333333327,449.4755,False,False
1718496000000,608.2,611.8,601.1,610.8,104827.154,63655028.596300006,1718582399999,707.9860419014149,564.0697882380485,605.734,589.965,509.5706666666666,451.39300000000003,False,False
1718582400000,610.9,612.6,591.4,604.3,235509.028,141794445.7183,1718668799999,707.914854726112,563.8243163996733,605.816,591.125,511.5013333333333,453.2765,False,True
1718668800000,604.3,605.2,575.0,588.6,459142.57300000003,269411551.1401,1718755199999,707.8828006210174,561.6830219235063,605.732,591.722,513.3106666666667,455.077,False,True
1718755200000,588.6,605.9,586.6,599.3,260529.062,155686523.0016,1718841599999,707.8047535740319,561.6941703022445,606.15,592.485,515.1819999999999,456.9285,False,False
1718841600000,599.3,608.0,584.6,587.7,289498.772,172878669.7902,1718927999999,707.5963295413204,561.1028603176271,606.668,592.987,517.0606666666667,458.7265,False,True
1718928000000,587.7,589.3,577.8,586.1,191182.614,111683509.52039999,1719014399999,708.1776240819997,559.396574640984,607.18,592.543,518.976,460.4895,False,False
1719014400000,586.2,591.4,581.0,591.1,100439.584,58889744.988299996,1719100799999,708.5803004727251,557.8516871294487,607.262,592.422,520.9626666666667,462.289,False,False
1719100800000,591.1,593.2,576.0,577.5,141025.834,82700074.1585,1719187199999,708.303474643785,555.3345764185009,607.098,591.87,522.8653333333333,464.0295,False,False
1719187200000,577.5,582.0,551.2,568.1,356915.248,201975223.9453,1719273599999,703.5339481726722,548.3812036024128,606.62,591.787,524.638,465.70700000000005,False,False
1719273600000,568.1,580.0,566.4,578.2,177300.699,101775508.7125,1719359999999,693.0607849602352,546.6663711163227,606.42,591.852,526.4553333333333,467.4035,False,False
1719360000000,578.3,584.7,567.4,573.0,154770.344,89021816.7667,1719446399999,679.1114063555206,548.0315510294807,606.35,592.0279999999999,528.24,469.08,False,False
1719446400000,573.1,584.7,566.4,581.7,199582.231,114879067.5068,1719532799999,664.7673606740309,547.1825278838337,606.212,592.768,530.0466666666666,470.7895,False,False
1719532800000,581.8,585.3,565.6,567.4,210308.565,120971213.4525,1719619199999,651.8884822432543,551.2912897399018,605.624,592.8739999999999,531.7786666666667,472.39450000000005,False,False
1719619200000,567.4,573.9,566.9,570.0,99951.169,57037745.3195,1719705599999,639.1355223316377,559.4686131819227,605.312,593.036,533.5753333333333,473.9715,False,False
1719705600000,570.0,585.3,568.3,582.2,169894.148,98063504.92,1719791999999,625.3231704490107,559.4862898271546,605.1120000000001,593.32,535.4553333333332,475.6225,False,False
1719792000000,582.3,588.3,576.2,576.9,188481.951,109661771.2101,1719878399999,621.4740947689031,559.2183866275626,604.754,593.57,537.292,477.24049999999994,False,False
1719878400000,576.9,582.0,573.9,580.1,144561.934,83595650.98730001,1719964799999,615.4841737145028,558.7511763640318,604.522,593.694,539.1613333333333,478.91650000000004,False,False
1719964800000,580.1,581.0,550.5,556.7,288318.808,162074388.468,1720051199999,612.1625436644114,555.486585621816,604.314,593.391,540.8413333333334,480.47799999999995,False,False
1720051200000,556.7,558.1,511.6,513.6,511359.494,271362063.6036,1720137599999,611.5018425910812,543.2593353735436,602.966,592.723,542.2573333333332,481.85200000000003,False,True
1720137600000,513.5,516.1,454.8,497.7,992708.164,477944738.9957,1720223999999,617.0937180766392,518.2627413883007,601.536,591.957,543.5573333333333,483.13200000000006,False,False
1720224000000,497.8,530.7,496.0,526.0,226597.141,116325464.473,1720310399999,616.5492916954718,509.6947647685923,600.438,591.383,545.0153333333333,484.4975,False,False
1720310400000,526.0,526.6,488.4,490.7,279027.459,141525511.5082,1720396799999,614.9711654726556,500.7473301433042,598.6460000000001,590.165,546.1586666666667,485.6495,False,True
1720396800000,490.7,524.2,471.0,510.6,580970.096,290874412.61810005,1720483199999,613.4805738317627,489.6133527115479,597.368,589.2639999999999,547.4026666666666,486.84200000000004,False,False
1720483200000,510.5,520.8,506.5,516.9,203358.601,104783981.2704,1720569599999,611.1121628654178,485.53597816613285,595.714,588.366,548.6953333333333,488.07099999999997,False,False
1720569600000,516.9,529.4,511.3,524.7,205460.20799999998,107482904.15799999,1720655999999,606.8883693107814,482.5341498148957,593.838,587.855,550.0553333333334,489.3395,False,False
1720656000000,524.7,545.1,520.1,524.8,262788.577,139656345.3707,1720742399999,604.3231112229138,480.6544481282795,592.038,587.589,551.3686666666667,490.64099999999996,False,False
1720742400000,524.9,537.5,517.0,533.8,207870.778,109277155.6752,1720828799999,601.2349475207911,478.9845370533309,590.7280000000001,587.312,552.7626666666666,491.9755,False,False
1720828800000,533.9,539.4,527.3,532.4,161128.43099999998,85959545.6284,1720915199999,597.4622262787129,478.28868104252354,589.37,586.7810000000001,554.086,493.14899999999994,False,False
1720915200000,532.5,547.7,531.2,544.8,148566.273,79894219.4869,1721001599999,594.9667311753624,477.6553490368321,588.2180000000001,586.451,555.3566666666667,494.2525,False,False
1721001600000,544.9,586.8,543.8,585.3,335372.772,189865878.4188,1721087999999,595.8374593708074,477.6550636132665,587.92,586.45,556.856,495.566,False,False
1721088000000,585.3,587.5,554.4,576.2,347825.02999999997,198747610.3712,1721174399999,596.2134578992423,477.8530090888172,587.3660000000001,586.3729999999999,558.3446666666667,496.8785,False,False
1721174400000,576.3,584.0,564.3,568.9,198271.20500000002,114191416.2815,1721260799999,596.1231712336595,477.9081886783607,586.71,586.198,559.8053333333334,498.1375,False,False
1721260800000,568.9,579.6,561.6,571.9,153121.78399999999,87460889.8859,1721347199999,595.4135403910298,478.00077245528314,586.234,586.1120000000001,561.2739999999999,499.43800000000005,False,False
1721347200000,572.0,598.7,565.0,593.4,331877.529,194179639.02830002,1721433599999,598.6977283669244,478.0556745998912,586.2,585.9490000000001,562.8660000000001,500.8375,False,False
1721433600000,593.4,597.9,586.7,593.1,144679.40399999998,85733754.6122,1721519999999,600.4746073557922,477.1088900433109,586.188,585.8340000000001,564.2919999999999,502.24199999999996,False,False
1721520000000,593.2,603.4,581.5,602.5,243931.763,145514213.204,1721606399999,602.7023941654345,476.83978202293486,586.2,585.903,565.7579999999999,503.67550000000006,False,False
1721606400000,602.5,605.6,580.3,587.2,212452.69,126474838.87110001,1721692799999,605.9158927025918,476.54869869031484,585.8860000000001,586.244,567.1693333333334,504.99299999999994,False,False
1721692800000,587.3,593.5,577.2,581.9,214355.311,125103987.1786,1721779199999,607.3585536369242,476.1503283061886,584.996,586.399,568.504,506.315,False,True
1721779200000,582.0,589.1,570.4,574.9,160535.20799999998,93548644.6785,1721865599999,609.8100099726936,478.27101890010357,582.78,586.621,569.7466666666667,507.652,False,False
1721865600000,574.9,576.6,553.1,570.6,286997.522,161664095.8419,1721951999999,610.2887339707888,490.1807180544621,580.216,586.951,570.8733333333333,508.99300000000005,False,True
1721952000000,570.7,582.8,570.2,580.9,155492.91999999998,89808484.418,1722038399999,611.6068123839949,495.42995996968517,577.61,587.419,572.1153333333333,510.379,False,False
1722038400000,580.9,592.8,572.6,581.6,184468.855,107622930.3255,1722124799999,613.2235758576255,502.7942461721409,575.562,587.714,573.2286666666666,511.7815,False,False
1722124800000,581.6,584.9,574.5,583.9,92606.64199999999,53762708.786,1722211199999,613.2149675978975,515.8490807958062,573.586,588.013,574.4586666666665,513.172,False,False
1722211200000,583.9,598.0,572.2,574.3,213824.089,125254349.9433,1722297599999,613.169837771618,522.3676373029539,571.6120000000001,588.047,575.5713333333333,514.5025,False,True
1722297600000,574.3,588.3,566.6,588.2,165024.413,94752452.1439,1722383999999,611.9819946167031,528.7978176671379,570.874,588.133,576.7533333333333,515.9605,False,False
1722384000000,588.1,592.9,574.7,576.5,194701.723,113838698.8411,1722470399999,612.0010405569979,534.3515768917912,570.354,587.8530000000001,577.8333333333334,517.332,False,True
1722470400000,576.5,578.0,553.7,575.1,280418.865,158920157.63529998,1722556799999,609.4244432107839,540.6626792016194,569.4680000000001,587.5419999999999,578.8779999999999,518.71,False,False
1722556800000,575.2,577.6,540.2,542.9,283605.001,158973647.91,1722643199999,605.7017551091039,543.2917070007829,568.33,586.883,579.87,519.837,False,True
1722643200000,542.9,545.3,521.3,529.6,245777.525,131076763.6382,1722729599999,606.1694302400441,540.8941591328633,566.856,586.047,580.538,520.909,False,False
1722729600000,529.7,532.2,486.5,496.9,390238.285,198331072.8714,1722815999999,610.593437811703,527.3211354141765,564.63,585.036,580.6866666666666,521.8465,False,True
1722816000000,496.9,499.9,400.0,464.2,2114679.75,936709946.2716,1722902399999,618.054813404131,490.8029498941712,561.698,583.716,580.5426666666667,522.6025,False,False
1722902400000,464.3,494.4,463.5,484.8,458815.007,221910821.6103,1722988799999,622.7180187700025,479.3717868982425,559.308,582.562,580.5193333333333,523.453,False,False
1722988800000,484.9,497.7,468.1,475.0,322182.487,155878721.2477,1723075199999,625.0072766914107,470.0787547084746,557.0360000000001,581.384,580.16,524.242,False,False
1723075200000,475.0,521.7,467.5,517.1,286744.608,142644959.0329,1723161599999,622.6504028065849,461.546649317504,555.3919999999999,580.771,580.1206666666667,525.2345,False,False
1723161600000,517.2,518.4,498.7,508.7,195125.106,99252951.0151,1723247999999,619.880144008254,457.8989327673879,553.812,580.24,579.9286666666667,526.2485,False,False
1723248000000,508.7,525.4,507.2,523.1,126212.238,65106264.406100005,1723334399999,615.5579530468499,455.4543983146397,552.552,579.8660000000001,579.2126666666667,527.37,False,False
1723334400000,523.2,535.8,502.3,503.4,206038.714,107396614.4,1723420799999,610.2527126645404,453.00130130322924,550.798,579.03,578.5473333333333,528.4215,False,False
1723420800000,503.5,524.0,499.2,518.2,285951.347,146276671.4102,1723507199999,606.1626875377191,450.6738839371656,549.6120000000001,578.355,577.784,529.552,False,False
1723507200000,518.3,527.0,513.1,524.2,255029.497,132679939.5935,1723593599999,602.1583848607942,449.6160129947333,548.734,577.677,577.436,530.6619999999999,False,False
1723593600000,524.2,531.9,515.4,523.4,220850.011,115904285.2938,1723679999999,599.375950881992,448.6332767007418,547.6379999999999,577.029,577.114,531.7510000000001,False,False
1723680000000,523.4,533.9,510.0,519.2,229628.306,119729441.4465,1723766399999,595.6303549987459,447.9168153042627,546.562,576.456,576.8726666666666,532.8205,False,False
1723766400000,519.2,524.5,509.9,519.7,174036.141,90234466.8196,1723852799999,589.828957544697,447.71665661275733,545.322,575.767,576.9526666666666,533.8655,False,False
1723852800000,519.7,547.7,518.3,541.6,196365.586,104648859.6598,1723939199999,585.6907465670338,448.49278440630746,544.806,575.215,576.8513333333333,535.0355000000001,False,False
1723939200000,541.7,542.6,530.8,531.2,148890.018,80080999.4861,1724025599999,578.3613423695311,449.81297387768217,544.03,574.6709999999999,576.7006666666666,536.189,False,True
1724025600000,531.3,560.7,529.1,558.4,233275.352,126752012.1447,1724111999999,574.0073711044503,451.06102689795307,543.554,574.333,576.7313333333334,537.48,False,False
1724112000000,558.5,574.9,558.2,569.4,422053.69299999997,239532350.76049998,1724198399999,570.445127568613,452.37209477226264,543.404,574.0790000000001,576.848,538.82,False,False
1724198400000,569.4,575.1,546.1,570.1,345601.77,194150513.28759998,1724284799999,569.9154588544179,452.74062027347617,543.2040000000001,573.8629999999999,576.864,540.172,False,False
1724284800000,570.2,590.0,559.7,582.9,365020.284,211506200.4228,1724371199999,572.4157208565421,451.82628540716945,543.728,574.021,576.8366666666667,541.563,False,False
1724371200000,583.0,600.6,574.3,591.7,387772.663,226667831.476,1724457599999,580.8318148066371,450.05706419009846,545.29,574.1279999999999,576.912,543.0155,False,False
1724457600000,591.7,592.4,574.6,580.5,325168.897,189230078.10680002,1724543999999,587.3117391329723,451.05747800751266,546.946,574.241,576.9533333333334,544.4045000000001,False,False
1724544000000,580.5,583.9,569.0,573.9,195984.559,112871783.1875,1724630399999,591.2809341725502,470.42211632702714,547.904,574.1709999999999,576.89,545.7375,False,True
1724630400000,573.9,575.6,546.7,548.2,280985.576,157546934.309,1724716799999,592.8677463360809,477.99528722244713,549.054,573.85,576.4613333333333,546.8825,False,True
1724716800000,548.3,558.3,520.5,533.3,298073.974,162636857.1307,1724803199999,592.1970290291688,484.81403723430446,549.508,573.438,576.0120000000001,547.929,False,True
1724803200000,533.3,546.8,522.4,537.0,269794.777,144652361.6358,1724889599999,592.1160852428991,492.7882660965204,549.91,572.812,575.5473333333334,548.999,False,False
1724889600000,537.0,545.5,530.9,536.4,166187.113,89803592.1243,1724975999999,591.6777099016884,496.0059445671951,550.144,571.991,575.2846666666667,550.0775,False,False
1724976000000,536.4,543.4,522.0,535.2,197825.89500000002,105438037.1851,1725062399999,591.411784218267,497.57481499691784,550.352,571.195,575.1766666666666,551.1145,False,False
1725062400000,535.2,541.5,531.1,532.9,95954.072,51436756.3339,1725148799999,591.3859184040925,500.58880145909205,550.3340000000001,570.531,574.9860000000001,552.1555,False,False
1725148800000,532.9,533.2,507.7,512.4,203698.867,105736484.88960001,1725235199999,591.0275211634255,501.9062881948621,549.934,569.6519999999999,574.4986666666667,553.048,False,False
1725235200000,512.3,530.2,501.5,526.3,262984.426,135310263.7192,1725321599999,590.895022165039,500.26617032797424,549.564,568.8910000000001,574.1553333333334,553.9085,False,False
1725321600000,526.4,538.4,517.9,518.7,224481.65,118957795.679,1725407999999,590.7548169102744,500.53629302868114,548.232,568.076,573.7106666666667,554.7,False,False
1725408000000,518.8,523.7,495.8,507.6,435892.306,220932561.9079,1725494399999,591.1794057680083,498.3892665920653,546.86,567.1129999999999,573.202,555.4735,False,False
1725494400000,507.6,512.9,496.7,502.4,177237.32,89376836.949,1725580799999,591.9795863310421,496.4890464016456,545.53,566.12,572.642,556.2365,False,False
1725580800000,502.4,509.9,471.3,487.2,357704.727,176434177.2464,1725667199999,593.0452703817468,489.1240256397074,543.836,565.035,572.02,556.9145000000001,False,True
1725667200000,487.3,499.5,482.9,493.5,140367.312,69061059.8594,1725753599999,594.6617245333839,483.91222398257,541.8380000000001,564.0189999999999,571.2453333333334,557.609,False,False
1725753600000,493.6,506.9,490.7,503.1,135677.173,67747241.9683,1725839999999,594.2669883092805,480.3482448311098,540.038,563.113,570.5686666666667,558.2284999999999,False,False
1725840000000,503.2,525.7,501.7,518.7,207528.54,106181387.9937,1725926399999,591.5123027595221,478.27609167529465,538.362,562.281,570.0559999999999,558.909,False,False
1725926400000,518.7,524.3,509.2,517.0,161417.812,83683310.8278,1726012799999,588.4214750092967,476.93293675252494,536.958,561.422,569.8153333333333,559.6165,False,False
1726012800000,517.0,535.4,506.5,530.1,204079.602,106177105.3379,1726099199999,582.8350834991808,476.0754906707415,535.922,560.4590000000001,569.5733333333334,560.3584999999999,False,False
1726099200000,530.2,548.7,530.0,544.5,273877.8,148485556.5668,1726185599999,575.0464702337177,478.120403109589,535.314,559.047,569.5186666666667,561.1385,False,False
1726185600000,544.6,559.7,538.7,556.4,276743.273,151886434.1994,1726271999999,569.3164641662311,480.931426801593,535.03,557.623,569.644,561.9125,False,False
1726272000000,556.4,559.2,547.5,553.3,138432.964,76552118.0914,1726358399999,564.8986411973892,483.185166632853,534.478,556.044,569.772,562.706,False,False
1726358400000,553.4,561.9,546.0,553.4,205254.78999999998,114158887.1805,1726444799999,562.3918811536834,483.2352078186192,533.914,554.7379999999999,569.7806666666667,563.4,False,False
1726444800000,553.4,555.2,527.0,533.7,267953.69,145272204.9542,1726531199999,561.9582110349729,483.31904364530044,532.91,553.248,569.6453333333333,564.0715,False,False
1726531200000,533.7,552.7,529.0,546.2,195288.36,106087089.093,1726617599999,562.6092530441153,483.36701094834,532.3480000000001,551.98,569.4806666666667,564.7655,False,False
1726617600000,546.2,559.7,536.8,559.5,201182.98500000002,109823535.9459,1726703999999,564.2910128210631,483.245168373509,531.774,551.3240000000001,569.3466666666667,565.5085,False,False
1726704000000,559.5,572.2,553.0,567.0,308427.742,173555626.4165,1726790399999,568.0469559823485,482.406518090419,531.5840000000001,550.969,569.0966666666667,566.271,False,False
1726790400000,566.9,577.1,555.0,569.0,257077.709,146299260.296,1726876799999,572.4535068898239,481.5537781275243,531.462,550.465,568.8486666666666,567.024,False,False
1726876800000,569.1,590.0,566.4,588.6,208752.23,121144029.985,1726963199999,579.097707303271,481.24343813328807,532.376,550.3530000000001,568.7139999999999,567.9965,True,False
1726963200000,588.7,594.6,576.4,588.7,202978.79099999997,118527723.4824,1727049599999,585.8065427556775,481.48891902224847,533.558,550.207,568.5506666666666,568.793,False,False
1727049600000,588.7,616.0,583.4,604.5,376010.207,225838917.1862,1727135999999,595.692563136019,480.61085963445703,535.71,550.17,568.5939999999999,569.4425,False,False
1727136000000,604.5,613.4,598.5,605.9,261622.131,158406716.9744,1727222399999,603.7447884783904,481.6179997067032,538.544,550.1210000000001,568.6586666666667,570.043,False,False
1727222400000,605.8,608.3,584.2,587.4,220793.948,131577137.9882,1727308799999,609.4642842721237,484.8552820372124,540.596,549.952,568.5733333333334,570.5385,False,False
1727308800000,587.5,609.0,580.8,596.3,334337.474,199000531.3556,1727395199999,614.079493068787,493.617203377647,543.0219999999999,550.029,568.5966666666667,570.8755,False,False
1727395200000,596.3,614.7,596.0,606.8,356901.64,216600653.3691,1727481599999,617.4109807243077,500.7520063073374,544.816,550.104,568.7860000000001,571.2945,False,False
1727481600000,606.9,618.6,594.5,601.1,262593.381,159074265.4612,1727567999999,620.5119943753697,507.926865685407,546.664,550.238,569.048,571.6125,False,False
1727568000000,601.1,602.8,592.4,595.6,160103.084,95653191.0634,1727654399999,621.929571651431,514.3679877335226,548.114,550.3330000000001,569.282,571.438,False,False
1727654400000,595.6,595.8,563.5,567.4,324086.737,187098291.1132,1727740799999,621.5255887925154,520.4026586894237,549.394,550.096,569.1513333333334,571.259,False,True
1727740800000,567.4,583.1,536.8,547.3,476372.945,266084992.26319999,1727827199999,620.4529545584157,525.4401094245878,549.976,549.794,568.8953333333334,570.832,False,True
1727827200000,547.2,558.3,535.4,542.5,282193.663,154229595.0561,1727913599999,619.9740858851567,526.2018766174754,550.342,549.538,568.5653333333333,570.6625,False,False
1727913600000,542.5,550.8,534.3,544.8,220702.342,119668355.7484,1727999999999,620.3703497881847,525.6322388687332,550.77,549.2040000000001,568.276,570.528,False,False
1728000000000,544.8,557.8,541.8,555.3,186169.628,102741705.8821,1728086399999,620.415464536967,525.0465244053626,551.492,549.027,568.1346666666667,570.5275,False,False
1728086400000,555.3,565.2,551.6,563.0,124906.382,70050933.4191,1728172799999,620.360738772341,525.5497823098264,552.358,548.84,567.964,570.804,False,False
1728172800000,563.0,571.9,561.1,570.3,106787.34,60348493.1096,1728259199999,620.0350475533102,529.2821145588964,552.932,548.869,567.7873333333333,570.8715,False,False
1728259200000,570.4,581.8,563.5,564.3,213046.676,122157732.7852,1728345599999,619.6258852926769,533.1297180317256,553.594,548.812,567.6453333333333,570.924,False,True
1728345600000,564.4,586.8,559.5,580.8,286276.177,164556094.6575,1728431999999,619.5958224999551,535.7022506320659,554.0419999999999,548.798,567.5693333333332,571.059,False,False
1728432000000,580.8,586.0,566.2,570.7,324396.054,187764600.0406,1728518399999,619.8014128339186,536.7093107679931,554.068,548.736,567.4086666666666,571.153,False,True
1728518400000,570.8,572.9,551.5,563.9,178198.309,100625398.3754,1728604799999,619.8060480171496,536.3567676948512,553.944,548.5740000000001,567.2233333333334,571.1339999999999,False,True
1728604800000,563.8,577.5,560.1,573.6,185095.358,105075683.8837,1728691199999,619.3998577762724,535.9610371929707,553.758,548.743,567.2666666666667,571.067,False,False
1728691200000,573.7,579.2,573.6,576.6,135773.959,78315432.78739999,1728777599999,618.6843422301387,535.9085709793926,553.456,549.373,567.2373333333334,571.048,False,False
1728777600000,576.6,578.5,564.9,572.2,118779.976,67955148.4416,1728863999999,615.3278625955946,535.5462881972179,553.29,550.1179999999999,567.2573333333332,571.0375,False,False
1728864000000,572.3,592.3,558.9,589.1,252803.176,147353933.5377,1728950399999,612.818378005979,535.7544671518226,553.5939999999999,550.749,567.312,571.066,False,False
1728950400000,589.0,599.9,577.7,594.5,324305.897,191193163.4713,1729036799999,611.7300560765923,535.8962867613616,554.52,551.787,567.4066666666666,570.976,False,False
1729036800000,594.6,605.5,589.7,600.9,259951.129,155177541.6939,1729123199999,611.2219948810862,535.55257351642,555.872,552.69,567.5826666666667,570.9770000000001,False,False
1729123200000,601.0,606.3,585.1,592.9,194199.416,115638450.5871,1729209599999,609.8584135781455,536.2195984082405,556.99,553.45,567.5380000000001,570.9079999999999,False,False
1729209600000,592.9,602.4,591.8,599.2,136743.669,81756722.0332,1729295999999,607.0797545180463,536.4269882078129,558.246,554.195,567.4093333333334,571.025,False,False
1729296000000,599.3,601.4,595.4,597.7,78940.239,47206621.576900005,1729382399999,606.8839262615288,536.1875177527176,559.496,554.924,567.2953333333334,571.2565,False,False
1729382400000,597.8,607.3,593.1,605.9,123572.057,74016985.857,1729468799999,608.432741438024,535.9376728090656,560.956,555.645,567.3393333333333,571.4784999999999,False,False
1729468800000,605.9,611.8,591.5,598.8,275880.778,166472429.799,1729555199999,611.5410843042259,539.0655797945875,562.684,556.309,567.3293333333332,571.545,False,False
1729555200000,598.8,609.0,587.0,593.8,203756.934,121183814.7858,1729641599999,613.58371477241,543.2137665312971,564.034,556.799,567.272,571.6250000000001,False,False
1729641600000,593.8,595.0,573.0,584.9,225698.465,131627008.0264,1729727999999,612.7049746294683,548.1244046439257,565.3580000000001,556.795,567.17,571.6225,False,False
1729728000000,584.9,598.0,583.3,594.5,145781.537,86192860.0254,1729814399999,612.1382212167256,552.3292256737534,567.096,556.9780000000001,567.1073333333333,571.6755,False,False
1729814400000,594.5,597.6,565.8,575.3,254214.693,148562012.6002,1729900799999,611.7516124939427,554.2242339989365,568.554,557.0419999999999,566.9313333333333,571.62,False,False
1729900800000,575.3,587.1,571.6,583.4,119987.437,69636988.2744,1729987199999,611.190431469424,555.2500552486913,570.4780000000001,557.1569999999999,566.8493333333334,571.6345,False,False
1729987200000,583.4,591.0,581.7,589.2,94455.099,55358950.4306,1730073599999,611.1889134663934,556.4725645810436,572.3919999999999,557.115,566.81,571.5319999999999,False,False
1730073600000,589.3,604.6,585.5,601.1,189815.88199999998,112841110.9841,1730159999999,612.1945439970845,558.4128779874115,574.3520000000001,557.195,566.8593333333333,571.5145,False,False
1730160000000,601.1,612.2,599.9,606.3,301555.357,183028445.4459,1730246399999,614.0630916744434,559.153924181086,576.104,557.233,566.8886666666667,571.568,False,False
1730246400000,606.3,606.7,594.1,595.6,186706.281,111921261.7247,1730332799999,614.0442748180957,563.1325592024192,577.6759999999999,557.317,566.84,571.7805,False,False
1730332800000,595.5,596.5,571.1,576.6,279156.175,162569407.17430001,1730419199999,613.3413968997282,564.8046391429432,578.606,557.264,566.5079999999999,571.8315,False,True
1730419200000,576.5,585.5,567.7,573.1,242255.184,139653646.5376,1730505599999,612.7867482943491,564.0861344363811,579.178,557.246,565.7573333333333,571.9335000000001,False,False
1730505600000,573.1,577.2,562.4,568.6,143716.603,81923716.47340001,1730591999999,612.9556353327796,563.6761687249365,579.422,557.226,564.8893333333334,572.0885,False,True
1730592000000,568.6,569.3,547.0,557.7,217508.468,121252911.9394,1730678399999,614.882441877763,561.0660156711125,579.51,556.994,563.8660000000001,572.2064999999999,False,True
1730678400000,557.7,564.8,543.6,552.5,264951.833,147460854.1736,1730764799999,616.3639543809422,555.9125029758652,579.492,556.703,562.9893333333334,572.2085,False,True
1730764800000,552.51,572.8,551.22,563.21,211437.753,118914324.1383,1730851199999,615.8947880565669,552.6070141572054,580.0822000000001,556.4961,562.1927333333333,572.25455,False,False
1730851200000,563.21,595.0,563.0,592.22,535934.927,312142762.6458,1730937599999,614.9580107739524,551.2506077653868,581.0025999999999,556.6753000000001,561.6542,572.36115,False,False
1730937600000,592.22,611.2,587.01,598.26,377600.506,226127478.9151,1731023999999,615.9791270967268,551.3078371644915,581.7778,556.7759,561.4752666666667,572.45445,False,False
1731024000000,598.27,605.9,588.1,597.82,318752.718,190252650.449,1731110399999,616.4133507684662,551.4929517773126,582.3942,556.9891,561.4440666666667,572.42105,False,False
1731110400000,597.82,638.0,597.51,624.66,772172.655,481873005.6552,1731196799999,621.9150220977832,551.3054481150069,583.5074,557.4847,561.4791333333333,572.51335,True,False
1731196800000,624.67,644.2,611.62,627.33,812783.747,513661217.7321,1731283199999,627.609304935921,550.0456729464422,584.2819999999999,558.3290000000001,561.6626666666667,572.606,False,False
1731283200000,627.34,665.54,613.0,659.63,1006384.738,635276133.393,1731369599999,637.6840797474266,548.9494448133171,585.7006,559.6293000000001,562.0382000000001,572.83815,True,False
1731369600000,659.63,667.4,610.0,625.33,1166459.013,743633998.737,1731455999999,647.1479064280493,549.0325920531532,586.1172,560.9136,562.1524000000001,572.9748000000001,False,False
1731456000000,625.42,638.06,598.6,620.68,1034672.1140000001,638914920.7590001,1731542399999,650.452931766886,549.1978919036156,586.4128000000001,562.4784000000001,562.2182666666668,573.0971999999999,False,False
1731542400000,620.68,660.4,610.5,622.3,1060649.7,673257806.8624,1731628799999,656.8350393299793,550.4047668771706,587.1108,563.8534,562.3382666666668,573.2076999999999,False,False
1731628800000,622.3,628.3,603.4,619.37,654908.221,403836027.7015,1731715199999,658.5992962929727,551.5612270801143,587.5722000000001,565.2971,562.5434,573.3405499999999,False,False
1731715200000,619.37,633.7,617.5,622.69,447887.923,279947693.9428,1731801599999,660.6884084486428,551.6326654341659,587.89,566.3530000000001,562.6993333333334,573.562,False,False
1731801600000,622.69,647.6,605.2,618.9,595820.3759999999,373035601.8808,1731887999999,663.9775330726851,552.0620916083149,588.246,567.455,562.9073333333333,573.8475,False,False
1731888000000,618.93,630.91,612.1,618.93,483382.136,300412598.7781,1731974399999,665.1351187406925,551.9524544864092,588.7126000000001,568.4132999999999,563.1262,574.13965,False,False
1731974400000,618.93,621.41,605.21,615.5,420441.20999999996,258923024.5648,1732060799999,665.7584135185491,552.1034872020523,589.6745999999999,569.5343,563.2888666666666,574.28215,False,False
1732060800000,615.49,620.78,600.0,605.39,411142.628,251205966.0848,1732147199999,666.4207597003497,553.8608084549314,590.8364,570.4062,563.4748,574.3806,False,False
1732147200000,605.39,629.37,593.05,621.86,647295.1579999999,397863790.4623,1732233599999,667.2912132408723,555.9316871645575,592.4236,571.3828,563.8332,574.5299,False,False
1732233600000,621.86,639.64,615.05,633.0,582665.923,366036815.3936,1732319999999,668.1955888833324,559.1762509631482,594.1876,572.4788,564.1985333333333,574.7539,False,False
1732320000000,633.0,680.0,631.1,650.42,1071184.972,704006630.9678,1732406399999,673.0649204703902,565.2687874408199,596.09,573.791,564.7146666666666,575.1235,False,False
1732406400000,650.42,687.75,637.08,659.65,914571.368,603815106.1113,1732492799999,677.0679187028367,573.2906570620946,598.023,575.1904999999999,565.2343333333333,575.47875,False,False
1732492800000,659.65,676.79,626.43,636.2,783511.29,511818189.8853,1732579199999,678.16970909503,581.9733138446171,599.341,576.1365000000001,565.693,575.67575,False,False
1732579200000,636.16,645.57,600.02,613.51,814621.938,506683169.58709997,1732665599999,677.1394884262754,588.7203305918673,600.3252,576.9596,565.9830666666667,575.8153,False,False
1732665600000,613.5,646.75,607.79,644.14,629623.885,395138256.5171,1732751999999,677.0081726163328,591.1648500325699,601.592,577.817,566.3960000000001,576.075,False,False
1732752000000,644.15,664.68,639.79,653.83,684789.628,447310382.25270003,1732838399999,677.4228088822238,592.65509137281,603.2546,578.6613,566.9088666666667,576.37015,False,False
1732838400000,653.84,663.8,648.42,654.67,429893.73,281863687.6222,1732924799999,678.9030727170741,592.4198499696523,605.07,579.5070000000001,567.4060000000001,576.685,False,False
1732924800000,654.67,677.2,648.0,653.43,545812.569,360781212.6517,1733011199999,681.8245528073263,591.6578718515647,606.6666,580.2123,568.0508666666666,577.11665,False,False
1733011200000,653.44,664.17,645.16,655.99,434417.253,284736496.3193,1733097599999,681.6873114216031,591.5279575538659,608.2544,580.8552000000001,569.0001333333333,577.4916,False,False
1733097600000,656.0,667.2,627.99,647.82,771630.192,496814257.6002,1733183999999,681.6654282987191,592.3637674223783,609.7668,581.5284,570.0009333333334,577.8847000000001,False,False
1733184000000,647.83,750.01,622.85,734.64,1575647.798,1065360654.9032999,1733270399999,700.8044652544627,594.4749245377136,612.6776,583.1358,571.3918666666667,578.6533999999999,True,False
1733270400000,734.64,793.86,720.0,739.53,2092976.428,1585363383.638,1733356799999,726.3070570320465,584.1424267026842,615.5782,585.0491,573.0507333333334,579.44955,False,False
1733356800000,739.54,739.9,690.0,717.1,1159099.388,833940195.1406,1733443199999,735.3551759255538,584.1487633365496,617.9022,586.8871,574.4274,580.16255,False,False
1733443200000,717.1,745.93,705.06,730.22,747138.475,543354617.6471,1733529599999,744.3019712109893,582.5421631950398,620.6486,588.8193,575.8495333333333,580.81565,False,False
1733529600000,730.22,761.0,729.69,749.72,445276.173,332521641.5523,1733615999999,754.7197681991016,581.0900225239684,623.659,590.9525,577.3496666666666,581.47175,False,False
1733616000000,749.71,757.26,727.47,742.0,343120.564,254746861.561,1733702399999,763.0342079123066,581.2720742825127,626.545,593.0205000000001,578.7976666666666,582.10775,False,False
1733702400000,742.0,742.5,642.0,689.19,1068109.724,750478040.8932,1733788799999,767.6981496931265,584.6202892068017,628.2108000000001,594.5834,579.8336,582.5572,False,False
1733788800000,689.2,704.92,649.13,676.8,984801.75,668829820.3817,1733875199999,767.7559727046959,589.2570326183188,629.7708,596.2274,580.7962666666667,582.9397,False,False
1733875200000,676.8,713.0,658.54,711.21,526819.302,363578391.0911,1733961599999,768.1408682659842,595.7731309051873,632.119,598.0764999999999,581.9056666666667,583.48375,False,False
1733961600000,711.2,725.61,699.36,705.77,576876.965,412636064.6814,1734047999999,769.3955858859696,599.7399647914116,634.5364,599.9472000000001,582.7088,584.0115999999999,False,False
1734048000000,705.77,729.88,696.8,725.72,548598.294,392046785.6091,1734134399999,771.7401820387636,602.4531369551797,637.1608,602.1284,583.7056,584.6206999999999,False,False
1734134400000,725.73,732.11,705.01,715.79,341929.145,246341704.5436,1734220799999,774.0309840728604,604.7816294965093,639.9706,604.2623,584.6848666666666,585.19115,False,False
1734220800000,715.8,724.08,702.66,718.87,282457.79500000004,201977197.6523,1734307199999,775.4856556016168,608.857518471469,642.68,606.5790000000001,585.6646666666668,585.807,False,False
1734307200000,718.87,730.0,704.16,720.58,483844.553,346826686.3502,1734393599999,775.5294100472422,617.8941856208135,645.3076,608.8498000000001,586.5125333333334,586.4344,False,False
1734393600000,720.58,737.37,712.24,717.69,502868.872,364062746.6997,1734479999999,775.1987735659648,626.6281292135423,647.6393999999999,610.9956999999999,587.3431333333333,587.05435,False,False
1734480000000,717.7,722.0,681.0,686.38,726576.022,513577858.411,1734566399999,774.4405196844793,630.4404913084946,649.241,612.6725,587.9023333333333,587.47675,False,False
1734566400000,686.39,705.57,648.63,665.62,840266.48,570986179.2517,1734652799999,772.6007217120704,630.4661332440434,650.6414,614.1587000000001,588.4251333333333,587.79035,False,False
1734652800000,665.61,680.58,618.69,678.6,982349.406,641954913.3959,1734739199999,772.3800482912321,626.0277313025125,652.6813999999999,615.6437000000001,589.0698,588.05135,False,False
1734739200000,678.6,693.39,652.0,663.49,529437.789,356262914.98039997,1734825599999,770.2521131966236,626.8179597604513,654.4892,616.8336,589.6604000000001,587.9403,False,False
1734825600000,663.5,669.71,639.37,649.77,333704.376,219106651.6007,1734911999999,769.9804620865667,628.5200086462792,656.1125999999999,617.7673,590.1881999999999,587.69515,False,True
1734912000000,649.77,698.5,638.1,694.16,606364.091,407676502.7387,1734998399999,767.7332444084874,630.973573076025,658.8418,619.1759,590.9432666666667,587.60995,False,False
1734998400000,694.16,699.0,682.68,696.9,386936.217,267684126.6881,1735084799999,756.6052665063929,630.9265332273262,661.7298,620.6109,591.7119333333333,587.67445,False,False
1735084800000,696.89,713.28,695.94,702.72,232510.25,163663370.1128,1735171199999,754.7174368410903,631.0340898132001,664.52,622.3011,592.5040666666666,587.77455,False,False
1735171200000,702.71,719.99,683.0,689.4,381100.002,266171547.7021,1735257599999,752.220393351055,630.714640307843,666.4636,623.7331,593.2714000000001,587.85655,False,False
1735257600000,689.4,718.88,685.73,691.85,347156.043,241387898.60909998,1735343999999,746.7662513133056,631.7963736755675,668.3353999999999,625.0566,593.9624,588.1903,False,False
1735344000000,691.86,731.24,691.3,722.13,344251.86100000003,246552528.75120002,1735430399999,742.5800737143398,633.2434281775982,670.8216,626.6079,594.9332666666667,588.78845,False,False
1735430400000,722.13,724.7,690.0,694.71,241528.144,170580495.58569998,1735516799999,740.2615520244261,636.914302826944,672.2226,627.865,595.7306666666667,589.165,False,False
1735516800000,694.71,712.2,687.75,705.36,297267.103,207719498.6013,1735603199999,740.4612970546364,639.867308947622,673.7832000000001,629.0326,596.8137333333334,589.6928,False,False
1735603200000,705.35,714.99,698.48,702.3,235464.832,166146690.59759998,1735689599999,740.5598708244447,641.9962116457709,674.6365999999999,630.1686,597.9650666666666,590.1878,False,False
1735689600000,702.31,711.5,700.3,707.84,135703.339,95912659.04529,1735775999999,739.567038362335,641.990817866892,676.2868000000001,631.202,599.3713333333334,590.686,False,False
1735776000000,707.84,715.8,698.04,706.25,292533.811,206642127.7471,1735862399999,738.2652883535123,641.9926795697052,677.9982000000001,632.2054999999999,600.985,591.16325,False,False
1735862400000,706.24,715.69,697.03,714.88,291701.675,206214578.80269998,1735948799999,736.5929152988023,642.0706147202283,679.8498,633.4802999999999,602.5188666666667,591.71615,False,False
1735948800000,714.87,721.84,707.82,713.41,167274.262,119663318.9108,1736035199999,736.3673431169606,641.9550658564119,681.7306,634.6514,604.1082666666667,592.3402000000001,False,False
1736035200000,713.41,713.93,702.51,709.29,115144.345,81589551.09745,1736121599999,734.7740321887624,641.9820238214597,683.4626000000001,635.6763,605.3895333333334,592.89015,False,False
1736121600000,709.29,745.29,705.91,729.42,357347.859,259202689.3387,1736207999999,736.2737658613281,642.1994616758274,685.673,636.9594999999999,606.8610000000001,593.59875,False,False
1736208000000,729.42,733.33,691.2,698.01,436096.68200000003,311205654.4133,1736294399999,737.6461019050143,642.5398636473208,687.2545999999999,637.9836,608.0270666666667,594.1583,False,False
1736294400000,698.0,707.46,674.72,696.03,427277.957,295988402.3072,1736380799999,737.6949919771207,645.3900365198336,688.8652000000001,639.2699,609.3112666666667,594.68295,False,False
1736380800000,696.03,701.72,675.12,685.48,331906.578,229395154.563,1736467199999,736.6783257108842,655.2103176889497,690.467,640.6517,610.4264666666667,595.22285,False,True
1736467200000,685.47,700.69,683.18,693.21,234590.487,162476464.7019,1736553599999,736.4692984000135,658.9872083873064,691.8939999999999,642.1588,611.5532,595.8484,False,False
1736553600000,693.21,701.47,690.39,696.7,87734.79000000001,61027521.95974,1736639999999,733.0516557998767,666.8202078261787,693.168,643.6777999999999,612.7085333333333,596.4409,False,False
1736640000000,696.71,698.63,689.8,693.34,78211.295,54271115.40097,1736726399999,733.0447163374141,677.9727280365446,694.0264,645.0581999999999,613.8694666666667,597.0426,False,True
1736726400000,693.35,700.0,660.0,688.64,386629.94299999997,260749933.3447,1736812799999,732.9967086101657,673.5462651888624,694.6062,646.3146,614.9957333333333,597.5773,False,False
1736812800000,688.64,699.97,686.3,698.89,159723.609,110907862.844,1736899199999,733.0036378348819,673.1254667331541,695.86,647.6005,616.0443333333333,598.23475,False,False
1736899200000,698.89,715.0,688.45,714.59,282718.752,198505959.4302,1736985599999,732.6583855783445,673.5570865622277,697.8816,649.1034,617.2669333333334,598.9576999999999,False,False
1736985600000,714.59,717.5,700.5,708.1,268104.726,190449199.4095,1737071999999,732.5556139632704,674.0435010283197,699.1608,650.3764000000001,618.2649333333333,599.5872,False,False
1737072000000,708.1,729.97,708.1,721.76,289751.278,208863892.2141,1737158399999,732.3636842559507,673.9750322241237,700.5194,651.887,619.2806666666667,600.3115,False,False
1737158400000,721.76,723.32,695.0,709.52,370480.456,261042036.2239,1737244799999,732.2098927242579,674.2062447138658,701.6164,653.3432,620.2101333333333,600.9586,False,False
1737244800000,709.52,714.6,676.0,683.19,712985.298,494826558.7772,1737331199999,732.3198734185105,672.901816836009,702.2116000000001,654.4390999999999,620.8787333333333,601.59105,False,True
1737331200000,683.2,709.38,671.0,682.51,668236.487,460253770.2348,1737417599999,732.1020745836195,670.5505398430703,702.7420000000001,655.4982000000001,621.4841333333334,602.4356,False,False
1737417600000,682.51,697.0,675.01,692.21,294203.471,201877994.1704,1737503999999,732.185365322382,669.0280922711498,703.6298000000002,656.6983,622.2288666666667,603.40815,False,False
1737504000000,692.21,704.13,689.93,695.52,218410.233,152163801.08269998,1737590399999,731.7987693202112,668.8725549860578,702.8473999999999,657.7625,623.0396666666667,604.2557499999999,False,False
1737590400000,695.52,697.65,680.26,689.74,331191.456,227449444.318,1737676799999,731.460387195886,668.0984870192476,701.8515999999998,658.7149,623.9832666666666,605.25095,False,False
1737676800000,689.73,691.31,678.75,680.45,280584.305,192311060.5887,1737763199999,730.6666234529552,667.7611680682116,701.1186,659.5104000000001,624.9642666666666,606.1002,False,False
1737763200000,680.45,689.56,677.68,686.4,140203.276,96002980.7489,1737849599999,730.4590165873617,667.2354657960003,700.2422,660.4454000000001,625.9602666666666,606.9477,False,False
1737849600000,686.4,690.82,664.64,667.37,195887.168,133335964.38518,1737935999999,724.5039314845772,665.555841236488,698.5951999999999,661.1270999999999,626.8334,607.66105,False,False
1737936000000,667.36,680.53,637.79,679.74,486667.79500000004,319943135.4121,1738022399999,721.1788086660317,657.7399191808438,697.35,661.9475,627.797,608.4357500000001,False,False
1738022400000,679.75,682.88,659.4,661.29,202591.474,136320412.2025,1738108799999,721.1254597529959,656.01770816026,696.7919999999999,662.5014,628.6529333333333,609.0732,False,True
1738108800000,661.28,680.01,659.37,667.97,255536.13799999998,171429451.1322,1738195199999,721.4049271512605,654.356621925754,696.6153999999999,663.1931,629.6900666666667,609.7510500000001,False,False
1738195200000,667.97,682.99,666.0,677.53,145419.421,98572665.66849001,1738281599999,721.3832917853439,653.2153495150625,695.9418,664.0304,630.6982666666667,610.4147,False,False
1738281600000,677.53,689.44,673.5,677.47,190707.861,129837529.789,1738367999999,721.0742770181628,652.7340337303469,695.3758,664.9561,631.7567333333333,610.87555,False,False
1738368000000,677.48,681.56,650.73,652.94,177371.372,118479169.5035,1738454399999,721.0343282544051,649.7759245773071,693.9202,665.5405000000001,632.7256666666666,611.2592500000001,False,True
1738454400000,652.94,663.22,600.0,617.8,506728.603,319686544.3302,1738540799999,722.0637263792377,637.0145345615897,691.9604,665.9655,633.495,611.50375,False,True
1738540800000,617.8,619.19,500.0,617.21,1340856.885,761429704.7093,1738627199999,728.6438747051398,596.8403260803069,689.9272,666.3036,634.3617333333334,611.7302999999999,False,False
1738627200000,617.21,619.24,557.88,572.69,549571.473,320290589.1865,1738713599999,730.3619565182057,582.6750039968259,686.9693999999998,666.1384999999999,634.8896666666667,611.62675,False,True
1738713600000,572.69,580.0,561.22,569.55,227055.225,129716884.8302,1738799999999,735.1077108030237,571.2093130060586,684.0066,665.823,635.3326666666667,611.509,False,False
1738800000000,569.55,589.99,568.87,571.72,334342.953,193969742.3485,1738886399999,733.1074198564764,562.8237963827423,681.7134,665.4772,635.6861333333334,611.3551,False,False
1738886400000,571.71,589.9,570.58,577.71,222673.88,129451341.961,1738972799999,730.00488441473,555.5073803099042,679.9552,665.2983,636.0908666666667,611.30765,False,False
1738972800000,577.7,633.73,573.62,612.39,490805.546,297489199.6143,1739059199999,724.7057039992769,549.1715275833739,678.6310000000001,665.6562000000001,636.6394666666666,611.4600999999999,False,False
1739059200000,612.39,648.13,602.4,615.81,774091.071,486494461.585,1739145599999,719.7338992858515,546.4634854810595,677.6773999999999,666.0833,637.1148666666667,611.6646499999999,False,False
1739145600000,615.81,622.42,596.24,618.65,360129.038,218954195.8832,1739231999999,715.8614371807062,543.6512588719235,677.055,666.5837999999999,637.5298666666666,611.9049,False,False
1739232000000,618.65,646.94,615.08,642.11,488539.291,310084181.73870003,1739318399999,710.7654260052818,543.2428819643361,676.0139999999999,667.4278999999999,638.1219333333333,612.21095,False,False
1739318400000,642.12,705.48,626.88,696.93,822216.623,547344272.1688,1739404799999,711.887358437234,543.3908202524075,676.0146000000001,668.8722,639.0788,612.7876,False,False
1739404800000,696.92,732.0,658.28,664.72,1766921.6949999998,1235503153.4744,1739491199999,718.2380944945658,544.0116626556603,675.2546000000001,669.8873000000001,639.9522666666668,613.1917,False,True
1739491200000,664.73,684.86,652.0,659.71,650460.875,435455485.36759996,1739577599999,717.7380857655572,544.7410605147227,674.6608,670.5622,640.709,613.61875,False,False
1739577600000,659.72,671.43,653.46,662.21,255950.897,169188074.9499,1739663999999,715.8604785908942,544.988366056522,674.068,671.2017,641.3937333333333,613.9888,False,False
1739664000000,662.21,686.04,653.11,673.1,362205.963,242885041.4541,1739750399999,716.4209122613983,544.9886960791969,673.0873999999999,671.9544999999999,642.1010666666666,614.4718,False,False
1739750400000,673.1,682.29,657.99,667.51,323350.27599999995,217073600.4077,1739836799999,716.3618625529718,545.0176008212898,672.5434,672.383,642.7578,614.9338499999999,False,True
1739836800000,667.52,668.3,629.65,648.18,366356.988,237605531.2728,1739923199999,715.363987666079,545.0020207544186,671.3997999999999,672.5915,643.155,615.46025,False,False
1739923200000,648.19,664.44,636.99,653.38,352798.243,230093608.3191,1740009599999,713.766385105535,545.4315944449295,670.4214,672.529,643.5862000000001,616.0791499999999,False,False
1740009600000,653.38,659.03,645.88,656.36,215894.368,140683645.9881,1740095999999,711.0291151103485,546.3549397609651,669.3917999999999,672.8393000000001,643.9319333333334,616.87645,False,False
1740096000000,656.36,668.5,635.0,647.47,317327.155,207737127.3501,1740182399999,709.798118828091,546.4768063480276,668.2162,673.1072,644.2090666666667,617.7927999999999,False,False
1740182400000,647.47,679.9,645.21,668.57,297923.184,197901565.8074,1740268799999,711.2555411291546,547.8023552742836,667.29,673.5699,644.7502,618.71165,False,False
1740268800000,668.57,671.1,648.49,658.42,166658.013,110014935.5931,1740355199999,712.9741309309953,567.1201713310195,666.1902,673.9603999999999,645.1643333333333,619.62875,False,True
1740355200000,658.41,659.56,610.6,614.2,360147.15300000005,228275603.7098,1740441599999,713.6565207091323,574.0740925721155,664.2883999999999,673.8755,645.2136666666667,620.11425,False,True
1740441600000,614.19,628.7,586.0,623.49,647434.612,393335861.5671,1740527999999,710.5746713469298,578.2538485446377,662.1698,673.9214,645.3629333333333,620.6882,False,False
1740528000000,623.49,632.14,594.07,611.57,428035.431,263292239.551,1740614399999,707.8314629687759,582.270462591759,660.441,673.8478,645.4694000000001,621.13055,False,True
1740614400000,611.57,619.77,595.84,605.41,295518.11600000004,180214548.1066,1740700799999,704.9095120135783,586.4554274809285,658.6286,673.7469,645.7228000000001,621.6406,False,False
1740700800000,605.41,606.33,559.71,588.07,600999.319,348100030.6112,1740787199999,706.5744783728019,583.4880497767728,656.6804000000001,673.5736999999999,645.9946,621.98995,False,False
1740787200000,588.07,609.48,586.4,607.93,292254.356,174627265.3559,1740873599999,707.661704235046,581.3968628544347,654.9748,673.4344,646.4308000000001,622.4086,False,False
1740873600000,607.94,635.01,601.5,623.94,469069.23,290922261.43132,1740959999999,707.3459693277921,582.0141311162304,653.5196000000001,673.3437999999999,646.9584,622.9113,False,False
1740960000000,623.94,624.36,567.5,576.1,497949.879,296931073.3336,1741046399999,707.5210476395504,575.7727157903432,651.1748,672.6006,647.0970666666667,623.1958,False,True
1741046400000,576.09,588.75,546.83,584.01,488869.851,277254366.0571,1741132799999,704.1873244559438,565.697789568386,649.0822000000001,671.8442,647.2371333333333,623.51735,False,False
1741132800000,584.01,606.06,580.57,598.24,206205.988,122536170.87550001,1741219199999,692.387576795825,562.3378951627919,647.0692,671.4646,647.4234,623.80055,False,False
1741219200000,598.25,612.9,589.2,596.5,223701.38999999998,134753375.2276,1741305599999,688.1791583818862,560.2727871614794,644.7074,671.2945,647.6380666666668,624.12705,False,False
1741305600000,596.49,610.2,577.23,594.77,289363.93299999996,172750428.9243,1741391999999,685.3276102953578,557.4906036897598,642.4408,670.8008,647.7312000000001,624.3089,False,False
1741392000000,594.77,602.77,590.11,593.1,117220.631,69991200.96487,1741478399999,679.9217301244486,556.6371904729768,639.8675999999999,670.1934999999999,647.8805333333333,624.4274,False,False
1741478400000,593.1,593.1,550.2,554.65,246382.904,140015234.5614,1741564799999,674.6590541932873,551.9021168207094,636.7702,669.1933,647.8188666666666,624.35015,False,False
1741564800000,554.65,573.4,523.01,531.49,410154.62,225187261.7193,1741651199999,672.0626943060047,541.7447804005858,633.7362,667.9739,647.5381333333333,624.0930999999999,False,True
1741651200000,531.49,566.0,507.0,551.61,691870.5210000001,377448189.6885,1741737599999,669.4532661059168,530.3184266196752,631.1182,666.9300999999999,647.3715333333333,623.89265,False,False
1741737600000,551.61,574.95,544.63,569.87,367224.211,205368085.2852,1741823999999,665.899671882689,527.462254278666,628.6714,666.1506000000002,647.3560000000001,623.8394999999999,False,False
1741824000000,569.87,613.71,567.99,579.8,647497.028,379822302.2204,1741910399999,659.9094427042971,527.1303151284795,626.3570000000001,664.6021999999998,647.294,623.869,False,False
1741910400000,579.8,589.81,576.61,587.76,213012.082,124194131.58569999,1741996799999,650.153262174882,529.0823608579785,624.3174,663.0844999999999,647.2490666666666,624.0668000000001,False,False
1741996800000,587.76,619.96,587.49,619.83,254324.009,153638521.2665,1742083199999,641.9233251808273,533.1897863348469,623.105,662.1118000000001,647.3752666666667,624.49945,False,False
1742083200000,619.82,622.8,593.06,602.2,255774.316,154620391.1503,1742169599999,635.6329795865449,533.8717239921702,621.421,660.8316,647.4372666666667,624.8254499999999,False,False
1742169600000,602.21,643.72,602.04,631.69,591668.184,372213621.7548,1742255999999,638.038428218555,533.6088005307206,620.7074,659.6513,647.6538666666667,625.3018999999999,False,False
1742256000000,631.68,643.33,620.28,627.81,443437.833,280327124.87380004,1742342399999,639.809117673882,532.3604017397735,619.6688,658.5094,647.8546,625.76495,False,False
1742342400000,627.81,628.2,604.36,618.7,399993.645,246061914.5873,1742428799999,640.7001566944011,532.1708667369674,618.817,657.8045,647.9399333333333,626.1939500000001,False,True
1742428800000,618.71,637.75,616.55,630.47,578472.125,363283126.5796,1742515199999,643.6585876703047,533.0723853963699,618.067,657.3412000000001,648.1510666666667,626.7843,False,False
1742515200000,630.47,637.8,624.92,635.17,262205.569,165876355.8965,1742601599999,646.2877802518609,532.2899147231899,617.2198000000001,656.5808000000001,648.4268666666667,627.32865,False,False
1742601600000,635.16,636.1,623.79,627.01,140206.08299999998,88175594.70199,1742687999999,646.4271671562,531.6211720182333,616.2106,655.7932000000001,648.7076000000001,627.8702,False,True
1742688000000,627.01,629.14,619.5,623.79,155602.578,96944430.59188,1742774399999,646.9002195376662,532.7188857110123,615.6276,654.7739,648.9028666666667,628.45115,False,False
1742774400000,623.8,639.5,618.0,637.08,307575.991,193512028.3625,1742860799999,649.6523137418495,536.5419247515035,616.0132,653.9868,649.3147333333334,629.12455,False,False
1742860800000,637.08,644.88,627.05,629.82,554571.557,353137599.6551,1742947199999,652.8520055527421,537.1124590701304,616.2654,653.0963,649.6242,629.8376499999999,False,True
1742947200000,629.82,634.01,615.3,617.99,222093.835,139017120.226,1743033599999,654.3511989019312,537.6496564550251,617.1714,652.0704000000001,649.8161333333334,630.4600999999999,False,False
1743033600000,618.0,642.5,617.2,637.36,743401.847,471692258.54340005,1743119999999,656.7840513602239,539.0647170916172,618.5276,651.2671,650.0578666666668,631.1314,False,False
1743120000000,637.36,637.51,616.0,619.81,317817.16,199721001.67970002,1743206399999,658.5825287523558,539.7537665091476,619.4893999999999,650.6014,650.1479333333333,631.63695,False,True
1743206400000,619.81,623.84,596.97,602.99,254422.261,154421898.0779,1743292799999,658.9504794714937,544.1510405658435,619.995,649.9751,650.1972000000001,632.0668999999999,False,True
1743292800000,603.0,613.37,593.58,602.2,195649.405,118304368.0331,1743379199999,657.1634263044707,554.0928691127862,619.7912,649.2111,650.3678666666667,632.4274,False,False
1743379200000,602.2,608.89,587.26,604.81,254764.269,152922764.81955,1743465599999,653.309049749879,570.7493062632344,619.5712,648.6243,650.5792666666666,632.72895,False,False
1743465600000,604.81,618.54,604.46,611.13,565603.069,346421089.8221,1743551999999,649.3031282619837,580.7584873464059,619.4208,648.2379,650.8628,633.0025999999999,False,False
1743552000000,611.12,614.0,584.85,590.68,399507.957,240612013.9548,1743638399999,649.2952508833473,583.9746446225587,618.3922,647.2031000000001,651.0826666666667,633.1895000000001,False,False
1743638400000,590.67,610.58,578.46,592.67,507928.514,303406596.7706,1743724799999,646.8666320845988,584.3369118886491,616.307,646.1608,651.3504666666666,633.38585,False,False
1743724800000,592.68,600.0,585.0,597.71,177145.405,105181815.22496,1743811199999,648.1338209635065,583.9585776558215,614.9668,645.1107,651.5804666666667,633.7058999999999,False,False
1743811200000,597.71,599.0,588.71,593.13,85938.079,51106827.2429,1743897599999,649.1007619990778,583.40737954672,613.6352,644.1479999999999,651.5865333333334,633.94055,False,False
1743897600000,593.13,593.78,544.17,555.54,332256.265,189035699.70551,1743983999999,648.358339186896,572.78514052631,611.5018,642.7849,651.3017333333333,633.92075,False,True
1743984000000,555.55,567.6,520.0,554.6,727293.86,397028708.9491,1744070399999,650.1266118484335,558.0014834550652,609.1318,641.1096,651.0136000000001,633.85875,False,False
1744070400000,554.6,566.0,547.64,553.72,212191.86000000002,118512835.4513,1744156799999,651.9120226707909,551.9840262904951,606.856,639.6997,650.5406666666667,633.78235,False,False
1744156800000,553.72,585.97,534.3,582.32,378370.12700000004,213004910.7463,1744243199999,650.0958694813166,544.1988338337079,605.5387999999999,638.4693,650.2406,633.75095,False,False
1744243200000,582.32,583.58,566.17,578.03,369219.86299999995,212832786.45700002,1744329599999,647.9227114624051,542.0607652273824,604.0318,637.2266,649.6966,633.6976,False,False
1744329600000,578.03,590.36,575.7,585.93,174700.72,101866043.54316,1744415999999,645.3541268755548,541.1419268452266,602.6232,636.0075,649.4339333333334,633.60475,False,False
1744416000000,585.93,600.48,584.0,597.29,151268.70799999998,89655284.51596,1744502399999,643.4254115380334,540.8714460450658,601.6196,634.9179,649.278,633.5617000000001,False,False
1744502400000,597.3,598.67,580.32,584.28,144896.285,85200185.56799,1744588799999,639.8427050868588,540.5664669542258,599.9338,633.6119,649.0245333333332,633.5461,False,False
1744588800000,584.29,593.1,583.14,584.54,153827.79499999998,90513576.06254,1744675199999,634.7708372208763,541.2904644955601,598.4562,632.3232,648.7923333333333,633.4873,False,False
1744675200000,584.53,590.84,579.38,579.52,141640.579,83039414.12501,1744761599999,631.0839296127551,541.4214459697852,597.7625999999999,631.0255000000001,648.5045333333333,633.3509,False,False
1744761600000,579.52,587.0,576.0,582.8,174537.948,101484755.5064,1744847999999,625.0883468488497,541.8630666773176,596.9488,629.5593,648.2638666666667,633.2594,False,False
1744848000000,582.8,592.97,581.0,590.49,151848.259,89134723.84249,1744934399999,619.2928195444421,542.8599340532083,596.5272,628.4841,648.0742666666666,633.23385,False,False
1744934400000,590.5,596.08,587.08,591.71,191575.748,113223034.09638,1745020799999,615.8981353166552,542.9935781122745,596.2532,627.4409,647.9156666666667,633.3554,False,False
1745020800000,591.7,594.49,587.7,591.73,96609.003,57098589.67932,1745107199999,614.0075706475953,543.0577798088275,596.3264,626.5033999999999,647.8246,633.57755,False,False
1745107200000,591.74,595.23,587.5,592.77,115343.598,68276647.2829,1745193599999,612.6964975293067,543.0578186628521,596.0232,625.499,647.6306666666666,633.8289,False,False
1745193600000,592.77,608.52,592.53,597.34,171926.422,103304762.56305,1745279999999,610.9627377387302,543.5742835358592,595.4911999999999,624.5054,647.3929333333333,634.0916,False,False
1745280000000,597.32,619.9,595.0,618.51,285468.164,173308242.979,1745366399999,612.1211109898614,543.4525618644714,596.3394000000001,623.7571,647.1802,634.40765,False,False
1745366400000,618.5,619.99,601.38,605.71,314125.448,191839028.6892,1745452799999,613.7802434557487,543.2916532164649,596.7733999999999,622.9277999999999,646.8206000000001,634.6212,False,False
1745452800000,605.72,606.78,592.59,601.55,204214.28,122518204.229,1745539199999,614.4679970239193,543.3006092640533,596.8396,621.9544000000001,646.5896,634.77745,False,False
1745539200000,601.56,610.35,597.2,599.91,257426.554,155796837.8856,1745625599999,615.6577507928605,543.204808001186,596.9078,620.8076,646.4989333333333,634.9555,False,False
1745625600000,599.9,609.25,599.34,607.23,137533.142,83138818.02765,1745711999999,616.93631660732,546.9867947185699,597.1569999999999,619.7989,646.2528666666666,635.0876499999999,False,False
1745712000000,607.23,608.68,597.0,603.46,121784.476,73282794.69706,1745798399999,616.9767684485914,557.578617730572,597.3642000000001,618.6159,645.9170666666666,635.25145,False,False
1745798400000,603.46,608.27,598.2,606.16,143778.008,86833971.50822,1745884799999,615.8658774634913,562.6834510662869,598.3944,617.5822999999999,645.5936666666666,635.46275,False,False
1745884800000,606.16,610.75,598.1,601.0,236809.997,143146651.137,1745971199999,616.6975016745245,573.8760447664936,599.7846,616.7604,645.2441333333334,635.59975,False,False
1745971200000,601.0,604.44,591.42,599.88,210580.664,126352033.11536,1746057599999,616.5089395286487,577.2770522403272,600.75,615.9341000000001,644.8700666666666,635.71615,False,True
1746057600000,599.88,605.28,598.14,599.63,156229.229,94008927.3664,1746143999999,616.6683516769687,579.0214622667139,601.3452,615.0083,644.5488,635.8533,False,False
1746144000000,599.64,603.61,595.12,600.69,141344.865,84772654.3025,1746230399999,616.7967156626742,579.6961219233303,601.7629999999999,614.06,643.6558,635.91125,False,False
1746230400000,600.69,601.2,595.23,599.36,100770.29400000001,60296742.70504,1746316799999,616.8531025200808,580.9788770355397,601.995,613.1562,642.7213333333333,635.93555,False,False
1746316800000,599.36,600.49,584.7,586.03,143960.83500000002,85298964.6644,1746403199999,616.8023533664281,581.1854333483634,601.319,612.212,641.8475333333333,635.8611999999999,False,False
1746403200000,586.02,599.98,583.55,597.61,201100.589,119371782.25081,1746489599999,616.5720224130811,581.8658171489865,601.2271999999999,611.3241,640.9634666666667,635.8847499999999,False,False
1746489600000,597.61,603.18,593.23,602.57,214613.107,128368850.1937,1746575999999,615.9027364115296,584.3503055828604,600.6448,610.6761,639.9824666666666,635.9016,False,False
1746576000000,602.57,609.07,597.89,602.7,194088.59100000001,117132375.09380001,1746662399999,615.9606546606968,586.0918952575805,600.1425999999999,609.9057,639.0538,635.9266,False,False
1746662400000,602.7,629.33,600.8,629.17,384267.525,236647691.95029998,1746748799999,619.659079910366,586.7877105815858,600.3520000000001,609.5844999999999,638.6536666666667,636.04295,False,False
1746748800000,629.17,671.15,623.12,666.29,480734.869,306980185.0593,1746835199999,634.8104892341249,584.3487743363804,601.0684,609.5677,638.5835999999999,636.3804,False,False
1746835200000,666.29,678.95,648.83,663.9,444595.43,294150052.7712,1746921599999,647.0960622272916,578.6396552641784,601.6429999999999,609.4313999999999,638.2682000000001,636.7309,False,False
1746921600000,663.9,668.49,647.83,651.15,319998.95900000003,210577921.7723,1747007999999,654.3969189585652,576.1329709610931,602.1258,609.1682,637.9040666666667,637.06215,False,False
1747008000000,651.15,693.0,647.31,660.07,586386.9450000001,392542282.9134,1747094399999,665.5459709904377,574.9431279853138,602.8514,609.2395,637.4663999999999,637.39,False,False
1747094400000,660.08,672.0,640.66,664.13,416309.75,272901658.7602,1747180799999,671.0889899726753,574.6790646518533,603.3924000000001,609.7028,637.1220000000001,637.83415,False,False
1747180800000,664.12,667.33,647.15,652.47,290029.994,190546608.7279,1747267199999,675.6806612907887,575.1730457357652,603.8454,610.0554,636.6793333333333,638.1795000000001,False,False
1747267200000,652.47,661.0,642.29,651.88,313560.81299999997,204057655.69989997,1747353599999,678.9993483198494,576.0588666852013,604.5232,610.8472999999999,636.2213333333333,638.4929,False,False
1747353600000,651.88,659.97,644.0,646.76,200793.60700000002,131210358.6697,1747439999999,681.8934761249365,577.0300764141359,604.7112,611.6193999999999,635.7484666666667,638.7212000000001,False,False
1747440000000,646.76,646.9,635.05,639.51,141777.711,90893253.25127,1747526399999,683.2783454165208,578.7759960622712,605.1052000000001,612.2973000000001,635.4359999999999,638.88725,False,False
1747526400000,639.5,655.19,634.39,651.53,189475.296,122348372.20882,1747612799999,685.169740516669,580.612101335552,606.076,613.0355000000001,635.3420666666667,639.1669,False,False
1747612800000,651.54,653.53,633.51,649.62,210901.52,135603856.3564,1747699199999,686.7051640288905,582.6562807048117,607.0243999999999,613.4078,635.1488666666667,639.5319999999999,False,False
1747699200000,649.62,653.75,640.14,650.0,169584.291,109772099.60260001,1747785599999,687.8270542279075,585.7961260252971,607.9282,613.7497,635.0589333333334,639.9164999999999,False,False
1747785600000,650.0,678.0,648.49,673.31,470531.895,311660393.9512,1747871999999,691.1343392563812,588.2490234517551,609.1718,614.2963,635.2158666666667,640.44005,False,False
1747872000000,673.31,690.02,673.0,686.57,390007.996,266404901.1531,1747958399999,695.3164870177857,590.2536984374002,611.0896,614.7409,635.1652666666668,641.0844000000001,False,False
1747958400000,686.57,691.35,652.19,656.98,343668.707,231427488.3674,1748044799999,698.5623628327432,594.0931510462909,612.3757999999999,614.3414,634.8991333333335,641.6068,False,False
1748044800000,656.99,677.47,655.4,668.01,165142.039,110606139.4704,1748131199999,698.9472681461274,600.4649436531959,613.7818,614.3743,634.6677333333333,642.1308,False,False
1748131200000,668.0,671.67,657.1,669.44,169208.322,112315213.6358,1748217599999,697.5083923746378,608.279982962737,615.308,614.4716,634.5346666666667,642.5169000000001,False,False
1748217600000,669.45,678.33,668.22,674.29,180148.252,121339916.24476,1748303999999,695.4591512448544,614.7764783665453,617.683,614.5924,634.4176,642.89705,False,False
1748304000000,674.3,697.73,666.56,686.91,326163.491,223248228.1817,1748390399999,694.7772997203701,621.6703844500616,620.3292,614.7305,634.1828,643.3425,False,False
1748390400000,686.9,689.22,680.04,686.89,211875.743,145022738.5467,1748476799999,694.3054231123108,628.381164308933,622.9926,614.9243,634.1306666666666,643.6536500000001,False,False
1748476800000,686.89,691.24,673.33,675.02,260985.136,178247626.8152,1748563199999,696.1270784475082,631.5217443680469,624.8466000000001,615.1927,633.9284,643.8921,False,False
1748563200000,675.02,678.5,653.22,655.36,218723.509,146064088.44,1748649599999,696.0933072285883,631.7622085197552,626.3932,615.2125,633.6154666666667,643.8707499999999,False,False
1748649600000,655.36,661.42,645.04,658.01,158379.38999999998,103495185.93197,1748735999999,696.0437687021615,631.5377270478896,627.8348,615.229,633.2832666666666,644.03415,False,False
1748736000000,658.01,662.48,647.58,660.77,131807.448,86198532.12636,1748822399999,693.728004166042,631.5578307244841,629.1044,615.362,632.9800666666666,644.2346000000001,False,False
1748822400000,660.77,667.0,650.05,665.93,143785.605,94585715.4531,1748908799999,693.5352772724764,632.3813814598728,630.7374,615.3356,632.6537333333333,644.45275,False,False
1748908800000,665.93,673.43,657.11,661.59,158377.459,105542302.9305,1748995199999,693.7971296084638,632.9050295919135,632.2784,615.3673,632.3082666666667,644.6638499999999,False,False
1748995200000,661.6,671.76,660.84,663.23,124473.802,83119492.0917,1749081599999,694.0120224331566,634.014953900446,633.9526000000001,615.8576,632.0011999999999,644.8665500000001,False,False
1749081600000,663.24,670.92,625.44,633.32,271543.149,176686621.86036,1749167999999,694.1397420220063,631.2116045971012,634.963,615.9558999999999,631.3605333333334,644.9386499999999,False,True
1749168000000,633.33,651.51,629.38,642.7,169535.957,108901056.43206,1749254399999,693.7755190089129,630.3322210695844,636.0072,616.2672,630.9918,645.0575,False,False
1749254400000,642.71,653.81,639.69,650.82,90666.37000000001,58781736.18286,1749340799999,693.847249931977,631.021067309007,637.1894,616.7213,630.6904,645.2341,False,False
1749340800000,650.82,656.39,646.49,652.0,72300.314,47052170.18365,1749427199999,693.7041824756022,632.56902671651,638.3947999999999,617.3606000000001,630.4672,645.4671500000001,False,False
1749427200000,652.0,667.74,648.01,665.58,127272.158,83644611.37624,1749513599999,693.3827333650804,633.3727613811097,639.8510000000001,617.9371,630.283,645.6857500000001,False,False
1749513600000,665.58,674.0,657.26,673.51,176645.056,117408553.72929999,1749599999999,693.1339067838961,633.8692925483509,641.3744,618.4328,630.1284,645.8883000000001,False,False
1749600000000,673.51,674.8,662.2,667.43,177934.08500000002,119080780.4227,1749686399999,691.5595584520748,634.1531513832363,642.3528,619.3461,629.9556666666667,645.97335,False,False
1749686400000,667.42,669.93,651.91,654.75,152793.975,101339742.7784,1749772799999,689.3977419571614,634.1364192334094,643.3336,620.0535,629.7297333333333,645.94885,False,False
1749772800000,654.76,659.42,639.01,655.35,223303.91700000002,145072177.30442,1749859199999,688.8494440100808,632.7487945735339,644.4096,620.6246,629.4394666666667,646.0446,False,False
1749859200000,655.35,655.36,639.0,645.61,93690.143,60587334.88056,1749945599999,688.7561669253329,631.4023690252237,645.3236,621.1157,628.9796,646.2051,False,True
1749945600000,645.61,652.0,642.77,648.19,79324.64600000001,51386018.57676,1750031999999,688.1350554172651,630.7090924534234,646.1428000000001,621.6499,628.5802,646.22535,False,False
1750032000000,648.19,659.46,646.26,650.74,124203.787,81319264.3932,1750118399999,683.6713326524513,630.4102252313,647.0884,622.2262999999999,628.1067333333333,646.2099000000001,False,False
1750118400000,650.74,659.0,640.11,648.08,182982.263,119391370.60419,1750204799999,680.4729463207049,631.2603363843114,647.9268,623.1605999999999,627.6971333333333,646.17695,False,False
1750204800000,648.09,654.31,637.35,644.77,143725.674,92747657.02989,1750291199999,676.1473503554274,631.7034190148065,648.8022,624.2934,627.441,646.13365,False,True
1750291200000,644.77,646.5,638.66,644.65,80404.985,51715724.58792,1750377599999,674.6512959889657,631.0178346204109,649.6976,625.2238,627.1886,646.0769500000001,False,False
1750377600000,644.65,651.02,638.0,641.61,143279.622,92391446.73427999,1750463999999,674.6397957495831,630.4711537547289,650.5372,625.9412,626.8512666666667,646.0459,False,False
1750464000000,641.61,644.84,621.94,628.97,143508.116,91039970.44,1750550399999,674.8404648195256,627.4039753710737,651.1028000000001,626.4329,626.4076,645.51755,False,False
1750550400000,628.98,635.51,601.25,615.81,243515.033,150461464.4023,1750636799999,675.2763769276194,620.041830445872,651.4318,626.7134,625.9147333333334,644.89895,False,True
1750636800000,615.81,642.79,615.05,640.49,219674.329,137434002.1686,1750723199999,673.7889177243869,617.059261897381,652.521,626.92,625.6483333333333,644.5159,False,False
1750723200000,640.5,644.09,636.17,643.53,131607.231,84247712.66694,1750809599999,672.2002607588852,617.1396674736294,653.4394,627.3333,625.3625333333333,644.08245,False,False
1750809600000,643.53,652.64,641.85,646.07,169433.154,109446216.98337,1750895999999,670.4880612196072,618.3720317346866,654.3094,627.4771,625.2205333333334,643.5642,False,False
1750896000000,646.06,650.0,641.12,642.3,103057.286,66552033.67643,1750982399999,670.4622563841779,619.199316338848,655.1014,627.622,624.9709333333333,643.0657,False,True
1750982400000,642.3,648.44,639.16,645.71,81302.955,52434499.65198,1751068799999,670.3479945743014,619.1735115299314,655.4322,627.8921,624.8670666666668,642.8483,False,False
1751068800000,645.72,649.18,644.25,648.6,57714.965,37311567.0011,1751155199999,670.0894549389668,619.1403658117642,655.0784,628.0734,624.7379333333333,642.7073,False,False
1751155200000,648.61,656.0,646.72,654.9,73235.796,47617946.5169,1751241599999,668.8413594026216,619.1366325606577,654.8984,628.2707,624.5870666666667,642.42575,False,False
1751241600000,654.9,660.0,651.17,656.9,110702.196,72511068.06308,1751327999999,666.6494400702946,619.3693187692794,655.0133999999999,628.5696,624.4499333333333,642.1814,False,False
1751328000000,656.9,659.1,644.0,646.33,85803.055,55853408.99266,1751414399999,663.8560586046655,620.1031247724842,654.7386,628.795,624.4058666666667,641.78445,False,True
1751414400000,646.34,664.85,643.71,659.71,112807.955,74257373.93231,1751500799999,662.8197542533861,620.2349392319123,654.6501999999999,629.0213,624.6852666666667,641.50405,False,False
1751500800000,659.7,664.57,656.7,663.59,99001.436,65465622.82549,1751587199999,663.5919802523853,619.9915267302656,654.8726,629.359,624.9944666666667,641.22765,False,False
1751587200000,663.58,664.17,650.21,653.6,89027.412,58469301.05022,1751673599999,664.6455986254758,620.1382294847356,654.9069999999999,629.7151,625.5338666666667,640.89275,False,True
1751673600000,653.6,656.75,652.0,656.16,51648.289000000004,33813242.68712,1751759999999,664.9436980249806,620.1422935321826,655.095,629.9031,626.1112666666667,640.5851,False,False
1751760000000,656.17,664.99,653.54,663.13,82399.119,54387999.311179996,1751846399999,665.6824106646549,620.0649507353916,655.5674,630.3363,626.7206666666667,640.46885,False,False
1751846400000,663.13,663.5,656.77,661.06,83232.984,55019317.8196,1751932799999,666.2217231919565,620.1121173539125,655.758,630.9169999999999,627.2763333333334,640.44605,False,False
1751932800000,661.06,662.6,657.36,660.63,86374.042,57014603.70359,1752019199999,666.9722210042275,620.419980677131,655.9782,631.5013,627.5979333333333,640.3562000000001,False,False
1752019200000,660.63,671.5,659.05,668.68,123551.595,82087015.33241999,1752105599999,669.1278323932963,620.7047442378263,656.3518,632.14,627.9504,640.38215,False,False
1752105600000,668.69,687.7,667.25,685.8,214967.53600000002,145245124.55040002,1752191999999,674.4442092722342,620.7925526480337,656.6016000000001,632.8867,628.3980666666668,640.5622999999999,True,False
1752192000000,685.8,697.24,682.83,689.99,268353.904,185244954.9065,1752278399999,680.9209582011841,621.8800424427272,656.67,633.8797999999999,628.7172666666668,640.5414499999999,False,False
1752278400000,689.98,697.0,679.63,685.86,134785.185,92906122.9262,1752364799999,685.553495576378,628.9946602992268,657.2476000000001,634.8117,628.6434666666667,640.48625,False,False
1752364800000,685.86,694.12,685.12,692.0,84925.723,58641223.00479,1752451199999,689.1927478531438,633.4511027091431,657.7274000000001,635.7546,628.8253333333333,640.43265,False,False
1752451200000,692.01,707.54,686.05,689.12,253634.996,177173266.8274,1752537599999,694.8771143712,634.5391463466037,658.1210000000001,636.7145,629.0214000000001,640.43125,False,False
1752537600000,689.13,693.21,675.3,689.92,188962.491,129048003.5149,1752623999999,697.4753253601561,636.0751815287903,658.4336,638.0583,629.2061333333334,640.4216,False,False
1752624000000,689.93,715.56,685.2,708.61,238334.938,167032328.5394,1752710399999,703.5016485612673,637.5295903897052,658.8675999999999,639.5984000000001,629.4428666666668,640.3539999999999,True,False
1752710400000,708.61,727.85,706.14,720.65,409572.675,294063734.3148,1752796799999,710.9657373561488,637.7891709633378,659.5427999999999,641.2677,629.7971333333332,640.4837,False,False
1752796800000,720.64,765.56,718.73,729.92,556430.085,412241488.2913,1752883199999,726.0163172476923,636.9826803211624,660.6408,642.7437,630.3420666666666,640.6065,False,False
1752883200000,729.92,742.5,718.76,733.2,188095.81,137599574.2182,1752969599999,733.3168677297386,637.3286103999128,662.1976,644.2954,630.8742000000001,640.761,False,False
1752969600000,733.2,761.29,731.5,756.82,253255.203,189589685.2592,1753055999999,743.1822481531264,636.9090432511854,664.1738,646.0043000000001,631.5439333333333,641.0059,True,False
1753056000000,756.82,781.99,746.06,766.22,338419.952,259224085.9226,1753142399999,755.6576543127343,637.2510523084254,666.2828,647.6936000000001,632.3356,641.30575,False,False
1753142400000,766.22,788.35,745.0,786.68,359074.056,274410540.6691,1753228799999,767.5252088948271,639.4581279600043,668.6978,649.7176000000001,633.123,641.66475,False,False
1753228800000,786.69,809.84,752.47,776.74,709087.1566,558758062.2092,1753315199999,781.8040431997321,640.5403672590563,671.0008,651.6396,633.9118,641.9814,False,False
1753315200000,776.74,786.16,742.62,770.74,363436.73699999996,279037336.7684,1753401599999,789.7549422011573,644.4049755077615,673.1510000000001,653.5518,634.9553999999999,642.28865,False,False
1753401600000,770.74,786.0,752.22,785.45,284068.121,218078862.9937,1753487999999,796.0905969159018,648.4165057801919,676.1936000000001,655.5783,636.0351333333333,642.5688,False,False
1753488000000,785.44,798.0,778.28,793.29,128764.391,101212044.16620001,1753574399999,803.3601913379675,651.3089646801474,679.2053999999999,657.6062999999999,637.2466,643.0452,False,False
1753574400000,793.3,847.12,791.04,844.0,397296.25549999997,324733711.4768,1753660799999,817.7936587543113,654.2442712921838,683.069,660.1292,638.8371999999999,643.78505,True,False
1753660800000,844.0,861.1,820.64,824.07,517734.6912,436930876.4489,1753747199999,832.1950676545753,655.92640932249,686.5103999999999,662.4526000000001,640.4105333333333,644.4780000000001,False,False
1753747200000,824.07,835.06,800.12,805.1,427366.132,349478646.0366,1753833599999,839.966377063058,661.8077807536718,689.3008,664.5758999999999,641.725,645.03745,False,False
1753833600000,805.11,811.64,766.21,793.51,369598.73600000003,292598414.7857,1753919999999,843.9613097681312,669.1432337716774,691.7008000000001,666.5376,642.8554666666668,645.5215,False,False
1753920000000,793.51,814.8,781.38,783.14,335026.14499999996,268061917.8024,1754006399999,847.7460472865632,674.6890084068008,694.015,668.1839000000001,644.2357333333333,645.9705,False,False
1754006400000,783.13,795.4,744.69,757.08,393831.558,303104688.79,1754092799999,848.578864948434,681.2095779523529,696.0616,669.6976,645.3895333333334,646.3127,False,False
1754092800000,757.08,770.11,732.36,736.42,209282.992,157038728.0959,1754179199999,846.7359648295586,686.636728563488,697.683,671.0463000000001,646.3107333333334,646.50035,False,False
1754179200000,736.43,755.53,730.01,751.21,142700.965,106592055.5236,1754265599999,844.9958177148154,692.1169002366456,699.795,672.5592999999999,647.3421333333334,646.68345,False,False
1754265600000,751.21,770.0,750.47,768.63,171505.406,130422799.0902,1754351999999,841.0935565750142,701.6767033699638,702.2037999999999,674.1733,648.5011999999999,646.9861,False,False
1754352000000,768.62,769.79,745.11,755.13,179458.96000000002,135631922.0948,1754438399999,838.5687007202753,710.0293121275595,704.2916,675.69,649.5814,647.15295,False,False
1754438400000,755.13,774.84,746.26,769.55,163684.71,124894215.6808,1754524799999,836.6082202170456,715.0506537334911,706.7209999999999,677.3239,651.0140666666666,647.4531,False,False
1754524800000,769.55,788.68,764.17,788.67,188106.802,145543031.2135,1754611199999,836.9125107999117,719.2226863753388,709.599,679.2006,652.7286,647.9805,False,False
1754611200000,788.67,798.5,780.74,793.5,195309.718,154082425.6966,1754697599999,836.280274743374,723.9777188675567,712.576,681.1367999999999,654.3412000000001,648.53545,False,False
1754697600000,793.5,819.44,792.81,798.83,202384.753,163260549.4688,1754783999999,838.1719154517788,726.9373519225011,715.7203999999999,683.1288,655.8676,649.06855,False,False
1754784000000,798.83,815.5,793.68,807.22,162735.303,130869121.4425,1754870399999,839.8276220757255,728.5065289434665,719.2854,685.1941,657.3837333333335,649.62705,False,False
1754870400000,807.22,827.59,792.0,805.09,316220.572,255934175.20569998,1754956799999,842.5753925599221,730.5986777955676,723.071,687.2514,658.8326,650.2038,False,False
1754956800000,805.09,839.9,797.73,832.47,268762.259,219773129.7576,1755043199999,845.8908509602176,732.0367202064601,726.9106000000002,689.7158000000001,660.2502,650.9639,False,False
1755043200000,832.48,858.89,828.23,848.01,395861.313,334799833.7994,1755129599999,852.7540212380545,733.1241221744435,731.0002,692.2198000000001,661.8889333333333,651.77195,False,False
1755129600000,848.02,869.4,820.6,840.42,592656.9793,502655557.9638,1755215999999,860.6062588573875,734.6677206360323,734.8872,694.5983,663.2804666666666,652.6372,False,False
1755216000000,840.42,853.53,812.57,827.81,252091.108,210411186.81870002,1755302399999,865.0338945288893,734.9109298090384,738.5974000000001,696.8494000000001,664.6138,653.3775499999999,False,False
1755302400000,827.8,839.79,825.06,838.71,114512.1,95367308.3598,1755388799999,864.1851432189881,734.2999596363755,742.4574,698.9448000000001,666.0805333333334,654.26465,False,False
1755388800000,838.71,864.0,838.04,855.38,164953.856,140814256.9409,1755475199999,864.6444330541794,733.2227803447413,746.5929999999998,700.8357,667.5799333333333,655.2017,False,False
1755475200000,855.38,858.51,825.0,846.99,233741.603,196010871.99920002,1755561599999,867.4744454728136,732.788008676435,750.4348000000001,702.6666,668.9920666666667,656.049,False,False
1755561600000,847.0,851.95,823.0,824.11,211802.02599999998,177598520.7722,1755647999999,870.8492706934502,734.4005442061426,753.7790000000001,704.3962000000001,670.3060666666665,656.7822,False,False
1755648000000,824.1,881.02,818.57,869.05,392159.8615,332759264.4562,1755734399999,878.0776110713699,735.2322687070222,758.2334,706.4860000000001,671.9411333333334,657.8627499999999,False,False
1755734400000,869.05,883.86,833.46,839.49,277889.676,237896920.4848,1755820799999,885.3986204230314,739.8979866819645,761.829,708.2395999999999,673.2905333333333,658.9712,False,False
1755820800000,839.49,900.71,839.23,900.21,430842.5317,375716244.2431,1755907199999,893.7374233849089,747.4289318734577,766.5614,710.717,675.0931333333333,660.3861999999999,True,False
1755907200000,900.2,900.21,875.55,880.42,209279.872,185676260.6217,1755993599999,899.174665619246,754.2839779510167,771.0978,713.0024000000001,676.8426666666667,661.92485,False,False
1755993600000,880.42,886.66,859.34,876.51,289492.317,252241190.91140002,1756079999999,902.1614235835555,760.4386390573605,775.5048000000002,715.2998999999999,678.437,663.4596500000001,False,False
1756080000000,876.51,880.75,832.76,839.32,320570.155,275451434.7633,1756166399999,902.8497674520956,769.7485925755777,779.0286,717.298,679.9004,664.79765,False,False
1756166400000,839.32,868.0,829.59,863.7,194882.08899999998,164870874.5443,1756252799999,901.088705316627,780.4193840414846,783.0814,719.4197,681.6384666666665,666.2275999999999,False,False
1756252800000,863.7,867.1,852.9,855.18,135243.457,116374619.66620001,1756339199999,899.2978319247511,788.3101293427554,786.9724000000001,721.4753,683.325,667.44155,False,False
1756339200000,855.18,881.36,850.85,873.47,232414.922,202249121.9307,1756425599999,898.5082833606091,794.01089689857,791.0682,723.71,685.1160666666667,668.72985,False,False
1756425600000,873.48,878.0,850.19,862.3,180524.219,155483294.41149998,1756511999999,898.5561480818637,798.273713924569,794.5981999999999,725.5998999999999,686.7905333333333,669.9481000000001,False,False
1756512000000,862.3,864.0,851.61,862.0,101039.981,86722431.33026999,1756598399999,896.2413337632586,803.0203637415618,798.0383999999999,727.3542,688.5993333333334,671.04755,False,False
1756598400000,862.0,867.7,857.0,857.65,94241.193,81214520.85859999,1756684799999,894.6769373693575,808.8187639668854,801.4742,729.3609000000001,690.3658666666666,671.8511500000001,False,False
1756684800000,857.66,869.15,840.0,845.68,254185.715,217105498.7589,1756771199999,893.9315049375115,814.330550254013,804.5477999999999,731.1375999999999,692.019,672.75595,False,False
1756771200000,845.68,856.68,840.71,851.8,164333.169,139702195.82984,1756857599999,893.9671691333309,815.1923861625932,807.8014,732.9612,693.7434666666666,673.7164,False,False
1756857600000,851.8,864.06,848.91,854.76,116453.022,99662265.2256,1756943999999,893.8117869327069,817.2581918373332,811.0981999999999,734.7659,695.7382666666667,674.6791499999999,False,False
1756944000000,854.76,856.72,841.1,843.63,108195.902,91679289.6472,1757030399999,893.7228742689163,820.7479038446462,813.7986,736.3331,697.6651333333333,675.5318000000001,False,False
1757030400000,843.62,857.73,842.22,850.14,120856.951,102670054.02434,1757116799999,892.50408135093,822.4000558681066,816.3883999999999,737.9656,699.6412666666666,676.44495,False,False
1757116800000,850.14,865.0,849.55,860.85,144234.054,123901879.62196,1757203199999,892.5134369661592,822.9108725271774,819.007,739.8239000000001,701.4981333333334,677.5083,False,False
1757203200000,860.86,884.05,860.55,880.05,136538.058,118996279.8471,1757289599999,893.6055096510231,824.9259228885344,821.9440000000001,742.0708,703.5116,678.64165,False,False
1757289600000,880.05,885.85,870.01,878.08,177574.781,156027069.0188,1757375999999,894.3058441435953,827.1506981235912,824.3692,744.2715,705.4592666666666,679.7502499999999,False,False
1757376000000,878.08,884.83,871.38,880.01,150610.03,132237315.6329,1757462399999,894.6703118228045,830.8720958329129,826.645,746.4639,707.3440666666667,680.91295,False,False
1757462400000,880.0,907.38,877.04,893.77,306830.178,274181538.83559996,1757548799999,898.3774122412882,831.9670625219064,828.7868000000001,748.7423,709.4073333333333,682.03895,False,False
1757548800000,893.77,904.53,888.38,902.77,179913.182,161378078.8081,1757635199999,899.0731088329287,831.7006487779995,831.3074,751.1541000000001,711.5288666666667,683.2607,True,False
1757635200000,902.77,929.9,901.41,924.8,240267.9372,219285340.4398,1757721599999,905.5907173063853,829.0720850608002,834.3886,753.7697999999999,713.8307333333333,684.8136999999999,False,False
1757721600000,924.81,943.86,922.11,933.68,251751.23239999998,234836986.2597,1757807999999,915.821811970696,824.4970745074006,837.3532,756.7733999999999,716.1699333333333,686.36465,False,False
1757808000000,933.68,944.95,921.91,926.51,159814.975,149043322.81,1757894399999,924.8292688678897,824.5213324628105,840.0175999999999,759.6115000000001,718.4100666666666,687.93935,False,False
1757894400000,926.51,935.72,910.64,919.68,175249.087,161428141.25424,1757980799999,931.1234599059503,827.4819084419807,841.5311999999999,762.3000999999999,720.5965333333334,689.5106999999999,False,False
1757980800000,919.68,959.0,916.66,955.65,284918.8385,267637447.74710003,1758067199999,940.9267875293936,827.9329390918856,844.1628,765.3366000000001,723.0226666666666,691.3486,True,False
1758067200000,955.65,995.44,946.1,989.98,362193.1958,348652678.6941,1758153599999,956.9619359066792,826.7162562021198,847.8604,768.5806,725.6707333333334,693.2588499999999,False,False
1758153600000,989.97,1006.88,979.48,981.04,402672.5617,400199947.43009996,1758239999999,972.8144888348579,823.3450864717432,851.6109999999999,771.6559,728.2287333333334,695.0443500000001,False,False
1758240000000,981.05,1002.99,973.9,984.1,333582.761,329790921.5035,1758326399999,985.4191925267689,823.2379812273059,855.6302000000001,774.8226000000001,730.6659999999999,697.08435,False,False
1758326400000,984.1,1048.0,982.9,1043.77,380966.0766,385737171.31270003,1758412799999,1005.1832933960555,823.5000822497215,861.3639999999999,778.7128000000001,733.5863999999999,699.38315,True,False
1758412800000,1043.77,1083.47,1039.2,1047.8,464411.2823,492520656.6759,1758499199999,1029.2567319288796,821.6565560029374,867.5916000000001,782.6373,736.5614,701.63095,False,False
1758499200000,1047.8,1050.55,976.89,992.9,588730.396,596953882.4462,1758585599999,1042.844138936117,828.2454680596634,872.4254000000001,786.1102000000001,739.1813333333333,703.61295,False,False
1758585600000,992.9,1027.37,962.38,1015.98,420071.07,421467277.8921,1758671999999,1051.2046285104807,835.1947887282547,877.3724000000001,789.7881,741.9063333333335,705.7189999999999,False,False
1758672000000,1015.98,1034.5,991.46,1018.49,363049.882,369092358.8908,1758758399999,1058.6104950611289,843.5828675920139,882.6396,793.4656,744.6732,707.84595,False,False
1758758400000,1018.49,1019.9,939.55,945.9,635121.2540000001,621318167.9742,1758844799999,1062.5059991860933,853.4612010361192,886.1666,796.4438,746.9381333333333,709.8022,False,False
1758844800000,945.9,966.23,932.01,960.8,384757.514,364408611.1163,1758931199999,1061.1643939771388,862.709048589157,889.6092,799.6041,749.3367999999999,711.94875,False,False
1758931200000,960.81,985.79,955.56,968.45,245246.41499999998,238037235.7029,1759017599999,1061.2517402200165,871.7636999233381,893.1081999999999,802.8421,751.7939333333334,714.0329500000001,False,False
1759017600000,968.46,993.65,962.68,993.01,188486.48,183624760.0774,1759103999999,1060.9409090975216,880.2789293814487,896.9918000000001,806.3561,754.4164666666667,716.1486499999999,False,False
1759104000000,993.01,1036.0,991.12,1029.79,291982.5,295253054.4682,1759190399999,1063.0618838884004,889.4443676523044,901.4432,810.3643000000001,757.2771333333333,718.3986,False,False
1759190400000,1029.79,1034.01,992.93,1008.51,258830.971,261981911.1056,1759276799999,1065.1927845737519,898.9923031898563,905.5115999999999,814.2912999999999,760.0048,720.50235,False,False
1759276800000,1008.51,1036.2,1003.35,1026.5,269007.811,274516783.8146,1759363199999,1065.5672173054445,907.4643381715753,909.3921999999999,818.1514,762.9412666666667,722.5357,False,False
1759363200000,1026.5,1099.22,1022.01,1090.22,380679.445,401900249.3065,1759449599999,1076.551288413595,913.8607796527265,914.2364,822.6183,766.2253333333333,724.9758,True,False
1759449600000,1090.22,1192.42,1083.84,1189.4,744996.7206,842965061.3616,1759535999999,1108.0420624033666,911.5665465418793,921.2159999999999,828.0516,770.1375333333334,727.7643499999999,False,False
1759536000000,1189.4,1190.47,1134.93,1150.75,337438.50899999996,390930674.9439,1759622399999,1132.1013977079265,905.7047353449176,927.6748,833.1361,773.7912,730.37905,False,False
1759622400000,1150.75,1189.0,1143.14,1167.38,306730.178,357420641.0332,1759708799999,1150.775343259396,906.1593217490954,934.2482000000001,838.3528,777.3792666666667,733.1224500000001,False,False
1759708800000,1167.38,1239.94,1161.85,1223.19,587477.5601,711781233.3807,1759795199999,1177.757572338818,907.8554492523047,941.6044,844.0987,781.0919333333334,736.0860500000001,False,False
1759795200000,1223.17,1349.99,1204.61,1304.43,1351678.4887,1737403256.5393,1759881599999,1226.4652604365183,904.7284798129836,950.7531999999999,850.594,785.3621333333333,739.43235,False,False
1759881600000,1304.43,1334.19,1264.32,1307.4,826555.123,1076913281.892,1759967999999,1262.3177445539347,895.7676915161846,960.419,857.0989999999999,789.7371333333333,742.8343,False,False
1759968000000,1307.4,1320.0,1224.38,1255.35,925627.604,1178510754.125,1760054399999,1290.1266005394807,897.2758583292784,968.145,863.1892000000001,793.7056666666667,745.9921,False,False
1760054400000,1255.35,1278.52,860.11,1102.47,1505025.673,1738588911.9634,1760140799999,1308.2054928295172,880.2116186696356,973.4046000000001,867.6167999999999,796.6279333333333,748.31905,False,False
1760140800000,1102.57,1182.76,1073.0,1135.07,1050905.2449999999,1181376420.041,1760227199999,1313.6256716704845,881.5983907524643,978.1017999999999,872.3316,799.8452666666667,750.8453000000002,False,False
1760227200000,1135.07,1319.8,1107.43,1302.65,1205248.016,1490023746.483,1760313599999,1335.140729313528,888.5880776892025,986.5464,878.8220999999999,804.1837333333333,754.2686,False,False
1760313600000,1302.65,1375.11,1251.28,1294.55,1483076.9719,1944702007.141,1760399999999,1362.5799136054754,893.4667086851124,994.9071999999999,885.2059999999999,808.5023333333334,757.5545500000001,False,False
1760400000000,1294.54,1318.26,1143.01,1208.52,1398659.782,1691229151.138,1760486399999,1378.3914844935837,901.1965425796548,1002.2912,890.6599000000001,812.2957333333334,760.4981,False,False
1760486400000,1208.55,1222.76,1148.92,1162.57,707327.747,836699442.9498,1760572799999,1382.1191609703371,916.3411072470236,1008.2686,895.675,815.7026666666666,763.2959999999999,False,False
1760572800000,1162.57,1195.0,1122.31,1144.83,716826.497,835695242.8566,1760659199999,1379.0097877887674,933.8332166767381,1014.0616,900.5169999999999,819.0040666666666,766.0091500000001,False,False
1760659200000,1144.83,1156.3,1021.0,1071.15,1066221.771,1143128765.3375,1760745599999,1373.7117719150647,942.095913947101,1018.0151999999999,904.5417,821.8117333333333,768.34085,False,False
1760745600000,1071.15,1131.05,1069.41,1092.43,419996.517,462124290.22749996,1760831999999,1366.961225721717,954.0124226316591,1022.6178,908.6080000000001,824.6058666666667,770.74735,False,False
1760832000000,1092.42,1133.76,1068.04,1109.88,409987.572,451830662.1437,1760918399999,1362.634090718379,962.2460625144618,1027.5754000000002,912.8069,827.4279333333333,773.3433500000001,False,False
1760918400000,1109.88,1143.2,1088.19,1100.19,481311.055,535214259.1635,1761004799999,1356.9381673382659,972.1165653655064,1032.4261999999999,916.9502,830.3826666666666,775.88095,False,False
1761004800000,1100.2,1114.53,1052.46,1057.16,541524.501,586956054.5547,1761091199999,1351.0134558452855,977.948279421803,1036.6558,920.6018,832.977,778.1782000000001,False,False
1761091200000,1057.16,1083.8,1053.25,1071.82,397249.062,424924796.09059995,1761177599999,1352.042720222425,981.4976977516376,1041.0562,924.4288,835.6595333333333,780.5716500000001,False,False
1761177600000,1071.83,1161.9,1071.83,1126.72,774946.718,864047274.9672,1761263999999,1351.7299547780078,980.5336683177801,1046.4954,928.7968000000001,838.6757333333334,783.4275499999999,False,False
1761264000000,1126.71,1144.17,1097.39,1109.01,342712.642,385108586.81589997,1761350399999,1351.5473578192707,978.7816991806664,1051.803,932.8008,841.4897333333333,786.1995999999999,False,False
1761350400000,1109.0,1120.89,1100.96,1116.53,162716.58299999998,181193804.9517,1761436799999,1351.7567856787887,977.0962110662188,1057.1308,936.7595999999999,844.354,789.0136499999999,False,False
1761436800000,1116.53,1143.35,1114.48,1138.19,240939.54499999998,272038928.29649997,1761523199999,1348.6994842183572,975.9502216751063,1062.6776,940.8422999999999,847.4418000000001,791.793,False,False
1761523200000,1138.19,1182.6,1131.44,1138.88,494467.695,569610822.7288,1761609599999,1331.9779573031892,976.3185823990441,1067.8542,944.8991000000001,850.6652666666666,794.59725,False,False
1761609600000,1138.88,1148.94,1074.0,1103.45,351579.17,395192652.336,1761695999999,1315.5468009941587,979.3689803307038,1072.3616,948.3653999999999,853.6348666666668,797.18485,False,False
1761696000000,1103.45,1121.35,1082.59,1107.7,459713.496,510072430.346,1761782399999,1299.6269243868999,981.4991547973166,1076.9154,951.7801999999999,856.6144,799.7369,False,False
1761782400000,1107.7,1129.55,1043.48,1079.05,508291.657,554615753.4897,1761868799999,1288.670335214584,1023.0074033728592,1080.6209999999999,954.7039,859.3685333333334,802.2107500000001,False,True
1761868800000,1079.06,1104.93,1071.43,1088.9,537669.6460000001,584994779.0975,1761955199999,1287.1464127328939,1022.8719196663342,1084.3436,957.8255,862.2172666666667,804.7325500000001,False,False
1761955200000,1088.9,1096.93,1081.8,1094.53,163493.548,178160836.2794,1762041599999,1266.5604773542868,1021.574998650627,1087.7382,961.0634000000001,865.0926,807.3076000000001,False,False
1762041600000,1094.54,1094.92,1071.74,1083.25,132402.548,143615965.5054,1762127999999,1224.6975154239944,1036.352199238312,1090.7296,964.0414,868.0921333333333,809.80985,False,True
1762128000000,1083.25,1087.24,960.18,993.54,685198.885,695307374.0953,1762214399999,1188.7419398103953,1016.1916125955398,1092.0702,966.0439,870.4310666666667,811.8251000000001,False,True
1762214400000,993.54,1002.12,880.8,936.77,985275.518,924046511.242,1762300799999,1185.5340770903415,979.7414046512164,1092.412,966.9716000000001,872.3374,813.5504000000001,False,True
1762300800000,936.79,969.27,900.39,959.33,526144.027,497402208.3703,1762387199999,1188.152751909391,955.8308716493568,1092.4856,968.3242,874.3862666666666,815.3883999999999,False,False
1762387200000,959.32,965.23,925.07,950.4,312622.425,295927015.2512,1762473599999,1191.3394822826897,942.8012884625139,1091.694,969.7772,876.2850666666667,817.1765500000001,False,False
1762473600000,950.4,995.6,925.7,991.15,452713.504,434871852.0255,1762559999999,1190.8438742469116,928.7334528878068,1091.8962000000001,971.7536,878.4026666666666,819.1456,False,False
1762560000000,991.14,1007.41,980.05,991.03,301705.689,300155965.2969,1762646399999,1188.0241645512492,923.1353552912568,1092.0348,973.8325000000001,880.56,821.0082000000001,False,False
1762646400000,991.01,1007.16,975.84,996.63,256660.748,254503411.1107,1762732799999,1183.1437219085037,917.457307983536,1091.0919999999999,976.2280000000001,882.8392,822.9628,False,False
1762732800000,996.63,1019.56,976.22,991.98,281128.79600000003,280689673.1389,1762819199999,1179.9657434477576,912.6189561965601,1089.9756,978.7836,885.0833999999999,824.91495,False,False
1762819200000,991.99,1008.6,956.08,958.08,283951.869,278122345.7605,1762905599999,1178.8010836432961,905.9574701271459,1089.2792,980.8523,887.1665333333334,826.7058000000001,False,True
1762905600000,958.08,978.61,937.9,952.86,216987.116,207895272.1689,1762991999999,1169.7860593454552,897.5898674799732,1088.0168,982.6945999999999,889.1976666666666,828.4339500000001,False,False
1762992000000,952.87,972.2,905.72,927.15,334345.078,314259121.509,1763078399999,1161.9218814889125,886.53300416057,1086.19,984.4148000000001,891.0404,830.0523999999999,False,False
1763078400000,927.15,934.04,887.88,915.25,438193.00800000003,401204627.3118,1763164799999,1157.6431319107426,874.8604606607771,1085.577,985.8718000000001,892.8215333333334,831.5978499999999,False,False
1763164800000,915.26,945.22,914.91,932.28,161984.70500000002,151171632.9719,1763251199999,1147.5817991658985,869.7912184567513,1085.0066,987.3079000000001,894.7382666666668,833.2542499999998,False,False
1763251200000,932.27,949.77,908.16,926.56,252157.87699999998,233987143.9428,1763337599999,1127.5869561839188,868.0704240897453,1084.1688000000001,988.6385,896.6176666666667,834.88765,False,False
1763337600000,926.59,939.55,891.72,907.36,332891.856,305134278.3044,1763423999999,1111.6945945327127,861.8135193887495,1082.4558,989.7238000000001,898.3893333333333,836.4263000000001,False,False
1763424000000,907.36,939.99,884.4,932.79,357275.458,326663851.756,1763510399999,1098.5229943334818,857.4194740291064,1080.5158000000001,990.9794999999999,900.4148,838.0868,False,False
1763510400000,932.79,941.06,872.38,897.77,296358.274,268307936.8582,1763596799999,1081.1618070770055,850.520178011737,1078.3010000000002,991.9063000000001,902.2945333333333,839.57885,False,True
1763596800000,897.78,917.0,865.57,866.51,301802.981,269032673.708,1763683199999,1067.1403344505343,847.3860396746248,1075.1012,992.2467,903.8013333333334,840.98125,False,False
1763683200000,866.51,877.33,790.79,830.46,654486.049,542979217.9833,1763769599999,1054.877607893222,836.0452780600185,1069.906,992.0712,905.0475333333334,842.1455000000001,False,True
1763769600000,830.47,842.93,813.77,833.78,167225.62,138427266.2341,1763855999999,1043.1423546934009,833.6255771415499,1062.7936,992.0047999999999,906.2989333333334,843.30155,False,False
1763856000000,833.78,855.46,833.28,843.6,167524.177,141704290.7893,1763942399999,1027.3883265084605,825.7966980131797,1056.6506,992.1627000000001,907.6409333333332,844.50605,False,False
1763942400000,843.6,876.3,830.01,864.92,248464.802,211511619.0252,1764028799999,1023.1820922662272,819.9514489745243,1050.6014,992.4248,909.1023333333334,845.6848,False,False
1764028800000,864.9,867.66,837.47,862.57,158750.859,135823380.7111,1764115199999,1021.928898422825,814.3052361788958,1043.3890000000001,992.4967,910.5287999999998,846.6662,False,False
1764115200000,862.58,897.25,851.72,891.78,159649.392,139460353.8978,1764201599999,1019.3957560560422,810.0900099743061,1035.136,992.9445999999999,912.1079999999998,847.8056,False,False
1764201600000,891.77,904.86,883.8,895.74,141249.084,126273074.47227,1764287999999,1013.0869585384792,808.7943751053006,1026.9028,993.6609,913.7002666666667,849.0285500000001,False,False
1764288000000,895.75,906.5,876.15,887.19,174843.677,155822041.5536,1764374399999,1004.3055045392284,809.7130580794072,1019.5396000000001,993.8422999999999,915.3060000000002,850.16415,False,False
1764374400000,887.2,889.0,868.25,872.9,80059.932,70344820.67888,1764460799999,994.4088987779394,811.1042546903759,1014.9482,994.1764,916.7272666666667,851.2080000000001,False,False
1764460800000,872.9,899.75,869.56,875.31,106230.587,94178228.95985001,1764547199999,980.5073594531002,814.4611560196895,1009.753,993.9273999999999,918.1387333333333,852.3222000000001,False,False
1764547200000,875.3,877.12,801.7,826.61,342746.385,283999640.0346,1764633599999,966.7578268981077,809.3600339582969,1000.2322,993.3892999999999,919.2921333333331,853.19585,False,True
1764633600000,826.6,885.0,820.46,876.61,233149.68,199034705.0278,1764719999999,957.4709169689111,807.2982170050706,991.8734000000001,993.3903,920.7617999999999,854.3451000000001,False,False
1764720000000,876.6,922.63,873.6,920.76,227309.929,204499249.0513,1764806399999,950.1409810867237,807.780639018977,986.1181999999999,994.2047,922.4793333333334,855.75135,False,False
1764806400000,920.77,928.24,886.79,899.92,165779.563,150836824.664,1764892799999,949.4601928781823,807.7949135036595,980.8652000000001,994.5669,924.0717333333334,856.9933,False,False
1764892800000,899.92,907.92,870.18,883.57,137493.99899999998,122346994.84136,1764979199999,945.3324986014753,809.1362263690077,975.64,994.8508,925.5580000000001,858.1630500000001,False,False
1764979200000,883.57,897.9,878.01,890.38,81289.981,72211284.20858,1765065599999,939.4563828114899,810.3843979765244,972.0246000000001,995.0199,927.036,859.3649500000001,False,False
1765065600000,890.38,906.0,870.23,894.37,131888.814,117366943.71487999,1765151999999,935.4013775464944,810.7722003586427,968.0634000000001,995.3406,928.4264666666667,860.4702500000001,False,False
1765152000000,894.38,913.29,888.93,897.12,121354.06,109535418.5545,1765238399999,931.6175790688677,810.6147007428197,963.8081999999999,995.6918000000001,929.8073333333334,861.523,False,False
1765238400000,897.13,928.0,881.78,897.3,209645.57299999997,189336040.7654,1765324799999,929.3256330911339,810.5362341077298,959.7504000000001,996.0882999999999,931.2169333333331,862.7245999999999,False,False
1765324800000,897.3,915.0,884.27,893.43,186333.021,166693561.34980002,1765411199999,929.0873924384123,810.5335594537739,956.4758,996.5658,932.5598,863.8516999999999,False,False
1765411200000,893.43,894.7,859.54,885.91,182476.864,159114587.1692,1765497599999,929.4184771376043,819.873297463528,952.7575999999999,996.9069000000001,933.8717333333334,864.93405,False,False
1765497600000,885.92,896.07,870.58,881.58,110640.466,97852155.11355999,1765583999999,926.7486205796512,825.8148423575592,947.8548,997.1751,935.1494666666667,865.9705,False,False
1765584000000,881.59,904.22,880.32,896.82,92401.054,82431393.00696,1765670399999,925.0459155741185,829.0887811709405,943.6109999999999,997.707,936.4042000000001,867.0200500000001,False,False
1765670400000,896.82,899.5,870.11,877.27,110914.02799999999,98442378.82572,1765756799999,924.6958283272342,833.0940094103703,938.8258000000001,997.9783,937.4483333333334,867.9719500000001,False,False
1765756800000,877.27,895.42,840.75,858.6,210867.871,182971113.8592,1765843199999,922.9479321776469,833.5622128424093,933.234,997.9557999999998,938.3062,868.88985,False,True
1765843200000,858.61,878.44,847.0,875.63,240835.336,208552022.882,1765929599999,923.5805934660605,833.0542048114586,927.9689999999999,997.9116,939.2557333333334,869.9912,False,False
1765929600000,875.64,876.16,833.39,843.07,378073.20900000003,324665474.75,1766015999999,923.8019444997748,829.4787857620771,922.7614,997.5615000000001,939.8307333333335,870.9164999999999,False,True
1766016000000,843.07,853.49,818.39,830.07,432024.878,361452776.1873,1766102399999,925.8371301611324,823.8668543994633,917.2087999999999,997.0620999999999,940.2564,871.763,False,False
1766102400000,830.08,862.33,822.38,856.17,1227346.957,1035735760.1736001,1766188799999,926.8178435636174,819.6304951353151,912.7512000000002,996.6861,940.7196666666667,872.7142,False,False
1766188800000,856.17,859.7,850.9,854.17,57015.132,48685094.40047,1766275199999,927.1931965272004,818.8221299581903,908.0566,996.2000999999999,941.2358666666665,873.6770999999999,False,False
1766275200000,854.17,859.91,845.5,858.64,69986.817,59650811.23644,1766361599999,927.8690834865756,825.7619265577052,903.3388,995.5384999999999,941.8218666666667,874.6541500000001,False,False
1766361600000,858.63,871.0,850.85,858.66,147275.98799999998,127026489.4655,1766447999999,927.9022705257906,829.8785158324335,898.847,994.7883,942.3099333333332,875.7808500000001,False,False
1766448000000,858.67,861.46,838.24,844.3,103894.874,88114840.52675,1766534399999,924.8281161209916,827.5597772443068,895.8622,993.9662,942.65,876.7888499999999,False,False
1766534400000,844.3,850.0,835.21,846.58,84917.781,71413872.1445,1766620799999,920.7523070842351,825.5103892434184,894.0584,993.2352000000001,942.6672000000001,877.76765,False,False
1766620800000,846.57,847.99,826.81,829.64,72777.087,61067016.303220004,1766707199999,919.1216721425064,822.2322297142013,891.4646,991.9751,942.7043333333332,878.6558500000001,False,False
1766707200000,829.63,847.16,821.21,834.72,120232.78600000001,100443874.53474,1766793599999,918.1124332341905,818.6847317317857,889.1510000000001,990.4225,942.9018,879.50155,False,False
1766793600000,834.72,846.54,834.0,845.04,89882.36600000001,75505665.2573,1766879999999,915.7179747903574,817.0213272593195,886.2288000000001,989.0625,943.2453333333334,880.3592,False,False
1766880000000,845.05,867.22,839.2,859.32,91601.986,78245545.48427,1766966399999,911.5266523227265,817.2407758311783,883.5946,987.8147,943.7532000000001,881.3186499999999,False,False
1766966400000,859.32,872.12,846.0,852.46,127151.447,109137090.48326,1767052799999,903.8858464517102,817.8408081422394,880.7112000000001,985.9015999999999,944.3890666666667,882.3072,False,False
1767052800000,852.46,864.05,848.7,861.65,73233.047,62791986.892,1767139199999,897.8303367275034,819.3624945763628,878.1046000000001,984.0401,945.2239333333333,883.3386999999999,False,False
1767139200000,861.66,877.29,857.69,864.3,149994.618,129779137.07018,1767225599999,895.7895054245897,819.3947828890291,876.2289999999999,982.7541,945.9778666666668,884.43215,False,False
1767225600000,864.31,874.51,856.14,864.39,80713.662,69705177.29625,1767311999999,893.1592639812781,820.0289671050563,874.4595999999999,981.2382000000001,946.6162666666667,885.51315,False,False
1767312000000,864.4,891.14,859.64,881.25,129071.742,112918887.64465,1767398399999,890.6778468536904,821.9361598226843,873.5416,979.8658,947.4570666666666,886.6657,False,False
1767398400000,881.25,884.24,868.65,878.63,79965.205,70042659.04168999,1767484799999,888.0001327659753,822.086808242423,872.8092000000001,979.1931,948.1842666666668,887.81845,False,False
1767484800000,878.64,902.85,878.47,895.43,118687.10699999999,105626153.85529,1767571199999,889.6071364551099,820.7019623341835,872.0722000000001,978.5394,948.896,889.0717500000001,False,False
1767571200000,895.43,916.55,890.59,910.31,140352.785,126791973.0397,1767657599999,896.5637807042812,818.3076758115208,871.7472,977.9580000000001,949.6747333333333,890.4000500000001,False,False
1767657600000,910.31,923.93,891.66,917.64,166897.18899999998,152112813.1672,1767743999999,904.2604894779115,817.8895893310153,871.9528,977.2043000000001,950.4668000000001,891.7801999999999,False,False
1767744000000,917.64,920.27,892.64,900.3,148651.79,135043755.77847,1767830399999,910.5836617487506,820.3788080234362,871.3029999999999,975.9094,951.0873333333334,893.13685,False,False
1767830400000,900.31,905.0,875.1,892.26,134522.755,119360812.4621,1767916799999,913.7264954371444,824.0020804261387,871.1928,974.7469,951.6684666666667,894.5191,False,True
1767916800000,892.27,901.06,885.28,896.86,81581.367,72871176.25685,1768003199999,916.0732114964899,824.2896210374342,871.7998,973.4505,952.0977333333334,895.8009500000001,False,False
1768003200000,896.87,915.91,896.81,907.93,124912.49299999999,113143829.403,1768089599999,920.0997716044072,824.6753958409248,873.3492,971.6276000000001,952.4972000000001,897.12295,False,False
1768089600000,907.93,917.33,898.75,904.32,98621.081,89755695.3532,1768175999999,923.8920145881517,824.9818342520305,874.76,968.7768,952.9231999999998,898.4141999999999,False,False
1768176000000,904.32,910.81,894.0,905.78,108522.173,98140526.01559001,1768262399999,926.4394609959377,827.3178289845373,876.0036,966.3271,953.4429999999999,899.7316000000001,False,False
1768262400000,905.79,952.96,902.25,943.73,311914.997,287537661.4946,1768348799999,934.9800698458938,830.224790862816,877.5798,964.0906,954.1431333333334,901.2216999999999,False,False
1768348800000,943.73,954.68,928.5,948.47,183208.698,172676671.0303,1768435199999,942.1500697501508,833.2740707802485,879.2977999999999,961.3434,954.7637333333333,902.7210500000001,False,False
1768435200000,948.48,948.85,924.05,931.2,131201.468,122818352.97475,1768521599999,946.7685562650968,839.3543170144906,880.0862,957.6111,955.3251333333335,904.10255,False,False
1768521600000,931.21,939.43,923.69,938.16,77470.383,72238110.19109,1768607999999,948.5676828636274,844.3075515876737,880.9346,953.9187,956.0854666666665,905.5088499999999,False,False
1768608000000,938.17,959.52,935.5,947.12,86187.331,81544127.02505,1768694399999,954.1832107089078,848.550607353126,882.1331999999999,950.8364,956.6059333333334,907.0128,False,False
1768694400000,947.11,953.33,931.7,932.51,76848.25,72695033.76923,1768780799999,958.0435398293083,853.0821245110617,883.3254,949.1368000000001,957.2260666666667,908.3767999999999,False,False
1768780800000,932.51,932.51,901.0,923.6,209440.56,193182830.06009,1768867199999,957.8349099637607,858.5947398971057,884.2912,947.0221,957.382,909.67685,False,False
1768867200000,923.6,933.13,884.0,884.2,163760.229,148812503.808,1768953599999,958.0609028003181,861.9765614606648,885.443,942.8376000000001,957.4072000000001,910.82985,False,True
1768953600000,884.19,893.69,864.54,883.36,201618.221,177017116.3822,1769039999999,956.6585738139559,863.408039037604,885.5779999999999,938.7257000000001,957.4528666666666,911.96585,False,False
1769040000000,883.35,897.58,878.18,888.06,98786.472,87897354.20675,1769126399999,956.3605344371447,866.1517982555599,884.9240000000001,935.5211,957.7777999999998,913.0905,False,False
1769126400000,888.06,904.99,883.1,891.63,96135.61,85731004.65856,1769212799999,955.2843595704884,868.0323707912493,884.7581999999999,932.8117000000001,957.964,914.2433500000001,False,False
1769212800000,891.62,894.24,886.53,887.17,51272.563,45676993.99038,1769299199999,955.6377783070706,868.914150215987,884.8301999999999,930.2351000000001,958.1772666666668,915.37605,False,False
1769299200000,887.18,887.75,856.0,866.02,120780.226,105238816.20597,1769385599999,956.2590943427898,864.1426642110031,884.3430000000001,928.1837999999999,958.1276000000001,916.3627500000001,False,True
1769385600000,866.02,881.44,864.91,879.41,102700.704,89665450.66268,1769471999999,956.6624550851673,861.2056728018181,884.0437999999999,926.0536,958.2416666666667,917.3308000000001,False,False
1769472000000,879.41,901.22,876.2,898.36,138529.639,122795528.3295,1769558399999,956.2356589405368,859.8194354449466,884.0686000000001,923.9384,958.4840666666665,918.37265,False,False
1769558400000,898.35,909.43,894.41,902.91,110273.24,99488384.44134,1769644799999,956.2927464630365,861.4318282658908,884.1808,921.9656,958.7858,919.4578999999999,False,False
1769644800000,902.92,906.67,852.81,868.69,270228.686,238573056.2268,1769731199999,956.3018159505234,857.1624280315257,883.6859999999999,920.0808999999999,958.9392,920.3413499999999,False,True
1769731200000,868.69,869.77,831.83,858.81,295951.354,250705099.0104,1769817599999,957.4909042576686,848.7207483687165,883.1440000000001,917.9508000000001,958.9859333333333,921.1898,False,False
1769817600000,858.81,860.85,750.0,781.38,407306.151,325750149.7887,1769903999999,958.7403208325682,821.1472213975159,881.14,914.4974000000001,958.4967333333334,921.6471,False,True
1769904000000,781.39,789.72,739.63,758.54,259125.52,197918631.2006,1769990399999,968.7221891189515,797.8791516202078,878.3744,910.9927,957.9294666666667,921.89675,False,False
1769990400000,758.54,781.58,728.44,773.94,306663.484,231808183.9037,1770076799999,971.0411865176218,776.2181553647476,876.3078,907.5668000000001,957.4214666666667,922.1632,False,False
1770076800000,773.94,783.57,736.08,754.78,243948.823,186179880.26279998,1770163199999,969.3664521178847,759.7652243878682,874.2314,903.7327,956.7143333333333,922.2875,False,False
1770163200000,754.78,765.33,687.3,697.27,424472.167,307855228.986,1770249599999,967.7203555924563,736.1799038106128,870.6641999999999,899.3166,955.4957999999999,922.10785,False,False
1770249600000,697.27,703.0,602.17,608.3,799178.67,522394593.7898,1770335999999,971.6252736183592,697.7541798235011,865.9688000000001,894.3651,953.6972666666667,921.36525,False,False
1770336000000,608.3,669.65,570.06,657.21,593322.593,372108743.1028,1770422399999,971.7531585733631,659.8946475068965,862.5116,889.8602000000001,952.2119333333334,920.8202,False,False
1770422400000,657.21,663.88,630.83,647.0,217520.60100000002,140501322.95362,1770508799999,968.0652350370916,639.9649764430592,858.3281999999999,885.5397,950.5668000000002,920.1218000000001,False,False
1770508800000,647.01,653.0,632.3,639.93,124172.092,79946063.82797,1770595199999,964.0706890100994,622.2213042406681,854.0434,881.0499999999998,948.8145333333333,919.43775,False,False
1770595200000,639.93,646.15,616.01,636.39,148751.241,94018464.1111,1770681599999,956.7993900328977,604.0461741877282,849.5984,876.4686,946.8918000000001,918.766,False,False
1770681600000,636.38,642.0,613.8,619.85,153549.27000000002,96192842.47388999,1770767999999,951.7153449787111,587.5185033365037,844.8222000000001,871.8345999999999,944.7996,917.938,False,False
1770768000000,619.85,624.14,587.14,608.11,236351.539,141941652.44391,1770854399999,944.597152022544,569.7818968413004,840.0984,867.9802999999999,942.6769333333334,917.0121,False,False
1770854400000,608.11,620.87,600.6,614.29,121298.45700000001,74239627.08282,1770940799999,933.777803564418,556.9416466006668,835.4526,864.7555,940.6410000000002,915.8635499999999,False,False
1770940800000,614.29,622.81,592.49,618.94,211419.81399999998,128466424.29747,1771027199999,921.6036165339235,545.9591830658112,831.2386,861.3515999999998,938.3962666666665,914.8379,False,False
1771027200000,618.93,637.24,615.7,632.77,113845.924,71434358.34735,1771113599999,907.401328253217,538.6522062874207,827.1995999999999,858.1753,936.0148666666668,913.97625,False,False
1771113600000,632.77,642.49,608.82,615.16,132426.59100000001,82705229.27905999,1771199999999,891.8484312290926,533.498255505333,822.602,854.4154000000001,933.5756666666667,913.0844999999999,False,False
1771200000000,615.17,631.24,604.49,627.19,105660.883,65167083.2799,1771286399999,870.7633164854496,531.9938176694986,817.9593999999998,850.7769999999999,931.1962666666667,912.3047499999999,False,False
1771286400000,627.19,631.86,609.3,617.74,91934.084,57071374.85839,1771372799999,844.6046025499475,538.1207053219605,813.265,846.9881,928.3560666666667,911.60805,False,False
1771372800000,617.76,626.57,601.3,604.8,97256.01000000001,59649032.64727,1771459199999,814.4249635356642,543.7438449637166,808.1279999999999,843.1163,925.4027333333333,910.94995,False,False
1771459200000,604.8,614.8,596.0,607.83,109354.363,66119479.6971,1771545599999,787.766143734697,552.2386478999159,802.9986,839.6138000000001,922.8356,910.23305,False,False
1771545600000,607.82,629.74,601.23,625.91,159590.806,98064976.15347,1771631999999,757.4702289968283,553.9171036752089,798.229,836.3443000000001,920.2351333333335,909.5194499999999,False,False
1771632000000,625.9,634.8,624.0,625.61,81656.565,51308152.44781,1771718399999,739.8910968723271,558.6171329898173,793.1161999999999,833.3289,917.6159333333333,908.87185,False,False
1771718400000,625.61,626.87,610.02,614.8,68568.879,42391475.19084,1771804799999,720.9953332147188,563.883677017999,787.8395999999999,830.3244,915.4086000000001,908.0980999999999,False,False
1771804800000,614.8,616.0,583.13,596.41,245062.961,146545469.1656,1771891199999,696.6246998903482,574.3913309867523,781.8592000000001,826.9657,912.9793333333333,907.1367999999999,False,False
1771891200000,596.4,602.9,577.06,583.6,168285.85,98873700.15507,1771977599999,669.8494491183934,579.6149504608915,775.325,823.5361,910.4136666666666,906.0872999999999,False,False
1771977600000,583.61,640.55,581.51,629.42,221645.31,136172252.0271,1772063999999,657.7210440798846,577.5050155146798,769.5606,820.7567,907.9897333333334,905.2402500000001,False,False
1772064000000,629.42,633.83,614.2,625.74,126675.344,79116947.84259,1772150399999,652.515281370329,582.1386584311118,764.0694,817.6862000000001,905.2960666666667,904.33285,False,False
1772150400000,625.74,633.65,605.25,614.03,128167.72,79378256.08232,1772236799999,647.8594425676794,582.6526379143277,758.5047999999999,814.8488000000001,902.6662,903.37755,False,False
1772236800000,614.03,621.49,588.64,617.14,172105.1,103755874.89136,1772323199999,644.6800711891033,582.3857955872103,752.9104000000001,812.3551000000001,899.9371333333333,902.3009,False,False
1772323200000,617.14,632.16,610.89,617.96,169960.927,105952441.96000001,1772409599999,642.8881079493128,582.4955617663692,747.1110000000001,810.2301,896.7887333333333,901.15065,False,False
1772409600000,617.96,652.87,612.96,637.79,202581.15000000002,128306008.70916,1772495999999,644.9353603059327,582.5146513682971,741.7804000000001,808.2702,893.1113333333334,900.1375,False,False
1772496000000,637.79,643.29,621.0,633.56,150191.056,94808877.5797,1772582399999,646.4705426744563,583.8076388016649,736.336,806.1698,889.6634,899.16625,False,False
1772582400000,633.57,666.16,626.2,657.99,199919.683,130078197.813,1772668799999,652.2170065876454,583.6603088799488,730.6211999999999,804.1005,886.2674666666667,898.26265,False,False
1772668800000,658.0,665.42,646.14,647.85,128037.624,83739149.2233,1772755199999,656.8099257396533,582.6346102290273,724.6087999999999,801.9533,882.4318666666667,897.225,False,False
1772755200000,647.85,651.62,624.77,627.31,115031.736,73307014.99307999,1772841599999,658.224604459048,582.5425174033768,718.5310000000001,799.3086,877.9177333333333,896.1266,False,False
1772841600000,627.31,630.19,617.8,620.26,63118.814,39462409.22281,1772927999999,657.5065561208237,582.758813157247,712.1729999999999,796.5538,873.3368,895.10735,False,False
1772928000000,620.27,624.27,607.86,611.98,81939.554,50532305.7637,1773014399999,657.3723491326521,582.9531270045029,705.4702000000001,793.8017,869.0476666666666,893.822,False,False
1773014400000,611.99,643.0,611.01,634.64,121341.376,76493957.24369,1773100799999,658.0999368242407,583.0221005148885,699.5128,791.4191000000001,865.9288,892.79775,False,False
1773100800000,634.64,652.36,634.38,642.0,100783.446,64968408.80027,1773187199999,659.9138354980355,583.3767816871334,693.8808,789.086,862.6416666666667,891.5067000000001,False,False
1773187200000,642.01,656.29,635.02,651.46,120145.814,77493770.03513,1773273599999,661.7371977079744,584.534023812426,689.2259999999999,787.3345000000002,858.3004,890.3619,False,False
1773273600000,651.47,657.7,641.63,651.72,101534.05600000001,65966807.13239,1773359999999,663.8043650412103,585.1226073048775,684.5932,785.0856,854.0148666666666,889.23795,False,False
1773360000000,651.72,679.0,650.34,655.73,231981.0,153973279.25289,1773446399999,669.1616282487458,584.1602732624556,679.9466,782.4353,850.3296,888.32,False,False
1773446400000,655.72,658.27,650.11,657.7,55240.265,36131084.100719996,1773532799999,670.7703964625,584.1706478548182,675.268,780.0131,846.9638,887.29,False,False
1773532800000,657.7,679.0,654.46,673.77,92999.094,61797092.11358,1773619199999,674.6457515412815,587.7330532093216,671.0,777.9151,843.8234,886.3829499999999,False,False
1773619200000,673.77,687.82,670.13,679.71,226915.256,153962533.2279,1773705599999,677.8782001604961,592.161909467481,667.2738,775.8084,841.2138,885.4141500000001,False,False
1773705600000,679.7,686.53,663.4,668.61,147117.033,99192451.22811,1773791999999,682.3438415006092,597.6246138444778,663.0578,773.5508,838.3883333333333,884.4456999999999,False,False
1773792000000,668.62,676.47,644.43,652.27,144505.186,95190668.30474,1773878399999,684.6919060422342,599.2167439930806,658.136,771.1023,835.3376,883.3970499999999,False,True
1773878400000,652.28,656.4,633.32,639.15,117679.658,75669936.48843,1773964799999,684.9209088482183,601.8676485791362,652.8607999999999,768.5208,832.264,882.3045500000001,False,False
1773964800000,639.16,647.65,636.38,642.11,96688.00200000001,62031631.98011,1774051199999,683.8837146768932,608.21159192841,648.3292,766.0075999999999,829.4970000000001,881.2867,False,False
1774051200000,642.11,646.38,627.76,630.7,54236.699,34733011.099309996,1774137599999,683.4617571895328,610.2095933633285,643.7669999999999,763.4554999999999,826.5562,880.1812000000001,False,False
1774137600000,630.7,637.7,622.16,626.41,102353.579,64477538.30595,1774223999999,683.5203930010804,611.4239443622595,640.6676,760.9037999999999,823.2208,879.0394500000001,False,False
1774224000000,626.41,650.85,620.33,639.11,257556.87399999998,164379521.08976,1774310399999,683.559332829268,611.3436064741,638.279,758.3267,820.0881333333333,878.01685,False,False
1774310400000,639.12,640.17,626.99,638.3,101174.299,64099145.50249,1774396799999,682.6895952757468,611.4168364200918,635.5662,755.937,816.8999333333334,876.9576500000002,False,False
1774396800000,638.31,652.8,637.5,647.66,117518.94,75925439.33003,1774483199999,681.8925110375355,611.228611034633,633.4238,753.8276000000001,813.6297333333333,875.8917,False,False
1774483200000,647.67,648.47,623.01,628.86,94718.073,59890896.60571,1774569599999,681.810732071316,611.0464880412088,632.0556,751.3599,810.2296,874.6357499999999,False,True
1774569600000,628.86,631.87,605.86,613.95,131734.63,81092767.48622,1774655999999,681.7171340483599,609.1980666250788,632.1686,749.0686999999999,806.9662666666666,873.3150999999999,False,False
1774656000000,613.95,619.0,609.9,611.08,70087.882,43031613.67826,1774742399999,682.21321320126,609.533942554832,631.246,746.8788000000001,803.6554666666666,871.97045,False,False
1774742400000,611.08,615.3,596.42,606.09,83411.719,50783703.521730006,1774828799999,683.6473348032683,606.8829811504927,630.4277999999999,744.378,800.5024,870.53205,False,True
1774828800000,606.09,621.4,605.09,609.29,122880.083,75659973.45198,1774915199999,683.9614705183099,603.8107274328464,629.815,741.9292,797.305,869.0646499999999,False,False
1774915200000,609.29,619.77,598.82,617.43,139130.615,84997108.68713,1775001599999,683.850503847977,599.9740487099306,629.4358,739.5171,794.1243333333333,867.5278,False,False
1775001600000,617.42,621.9,609.58,610.81,126557.565,77893570.0841,1775087999999,683.243520871102,597.851795025099,629.255,737.0386,790.9747333333333,865.91345,False,False
1775088000000,610.81,613.6,570.31,583.52,297618.319,174048190.49806,1775174399999,680.1659762624415,589.3174466273667,628.7632,734.4308,788.2412666666665,864.1985,False,True
1775174400000,583.52,590.31,581.93,588.31,76506.375,44847916.33416,1775260799999,680.8532097908505,584.328628626025,628.2436,731.8480999999999,785.9182000000001,862.5416500000001,False,False
1775260800000,588.32,596.58,587.1,593.36,59665.434,35254615.99161,1775347199999,677.2841228277667,581.076817571338,627.732,729.4852999999999,783.4784,860.7302000000001,False,False
1775347200000,593.36,604.06,587.13,601.5,78031.95,46287970.03216,1775433599999,670.6198167194767,580.0995746174611,627.1066000000001,727.1531,781.1524,858.7878,False,False
1775433600000,601.5,610.29,596.25,600.11,104959.549,63421393.587359995,1775519999999,662.7436023653823,580.7533585398477,626.8056,724.7038,778.5454666666666,856.8831499999999,False,False
1775520000000,600.1,624.85,592.2,620.1,163526.892,99075907.03907,1775606399999,656.0085045317755,579.8620996672914,626.6637999999999,722.3116,776.0726,855.0631500000001,False,False
1775606400000,620.11,621.46,599.45,601.16,162114.686,99086250.75174,1775692799999,652.5087339037655,579.3728713500415,626.3322000000001,719.7986,773.4361333333334,852.8501,False,False
1775692800000,601.15,612.1,596.94,603.03,107305.176,64745254.92079,1775779199999,649.9674073850944,579.2379271244756,626.2968,717.2123999999999,770.8431333333333,850.62625,False,False
1775779200000,603.03,610.34,597.4,605.54,104265.932,62943869.04618,1775865599999,647.3232579953698,578.8995045193385,626.251,714.6247999999999,768.4928666666666,848.6894500000001,False,False
1775865600000,605.54,614.12,603.4,607.05,94267.47,57229812.41948,1775951999999,645.6808611387211,578.8481548188528,625.8738,712.0514,766.1874666666666,846.6447999999999,False,False
1775952000000,607.06,607.44,589.1,592.19,103774.251,61708268.2182,1776038399999,641.6058985496635,577.7738034928673,625.2054,709.1607999999999,763.9544000000001,844.5133000000001,False,False
1776038400000,592.19,617.97,591.6,614.71,138504.5,83667752.56118,1776124799999,639.2774127772569,577.7092444533159,625.2036,706.5216,761.9508,842.8573499999999,False,False
1776124800000,614.71,625.38,610.86,613.75,173382.03100000002,107004230.66109,1776211199999,634.478452985488,580.4150340521063,625.5504,703.7048,759.8272666666667,841.1220999999999,False,False
1776211200000,613.75,627.64,610.45,622.59,114943.22,71047431.25421,1776297599999,630.2930758532899,581.4645025543177,626.3302,700.8276,757.8008000000001,839.3928,False,False
1776297600000,622.58,637.4,614.89,635.77,131546.701,82305644.42306,1776383999999,631.3457209852554,581.0775386378389,626.4572000000001,698.0089,755.9902,837.6066000000001,False,False
1776384000000,635.77,645.67,626.66,643.12,153486.83800000002,97715237.0116,1776470399999,635.4907053287817,579.7111059958072,626.8048,695.4370999999999,754.0590666666667,835.6732499999999,False,False
1776470400000,643.12,648.79,628.03,629.9,119665.359,76422904.87478,1776556799999,639.8693694095007,578.9230802800852,627.1222,692.8135000000001,752.2732666666666,833.7801999999999,False,False
1776556800000,629.9,630.43,615.0,616.06,100590.742,62599268.67876,1776643199999,640.6582757047378,578.8959140746643,627.1006,690.0055,750.6035999999999,831.7279999999998,False,True
1776643200000,616.07,632.08,615.97,629.26,92147.711,57634537.693560004,1776729599999,641.6926233274663,579.1670122601373,627.3266,687.2187999999999,749.2622666666666,829.4232,False,False
1776729600000,629.26,640.7,625.0,631.72,105373.239,66708621.667780004,1776815999999,643.681806476557,578.7359856449461,627.2052,684.4928,747.9152,826.6347999999999,False,False
1776816000000,631.73,654.19,631.19,637.47,134986.339,86905991.32745,1776902399999,648.0283177508923,582.6064811853155,627.2833999999999,681.8097,746.541,824.0684,False,False
1776902400000,637.47,640.38,631.0,638.54,98409.256,62573305.06503,1776988799999,648.5751044742016,585.0081514322076,626.8944,678.7578,745.0318,821.4241999999999,False,False
1776988800000,638.55,640.49,632.04,636.21,70625.818,44968429.278799996,1777075199999,649.1005545696618,587.038981158258,626.6615999999999,675.6352,743.5227333333333,818.4893,False,False
1777075200000,636.21,638.5,627.15,628.53,58918.337,37311178.08935,1777161599999,649.5660062696494,589.7635970273495,626.686,672.6084999999999,741.7677333333334,815.1098,False,False
1777161600000,628.52,638.06,627.0,635.76,54446.34,34415048.81529,1777247999999,650.0960453362464,591.4389809314383,626.996,669.5844999999999,740.0345333333333,811.7516,False,False
1777248000000,635.77,639.81,618.38,626.83,103945.488,65310537.062979996,1777334399999,650.9765967313897,593.9454325452285,627.293,666.3815999999999,738.2988,808.6089999999999,False,True
1777334400000,626.83,627.58,619.0,624.55,62347.742,38868567.20818,1777420799999,651.0457517512103,595.5551430585444,627.0912000000001,663.302,736.6431333333334,806.2194000000001,False,False
1777420800000,624.56,629.61,610.26,617.39,101813.172,63262853.78316,1777507199999,650.7782889495855,597.1639969758354,626.599,660.2399,734.9236666666667,803.6309999999999,False,False
1777507200000,617.39,620.53,613.47,615.38,78612.445,48478985.455970004,1777593599999,650.1895364584597,599.0600874479952,625.8774000000001,657.5517,733.5154666666666,800.1946499999999,False,False
1777593600000,615.38,622.84,613.79,615.34,88053.74,54465481.58653,1777679999999,649.7808434225389,600.1540833335066,625.1497999999999,654.8715,731.7736666666667,796.7986,False,False
1777680000000,615.34,621.81,614.15,618.03,51973.994,32066556.01918,1777766399999,648.5188160612507,604.3342872357141,624.3958,652.1712,729.7554666666667,793.8461500000001,False,False
1777766400000,618.03,622.27,615.09,617.27,72850.13,45057448.71425,1777852799999,648.2605157354577,608.8182367861695,623.5872,649.4276,727.8711333333333,791.11965,False,False
1777852800000,617.28,639.0,615.61,622.63,206649.001,129546423.00310001,1777939199999,648.6819538259678,609.3891230680255,622.5644,646.7822,726.1315333333333,788.5086499999999,False,False
1777939200000,622.64,635.0,622.58,630.42,147021.79499999998,92527196.4046,1778025599999,648.8227881173664,610.5118849025498,621.5786,644.4262,724.3984666666666,786.305,False,False
1778025600000,630.41,664.26,628.97,647.74,241695.256,156387243.87646002,1778111999999,653.1555979201981,611.0989151351646,621.1612,642.1095,722.7542666666667,784.08155,False,False
1778112000000,647.74,653.49,633.68,637.02,144173.809,92876311.7324,1778198399999,654.212560621653,610.8259574579287,620.8562,639.4961,721.0202666666668,781.71725,False,True
1778198400000,637.02,651.53,634.76,649.36,107752.67599999999,69043114.76974,1778284799999,654.5824724496406,610.5383870788761,621.0604,636.9606,719.3673333333334,779.4630999999999,False,False
1778284800000,649.37,656.0,646.23,649.75,98352.89199999999,64050089.11394,1778371199999,656.7368266796518,609.9924551947978,621.2132,634.7712,717.7428000000001,777.4260499999999,False,False
1778371200000,649.76,666.66,644.84,663.55,119277.217,78052969.18867,1778457599999,660.4966430347794,610.1049472695015,621.8702,632.8186000000001,716.2604,775.3846999999998,False,False
1778457600000,663.56,673.0,649.46,670.6,183665.245,120891525.79179999,1778543999999,664.7761437083251,609.3756261748113,622.754,631.7108000000001,714.8538666666667,773.1041,False,False
1778544000000,670.6,671.47,650.49,664.95,161617.089,106821223.5223,1778630399999,667.3219431737224,608.651666937999,623.2708,630.7749,713.3080666666666,770.8838000000001,False,False
1778630400000,664.95,685.68,663.77,671.68,226062.768,152664824.09561,1778716799999,673.2872405944702,606.8382848810761,623.9384,629.7523,711.9374666666668,768.65955,False,False
1778716800000,671.68,687.66,665.42,678.27,159800.03,108004625.9726,1778803199999,678.8324724753427,605.5180424375848,624.5506,628.9872,710.7352666666666,766.3599499999999,False,False
1778803200000,678.28,689.98,669.16,672.38,166504.37099999998,113246350.97468,1778889599999,684.1665853707358,604.7092837389374,625.4209999999999,628.7383,709.3802666666667,764.0274499999999,False,False
1778889600000,672.37,674.92,650.7,656.2,129778.33600000001,85527861.87182,1778975999999,686.6975322821447,605.3815825407811,626.266,629.2172999999999,708.1344666666666,761.7912,False,False
1778976000000,656.2,657.6,640.01,649.48,95811.95199999999,62475461.32268,1779062399999,687.3926094635368,606.9206241277465,627.034,629.14,706.9305333333333,759.5001,False,False
1779062400000,649.48,649.7,634.3,643.53,126181.22,80930592.70055,1779148799999,687.4504372141819,608.2292026910712,627.7828,629.1052999999999,705.5129333333333,757.3225,False,False
1779148800000,643.53,647.19,636.1,640.02,80953.937,51927107.7868,1779235199999,687.3985425884697,610.9594216646333,628.3974,629.1062000000001,704.0852666666666,755.0781,False,False
1779235200000,640.03,651.77,637.52,649.5,82942.65299999999,53508039.16781,1779321599999,686.8436512447929,613.4590486996478,629.0387999999999,629.2373,702.6909999999999,752.85295,False,False
1779321600000,649.5,659.82,646.33,658.58,103055.678,67332314.0489,1779407999999,686.491847484534,616.4612021513453,629.9942,629.6246,701.3571333333333,750.7295999999999,False,False
1779408000000,658.58,664.2,648.31,650.44,123907.62,81467709.9151,1779494399999,685.8014208522973,619.7924991956573,631.3326000000001,630.0479,700.0647333333334,749.0140999999999,False,False
1779494400000,650.45,663.93,635.29,656.26,113009.638,73178744.49031,1779580799999,684.3664940377312,622.6442511574865,632.6916,630.4676000000001,698.7959333333333,747.61155,False,False
1779580800000,656.26,662.6,649.68,656.57,73668.177,48408849.31366,1779667199999,684.0719627992598,626.5512950554203,633.9558000000001,630.8439,697.6421333333334,746.0977500000001,False,False
1779667200000,656.58,673.07,655.76,663.15,114244.753,75917224.4037,1779753599999,683.7415835451139,629.5231036346531,635.1888,631.1477,696.4983333333333,744.6614999999999,False,False
1779753600000,663.15,668.01,653.45,656.43,122333.282,80704734.83884001,1779839999999,683.9476387143768,631.6807727923484,636.3152,631.5604,695.2409333333334,742.9879,False,False
1779840000000,656.43,659.9,646.57,648.84,101737.59400000001,66485960.09758,1779926399999,683.9193746402758,633.0357410358298,636.89,631.7769000000001,693.8377333333334,741.2769499999999,False,False
1779926400000,648.83,649.38,628.22,638.24,145257.685,92468552.20481,1780012799999,684.0132753771678,631.9252460675856,637.6316,631.9819,692.4096000000001,739.485,False,False
1780012800000,638.23,645.0,630.86,643.1,115255.263,73622215.81008,1780099199999,684.4371090452778,630.2287204389216,638.433,632.3649,690.9526,737.7406,False,False
1780099200000,643.11,729.0,642.66,718.74,566380.966,394144069.0349,1780185599999,696.6959907461747,630.0753020309221,640.697,633.474,689.9822,736.5439,False,False
1780185600000,718.74,745.74,703.0,710.55,380165.73199999996,275776613.37880003,1780271999999,709.9952240880775,624.5595829003443,642.767,634.3204,688.9566,735.33235,False,False
1780272000000,710.54,729.57,674.07,693.1,533342.526,372540495.34,1780358399999,717.3101370610724,624.4560028013855,644.7851999999999,634.9953,687.7022666666667,734.1621,False,False
1780358400000,693.1,695.51,642.47,650.69,310137.33999999997,208057216.11830002,1780444799999,718.2052820761202,623.6765472983705,645.5048,635.3542,686.1826666666666,732.8393000000001,False,True
1780444800000,650.7,657.51,616.21,620.63,300913.44299999997,191310282.3122,1780531199999,716.846587622892,619.6653563620331,645.6424,635.5964,684.3506666666667,731.28105,False,True
1780531200000,620.63,624.57,588.1,604.53,401431.765,242449840.9478,1780617599999,716.0330645072048,610.6121945039072,645.2812,635.8057,682.3121333333333,729.6709000000001,False,True
1780617600000,604.5,608.0,556.46,572.22,534838.035,310532272.74259996,1780703999999,716.9950413039378,595.4526293596826,644.0101999999999,635.2337,680.0093333333334,727.9952000000001,False,False
1780704000000,572.17,584.43,559.68,574.53,226190.52300000002,129951323.11367,1780790399999,720.1708053380036,584.3383033727125,642.6384,634.7216000000001,677.8375333333333,726.2039,False,False
1780790400000,574.54,610.54,573.6,604.44,192844.362,113738381.3844,1780876799999,720.6716060833819,577.5094454126712,642.1292,634.6257,675.9187333333333,724.73725,False,False
1780876800000,604.44,610.44,591.55,601.86,121475.506,73050784.51558,1780963199999,721.0121701112541,573.7837889893772,641.8452000000001,634.4729,673.9520666666666,723.414,False,False
1780963200000,601.86,605.68,583.84,593.44,134636.725,80170071.4504,1781049599999,721.1738567870765,569.2738947868518,641.1288,634.2276999999999,671.8554666666668,722.2289,False,False
1781049600000,593.44,598.52,580.68,586.53,114846.002,67590250.38686,1781135999999,720.9252521939495,564.5641250129554,640.225,633.7150999999999,669.7368666666666,720.99265,False,False
1781136000000,586.51,607.33,586.51,605.76,115805.929,69397543.6264,1781222399999,719.7029675641172,560.9923043411352,639.5908000000001,633.4371,667.7367333333333,719.80345,False,False
1781222400000,605.77,613.39,596.58,603.83,105336.327,63775900.54683,1781308799999,718.128216205826,558.8333358067283,638.8965999999999,632.8955000000001,665.4707333333333,718.498,False,False
1781308800000,603.84,612.33,599.33,609.65,73491.153,44483001.45494,1781395199999,716.4421402683631,557.0641081553922,638.3654,632.5135,663.2119333333333,717.2334,False,False
1781395200000,609.66,617.24,602.79,616.79,122027.611,74470618.61575,1781481599999,713.6367628199514,555.9788710485749,638.1306000000001,632.4082999999999,661.1158666666666,715.8584500000001,False,False
1781481600000,616.79,632.9,612.66,617.87,170537.642,106139404.5267,1781567999999,711.4440184477685,555.6806928026479,637.7728,632.3844,658.9806,714.4690999999999,False,False
1781568000000,617.87,619.5,601.33,604.94,192189.41700000002,117462205.57596,1781654399999,709.4983627267055,554.7544623457754,637.335,632.314,656.6994,713.05785,False,False
1781654400000,604.94,612.5,595.11,601.63,169384.18899999998,102465922.67705,1781740799999,708.127214598238,553.3741546442136,636.8765999999999,631.9839,654.4935333333334,711.7014999999999,False,False
1781740800000,601.63,604.31,573.0,578.48,151568.812,88839231.28703,1781827199999,706.8917191407985,550.0572413941702,636.0984,631.3487,652.1927333333333,710.21735,False,False
1781827200000,578.48,583.29,570.82,581.42,94343.191,54389487.248229995,1781913599999,693.8659071351417,547.1522317737995,635.4192,630.6483000000001,650.1742,708.9914,False,False
1781913600000,581.41,589.43,580.12,588.03,84540.17,49421855.34591,1781999999999,673.24145578219,554.1083589933412,634.873,630.0114,648.2053333333333,707.5484999999999,False,False
1782000000000,588.03,592.56,583.6,584.23,63361.252,37301627.22691,1782086399999,651.4101309672069,560.3816650325713,634.197,629.2964,646.1798,705.86585,False,False
1782086400000,584.23,602.31,584.07,590.15,105431.62999999999,62673001.34257,1782172799999,634.2116546682405,563.7314530623802,633.6546,628.6209,644.1699333333333,704.317,False,False
1782172800000,590.14,592.83,570.57,578.08,108854.882,62890190.278529994,1782259199999,625.2028586822075,563.2389982613386,632.7636,627.664,642.1093333333334,702.78955,False,False
1782259200000,578.09,582.21,546.6,564.67,160907.998,90778322.86105,1782345599999,623.493705058661,557.8783914886301,631.4486,626.5136,640.1003333333333,701.161,False,False
1782345600000,564.66,572.72,540.6,560.62,156267.916,87344228.77502,1782431999999,624.1702401965624,554.7609416162004,629.7062000000001,625.4337,637.9750666666666,699.4922499999999,False,False
1782432000000,560.63,570.34,550.37,567.64,186203.407,104713816.98431,1782518399999,625.1681786697644,553.2863498895003,628.3186000000001,624.5874,635.7702666666667,697.84485,False,False
1782518400000,567.65,568.66,554.53,557.2,81411.91,45904086.81035,1782604799999,625.1489911647079,551.081038878132,626.4754,623.7679,633.4655333333334,696.14435,False,False
1782604800000,557.19,558.89,545.62,551.07,76867.857,42564591.74599,1782691199999,625.4475822885769,546.9793703092744,624.5018,622.8575,631.3480666666667,694.43255,False,False
1782691200000,551.07,563.16,546.17,559.52,105794.124,58670866.412769996,1782777599999,625.1629561665422,543.4958809282684,622.4212,622.1457,629.3528000000001,692.8006000000001,False,False
1782777600000,559.51,560.4,543.68,546.52,106315.52,58376211.5313,1782863999999,625.2099442235312,540.0305242007415,619.9396,621.3468,627.7870666666666,691.1253,False,False
1782864000000,546.52,559.55,537.25,550.44,162073.17200000002,88883129.92761,1782950399999,624.1510185544163,535.8138153639869,617.6493999999999,620.4601,626.3997333333333,689.3933999999999,False,False
1782950400000,550.45,567.17,546.21,558.96,152316.814,85009822.49728,1783036799999,621.6840122173076,533.4398102874053,615.3950000000001,619.6667,624.9665333333334,687.80185,False,False
1783036800000,558.95,575.21,556.99,573.81,104658.99100000001,59201149.53527,1783123199999,618.9988436961107,532.6793217406446,613.3058,618.9282,623.7600666666667,686.3779,False,False
1783123200000,573.81,578.82,568.7,575.37,96714.134,55482575.89713,1783209599999,615.3515440331441,533.2195924124492,611.3656,618.3933000000001,622.9474,684.8765999999999,False,False
1783209600000,575.38,593.47,568.19,589.87,132836.834,77257707.18529001,1783295999999,608.7704999561296,535.3545509994647,610.039,618.1525,622.8245333333333,683.6106,False,False
1783296000000,589.88,593.1,570.12,586.01,140805.495,81931809.83161,1783382399999,604.5217172233465,536.9129529915662,608.7696,617.9018,622.3498666666667,682.3903,False,False
1783382400000,586.02,587.92,575.28,576.82,93068.489,54068491.67429,1783468799999,600.8342455778319,538.2007399297444,607.4354,617.6091,621.882,680.9935499999999,False,False
1783468800000,576.83,579.0,560.4,568.66,99416.988,56346330.68455,1783555199999,597.8052760458014,537.9784161477708,606.0082,617.2028,621.4068666666667,679.566,False,False
1783555200000,568.66,577.15,565.48,568.72,85621.609,48898339.44853,1783641599999,597.4328147855829,537.9387709253526,604.3926,616.7157,620.9557333333333,678.1164,False,False
1783641600000,568.73,578.31,568.02,575.43,87506.374,50344709.82252,1783727999999,596.4880140764305,538.2687784571101,602.7296,616.3619,620.6596,676.70025,False,False
1783728000000,575.44,583.01,573.06,574.65,65716.339,37993351.16803,1783814399999,595.410294910195,538.8799674003368,601.2138,616.2732,620.4365333333333,675.352,False,False
1783814400000,574.65,584.63,570.13,573.91,81716.052,47128670.03891,1783900799999,592.5989949277364,539.7444428449621,599.5668000000001,616.1292,620.1673333333333,673.98865,False,False
1783900800000,573.91,579.89,562.37,567.49,76725.123,43668448.0534,1783987199999,590.9974857734267,539.786038343824,597.7851999999999,615.8705,619.8243333333332,672.6778999999999,False,False
1783987200000,567.5,584.64,566.74,581.87,123235.186,71075369.20257,1784073599999,591.2555155707641,540.9630584789686,596.1596,615.6741999999999,619.485,671.4136500000001,False,False
1784073600000,581.88,585.3,575.8,580.55,112895.85699999999,65498064.68788,1784159999999,592.1472716712917,542.9906065543865,594.642,615.4786,619.2542666666667,670.0912,False,False
1784160000000,580.56,585.87,571.69,572.45,86349.243,49947464.31042,1784246399999,593.0660600602116,544.0230890559743,593.1142,615.0021,618.8893333333334,668.6568500000001,False,False
1784246400000,572.45,574.84,555.59,568.09,142665.191,80666143.31858,1784332799999,593.1270874707948,544.1194910695941,591.7112,614.6714,618.5583333333333,667.235,False,False
1784332800000,568.09,572.75,566.25,570.65,62539.543,35589831.41197,1784419199999,592.5668794852448,545.9715072636577,590.2622,614.3475999999999,618.3306666666666,665.78,False,False
1784419200000,570.66,572.61,566.33,571.06,55097.203,31357803.77329,1784505599999,592.2348429119438,547.9258499651866,587.3086,614.0028,618.0855333333333,664.3138,False,False
1784505600000,571.06,575.91,562.97,571.27,102746.807,58551909.45758,1784591999999,591.5235599278852,550.4500785643745,584.5229999999999,613.645,617.7212666666667,662.8481999999999,False,False
1784592000000,571.28,579.79,570.75,573.95,102980.46399999999,59272898.35526,1784678399999,590.404951835891,555.5911712110357,582.14,613.4626000000001,617.3768666666666,661.3117,False,False
1784678400000,573.96,575.63,566.89,571.08,84883.996,48521751.6167,1784764799999,589.8951007177542,559.160650866303,580.5477999999999,613.0263,617.0853999999999,659.7739499999999,False,False
1784764800000,571.09,572.24,563.71,567.41,70606.245,40150079.924669996,1784851199999,590.0061209231907,560.185142369405,579.4834000000001,612.5629,616.8920666666667,658.1338499999999,False,False
1784851200000,567.41,571.31,556.0,564.9,92488.87299999999,52160522.57541,1784937599999,590.1186653156914,558.6654407740438,578.6908,611.9860000000001,616.7674,656.4068,False,False
1784937600000,564.91,570.0,563.9,568.94,53397.275,30244911.54715,1785023999999,588.401035995249,558.4132260476782,578.6252000000001,611.3177,616.3642,654.6633,False,False
1785024000000,568.94,576.57,568.94,575.32,65829.015,37657502.40178,1785110399999,586.2575778094355,558.4029360671349,578.641,610.6397,616.0280666666667,653.0383999999999,False,False
1785110400000,575.31,577.2,565.4,566.28,80438.84,46042262.14834,1785196799999,585.0075424865177,558.4875064378541,577.8778,610.0035,615.7097333333334,651.4085,False,False
1785196800000,566.28,575.66,562.03,571.29,85096.072,48333750.02954,1785283199999,584.862451659094,558.687921138838,577.2664,609.5558,615.4040666666667,649.78065,False,False
1785283200000,571.29,573.56,565.27,571.99,73479.164,41876787.10333,1785369599999,584.8065139161016,558.6751201977588,576.8374,608.9831,615.0975999999999,648.1009499999999,False,False
1785369600000,571.99,596.0,571.05,591.99,143197.779,83855542.7543,1785455999999,587.8739044259586,558.6734452651654,576.9466,608.5858000000001,614.7922666666667,646.5393,False,False
1785456000000,591.99,595.5,583.99,587.01,118480.803,69878046.43068,1785542399999,589.9506086661502,557.4713618215485,576.5716,608.0812000000001,614.4819333333334,644.9454499999999,False,False
1785542400000,587.01,592.8,573.5,575.13,105246.302,61265169.48324,1785628799999,591.1302936232937,557.4409718971576,575.9976,607.4471,613.9295333333334,643.10245,False,True
1785628800000,575.14,590.99,574.03,588.46,77728.453,45408224.32141,1785715199999,592.2833039004,557.8939269275432,575.5738,606.9696,613.5336,641.3024,False,False
1785715200000,588.46,594.32,581.03,589.35,86837.856,50998006.31678,1785801599999,593.5616288652606,557.6577474789051,575.025,606.5778,613.2805333333333,639.5931499999999,False,False
1785801600000,589.35,594.96,588.0,593.18,72215.24,42732813.29762,1785887999999,594.8050685517709,556.661963311228,574.5312,606.1519999999999,613.1,637.86825,False,False
1785888000000,593.19,605.5,591.79,593.85,134610.256,80606618.00837,1785974399999,597.8964941991859,555.5570690147362,574.3094,605.8222000000001,612.9791333333334,636.1019,False,False
1785974400000,593.86,598.32,589.95,592.39,75644.29800000001,44917846.36265,1786060799999,599.7318336952176,556.7343757957026,574.1246,605.5006000000001,612.6974666666667,634.4013,False,False
1786060800000,592.4,594.68,585.3,592.57,93501.749,55217009.900189996,1786147199999,600.8410342794763,557.1609676233754,574.4064,605.2524000000001,612.3679333333332,632.74615,False,False
1786147200000,592.57,612.0,590.65,600.66,103985.027,62479071.97476,1786233599999,604.6125837233965,557.4546170589862,574.7912,605.1052,612.0292666666667,631.32845,False,False
1786233600000,600.66,611.55,600.21,602.23,84429.789,51111016.26459,1786319999999,607.7945714804722,557.6302904373649,575.0752,604.9741,611.6993333333332,629.9227999999999,False,False
1786320000000,602.22,606.84,597.32,599.23,88229.74,53151334.67447001,1786406399999,609.8558929724121,557.7139008268935,575.3752000000001,604.7861,611.3226666666667,628.47865,False,False
1786406400000,599.24,617.73,598.46,616.69,142486.98,86624340.94275,1786492799999,613.3732717317305,558.4012759344546,575.906,604.7803,611.0492666666668,627.1039499999999,False,False
1786492800000,616.69,620.55,608.83,610.44,105546.461,64735160.66792,1786579199999,616.7090149407491,559.0526771823053,576.5532,604.6584,610.6270666666667,625.7203,False,True
1786579200000,610.44,614.99,605.0,610.71,72494.102,44255146.05955,1786665599999,618.5157869829186,561.8885310113509,577.474,604.4613,610.1670666666666,624.44375,False,False
1786665600000,610.71,612.9,602.98,607.96,63640.087999999996,38649965.87462,1786751999999,619.4254888467808,564.0016280700493,578.4208,604.0635,609.7627333333332,623.0865,False,True
1786752000000,607.97,612.85,606.97,607.76,60763.282999999996,37095744.28868,1786838399999,620.3931243943217,565.5391524437866,579.2232,603.7709,609.466,621.6335,False,False
1786838400000,607.76,608.54,601.5,602.98,80369.888,48733468.5851,1786924799999,620.5569882776451,568.2175890064811,580.1388000000001,603.3071,609.2248666666667,620.13385,False,True
1786924800000,602.99,608.0,601.01,605.8,79044.355,47836393.02886,1787011199999,620.0516905439304,572.020180985863,581.2334000000001,602.8676,608.9828,618.8194,False,False
1787011200000,605.81,606.0,600.0,603.94,75872.892,45731760.08025,1787097599999,618.2796220749052,575.7456571418126,582.1218,602.2715000000001,608.8044,617.54505,False,False
1787097600000,603.95,636.59,601.39,627.51,226890.368,139973568.73042,1787183999999,623.4893187249459,578.7736072256579,583.7416000000001,601.8406,608.8117333333333,616.7757,True,False
1787184000000,627.51,658.3,622.28,654.8,263411.368,168679690.6682,1787270399999,633.1861196604145,578.5631950632518,585.8288,601.7391,608.9163333333333,616.257,False,False
1787270400000,654.8,692.0,653.24,687.0,355316.535,239510023.6642,1787356799999,649.6781708729626,575.9119618590515,588.3896,601.8923,609.241,615.8222999999999,False,False
1787356800000,687.0,726.08,681.8,695.28,404464.119,283271184.2221,1787443199999,670.9818842101047,570.8641897961787,590.819,602.0624,609.5584666666667,615.5247999999999,False,False
1787443200000,695.28,707.27,676.98,702.37,166582.503,115422183.7602,1787529599999,682.9998030097737,569.5646503935602,593.359,602.3623,610.0485333333334,615.5503,False,False
1787529600000,702.37,716.84,692.94,704.31,181212.211,127394807.91766,1787615999999,695.0663506740199,567.4401359139144,595.6478,602.8434000000001,610.6509333333333,616.03035,False,False
1787616000000,704.31,719.18,688.0,694.41,174433.512,122838744.3866,1787702399999,705.9467721579161,567.5094846656782,597.8158,603.2927,611.2064666666666,616.21635,False,False
1787702400000,694.42,708.39,691.4,707.52,138005.94,96543026.0402,1787788799999,713.5541316421072,568.8407952683714,600.4298,603.9326,611.8826666666666,616.51895,False,False
1787788800000,707.52,715.79,701.05,711.85,121214.221,85900057.34101,1787875199999,721.102937172734,571.2762635386085,603.2936,604.6509,612.5664,616.87855,False,False
1787875200000,711.84,719.99,685.39,691.47,146682.795,102950070.5203,1787961599999,728.6544398365232,575.2078813331431,605.7486,605.0706,613.06,617.15395,False,False
1787961600000,691.47,694.36,686.97,692.58,63792.521,44035293.4813,1788047999999,732.1334153491225,578.6535838790884,608.0916,605.4106,613.6051333333332,617.5176,False,False
1788048000000,692.58,704.04,679.09,684.74,96176.877,66804807.86567,1788134399999,735.898868829601,583.3453510573239,610.2934,605.7536,614.2799333333334,617.90075,False,False
1788134400000,684.73,694.73,682.29,691.44,92007.39499999999,63256754.08192,1788220799999,738.4270748080868,588.4705107886273,612.644,606.1054,614.9674666666666,618.2864999999999,False,False
