time,equity,adverse_equity,positions,cash
1641009600000,3000.0,3000.0,0,3000.0
1641024000000,3000.0,3000.0,0,3000.0
1641038400000,3000.0,3000.0,0,3000.0
1641052800000,3000.0,3000.0,0,3000.0
1641067200000,3000.0,3000.0,0,3000.0
1641081600000,3000.0,3000.0,0,3000.0
1641096000000,3000.0,3000.0,0,3000.0
1641110400000,3000.0,3000.0,0,3000.0
1641124800000,3000.0,3000.0,0,3000.0
1641139200000,3000.0,3000.0,0,3000.0
1641153600000,3000.0,3000.0,0,3000.0
1641168000000,3000.0,3000.0,0,3000.0
1641182400000,3000.0,3000.0,0,3000.0
1641196800000,3000.0,3000.0,0,3000.0
1641211200000,3000.0,3000.0,0,3000.0
1641225600000,3000.0,3000.0,0,3000.0
1641240000000,3000.0,3000.0,0,3000.0
1641254400000,3000.0,3000.0,0,3000.0
1641268800000,3000.0,3000.0,0,3000.0
1641283200000,3000.0,3000.0,0,3000.0
1641297600000,3000.0,3000.0,0,3000.0
1641312000000,3000.0,3000.0,0,3000.0
1641326400000,3000.0,3000.0,0,3000.0
1641340800000,3000.0,3000.0,0,3000.0
1641355200000,3000.0,3000.0,0,3000.0
1641369600000,3000.0,3000.0,0,3000.0
1641384000000,3000.0,3000.0,0,3000.0
1641398400000,3000.0,3000.0,0,3000.0
1641412800000,3000.0,3000.0,0,3000.0
1641427200000,3000.0,3000.0,0,3000.0
1641441600000,3000.0,3000.0,0,3000.0
1641456000000,3000.0,3000.0,0,3000.0
1641470400000,3000.0,3000.0,0,3000.0
1641484800000,3000.0,3000.0,0,3000.0
1641499200000,3000.0,3000.0,0,3000.0
1641513600000,3000.0,3000.0,0,3000.0
1641528000000,3000.0,3000.0,0,3000.0
1641542400000,3000.0,3000.0,0,3000.0
1641556800000,3000.0,3000.0,0,3000.0
1641571200000,3000.0,3000.0,0,3000.0
1641585600000,3000.0,3000.0,0,3000.0
1641600000000,3000.0,3000.0,0,3000.0
1641614400000,3000.0,3000.0,0,3000.0
1641628800000,3000.0,3000.0,0,3000.0
1641643200000,3000.0,3000.0,0,3000.0
1641657600000,3000.0,3000.0,0,3000.0
1641672000000,3000.0,3000.0,0,3000.0
1641686400000,3000.0,3000.0,0,3000.0
1641700800000,3000.0,3000.0,0,3000.0
1641715200000,3000.0,3000.0,0,3000.0
1641729600000,3000.0,3000.0,0,3000.0
1641744000000,3000.0,3000.0,0,3000.0
1641758400000,3000.0,3000.0,0,3000.0
1641772800000,3000.0,3000.0,0,3000.0
1641787200000,3000.0,3000.0,0,3000.0
1641801600000,3000.0,3000.0,0,3000.0
1641816000000,3000.0,3000.0,0,3000.0
1641830400000,3000.0,3000.0,0,3000.0
1641844800000,3000.0,3000.0,0,3000.0
1641859200000,3000.0,3000.0,0,3000.0
1641873600000,3000.0,3000.0,0,3000.0
1641888000000,3000.0,3000.0,0,3000.0
1641902400000,3000.0,3000.0,0,3000.0
1641916800000,3000.0,3000.0,0,3000.0
1641931200000,3000.0,3000.0,0,3000.0
1641945600000,3000.0,3000.0,0,3000.0
1641960000000,3000.0,3000.0,0,3000.0
1641974400000,3000.0,3000.0,0,3000.0
1641988800000,3000.0,3000.0,0,3000.0
1642003200000,3000.0,3000.0,0,3000.0
1642017600000,3000.0,3000.0,0,3000.0
1642032000000,3000.0,3000.0,0,3000.0
1642046400000,3000.0,3000.0,0,3000.0
1642060800000,3000.0,3000.0,0,3000.0
1642075200000,3000.0,3000.0,0,3000.0
1642089600000,3000.0,3000.0,0,3000.0
1642104000000,3000.0,3000.0,0,3000.0
1642118400000,3000.0,3000.0,0,3000.0
1642132800000,3000.0,3000.0,0,3000.0
1642147200000,3000.0,3000.0,0,3000.0
1642161600000,3000.0,3000.0,0,3000.0
1642176000000,3000.0,3000.0,0,3000.0
1642190400000,3000.0,3000.0,0,3000.0
1642204800000,3000.0,3000.0,0,3000.0
1642219200000,3000.0,3000.0,0,3000.0
1642233600000,3000.0,3000.0,0,3000.0
1642248000000,3000.0,3000.0,0,3000.0
1642262400000,3000.0,3000.0,0,3000.0
1642276800000,3000.0,3000.0,0,3000.0
1642291200000,3000.0,3000.0,0,3000.0
1642305600000,3000.0,3000.0,0,3000.0
1642320000000,3000.0,3000.0,0,3000.0
1642334400000,3000.0,3000.0,0,3000.0
1642348800000,3000.0,3000.0,0,3000.0
1642363200000,3000.0,3000.0,0,3000.0
1642377600000,3000.0,3000.0,0,3000.0
1642392000000,3000.0,3000.0,0,3000.0
1642406400000,3000.0,3000.0,0,3000.0
1642420800000,3000.0,3000.0,0,3000.0
1642435200000,3000.0,3000.0,0,3000.0
1642449600000,3000.0,3000.0,0,3000.0
1642464000000,3000.0,3000.0,0,3000.0
1642478400000,3000.0,3000.0,0,3000.0
1642492800000,3000.0,3000.0,0,3000.0
1642507200000,3000.0,3000.0,0,3000.0
1642521600000,3000.0,3000.0,0,3000.0
1642536000000,3000.0,3000.0,0,3000.0
1642550400000,3000.0,3000.0,0,3000.0
1642564800000,3000.0,3000.0,0,3000.0
1642579200000,3000.0,3000.0,0,3000.0
1642593600000,3000.0,3000.0,0,3000.0
1642608000000,3000.0,3000.0,0,3000.0
1642622400000,3000.0,3000.0,0,3000.0
1642636800000,3000.0,3000.0,0,3000.0
1642651200000,3000.0,3000.0,0,3000.0
1642665600000,3000.0,3000.0,0,3000.0
1642680000000,3000.0,3000.0,0,3000.0
1642694400000,3000.0,3000.0,0,3000.0
1642708800000,3000.0,3000.0,0,3000.0
1642723200000,3000.0,3000.0,0,3000.0
1642737600000,3000.0,3000.0,0,3000.0
1642752000000,3000.0,3000.0,0,3000.0
1642766400000,3000.0,3000.0,0,3000.0
1642780800000,3000.0,3000.0,0,3000.0
1642795200000,3000.0,3000.0,0,3000.0
1642809600000,3000.0,3000.0,0,3000.0
1642824000000,3000.0,3000.0,0,3000.0
1642838400000,3000.0,3000.0,0,3000.0
1642852800000,3000.0,3000.0,0,3000.0
1642867200000,3000.0,3000.0,0,3000.0
1642881600000,3000.0,3000.0,0,3000.0
1642896000000,3000.0,3000.0,0,3000.0
1642910400000,3000.0,3000.0,0,3000.0
1642924800000,3000.0,3000.0,0,3000.0
1642939200000,3000.0,3000.0,0,3000.0
1642953600000,3000.0,3000.0,0,3000.0
1642968000000,3000.0,3000.0,0,3000.0
1642982400000,3000.0,3000.0,0,3000.0
1642996800000,3000.0,3000.0,0,3000.0
1643011200000,3000.0,3000.0,0,3000.0
1643025600000,3000.0,3000.0,0,3000.0
1643040000000,3000.0,3000.0,0,3000.0
1643054400000,3000.0,3000.0,0,3000.0
1643068800000,3000.0,3000.0,0,3000.0
1643083200000,3000.0,3000.0,0,3000.0
1643097600000,3000.0,3000.0,0,3000.0
1643112000000,3000.0,3000.0,0,3000.0
1643126400000,3000.0,3000.0,0,3000.0
1643140800000,3000.0,3000.0,0,3000.0
1643155200000,3000.0,3000.0,0,3000.0
1643169600000,3000.0,3000.0,0,3000.0
1643184000000,3000.0,3000.0,0,3000.0
1643198400000,3000.0,3000.0,0,3000.0
1643212800000,3000.0,3000.0,0,3000.0
1643227200000,3000.0,3000.0,0,3000.0
1643241600000,3000.0,3000.0,0,3000.0
1643256000000,3000.0,3000.0,0,3000.0
1643270400000,3000.0,3000.0,0,3000.0
1643284800000,3000.0,3000.0,0,3000.0
1643299200000,3000.0,3000.0,0,3000.0
1643313600000,3000.0,3000.0,0,3000.0
1643328000000,3000.0,3000.0,0,3000.0
1643342400000,3000.0,3000.0,0,3000.0
1643356800000,3000.0,3000.0,0,3000.0
1643371200000,3000.0,3000.0,0,3000.0
1643385600000,3000.0,3000.0,0,3000.0
1643400000000,3000.0,3000.0,0,3000.0
1643414400000,3000.0,3000.0,0,3000.0
1643428800000,3000.0,3000.0,0,3000.0
1643443200000,3000.0,3000.0,0,3000.0
1643457600000,3000.0,3000.0,0,3000.0
1643472000000,3000.0,3000.0,0,3000.0
1643486400000,3000.0,3000.0,0,3000.0
1643500800000,3000.0,3000.0,0,3000.0
1643515200000,3000.0,3000.0,0,3000.0
1643529600000,3000.0,3000.0,0,3000.0
1643544000000,3000.0,3000.0,0,3000.0
1643558400000,3000.0,3000.0,0,3000.0
1643572800000,3000.0,3000.0,0,3000.0
1643587200000,3000.0,3000.0,0,3000.0
1643601600000,3000.0,3000.0,0,3000.0
1643616000000,3000.0,3000.0,0,3000.0
1643630400000,3000.0,3000.0,0,3000.0
1643644800000,3000.0,3000.0,0,3000.0
1643659200000,3000.0,3000.0,0,3000.0
1643673600000,3000.0,3000.0,0,3000.0
1643688000000,3000.0,3000.0,0,3000.0
1643702400000,3000.0,3000.0,0,3000.0
1643716800000,3000.0,3000.0,0,3000.0
1643731200000,3000.0,3000.0,0,3000.0
1643745600000,3000.0,3000.0,0,3000.0
1643760000000,3000.0,3000.0,0,3000.0
1643774400000,3000.0,3000.0,0,3000.0
1643788800000,3000.0,3000.0,0,3000.0
1643803200000,3000.0,3000.0,0,3000.0
1643817600000,3000.0,3000.0,0,3000.0
1643832000000,3000.0,3000.0,0,3000.0
1643846400000,3000.0,3000.0,0,3000.0
1643860800000,3000.0,3000.0,0,3000.0
1643875200000,3000.0,3000.0,0,3000.0
1643889600000,3000.0,3000.0,0,3000.0
1643904000000,3000.0,3000.0,0,3000.0
1643918400000,3000.0,3000.0,0,3000.0
1643932800000,3000.0,3000.0,0,3000.0
1643947200000,3000.0,3000.0,0,3000.0
1643961600000,3000.0,3000.0,0,3000.0
1643976000000,3000.0,3000.0,0,3000.0
1643990400000,3000.0,3000.0,0,3000.0
1644004800000,3000.0,3000.0,0,3000.0
1644019200000,3000.0,3000.0,0,3000.0
1644033600000,3000.0,3000.0,0,3000.0
1644048000000,3000.0,3000.0,0,3000.0
1644062400000,3000.0,3000.0,0,3000.0
1644076800000,3000.0,3000.0,0,3000.0
1644091200000,3000.0,3000.0,0,3000.0
1644105600000,3000.0,3000.0,0,3000.0
1644120000000,3000.0,3000.0,0,3000.0
1644134400000,3000.0,3000.0,0,3000.0
1644148800000,3000.0,3000.0,0,3000.0
1644163200000,3000.0,3000.0,0,3000.0
1644177600000,3000.0,3000.0,0,3000.0
1644192000000,3000.0,3000.0,0,3000.0
1644206400000,3000.0,3000.0,0,3000.0
1644220800000,3000.0,3000.0,0,3000.0
1644235200000,3000.0,3000.0,0,3000.0
1644249600000,3000.0,3000.0,0,3000.0
1644264000000,3000.0,3000.0,0,3000.0
1644278400000,3000.0,3000.0,0,3000.0
1644292800000,3000.0,3000.0,0,3000.0
1644307200000,3000.0,3000.0,0,3000.0
1644321600000,3000.0,3000.0,0,3000.0
1644336000000,3000.0,3000.0,0,3000.0
1644350400000,3000.0,3000.0,0,3000.0
1644364800000,3000.0,3000.0,0,3000.0
1644379200000,3000.0,3000.0,0,3000.0
1644393600000,3000.0,3000.0,0,3000.0
1644408000000,3000.0,3000.0,0,3000.0
1644422400000,3000.0,3000.0,0,3000.0
1644436800000,3000.0,3000.0,0,3000.0
1644451200000,3000.0,3000.0,0,3000.0
1644465600000,3000.0,3000.0,0,3000.0
1644480000000,3000.0,3000.0,0,3000.0
1644494400000,3000.0,3000.0,0,3000.0
1644508800000,3000.0,3000.0,0,3000.0
1644523200000,3000.0,3000.0,0,3000.0
1644537600000,3000.0,3000.0,0,3000.0
1644552000000,3000.0,3000.0,0,3000.0
1644566400000,3000.0,3000.0,0,3000.0
1644580800000,3000.0,3000.0,0,3000.0
1644595200000,3000.0,3000.0,0,3000.0
1644609600000,3000.0,3000.0,0,3000.0
1644624000000,3000.0,3000.0,0,3000.0
1644638400000,3000.0,3000.0,0,3000.0
1644652800000,3000.0,3000.0,0,3000.0
1644667200000,3000.0,3000.0,0,3000.0
1644681600000,3000.0,3000.0,0,3000.0
1644696000000,3000.0,3000.0,0,3000.0
1644710400000,3000.0,3000.0,0,3000.0
1644724800000,3000.0,3000.0,0,3000.0
1644739200000,3000.0,3000.0,0,3000.0
1644753600000,3000.0,3000.0,0,3000.0
1644768000000,3000.0,3000.0,0,3000.0
1644782400000,3000.0,3000.0,0,3000.0
1644796800000,3000.0,3000.0,0,3000.0
1644811200000,3000.0,3000.0,0,3000.0
1644825600000,3000.0,3000.0,0,3000.0
1644840000000,3000.0,3000.0,0,3000.0
1644854400000,3000.0,3000.0,0,3000.0
1644868800000,3000.0,3000.0,0,3000.0
1644883200000,3000.0,3000.0,0,3000.0
1644897600000,3000.0,3000.0,0,3000.0
1644912000000,3000.0,3000.0,0,3000.0
1644926400000,3000.0,3000.0,0,3000.0
1644940800000,3000.0,3000.0,0,3000.0
1644955200000,3000.0,3000.0,0,3000.0
1644969600000,3000.0,3000.0,0,3000.0
1644984000000,3000.0,3000.0,0,3000.0
1644998400000,3000.0,3000.0,0,3000.0
1645012800000,3000.0,3000.0,0,3000.0
1645027200000,3000.0,3000.0,0,3000.0
1645041600000,3000.0,3000.0,0,3000.0
1645056000000,3000.0,3000.0,0,3000.0
1645070400000,3000.0,3000.0,0,3000.0
1645084800000,3000.0,3000.0,0,3000.0
1645099200000,3000.0,3000.0,0,3000.0
1645113600000,3000.0,3000.0,0,3000.0
1645128000000,3000.0,3000.0,0,3000.0
1645142400000,3000.0,3000.0,0,3000.0
1645156800000,3000.0,3000.0,0,3000.0
1645171200000,3000.0,3000.0,0,3000.0
1645185600000,3000.0,3000.0,0,3000.0
1645200000000,3000.0,3000.0,0,3000.0
1645214400000,3000.0,3000.0,0,3000.0
1645228800000,3000.0,3000.0,0,3000.0
1645243200000,3000.0,3000.0,0,3000.0
1645257600000,3000.0,3000.0,0,3000.0
1645272000000,3000.0,3000.0,0,3000.0
1645286400000,3000.0,3000.0,0,3000.0
1645300800000,3000.0,3000.0,0,3000.0
1645315200000,3000.0,3000.0,0,3000.0
1645329600000,3000.0,3000.0,0,3000.0
1645344000000,3000.0,3000.0,0,3000.0
1645358400000,3000.0,3000.0,0,3000.0
1645372800000,3000.0,3000.0,0,3000.0
1645387200000,3000.0,3000.0,0,3000.0
1645401600000,3000.0,3000.0,0,3000.0
1645416000000,3000.0,3000.0,0,3000.0
1645430400000,3000.0,3000.0,0,3000.0
1645444800000,3000.0,3000.0,0,3000.0
1645459200000,3000.0,3000.0,0,3000.0
1645473600000,3000.0,3000.0,0,3000.0
1645488000000,3000.0,3000.0,0,3000.0
1645502400000,3000.0,3000.0,0,3000.0
1645516800000,3000.0,3000.0,0,3000.0
1645531200000,3000.0,3000.0,0,3000.0
1645545600000,3000.0,3000.0,0,3000.0
1645560000000,3000.0,3000.0,0,3000.0
1645574400000,3000.0,3000.0,0,3000.0
1645588800000,3000.0,3000.0,0,3000.0
1645603200000,3000.0,3000.0,0,3000.0
1645617600000,3000.0,3000.0,0,3000.0
1645632000000,3000.0,3000.0,0,3000.0
1645646400000,3000.0,3000.0,0,3000.0
1645660800000,3000.0,3000.0,0,3000.0
1645675200000,3000.0,3000.0,0,3000.0
1645689600000,3000.0,3000.0,0,3000.0
1645704000000,3000.0,3000.0,0,3000.0
1645718400000,3000.0,3000.0,0,3000.0
1645732800000,3000.0,3000.0,0,3000.0
1645747200000,3000.0,3000.0,0,3000.0
1645761600000,3000.0,3000.0,0,3000.0
1645776000000,3000.0,3000.0,0,3000.0
1645790400000,3000.0,3000.0,0,3000.0
1645804800000,3000.0,3000.0,0,3000.0
1645819200000,3000.0,3000.0,0,3000.0
1645833600000,3000.0,3000.0,0,3000.0
1645848000000,3000.0,3000.0,0,3000.0
1645862400000,3000.0,3000.0,0,3000.0
1645876800000,3000.0,3000.0,0,3000.0
1645891200000,3000.0,3000.0,0,3000.0
1645905600000,3000.0,3000.0,0,3000.0
1645920000000,3000.0,3000.0,0,3000.0
1645934400000,3000.0,3000.0,0,3000.0
1645948800000,3000.0,3000.0,0,3000.0
1645963200000,3000.0,3000.0,0,3000.0
1645977600000,3000.0,3000.0,0,3000.0
1645992000000,3000.0,3000.0,0,3000.0
1646006400000,3000.0,3000.0,0,3000.0
1646020800000,3000.0,3000.0,0,3000.0
1646035200000,3000.0,3000.0,0,3000.0
1646049600000,3000.0,3000.0,0,3000.0
1646064000000,3000.0,3000.0,0,3000.0
1646078400000,3000.0,3000.0,0,3000.0
1646092800000,3000.0,3000.0,0,3000.0
1646107200000,3000.0,3000.0,0,3000.0
1646121600000,3000.0,3000.0,0,3000.0
1646136000000,3000.0,3000.0,0,3000.0
1646150400000,3000.0,3000.0,0,3000.0
1646164800000,3000.0,3000.0,0,3000.0
1646179200000,3000.0,3000.0,0,3000.0
1646193600000,3000.0,3000.0,0,3000.0
1646208000000,3000.0,3000.0,0,3000.0
1646222400000,3000.0,3000.0,0,3000.0
1646236800000,3000.0,3000.0,0,3000.0
1646251200000,3000.0,3000.0,0,3000.0
1646265600000,3000.0,3000.0,0,3000.0
1646280000000,3000.0,3000.0,0,3000.0
1646294400000,3000.0,3000.0,0,3000.0
1646308800000,3000.0,3000.0,0,3000.0
1646323200000,3000.0,3000.0,0,3000.0
1646337600000,3000.0,3000.0,0,3000.0
1646352000000,3000.0,3000.0,0,3000.0
1646366400000,3000.0,3000.0,0,3000.0
1646380800000,3000.0,3000.0,0,3000.0
1646395200000,3000.0,3000.0,0,3000.0
1646409600000,3000.0,3000.0,0,3000.0
1646424000000,3000.0,3000.0,0,3000.0
1646438400000,3000.0,3000.0,0,3000.0
1646452800000,3000.0,3000.0,0,3000.0
1646467200000,3000.0,3000.0,0,3000.0
1646481600000,3000.0,3000.0,0,3000.0
1646496000000,3000.0,3000.0,0,3000.0
1646510400000,3000.0,3000.0,0,3000.0
1646524800000,3000.0,3000.0,0,3000.0
1646539200000,3000.0,3000.0,0,3000.0
1646553600000,3000.0,3000.0,0,3000.0
1646568000000,3000.0,3000.0,0,3000.0
1646582400000,3000.0,3000.0,0,3000.0
1646596800000,3000.0,3000.0,0,3000.0
1646611200000,3000.0,3000.0,0,3000.0
1646625600000,3000.0,3000.0,0,3000.0
1646640000000,3000.0,3000.0,0,3000.0
1646654400000,3000.0,3000.0,0,3000.0
1646668800000,3000.0,3000.0,0,3000.0
1646683200000,3000.0,3000.0,0,3000.0
1646697600000,3000.0,3000.0,0,3000.0
1646712000000,3000.0,3000.0,0,3000.0
1646726400000,3000.0,3000.0,0,3000.0
1646740800000,3000.0,3000.0,0,3000.0
1646755200000,3000.0,3000.0,0,3000.0
1646769600000,3000.0,3000.0,0,3000.0
1646784000000,3000.0,3000.0,0,3000.0
1646798400000,3000.0,3000.0,0,3000.0
1646812800000,3000.0,3000.0,0,3000.0
1646827200000,3000.0,3000.0,0,3000.0
1646841600000,3000.0,3000.0,0,3000.0
1646856000000,3000.0,3000.0,0,3000.0
1646870400000,3000.0,3000.0,0,3000.0
1646884800000,3000.0,3000.0,0,3000.0
1646899200000,3000.0,3000.0,0,3000.0
1646913600000,3000.0,3000.0,0,3000.0
1646928000000,3000.0,3000.0,0,3000.0
1646942400000,3000.0,3000.0,0,3000.0
1646956800000,3000.0,3000.0,0,3000.0
1646971200000,3000.0,3000.0,0,3000.0
1646985600000,3000.0,3000.0,0,3000.0
1647000000000,3000.0,3000.0,0,3000.0
1647014400000,3000.0,3000.0,0,3000.0
1647028800000,3000.0,3000.0,0,3000.0
1647043200000,3000.0,3000.0,0,3000.0
1647057600000,3000.0,3000.0,0,3000.0
1647072000000,3000.0,3000.0,0,3000.0
1647086400000,3000.0,3000.0,0,3000.0
1647100800000,3000.0,3000.0,0,3000.0
1647115200000,3000.0,3000.0,0,3000.0
1647129600000,3000.0,3000.0,0,3000.0
1647144000000,3000.0,3000.0,0,3000.0
1647158400000,3000.0,3000.0,0,3000.0
1647172800000,3000.0,3000.0,0,3000.0
1647187200000,3000.0,3000.0,0,3000.0
1647201600000,3000.0,3000.0,0,3000.0
1647216000000,3000.0,3000.0,0,3000.0
1647230400000,3000.0,3000.0,0,3000.0
1647244800000,3000.0,3000.0,0,3000.0
1647259200000,3000.0,3000.0,0,3000.0
1647273600000,3000.0,3000.0,0,3000.0
1647288000000,3000.0,3000.0,0,3000.0
1647302400000,3000.0,3000.0,0,3000.0
1647316800000,3000.0,3000.0,0,3000.0
1647331200000,3000.0,3000.0,0,3000.0
1647345600000,3000.0,3000.0,0,3000.0
1647360000000,3000.0,3000.0,0,3000.0
1647374400000,3000.0,3000.0,0,3000.0
1647388800000,3000.0,3000.0,0,3000.0
1647403200000,3000.0,3000.0,0,3000.0
1647417600000,3000.0,3000.0,0,3000.0
1647432000000,3000.0,3000.0,0,3000.0
1647446400000,3000.0,3000.0,0,3000.0
1647460800000,3000.0,3000.0,0,3000.0
1647475200000,3000.0,3000.0,0,3000.0
1647489600000,3000.0,3000.0,0,3000.0
1647504000000,3000.0,3000.0,0,3000.0
1647518400000,3000.0,3000.0,0,3000.0
1647532800000,3000.0,3000.0,0,3000.0
1647547200000,3000.0,3000.0,0,3000.0
1647561600000,3000.0,3000.0,0,3000.0
1647576000000,3000.0,3000.0,0,3000.0
1647590400000,3000.0,3000.0,0,3000.0
1647604800000,3000.0,3000.0,0,3000.0
1647619200000,3000.0,3000.0,0,3000.0
1647633600000,3000.0,3000.0,0,3000.0
1647648000000,3000.0,3000.0,0,3000.0
1647662400000,3000.0,3000.0,0,3000.0
1647676800000,3000.0,3000.0,0,3000.0
1647691200000,3000.0,3000.0,0,3000.0
1647705600000,3000.0,3000.0,0,3000.0
1647720000000,3000.0,3000.0,0,3000.0
1647734400000,3000.0,3000.0,0,3000.0
1647748800000,3000.0,3000.0,0,3000.0
1647763200000,3000.0,3000.0,0,3000.0
1647777600000,3000.0,3000.0,0,3000.0
1647792000000,3000.0,3000.0,0,3000.0
1647806400000,3000.0,3000.0,0,3000.0
1647820800000,3000.0,3000.0,0,3000.0
1647835200000,3000.0,3000.0,0,3000.0
1647849600000,3000.0,3000.0,0,3000.0
1647864000000,3000.0,3000.0,0,3000.0
1647878400000,3000.0,3000.0,0,3000.0
1647892800000,3000.0,3000.0,0,3000.0
1647907200000,3000.0,3000.0,0,3000.0
1647921600000,3000.0,3000.0,0,3000.0
1647936000000,3000.0,3000.0,0,3000.0
1647950400000,3000.0,3000.0,0,3000.0
1647964800000,3000.0,3000.0,0,3000.0
1647979200000,3000.0,3000.0,0,3000.0
1647993600000,3000.0,3000.0,0,3000.0
1648008000000,3000.0,3000.0,0,3000.0
1648022400000,3000.0,3000.0,0,3000.0
1648036800000,3000.0,3000.0,0,3000.0
1648051200000,3000.0,3000.0,0,3000.0
1648065600000,3000.0,3000.0,0,3000.0
1648080000000,3000.0,3000.0,0,3000.0
1648094400000,3000.0,3000.0,0,3000.0
1648108800000,3000.0,3000.0,0,3000.0
1648123200000,3000.0,3000.0,0,3000.0
1648137600000,3000.0,3000.0,0,3000.0
1648152000000,3000.0,3000.0,0,3000.0
1648166400000,3000.0,3000.0,0,3000.0
1648180800000,3000.0,3000.0,0,3000.0
1648195200000,3000.0,3000.0,0,3000.0
1648209600000,3000.0,3000.0,0,3000.0
1648224000000,3000.0,3000.0,0,3000.0
1648238400000,3000.0,3000.0,0,3000.0
1648252800000,3000.0,3000.0,0,3000.0
1648267200000,3000.0,3000.0,0,3000.0
1648281600000,3000.0,3000.0,0,3000.0
1648296000000,3000.0,3000.0,0,3000.0
1648310400000,3000.0,3000.0,0,3000.0
1648324800000,3000.0,3000.0,0,3000.0
1648339200000,3000.0,3000.0,0,3000.0
1648353600000,3000.0,3000.0,0,3000.0
1648368000000,3000.0,3000.0,0,3000.0
1648382400000,3000.0,3000.0,0,3000.0
1648396800000,3000.0,3000.0,0,3000.0
1648411200000,3000.0,3000.0,0,3000.0
1648425600000,3000.0,3000.0,0,3000.0
1648440000000,3000.0,3000.0,0,3000.0
1648454400000,3000.0,3000.0,0,3000.0
1648468800000,3000.0,3000.0,0,3000.0
1648483200000,3000.0,3000.0,0,3000.0
1648497600000,3000.0,3000.0,0,3000.0
1648512000000,3000.0,3000.0,0,3000.0
1648526400000,3000.0,3000.0,0,3000.0
1648540800000,3000.0,3000.0,0,3000.0
1648555200000,3000.0,3000.0,0,3000.0
1648569600000,3000.0,3000.0,0,3000.0
1648584000000,3000.0,3000.0,0,3000.0
1648598400000,3000.0,3000.0,0,3000.0
1648612800000,3000.0,3000.0,0,3000.0
1648627200000,3000.0,3000.0,0,3000.0
1648641600000,3000.0,3000.0,0,3000.0
1648656000000,3000.0,3000.0,0,3000.0
1648670400000,3000.0,3000.0,0,3000.0
1648684800000,3000.0,3000.0,0,3000.0
1648699200000,3000.0,3000.0,0,3000.0
1648713600000,3000.0,3000.0,0,3000.0
1648728000000,3000.0,3000.0,0,3000.0
1648742400000,3000.0,3000.0,0,3000.0
1648756800000,3000.0,3000.0,0,3000.0
1648771200000,3000.0,3000.0,0,3000.0
1648785600000,3000.0,3000.0,0,3000.0
1648800000000,3000.0,3000.0,0,3000.0
1648814400000,3000.0,3000.0,0,3000.0
1648828800000,3000.0,3000.0,0,3000.0
1648843200000,3000.0,3000.0,0,3000.0
1648857600000,3000.0,3000.0,0,3000.0
1648872000000,3000.0,3000.0,0,3000.0
1648886400000,3000.0,3000.0,0,3000.0
1648900800000,3000.0,3000.0,0,3000.0
1648915200000,3000.0,3000.0,0,3000.0
1648929600000,3000.0,3000.0,0,3000.0
1648944000000,3000.0,3000.0,0,3000.0
1648958400000,3000.0,3000.0,0,3000.0
1648972800000,3000.0,3000.0,0,3000.0
1648987200000,3000.0,3000.0,0,3000.0
1649001600000,3000.0,3000.0,0,3000.0
1649016000000,3000.0,3000.0,0,3000.0
1649030400000,3000.0,3000.0,0,3000.0
1649044800000,3000.0,3000.0,0,3000.0
1649059200000,3000.0,3000.0,0,3000.0
1649073600000,3000.0,3000.0,0,3000.0
1649088000000,3000.0,3000.0,0,3000.0
1649102400000,3000.0,3000.0,0,3000.0
1649116800000,3000.0,3000.0,0,3000.0
1649131200000,3000.0,3000.0,0,3000.0
1649145600000,3000.0,3000.0,0,3000.0
1649160000000,3000.0,3000.0,0,3000.0
1649174400000,3000.0,3000.0,0,3000.0
1649188800000,3000.0,3000.0,0,3000.0
1649203200000,3000.0,3000.0,0,3000.0
1649217600000,3000.0,3000.0,0,3000.0
1649232000000,3000.0,3000.0,0,3000.0
1649246400000,3000.0,3000.0,0,3000.0
1649260800000,3000.0,3000.0,0,3000.0
1649275200000,3000.0,3000.0,0,3000.0
1649289600000,3000.0,3000.0,0,3000.0
1649304000000,3000.0,3000.0,0,3000.0
1649318400000,3000.0,3000.0,0,3000.0
1649332800000,3000.0,3000.0,0,3000.0
1649347200000,3000.0,3000.0,0,3000.0
1649361600000,3000.0,3000.0,0,3000.0
1649376000000,3000.0,3000.0,0,3000.0
1649390400000,3000.0,3000.0,0,3000.0
1649404800000,3000.0,3000.0,0,3000.0
1649419200000,3000.0,3000.0,0,3000.0
1649433600000,3000.0,3000.0,0,3000.0
1649448000000,3000.0,3000.0,0,3000.0
1649462400000,3000.0,3000.0,0,3000.0
1649476800000,3000.0,3000.0,0,3000.0
1649491200000,3000.0,3000.0,0,3000.0
1649505600000,3000.0,3000.0,0,3000.0
1649520000000,3000.0,3000.0,0,3000.0
1649534400000,3000.0,3000.0,0,3000.0
1649548800000,3000.0,3000.0,0,3000.0
1649563200000,3000.0,3000.0,0,3000.0
1649577600000,3000.0,3000.0,0,3000.0
1649592000000,3000.0,3000.0,0,3000.0
1649606400000,3000.0,3000.0,0,3000.0
1649620800000,3000.0,3000.0,0,3000.0
1649635200000,3000.0,3000.0,0,3000.0
1649649600000,3000.0,3000.0,0,3000.0
1649664000000,3000.0,3000.0,0,3000.0
1649678400000,3000.0,3000.0,0,3000.0
1649692800000,3000.0,3000.0,0,3000.0
1649707200000,3000.0,3000.0,0,3000.0
1649721600000,3000.0,3000.0,0,3000.0
1649736000000,3000.0,3000.0,0,3000.0
1649750400000,3000.0,3000.0,0,3000.0
1649764800000,3000.0,3000.0,0,3000.0
1649779200000,3000.0,3000.0,0,3000.0
1649793600000,3000.0,3000.0,0,3000.0
1649808000000,3000.0,3000.0,0,3000.0
1649822400000,3000.0,3000.0,0,3000.0
1649836800000,3000.0,3000.0,0,3000.0
1649851200000,3000.0,3000.0,0,3000.0
1649865600000,3000.0,3000.0,0,3000.0
1649880000000,3000.0,3000.0,0,3000.0
1649894400000,3000.0,3000.0,0,3000.0
1649908800000,3000.0,3000.0,0,3000.0
1649923200000,3000.0,3000.0,0,3000.0
1649937600000,3000.0,3000.0,0,3000.0
1649952000000,3000.0,3000.0,0,3000.0
1649966400000,3000.0,3000.0,0,3000.0
1649980800000,3000.0,3000.0,0,3000.0
1649995200000,3000.0,3000.0,0,3000.0
1650009600000,3000.0,3000.0,0,3000.0
1650024000000,3000.0,3000.0,0,3000.0
1650038400000,3000.0,3000.0,0,3000.0
1650052800000,3000.0,3000.0,0,3000.0
1650067200000,3000.0,3000.0,0,3000.0
1650081600000,3000.0,3000.0,0,3000.0
1650096000000,3000.0,3000.0,0,3000.0
1650110400000,3000.0,3000.0,0,3000.0
1650124800000,3000.0,3000.0,0,3000.0
1650139200000,3000.0,3000.0,0,3000.0
1650153600000,3000.0,3000.0,0,3000.0
1650168000000,3000.0,3000.0,0,3000.0
1650182400000,3000.0,3000.0,0,3000.0
1650196800000,3000.0,3000.0,0,3000.0
1650211200000,3000.0,3000.0,0,3000.0
1650225600000,3000.0,3000.0,0,3000.0
1650240000000,3000.0,3000.0,0,3000.0
1650254400000,3000.0,3000.0,0,3000.0
1650268800000,3000.0,3000.0,0,3000.0
1650283200000,3000.0,3000.0,0,3000.0
1650297600000,3000.0,3000.0,0,3000.0
1650312000000,3000.0,3000.0,0,3000.0
1650326400000,3000.0,3000.0,0,3000.0
1650340800000,3000.0,3000.0,0,3000.0
1650355200000,3000.0,3000.0,0,3000.0
1650369600000,3000.0,3000.0,0,3000.0
1650384000000,3000.0,3000.0,0,3000.0
1650398400000,3000.0,3000.0,0,3000.0
1650412800000,3000.0,3000.0,0,3000.0
1650427200000,3000.0,3000.0,0,3000.0
1650441600000,3000.0,3000.0,0,3000.0
1650456000000,3000.0,3000.0,0,3000.0
1650470400000,3000.0,3000.0,0,3000.0
1650484800000,3000.0,3000.0,0,3000.0
1650499200000,3000.0,3000.0,0,3000.0
1650513600000,3000.0,3000.0,0,3000.0
1650528000000,3000.0,3000.0,0,3000.0
1650542400000,3000.0,3000.0,0,3000.0
1650556800000,3000.0,3000.0,0,3000.0
1650571200000,3000.0,3000.0,0,3000.0
1650585600000,3000.0,3000.0,0,3000.0
1650600000000,3000.0,3000.0,0,3000.0
1650614400000,3000.0,3000.0,0,3000.0
1650628800000,3000.0,3000.0,0,3000.0
1650643200000,3000.0,3000.0,0,3000.0
1650657600000,3000.0,3000.0,0,3000.0
1650672000000,3000.0,3000.0,0,3000.0
1650686400000,3000.0,3000.0,0,3000.0
1650700800000,3000.0,3000.0,0,3000.0
1650715200000,3000.0,3000.0,0,3000.0
1650729600000,3000.0,3000.0,0,3000.0
1650744000000,3000.0,3000.0,0,3000.0
1650758400000,3000.0,3000.0,0,3000.0
1650772800000,3000.0,3000.0,0,3000.0
1650787200000,3000.0,3000.0,0,3000.0
1650801600000,3000.0,3000.0,0,3000.0
1650816000000,3000.0,3000.0,0,3000.0
1650830400000,3000.0,3000.0,0,3000.0
1650844800000,3000.0,3000.0,0,3000.0
1650859200000,3000.0,3000.0,0,3000.0
1650873600000,3000.0,3000.0,0,3000.0
1650888000000,3000.0,3000.0,0,3000.0
1650902400000,3000.0,3000.0,0,3000.0
1650916800000,3000.0,3000.0,0,3000.0
1650931200000,3000.0,3000.0,0,3000.0
1650945600000,3000.0,3000.0,0,3000.0
1650960000000,3000.0,3000.0,0,3000.0
1650974400000,3000.0,3000.0,0,3000.0
1650988800000,3000.0,3000.0,0,3000.0
1651003200000,3000.0,3000.0,0,3000.0
1651017600000,3000.0,3000.0,0,3000.0
1651032000000,3000.0,3000.0,0,3000.0
1651046400000,3000.0,3000.0,0,3000.0
1651060800000,3000.0,3000.0,0,3000.0
1651075200000,3000.0,3000.0,0,3000.0
1651089600000,3000.0,3000.0,0,3000.0
1651104000000,3000.0,3000.0,0,3000.0
1651118400000,3000.0,3000.0,0,3000.0
1651132800000,3000.0,3000.0,0,3000.0
1651147200000,3000.0,3000.0,0,3000.0
1651161600000,3000.0,3000.0,0,3000.0
1651176000000,3000.0,3000.0,0,3000.0
1651190400000,3000.0,3000.0,0,3000.0
1651204800000,3000.0,3000.0,0,3000.0
1651219200000,3000.0,3000.0,0,3000.0
1651233600000,3000.0,3000.0,0,3000.0
1651248000000,3000.0,3000.0,0,3000.0
1651262400000,3000.0,3000.0,0,3000.0
1651276800000,3000.0,3000.0,0,3000.0
1651291200000,3000.0,3000.0,0,3000.0
1651305600000,3000.0,3000.0,0,3000.0
1651320000000,3000.0,3000.0,0,3000.0
1651334400000,3000.0,3000.0,0,3000.0
1651348800000,3000.0,3000.0,0,3000.0
1651363200000,3000.0,3000.0,0,3000.0
1651377600000,3000.0,3000.0,0,3000.0
1651392000000,3000.0,3000.0,0,3000.0
1651406400000,3000.0,3000.0,0,3000.0
1651420800000,3000.0,3000.0,0,3000.0
1651435200000,3000.0,3000.0,0,3000.0
1651449600000,3000.0,3000.0,0,3000.0
1651464000000,3000.0,3000.0,0,3000.0
1651478400000,3000.0,3000.0,0,3000.0
1651492800000,3000.0,3000.0,0,3000.0
1651507200000,3000.0,3000.0,0,3000.0
1651521600000,3000.0,3000.0,0,3000.0
1651536000000,3000.0,3000.0,0,3000.0
1651550400000,3000.0,3000.0,0,3000.0
1651564800000,3000.0,3000.0,0,3000.0
1651579200000,3000.0,3000.0,0,3000.0
1651593600000,3000.0,3000.0,0,3000.0
1651608000000,3000.0,3000.0,0,3000.0
1651622400000,3000.0,3000.0,0,3000.0
1651636800000,3000.0,3000.0,0,3000.0
1651651200000,3000.0,3000.0,0,3000.0
1651665600000,3000.0,3000.0,0,3000.0
1651680000000,3000.0,3000.0,0,3000.0
1651694400000,3000.0,3000.0,0,3000.0
1651708800000,3000.0,3000.0,0,3000.0
1651723200000,3000.0,3000.0,0,3000.0
1651737600000,3000.0,3000.0,0,3000.0
1651752000000,3000.0,3000.0,0,3000.0
1651766400000,3000.0,3000.0,0,3000.0
1651780800000,3000.0,3000.0,0,3000.0
1651795200000,3000.0,3000.0,0,3000.0
1651809600000,3000.0,3000.0,0,3000.0
1651824000000,3000.0,3000.0,0,3000.0
1651838400000,3000.0,3000.0,0,3000.0
1651852800000,3000.0,3000.0,0,3000.0
1651867200000,3000.0,3000.0,0,3000.0
1651881600000,3000.0,3000.0,0,3000.0
1651896000000,3000.0,3000.0,0,3000.0
1651910400000,3000.0,3000.0,0,3000.0
1651924800000,3000.0,3000.0,0,3000.0
1651939200000,3000.0,3000.0,0,3000.0
1651953600000,3000.0,3000.0,0,3000.0
1651968000000,3000.0,3000.0,0,3000.0
1651982400000,3000.0,3000.0,0,3000.0
1651996800000,3000.0,3000.0,0,3000.0
1652011200000,3000.0,3000.0,0,3000.0
1652025600000,3000.0,3000.0,0,3000.0
1652040000000,3000.0,3000.0,0,3000.0
1652054400000,3000.0,3000.0,0,3000.0
1652068800000,3000.0,3000.0,0,3000.0
1652083200000,3000.0,3000.0,0,3000.0
1652097600000,3000.0,3000.0,0,3000.0
1652112000000,3000.0,3000.0,0,3000.0
1652126400000,3000.0,3000.0,0,3000.0
1652140800000,3000.0,3000.0,0,3000.0
1652155200000,3000.0,3000.0,0,3000.0
1652169600000,3000.0,3000.0,0,3000.0
1652184000000,3000.0,3000.0,0,3000.0
1652198400000,3000.0,3000.0,0,3000.0
1652212800000,3000.0,3000.0,0,3000.0
1652227200000,3000.0,3000.0,0,3000.0
1652241600000,3000.0,3000.0,0,3000.0
1652256000000,3000.0,3000.0,0,3000.0
1652270400000,3000.0,3000.0,0,3000.0
1652284800000,3000.0,3000.0,0,3000.0
1652299200000,3000.0,3000.0,0,3000.0
1652313600000,3000.0,3000.0,0,3000.0
1652328000000,3000.0,3000.0,0,3000.0
1652342400000,3000.0,3000.0,0,3000.0
1652356800000,3000.0,3000.0,0,3000.0
1652371200000,3000.0,3000.0,0,3000.0
1652385600000,3000.0,3000.0,0,3000.0
1652400000000,3000.0,3000.0,0,3000.0
1652414400000,3000.0,3000.0,0,3000.0
1652428800000,3000.0,3000.0,0,3000.0
1652443200000,3000.0,3000.0,0,3000.0
1652457600000,3000.0,3000.0,0,3000.0
1652472000000,3000.0,3000.0,0,3000.0
1652486400000,3000.0,3000.0,0,3000.0
1652500800000,3000.0,3000.0,0,3000.0
1652515200000,3000.0,3000.0,0,3000.0
1652529600000,3000.0,3000.0,0,3000.0
1652544000000,3000.0,3000.0,0,3000.0
1652558400000,3000.0,3000.0,0,3000.0
1652572800000,3000.0,3000.0,0,3000.0
1652587200000,3000.0,3000.0,0,3000.0
1652601600000,3000.0,3000.0,0,3000.0
1652616000000,3000.0,3000.0,0,3000.0
1652630400000,3000.0,3000.0,0,3000.0
1652644800000,3000.0,3000.0,0,3000.0
1652659200000,3000.0,3000.0,0,3000.0
1652673600000,3000.0,3000.0,0,3000.0
1652688000000,3000.0,3000.0,0,3000.0
1652702400000,3000.0,3000.0,0,3000.0
1652716800000,3000.0,3000.0,0,3000.0
1652731200000,3000.0,3000.0,0,3000.0
1652745600000,3000.0,3000.0,0,3000.0
1652760000000,3000.0,3000.0,0,3000.0
1652774400000,3000.0,3000.0,0,3000.0
1652788800000,3000.0,3000.0,0,3000.0
1652803200000,3000.0,3000.0,0,3000.0
1652817600000,3000.0,3000.0,0,3000.0
1652832000000,3000.0,3000.0,0,3000.0
1652846400000,3000.0,3000.0,0,3000.0
1652860800000,3000.0,3000.0,0,3000.0
1652875200000,3000.0,3000.0,0,3000.0
1652889600000,3000.0,3000.0,0,3000.0
1652904000000,3000.0,3000.0,0,3000.0
1652918400000,3000.0,3000.0,0,3000.0
1652932800000,3000.0,3000.0,0,3000.0
1652947200000,3000.0,3000.0,0,3000.0
1652961600000,3000.0,3000.0,0,3000.0
1652976000000,3000.0,3000.0,0,3000.0
1652990400000,3000.0,3000.0,0,3000.0
1653004800000,3000.0,3000.0,0,3000.0
1653019200000,3000.0,3000.0,0,3000.0
1653033600000,3000.0,3000.0,0,3000.0
1653048000000,3000.0,3000.0,0,3000.0
1653062400000,3000.0,3000.0,0,3000.0
1653076800000,3000.0,3000.0,0,3000.0
1653091200000,3000.0,3000.0,0,3000.0
1653105600000,3000.0,3000.0,0,3000.0
1653120000000,3000.0,3000.0,0,3000.0
1653134400000,3000.0,3000.0,0,3000.0
1653148800000,3000.0,3000.0,0,3000.0
1653163200000,3000.0,3000.0,0,3000.0
1653177600000,3000.0,3000.0,0,3000.0
1653192000000,3000.0,3000.0,0,3000.0
1653206400000,3000.0,3000.0,0,3000.0
1653220800000,3000.0,3000.0,0,3000.0
1653235200000,3000.0,3000.0,0,3000.0
1653249600000,3000.0,3000.0,0,3000.0
1653264000000,3000.0,3000.0,0,3000.0
1653278400000,3000.0,3000.0,0,3000.0
1653292800000,3000.0,3000.0,0,3000.0
1653307200000,3000.0,3000.0,0,3000.0
1653321600000,3000.0,3000.0,0,3000.0
1653336000000,3000.0,3000.0,0,3000.0
1653350400000,3000.0,3000.0,0,3000.0
1653364800000,3000.0,3000.0,0,3000.0
1653379200000,3000.0,3000.0,0,3000.0
1653393600000,3000.0,3000.0,0,3000.0
1653408000000,3000.0,3000.0,0,3000.0
1653422400000,3000.0,3000.0,0,3000.0
1653436800000,3000.0,3000.0,0,3000.0
1653451200000,3000.0,3000.0,0,3000.0
1653465600000,3000.0,3000.0,0,3000.0
1653480000000,3000.0,3000.0,0,3000.0
1653494400000,3000.0,3000.0,0,3000.0
1653508800000,3000.0,3000.0,0,3000.0
1653523200000,3000.0,3000.0,0,3000.0
1653537600000,3000.0,3000.0,0,3000.0
1653552000000,3000.0,3000.0,0,3000.0
1653566400000,3000.0,3000.0,0,3000.0
1653580800000,3000.0,3000.0,0,3000.0
1653595200000,3000.0,3000.0,0,3000.0
1653609600000,3000.0,3000.0,0,3000.0
1653624000000,3000.0,3000.0,0,3000.0
1653638400000,3000.0,3000.0,0,3000.0
1653652800000,3000.0,3000.0,0,3000.0
1653667200000,3000.0,3000.0,0,3000.0
1653681600000,3000.0,3000.0,0,3000.0
1653696000000,3000.0,3000.0,0,3000.0
1653710400000,3000.0,3000.0,0,3000.0
1653724800000,3000.0,3000.0,0,3000.0
1653739200000,3000.0,3000.0,0,3000.0
1653753600000,3000.0,3000.0,0,3000.0
1653768000000,3000.0,3000.0,0,3000.0
1653782400000,3000.0,3000.0,0,3000.0
1653796800000,3000.0,3000.0,0,3000.0
1653811200000,3000.0,3000.0,0,3000.0
1653825600000,3000.0,3000.0,0,3000.0
1653840000000,3000.0,3000.0,0,3000.0
1653854400000,3000.0,3000.0,0,3000.0
1653868800000,3000.0,3000.0,0,3000.0
1653883200000,3000.0,3000.0,0,3000.0
1653897600000,3000.0,3000.0,0,3000.0
1653912000000,3000.0,3000.0,0,3000.0
1653926400000,3000.0,3000.0,0,3000.0
1653940800000,3000.0,3000.0,0,3000.0
1653955200000,3000.0,3000.0,0,3000.0
1653969600000,3000.0,3000.0,0,3000.0
1653984000000,3000.0,3000.0,0,3000.0
1653998400000,3000.0,3000.0,0,3000.0
1654012800000,3000.0,3000.0,0,3000.0
1654027200000,3000.0,3000.0,0,3000.0
1654041600000,3000.0,3000.0,0,3000.0
1654056000000,3000.0,3000.0,0,3000.0
1654070400000,3000.0,3000.0,0,3000.0
1654084800000,3000.0,3000.0,0,3000.0
1654099200000,3000.0,3000.0,0,3000.0
1654113600000,3000.0,3000.0,0,3000.0
1654128000000,3000.0,3000.0,0,3000.0
1654142400000,3000.0,3000.0,0,3000.0
1654156800000,3000.0,3000.0,0,3000.0
1654171200000,3000.0,3000.0,0,3000.0
1654185600000,3000.0,3000.0,0,3000.0
1654200000000,3000.0,3000.0,0,3000.0
1654214400000,3000.0,3000.0,0,3000.0
1654228800000,3000.0,3000.0,0,3000.0
1654243200000,3000.0,3000.0,0,3000.0
1654257600000,3000.0,3000.0,0,3000.0
1654272000000,3000.0,3000.0,0,3000.0
1654286400000,3000.0,3000.0,0,3000.0
1654300800000,3000.0,3000.0,0,3000.0
1654315200000,3000.0,3000.0,0,3000.0
1654329600000,3000.0,3000.0,0,3000.0
1654344000000,3000.0,3000.0,0,3000.0
1654358400000,3000.0,3000.0,0,3000.0
1654372800000,3000.0,3000.0,0,3000.0
1654387200000,3000.0,3000.0,0,3000.0
1654401600000,3000.0,3000.0,0,3000.0
1654416000000,3000.0,3000.0,0,3000.0
1654430400000,3000.0,3000.0,0,3000.0
1654444800000,3000.0,3000.0,0,3000.0
1654459200000,3000.0,3000.0,0,3000.0
1654473600000,3000.0,3000.0,0,3000.0
1654488000000,3000.0,3000.0,0,3000.0
1654502400000,3000.0,3000.0,0,3000.0
1654516800000,3000.0,3000.0,0,3000.0
1654531200000,3000.0,3000.0,0,3000.0
1654545600000,3000.0,3000.0,0,3000.0
1654560000000,3000.0,3000.0,0,3000.0
1654574400000,3000.0,3000.0,0,3000.0
1654588800000,3000.0,3000.0,0,3000.0
1654603200000,3000.0,3000.0,0,3000.0
1654617600000,3000.0,3000.0,0,3000.0
1654632000000,3000.0,3000.0,0,3000.0
1654646400000,3000.0,3000.0,0,3000.0
1654660800000,3000.0,3000.0,0,3000.0
1654675200000,3000.0,3000.0,0,3000.0
1654689600000,3000.0,3000.0,0,3000.0
1654704000000,3000.0,3000.0,0,3000.0
1654718400000,3000.0,3000.0,0,3000.0
1654732800000,3000.0,3000.0,0,3000.0
1654747200000,3000.0,3000.0,0,3000.0
1654761600000,3000.0,3000.0,0,3000.0
1654776000000,3000.0,3000.0,0,3000.0
1654790400000,3000.0,3000.0,0,3000.0
1654804800000,3000.0,3000.0,0,3000.0
1654819200000,3000.0,3000.0,0,3000.0
1654833600000,3000.0,3000.0,0,3000.0
1654848000000,3000.0,3000.0,0,3000.0
1654862400000,3000.0,3000.0,0,3000.0
1654876800000,3000.0,3000.0,0,3000.0
1654891200000,3000.0,3000.0,0,3000.0
1654905600000,3000.0,3000.0,0,3000.0
1654920000000,3000.0,3000.0,0,3000.0
1654934400000,3000.0,3000.0,0,3000.0
1654948800000,3000.0,3000.0,0,3000.0
1654963200000,3000.0,3000.0,0,3000.0
1654977600000,3000.0,3000.0,0,3000.0
1654992000000,3000.0,3000.0,0,3000.0
1655006400000,3000.0,3000.0,0,3000.0
1655020800000,3000.0,3000.0,0,3000.0
1655035200000,3000.0,3000.0,0,3000.0
1655049600000,3000.0,3000.0,0,3000.0
1655064000000,3000.0,3000.0,0,3000.0
1655078400000,3000.0,3000.0,0,3000.0
1655092800000,3000.0,3000.0,0,3000.0
1655107200000,3000.0,3000.0,0,3000.0
1655121600000,3000.0,3000.0,0,3000.0
1655136000000,3000.0,3000.0,0,3000.0
1655150400000,3000.0,3000.0,0,3000.0
1655164800000,3000.0,3000.0,0,3000.0
1655179200000,3000.0,3000.0,0,3000.0
1655193600000,3000.0,3000.0,0,3000.0
1655208000000,3000.0,3000.0,0,3000.0
1655222400000,3000.0,3000.0,0,3000.0
1655236800000,3000.0,3000.0,0,3000.0
1655251200000,3000.0,3000.0,0,3000.0
1655265600000,3000.0,3000.0,0,3000.0
1655280000000,3000.0,3000.0,0,3000.0
1655294400000,3000.0,3000.0,0,3000.0
1655308800000,3000.0,3000.0,0,3000.0
1655323200000,3000.0,3000.0,0,3000.0
1655337600000,3000.0,3000.0,0,3000.0
1655352000000,3000.0,3000.0,0,3000.0
1655366400000,3000.0,3000.0,0,3000.0
1655380800000,3000.0,3000.0,0,3000.0
1655395200000,3000.0,3000.0,0,3000.0
1655409600000,3000.0,3000.0,0,3000.0
1655424000000,3000.0,3000.0,0,3000.0
1655438400000,3000.0,3000.0,0,3000.0
1655452800000,3000.0,3000.0,0,3000.0
1655467200000,3000.0,3000.0,0,3000.0
1655481600000,3000.0,3000.0,0,3000.0
1655496000000,3000.0,3000.0,0,3000.0
1655510400000,3000.0,3000.0,0,3000.0
1655524800000,3000.0,3000.0,0,3000.0
1655539200000,3000.0,3000.0,0,3000.0
1655553600000,3000.0,3000.0,0,3000.0
1655568000000,3000.0,3000.0,0,3000.0
1655582400000,3000.0,3000.0,0,3000.0
1655596800000,3000.0,3000.0,0,3000.0
1655611200000,3000.0,3000.0,0,3000.0
1655625600000,3000.0,3000.0,0,3000.0
1655640000000,3000.0,3000.0,0,3000.0
1655654400000,3000.0,3000.0,0,3000.0
1655668800000,3000.0,3000.0,0,3000.0
1655683200000,3000.0,3000.0,0,3000.0
1655697600000,3000.0,3000.0,0,3000.0
1655712000000,3000.0,3000.0,0,3000.0
1655726400000,3000.0,3000.0,0,3000.0
1655740800000,3000.0,3000.0,0,3000.0
1655755200000,3000.0,3000.0,0,3000.0
1655769600000,3000.0,3000.0,0,3000.0
1655784000000,3000.0,3000.0,0,3000.0
1655798400000,3000.0,3000.0,0,3000.0
1655812800000,3000.0,3000.0,0,3000.0
1655827200000,3000.0,3000.0,0,3000.0
1655841600000,3000.0,3000.0,0,3000.0
1655856000000,3000.0,3000.0,0,3000.0
1655870400000,3000.0,3000.0,0,3000.0
1655884800000,3000.0,3000.0,0,3000.0
1655899200000,3000.0,3000.0,0,3000.0
1655913600000,3000.0,3000.0,0,3000.0
1655928000000,3000.0,3000.0,0,3000.0
1655942400000,3000.0,3000.0,0,3000.0
1655956800000,3000.0,3000.0,0,3000.0
1655971200000,3000.0,3000.0,0,3000.0
1655985600000,3000.0,3000.0,0,3000.0
1656000000000,3000.0,3000.0,0,3000.0
1656014400000,3000.0,3000.0,0,3000.0
1656028800000,3000.0,3000.0,0,3000.0
1656043200000,3000.0,3000.0,0,3000.0
1656057600000,3000.0,3000.0,0,3000.0
1656072000000,3000.0,3000.0,0,3000.0
1656086400000,3000.0,3000.0,0,3000.0
1656100800000,3000.0,3000.0,0,3000.0
1656115200000,3000.0,3000.0,0,3000.0
1656129600000,3000.0,3000.0,0,3000.0
1656144000000,3000.0,3000.0,0,3000.0
1656158400000,3000.0,3000.0,0,3000.0
1656172800000,3000.0,3000.0,0,3000.0
1656187200000,3000.0,3000.0,0,3000.0
1656201600000,3000.0,3000.0,0,3000.0
1656216000000,3000.0,3000.0,0,3000.0
1656230400000,3000.0,3000.0,0,3000.0
1656244800000,3000.0,3000.0,0,3000.0
1656259200000,3000.0,3000.0,0,3000.0
1656273600000,3000.0,3000.0,0,3000.0
1656288000000,3000.0,3000.0,0,3000.0
1656302400000,3000.0,3000.0,0,3000.0
1656316800000,3000.0,3000.0,0,3000.0
1656331200000,3000.0,3000.0,0,3000.0
1656345600000,3000.0,3000.0,0,3000.0
1656360000000,3000.0,3000.0,0,3000.0
1656374400000,3000.0,3000.0,0,3000.0
1656388800000,3000.0,3000.0,0,3000.0
1656403200000,3000.0,3000.0,0,3000.0
1656417600000,3000.0,3000.0,0,3000.0
1656432000000,3000.0,3000.0,0,3000.0
1656446400000,3000.0,3000.0,0,3000.0
1656460800000,3000.0,3000.0,0,3000.0
1656475200000,3000.0,3000.0,0,3000.0
1656489600000,3000.0,3000.0,0,3000.0
1656504000000,3000.0,3000.0,0,3000.0
1656518400000,3000.0,3000.0,0,3000.0
1656532800000,3000.0,3000.0,0,3000.0
1656547200000,3000.0,3000.0,0,3000.0
1656561600000,3000.0,3000.0,0,3000.0
1656576000000,3000.0,3000.0,0,3000.0
1656590400000,3000.0,3000.0,0,3000.0
1656604800000,3000.0,3000.0,0,3000.0
1656619200000,3000.0,3000.0,0,3000.0
1656633600000,3000.0,3000.0,0,3000.0
1656648000000,3000.0,3000.0,0,3000.0
1656662400000,3000.0,3000.0,0,3000.0
1656676800000,3000.0,3000.0,0,3000.0
1656691200000,3000.0,3000.0,0,3000.0
1656705600000,3000.0,3000.0,0,3000.0
1656720000000,3000.0,3000.0,0,3000.0
1656734400000,3000.0,3000.0,0,3000.0
1656748800000,3000.0,3000.0,0,3000.0
1656763200000,3000.0,3000.0,0,3000.0
1656777600000,3000.0,3000.0,0,3000.0
1656792000000,3000.0,3000.0,0,3000.0
1656806400000,3000.0,3000.0,0,3000.0
1656820800000,3000.0,3000.0,0,3000.0
1656835200000,3000.0,3000.0,0,3000.0
1656849600000,3000.0,3000.0,0,3000.0
1656864000000,3000.0,3000.0,0,3000.0
1656878400000,3000.0,3000.0,0,3000.0
1656892800000,3000.0,3000.0,0,3000.0
1656907200000,3000.0,3000.0,0,3000.0
1656921600000,3000.0,3000.0,0,3000.0
1656936000000,3000.0,3000.0,0,3000.0
1656950400000,3000.0,3000.0,0,3000.0
1656964800000,3000.0,3000.0,0,3000.0
1656979200000,3000.0,3000.0,0,3000.0
1656993600000,3000.0,3000.0,0,3000.0
1657008000000,3000.0,3000.0,0,3000.0
1657022400000,3000.0,3000.0,0,3000.0
1657036800000,3000.0,3000.0,0,3000.0
1657051200000,3000.0,3000.0,0,3000.0
1657065600000,3000.0,3000.0,0,3000.0
1657080000000,3000.0,3000.0,0,3000.0
1657094400000,3000.0,3000.0,0,3000.0
1657108800000,3000.0,3000.0,0,3000.0
1657123200000,3000.0,3000.0,0,3000.0
1657137600000,3000.0,3000.0,0,3000.0
1657152000000,3000.0,3000.0,0,3000.0
1657166400000,3000.0,3000.0,0,3000.0
1657180800000,3000.0,3000.0,0,3000.0
1657195200000,3000.0,3000.0,0,3000.0
1657209600000,3000.0,3000.0,0,3000.0
1657224000000,3000.0,3000.0,0,3000.0
1657238400000,3000.0,3000.0,0,3000.0
1657252800000,3000.0,3000.0,0,3000.0
1657267200000,3000.0,3000.0,0,3000.0
1657281600000,3000.0,3000.0,0,3000.0
1657296000000,3000.0,3000.0,0,3000.0
1657310400000,3000.0,3000.0,0,3000.0
1657324800000,3000.0,3000.0,0,3000.0
1657339200000,3000.0,3000.0,0,3000.0
1657353600000,3000.0,3000.0,0,3000.0
1657368000000,3000.0,3000.0,0,3000.0
1657382400000,3000.0,3000.0,0,3000.0
1657396800000,3000.0,3000.0,0,3000.0
1657411200000,3000.0,3000.0,0,3000.0
1657425600000,3000.0,3000.0,0,3000.0
1657440000000,3000.0,3000.0,0,3000.0
1657454400000,3000.0,3000.0,0,3000.0
1657468800000,3000.0,3000.0,0,3000.0
1657483200000,3000.0,3000.0,0,3000.0
1657497600000,3000.0,3000.0,0,3000.0
1657512000000,3000.0,3000.0,0,3000.0
1657526400000,3000.0,3000.0,0,3000.0
1657540800000,3000.0,3000.0,0,3000.0
1657555200000,3000.0,3000.0,0,3000.0
1657569600000,3000.0,3000.0,0,3000.0
1657584000000,3000.0,3000.0,0,3000.0
1657598400000,3000.0,3000.0,0,3000.0
1657612800000,3000.0,3000.0,0,3000.0
1657627200000,3000.0,3000.0,0,3000.0
1657641600000,3000.0,3000.0,0,3000.0
1657656000000,3000.0,3000.0,0,3000.0
1657670400000,3000.0,3000.0,0,3000.0
1657684800000,3000.0,3000.0,0,3000.0
1657699200000,3000.0,3000.0,0,3000.0
1657713600000,3000.0,3000.0,0,3000.0
1657728000000,3000.0,3000.0,0,3000.0
1657742400000,3000.0,3000.0,0,3000.0
1657756800000,3000.0,3000.0,0,3000.0
1657771200000,3000.0,3000.0,0,3000.0
1657785600000,3000.0,3000.0,0,3000.0
1657800000000,3000.0,3000.0,0,3000.0
1657814400000,3000.0,3000.0,0,3000.0
1657828800000,3000.0,3000.0,0,3000.0
1657843200000,3000.0,3000.0,0,3000.0
1657857600000,3000.0,3000.0,0,3000.0
1657872000000,3000.0,3000.0,0,3000.0
1657886400000,3000.0,3000.0,0,3000.0
1657900800000,3000.0,3000.0,0,3000.0
1657915200000,3000.0,3000.0,0,3000.0
1657929600000,3000.0,3000.0,0,3000.0
1657944000000,3000.0,3000.0,0,3000.0
1657958400000,3000.0,3000.0,0,3000.0
1657972800000,3000.0,3000.0,0,3000.0
1657987200000,3000.0,3000.0,0,3000.0
1658001600000,3000.0,3000.0,0,3000.0
1658016000000,3000.0,3000.0,0,3000.0
1658030400000,3000.0,3000.0,0,3000.0
1658044800000,3000.0,3000.0,0,3000.0
1658059200000,3000.0,3000.0,0,3000.0
1658073600000,3000.0,3000.0,0,3000.0
1658088000000,3000.0,3000.0,0,3000.0
1658102400000,3000.0,3000.0,0,3000.0
1658116800000,3000.0,3000.0,0,3000.0
1658131200000,3000.0,3000.0,0,3000.0
1658145600000,3000.0,3000.0,0,3000.0
1658160000000,3000.0,3000.0,0,3000.0
1658174400000,3000.0,3000.0,0,3000.0
1658188800000,3000.0,3000.0,0,3000.0
1658203200000,3000.0,3000.0,0,3000.0
1658217600000,3000.0,3000.0,0,3000.0
1658232000000,3000.0,3000.0,0,3000.0
1658246400000,3000.0,3000.0,0,3000.0
1658260800000,3000.0,3000.0,0,3000.0
1658275200000,3000.0,3000.0,0,3000.0
1658289600000,3000.0,3000.0,0,3000.0
1658304000000,3000.0,3000.0,0,3000.0
1658318400000,3000.0,3000.0,0,3000.0
1658332800000,3000.0,3000.0,0,3000.0
1658347200000,3000.0,3000.0,0,3000.0
1658361600000,3000.0,3000.0,0,3000.0
1658376000000,3000.0,3000.0,0,3000.0
1658390400000,3000.0,3000.0,0,3000.0
1658404800000,3000.0,3000.0,0,3000.0
1658419200000,3000.0,3000.0,0,3000.0
1658433600000,3000.0,3000.0,0,3000.0
1658448000000,3000.0,3000.0,0,3000.0
1658462400000,3000.0,3000.0,0,3000.0
1658476800000,3000.0,3000.0,0,3000.0
1658491200000,3000.0,3000.0,0,3000.0
1658505600000,3000.0,3000.0,0,3000.0
1658520000000,3000.0,3000.0,0,3000.0
1658534400000,3000.0,3000.0,0,3000.0
1658548800000,3000.0,3000.0,0,3000.0
1658563200000,3000.0,3000.0,0,3000.0
1658577600000,3000.0,3000.0,0,3000.0
1658592000000,3000.0,3000.0,0,3000.0
1658606400000,3000.0,3000.0,0,3000.0
1658620800000,3000.0,3000.0,0,3000.0
1658635200000,3000.0,3000.0,0,3000.0
1658649600000,3000.0,3000.0,0,3000.0
1658664000000,3000.0,3000.0,0,3000.0
1658678400000,3000.0,3000.0,0,3000.0
1658692800000,3000.0,3000.0,0,3000.0
1658707200000,3000.0,3000.0,0,3000.0
1658721600000,3000.0,3000.0,0,3000.0
1658736000000,3000.0,3000.0,0,3000.0
1658750400000,3000.0,3000.0,0,3000.0
1658764800000,3000.0,3000.0,0,3000.0
1658779200000,3000.0,3000.0,0,3000.0
1658793600000,3000.0,3000.0,0,3000.0
1658808000000,3000.0,3000.0,0,3000.0
1658822400000,3000.0,3000.0,0,3000.0
1658836800000,3000.0,3000.0,0,3000.0
1658851200000,3000.0,3000.0,0,3000.0
1658865600000,3000.0,3000.0,0,3000.0
1658880000000,3000.0,3000.0,0,3000.0
1658894400000,3000.0,3000.0,0,3000.0
1658908800000,3000.0,3000.0,0,3000.0
1658923200000,3000.0,3000.0,0,3000.0
1658937600000,3000.0,3000.0,0,3000.0
1658952000000,3000.0,3000.0,0,3000.0
1658966400000,3000.0,3000.0,0,3000.0
1658980800000,3000.0,3000.0,0,3000.0
1658995200000,3000.0,3000.0,0,3000.0
1659009600000,3000.0,3000.0,0,3000.0
1659024000000,3000.0,3000.0,0,3000.0
1659038400000,3000.0,3000.0,0,3000.0
1659052800000,3000.0,3000.0,0,3000.0
1659067200000,3000.0,3000.0,0,3000.0
1659081600000,3000.0,3000.0,0,3000.0
1659096000000,3000.0,3000.0,0,3000.0
1659110400000,3000.0,3000.0,0,3000.0
1659124800000,3000.0,3000.0,0,3000.0
1659139200000,3000.0,3000.0,0,3000.0
1659153600000,3000.0,3000.0,0,3000.0
1659168000000,3000.0,3000.0,0,3000.0
1659182400000,3000.0,3000.0,0,3000.0
1659196800000,3000.0,3000.0,0,3000.0
1659211200000,3000.0,3000.0,0,3000.0
1659225600000,3000.0,3000.0,0,3000.0
1659240000000,3000.0,3000.0,0,3000.0
1659254400000,3000.0,3000.0,0,3000.0
1659268800000,3000.0,3000.0,0,3000.0
1659283200000,3000.0,3000.0,0,3000.0
1659297600000,3000.0,3000.0,0,3000.0
1659312000000,3000.0,3000.0,0,3000.0
1659326400000,3000.0,3000.0,0,3000.0
1659340800000,3000.0,3000.0,0,3000.0
1659355200000,3000.0,3000.0,0,3000.0
1659369600000,3000.0,3000.0,0,3000.0
1659384000000,3000.0,3000.0,0,3000.0
1659398400000,3000.0,3000.0,0,3000.0
1659412800000,3000.0,3000.0,0,3000.0
1659427200000,3000.0,3000.0,0,3000.0
1659441600000,3000.0,3000.0,0,3000.0
1659456000000,3000.0,3000.0,0,3000.0
1659470400000,3000.0,3000.0,0,3000.0
1659484800000,3000.0,3000.0,0,3000.0
1659499200000,3000.0,3000.0,0,3000.0
1659513600000,3000.0,3000.0,0,3000.0
1659528000000,3000.0,3000.0,0,3000.0
1659542400000,3000.0,3000.0,0,3000.0
1659556800000,3000.0,3000.0,0,3000.0
1659571200000,3000.0,3000.0,0,3000.0
1659585600000,3000.0,3000.0,0,3000.0
1659600000000,3000.0,3000.0,0,3000.0
1659614400000,3000.0,3000.0,0,3000.0
1659628800000,3000.0,3000.0,0,3000.0
1659643200000,3000.0,3000.0,0,3000.0
1659657600000,3000.0,3000.0,0,3000.0
1659672000000,3000.0,3000.0,0,3000.0
1659686400000,3000.0,3000.0,0,3000.0
1659700800000,3000.0,3000.0,0,3000.0
1659715200000,3000.0,3000.0,0,3000.0
1659729600000,3000.0,3000.0,0,3000.0
1659744000000,3000.0,3000.0,0,3000.0
1659758400000,3000.0,3000.0,0,3000.0
1659772800000,3000.0,3000.0,0,3000.0
1659787200000,3000.0,3000.0,0,3000.0
1659801600000,3000.0,3000.0,0,3000.0
1659816000000,3000.0,3000.0,0,3000.0
1659830400000,3000.0,3000.0,0,3000.0
1659844800000,3000.0,3000.0,0,3000.0
1659859200000,3000.0,3000.0,0,3000.0
1659873600000,3000.0,3000.0,0,3000.0
1659888000000,3000.0,3000.0,0,3000.0
1659902400000,3000.0,3000.0,0,3000.0
1659916800000,3000.0,3000.0,0,3000.0
1659931200000,3000.0,3000.0,0,3000.0
1659945600000,3000.0,3000.0,0,3000.0
1659960000000,3000.0,3000.0,0,3000.0
1659974400000,3000.0,3000.0,0,3000.0
1659988800000,3000.0,3000.0,0,3000.0
1660003200000,3000.0,3000.0,0,3000.0
1660017600000,3000.0,3000.0,0,3000.0
1660032000000,3000.0,3000.0,0,3000.0
1660046400000,3000.0,3000.0,0,3000.0
1660060800000,3000.0,3000.0,0,3000.0
1660075200000,3000.0,3000.0,0,3000.0
1660089600000,3000.0,3000.0,0,3000.0
1660104000000,3000.0,3000.0,0,3000.0
1660118400000,3000.0,3000.0,0,3000.0
1660132800000,3000.0,3000.0,0,3000.0
1660147200000,3000.0,3000.0,0,3000.0
1660161600000,3000.0,3000.0,0,3000.0
1660176000000,3000.0,3000.0,0,3000.0
1660190400000,3000.0,3000.0,0,3000.0
1660204800000,3000.0,3000.0,0,3000.0
1660219200000,3000.0,3000.0,0,3000.0
1660233600000,3000.0,3000.0,0,3000.0
1660248000000,3000.0,3000.0,0,3000.0
1660262400000,3000.0,3000.0,0,3000.0
1660276800000,3000.0,3000.0,0,3000.0
1660291200000,3000.0,3000.0,0,3000.0
1660305600000,3000.0,3000.0,0,3000.0
1660320000000,3000.0,3000.0,0,3000.0
1660334400000,3000.0,3000.0,0,3000.0
1660348800000,3000.0,3000.0,0,3000.0
1660363200000,3000.0,3000.0,0,3000.0
1660377600000,3000.0,3000.0,0,3000.0
1660392000000,3000.0,3000.0,0,3000.0
1660406400000,3000.0,3000.0,0,3000.0
1660420800000,3000.0,3000.0,0,3000.0
1660435200000,3000.0,3000.0,0,3000.0
1660449600000,3000.0,3000.0,0,3000.0
1660464000000,3000.0,3000.0,0,3000.0
1660478400000,3000.0,3000.0,0,3000.0
1660492800000,3000.0,3000.0,0,3000.0
1660507200000,3000.0,3000.0,0,3000.0
1660521600000,3000.0,3000.0,0,3000.0
1660536000000,3000.0,3000.0,0,3000.0
1660550400000,3000.0,3000.0,0,3000.0
1660564800000,3000.0,3000.0,0,3000.0
1660579200000,3000.0,3000.0,0,3000.0
1660593600000,3000.0,3000.0,0,3000.0
1660608000000,3000.0,3000.0,0,3000.0
1660622400000,3000.0,3000.0,0,3000.0
1660636800000,3000.0,3000.0,0,3000.0
1660651200000,3000.0,3000.0,0,3000.0
1660665600000,3000.0,3000.0,0,3000.0
1660680000000,3000.0,3000.0,0,3000.0
1660694400000,3000.0,3000.0,0,3000.0
1660708800000,3000.0,3000.0,0,3000.0
1660723200000,3000.0,3000.0,0,3000.0
1660737600000,3000.0,3000.0,0,3000.0
1660752000000,3000.0,3000.0,0,3000.0
1660766400000,3000.0,3000.0,0,3000.0
1660780800000,3000.0,3000.0,0,3000.0
1660795200000,3000.0,3000.0,0,3000.0
1660809600000,3000.0,3000.0,0,3000.0
1660824000000,3000.0,3000.0,0,3000.0
1660838400000,3000.0,3000.0,0,3000.0
1660852800000,3000.0,3000.0,0,3000.0
1660867200000,3000.0,3000.0,0,3000.0
1660881600000,3000.0,3000.0,0,3000.0
1660896000000,3000.0,3000.0,0,3000.0
1660910400000,3000.0,3000.0,0,3000.0
1660924800000,3000.0,3000.0,0,3000.0
1660939200000,3000.0,3000.0,0,3000.0
1660953600000,3000.0,3000.0,0,3000.0
1660968000000,3000.0,3000.0,0,3000.0
1660982400000,3000.0,3000.0,0,3000.0
1660996800000,3000.0,3000.0,0,3000.0
1661011200000,3000.0,3000.0,0,3000.0
1661025600000,3000.0,3000.0,0,3000.0
1661040000000,3000.0,3000.0,0,3000.0
1661054400000,3000.0,3000.0,0,3000.0
1661068800000,3000.0,3000.0,0,3000.0
1661083200000,3000.0,3000.0,0,3000.0
1661097600000,3000.0,3000.0,0,3000.0
1661112000000,3000.0,3000.0,0,3000.0
1661126400000,3000.0,3000.0,0,3000.0
1661140800000,3000.0,3000.0,0,3000.0
1661155200000,3000.0,3000.0,0,3000.0
1661169600000,3000.0,3000.0,0,3000.0
1661184000000,3000.0,3000.0,0,3000.0
1661198400000,3000.0,3000.0,0,3000.0
1661212800000,3000.0,3000.0,0,3000.0
1661227200000,3000.0,3000.0,0,3000.0
1661241600000,3000.0,3000.0,0,3000.0
1661256000000,3000.0,3000.0,0,3000.0
1661270400000,3000.0,3000.0,0,3000.0
1661284800000,3000.0,3000.0,0,3000.0
1661299200000,3000.0,3000.0,0,3000.0
1661313600000,3000.0,3000.0,0,3000.0
1661328000000,3000.0,3000.0,0,3000.0
1661342400000,3000.0,3000.0,0,3000.0
1661356800000,3000.0,3000.0,0,3000.0
1661371200000,3000.0,3000.0,0,3000.0
1661385600000,3000.0,3000.0,0,3000.0
1661400000000,3000.0,3000.0,0,3000.0
1661414400000,3000.0,3000.0,0,3000.0
1661428800000,3000.0,3000.0,0,3000.0
1661443200000,3000.0,3000.0,0,3000.0
1661457600000,3000.0,3000.0,0,3000.0
1661472000000,3000.0,3000.0,0,3000.0
1661486400000,3000.0,3000.0,0,3000.0
1661500800000,3000.0,3000.0,0,3000.0
1661515200000,3000.0,3000.0,0,3000.0
1661529600000,3000.0,3000.0,0,3000.0
1661544000000,3000.0,3000.0,0,3000.0
1661558400000,3000.0,3000.0,0,3000.0
1661572800000,3000.0,3000.0,0,3000.0
1661587200000,3000.0,3000.0,0,3000.0
1661601600000,3000.0,3000.0,0,3000.0
1661616000000,3000.0,3000.0,0,3000.0
1661630400000,3000.0,3000.0,0,3000.0
1661644800000,3000.0,3000.0,0,3000.0
1661659200000,3000.0,3000.0,0,3000.0
1661673600000,3000.0,3000.0,0,3000.0
1661688000000,3000.0,3000.0,0,3000.0
1661702400000,3000.0,3000.0,0,3000.0
1661716800000,3000.0,3000.0,0,3000.0
1661731200000,3000.0,3000.0,0,3000.0
1661745600000,3000.0,3000.0,0,3000.0
1661760000000,3000.0,3000.0,0,3000.0
1661774400000,3000.0,3000.0,0,3000.0
1661788800000,3000.0,3000.0,0,3000.0
1661803200000,3000.0,3000.0,0,3000.0
1661817600000,3000.0,3000.0,0,3000.0
1661832000000,3000.0,3000.0,0,3000.0
1661846400000,3000.0,3000.0,0,3000.0
1661860800000,3000.0,3000.0,0,3000.0
1661875200000,3000.0,3000.0,0,3000.0
1661889600000,3000.0,3000.0,0,3000.0
1661904000000,3000.0,3000.0,0,3000.0
1661918400000,3000.0,3000.0,0,3000.0
1661932800000,3000.0,3000.0,0,3000.0
1661947200000,3000.0,3000.0,0,3000.0
1661961600000,3000.0,3000.0,0,3000.0
1661976000000,3000.0,3000.0,0,3000.0
1661990400000,3000.0,3000.0,0,3000.0
1662004800000,3000.0,3000.0,0,3000.0
1662019200000,3000.0,3000.0,0,3000.0
1662033600000,3000.0,3000.0,0,3000.0
1662048000000,3000.0,3000.0,0,3000.0
1662062400000,3000.0,3000.0,0,3000.0
1662076800000,3000.0,3000.0,0,3000.0
1662091200000,3000.0,3000.0,0,3000.0
1662105600000,3000.0,3000.0,0,3000.0
1662120000000,3000.0,3000.0,0,3000.0
1662134400000,3000.0,3000.0,0,3000.0
1662148800000,3000.0,3000.0,0,3000.0
1662163200000,3000.0,3000.0,0,3000.0
1662177600000,3000.0,3000.0,0,3000.0
1662192000000,3000.0,3000.0,0,3000.0
1662206400000,3000.0,3000.0,0,3000.0
1662220800000,3000.0,3000.0,0,3000.0
1662235200000,3000.0,3000.0,0,3000.0
1662249600000,3000.0,3000.0,0,3000.0
1662264000000,3000.0,3000.0,0,3000.0
1662278400000,3000.0,3000.0,0,3000.0
1662292800000,3000.0,3000.0,0,3000.0
1662307200000,3000.0,3000.0,0,3000.0
1662321600000,3000.0,3000.0,0,3000.0
1662336000000,3000.0,3000.0,0,3000.0
1662350400000,3000.0,3000.0,0,3000.0
1662364800000,3000.0,3000.0,0,3000.0
1662379200000,3000.0,3000.0,0,3000.0
1662393600000,3000.0,3000.0,0,3000.0
1662408000000,3000.0,3000.0,0,3000.0
1662422400000,3000.0,3000.0,0,3000.0
1662436800000,3000.0,3000.0,0,3000.0
1662451200000,3000.0,3000.0,0,3000.0
1662465600000,3000.0,3000.0,0,3000.0
1662480000000,3000.0,3000.0,0,3000.0
1662494400000,3000.0,3000.0,0,3000.0
1662508800000,3000.0,3000.0,0,3000.0
1662523200000,3000.0,3000.0,0,3000.0
1662537600000,3000.0,3000.0,0,3000.0
1662552000000,3000.0,3000.0,0,3000.0
1662566400000,3000.0,3000.0,0,3000.0
1662580800000,3000.0,3000.0,0,3000.0
1662595200000,3000.0,3000.0,0,3000.0
1662609600000,3000.0,3000.0,0,3000.0
1662624000000,3000.0,3000.0,0,3000.0
1662638400000,3000.0,3000.0,0,3000.0
1662652800000,3000.0,3000.0,0,3000.0
1662667200000,3000.0,3000.0,0,3000.0
1662681600000,3000.0,3000.0,0,3000.0
1662696000000,3000.0,3000.0,0,3000.0
1662710400000,3000.0,3000.0,0,3000.0
1662724800000,3000.0,3000.0,0,3000.0
1662739200000,3000.0,3000.0,0,3000.0
1662753600000,3000.0,3000.0,0,3000.0
1662768000000,3000.0,3000.0,0,3000.0
1662782400000,3000.0,3000.0,0,3000.0
1662796800000,3000.0,3000.0,0,3000.0
1662811200000,3000.0,3000.0,0,3000.0
1662825600000,3000.0,3000.0,0,3000.0
1662840000000,3000.0,3000.0,0,3000.0
1662854400000,3000.0,3000.0,0,3000.0
1662868800000,3000.0,3000.0,0,3000.0
1662883200000,3000.0,3000.0,0,3000.0
1662897600000,3000.0,3000.0,0,3000.0
1662912000000,3000.0,3000.0,0,3000.0
1662926400000,3000.0,3000.0,0,3000.0
1662940800000,3000.0,3000.0,0,3000.0
1662955200000,3000.0,3000.0,0,3000.0
1662969600000,3000.0,3000.0,0,3000.0
1662984000000,3000.0,3000.0,0,3000.0
1662998400000,3000.0,3000.0,0,3000.0
1663012800000,3000.0,3000.0,0,3000.0
1663027200000,3000.0,3000.0,0,3000.0
1663041600000,3000.0,3000.0,0,3000.0
1663056000000,3000.0,3000.0,0,3000.0
1663070400000,3000.0,3000.0,0,3000.0
1663084800000,3000.0,3000.0,0,3000.0
1663099200000,3000.0,3000.0,0,3000.0
1663113600000,3000.0,3000.0,0,3000.0
1663128000000,3000.0,3000.0,0,3000.0
1663142400000,3000.0,3000.0,0,3000.0
1663156800000,3000.0,3000.0,0,3000.0
1663171200000,3000.0,3000.0,0,3000.0
1663185600000,3000.0,3000.0,0,3000.0
1663200000000,3000.0,3000.0,0,3000.0
1663214400000,3000.0,3000.0,0,3000.0
1663228800000,3000.0,3000.0,0,3000.0
1663243200000,3000.0,3000.0,0,3000.0
1663257600000,3000.0,3000.0,0,3000.0
1663272000000,3000.0,3000.0,0,3000.0
1663286400000,3000.0,3000.0,0,3000.0
1663300800000,3000.0,3000.0,0,3000.0
1663315200000,3000.0,3000.0,0,3000.0
1663329600000,3000.0,3000.0,0,3000.0
1663344000000,3000.0,3000.0,0,3000.0
1663358400000,3000.0,3000.0,0,3000.0
1663372800000,3000.0,3000.0,0,3000.0
1663387200000,3000.0,3000.0,0,3000.0
1663401600000,3000.0,3000.0,0,3000.0
1663416000000,3000.0,3000.0,0,3000.0
1663430400000,3000.0,3000.0,0,3000.0
1663444800000,3000.0,3000.0,0,3000.0
1663459200000,3000.0,3000.0,0,3000.0
1663473600000,3000.0,3000.0,0,3000.0
1663488000000,3000.0,3000.0,0,3000.0
1663502400000,3000.0,3000.0,0,3000.0
1663516800000,3000.0,3000.0,0,3000.0
1663531200000,3000.0,3000.0,0,3000.0
1663545600000,3000.0,3000.0,0,3000.0
1663560000000,3000.0,3000.0,0,3000.0
1663574400000,3000.0,3000.0,0,3000.0
1663588800000,3000.0,3000.0,0,3000.0
1663603200000,3000.0,3000.0,0,3000.0
1663617600000,3000.0,3000.0,0,3000.0
1663632000000,3000.0,3000.0,0,3000.0
1663646400000,3000.0,3000.0,0,3000.0
1663660800000,3000.0,3000.0,0,3000.0
1663675200000,3000.0,3000.0,0,3000.0
1663689600000,3000.0,3000.0,0,3000.0
1663704000000,3000.0,3000.0,0,3000.0
1663718400000,3000.0,3000.0,0,3000.0
1663732800000,3000.0,3000.0,0,3000.0
1663747200000,3000.0,3000.0,0,3000.0
1663761600000,3000.0,3000.0,0,3000.0
1663776000000,3000.0,3000.0,0,3000.0
1663790400000,3000.0,3000.0,0,3000.0
1663804800000,3000.0,3000.0,0,3000.0
1663819200000,3000.0,3000.0,0,3000.0
1663833600000,3000.0,3000.0,0,3000.0
1663848000000,3000.0,3000.0,0,3000.0
1663862400000,3000.0,3000.0,0,3000.0
1663876800000,3000.0,3000.0,0,3000.0
1663891200000,3000.0,3000.0,0,3000.0
1663905600000,3000.0,3000.0,0,3000.0
1663920000000,3000.0,3000.0,0,3000.0
1663934400000,3000.0,3000.0,0,3000.0
1663948800000,3000.0,3000.0,0,3000.0
1663963200000,3000.0,3000.0,0,3000.0
1663977600000,3000.0,3000.0,0,3000.0
1663992000000,3000.0,3000.0,0,3000.0
1664006400000,3000.0,3000.0,0,3000.0
1664020800000,3000.0,3000.0,0,3000.0
1664035200000,3000.0,3000.0,0,3000.0
1664049600000,3000.0,3000.0,0,3000.0
1664064000000,3000.0,3000.0,0,3000.0
1664078400000,3000.0,3000.0,0,3000.0
1664092800000,3000.0,3000.0,0,3000.0
1664107200000,3000.0,3000.0,0,3000.0
1664121600000,3000.0,3000.0,0,3000.0
1664136000000,3000.0,3000.0,0,3000.0
1664150400000,3000.0,3000.0,0,3000.0
1664164800000,3000.0,3000.0,0,3000.0
1664179200000,3000.0,3000.0,0,3000.0
1664193600000,3000.0,3000.0,0,3000.0
1664208000000,3000.0,3000.0,0,3000.0
1664222400000,3000.0,3000.0,0,3000.0
1664236800000,3000.0,3000.0,0,3000.0
1664251200000,3000.0,3000.0,0,3000.0
1664265600000,3000.0,3000.0,0,3000.0
1664280000000,3000.0,3000.0,0,3000.0
1664294400000,3000.0,3000.0,0,3000.0
1664308800000,3000.0,3000.0,0,3000.0
1664323200000,3000.0,3000.0,0,3000.0
1664337600000,3000.0,3000.0,0,3000.0
1664352000000,3000.0,3000.0,0,3000.0
1664366400000,3000.0,3000.0,0,3000.0
1664380800000,3000.0,3000.0,0,3000.0
1664395200000,3000.0,3000.0,0,3000.0
1664409600000,3000.0,3000.0,0,3000.0
1664424000000,3000.0,3000.0,0,3000.0
1664438400000,3000.0,3000.0,0,3000.0
1664452800000,3000.0,3000.0,0,3000.0
1664467200000,3000.0,3000.0,0,3000.0
1664481600000,3000.0,3000.0,0,3000.0
1664496000000,3000.0,3000.0,0,3000.0
1664510400000,3000.0,3000.0,0,3000.0
1664524800000,3000.0,3000.0,0,3000.0
1664539200000,3000.0,3000.0,0,3000.0
1664553600000,3000.0,3000.0,0,3000.0
1664568000000,3000.0,3000.0,0,3000.0
1664582400000,3000.0,3000.0,0,3000.0
1664596800000,3000.0,3000.0,0,3000.0
1664611200000,3000.0,3000.0,0,3000.0
1664625600000,3000.0,3000.0,0,3000.0
1664640000000,3000.0,3000.0,0,3000.0
1664654400000,3000.0,3000.0,0,3000.0
1664668800000,3000.0,3000.0,0,3000.0
1664683200000,3000.0,3000.0,0,3000.0
1664697600000,3000.0,3000.0,0,3000.0
1664712000000,3000.0,3000.0,0,3000.0
1664726400000,3000.0,3000.0,0,3000.0
1664740800000,3000.0,3000.0,0,3000.0
1664755200000,3000.0,3000.0,0,3000.0
1664769600000,3000.0,3000.0,0,3000.0
1664784000000,3000.0,3000.0,0,3000.0
1664798400000,3000.0,3000.0,0,3000.0
1664812800000,3000.0,3000.0,0,3000.0
1664827200000,3000.0,3000.0,0,3000.0
1664841600000,3000.0,3000.0,0,3000.0
1664856000000,3000.0,3000.0,0,3000.0
1664870400000,3000.0,3000.0,0,3000.0
1664884800000,3000.0,3000.0,0,3000.0
1664899200000,3000.0,3000.0,0,3000.0
1664913600000,3000.0,3000.0,0,3000.0
1664928000000,3000.0,3000.0,0,3000.0
1664942400000,3000.0,3000.0,0,3000.0
1664956800000,3000.0,3000.0,0,3000.0
1664971200000,3000.0,3000.0,0,3000.0
1664985600000,3000.0,3000.0,0,3000.0
1665000000000,3000.0,3000.0,0,3000.0
1665014400000,3000.0,3000.0,0,3000.0
1665028800000,3000.0,3000.0,0,3000.0
1665043200000,3000.0,3000.0,0,3000.0
1665057600000,3000.0,3000.0,0,3000.0
1665072000000,3000.0,3000.0,0,3000.0
1665086400000,3000.0,3000.0,0,3000.0
1665100800000,3000.0,3000.0,0,3000.0
1665115200000,3000.0,3000.0,0,3000.0
1665129600000,3000.0,3000.0,0,3000.0
1665144000000,3000.0,3000.0,0,3000.0
1665158400000,3000.0,3000.0,0,3000.0
1665172800000,3000.0,3000.0,0,3000.0
1665187200000,3000.0,3000.0,0,3000.0
1665201600000,3000.0,3000.0,0,3000.0
1665216000000,3000.0,3000.0,0,3000.0
1665230400000,3000.0,3000.0,0,3000.0
1665244800000,3000.0,3000.0,0,3000.0
1665259200000,3000.0,3000.0,0,3000.0
1665273600000,3000.0,3000.0,0,3000.0
1665288000000,3000.0,3000.0,0,3000.0
1665302400000,3000.0,3000.0,0,3000.0
1665316800000,3000.0,3000.0,0,3000.0
1665331200000,3000.0,3000.0,0,3000.0
1665345600000,3000.0,3000.0,0,3000.0
1665360000000,3000.0,3000.0,0,3000.0
1665374400000,3000.0,3000.0,0,3000.0
1665388800000,3000.0,3000.0,0,3000.0
1665403200000,3000.0,3000.0,0,3000.0
1665417600000,3000.0,3000.0,0,3000.0
1665432000000,3000.0,3000.0,0,3000.0
1665446400000,3000.0,3000.0,0,3000.0
1665460800000,3000.0,3000.0,0,3000.0
1665475200000,3000.0,3000.0,0,3000.0
1665489600000,3000.0,3000.0,0,3000.0
1665504000000,3000.0,3000.0,0,3000.0
1665518400000,3000.0,3000.0,0,3000.0
1665532800000,3000.0,3000.0,0,3000.0
1665547200000,3000.0,3000.0,0,3000.0
1665561600000,3000.0,3000.0,0,3000.0
1665576000000,3000.0,3000.0,0,3000.0
1665590400000,3000.0,3000.0,0,3000.0
1665604800000,3000.0,3000.0,0,3000.0
1665619200000,3000.0,3000.0,0,3000.0
1665633600000,3000.0,3000.0,0,3000.0
1665648000000,3000.0,3000.0,0,3000.0
1665662400000,3000.0,3000.0,0,3000.0
1665676800000,3000.0,3000.0,0,3000.0
1665691200000,3000.0,3000.0,0,3000.0
1665705600000,3000.0,3000.0,0,3000.0
1665720000000,3000.0,3000.0,0,3000.0
1665734400000,3000.0,3000.0,0,3000.0
1665748800000,3000.0,3000.0,0,3000.0
1665763200000,3000.0,3000.0,0,3000.0
1665777600000,3000.0,3000.0,0,3000.0
1665792000000,3000.0,3000.0,0,3000.0
1665806400000,3000.0,3000.0,0,3000.0
1665820800000,3000.0,3000.0,0,3000.0
1665835200000,3000.0,3000.0,0,3000.0
1665849600000,3000.0,3000.0,0,3000.0
1665864000000,3000.0,3000.0,0,3000.0
1665878400000,3000.0,3000.0,0,3000.0
1665892800000,3000.0,3000.0,0,3000.0
1665907200000,3000.0,3000.0,0,3000.0
1665921600000,3000.0,3000.0,0,3000.0
1665936000000,3000.0,3000.0,0,3000.0
1665950400000,3000.0,3000.0,0,3000.0
1665964800000,3000.0,3000.0,0,3000.0
1665979200000,3000.0,3000.0,0,3000.0
1665993600000,3000.0,3000.0,0,3000.0
1666008000000,3000.0,3000.0,0,3000.0
1666022400000,3000.0,3000.0,0,3000.0
1666036800000,3000.0,3000.0,0,3000.0
1666051200000,3000.0,3000.0,0,3000.0
1666065600000,3000.0,3000.0,0,3000.0
1666080000000,3000.0,3000.0,0,3000.0
1666094400000,3000.0,3000.0,0,3000.0
1666108800000,3000.0,3000.0,0,3000.0
1666123200000,3000.0,3000.0,0,3000.0
1666137600000,3000.0,3000.0,0,3000.0
1666152000000,3000.0,3000.0,0,3000.0
1666166400000,3000.0,3000.0,0,3000.0
1666180800000,3000.0,3000.0,0,3000.0
1666195200000,3000.0,3000.0,0,3000.0
1666209600000,3000.0,3000.0,0,3000.0
1666224000000,3000.0,3000.0,0,3000.0
1666238400000,3000.0,3000.0,0,3000.0
1666252800000,3000.0,3000.0,0,3000.0
1666267200000,3000.0,3000.0,0,3000.0
1666281600000,3000.0,3000.0,0,3000.0
1666296000000,3000.0,3000.0,0,3000.0
1666310400000,3000.0,3000.0,0,3000.0
1666324800000,3000.0,3000.0,0,3000.0
1666339200000,3000.0,3000.0,0,3000.0
1666353600000,3000.0,3000.0,0,3000.0
1666368000000,3000.0,3000.0,0,3000.0
1666382400000,3000.0,3000.0,0,3000.0
1666396800000,3000.0,3000.0,0,3000.0
1666411200000,3000.0,3000.0,0,3000.0
1666425600000,3000.0,3000.0,0,3000.0
1666440000000,3000.0,3000.0,0,3000.0
1666454400000,3000.0,3000.0,0,3000.0
1666468800000,3000.0,3000.0,0,3000.0
1666483200000,3000.0,3000.0,0,3000.0
1666497600000,3000.0,3000.0,0,3000.0
1666512000000,3000.0,3000.0,0,3000.0
1666526400000,3000.0,3000.0,0,3000.0
1666540800000,3000.0,3000.0,0,3000.0
1666555200000,3000.0,3000.0,0,3000.0
1666569600000,3000.0,3000.0,0,3000.0
1666584000000,3000.0,3000.0,0,3000.0
1666598400000,3000.0,3000.0,0,3000.0
1666612800000,3000.0,3000.0,0,3000.0
1666627200000,3000.0,3000.0,0,3000.0
1666641600000,3000.0,3000.0,0,3000.0
1666656000000,3000.0,3000.0,0,3000.0
1666670400000,3000.0,3000.0,0,3000.0
1666684800000,3000.0,3000.0,0,3000.0
1666699200000,3000.0,3000.0,0,3000.0
1666713600000,3000.0,3000.0,0,3000.0
1666728000000,3000.0,3000.0,0,3000.0
1666742400000,3000.0,3000.0,0,3000.0
1666756800000,3000.0,3000.0,0,3000.0
1666771200000,3000.0,3000.0,0,3000.0
1666785600000,3000.0,3000.0,0,3000.0
1666800000000,3000.0,3000.0,0,3000.0
1666814400000,3000.0,3000.0,0,3000.0
1666828800000,3000.0,3000.0,0,3000.0
1666843200000,3000.0,3000.0,0,3000.0
1666857600000,3000.0,3000.0,0,3000.0
1666872000000,3000.0,3000.0,0,3000.0
1666886400000,3000.0,3000.0,0,3000.0
1666900800000,3000.0,3000.0,0,3000.0
1666915200000,3000.0,3000.0,0,3000.0
1666929600000,3000.0,3000.0,0,3000.0
1666944000000,3000.0,3000.0,0,3000.0
1666958400000,3000.0,3000.0,0,3000.0
1666972800000,3000.0,3000.0,0,3000.0
1666987200000,3000.0,3000.0,0,3000.0
1667001600000,3000.0,3000.0,0,3000.0
1667016000000,3000.0,3000.0,0,3000.0
1667030400000,3000.0,3000.0,0,3000.0
1667044800000,3000.0,3000.0,0,3000.0
1667059200000,3000.0,3000.0,0,3000.0
1667073600000,3000.0,3000.0,0,3000.0
1667088000000,3000.0,3000.0,0,3000.0
1667102400000,3000.0,3000.0,0,3000.0
1667116800000,3000.0,3000.0,0,3000.0
1667131200000,3000.0,3000.0,0,3000.0
1667145600000,3000.0,3000.0,0,3000.0
1667160000000,3000.0,3000.0,0,3000.0
1667174400000,3000.0,3000.0,0,3000.0
1667188800000,3000.0,3000.0,0,3000.0
1667203200000,3000.0,3000.0,0,3000.0
1667217600000,3000.0,3000.0,0,3000.0
1667232000000,3000.0,3000.0,0,3000.0
1667246400000,3000.0,3000.0,0,3000.0
1667260800000,3000.0,3000.0,0,3000.0
1667275200000,3000.0,3000.0,0,3000.0
1667289600000,3000.0,3000.0,0,3000.0
1667304000000,3000.0,3000.0,0,3000.0
1667318400000,3000.0,3000.0,0,3000.0
1667332800000,3000.0,3000.0,0,3000.0
1667347200000,3000.0,3000.0,0,3000.0
1667361600000,3000.0,3000.0,0,3000.0
1667376000000,3000.0,3000.0,0,3000.0
1667390400000,3000.0,3000.0,0,3000.0
1667404800000,3000.0,3000.0,0,3000.0
1667419200000,3000.0,3000.0,0,3000.0
1667433600000,3000.0,3000.0,0,3000.0
1667448000000,3000.0,3000.0,0,3000.0
1667462400000,3000.0,3000.0,0,3000.0
1667476800000,3000.0,3000.0,0,3000.0
1667491200000,3000.0,3000.0,0,3000.0
1667505600000,3000.0,3000.0,0,3000.0
1667520000000,3000.0,3000.0,0,3000.0
1667534400000,3000.0,3000.0,0,3000.0
1667548800000,3000.0,3000.0,0,3000.0
1667563200000,3000.0,3000.0,0,3000.0
1667577600000,3000.0,3000.0,0,3000.0
1667592000000,3000.0,3000.0,0,3000.0
1667606400000,3000.0,3000.0,0,3000.0
1667620800000,3000.0,3000.0,0,3000.0
1667635200000,3000.0,3000.0,0,3000.0
1667649600000,3000.0,3000.0,0,3000.0
1667664000000,3000.0,3000.0,0,3000.0
1667678400000,3000.0,3000.0,0,3000.0
1667692800000,3000.0,3000.0,0,3000.0
1667707200000,3000.0,3000.0,0,3000.0
1667721600000,3000.0,3000.0,0,3000.0
1667736000000,3000.0,3000.0,0,3000.0
1667750400000,3000.0,3000.0,0,3000.0
1667764800000,3000.0,3000.0,0,3000.0
1667779200000,3000.0,3000.0,0,3000.0
1667793600000,3000.0,3000.0,0,3000.0
1667808000000,3000.0,3000.0,0,3000.0
1667822400000,3000.0,3000.0,0,3000.0
1667836800000,3000.0,3000.0,0,3000.0
1667851200000,3000.0,3000.0,0,3000.0
1667865600000,3000.0,3000.0,0,3000.0
1667880000000,3000.0,3000.0,0,3000.0
1667894400000,3000.0,3000.0,0,3000.0
1667908800000,3000.0,3000.0,0,3000.0
1667923200000,3000.0,3000.0,0,3000.0
1667937600000,3000.0,3000.0,0,3000.0
1667952000000,3000.0,3000.0,0,3000.0
1667966400000,3000.0,3000.0,0,3000.0
1667980800000,3000.0,3000.0,0,3000.0
1667995200000,3000.0,3000.0,0,3000.0
1668009600000,3000.0,3000.0,0,3000.0
1668024000000,3000.0,3000.0,0,3000.0
1668038400000,3000.0,3000.0,0,3000.0
1668052800000,3000.0,3000.0,0,3000.0
1668067200000,3000.0,3000.0,0,3000.0
1668081600000,3000.0,3000.0,0,3000.0
1668096000000,3000.0,3000.0,0,3000.0
1668110400000,3000.0,3000.0,0,3000.0
1668124800000,3000.0,3000.0,0,3000.0
1668139200000,3000.0,3000.0,0,3000.0
1668153600000,3000.0,3000.0,0,3000.0
1668168000000,3000.0,3000.0,0,3000.0
1668182400000,3000.0,3000.0,0,3000.0
1668196800000,3000.0,3000.0,0,3000.0
1668211200000,3000.0,3000.0,0,3000.0
1668225600000,3000.0,3000.0,0,3000.0
1668240000000,3000.0,3000.0,0,3000.0
1668254400000,3000.0,3000.0,0,3000.0
1668268800000,3000.0,3000.0,0,3000.0
1668283200000,3000.0,3000.0,0,3000.0
1668297600000,3000.0,3000.0,0,3000.0
1668312000000,3000.0,3000.0,0,3000.0
1668326400000,3000.0,3000.0,0,3000.0
1668340800000,3000.0,3000.0,0,3000.0
1668355200000,3000.0,3000.0,0,3000.0
1668369600000,3000.0,3000.0,0,3000.0
1668384000000,3000.0,3000.0,0,3000.0
1668398400000,3000.0,3000.0,0,3000.0
1668412800000,3000.0,3000.0,0,3000.0
1668427200000,3000.0,3000.0,0,3000.0
1668441600000,3000.0,3000.0,0,3000.0
1668456000000,3000.0,3000.0,0,3000.0
1668470400000,3000.0,3000.0,0,3000.0
1668484800000,3000.0,3000.0,0,3000.0
1668499200000,3000.0,3000.0,0,3000.0
1668513600000,3000.0,3000.0,0,3000.0
1668528000000,3000.0,3000.0,0,3000.0
1668542400000,3000.0,3000.0,0,3000.0
1668556800000,3000.0,3000.0,0,3000.0
1668571200000,3000.0,3000.0,0,3000.0
1668585600000,3000.0,3000.0,0,3000.0
1668600000000,3000.0,3000.0,0,3000.0
1668614400000,3000.0,3000.0,0,3000.0
1668628800000,3000.0,3000.0,0,3000.0
1668643200000,3000.0,3000.0,0,3000.0
1668657600000,3000.0,3000.0,0,3000.0
1668672000000,3000.0,3000.0,0,3000.0
1668686400000,3000.0,3000.0,0,3000.0
1668700800000,3000.0,3000.0,0,3000.0
1668715200000,3000.0,3000.0,0,3000.0
1668729600000,3000.0,3000.0,0,3000.0
1668744000000,3000.0,3000.0,0,3000.0
1668758400000,3000.0,3000.0,0,3000.0
1668772800000,3000.0,3000.0,0,3000.0
1668787200000,3000.0,3000.0,0,3000.0
1668801600000,3000.0,3000.0,0,3000.0
1668816000000,3000.0,3000.0,0,3000.0
1668830400000,3000.0,3000.0,0,3000.0
1668844800000,3000.0,3000.0,0,3000.0
1668859200000,3000.0,3000.0,0,3000.0
1668873600000,3000.0,3000.0,0,3000.0
1668888000000,3000.0,3000.0,0,3000.0
1668902400000,3000.0,3000.0,0,3000.0
1668916800000,3000.0,3000.0,0,3000.0
1668931200000,3000.0,3000.0,0,3000.0
1668945600000,3000.0,3000.0,0,3000.0
1668960000000,3000.0,3000.0,0,3000.0
1668974400000,3000.0,3000.0,0,3000.0
1668988800000,3000.0,3000.0,0,3000.0
1669003200000,3000.0,3000.0,0,3000.0
1669017600000,3000.0,3000.0,0,3000.0
1669032000000,3000.0,3000.0,0,3000.0
1669046400000,3000.0,3000.0,0,3000.0
1669060800000,3000.0,3000.0,0,3000.0
1669075200000,3000.0,3000.0,0,3000.0
1669089600000,3000.0,3000.0,0,3000.0
1669104000000,3000.0,3000.0,0,3000.0
1669118400000,3000.0,3000.0,0,3000.0
1669132800000,3000.0,3000.0,0,3000.0
1669147200000,3000.0,3000.0,0,3000.0
1669161600000,3000.0,3000.0,0,3000.0
1669176000000,3000.0,3000.0,0,3000.0
1669190400000,3000.0,3000.0,0,3000.0
1669204800000,3000.0,3000.0,0,3000.0
1669219200000,3000.0,3000.0,0,3000.0
1669233600000,3000.0,3000.0,0,3000.0
1669248000000,3000.0,3000.0,0,3000.0
1669262400000,3000.0,3000.0,0,3000.0
1669276800000,3000.0,3000.0,0,3000.0
1669291200000,3000.0,3000.0,0,3000.0
1669305600000,3000.0,3000.0,0,3000.0
1669320000000,3000.0,3000.0,0,3000.0
1669334400000,3000.0,3000.0,0,3000.0
1669348800000,3000.0,3000.0,0,3000.0
1669363200000,3000.0,3000.0,0,3000.0
1669377600000,3000.0,3000.0,0,3000.0
1669392000000,3000.0,3000.0,0,3000.0
1669406400000,3000.0,3000.0,0,3000.0
1669420800000,3000.0,3000.0,0,3000.0
1669435200000,3000.0,3000.0,0,3000.0
1669449600000,3000.0,3000.0,0,3000.0
1669464000000,3000.0,3000.0,0,3000.0
1669478400000,3000.0,3000.0,0,3000.0
1669492800000,3000.0,3000.0,0,3000.0
1669507200000,3000.0,3000.0,0,3000.0
1669521600000,3000.0,3000.0,0,3000.0
1669536000000,3000.0,3000.0,0,3000.0
1669550400000,3000.0,3000.0,0,3000.0
1669564800000,3000.0,3000.0,0,3000.0
1669579200000,3000.0,3000.0,0,3000.0
1669593600000,3000.0,3000.0,0,3000.0
1669608000000,3000.0,3000.0,0,3000.0
1669622400000,3000.0,3000.0,0,3000.0
1669636800000,3000.0,3000.0,0,3000.0
1669651200000,3000.0,3000.0,0,3000.0
1669665600000,3000.0,3000.0,0,3000.0
1669680000000,3000.0,3000.0,0,3000.0
1669694400000,3000.0,3000.0,0,3000.0
1669708800000,3000.0,3000.0,0,3000.0
1669723200000,3000.0,3000.0,0,3000.0
1669737600000,3000.0,3000.0,0,3000.0
1669752000000,3000.0,3000.0,0,3000.0
1669766400000,3000.0,3000.0,0,3000.0
1669780800000,3000.0,3000.0,0,3000.0
1669795200000,3000.0,3000.0,0,3000.0
1669809600000,3000.0,3000.0,0,3000.0
1669824000000,3000.0,3000.0,0,3000.0
1669838400000,3000.0,3000.0,0,3000.0
1669852800000,3000.0,3000.0,0,3000.0
1669867200000,3000.0,3000.0,0,3000.0
1669881600000,3000.0,3000.0,0,3000.0
1669896000000,3000.0,3000.0,0,3000.0
1669910400000,3000.0,3000.0,0,3000.0
1669924800000,3000.0,3000.0,0,3000.0
1669939200000,3000.0,3000.0,0,3000.0
1669953600000,3000.0,3000.0,0,3000.0
1669968000000,3000.0,3000.0,0,3000.0
1669982400000,3000.0,3000.0,0,3000.0
1669996800000,3000.0,3000.0,0,3000.0
1670011200000,3000.0,3000.0,0,3000.0
1670025600000,3000.0,3000.0,0,3000.0
1670040000000,3000.0,3000.0,0,3000.0
1670054400000,3000.0,3000.0,0,3000.0
1670068800000,3000.0,3000.0,0,3000.0
1670083200000,3000.0,3000.0,0,3000.0
1670097600000,3000.0,3000.0,0,3000.0
1670112000000,3000.0,3000.0,0,3000.0
1670126400000,3000.0,3000.0,0,3000.0
1670140800000,3000.0,3000.0,0,3000.0
1670155200000,3000.0,3000.0,0,3000.0
1670169600000,3000.0,3000.0,0,3000.0
1670184000000,3000.0,3000.0,0,3000.0
1670198400000,3000.0,3000.0,0,3000.0
1670212800000,3000.0,3000.0,0,3000.0
1670227200000,3000.0,3000.0,0,3000.0
1670241600000,3000.0,3000.0,0,3000.0
1670256000000,3000.0,3000.0,0,3000.0
1670270400000,3000.0,3000.0,0,3000.0
1670284800000,3000.0,3000.0,0,3000.0
1670299200000,3000.0,3000.0,0,3000.0
1670313600000,3000.0,3000.0,0,3000.0
1670328000000,3000.0,3000.0,0,3000.0
1670342400000,3000.0,3000.0,0,3000.0
1670356800000,3000.0,3000.0,0,3000.0
1670371200000,3000.0,3000.0,0,3000.0
1670385600000,3000.0,3000.0,0,3000.0
1670400000000,3000.0,3000.0,0,3000.0
1670414400000,3000.0,3000.0,0,3000.0
1670428800000,3000.0,3000.0,0,3000.0
1670443200000,3000.0,3000.0,0,3000.0
1670457600000,3000.0,3000.0,0,3000.0
1670472000000,3000.0,3000.0,0,3000.0
1670486400000,3000.0,3000.0,0,3000.0
1670500800000,3000.0,3000.0,0,3000.0
1670515200000,3000.0,3000.0,0,3000.0
1670529600000,3000.0,3000.0,0,3000.0
1670544000000,3000.0,3000.0,0,3000.0
1670558400000,3000.0,3000.0,0,3000.0
1670572800000,3000.0,3000.0,0,3000.0
1670587200000,3000.0,3000.0,0,3000.0
1670601600000,3000.0,3000.0,0,3000.0
1670616000000,3000.0,3000.0,0,3000.0
1670630400000,3000.0,3000.0,0,3000.0
1670644800000,3000.0,3000.0,0,3000.0
1670659200000,3000.0,3000.0,0,3000.0
1670673600000,3000.0,3000.0,0,3000.0
1670688000000,3000.0,3000.0,0,3000.0
1670702400000,3000.0,3000.0,0,3000.0
1670716800000,3000.0,3000.0,0,3000.0
1670731200000,3000.0,3000.0,0,3000.0
1670745600000,3000.0,3000.0,0,3000.0
1670760000000,3000.0,3000.0,0,3000.0
1670774400000,3000.0,3000.0,0,3000.0
1670788800000,3000.0,3000.0,0,3000.0
1670803200000,3000.0,3000.0,0,3000.0
1670817600000,3000.0,3000.0,0,3000.0
1670832000000,3000.0,3000.0,0,3000.0
1670846400000,3000.0,3000.0,0,3000.0
1670860800000,3000.0,3000.0,0,3000.0
1670875200000,3000.0,3000.0,0,3000.0
1670889600000,3000.0,3000.0,0,3000.0
1670904000000,3000.0,3000.0,0,3000.0
1670918400000,3000.0,3000.0,0,3000.0
1670932800000,3000.0,3000.0,0,3000.0
1670947200000,3000.0,3000.0,0,3000.0
1670961600000,3000.0,3000.0,0,3000.0
1670976000000,3000.0,3000.0,0,3000.0
1670990400000,3000.0,3000.0,0,3000.0
1671004800000,3000.0,3000.0,0,3000.0
1671019200000,3000.0,3000.0,0,3000.0
1671033600000,3000.0,3000.0,0,3000.0
1671048000000,3000.0,3000.0,0,3000.0
1671062400000,3000.0,3000.0,0,3000.0
1671076800000,3000.0,3000.0,0,3000.0
1671091200000,3000.0,3000.0,0,3000.0
1671105600000,3000.0,3000.0,0,3000.0
1671120000000,3000.0,3000.0,0,3000.0
1671134400000,3000.0,3000.0,0,3000.0
1671148800000,3000.0,3000.0,0,3000.0
1671163200000,3000.0,3000.0,0,3000.0
1671177600000,3000.0,3000.0,0,3000.0
1671192000000,3000.0,3000.0,0,3000.0
1671206400000,3000.0,3000.0,0,3000.0
1671220800000,3000.0,3000.0,0,3000.0
1671235200000,3000.0,3000.0,0,3000.0
1671249600000,3000.0,3000.0,0,3000.0
1671264000000,3000.0,3000.0,0,3000.0
1671278400000,3000.0,3000.0,0,3000.0
1671292800000,3000.0,3000.0,0,3000.0
1671307200000,3000.0,3000.0,0,3000.0
1671321600000,3000.0,3000.0,0,3000.0
1671336000000,3000.0,3000.0,0,3000.0
1671350400000,3000.0,3000.0,0,3000.0
1671364800000,3000.0,3000.0,0,3000.0
1671379200000,3000.0,3000.0,0,3000.0
1671393600000,3000.0,3000.0,0,3000.0
1671408000000,3000.0,3000.0,0,3000.0
1671422400000,3000.0,3000.0,0,3000.0
1671436800000,3000.0,3000.0,0,3000.0
1671451200000,3000.0,3000.0,0,3000.0
1671465600000,3000.0,3000.0,0,3000.0
1671480000000,3000.0,3000.0,0,3000.0
1671494400000,3000.0,3000.0,0,3000.0
1671508800000,3000.0,3000.0,0,3000.0
1671523200000,3000.0,3000.0,0,3000.0
1671537600000,3000.0,3000.0,0,3000.0
1671552000000,3000.0,3000.0,0,3000.0
1671566400000,3000.0,3000.0,0,3000.0
1671580800000,3000.0,3000.0,0,3000.0
1671595200000,3000.0,3000.0,0,3000.0
1671609600000,3000.0,3000.0,0,3000.0
1671624000000,3000.0,3000.0,0,3000.0
1671638400000,3000.0,3000.0,0,3000.0
1671652800000,3000.0,3000.0,0,3000.0
1671667200000,3000.0,3000.0,0,3000.0
1671681600000,3000.0,3000.0,0,3000.0
1671696000000,3000.0,3000.0,0,3000.0
1671710400000,3000.0,3000.0,0,3000.0
1671724800000,3000.0,3000.0,0,3000.0
1671739200000,3000.0,3000.0,0,3000.0
1671753600000,3000.0,3000.0,0,3000.0
1671768000000,3000.0,3000.0,0,3000.0
1671782400000,3000.0,3000.0,0,3000.0
1671796800000,3000.0,3000.0,0,3000.0
1671811200000,3000.0,3000.0,0,3000.0
1671825600000,3000.0,3000.0,0,3000.0
1671840000000,3000.0,3000.0,0,3000.0
1671854400000,3000.0,3000.0,0,3000.0
1671868800000,3000.0,3000.0,0,3000.0
1671883200000,3000.0,3000.0,0,3000.0
1671897600000,3000.0,3000.0,0,3000.0
1671912000000,3000.0,3000.0,0,3000.0
1671926400000,3000.0,3000.0,0,3000.0
1671940800000,3000.0,3000.0,0,3000.0
1671955200000,3000.0,3000.0,0,3000.0
1671969600000,3000.0,3000.0,0,3000.0
1671984000000,3000.0,3000.0,0,3000.0
1671998400000,3000.0,3000.0,0,3000.0
1672012800000,3000.0,3000.0,0,3000.0
1672027200000,3000.0,3000.0,0,3000.0
1672041600000,3000.0,3000.0,0,3000.0
1672056000000,3000.0,3000.0,0,3000.0
1672070400000,3000.0,3000.0,0,3000.0
1672084800000,3000.0,3000.0,0,3000.0
1672099200000,3000.0,3000.0,0,3000.0
1672113600000,3000.0,3000.0,0,3000.0
1672128000000,3000.0,3000.0,0,3000.0
1672142400000,3000.0,3000.0,0,3000.0
1672156800000,3000.0,3000.0,0,3000.0
1672171200000,3000.0,3000.0,0,3000.0
1672185600000,3000.0,3000.0,0,3000.0
1672200000000,3000.0,3000.0,0,3000.0
1672214400000,3000.0,3000.0,0,3000.0
1672228800000,3000.0,3000.0,0,3000.0
1672243200000,3000.0,3000.0,0,3000.0
1672257600000,3000.0,3000.0,0,3000.0
1672272000000,3000.0,3000.0,0,3000.0
1672286400000,3000.0,3000.0,0,3000.0
1672300800000,3000.0,3000.0,0,3000.0
1672315200000,3000.0,3000.0,0,3000.0
1672329600000,3000.0,3000.0,0,3000.0
1672344000000,3000.0,3000.0,0,3000.0
1672358400000,3000.0,3000.0,0,3000.0
1672372800000,3000.0,3000.0,0,3000.0
1672387200000,3000.0,3000.0,0,3000.0
1672401600000,3000.0,3000.0,0,3000.0
1672416000000,3000.0,3000.0,0,3000.0
1672430400000,3000.0,3000.0,0,3000.0
1672444800000,3000.0,3000.0,0,3000.0
1672459200000,3000.0,3000.0,0,3000.0
1672473600000,3000.0,3000.0,0,3000.0
1672488000000,3000.0,3000.0,0,3000.0
1672502400000,3000.0,3000.0,0,3000.0
1672516800000,3000.0,3000.0,0,3000.0
1672531200000,3000.0,3000.0,0,3000.0
1672545600000,3000.0,3000.0,0,3000.0
1672560000000,3000.0,3000.0,0,3000.0
1672574400000,3000.0,3000.0,0,3000.0
1672588800000,3000.0,3000.0,0,3000.0
1672603200000,3000.0,3000.0,0,3000.0
1672617600000,3000.0,3000.0,0,3000.0
1672632000000,3000.0,3000.0,0,3000.0
1672646400000,3000.0,3000.0,0,3000.0
1672660800000,3000.0,3000.0,0,3000.0
1672675200000,3000.0,3000.0,0,3000.0
1672689600000,3000.0,3000.0,0,3000.0
1672704000000,3000.0,3000.0,0,3000.0
1672718400000,3000.0,3000.0,0,3000.0
1672732800000,3000.0,3000.0,0,3000.0
1672747200000,3000.0,3000.0,0,3000.0
1672761600000,3000.0,3000.0,0,3000.0
1672776000000,3000.0,3000.0,0,3000.0
1672790400000,3000.0,3000.0,0,3000.0
1672804800000,3000.0,3000.0,0,3000.0
1672819200000,3000.0,3000.0,0,3000.0
1672833600000,3000.0,3000.0,0,3000.0
1672848000000,3000.0,3000.0,0,3000.0
1672862400000,3000.0,3000.0,0,3000.0
1672876800000,3000.0,3000.0,0,3000.0
1672891200000,3000.0,3000.0,0,3000.0
1672905600000,3000.0,3000.0,0,3000.0
1672920000000,3000.0,3000.0,0,3000.0
1672934400000,3000.0,3000.0,0,3000.0
1672948800000,3000.0,3000.0,0,3000.0
1672963200000,3000.0,3000.0,0,3000.0
1672977600000,3000.0,3000.0,0,3000.0
1672992000000,3000.0,3000.0,0,3000.0
1673006400000,3000.0,3000.0,0,3000.0
1673020800000,3000.0,3000.0,0,3000.0
1673035200000,3000.0,3000.0,0,3000.0
1673049600000,3000.0,3000.0,0,3000.0
1673064000000,3000.0,3000.0,0,3000.0
1673078400000,3000.0,3000.0,0,3000.0
1673092800000,3000.0,3000.0,0,3000.0
1673107200000,3000.0,3000.0,0,3000.0
1673121600000,3000.0,3000.0,0,3000.0
1673136000000,3000.0,3000.0,0,3000.0
1673150400000,3000.0,3000.0,0,3000.0
1673164800000,3000.0,3000.0,0,3000.0
1673179200000,3000.0,3000.0,0,3000.0
1673193600000,3000.0,3000.0,0,3000.0
1673208000000,3000.0,3000.0,0,3000.0
1673222400000,3000.0,3000.0,0,3000.0
1673236800000,3000.0,3000.0,0,3000.0
1673251200000,3000.0,3000.0,0,3000.0
1673265600000,3000.0,3000.0,0,3000.0
1673280000000,3000.0,3000.0,0,3000.0
1673294400000,3000.0,3000.0,0,3000.0
1673308800000,3000.0,3000.0,0,3000.0
1673323200000,3000.0,3000.0,0,3000.0
1673337600000,3000.0,3000.0,0,3000.0
1673352000000,3000.0,3000.0,0,3000.0
1673366400000,3000.0,3000.0,0,3000.0
1673380800000,3000.0,3000.0,0,3000.0
1673395200000,3000.0,3000.0,0,3000.0
1673409600000,3000.0,3000.0,0,3000.0
1673424000000,3000.0,3000.0,0,3000.0
1673438400000,3000.0,3000.0,0,3000.0
1673452800000,3000.0,3000.0,0,3000.0
1673467200000,3000.0,3000.0,0,3000.0
1673481600000,3000.0,3000.0,0,3000.0
1673496000000,3000.0,3000.0,0,3000.0
1673510400000,3000.0,3000.0,0,3000.0
1673524800000,3000.0,3000.0,0,3000.0
1673539200000,3000.0,3000.0,0,3000.0
1673553600000,3000.0,3000.0,0,3000.0
1673568000000,3000.0,3000.0,0,3000.0
1673582400000,3000.0,3000.0,0,3000.0
1673596800000,3000.0,3000.0,0,3000.0
1673611200000,3000.0,3000.0,0,3000.0
1673625600000,3000.0,3000.0,0,3000.0
1673640000000,3000.0,3000.0,0,3000.0
1673654400000,3000.0,3000.0,0,3000.0
1673668800000,3000.0,3000.0,0,3000.0
1673683200000,3000.0,3000.0,0,3000.0
1673697600000,3000.0,3000.0,0,3000.0
1673712000000,3000.0,3000.0,0,3000.0
1673726400000,3000.0,3000.0,0,3000.0
1673740800000,3000.0,3000.0,0,3000.0
1673755200000,3000.0,3000.0,0,3000.0
1673769600000,3000.0,3000.0,0,3000.0
1673784000000,3000.0,3000.0,0,3000.0
1673798400000,3000.0,3000.0,0,3000.0
1673812800000,3000.0,3000.0,0,3000.0
1673827200000,3000.0,3000.0,0,3000.0
1673841600000,3000.0,3000.0,0,3000.0
1673856000000,3000.0,3000.0,0,3000.0
1673870400000,3000.0,3000.0,0,3000.0
1673884800000,3000.0,3000.0,0,3000.0
1673899200000,3000.0,3000.0,0,3000.0
1673913600000,3000.0,3000.0,0,3000.0
1673928000000,3000.0,3000.0,0,3000.0
1673942400000,3000.0,3000.0,0,3000.0
1673956800000,3000.0,3000.0,0,3000.0
1673971200000,3000.0,3000.0,0,3000.0
1673985600000,3000.0,3000.0,0,3000.0
1674000000000,3000.0,3000.0,0,3000.0
1674014400000,3000.0,3000.0,0,3000.0
1674028800000,3000.0,3000.0,0,3000.0
1674043200000,3000.0,3000.0,0,3000.0
1674057600000,3000.0,3000.0,0,3000.0
1674072000000,3000.0,3000.0,0,3000.0
1674086400000,3000.0,3000.0,0,3000.0
1674100800000,3000.0,3000.0,0,3000.0
1674115200000,3000.0,3000.0,0,3000.0
1674129600000,3000.0,3000.0,0,3000.0
1674144000000,3000.0,3000.0,0,3000.0
1674158400000,3000.0,3000.0,0,3000.0
1674172800000,3000.0,3000.0,0,3000.0
1674187200000,3000.0,3000.0,0,3000.0
1674201600000,3000.0,3000.0,0,3000.0
1674216000000,3000.0,3000.0,0,3000.0
1674230400000,3000.0,3000.0,0,3000.0
1674244800000,3000.0,3000.0,0,3000.0
1674259200000,3000.0,3000.0,0,3000.0
1674273600000,2994.672826835563,2988.354759965553,3,2290.453741249903
1674288000000,2995.3949347176153,2991.479212951822,3,2290.453741249903
1674302400000,2994.8266090001102,2977.729136377712,3,2290.453741249903
1674316800000,2995.1810822747584,2991.2917961019366,3,2290.453741249903
1674331200000,3003.6470180143747,2994.4184314631775,3,2290.453741249903
1674345600000,2986.914701362122,2984.00304053136,3,2290.453741249903
1674360000000,2987.7535850740583,2979.7832686078004,3,2290.453741249903
1674374400000,2988.9141342048415,2986.7239415488925,3,2290.453741249903
1674388800000,2987.626086169263,2985.4111573407517,3,2290.453741249903
1674403200000,2990.0369828091953,2983.341875460405,3,2290.453741249903
1674417600000,2988.923748947055,2986.129033733686,3,2290.453741249903
1674432000000,2983.265279239745,2974.6928373692162,3,2290.453741249903
1674446400000,2982.5584960106335,2982.114663282861,2,2724.619233189355
1674460800000,2982.984232498173,2982.005167550271,2,2724.619233189355
1674475200000,2984.480722164444,2982.5582892368543,2,2724.619233189355
1674489600000,2982.980548125007,2978.194699672236,2,2724.619233189355
1674504000000,2982.546207548838,2980.9793251742703,2,2724.619233189355
1674518400000,2983.767967336217,2982.2226609526824,2,2724.619233189355
1674532800000,2985.6971527557935,2983.1963515836055,2,2724.619233189355
1674547200000,2985.3026794192115,2984.8321296830222,2,2724.619233189355
1674561600000,2983.723093362773,2981.998110472902,2,2724.619233189355
1674576000000,2983.4257667009497,2980.86275472697,2,2724.619233189355
1674590400000,2984.0827525081972,2981.493916863848,2,2724.619233189355
1674604800000,2976.7728449716897,2974.1785071991467,2,2724.619233189355
1674619200000,2976.131736810878,2971.9256425724075,2,2724.619233189355
1674633600000,2977.083395784392,2975.800178963824,2,2724.619233189355
1674648000000,2975.7770065088393,2974.521300672146,2,2724.619233189355
1674662400000,2975.538099239891,2972.6622873809038,2,2724.619233189355
1674676800000,2977.879000379517,2974.9409588769277,2,2724.619233189355
1674691200000,2983.544991233389,2977.8853694414734,2,2724.619233189355
1674705600000,2984.2138662291068,2983.291282423635,2,2724.619233189355
1674720000000,2982.4362821751038,2981.4652428774807,2,2724.619233189355
1674734400000,2982.56587888075,2980.6335750534035,2,2724.619233189355
1674748800000,2981.2606438371336,2980.3739608894416,2,2724.619233189355
1674763200000,2982.9823055089882,2979.7074985308227,2,2724.619233189355
1674777600000,2982.4208108674998,2981.637124502668,2,2724.619233189355
1674792000000,2978.3411895230693,2975.930578408256,2,2724.619233189355
1674806400000,2981.612354615096,2978.069876386394,2,2724.619233189355
1674820800000,2980.490464604072,2979.6910360771817,2,2724.619233189355
1674835200000,2979.99061732583,2978.3923579095754,2,2724.619233189355
1674849600000,2984.519505714236,2979.8649747612535,2,2724.619233189355
1674864000000,2982.542908514052,2980.9913843962327,2,2724.619233189355
1674878400000,2982.901661962774,2981.9675173101177,2,2724.619233189355
1674892800000,2981.6781064965244,2980.918535009209,2,2724.619233189355
1674907200000,2981.1280080472598,2980.102769198742,2,2724.619233189355
1674921600000,2980.7277950871357,2978.671563127731,2,2724.619233189355
1674936000000,2980.788509148543,2979.844708175447,2,2724.619233189355
1674950400000,2980.309932078714,2978.6142990497283,2,2724.619233189355
1674964800000,2983.0068086054835,2979.54802355737,2,2724.619233189355
1674979200000,2982.9345501369967,2982.272429187866,2,2724.619233189355
1674993600000,2985.5388458060015,2982.3631633594673,2,2724.619233189355
1675008000000,2986.2700585712387,2984.6329053025593,2,2724.619233189355
1675022400000,2991.6903782633112,2985.502717409824,2,2724.619233189355
1675036800000,2990.074719617781,2987.9333319363814,2,2724.619233189355
1675051200000,2989.322816758614,2988.032597595672,2,2724.619233189355
1675065600000,2988.1790971784676,2987.4927931860802,2,2724.619233189355
1675080000000,2981.349759815144,2980.646416374679,2,2724.619233189355
1675094400000,2982.2251567336393,2979.619673945258,2,2724.619233189355
1675108800000,2977.546862049771,2975.1604736953295,2,2724.619233189355
1675123200000,2978.695293503126,2974.538032779388,2,2724.619233189355
1675137600000,2978.9495446294422,2977.7017440763716,2,2724.619233189355
1675152000000,2980.6451394922997,2977.8557379184667,2,2724.619233189355
1675166400000,2979.284581387422,2978.570661165842,2,2724.619233189355
1675180800000,2982.1751485833297,2979.1979931308633,2,2724.619233189355
1675195200000,2983.0558248950297,2981.7803116235464,2,2724.619233189355
1675209600000,2981.9187388732835,2978.450643133225,2,2724.619233189355
1675224000000,2981.894517428066,2980.484944116578,2,2724.619233189355
1675238400000,2980.8778795481317,2980.0936159458015,2,2724.619233189355
1675252800000,2981.29873579426,2979.252956528843,2,2724.619233189355
1675267200000,2980.313625325895,2979.810766568562,2,2724.619233189355
1675281600000,2985.897937442274,2977.471199197723,2,2724.619233189355
1675296000000,2989.787900613543,2985.2146274095508,2,2724.619233189355
1675310400000,2993.0661309587895,2988.653995051424,3,2622.4828965719043
1675324800000,2991.2475997774404,2990.0585335326036,3,2622.4828965719043
1675339200000,2992.414762707091,2990.4987454032043,3,2622.4828965719043
1675353600000,2993.1445636867193,2987.1053995168786,3,2622.4828965719043
1675368000000,2992.2721138694874,2990.5403996016776,3,2622.4828965719043
1675382400000,2986.584983741068,2983.8770629821997,3,2622.4828965719043
1675396800000,2987.0875447258245,2984.686088664925,3,2622.4828965719043
1675411200000,2985.3554198965853,2985.0219771254788,3,2622.4828965719043
1675425600000,2987.6279881028286,2983.62393520626,3,2622.4828965719043
1675440000000,2989.355105676904,2982.550152203998,3,2622.4828965719043
1675454400000,2986.917721495093,2986.49742746142,3,2622.4828965719043
1675468800000,2989.025336046827,2984.9805796254464,3,2622.4828965719043
1675483200000,2986.7298201769772,2986.2565614108967,3,2622.4828965719043
1675497600000,2987.2680221074806,2985.228477341816,3,2622.4828965719043
1675512000000,2987.695884854449,2985.682208852052,3,2622.4828965719043
1675526400000,2990.082674784348,2987.163042861995,3,2622.4828965719043
1675540800000,2989.458555274548,2988.5312375409962,3,2622.4828965719043
1675555200000,2987.243447210688,2985.966221791309,3,2622.4828965719043
1675569600000,2987.0827112298143,2985.111499392247,3,2622.4828965719043
1675584000000,2987.900880361757,2986.4449302408025,3,2622.4828965719043
1675598400000,2986.5440789475206,2986.2843204949513,3,2622.4828965719043
1675612800000,2982.425998974269,2980.651573371318,3,2622.4828965719043
1675627200000,2978.0848252801916,2976.003830230488,3,2622.4828965719043
1675641600000,2980.167778695903,2976.2479517503157,3,2622.4828965719043
1675656000000,2978.9694034738422,2977.552279557361,3,2622.4828965719043
1675670400000,2980.160446135588,2974.9569904655086,3,2622.4828965719043
1675684800000,2980.2182956448523,2977.3072221563593,3,2622.4828965719043
1675699200000,2982.993142556131,2977.7175456773625,3,2622.4828965719043
1675713600000,2983.4769174197695,2980.9025616568015,3,2622.4828965719043
1675728000000,2977.330226884002,2975.1872050563334,3,2622.4828965719043
1675742400000,2983.1858050013416,2977.103126649522,3,2622.4828965719043
1675756800000,2982.530264644525,2981.9803746207376,3,2622.4828965719043
1675771200000,2984.2213466620965,2981.7093341053187,3,2622.4828965719043
1675785600000,2982.0001583108674,2981.236595677944,3,2622.4828965719043
1675800000000,2986.8060177680923,2980.2356940324544,3,2622.4828965719043
1675814400000,2989.4691919592356,2985.720801638017,3,2622.4828965719043
1675828800000,2990.9789080492665,2988.8201821282337,3,2622.4828965719043
1675843200000,2990.564468488828,2989.2672655911592,3,2622.4828965719043
1675857600000,2989.6384635171858,2988.527619974881,3,2622.4828965719043
1675872000000,2983.77791513457,2983.2955343296676,3,2622.4828965719043
1675886400000,2983.569635818139,2978.9213815232492,3,2622.4828965719043
1675900800000,2984.5957055215076,2981.1002617003846,3,2622.4828965719043
1675915200000,2976.2366179548744,2974.222624088741,3,2622.4828965719043
1675929600000,2978.847462802532,2973.979705405265,3,2622.4828965719043
1675944000000,2978.978029095876,2977.88512131659,3,2622.4828965719043
1675958400000,2978.25858605813,2977.0961455153506,3,2622.4828965719043
1675972800000,2966.114164679937,2962.8975518533857,3,2622.4828965719043
1675987200000,2962.4317627566584,2957.898024745644,3,2622.4828965719043
1676001600000,2962.1360847653236,2961.500291477841,2,2752.0376176953055
1676016000000,2963.7113494592245,2960.3987545387695,2,2752.0376176953055
1676030400000,2961.2826064706833,2960.7926313849252,2,2752.0376176953055
1676044800000,2959.4489099115003,2958.1985758164224,1,2865.903213670319
1676059200000,2961.5633964164085,2958.49332466409,1,2865.903213670319
1676073600000,2960.7907955780765,2959.9571999367186,1,2865.903213670319
1676088000000,2962.1021838431398,2960.3536661563885,1,2865.903213670319
1676102400000,2961.3905778078342,2961.024608989677,1,2865.903213670319
1676116800000,2961.187261797747,2960.719634974546,1,2865.903213670319
1676131200000,2961.187261797747,2960.069023742267,1,2865.903213670319
1676145600000,2961.38041200733,2960.465489961937,1,2865.903213670319
1676160000000,2961.746380825487,2961.1974275982516,1,2865.903213670319
1676174400000,2960.943282585642,2960.9432825856425,1,2865.903213670319
1676188800000,2960.5671479669804,2960.3231687548755,1,2865.903213670319
1676203200000,2960.994111588164,2960.4248267599196,1,2865.903213670319
1676217600000,2961.0042773886685,2960.4248267599196,1,2865.903213670319
1676232000000,2961.492235812878,2960.6993033735375,1,2865.903213670319
1676246400000,2959.9470341362144,2958.2900086540026,1,2865.903213670319
1676260800000,2960.5061531639544,2959.357417706961,1,2865.903213670319
1676275200000,2960.434992560424,2960.0080289392404,1,2865.903213670319
1676289600000,2958.2595112524896,2956.8769623838957,1,2865.903213670319
1676304000000,2958.4018324595504,2957.9850346388716,1,2865.903213670319
1676318400000,2957.2429312020527,2955.524910916815,1,2865.903213670319
1676332800000,2958.462827262577,2956.358506558173,1,2865.903213670319
1676347200000,2957.954537237358,2957.720723825758,1,2865.903213670319
1676361600000,2958.8999566842645,2957.863045032819,1,2865.903213670319
1676376000000,2959.1845990983866,2958.249345451985,1,2865.903213670319
1676390400000,2962.2038418481834,2958.00536623988,1,2865.903213670319
1676404800000,2962.9256136839936,2961.502401613382,1,2865.903213670319
1676419200000,2963.31191410316,2962.2038418481834,1,2865.903213670319
1676433600000,2963.017105888533,2962.518981663819,1,2865.903213670319
1676448000000,2963.4948985122383,2962.8849504819764,1,2865.903213670319
1676462400000,2964.968939585371,2963.352577305177,1,2865.903213670319
1676476800000,2964.928276383354,2964.460649560153,1,2865.903213670319
1676491200000,2966.9106074817055,2964.399654757127,1,2865.903213670319
1676505600000,2970.4279744562164,2966.5243070625393,1,2865.903213670319
1676520000000,2965.1982830908996,2963.345711758959,2,2642.758107868516
1676534400000,2961.7058476138723,2960.277916031901,2,2642.758107868516
1676548800000,2960.9238316757974,2959.7218954991135,2,2642.758107868516
1676563200000,2967.455114725846,2956.190346067545,2,2642.758107868516
1676577600000,2962.2508559534863,2959.9854077655123,2,2642.758107868516
1676592000000,2948.94898230669,2948.239700142599,2,2642.758107868516
1676606400000,2955.1526358693845,2947.519477554265,2,2642.758107868516
1676620800000,2953.4040703366795,2952.425781771092,2,2642.758107868516
1676635200000,2954.4167772684254,2952.281112769839,2,2642.758107868516
1676649600000,2956.9387661091546,2952.6174066561757,2,2642.758107868516
1676664000000,2961.85443757977,2953.655915401051,2,2642.758107868516
1676678400000,2959.0001236633034,2954.337822581559,2,2642.758107868516
1676692800000,2960.0511220798985,2958.4628854840485,2,2642.758107868516
1676707200000,2958.646620593888,2957.390732996753,2,2642.758107868516
1676721600000,2955.539758758243,2954.8304765941516,2,2642.758107868516
1676736000000,2959.625731629168,2954.9720231774745,2,2642.758107868516
1676750400000,2959.4818611746305,2958.218131648205,2,2642.758107868516
1676764800000,2960.019099353886,2957.1804214500444,2,2642.758107868516
1676779200000,2958.5156690092535,2955.68180280437,3,2489.8128769284976
1676793600000,2959.5372731329744,2956.0765047399186,3,2489.8128769284976
1676808000000,2962.5954665753366,2957.230913308848,3,2489.8128769284976
1676822400000,2966.0868456707212,2960.7022225668666,3,2489.8128769284976
1676836800000,2953.6065091120918,2951.3365870371335,3,2489.8128769284976
1676851200000,2954.551097881191,2948.683695332831,3,2489.8128769284976
1676865600000,2955.9213893729343,2941.643359770657,3,2489.8128769284976
1676880000000,2966.1260064259795,2955.0421398537633,3,2489.8128769284976
1676894400000,2961.1718644199577,2956.7633210020936,3,2489.8128769284976
1676908800000,2960.190755188606,2956.090117090134,3,2489.8128769284976
1676923200000,2955.5677214244615,2951.1217066798063,3,2489.8128769284976
1676937600000,2955.339701588491,2951.215636130096,3,2489.8128769284976
1676952000000,2957.588234690275,2951.4824414976383,4,2358.851385684423
1676966400000,2961.151921271202,2953.5621099239256,4,2358.851385684423
1676980800000,2946.0993943902336,2941.6637722536857,4,2358.851385684423
1676995200000,2942.687722078599,2936.920491772603,4,2358.851385684423
1677009600000,2942.4365307836897,2936.9463140301555,4,2358.851385684423
1677024000000,2940.0608793306574,2928.99268467202,4,2358.851385684423
1677038400000,2932.1236572020644,2922.643918166204,3,2562.193570551181
1677052800000,2929.2855514828752,2924.987217579734,3,2562.193570551181
1677067200000,2928.083085673106,2922.073828585232,3,2562.193570551181
1677081600000,2920.7325127823556,2918.536645847939,3,2562.193570551181
1677096000000,2928.155379656145,2919.3126787383035,3,2562.193570551181
1677110400000,2934.685107307278,2926.5366403795842,3,2562.193570551181
1677124800000,2938.9894228725734,2932.336853993784,3,2562.193570551181
1677139200000,2939.2388138831325,2936.657358360744,3,2562.193570551181
1677153600000,2932.6630355298967,2930.156877062491,3,2562.193570551181
1677168000000,2936.29283007157,2929.8923851199606,3,2562.193570551181
1677182400000,2934.7325952773945,2929.0324624357713,3,2562.193570551181
1677196800000,2935.2666212702998,2930.32768093353,3,2562.193570551181
1677211200000,2935.7528053758724,2932.790550258677,3,2562.193570551181
1677225600000,2936.967503581387,2932.7982574686866,3,2562.193570551181
1677240000000,2931.7443784631228,2929.5848232426265,3,2562.193570551181
1677254400000,2921.0419662993645,2919.1203747215886,3,2562.193570551181
1677268800000,2921.521610481666,2913.209632776406,3,2562.193570551181
1677283200000,2917.706382549281,2909.647031913644,3,2562.193570551181
1677297600000,2915.076334146444,2914.0266583135895,3,2562.193570551181
1677312000000,2917.105439380677,2912.8586388794774,3,2562.193570551181
1677326400000,2917.1931320103436,2914.7567973328983,3,2562.193570551181
1677340800000,2916.570212193804,2912.990131225621,3,2562.193570551181
1677355200000,2915.3911127871315,2911.561829369582,3,2562.193570551181
1677369600000,2918.0053886819255,2907.8918196496593,3,2562.193570551181
1677384000000,2920.025724218707,2915.187420738544,3,2562.193570551181
1677398400000,2919.9233745100296,2917.7487459169,3,2562.193570551181
1677412800000,2921.4232469153294,2918.369652079789,3,2562.193570551181
1677427200000,2920.9647192343823,2918.85458948158,3,2562.193570551181
1677441600000,2925.3772878466675,2918.220926569058,3,2562.193570551181
1677456000000,2925.3274587811375,2921.508522293507,3,2562.193570551181
1677470400000,2923.336224542816,2922.4195027965334,3,2562.193570551181
1677484800000,2921.352760064956,2919.1659297223428,3,2562.193570551181
1677499200000,2920.387956012443,2916.4910022489935,3,2562.193570551181
1677513600000,2922.5707155409796,2918.625290737015,3,2562.193570551181
1677528000000,2915.5373512381902,2912.514146827783,3,2562.193570551181
1677542400000,2918.851126783286,2913.595723596978,3,2562.193570551181
1677556800000,2918.9399930475834,2916.5734366502847,3,2562.193570551181
1677571200000,2915.0050676597334,2913.9875141477587,3,2562.193570551181
1677585600000,2918.6468817375903,2913.600105731337,3,2562.193570551181
1677600000000,2921.4270062443966,2917.8897843451823,3,2562.193570551181
1677614400000,2916.6185095459964,2915.883161069095,3,2562.193570551181
1677628800000,2914.180080713972,2910.3852086809643,3,2562.193570551181
1677643200000,2921.2519123518277,2912.728526862994,3,2562.193570551181
1677657600000,2924.427221383409,2920.3723423384863,3,2562.193570551181
1677672000000,2925.536346516966,2923.083542363835,3,2562.193570551181
1677686400000,2924.8082635741994,2922.271083351393,3,2562.193570551181
1677700800000,2920.896719452998,2919.8916345848597,3,2562.193570551181
1677715200000,2926.8212117369126,2920.12162086225,3,2562.193570551181
1677729600000,2921.9803035279524,2920.352607076631,3,2562.193570551181
1677744000000,2921.468522161219,2919.3032469089117,3,2562.193570551181
1677758400000,2919.4893402731122,2917.5580934690497,3,2562.193570551181
1677772800000,2915.310874262109,2912.8938913762404,3,2562.193570551181
1677787200000,2916.659165316238,2911.7712276796287,3,2562.193570551181
1677801600000,2917.145915114703,2914.993222914388,3,2562.193570551181
1677816000000,2907.560291614902,2884.390789605711,0,2907.560291614902
1677830400000,2907.560291614902,2907.560291614902,0,2907.560291614902
1677844800000,2907.560291614902,2907.560291614902,0,2907.560291614902
1677859200000,2907.560291614902,2907.560291614902,0,2907.560291614902
1677873600000,2907.560291614902,2907.560291614902,0,2907.560291614902
1677888000000,2907.560291614902,2907.560291614902,0,2907.560291614902
1677902400000,2907.560291614902,2907.560291614902,0,2907.560291614902
1677916800000,2907.560291614902,2907.560291614902,0,2907.560291614902
1677931200000,2907.560291614902,2907.560291614902,0,2907.560291614902
1677945600000,2907.560291614902,2907.560291614902,0,2907.560291614902
1677960000000,2907.560291614902,2907.560291614902,0,2907.560291614902
1677974400000,2907.560291614902,2907.560291614902,0,2907.560291614902
1677988800000,2907.560291614902,2907.560291614902,0,2907.560291614902
1678003200000,2907.560291614902,2907.560291614902,0,2907.560291614902
1678017600000,2907.560291614902,2907.560291614902,0,2907.560291614902
1678032000000,2907.560291614902,2907.560291614902,0,2907.560291614902
1678046400000,2907.560291614902,2907.560291614902,0,2907.560291614902
1678060800000,2907.560291614902,2907.560291614902,0,2907.560291614902
1678075200000,2907.560291614902,2907.560291614902,0,2907.560291614902
1678089600000,2907.560291614902,2907.560291614902,0,2907.560291614902
1678104000000,2907.560291614902,2907.560291614902,0,2907.560291614902
1678118400000,2907.560291614902,2907.560291614902,0,2907.560291614902
1678132800000,2907.560291614902,2907.560291614902,0,2907.560291614902
1678147200000,2907.560291614902,2907.560291614902,0,2907.560291614902
1678161600000,2907.560291614902,2907.560291614902,0,2907.560291614902
1678176000000,2907.560291614902,2907.560291614902,0,2907.560291614902
1678190400000,2907.560291614902,2907.560291614902,0,2907.560291614902
1678204800000,2907.560291614902,2907.560291614902,0,2907.560291614902
1678219200000,2907.560291614902,2907.560291614902,0,2907.560291614902
1678233600000,2907.560291614902,2907.560291614902,0,2907.560291614902
1678248000000,2907.560291614902,2907.560291614902,0,2907.560291614902
1678262400000,2907.560291614902,2907.560291614902,0,2907.560291614902
1678276800000,2907.560291614902,2907.560291614902,0,2907.560291614902
1678291200000,2907.560291614902,2907.560291614902,0,2907.560291614902
1678305600000,2907.560291614902,2907.560291614902,0,2907.560291614902
1678320000000,2907.560291614902,2907.560291614902,0,2907.560291614902
1678334400000,2907.560291614902,2907.560291614902,0,2907.560291614902
1678348800000,2907.560291614902,2907.560291614902,0,2907.560291614902
1678363200000,2907.560291614902,2907.560291614902,0,2907.560291614902
1678377600000,2907.560291614902,2907.560291614902,0,2907.560291614902
1678392000000,2907.560291614902,2907.560291614902,0,2907.560291614902
1678406400000,2907.560291614902,2907.560291614902,0,2907.560291614902
1678420800000,2907.560291614902,2907.560291614902,0,2907.560291614902
1678435200000,2907.560291614902,2907.560291614902,0,2907.560291614902
1678449600000,2907.560291614902,2907.560291614902,0,2907.560291614902
1678464000000,2907.560291614902,2907.560291614902,0,2907.560291614902
1678478400000,2907.560291614902,2907.560291614902,0,2907.560291614902
1678492800000,2907.560291614902,2907.560291614902,0,2907.560291614902
1678507200000,2907.560291614902,2907.560291614902,0,2907.560291614902
1678521600000,2907.560291614902,2907.560291614902,0,2907.560291614902
1678536000000,2907.560291614902,2907.560291614902,0,2907.560291614902
1678550400000,2907.560291614902,2907.560291614902,0,2907.560291614902
1678564800000,2907.560291614902,2907.560291614902,0,2907.560291614902
1678579200000,2907.560291614902,2907.560291614902,0,2907.560291614902
1678593600000,2907.560291614902,2907.560291614902,0,2907.560291614902
1678608000000,2907.560291614902,2907.560291614902,0,2907.560291614902
1678622400000,2907.560291614902,2907.560291614902,0,2907.560291614902
1678636800000,2907.560291614902,2907.560291614902,0,2907.560291614902
1678651200000,2907.560291614902,2907.560291614902,0,2907.560291614902
1678665600000,2907.560291614902,2907.560291614902,0,2907.560291614902
1678680000000,2907.560291614902,2907.560291614902,0,2907.560291614902
1678694400000,2907.560291614902,2907.560291614902,0,2907.560291614902
1678708800000,2907.560291614902,2907.560291614902,0,2907.560291614902
1678723200000,2907.560291614902,2907.560291614902,0,2907.560291614902
1678737600000,2907.560291614902,2907.560291614902,0,2907.560291614902
1678752000000,2907.560291614902,2907.560291614902,0,2907.560291614902
1678766400000,2907.560291614902,2907.560291614902,0,2907.560291614902
1678780800000,2907.560291614902,2907.560291614902,0,2907.560291614902
1678795200000,2907.560291614902,2907.560291614902,0,2907.560291614902
1678809600000,2907.560291614902,2907.560291614902,0,2907.560291614902
1678824000000,2907.560291614902,2907.560291614902,0,2907.560291614902
1678838400000,2907.560291614902,2907.560291614902,0,2907.560291614902
1678852800000,2907.560291614902,2907.560291614902,0,2907.560291614902
1678867200000,2907.560291614902,2907.560291614902,0,2907.560291614902
1678881600000,2907.560291614902,2907.560291614902,0,2907.560291614902
1678896000000,2907.560291614902,2907.560291614902,0,2907.560291614902
1678910400000,2907.560291614902,2907.560291614902,0,2907.560291614902
1678924800000,2907.560291614902,2907.560291614902,0,2907.560291614902
1678939200000,2907.560291614902,2907.560291614902,0,2907.560291614902
1678953600000,2907.560291614902,2907.560291614902,0,2907.560291614902
1678968000000,2907.560291614902,2907.560291614902,0,2907.560291614902
1678982400000,2907.560291614902,2907.560291614902,0,2907.560291614902
1678996800000,2907.560291614902,2907.560291614902,0,2907.560291614902
1679011200000,2907.560291614902,2907.560291614902,0,2907.560291614902
1679025600000,2908.6510565134176,2904.0148529585813,1,2668.5826411895505
1679040000000,2907.4195649441644,2907.129802221987,1,2668.5826411895505
1679054400000,2910.969158290836,2907.4195649441644,1,2668.5826411895505
1679068800000,2908.506175152329,2906.622717458177,1,2668.5826411895505
1679083200000,2911.476243054646,2907.7817683468857,1,2668.5826411895505
1679097600000,2914.084107554241,2909.9549887632156,1,2668.5826411895505
1679112000000,2919.296108581922,2911.0242504357147,2,2494.7021190602936
1679126400000,2920.147665931525,2917.4771875727147,2,2494.7021190602936
1679140800000,2919.401576311353,2914.9988375856997,2,2494.7021190602936
1679155200000,2908.871054609694,2905.853898373156,2,2494.7021190602936
1679169600000,2911.9618158568483,2901.872483497711,2,2494.7021190602936
1679184000000,2905.1489865338885,2903.6638290037654,2,2494.7021190602936
1679198400000,2909.402662607618,2904.5526300013657,2,2494.7021190602936
1679212800000,2910.174810318114,2906.0687679649245,2,2494.7021190602936
1679227200000,2912.073299642912,2907.416101152455,2,2494.7021190602936
1679241600000,2914.607894349753,2910.9671059871275,2,2494.7021190602936
1679256000000,2917.5043397980708,2911.325075347356,2,2494.7021190602936
1679270400000,2911.3973394865225,2909.5881572387125,2,2494.7021190602936
1679284800000,2906.0931852742115,2904.4566538754025,2,2494.7021190602936
1679299200000,2910.9984395033193,2903.4226716071266,2,2494.7021190602936
1679313600000,2911.6363090346085,2908.20163971256,2,2494.7021190602936
1679328000000,2910.2748792534685,2907.409096885617,2,2494.7021190602936
1679342400000,2908.2014278629063,2905.815225372264,2,2494.7021190602936
1679356800000,2903.706876858743,2901.791556445776,2,2494.7021190602936
1679371200000,2906.7418345287606,2902.683268479313,2,2494.7021190602936
1679385600000,2900.7173667419083,2898.264845552181,2,2494.7021190602936
1679400000000,2908.21675940314,2899.4023548592636,2,2494.7021190602936
1679414400000,2915.214236801601,2907.41760070039,2,2494.7021190602936
1679428800000,2913.2864605760624,2909.52153863004,2,2494.7021190602936
1679443200000,2911.725263450351,2909.779085972158,2,2494.7021190602936
1679457600000,2912.145652263523,2907.299871564657,2,2494.7021190602936
1679472000000,2912.640986958761,2910.8661020147365,2,2494.7021190602936
1679486400000,2902.713261545565,2901.87592415778,2,2494.7021190602936
1679500800000,2907.432262226408,2900.8511161400024,2,2494.7021190602936
1679515200000,2890.8594002663554,2889.845124813908,2,2494.7021190602936
1679529600000,2895.5990428000646,2889.5728283073486,2,2494.7021190602936
1679544000000,2895.4438581666814,2893.522115862668,2,2494.7021190602936
1679558400000,2899.301862646113,2894.6882943864243,2,2494.7021190602936
1679572800000,2900.6278482367775,2898.0589562261503,2,2494.7021190602936
1679587200000,2912.4424724257065,2896.278284518529,2,2494.7021190602936
1679601600000,2910.368279982869,2904.4231686619546,2,2494.7021190602936
1679616000000,2909.3219831351225,2906.9998234350787,2,2494.7021190602936
1679630400000,2907.587588092894,2906.8769954148565,2,2494.7021190602936
1679644800000,2906.197030509009,2904.954353382082,2,2494.7021190602936
1679659200000,2902.9102769521946,2900.0803620526144,2,2494.7021190602936
1679673600000,2898.6976905994356,2896.2516266090306,2,2494.7021190602936
1679688000000,2899.1888793121143,2891.787050384715,2,2494.7021190602936
1679702400000,2897.8022558611356,2893.0745220724825,2,2494.7021190602936
1679716800000,2899.657679466064,2897.0677750764335,2,2494.7021190602936
1679731200000,2898.663745956895,2897.107153399816,2,2494.7021190602936
1679745600000,2898.68699893611,2896.562789679732,2,2494.7021190602936
1679760000000,2899.7711745593033,2897.189897352654,2,2494.7021190602936
1679774400000,2892.9013241559655,2892.2205475812916,2,2494.7021190602936
1679788800000,2897.27338235777,2892.16165642684,2,2494.7021190602936
1679803200000,2898.743984708212,2896.516918848752,2,2494.7021190602936
1679817600000,2899.4677916944806,2898.107808709618,2,2494.7021190602936
1679832000000,2904.2321340036815,2898.9836246920227,2,2494.7021190602936
1679846400000,2902.4192643593833,2900.455126771225,2,2494.7021190602936
1679860800000,2903.725507825943,2900.799564048742,2,2494.7021190602936
1679875200000,2904.8698095502104,2901.2400302038805,2,2494.7021190602936
1679889600000,2903.501058149263,2902.2610627652366,2,2494.7021190602936
1679904000000,2900.9550838999885,2900.046576086559,2,2494.7021190602936
1679918400000,2904.0488974161813,2900.4631541350336,2,2494.7021190602936
1679932800000,2888.4086257824924,2884.329876466251,2,2494.7021190602936
1679947200000,2881.8731966169676,2881.504601865089,1,2716.470075408471
1679961600000,2882.905644029033,2881.0687803532437,1,2716.470075408471
1679976000000,2882.5592307526163,2881.538427484296,1,2716.470075408471
1679990400000,2883.80903551459,2882.3535175464526,1,2716.470075408471
1680004800000,2885.841908943422,2882.3865092870637,1,2716.470075408471
1680019200000,2885.706060599729,2884.3417550909285,1,2716.470075408471
1680033600000,2889.7591929683354,2884.0826728926,1,2716.470075408471
1680048000000,2888.5113288969856,2887.444919398997,1,2716.470075408471
1680062400000,2889.004264315528,2888.4618412860686,1,2716.470075408471
1680076800000,2891.6038194066214,2889.003293970216,1,2716.470075408471
1680091200000,2892.2209590251114,2891.099239844334,1,2716.470075408471
1680105600000,2891.8774567846312,2890.397680183691,1,2716.470075408471
1680120000000,2892.0074830564513,2890.3443111915262,1,2716.470075408471
1680134400000,2890.4597822836654,2889.4545045403383,1,2716.470075408471
1680148800000,2889.934825469824,2887.881574789438,1,2716.470075408471
1680163200000,2891.760045001868,2889.7271715730362,1,2716.470075408471
1680177600000,2891.580531119131,2890.4918036789645,1,2716.470075408471
1680192000000,2890.105606244752,2889.597145301216,1,2716.470075408471
1680206400000,2889.3487369013205,2887.541953930206,1,2716.470075408471
1680220800000,2890.5121809305183,2889.1042098826733,1,2716.470075408471
1680235200000,2891.444682775438,2890.105606244752,1,2716.470075408471
1680249600000,2890.669376871077,2888.9887387905346,1,2716.470075408471
1680264000000,2890.4423160680476,2889.790244018322,1,2716.470075408471
1680278400000,2894.101488239945,2890.21622561033,1,2716.470075408471
1680292800000,2893.967580586876,2892.8875862545183,1,2716.470075408471
1680307200000,2893.220414696566,2892.485863295313,1,2716.470075408471
1680321600000,2893.6541590510706,2893.0350787419566,1,2716.470075408471
1680336000000,2893.4086616871114,2892.3082901031994,1,2716.470075408471
1680350400000,2893.4649417152127,2893.1767491575215,1,2716.470075408471
1680364800000,2893.1097953309873,2892.512062618739,1,2716.470075408471
1680379200000,2892.564461265592,2891.890071273688,1,2716.470075408471
1680393600000,2893.1495794887833,2892.5363212515413,1,2716.470075408471
1680408000000,2892.8478020967227,2892.07637757361,1,2716.470075408471
1680422400000,2893.1311429278535,2892.434434993772,1,2716.470075408471
1680436800000,2892.822573118608,2892.612008185884,1,2716.470075408471
1680451200000,2890.8935266381704,2890.074555194765,1,2716.470075408471
1680465600000,2889.361351390378,2888.386154351726,1,2716.470075408471
1680480000000,2890.5995120086063,2888.9343994530577,1,2716.470075408471
1680494400000,2889.0304636389546,2887.519635988028,1,2716.470075408471
1680508800000,2890.634444439842,2888.4676633579415,1,2716.470075408471
1680523200000,2891.8784271299432,2890.621829950785,1,2716.470075408471
1680537600000,2890.8518017897504,2890.029919310409,1,2716.470075408471
1680552000000,2892.965213879486,2890.297734616546,1,2716.470075408471
1680566400000,2892.152064507953,2888.0533259096783,1,2716.470075408471
1680580800000,2891.8716347127584,2891.3272709926755,1,2716.470075408471
1680595200000,2892.3160528656963,2891.4398310488777,1,2716.470075408471
1680609600000,2897.4307430057306,2892.203492809494,1,2716.470075408471
1680624000000,2897.241525669873,2896.17317548126,1,2716.470075408471
1680638400000,2897.8198514758797,2896.67872538886,1,2716.470075408471
1680652800000,2897.9605515461326,2896.877646177839,1,2716.470075408471
1680667200000,2902.036001856917,2897.398721610432,1,2716.470075408471
1680681600000,2901.8021486367034,2901.533362985254,1,2716.470075408471
1680696000000,2902.2485074802653,2901.1762759104045,1,2716.470075408471
1680710400000,2900.5639880184744,2899.11914384877,1,2716.470075408471
1680724800000,2901.727432047672,2899.627604792306,1,2716.470075408471
1680739200000,2901.6789147820673,2901.1267882994875,1,2716.470075408471
1680753600000,2900.7270060309056,2899.4723495423714,1,2716.470075408471
1680768000000,2898.819307147334,2898.5592546036933,1,2716.470075408471
1680782400000,2897.7965631883894,2896.3429859108765,1,2716.470075408471
1680796800000,2898.366155886587,2896.436139060837,1,2716.470075408471
1680811200000,2898.049823314845,2897.535540299437,1,2716.470075408471
1680825600000,2898.1585019897993,2896.954303457494,1,2716.470075408471
1680840000000,2898.577691164623,2897.536510644749,1,2716.470075408471
1680854400000,2896.0606154250577,2895.1552832488765,1,2716.470075408471
1680868800000,2895.9208857001163,2895.338678512862,1,2716.470075408471
1680883200000,2896.989235888729,2895.2756060675756,1,2716.470075408471
1680897600000,2896.4419611327094,2896.1139844172226,1,2716.470075408471
1680912000000,2897.315271913592,2896.1033106187892,1,2716.470075408471
1680926400000,2897.7567790305934,2896.4322576795885,1,2716.470075408471
1680940800000,2898.1468578460544,2897.3443822729546,1,2716.470075408471
1680955200000,2897.67624036969,2897.4879933791444,1,2716.470075408471
1680969600000,2897.622871377525,2897.1483725199123,1,2716.470075408471
1680984000000,2896.373066615551,2895.724875947074,1,2716.470075408471
1680998400000,2895.8694573985754,2895.692854551775,1,2716.470075408471
1681012800000,2896.1566796109546,2895.6899435158384,1,2716.470075408471
1681027200000,2894.5759870975576,2893.4620306792763,1,2716.470075408471
1681041600000,2894.937925898968,2893.7560453088404,1,2716.470075408471
1681056000000,2894.726390620932,2893.6793880291852,1,2716.470075408471
1681070400000,2896.604008799829,2894.6293560897225,1,2716.470075408471
1681084800000,2896.849506163788,2896.2478920702915,1,2716.470075408471
1681099200000,2896.7573233591393,2895.634633833049,1,2716.470075408471
1681113600000,2896.954303457494,2896.3352231483796,1,2716.470075408471
1681128000000,2896.7602343950757,2896.4924190889387,1,2716.470075408471
1681142400000,2897.0804483480656,2895.7103207673927,1,2716.470075408471
1681156800000,2899.742105539133,2896.733064726337,1,2716.470075408471
1681171200000,2901.825436924193,2898.716450544252,1,2716.470075408471
1681185600000,2905.638868393392,2901.0551460397405,2,2542.1213017516134
1681200000000,2905.442039531538,2902.1363259636573,2,2542.1213017516134
1681214400000,2904.5326272049083,2903.5474972909356,2,2542.1213017516134
1681228800000,2905.169029652382,2902.945935050032,2,2542.1213017516134
1681243200000,2902.90460206963,2902.085698140862,2,2542.1213017516134
1681257600000,2902.8979668319193,2900.5192272743357,2,2542.1213017516134
1681272000000,2898.63605897917,2897.0047048780375,2,2542.1213017516134
1681286400000,2899.745388096567,2897.973226168534,2,2542.1213017516134
1681300800000,2900.149406613018,2898.6042776715904,2,2542.1213017516134
1681315200000,2903.6761521699955,2897.377472222044,2,2542.1213017516134
1681329600000,2901.6496634912983,2900.6503871425894,2,2542.1213017516134
1681344000000,2903.7346071690704,2901.3986504443255,2,2542.1213017516134
1681358400000,2904.334705388512,2901.8068521411687,2,2542.1213017516134
1681372800000,2905.2433262871514,2903.3515430365233,2,2542.1213017516134
1681387200000,2911.9301646103117,2904.8404566292966,2,2542.1213017516134
1681401600000,2914.724476220963,2911.7784693631957,2,2542.1213017516134
1681416000000,2915.471175976185,2913.084838264641,2,2542.1213017516134
1681430400000,2915.7693908000565,2913.687939607694,2,2542.1213017516134
1681444800000,2927.0430389948156,2915.123849337791,2,2542.1213017516134
1681459200000,2926.9890191456416,2926.3250089847415,2,2542.1213017516134
1681473600000,2928.33747194642,2926.0996275836374,2,2542.1213017516134
1681488000000,2919.4664405997883,2917.84047660026,2,2542.1213017516134
1681502400000,2923.1234841171413,2916.291597799195,2,2542.1213017516134
1681516800000,2924.8532924844017,2922.2988747855293,2,2542.1213017516134
1681531200000,2923.2419452403765,2920.943585278252,2,2542.1213017516134
1681545600000,2924.425780565636,2922.311326156296,2,2542.1213017516134
1681560000000,2924.3932109364628,2923.552211870886,2,2542.1213017516134
1681574400000,2923.826152936781,2923.0995856159184,2,2542.1213017516134
1681588800000,2924.0601669811203,2921.6242383575095,2,2542.1213017516134
1681603200000,2922.9327630560656,2921.7544370668097,2,2542.1213017516134
1681617600000,2922.230462874963,2920.169320203248,2,2542.1213017516134
1681632000000,2923.9438099393906,2922.1620635228155,2,2542.1213017516134
1681646400000,2922.124942885559,2921.7216447692554,2,2542.1213017516134
1681660800000,2923.4658365539613,2920.7268407046754,2,2542.1213017516134
1681675200000,2925.3494726017516,2922.524934995669,2,2542.1213017516134
1681689600000,2925.7126770650043,2922.949211527889,2,2542.1213017516134
1681704000000,2921.7097127311145,2917.8711233552567,2,2542.1213017516134
1681718400000,2920.1991551428932,2920.0408562547445,2,2542.1213017516134
1681732800000,2917.310210153593,2915.082487034089,2,2542.1213017516134
1681747200000,2915.571976821906,2913.4059259948267,2,2542.1213017516134
1681761600000,2916.860984427805,2915.3097629436043,2,2542.1213017516134
1681776000000,2916.242102481081,2915.3375957593357,2,2542.1213017516134
1681790400000,2916.8924409807373,2912.0514131930167,2,2542.1213017516134
1681804800000,2920.8207297756812,2916.6810835407423,2,2542.1213017516134
1681819200000,2926.07432284682,2919.7441028883495,2,2542.1213017516134
1681833600000,2922.760749565074,2921.54247292213,2,2542.1213017516134
1681848000000,2921.571027624099,2918.8721232651446,2,2542.1213017516134
1681862400000,2924.6833221743386,2920.4852676621767,2,2542.1213017516134
1681876800000,2922.5236254471647,2921.6193272150754,2,2542.1213017516134
1681891200000,2920.036676725932,2918.612419376718,2,2542.1213017516134
1681905600000,2906.5579474277083,2902.8526835774305,2,2542.1213017516134
1681920000000,2906.454175706739,2904.1464874112594,2,2542.1213017516134
1681934400000,2905.9796737427296,2903.592353531493,2,2542.1213017516134
1681948800000,2898.9118760340707,2896.245942080531,2,2542.1213017516134
1681963200000,2900.8467599813757,2896.4803286806514,2,2542.1213017516134
1681977600000,2900.8013687239763,2900.3716243084905,2,2542.1213017516134
1681992000000,2898.40150207796,2898.078672675384,2,2542.1213017516134
1682006400000,2898.387910219951,2896.4158113808376,2,2542.1213017516134
1682020800000,2894.2577728546103,2892.4157436343394,2,2542.1213017516134
1682035200000,2896.558521951903,2893.2648994876067,2,2542.1213017516134
1682049600000,2897.2898860417213,2894.833140633008,2,2542.1213017516134
1682064000000,2894.6270926819216,2889.681278808427,2,2542.1213017516134
1682078400000,2892.2199897694345,2890.703388925664,2,2542.1213017516134
1682092800000,2891.5752698471333,2889.825280432148,2,2542.1213017516134
1682107200000,2881.166963197134,2880.015826725723,2,2542.1213017516134
1682121600000,2881.656665256247,2878.5395223556634,2,2542.1213017516134
1682136000000,2883.0676345723255,2880.667412251613,2,2542.1213017516134
1682150400000,2881.9403139623255,2881.367442127909,2,2542.1213017516134
1682164800000,2882.1177076960907,2880.502148240365,2,2542.1213017516134
1682179200000,2884.734233436525,2881.1911503966708,2,2542.1213017516134
1682193600000,2886.0269502573983,2884.6206741379197,2,2542.1213017516134
1682208000000,2887.3736145518883,2884.9322295227635,2,2542.1213017516134
1682222400000,2884.652862570137,2882.327640543016,2,2542.1213017516134
1682236800000,2886.8118484847873,2884.2828419233506,2,2542.1213017516134
1682251200000,2886.379985405033,2884.3459321920127,2,2542.1213017516134
1682265600000,2883.9215375046742,2882.261235892648,2,2542.1213017516134
1682280000000,2882.626451671716,2880.8469594910953,2,2542.1213017516134
1682294400000,2884.8646992418935,2881.436128428003,2,2542.1213017516134
1682308800000,2886.63263059521,2882.7857088863993,2,2542.1213017516134
1682323200000,2882.4677638891144,2880.0775423651685,2,2542.1213017516134
1682337600000,2883.9771392647654,2879.328954036194,2,2542.1213017516134
1682352000000,2880.263719977284,2879.465239346679,2,2542.1213017516134
1682366400000,2880.6709268886084,2875.625754703426,2,2542.1213017516134
1682380800000,2882.44050753049,2879.956484022533,2,2542.1213017516134
1682395200000,2880.3435055620803,2879.843206267156,2,2542.1213017516134
1682409600000,2878.4617040671883,2877.9854435718757,2,2542.1213017516134
1682424000000,2880.201696873856,2877.0554571160055,2,2542.1213017516134
1682438400000,2878.8604700808373,2876.7104053749044,2,2542.1213017516134
1682452800000,2882.6250563811614,2878.4613292172435,2,2542.1213017516134
1682467200000,2889.4341432365454,2882.5626041412697,2,2542.1213017516134
1682481600000,2889.1627415958696,2888.689867451012,2,2542.1213017516134
1682496000000,2889.4636112991057,2888.673949386915,2,2542.1213017516134
1682510400000,2897.965415317068,2889.4312367930956,2,2542.1213017516134
1682524800000,2906.8786464281443,2897.9216910387795,2,2542.1213017516134
1682539200000,2883.3621499141505,2881.2572354314475,2,2542.1213017516134
1682553600000,2882.2894828939448,2875.3042727985867,1,2715.3802157470245
1682568000000,2885.053164355321,2882.075495825639,1,2715.3802157470245
1682582400000,2885.10039070803,2883.5638895461448,1,2715.3802157470245
1682596800000,2885.337579777977,2884.434405152045,1,2715.3802157470245
1682611200000,2886.603527978946,2883.73617175074,1,2715.3802157470245
1682625600000,2889.6829328803838,2885.8029708134395,1,2715.3802157470245
1682640000000,2888.5010405385274,2887.2249891874767,1,2715.3802157470245
1682654400000,2888.194127985165,2887.662420342479,1,2715.3802157470245
1682668800000,2888.595375765455,2888.055327150027,1,2715.3802157470245
1682683200000,2887.106512130992,2886.5332171030846,1,2715.3802157470245
1682697600000,2886.586846033462,2885.08376750179,1,2715.3802157470245
1682712000000,2887.6537856735135,2886.3189363385554,1,2715.3802157470245
1682726400000,2887.5549275247463,2887.3496338646505,1,2715.3802157470245
1682740800000,2887.754875913578,2886.872847415724,1,2715.3802157470245
1682755200000,2887.7537011286845,2887.4241739661275,1,2715.3802157470245
1682769600000,2887.674814323103,2887.1008144242596,1,2715.3802157470245
1682784000000,2887.3170923231073,2886.9589591483996,1,2715.3802157470245
1682798400000,2887.137702669908,2885.9061169270667,1,2715.3802157470245
1682812800000,2887.077671161863,2886.5360953260733,1,2715.3802157470245
1682827200000,2886.7746941378928,2886.1915309168826,1,2715.3802157470245
1682841600000,2887.289014964159,2886.729758615726,1,2715.3802157470245
1682856000000,2886.881247127711,2886.666966363182,1,2715.3802157470245
1682870400000,2889.572503100418,2886.7974262255775,1,2715.3802157470245
1682884800000,2887.8452756111137,2886.9650680298446,1,2715.3802157470245
1682899200000,2887.0938831933895,2886.669492150702,1,2715.3802157470245
1682913600000,2883.145724863392,2882.0231591586444,1,2715.3802157470245
1682928000000,2883.5453279448316,2881.3194630075864,1,2715.3802157470245
1682942400000,2882.9272148732466,2882.713169065696,1,2715.3802157470245
1682956800000,2880.852427273274,2880.2927597501284,1,2715.3802157470245
1682971200000,2878.930009273956,2878.675257169854,1,2715.3802157470245
1682985600000,2878.071440684522,2877.8937902588627,0,2878.071440684522
1683000000000,2878.071440684522,2878.071440684522,0,2878.071440684522
1683014400000,2878.071440684522,2878.071440684522,0,2878.071440684522
1683028800000,2878.071440684522,2878.071440684522,0,2878.071440684522
1683043200000,2878.071440684522,2878.071440684522,0,2878.071440684522
1683057600000,2878.071440684522,2878.071440684522,0,2878.071440684522
1683072000000,2878.071440684522,2878.071440684522,0,2878.071440684522
1683086400000,2878.071440684522,2878.071440684522,0,2878.071440684522
1683100800000,2878.071440684522,2878.071440684522,0,2878.071440684522
1683115200000,2878.071440684522,2878.071440684522,0,2878.071440684522
1683129600000,2878.071440684522,2878.071440684522,0,2878.071440684522
1683144000000,2878.071440684522,2878.071440684522,0,2878.071440684522
1683158400000,2878.071440684522,2878.071440684522,0,2878.071440684522
1683172800000,2878.071440684522,2878.071440684522,0,2878.071440684522
1683187200000,2878.071440684522,2878.071440684522,0,2878.071440684522
1683201600000,2878.071440684522,2878.071440684522,0,2878.071440684522
1683216000000,2878.071440684522,2878.071440684522,0,2878.071440684522
1683230400000,2878.071440684522,2878.071440684522,0,2878.071440684522
1683244800000,2878.071440684522,2878.071440684522,0,2878.071440684522
1683259200000,2878.071440684522,2878.071440684522,0,2878.071440684522
1683273600000,2878.071440684522,2878.071440684522,0,2878.071440684522
1683288000000,2878.071440684522,2878.071440684522,0,2878.071440684522
1683302400000,2878.071440684522,2878.071440684522,0,2878.071440684522
1683316800000,2878.071440684522,2878.071440684522,0,2878.071440684522
1683331200000,2878.071440684522,2878.071440684522,0,2878.071440684522
1683345600000,2878.071440684522,2878.071440684522,0,2878.071440684522
1683360000000,2878.071440684522,2878.071440684522,0,2878.071440684522
1683374400000,2878.071440684522,2878.071440684522,0,2878.071440684522
1683388800000,2878.071440684522,2878.071440684522,0,2878.071440684522
1683403200000,2878.071440684522,2878.071440684522,0,2878.071440684522
1683417600000,2878.071440684522,2878.071440684522,0,2878.071440684522
1683432000000,2878.071440684522,2878.071440684522,0,2878.071440684522
1683446400000,2878.071440684522,2878.071440684522,0,2878.071440684522
1683460800000,2878.071440684522,2878.071440684522,0,2878.071440684522
1683475200000,2878.071440684522,2878.071440684522,0,2878.071440684522
1683489600000,2878.071440684522,2878.071440684522,0,2878.071440684522
1683504000000,2878.071440684522,2878.071440684522,0,2878.071440684522
1683518400000,2878.071440684522,2878.071440684522,0,2878.071440684522
1683532800000,2878.071440684522,2878.071440684522,0,2878.071440684522
1683547200000,2878.071440684522,2878.071440684522,0,2878.071440684522
1683561600000,2878.071440684522,2878.071440684522,0,2878.071440684522
1683576000000,2878.071440684522,2878.071440684522,0,2878.071440684522
1683590400000,2878.071440684522,2878.071440684522,0,2878.071440684522
1683604800000,2878.071440684522,2878.071440684522,0,2878.071440684522
1683619200000,2878.071440684522,2878.071440684522,0,2878.071440684522
1683633600000,2878.071440684522,2878.071440684522,0,2878.071440684522
1683648000000,2878.071440684522,2878.071440684522,0,2878.071440684522
1683662400000,2878.071440684522,2878.071440684522,0,2878.071440684522
1683676800000,2878.071440684522,2878.071440684522,0,2878.071440684522
1683691200000,2878.071440684522,2878.071440684522,0,2878.071440684522
1683705600000,2878.071440684522,2878.071440684522,0,2878.071440684522
1683720000000,2878.071440684522,2878.071440684522,0,2878.071440684522
1683734400000,2878.071440684522,2878.071440684522,0,2878.071440684522
1683748800000,2878.071440684522,2878.071440684522,0,2878.071440684522
1683763200000,2878.071440684522,2878.071440684522,0,2878.071440684522
1683777600000,2878.071440684522,2878.071440684522,0,2878.071440684522
1683792000000,2878.071440684522,2878.071440684522,0,2878.071440684522
1683806400000,2878.071440684522,2878.071440684522,0,2878.071440684522
1683820800000,2878.071440684522,2878.071440684522,0,2878.071440684522
1683835200000,2878.071440684522,2878.071440684522,0,2878.071440684522
1683849600000,2878.071440684522,2878.071440684522,0,2878.071440684522
1683864000000,2878.071440684522,2878.071440684522,0,2878.071440684522
1683878400000,2878.071440684522,2878.071440684522,0,2878.071440684522
1683892800000,2878.071440684522,2878.071440684522,0,2878.071440684522
1683907200000,2878.071440684522,2878.071440684522,0,2878.071440684522
1683921600000,2878.071440684522,2878.071440684522,0,2878.071440684522
1683936000000,2878.071440684522,2878.071440684522,0,2878.071440684522
1683950400000,2878.071440684522,2878.071440684522,0,2878.071440684522
1683964800000,2878.071440684522,2878.071440684522,0,2878.071440684522
1683979200000,2878.071440684522,2878.071440684522,0,2878.071440684522
1683993600000,2878.071440684522,2878.071440684522,0,2878.071440684522
1684008000000,2878.071440684522,2878.071440684522,0,2878.071440684522
1684022400000,2878.071440684522,2878.071440684522,0,2878.071440684522
1684036800000,2878.071440684522,2878.071440684522,0,2878.071440684522
1684051200000,2878.071440684522,2878.071440684522,0,2878.071440684522
1684065600000,2878.071440684522,2878.071440684522,0,2878.071440684522
1684080000000,2878.071440684522,2878.071440684522,0,2878.071440684522
1684094400000,2878.071440684522,2878.071440684522,0,2878.071440684522
1684108800000,2878.071440684522,2878.071440684522,0,2878.071440684522
1684123200000,2878.071440684522,2878.071440684522,0,2878.071440684522
1684137600000,2878.071440684522,2878.071440684522,0,2878.071440684522
1684152000000,2878.071440684522,2878.071440684522,0,2878.071440684522
1684166400000,2878.071440684522,2878.071440684522,0,2878.071440684522
1684180800000,2878.071440684522,2878.071440684522,0,2878.071440684522
1684195200000,2878.071440684522,2878.071440684522,0,2878.071440684522
1684209600000,2878.071440684522,2878.071440684522,0,2878.071440684522
1684224000000,2878.071440684522,2878.071440684522,0,2878.071440684522
1684238400000,2878.071440684522,2878.071440684522,0,2878.071440684522
1684252800000,2878.071440684522,2878.071440684522,0,2878.071440684522
1684267200000,2878.071440684522,2878.071440684522,0,2878.071440684522
1684281600000,2878.071440684522,2878.071440684522,0,2878.071440684522
1684296000000,2878.071440684522,2878.071440684522,0,2878.071440684522
1684310400000,2878.071440684522,2878.071440684522,0,2878.071440684522
1684324800000,2878.071440684522,2878.071440684522,0,2878.071440684522
1684339200000,2878.071440684522,2878.071440684522,0,2878.071440684522
1684353600000,2878.071440684522,2878.071440684522,0,2878.071440684522
1684368000000,2878.071440684522,2878.071440684522,0,2878.071440684522
1684382400000,2878.315196894534,2874.859815550038,1,2546.5633288296617
1684396800000,2874.3309306503706,2872.955829911235,1,2546.5633288296617
1684411200000,2874.1193766905035,2872.2506500450113,1,2546.5633288296617
1684425600000,2869.3241536001833,2868.090088834292,1,2546.5633288296617
1684440000000,2865.1988513827755,2860.897254198812,1,2546.5633288296617
1684454400000,2865.4104053426427,2864.0000456101952,1,2546.5633288296617
1684468800000,2872.744275951368,2864.811002456353,1,2546.5633288296617
1684483200000,2870.3819233995187,2869.0068226603826,1,2546.5633288296617
1684497600000,2867.455426954691,2867.2791319881353,1,2546.5633288296617
1684512000000,2871.5102111854767,2867.2791319881353,1,2546.5633288296617
1684526400000,2869.641484539984,2868.5131967540265,1,2546.5633288296617
1684540800000,2870.240887426274,2868.4426787674042,1,2546.5633288296617
1684555200000,2869.1478586336275,2864.634707489797,1,2546.5633288296617
1684569600000,2867.4906859480025,2866.1155852088664,1,2546.5633288296617
1684584000000,2868.0548298409813,2866.961801048335,1,2546.5633288296617
1684598400000,2871.2986572256095,2867.631721921247,1,2546.5633288296617
1684612800000,2871.1223622590537,2869.81777950654,1,2546.5633288296617
1684627200000,2872.426945011567,2870.276146419585,1,2546.5633288296617
1684641600000,2871.8628011185883,2870.3819233995187,1,2546.5633288296617
1684656000000,2873.8725637373254,2870.9108082991866,1,2546.5633288296617
1684670400000,2872.1096140717664,2870.6992543393194,1,2546.5633288296617
1684684800000,2870.029333466407,2867.9137938677363,1,2546.5633288296617
1684699200000,2870.593477359386,2868.1253478276035,1,2546.5633288296617
1684713600000,2871.580729172099,2868.61897373396,1,2546.5633288296617
1684728000000,2866.82076507509,2863.2243477573497,1,2546.5633288296617
1684742400000,2867.5964629279356,2866.362398162045,1,2546.5633288296617
1684756800000,2868.407419774093,2867.42016796138,1,2546.5633288296617
1684771200000,2867.7727578944914,2865.657218295821,1,2546.5633288296617
1684785600000,2866.679729101845,2865.7629952757547,1,2546.5633288296617
1684800000000,2866.82076507509,2866.2213621888,1,2546.5633288296617
1684814400000,2873.5552327975247,2865.2341103760873,1,2546.5633288296617
1684828800000,2870.805031319253,2869.1478586336275,1,2546.5633288296617
1684843200000,2870.1351104463406,2869.641484539984,1,2546.5633288296617
1684857600000,2869.641484539984,2867.631721921247,1,2546.5633288296617
1684872000000,2867.631721921247,2866.5386931286002,1,2546.5633288296617
1684886400000,2869.888297493162,2866.045067222244,1,2546.5633288296617
1684900800000,2858.8842977466247,2857.9002397673617,0,2858.8842977466247
1684915200000,2858.8842977466247,2858.8842977466247,0,2858.8842977466247
1684929600000,2858.8842977466247,2858.8842977466247,0,2858.8842977466247
1684944000000,2858.8842977466247,2858.8842977466247,0,2858.8842977466247
1684958400000,2858.8842977466247,2858.8842977466247,0,2858.8842977466247
1684972800000,2858.8842977466247,2858.8842977466247,0,2858.8842977466247
1684987200000,2858.8842977466247,2858.8842977466247,0,2858.8842977466247
1685001600000,2858.8842977466247,2858.8842977466247,0,2858.8842977466247
1685016000000,2858.8842977466247,2858.8842977466247,0,2858.8842977466247
1685030400000,2858.8842977466247,2858.8842977466247,0,2858.8842977466247
1685044800000,2858.8842977466247,2858.8842977466247,0,2858.8842977466247
1685059200000,2858.8842977466247,2858.8842977466247,0,2858.8842977466247
1685073600000,2858.8842977466247,2858.8842977466247,0,2858.8842977466247
1685088000000,2858.8842977466247,2858.8842977466247,0,2858.8842977466247
1685102400000,2858.8842977466247,2858.8842977466247,0,2858.8842977466247
1685116800000,2858.8842977466247,2858.8842977466247,0,2858.8842977466247
1685131200000,2858.8842977466247,2858.8842977466247,0,2858.8842977466247
1685145600000,2858.8842977466247,2858.8842977466247,0,2858.8842977466247
1685160000000,2858.8842977466247,2858.8842977466247,0,2858.8842977466247
1685174400000,2858.8842977466247,2858.8842977466247,0,2858.8842977466247
1685188800000,2858.8842977466247,2858.8842977466247,0,2858.8842977466247
1685203200000,2858.8842977466247,2858.8842977466247,0,2858.8842977466247
1685217600000,2858.8842977466247,2858.8842977466247,0,2858.8842977466247
1685232000000,2858.8842977466247,2858.8842977466247,0,2858.8842977466247
1685246400000,2858.8842977466247,2858.8842977466247,0,2858.8842977466247
1685260800000,2858.8842977466247,2858.8842977466247,0,2858.8842977466247
1685275200000,2858.8842977466247,2858.8842977466247,0,2858.8842977466247
1685289600000,2858.8842977466247,2858.8842977466247,0,2858.8842977466247
1685304000000,2858.8842977466247,2858.8842977466247,0,2858.8842977466247
1685318400000,2858.8842977466247,2858.8842977466247,0,2858.8842977466247
1685332800000,2855.9896559399863,2855.0315016705717,1,2143.448502235532
1685347200000,2854.5224822149453,2851.958670986238,1,2143.448502235532
1685361600000,2855.7987736441264,2852.303007676809,1,2143.448502235532
1685376000000,2850.615009334989,2848.9644388943175,1,2143.448502235532
1685390400000,2851.284968765556,2844.7163721139054,1,2143.448502235532
1685404800000,2851.808959381642,2849.3462034860377,1,2143.448502235532
1685419200000,2855.9279765310125,2843.9534207176134,2,1849.5448598995333
1685433600000,2857.5104839167234,2852.1848661800855,2,1849.5448598995333
1685448000000,2864.589522620673,2855.7267372811575,2,1849.5448598995333
1685462400000,2860.3405582434916,2851.399777852726,2,1849.5448598995333
1685476800000,2872.067370895995,2855.5806268141077,2,1849.5448598995333
1685491200000,2869.726473533212,2861.453127615695,2,1849.5448598995333
1685505600000,2872.742558824658,2861.074386800777,2,1849.5448598995333
1685520000000,2848.8834786740017,2846.127068747648,1,2546.8761595624683
1685534400000,2850.2481482888475,2844.136801752799,1,2546.8761595624683
1685548800000,2846.4508067518855,2844.374135598859,1,2546.8761595624683
1685563200000,2851.9094852112685,2844.077468291284,1,2546.8761595624683
1685577600000,2853.3928217491443,2850.4261486733926,1,2546.8761595624683
1685592000000,2848.4681444433963,2844.967470214009,1,2546.8761595624683
1685606400000,2846.3321398288554,2844.908136752494,1,2546.8761595624683
1685620800000,2846.688140597945,2845.20480406007,1,2546.8761595624683
1685635200000,2846.688140597945,2844.374135598859,1,2546.8761595624683
1685649600000,2847.9934767512764,2845.3828044446145,1,2546.8761595624683
1685664000000,2847.400142136126,2846.6288071364306,1,2546.8761595624683
1685678400000,2853.0368209800545,2845.5014713676446,1,2546.8761595624683
1685692800000,2852.740153672479,2851.850151749754,1,2546.8761595624683
1685707200000,2852.265485980359,2851.3754840576335,1,2546.8761595624683
1685721600000,2854.6981579024755,2850.663482519453,1,2546.8761595624683
1685736000000,2859.266834439133,2853.3334882876297,1,2546.8761595624683
1685750400000,2858.020831747317,2856.5374952094417,1,2546.8761595624683
1685764800000,2857.427497132167,2854.9354917485352,1,2546.8761595624683
1685779200000,2858.080165208832,2856.5968286709567,1,2546.8761595624683
1685793600000,2857.0714963630767,2856.240827901866,1,2546.8761595624683
1685808000000,2856.3001613633814,2853.92682290278,1,2546.8761595624683
1685822400000,2855.4694929021707,2852.087485595814,1,2546.8761595624683
1685836800000,2854.6981579024755,2854.4014905949,1,2546.8761595624683
1685851200000,2856.3594948248965,2852.502819826419,1,2546.8761595624683
1685865600000,2858.6141663624676,2855.172825594596,1,2546.8761595624683
1685880000000,2858.080165208832,2856.8341625170165,1,2546.8761595624683
1685894400000,2864.784846360031,2857.5461640551966,1,2546.8761595624683
1685908800000,2866.2681828979075,2862.3521744379145,1,2546.8761595624683
1685923200000,2864.8441798215463,2863.479510206701,1,2546.8761595624683
1685937600000,2861.6995063612494,2859.9788359773133,1,2546.8761595624683
1685952000000,2863.954177898821,2861.224838669129,1,2546.8761595624683
1685966400000,2864.072844821851,2861.5215059767042,1,2546.8761595624683
1685980800000,2846.094805982795,2845.3234709830995,1,2546.8761595624683
1685995200000,2846.2134729058253,2835.6521167561486,1,2546.8761595624683
1686009600000,2848.8834786740017,2840.992128292502,1,2546.8761595624683
1686024000000,2847.2814752130957,2844.967470214009,1,2546.8761595624683
1686038400000,2846.8068075209753,2845.738805213705,1,2546.8761595624683
1686052800000,2848.7648117509716,2846.8068075209753,1,2546.8761595624683
1686067200000,2850.2481482888475,2840.6954609849267,1,2546.8761595624683
1686081600000,2860.3348367464037,2847.696809443701,1,2546.8761595624683
1686096000000,2861.3435055921595,2856.8341625170165,1,2546.8761595624683
1686110400000,2859.8008355927686,2857.664830978227,1,2546.8761595624683
1686124800000,2859.029500593073,2858.673499823983,1,2546.8761595624683
1686139200000,2863.1235094376107,2854.104823287325,1,2546.8761595624683
1686153600000,2853.986156364295,2851.1974836730883,1,2546.8761595624683
1686168000000,2854.342157133385,2847.696809443701,1,2546.8761595624683
1686182400000,2854.4014905949,2851.6128179036937,1,2546.8761595624683
1686196800000,2854.104823287325,2852.7994871339943,1,2546.8761595624683
1686211200000,2855.3508259791406,2853.6894890567196,1,2546.8761595624683
1686225600000,2854.6388244409604,2852.977487518539,1,2546.8761595624683
1686240000000,2858.020831747317,2853.630155595205,1,2546.8761595624683
1686254400000,2857.486830593682,2854.579490979445,1,2546.8761595624683
1686268800000,2857.546164055197,2857.190163286107,1,2546.8761595624683
1686283200000,2857.9614982858025,2856.2408279018664,1,2546.8761595624683
1686297600000,2857.7834979012573,2855.706826748231,1,2546.8761595624683
1686312000000,2860.750170977009,2857.7241644397423,1,2546.8761595624683
1686326400000,2862.1148405918548,2860.3348367464037,1,2546.8761595624683
1686340800000,2862.2928409764,2859.8601690542832,1,2546.8761595624683
1686355200000,2866.0901825133624,2861.9961736688247,1,2546.8761595624683
1686369600000,2856.6561621324713,2855.5288263636858,1,2546.8761595624683
1686384000000,2837.491454063115,2826.930097913438,1,2546.8761595624683
1686398400000,2840.754794446442,2834.9401152179685,1,2546.8761595624683
1686412800000,2837.55078752463,2835.4741163716035,1,2546.8761595624683
1686427200000,2846.6288071364306,2833.456778680092,1,2546.8761595624683
1686441600000,2847.518809059156,2844.196135214314,1,2546.8761595624683
1686456000000,2846.9254744440054,2845.4421379061296,1,2546.8761595624683
1686470400000,2846.8068075209753,2845.1454705985543,1,2546.8761595624683
1686484800000,2848.5868113664264,2845.67947175219,1,2546.8761595624683
1686499200000,2848.6461448279415,2846.8068075209753,1,2546.8761595624683
1686513600000,2858.3174990548923,2848.5868113664264,1,2546.8761595624683
1686528000000,2855.884827132776,2851.7314848267233,1,2546.8761595624683
1686542400000,2851.9688186727835,2848.6461448279415,1,2546.8761595624683
1686556800000,2851.019483288543,2850.2481482888475,1,2546.8761595624683
1686571200000,2854.7574913639905,2850.2481482888475,1,2546.8761595624683
1686585600000,2852.2061525188437,2850.900816365513,1,2546.8761595624683
1686600000000,2856.7154955939864,2850.841482903998,1,2546.8761595624683
1686614400000,2858.4361659779224,2856.062827517321,1,2546.8761595624683
1686628800000,2858.970167131558,2855.2321590561105,1,2546.8761595624683
1686643200000,2861.2248386691294,2858.139498670347,1,2546.8761595624683
1686657600000,2880.1522128924257,2859.266834439133,1,2546.8761595624683
1686672000000,2848.290144058851,2846.7474740594603,1,2546.8761595624683
1686686400000,2853.92682290278,2847.459475597641,1,2546.8761595624683
1686700800000,2854.9354917485352,2852.502819826419,1,2546.8761595624683
1686715200000,2851.8501517497534,2849.714147135212,1,2546.8761595624683
1686729600000,2844.0181348297688,2841.8821302152273,1,2546.8761595624683
1686744000000,2848.5274779049114,2843.246799830073,1,2546.8761595624683
1686758400000,2845.026803675524,2844.0181348297688,1,2546.8761595624683
1686772800000,2844.255468675829,2839.4494582931106,1,2546.8761595624683
1686787200000,2825.7854073257085,2820.4034171467847,0,2825.7854073257085
1686801600000,2825.7854073257085,2825.7854073257085,0,2825.7854073257085
1686816000000,2825.7854073257085,2825.7854073257085,0,2825.7854073257085
1686830400000,2825.7854073257085,2825.7854073257085,0,2825.7854073257085
1686844800000,2825.7854073257085,2825.7854073257085,0,2825.7854073257085
1686859200000,2825.7854073257085,2825.7854073257085,0,2825.7854073257085
1686873600000,2825.7854073257085,2825.7854073257085,0,2825.7854073257085
1686888000000,2825.7854073257085,2825.7854073257085,0,2825.7854073257085
1686902400000,2825.7854073257085,2825.7854073257085,0,2825.7854073257085
1686916800000,2825.7854073257085,2825.7854073257085,0,2825.7854073257085
1686931200000,2825.7854073257085,2825.7854073257085,0,2825.7854073257085
1686945600000,2825.7854073257085,2825.7854073257085,0,2825.7854073257085
1686960000000,2825.7854073257085,2825.7854073257085,0,2825.7854073257085
1686974400000,2825.7854073257085,2825.7854073257085,0,2825.7854073257085
1686988800000,2825.7854073257085,2825.7854073257085,0,2825.7854073257085
1687003200000,2825.7854073257085,2825.7854073257085,0,2825.7854073257085
1687017600000,2825.7854073257085,2825.7854073257085,0,2825.7854073257085
1687032000000,2825.7854073257085,2825.7854073257085,0,2825.7854073257085
1687046400000,2825.7854073257085,2825.7854073257085,0,2825.7854073257085
1687060800000,2825.7854073257085,2825.7854073257085,0,2825.7854073257085
1687075200000,2825.7854073257085,2825.7854073257085,0,2825.7854073257085
1687089600000,2825.7854073257085,2825.7854073257085,0,2825.7854073257085
1687104000000,2825.7854073257085,2825.7854073257085,0,2825.7854073257085
1687118400000,2825.7854073257085,2825.7854073257085,0,2825.7854073257085
1687132800000,2825.7854073257085,2825.7854073257085,0,2825.7854073257085
1687147200000,2825.7854073257085,2825.7854073257085,0,2825.7854073257085
1687161600000,2825.7854073257085,2825.7854073257085,0,2825.7854073257085
1687176000000,2825.7854073257085,2825.7854073257085,0,2825.7854073257085
1687190400000,2825.7854073257085,2825.7854073257085,0,2825.7854073257085
1687204800000,2825.7854073257085,2825.7854073257085,0,2825.7854073257085
1687219200000,2825.7854073257085,2825.7854073257085,0,2825.7854073257085
1687233600000,2825.7854073257085,2825.7854073257085,0,2825.7854073257085
1687248000000,2825.7854073257085,2825.7854073257085,0,2825.7854073257085
1687262400000,2825.7854073257085,2825.7854073257085,0,2825.7854073257085
1687276800000,2825.7854073257085,2825.7854073257085,0,2825.7854073257085
1687291200000,2825.7854073257085,2825.7854073257085,0,2825.7854073257085
1687305600000,2825.7854073257085,2825.7854073257085,0,2825.7854073257085
1687320000000,2832.1617858737663,2824.150338038323,1,2324.575325196313
1687334400000,2835.010414591493,2831.611082810667,1,2324.575325196313
1687348800000,2836.0308505722983,2833.515118762378,1,2324.575325196313
1687363200000,2852.3235288673554,2835.072821712287,1,2324.575325196313
1687377600000,2856.928042921423,2850.764058010341,1,2324.575325196313
1687392000000,2854.8394374679865,2851.4116423827754,1,2324.575325196313
1687406400000,2860.180638412563,2853.0230897086667,1,2324.575325196313
1687420800000,2856.728623000018,2855.124247302546,1,2324.575325196313
1687435200000,2853.674563476731,2852.1203963410308,1,2324.575325196313
1687449600000,2852.307087331282,2846.5606820783196,1,2324.575325196313
1687464000000,2858.715043422806,2851.791742410276,1,2324.575325196313
1687478400000,2852.9129490960468,2852.825968066498,1,2324.575325196313
1687492800000,2855.088181997611,2851.411642382776,1,2324.575325196313
1687507200000,2853.7451029702065,2853.255392702218,1,2324.575325196313
1687521600000,2857.437907330405,2853.2981760541506,1,2324.575325196313
1687536000000,2876.8341465476797,2853.375256803913,1,2324.575325196313
1687550400000,2870.520419904834,2865.825919379139,1,2324.575325196313
1687564800000,2867.1194970076135,2862.957843683261,1,2324.575325196313
1687579200000,2867.8533552467547,2862.1958757211564,1,2324.575325196313
1687593600000,2864.981743736668,2864.7064806004737,1,2324.575325196313
1687608000000,2867.046659234902,2864.720093485179,1,2324.575325196313
1687622400000,2861.9962790090412,2859.9341921621744,1,2324.575325196313
1687636800000,2866.047084557931,2859.367224353712,1,2324.575325196313
1687651200000,2864.2719290341497,2862.1773126965572,1,2324.575325196313
1687665600000,2868.179534107563,2863.175473047844,1,2324.575325196313
1687680000000,2867.7432146341353,2866.737098700877,1,2324.575325196313
1687694400000,2867.606201833524,2865.2810504094855,1,2324.575325196313
1687708800000,2865.2925418056657,2863.1151874155753,1,2324.575325196313
1687723200000,2862.5455677464565,2860.7461918953413,1,2324.575325196313
1687737600000,2863.126855602466,2859.8532220167813,1,2324.575325196313
1687752000000,2860.186826087429,2854.303938405987,1,2324.575325196313
1687766400000,2862.0949282254805,2857.860790709838,1,2324.575325196313
1687780800000,2860.6558518422935,2857.245735828129,1,2324.575325196313
1687795200000,2862.365948384624,2859.491331432459,1,2324.575325196313
1687809600000,2859.2606195553017,2853.709921618824,1,2324.575325196313
1687824000000,2859.685270841839,2856.6976846256866,1,2324.575325196313
1687838400000,2861.5164690208385,2858.9459320906735,1,2324.575325196313
1687852800000,2862.2174441878333,2859.0769340071283,1,2324.575325196313
1687867200000,2867.8372672921023,2860.887624463713,1,2324.575325196313
1687881600000,2863.764716485825,2861.7185408029,1,2324.575325196313
1687896000000,2866.404025002361,2863.000273453773,1,2324.575325196313
1687910400000,2867.1891525475367,2864.7432530682504,1,2324.575325196313
1687924800000,2862.9516560083953,2860.8939889292897,1,2324.575325196313
1687939200000,2858.2380620859703,2857.700971907577,1,2324.575325196313
1687953600000,2860.4408743383674,2857.616642738685,1,2324.575325196313
1687968000000,2862.2146155364658,2855.1065682314993,1,2324.575325196313
1687982400000,2856.715363696733,2852.4511717603114,1,2324.575325196313
1687996800000,2856.3159934817922,2854.0426417359195,1,2324.575325196313
1688011200000,2858.0589730962693,2855.831056562986,1,2324.575325196313
1688025600000,2860.963467678503,2857.441089563193,1,2324.575325196313
1688040000000,2866.809052520037,2860.9093697211006,1,2324.575325196313
1688054400000,2863.4121958091573,2862.019085010691,1,2324.575325196313
1688068800000,2865.289536363588,2862.3130879621945,1,2324.575325196313
1688083200000,2862.8554818619023,2859.3672243537126,1,2324.575325196313
1688097600000,2868.1192484752946,2861.085099687303,1,2324.575325196313
1688112000000,2868.473537059067,2865.731866721172,1,2324.575325196313
1688126400000,2871.0355880351294,2867.632190067963,1,2324.575325196313
1688140800000,2856.1446832833517,2846.107921068818,1,2324.575325196313
1688155200000,2861.530435486965,2853.6303657991148,1,2324.575325196313
1688169600000,2863.2919781260407,2860.9664731205808,1,2324.575325196313
1688184000000,2861.9839036593085,2861.5921354449174,1,2324.575325196313
1688198400000,2863.077707784957,2860.6148363974658,1,2324.575325196313
1688212800000,2864.1939643308347,2862.3862793163275,1,2324.575325196313
1688227200000,2865.0701390919003,2863.856647655267,1,2324.575325196313
1688241600000,2865.723027185649,2864.5646944506802,1,2324.575325196313
1688256000000,2865.30562431824,2864.651145108098,1,2324.575325196313
1688270400000,2863.951584266787,2863.1356951379894,1,2324.575325196313
1688284800000,2864.0169968296586,2863.2567967746586,1,2324.575325196313
1688299200000,2864.577953753965,2863.504126978599,1,2324.575325196313
1688313600000,2863.7518107639607,2857.6877126042923,1,2324.575325196313
1688328000000,2864.80778167757,2861.4294879912895,1,2324.575325196313
1688342400000,2865.8559737999185,2862.469370950246,1,2324.575325196313
1688356800000,2868.3243256994347,2865.338684181097,1,2324.575325196313
1688371200000,2866.742756003612,2865.6609736462756,1,2324.575325196313
1688385600000,2866.0007653917896,2865.2545318029156,1,2324.575325196313
1688400000000,2873.84001907524,2865.029300437783,1,2324.575325196313
1688414400000,2877.1495411751494,2869.1048566861386,1,2324.575325196313
1688428800000,2875.3879985360736,2870.858620533954,1,2324.575325196313
1688443200000,2876.086145051701,2874.332204413175,1,2324.575325196313
1688457600000,2871.0603387345946,2870.4924869725805,1,2324.575325196313
1688472000000,2873.82852767906,2870.28723295773,1,2324.575325196313
1688486400000,2871.9966223372185,2870.6111135393026,1,2324.575325196313
1688500800000,2867.2669404601415,2865.9084806409264,1,2324.575325196313
1688515200000,2868.498641339953,2866.765915586683,1,2324.575325196313
1688529600000,2870.305442400908,2868.242118019068,1,2324.575325196313
1688544000000,2868.6354773498533,2868.418908729533,1,2324.575325196313
1688558400000,2862.095105016191,2861.135131458365,1,2324.575325196313
1688572800000,2861.243150582459,2858.483270801386,1,2324.575325196313
1688587200000,2862.5839313306274,2860.846962600306,1,2324.575325196313
1688601600000,2863.8720284470774,2861.7332144318684,1,2324.575325196313
1688616000000,2863.6252286152676,2860.7285128242943,1,2324.575325196313
1688630400000,2869.1471096659398,2862.695486268931,1,2324.575325196313
1688644800000,2869.913674186517,2867.3404853956954,1,2324.575325196313
1688659200000,2862.1430152987273,2852.9674006348696,1,2324.575325196313
1688673600000,2860.425847127978,2857.730319165514,1,2324.575325196313
1688688000000,2853.0987561327456,2852.3035515170727,1,2324.575325196313
1688702400000,2857.3412028117805,2849.6617679305905,1,2324.575325196313
1688716800000,2855.078281717825,2853.7192915264786,1,2324.575325196313
1688731200000,2857.045962325303,2854.417084460685,1,2324.575325196313
1688745600000,2861.8569679291945,2855.6731824585404,1,2324.575325196313
1688760000000,2859.3000438837353,2856.9982288334777,1,2324.575325196313
1688774400000,2861.041432381818,2858.733606447405,1,2324.575325196313
1688788800000,2859.8061956877973,2859.492215386011,1,2324.575325196313
1688803200000,2858.365881769637,2857.5146344987465,1,2324.575325196313
1688817600000,2858.5135020128755,2857.7094578616793,1,2324.575325196313
1688832000000,2858.624703369758,2857.638034414652,1,2324.575325196313
1688846400000,2856.927512549292,2855.7336448815195,1,2324.575325196313
1688860800000,2859.979450584053,2855.903187172856,1,2324.575325196313
1688875200000,2860.03885226277,2859.3048172329177,1,2324.575325196313
1688889600000,2859.63241041941,2859.0725142393667,1,2324.575325196313
1688904000000,2859.662288049479,2859.1904336432467,1,2324.575325196313
1688918400000,2861.12576155071,2858.306480090921,1,2324.575325196313
1688932800000,2859.2332169951796,2858.5539870855723,1,2324.575325196313
1688947200000,2857.7886600999677,2856.0280014144446,1,2324.575325196313
1688961600000,2857.7083971174166,2854.0635030397543,1,2324.575325196313
1688976000000,2856.929280456396,2855.8365370750103,1,2324.575325196313
1688990400000,2859.190433643247,2854.9478101735017,1,2324.575325196313
1689004800000,2860.4776468061445,2857.479276356654,1,2324.575325196313
1689019200000,2869.751910686441,2859.2081127142937,1,2324.575325196313
1689033600000,2862.223631862699,2858.3064800909206,1,2324.575325196313
1689048000000,2863.362694410227,2861.3700863125728,1,2324.575325196313
1689062400000,2864.41247764897,2862.565014724608,1,2324.575325196313
1689076800000,2862.0952818069018,2861.034007171979,1,2324.575325196313
1689091200000,2865.492138517781,2860.2511779060387,1,2324.575325196313
1689105600000,2865.2364991504483,2862.107480365924,1,2324.575325196313
1689120000000,2865.9456066901244,2863.8145714661764,1,2324.575325196313
1689134400000,2865.3484076701725,2863.7507500196984,1,2324.575325196313
1689148800000,2868.0299691665095,2864.945501641022,1,2324.575325196313
1689163200000,2868.6708354919465,2866.5449271986013,1,2324.575325196313
1689177600000,2864.2224276352194,2863.1079389964466,1,2324.575325196313
1689192000000,2860.0296591458255,2858.660061511851,1,2324.575325196313
1689206400000,2861.6655035897606,2859.160025641047,1,2324.575325196313
1689220800000,2860.2159965546557,2859.791522058829,1,2324.575325196313
1689235200000,2861.41835017653,2859.3849034247587,1,2324.575325196313
1689249600000,2864.5646944506802,2861.0476200566845,1,2324.575325196313
1689264000000,2871.167650695847,2863.0782381570884,1,2324.575325196313
1689278400000,2883.3402214835114,2867.6458029526684,1,2324.575325196313
1689292800000,2880.6568920800696,2872.626527638606,1,2324.575325196313
1689307200000,2886.630484786048,2875.6044299348364,2,1769.2302273889277
1689321600000,2876.939136601386,2874.2578390087483,2,1769.2302273889277
1689336000000,2877.3881841510565,2868.557771707985,2,1769.2302273889277
1689350400000,2890.6806318580584,2868.618488641634,2,1769.2302273889277
1689364800000,2846.7097741475413,2839.978830821026,2,1769.2302273889277
1689379200000,2859.537039374081,2841.014945660806,2,1769.2302273889277
1689393600000,2853.628745924943,2848.6815764556172,2,1769.2302273889277
1689408000000,2863.395542751213,2849.88607377172,2,1769.2302273889277
1689422400000,2861.0473632684966,2856.408991656096,2,1769.2302273889277
1689436800000,2857.213400491565,2856.097828902826,2,1769.2302273889277
1689451200000,2854.977394287183,2848.6487480428154,2,1769.2302273889277
1689465600000,2853.663231216335,2848.3133094479554,2,1769.2302273889277
1689480000000,2839.6687405557095,2837.2182848688717,1,2305.9729438031945
1689494400000,2841.033918421922,2838.7245013711145,1,2305.9729438031945
1689508800000,2841.7550477299096,2841.033918421922,1,2305.9729438031945
1689523200000,2843.0622382430897,2841.1728759203475,1,2305.9729438031945
1689537600000,2840.81664263876,2839.8884914088176,1,2305.9729438031945
1689552000000,2840.446442891046,2838.5187169841324,1,2305.9729438031945
1689566400000,2841.8726135523693,2839.4571220752828,1,2305.9729438031945
1689580800000,2841.312894163036,2840.4476804260194,1,2305.9729438031945
1689595200000,2839.2037809871854,2835.733202550042,1,2305.9729438031945
1689609600000,2839.4359071900267,2836.910805472451,1,2305.9729438031945
1689624000000,2834.3011977952738,2830.3200477863065,1,2305.9729438031945
1689638400000,2838.784787003383,2834.2485141635552,1,2305.9729438031945
1689652800000,2834.003446462689,2833.8259274526913,2,2050.4597995873823
1689667200000,2830.7833258978517,2828.2909792838145,2,2050.4597995873823
1689681600000,2824.538652973476,2822.981698311325,2,2050.4597995873823
1689696000000,2826.0986042320555,2818.322780392072,2,2050.4597995873823
1689710400000,2820.041551970257,2812.103734423529,2,2050.4597995873823
1689724800000,2823.708255863843,2818.6349616559496,2,2050.4597995873823
1689739200000,2829.4804560177,2822.331605441212,2,2050.4597995873823
1689753600000,2825.145614310492,2824.2569596647036,2,2050.4597995873823
1689768000000,2824.2207575455113,2820.086992583103,2,2050.4597995873823
1689782400000,2825.144929432805,2817.0908558543115,2,2050.4597995873823
1689796800000,2831.1715148761878,2822.267252474139,2,2050.4597995873823
1689811200000,2824.7356389498514,2821.282423681858,2,2050.4597995873823
1689825600000,2826.77073138244,2823.1414214242454,2,2050.4597995873823
1689840000000,2848.2454688780467,2825.0835319372436,2,2050.4597995873823
1689854400000,2881.5088575747113,2847.110201185273,2,2050.4597995873823
1689868800000,2863.778749041618,2856.7776009582035,2,2050.4597995873823
1689883200000,2865.448178320285,2857.348325941895,2,2050.4597995873823
1689897600000,2874.143405292236,2860.5471382290643,2,2050.4597995873823
1689912000000,2873.419473869828,2865.172343687042,2,2050.4597995873823
1689926400000,2863.331541948326,2861.967329137036,2,2050.4597995873823
1689940800000,2865.8106304075427,2861.753433514063,2,2050.4597995873823
1689955200000,2867.2863647294043,2862.934645654867,2,2050.4597995873823
1689969600000,2867.498482451159,2863.5654571949626,2,2050.4597995873823
1689984000000,2867.846853543187,2864.624672602968,2,2050.4597995873823
1689998400000,2868.622311015247,2865.260463116831,2,2050.4597995873823
1690012800000,2869.7795630177256,2866.1160502025773,2,2050.4597995873823
1690027200000,2861.79843714719,2857.424939387533,2,2050.4597995873823
1690041600000,2865.157903368071,2859.491908712429,2,2050.4597995873823
1690056000000,2861.465926100073,2859.225651908355,2,2050.4597995873823
1690070400000,2856.995505906164,2849.7135507644584,2,2050.4597995873823
1690084800000,2858.6199435006815,2853.591802031214,2,2050.4597995873823
1690099200000,2863.4838164177877,2858.584262907972,2,2050.4597995873823
1690113600000,2863.283086705688,2861.462430262316,2,2050.4597995873823
1690128000000,2862.6621754453795,2861.5053915534236,2,2050.4597995873823
1690142400000,2864.80443957957,2860.460762930695,2,2050.4597995873823
1690156800000,2862.437550959891,2858.1644960543263,2,2050.4597995873823
1690171200000,2849.4035498053213,2847.628527650404,2,2050.4597995873823
1690185600000,2852.3775354278096,2846.673658738027,2,2050.4597995873823
1690200000000,2839.5455261710927,2827.1236278034153,1,2569.6811271723736
1690214400000,2839.900564191088,2836.0306497731353,1,2569.6811271723736
1690228800000,2837.2022752391213,2836.2081687831333,1,2569.6811271723736
1690243200000,2839.0129691410993,2836.8117334171257,1,2569.6811271723736
1690257600000,2840.4686250230816,2837.3087866451197,1,2569.6811271723736
1690272000000,2833.545383633166,2831.4861631171907,1,2569.6811271723736
1690286400000,2835.498092743142,2832.054223949184,1,2569.6811271723736
1690300800000,2833.367864623168,2832.196239157182,1,2569.6811271723736
1690315200000,2833.261353217169,2830.2790338492055,1,2569.6811271723736
1690329600000,2832.125231553183,2831.8412011371865,1,2569.6811271723736
1690344000000,2834.255459673157,2827.9712867192334,1,2569.6811271723736
1690358400000,2834.7170090991513,2832.9063151971736,1,2569.6811271723736
1690372800000,2836.1016573771344,2834.752512901151,1,2569.6811271723736
1690387200000,2839.4035109630945,2835.391581337143,1,2569.6811271723736
1690401600000,2847.0368283930015,2834.503986287154,1,2569.6811271723736
1690416000000,2844.551562253032,2842.740868351054,1,2569.6811271723736
1690430400000,2853.1434823369273,2842.3503265290587,1,2569.6811271723736
1690444800000,2851.723330256945,2851.332788434949,1,2569.6811271723736
1690459200000,2855.0251838429044,2850.8357352069556,1,2569.6811271723736
1690473600000,2852.823948118931,2852.1493758809393,1,2569.6811271723736
1690488000000,2851.368292236949,2849.238064116975,1,2569.6811271723736
1690502400000,2853.321001346925,2850.516200988959,1,2569.6811271723736
1690516800000,2851.1552694249513,2850.551704790959,1,2569.6811271723736
1690531200000,2848.066438650989,2846.9303169870027,1,2569.6811271723736
1690545600000,2847.99543104699,2846.8948131850034,1,2569.6811271723736
1690560000000,2850.019147760965,2847.7824082349925,1,2569.6811271723736
1690574400000,2846.7883017790045,2845.9717143330145,1,2569.6811271723736
1690588800000,2845.5456687090195,2845.2971420950225,1,2569.6811271723736
1690603200000,2845.7941953230165,2844.516058451032,1,2569.6811271723736
1690617600000,2845.7231877190175,2844.5870660550313,1,2569.6811271723736
1690632000000,2844.2320280350355,2843.91249381704,1,2569.6811271723736
1690646400000,2844.516058451032,2844.0545090250375,1,2569.6811271723736
1690660800000,2846.7883017790045,2844.054509025038,1,2569.6811271723736
1690675200000,2848.1019424529886,2846.184737145012,1,2569.6811271723736
1690689600000,2846.9658207890025,2846.5042713630082,1,2569.6811271723736
1690704000000,2845.439157303021,2844.5870660550313,1,2569.6811271723736
1690718400000,2844.8355926690283,2844.232028035036,1,2569.6811271723736
1690732800000,2843.805982411041,2842.918387361052,1,2569.6811271723736
1690747200000,2836.7407258131266,2835.427085139143,1,2569.6811271723736
1690761600000,2837.9123512791125,2830.3855452552043,1,2569.6811271723736
1690776000000,2840.0425793990867,2837.3442904471194,1,2569.6811271723736
1690790400000,2839.581029973092,2838.1253740911097,1,2569.6811271723736
1690804800000,2840.681647835079,2839.3680071610947,1,2569.6811271723736
1690819200000,2836.9537486251243,2836.49219919913,1,2569.6811271723736
1690833600000,2835.391581337143,2833.651895039164,1,2569.6811271723736
1690848000000,2837.6283208631157,2833.5808874351656,1,2569.6811271723736
1690862400000,2828.7821523236166,2818.2113464477657,2,2416.733500993044
1690876800000,2831.0398127755084,2825.7227451129693,2,2416.733500993044
1690891200000,2832.0628271725022,2830.839723874343,2,2416.733500993044
1690905600000,2833.421349817667,2826.6375991387163,2,2416.733500993044
1690920000000,2839.7256702640457,2832.253022282178,2,2416.733500993044
1690934400000,2844.4328352427533,2837.230201472271,2,2416.733500993044
1690948800000,2842.486979804925,2841.4703034577697,2,2416.733500993044
1690963200000,2836.258047186821,2835.611816218365,2,2416.733500993044
1690977600000,2836.8943333146253,2832.100186701745,2,2416.733500993044
1690992000000,2830.065751713655,2826.714893743394,2,2416.733500993044
1691006400000,2824.3052732428537,2820.5501150571413,2,2416.733500993044
1691020800000,2821.7845033008844,2820.549290574517,2,2416.733500993044
1691035200000,2822.1015640710075,2819.080134110233,2,2416.733500993044
1691049600000,2819.70436185899,2818.2602487337463,2,2416.733500993044
1691064000000,2821.992321405982,2814.7649021076145,2,2416.733500993044
1691078400000,2817.5416700563583,2816.8486503403205,2,2416.733500993044
1691092800000,2815.9668266687,2814.2224512861308,2,2416.733500993044
1691107200000,2812.356981621482,2809.32813131709,2,2416.733500993044
1691121600000,2813.7165865604256,2811.133878323323,2,2416.733500993044
1691136000000,2813.8277870510146,2811.3218577962803,2,2416.733500993044
1691150400000,2812.3060704607783,2809.8378606447613,2,2416.733500993044
1691164800000,2815.894736770922,2811.5767224601163,2,2416.733500993044
1691179200000,2810.18022256508,2808.6948342594674,2,2416.733500993044
1691193600000,2812.341007591308,2806.0152505967008,2,2416.733500993044
1691208000000,2812.849603576041,2809.306643719701,2,2416.733500993044
1691222400000,2812.2163065184177,2809.5369806668064,2,2416.733500993044
1691236800000,2811.8929076984555,2810.7642063780863,2,2416.733500993044
1691251200000,2812.0935632710903,2809.8895452389297,2,2416.733500993044
1691265600000,2813.9895898419927,2810.4636863096066,2,2416.733500993044
1691280000000,2815.956624016895,2812.836669665209,2,2416.733500993044
1691294400000,2816.351854923481,2814.1250091889983,2,2416.733500993044
1691308800000,2814.1096018302937,2813.3907142925914,2,2416.733500993044
1691323200000,2812.2386185984305,2810.988822995983,2,2416.733500993044
1691337600000,2809.6140685094897,2808.2076748229633,2,2416.733500993044
1691352000000,2808.4837182238725,2807.4026301337117,2,2416.733500993044
1691366400000,2808.171604349494,2807.252627910626,2,2416.733500993044
1691380800000,2810.8875162968834,2806.0941941666274,2,2416.733500993044
1691395200000,2810.440807558124,2807.901590138108,2,2416.733500993044
1691409600000,2810.990420912071,2808.509277185222,2,2416.733500993044
1691424000000,2804.1458652809265,2803.395596354345,2,2416.733500993044
1691438400000,2803.6292921995464,2797.249831817608,1,2550.80671816062
1691452800000,2810.836564005459,2803.025727565554,1,2550.80671816062
1691467200000,2811.5111362434504,2809.6294347374737,1,2550.80671816062
1691481600000,2811.54664004545,2810.481525985463,1,2550.80671816062
1691496000000,2814.599967017413,2811.1205944214553,1,2550.80671816062
1691510400000,2812.292219887441,2810.801060203459,1,2550.80671816062
1691524800000,2811.6886552534484,2811.298113431453,1,2550.80671816062
1691539200000,2815.7005848793997,2811.5111362434504,1,2550.80671816062
1691553600000,2813.2508225414294,2812.7537693134354,1,2550.80671816062
1691568000000,2817.866316801373,2812.8957845214336,1,2550.80671816062
1691582400000,2822.1267730413215,2816.730195137387,1,2550.80671816062
1691596800000,2824.71855058729,2821.9847578333233,1,2550.80671816062
1691611200000,2823.2273909033083,2821.8072388233254,1,2550.80671816062
1691625600000,2823.404909913306,2820.8841399713365,1,2550.80671816062
1691640000000,2821.274681793332,2821.2391779913323,1,2550.80671816062
1691654400000,2820.7421247633383,2819.78352210935,1,2550.80671816062
1691668800000,2821.4166970013302,2819.1799574753572,1,2550.80671816062
1691683200000,2823.2628947053076,2821.2391779913323,1,2550.80671816062
1691697600000,2819.961041119348,2819.890033515349,1,2550.80671816062
1691712000000,2821.3101855953314,2819.357476485355,1,2550.80671816062
1691726400000,2819.1799574753572,2818.15034721737,1,2550.80671816062
1691740800000,2819.2509650793563,2818.96693466336,1,2550.80671816062
1691755200000,2819.961041119348,2818.043835811371,1,2550.80671816062
1691769600000,2816.907714147385,2816.091126701395,1,2550.80671816062
1691784000000,2814.5644632154135,2813.712371967424,1,2550.80671816062
1691798400000,2816.801202741386,2814.564463215413,1,2550.80671816062
1691812800000,2816.0201190973958,2815.6650810774,1,2550.80671816062
1691827200000,2815.7715924833988,2813.783379571423,1,2550.80671816062
1691841600000,2815.5230658694018,2814.777486027411,1,2550.80671816062
1691856000000,2814.7419822254114,2814.3869442054156,1,2550.80671816062
1691870400000,2813.3218301454285,2813.0022959274324,1,2550.80671816062
1691884800000,2815.0260126414078,2813.037799729432,1,2550.80671816062
1691899200000,2815.7715924833988,2814.6709746214124,1,2550.80671816062
1691913600000,2817.475774979378,2815.0970202454073,1,2550.80671816062
1691928000000,2817.33375977138,2815.842600087398,1,2550.80671816062
1691942400000,2814.1384175914186,2813.783379571423,1,2550.80671816062
1691956800000,2818.540889039365,2813.712371967424,1,2550.80671816062
1691971200000,2812.4342350954394,2810.4460221834634,1,2550.80671816062
1691985600000,2814.9905088394084,2810.232999371466,1,2550.80671816062
1692000000000,2815.9491114933967,2814.493455611414,1,2550.80671816062
1692014400000,2818.15034721737,2815.8070962853985,1,2550.80671816062
1692028800000,2820.209567733345,2816.801202741386,1,2550.80671816062
1692043200000,2814.1029137894193,2813.641364363425,1,2550.80671816062
1692057600000,2813.9608985814207,2813.1443111354306,1,2550.80671816062
1692072000000,2812.6827617094364,2812.3277236894405,1,2550.80671816062
1692086400000,2813.037799729432,2810.836564005459,1,2550.80671816062
1692100800000,2809.3809081234767,2808.7418396874846,1,2550.80671816062
1692115200000,2809.487419529475,2808.4578092714873,1,2550.80671816062
1692129600000,2797.650633446176,2792.232571757685,0,2797.650633446176
1692144000000,2797.650633446176,2797.650633446176,0,2797.650633446176
1692158400000,2797.650633446176,2797.650633446176,0,2797.650633446176
1692172800000,2797.650633446176,2797.650633446176,0,2797.650633446176
1692187200000,2797.650633446176,2797.650633446176,0,2797.650633446176
1692201600000,2797.650633446176,2797.650633446176,0,2797.650633446176
1692216000000,2797.650633446176,2797.650633446176,0,2797.650633446176
1692230400000,2797.650633446176,2797.650633446176,0,2797.650633446176
1692244800000,2797.650633446176,2797.650633446176,0,2797.650633446176
1692259200000,2797.650633446176,2797.650633446176,0,2797.650633446176
1692273600000,2797.650633446176,2797.650633446176,0,2797.650633446176
1692288000000,2797.650633446176,2797.650633446176,0,2797.650633446176
1692302400000,2797.650633446176,2797.650633446176,0,2797.650633446176
1692316800000,2797.650633446176,2797.650633446176,0,2797.650633446176
1692331200000,2797.650633446176,2797.650633446176,0,2797.650633446176
1692345600000,2797.650633446176,2797.650633446176,0,2797.650633446176
1692360000000,2797.650633446176,2797.650633446176,0,2797.650633446176
1692374400000,2797.650633446176,2797.650633446176,0,2797.650633446176
1692388800000,2797.650633446176,2797.650633446176,0,2797.650633446176
1692403200000,2797.650633446176,2797.650633446176,0,2797.650633446176
1692417600000,2797.650633446176,2797.650633446176,0,2797.650633446176
1692432000000,2797.650633446176,2797.650633446176,0,2797.650633446176
1692446400000,2797.650633446176,2797.650633446176,0,2797.650633446176
1692460800000,2797.650633446176,2797.650633446176,0,2797.650633446176
1692475200000,2797.650633446176,2797.650633446176,0,2797.650633446176
1692489600000,2797.650633446176,2797.650633446176,0,2797.650633446176
1692504000000,2797.650633446176,2797.650633446176,0,2797.650633446176
1692518400000,2797.650633446176,2797.650633446176,0,2797.650633446176
1692532800000,2797.650633446176,2797.650633446176,0,2797.650633446176
1692547200000,2797.650633446176,2797.650633446176,0,2797.650633446176
1692561600000,2797.650633446176,2797.650633446176,0,2797.650633446176
1692576000000,2797.650633446176,2797.650633446176,0,2797.650633446176
1692590400000,2797.650633446176,2797.650633446176,0,2797.650633446176
1692604800000,2797.650633446176,2797.650633446176,0,2797.650633446176
1692619200000,2797.650633446176,2797.650633446176,0,2797.650633446176
1692633600000,2797.650633446176,2797.650633446176,0,2797.650633446176
1692648000000,2797.650633446176,2797.650633446176,0,2797.650633446176
1692662400000,2797.650633446176,2797.650633446176,0,2797.650633446176
1692676800000,2797.650633446176,2797.650633446176,0,2797.650633446176
1692691200000,2797.650633446176,2797.650633446176,0,2797.650633446176
1692705600000,2797.650633446176,2797.650633446176,0,2797.650633446176
1692720000000,2797.650633446176,2797.650633446176,0,2797.650633446176
1692734400000,2797.650633446176,2797.650633446176,0,2797.650633446176
1692748800000,2797.650633446176,2797.650633446176,0,2797.650633446176
1692763200000,2797.650633446176,2797.650633446176,0,2797.650633446176
1692777600000,2797.650633446176,2797.650633446176,0,2797.650633446176
1692792000000,2797.650633446176,2797.650633446176,0,2797.650633446176
1692806400000,2797.650633446176,2797.650633446176,0,2797.650633446176
1692820800000,2797.650633446176,2797.650633446176,0,2797.650633446176
1692835200000,2797.650633446176,2797.650633446176,0,2797.650633446176
1692849600000,2797.650633446176,2797.650633446176,0,2797.650633446176
1692864000000,2797.650633446176,2797.650633446176,0,2797.650633446176
1692878400000,2797.650633446176,2797.650633446176,0,2797.650633446176
1692892800000,2797.650633446176,2797.650633446176,0,2797.650633446176
1692907200000,2797.650633446176,2797.650633446176,0,2797.650633446176
1692921600000,2797.650633446176,2797.650633446176,0,2797.650633446176
1692936000000,2797.650633446176,2797.650633446176,0,2797.650633446176
1692950400000,2797.650633446176,2797.650633446176,0,2797.650633446176
1692964800000,2797.650633446176,2797.650633446176,0,2797.650633446176
1692979200000,2797.650633446176,2797.650633446176,0,2797.650633446176
1692993600000,2797.650633446176,2797.650633446176,0,2797.650633446176
1693008000000,2797.650633446176,2797.650633446176,0,2797.650633446176
1693022400000,2797.650633446176,2797.650633446176,0,2797.650633446176
1693036800000,2797.650633446176,2797.650633446176,0,2797.650633446176
1693051200000,2797.650633446176,2797.650633446176,0,2797.650633446176
1693065600000,2797.650633446176,2797.650633446176,0,2797.650633446176
1693080000000,2797.650633446176,2797.650633446176,0,2797.650633446176
1693094400000,2797.650633446176,2797.650633446176,0,2797.650633446176
1693108800000,2797.650633446176,2797.650633446176,0,2797.650633446176
1693123200000,2797.650633446176,2797.650633446176,0,2797.650633446176
1693137600000,2797.650633446176,2797.650633446176,0,2797.650633446176
1693152000000,2797.650633446176,2797.650633446176,0,2797.650633446176
1693166400000,2797.650633446176,2797.650633446176,0,2797.650633446176
1693180800000,2797.650633446176,2797.650633446176,0,2797.650633446176
1693195200000,2797.650633446176,2797.650633446176,0,2797.650633446176
1693209600000,2797.650633446176,2797.650633446176,0,2797.650633446176
1693224000000,2797.650633446176,2797.650633446176,0,2797.650633446176
1693238400000,2797.650633446176,2797.650633446176,0,2797.650633446176
1693252800000,2797.650633446176,2797.650633446176,0,2797.650633446176
1693267200000,2797.650633446176,2797.650633446176,0,2797.650633446176
1693281600000,2797.650633446176,2797.650633446176,0,2797.650633446176
1693296000000,2797.650633446176,2797.650633446176,0,2797.650633446176
1693310400000,2797.650633446176,2797.650633446176,0,2797.650633446176
1693324800000,2797.650633446176,2797.650633446176,0,2797.650633446176
1693339200000,2797.650633446176,2797.650633446176,0,2797.650633446176
1693353600000,2797.650633446176,2797.650633446176,0,2797.650633446176
1693368000000,2797.650633446176,2797.650633446176,0,2797.650633446176
1693382400000,2797.650633446176,2797.650633446176,0,2797.650633446176
1693396800000,2797.650633446176,2797.650633446176,0,2797.650633446176
1693411200000,2797.650633446176,2797.650633446176,0,2797.650633446176
1693425600000,2797.650633446176,2797.650633446176,0,2797.650633446176
1693440000000,2797.650633446176,2797.650633446176,0,2797.650633446176
1693454400000,2797.650633446176,2797.650633446176,0,2797.650633446176
1693468800000,2797.650633446176,2797.650633446176,0,2797.650633446176
1693483200000,2797.650633446176,2797.650633446176,0,2797.650633446176
1693497600000,2797.650633446176,2797.650633446176,0,2797.650633446176
1693512000000,2797.650633446176,2797.650633446176,0,2797.650633446176
1693526400000,2797.650633446176,2797.650633446176,0,2797.650633446176
1693540800000,2797.650633446176,2797.650633446176,0,2797.650633446176
1693555200000,2797.650633446176,2797.650633446176,0,2797.650633446176
1693569600000,2797.650633446176,2797.650633446176,0,2797.650633446176
1693584000000,2797.650633446176,2797.650633446176,0,2797.650633446176
1693598400000,2797.650633446176,2797.650633446176,0,2797.650633446176
1693612800000,2797.650633446176,2797.650633446176,0,2797.650633446176
1693627200000,2797.650633446176,2797.650633446176,0,2797.650633446176
1693641600000,2797.650633446176,2797.650633446176,0,2797.650633446176
1693656000000,2797.650633446176,2797.650633446176,0,2797.650633446176
1693670400000,2797.650633446176,2797.650633446176,0,2797.650633446176
1693684800000,2797.650633446176,2797.650633446176,0,2797.650633446176
1693699200000,2797.650633446176,2797.650633446176,0,2797.650633446176
1693713600000,2797.650633446176,2797.650633446176,0,2797.650633446176
1693728000000,2797.650633446176,2797.650633446176,0,2797.650633446176
1693742400000,2797.650633446176,2797.650633446176,0,2797.650633446176
1693756800000,2797.650633446176,2797.650633446176,0,2797.650633446176
1693771200000,2797.650633446176,2797.650633446176,0,2797.650633446176
1693785600000,2797.650633446176,2797.650633446176,0,2797.650633446176
1693800000000,2797.650633446176,2797.650633446176,0,2797.650633446176
1693814400000,2797.650633446176,2797.650633446176,0,2797.650633446176
1693828800000,2797.650633446176,2797.650633446176,0,2797.650633446176
1693843200000,2797.650633446176,2797.650633446176,0,2797.650633446176
1693857600000,2797.650633446176,2797.650633446176,0,2797.650633446176
1693872000000,2797.650633446176,2797.650633446176,0,2797.650633446176
1693886400000,2797.650633446176,2797.650633446176,0,2797.650633446176
1693900800000,2797.650633446176,2797.650633446176,0,2797.650633446176
1693915200000,2797.650633446176,2797.650633446176,0,2797.650633446176
1693929600000,2797.650633446176,2797.650633446176,0,2797.650633446176
1693944000000,2797.650633446176,2797.650633446176,0,2797.650633446176
1693958400000,2797.650633446176,2797.650633446176,0,2797.650633446176
1693972800000,2797.650633446176,2797.650633446176,0,2797.650633446176
1693987200000,2797.650633446176,2797.650633446176,0,2797.650633446176
1694001600000,2797.650633446176,2797.650633446176,0,2797.650633446176
1694016000000,2797.650633446176,2797.650633446176,0,2797.650633446176
1694030400000,2797.650633446176,2797.650633446176,0,2797.650633446176
1694044800000,2797.650633446176,2797.650633446176,0,2797.650633446176
1694059200000,2797.650633446176,2797.650633446176,0,2797.650633446176
1694073600000,2797.650633446176,2797.650633446176,0,2797.650633446176
1694088000000,2797.650633446176,2797.650633446176,0,2797.650633446176
1694102400000,2797.650633446176,2797.650633446176,0,2797.650633446176
1694116800000,2797.650633446176,2797.650633446176,0,2797.650633446176
1694131200000,2797.650633446176,2797.650633446176,0,2797.650633446176
1694145600000,2797.650633446176,2797.650633446176,0,2797.650633446176
1694160000000,2797.650633446176,2797.650633446176,0,2797.650633446176
1694174400000,2797.650633446176,2797.650633446176,0,2797.650633446176
1694188800000,2797.650633446176,2797.650633446176,0,2797.650633446176
1694203200000,2797.650633446176,2797.650633446176,0,2797.650633446176
1694217600000,2797.650633446176,2797.650633446176,0,2797.650633446176
1694232000000,2797.650633446176,2797.650633446176,0,2797.650633446176
1694246400000,2797.650633446176,2797.650633446176,0,2797.650633446176
1694260800000,2797.650633446176,2797.650633446176,0,2797.650633446176
1694275200000,2797.650633446176,2797.650633446176,0,2797.650633446176
1694289600000,2797.650633446176,2797.650633446176,0,2797.650633446176
1694304000000,2797.650633446176,2797.650633446176,0,2797.650633446176
1694318400000,2797.650633446176,2797.650633446176,0,2797.650633446176
1694332800000,2797.650633446176,2797.650633446176,0,2797.650633446176
1694347200000,2797.650633446176,2797.650633446176,0,2797.650633446176
1694361600000,2797.650633446176,2797.650633446176,0,2797.650633446176
1694376000000,2797.650633446176,2797.650633446176,0,2797.650633446176
1694390400000,2797.650633446176,2797.650633446176,0,2797.650633446176
1694404800000,2797.650633446176,2797.650633446176,0,2797.650633446176
1694419200000,2797.650633446176,2797.650633446176,0,2797.650633446176
1694433600000,2797.650633446176,2797.650633446176,0,2797.650633446176
1694448000000,2797.650633446176,2797.650633446176,0,2797.650633446176
1694462400000,2797.650633446176,2797.650633446176,0,2797.650633446176
1694476800000,2797.650633446176,2797.650633446176,0,2797.650633446176
1694491200000,2797.650633446176,2797.650633446176,0,2797.650633446176
1694505600000,2797.650633446176,2797.650633446176,0,2797.650633446176
1694520000000,2797.650633446176,2797.650633446176,0,2797.650633446176
1694534400000,2797.650633446176,2797.650633446176,0,2797.650633446176
1694548800000,2797.650633446176,2797.650633446176,0,2797.650633446176
1694563200000,2797.650633446176,2797.650633446176,0,2797.650633446176
1694577600000,2797.650633446176,2797.650633446176,0,2797.650633446176
1694592000000,2797.650633446176,2797.650633446176,0,2797.650633446176
1694606400000,2797.650633446176,2797.650633446176,0,2797.650633446176
1694620800000,2797.650633446176,2797.650633446176,0,2797.650633446176
1694635200000,2797.650633446176,2797.650633446176,0,2797.650633446176
1694649600000,2797.650633446176,2797.650633446176,0,2797.650633446176
1694664000000,2797.650633446176,2797.650633446176,0,2797.650633446176
1694678400000,2797.650633446176,2797.650633446176,0,2797.650633446176
1694692800000,2797.650633446176,2797.650633446176,0,2797.650633446176
1694707200000,2797.650633446176,2797.650633446176,0,2797.650633446176
1694721600000,2797.650633446176,2797.650633446176,0,2797.650633446176
1694736000000,2797.650633446176,2797.650633446176,0,2797.650633446176
1694750400000,2797.650633446176,2797.650633446176,0,2797.650633446176
1694764800000,2797.650633446176,2797.650633446176,0,2797.650633446176
1694779200000,2797.650633446176,2797.650633446176,0,2797.650633446176
1694793600000,2797.650633446176,2797.650633446176,0,2797.650633446176
1694808000000,2797.650633446176,2797.650633446176,0,2797.650633446176
1694822400000,2797.650633446176,2797.650633446176,0,2797.650633446176
1694836800000,2797.650633446176,2797.650633446176,0,2797.650633446176
1694851200000,2797.650633446176,2797.650633446176,0,2797.650633446176
1694865600000,2797.650633446176,2797.650633446176,0,2797.650633446176
1694880000000,2797.650633446176,2797.650633446176,0,2797.650633446176
1694894400000,2797.650633446176,2797.650633446176,0,2797.650633446176
1694908800000,2797.650633446176,2797.650633446176,0,2797.650633446176
1694923200000,2797.650633446176,2797.650633446176,0,2797.650633446176
1694937600000,2797.650633446176,2797.650633446176,0,2797.650633446176
1694952000000,2797.650633446176,2797.650633446176,0,2797.650633446176
1694966400000,2797.650633446176,2797.650633446176,0,2797.650633446176
1694980800000,2797.650633446176,2797.650633446176,0,2797.650633446176
1694995200000,2797.650633446176,2797.650633446176,0,2797.650633446176
1695009600000,2797.650633446176,2797.650633446176,0,2797.650633446176
1695024000000,2797.650633446176,2797.650633446176,0,2797.650633446176
1695038400000,2797.650633446176,2797.650633446176,0,2797.650633446176
1695052800000,2797.650633446176,2797.650633446176,0,2797.650633446176
1695067200000,2797.650633446176,2797.650633446176,0,2797.650633446176
1695081600000,2797.650633446176,2797.650633446176,0,2797.650633446176
1695096000000,2797.650633446176,2797.650633446176,0,2797.650633446176
1695110400000,2797.650633446176,2797.650633446176,0,2797.650633446176
1695124800000,2797.650633446176,2797.650633446176,0,2797.650633446176
1695139200000,2797.650633446176,2797.650633446176,0,2797.650633446176
1695153600000,2797.650633446176,2797.650633446176,0,2797.650633446176
1695168000000,2797.650633446176,2797.650633446176,0,2797.650633446176
1695182400000,2797.650633446176,2797.650633446176,0,2797.650633446176
1695196800000,2797.650633446176,2797.650633446176,0,2797.650633446176
1695211200000,2797.650633446176,2797.650633446176,0,2797.650633446176
1695225600000,2797.650633446176,2797.650633446176,0,2797.650633446176
1695240000000,2797.650633446176,2797.650633446176,0,2797.650633446176
1695254400000,2797.650633446176,2797.650633446176,0,2797.650633446176
1695268800000,2797.650633446176,2797.650633446176,0,2797.650633446176
1695283200000,2797.650633446176,2797.650633446176,0,2797.650633446176
1695297600000,2797.650633446176,2797.650633446176,0,2797.650633446176
1695312000000,2797.650633446176,2797.650633446176,0,2797.650633446176
1695326400000,2797.650633446176,2797.650633446176,0,2797.650633446176
1695340800000,2797.650633446176,2797.650633446176,0,2797.650633446176
1695355200000,2797.650633446176,2797.650633446176,0,2797.650633446176
1695369600000,2797.650633446176,2797.650633446176,0,2797.650633446176
1695384000000,2797.650633446176,2797.650633446176,0,2797.650633446176
1695398400000,2797.650633446176,2797.650633446176,0,2797.650633446176
1695412800000,2797.650633446176,2797.650633446176,0,2797.650633446176
1695427200000,2797.650633446176,2797.650633446176,0,2797.650633446176
1695441600000,2797.650633446176,2797.650633446176,0,2797.650633446176
1695456000000,2797.650633446176,2797.650633446176,0,2797.650633446176
1695470400000,2797.650633446176,2797.650633446176,0,2797.650633446176
1695484800000,2797.650633446176,2797.650633446176,0,2797.650633446176
1695499200000,2797.650633446176,2797.650633446176,0,2797.650633446176
1695513600000,2797.650633446176,2797.650633446176,0,2797.650633446176
1695528000000,2797.650633446176,2797.650633446176,0,2797.650633446176
1695542400000,2797.650633446176,2797.650633446176,0,2797.650633446176
1695556800000,2797.650633446176,2797.650633446176,0,2797.650633446176
1695571200000,2797.650633446176,2797.650633446176,0,2797.650633446176
1695585600000,2797.650633446176,2797.650633446176,0,2797.650633446176
1695600000000,2797.650633446176,2797.650633446176,0,2797.650633446176
1695614400000,2797.650633446176,2797.650633446176,0,2797.650633446176
1695628800000,2797.650633446176,2797.650633446176,0,2797.650633446176
1695643200000,2797.650633446176,2797.650633446176,0,2797.650633446176
1695657600000,2797.650633446176,2797.650633446176,0,2797.650633446176
1695672000000,2797.650633446176,2797.650633446176,0,2797.650633446176
1695686400000,2797.650633446176,2797.650633446176,0,2797.650633446176
1695700800000,2797.650633446176,2797.650633446176,0,2797.650633446176
1695715200000,2797.650633446176,2797.650633446176,0,2797.650633446176
1695729600000,2797.650633446176,2797.650633446176,0,2797.650633446176
1695744000000,2797.650633446176,2797.650633446176,0,2797.650633446176
1695758400000,2797.650633446176,2797.650633446176,0,2797.650633446176
1695772800000,2797.650633446176,2797.650633446176,0,2797.650633446176
1695787200000,2797.650633446176,2797.650633446176,0,2797.650633446176
1695801600000,2797.650633446176,2797.650633446176,0,2797.650633446176
1695816000000,2797.650633446176,2797.650633446176,0,2797.650633446176
1695830400000,2797.650633446176,2797.650633446176,0,2797.650633446176
1695844800000,2797.650633446176,2797.650633446176,0,2797.650633446176
1695859200000,2797.650633446176,2797.650633446176,0,2797.650633446176
1695873600000,2797.650633446176,2797.650633446176,0,2797.650633446176
1695888000000,2797.650633446176,2797.650633446176,0,2797.650633446176
1695902400000,2797.650633446176,2797.650633446176,0,2797.650633446176
1695916800000,2797.650633446176,2797.650633446176,0,2797.650633446176
1695931200000,2797.650633446176,2797.650633446176,0,2797.650633446176
1695945600000,2797.650633446176,2797.650633446176,0,2797.650633446176
1695960000000,2797.650633446176,2797.650633446176,0,2797.650633446176
1695974400000,2797.650633446176,2797.650633446176,0,2797.650633446176
1695988800000,2797.650633446176,2797.650633446176,0,2797.650633446176
1696003200000,2797.650633446176,2797.650633446176,0,2797.650633446176
1696017600000,2797.650633446176,2797.650633446176,0,2797.650633446176
1696032000000,2797.650633446176,2797.650633446176,0,2797.650633446176
1696046400000,2797.650633446176,2797.650633446176,0,2797.650633446176
1696060800000,2797.650633446176,2797.650633446176,0,2797.650633446176
1696075200000,2797.650633446176,2797.650633446176,0,2797.650633446176
1696089600000,2797.650633446176,2797.650633446176,0,2797.650633446176
1696104000000,2797.650633446176,2797.650633446176,0,2797.650633446176
1696118400000,2797.650633446176,2797.650633446176,0,2797.650633446176
1696132800000,2797.650633446176,2797.650633446176,0,2797.650633446176
1696147200000,2797.650633446176,2797.650633446176,0,2797.650633446176
1696161600000,2797.650633446176,2797.650633446176,0,2797.650633446176
1696176000000,2797.650633446176,2797.650633446176,0,2797.650633446176
1696190400000,2797.650633446176,2797.650633446176,0,2797.650633446176
1696204800000,2797.650633446176,2797.650633446176,0,2797.650633446176
1696219200000,2797.650633446176,2797.650633446176,0,2797.650633446176
1696233600000,2797.650633446176,2797.650633446176,0,2797.650633446176
1696248000000,2797.650633446176,2797.650633446176,0,2797.650633446176
1696262400000,2797.650633446176,2797.650633446176,0,2797.650633446176
1696276800000,2797.650633446176,2797.650633446176,0,2797.650633446176
1696291200000,2797.650633446176,2797.650633446176,0,2797.650633446176
1696305600000,2797.650633446176,2797.650633446176,0,2797.650633446176
1696320000000,2797.650633446176,2797.650633446176,0,2797.650633446176
1696334400000,2797.650633446176,2797.650633446176,0,2797.650633446176
1696348800000,2797.650633446176,2797.650633446176,0,2797.650633446176
1696363200000,2797.650633446176,2797.650633446176,0,2797.650633446176
1696377600000,2797.650633446176,2797.650633446176,0,2797.650633446176
1696392000000,2797.650633446176,2797.650633446176,0,2797.650633446176
1696406400000,2797.650633446176,2797.650633446176,0,2797.650633446176
1696420800000,2797.650633446176,2797.650633446176,0,2797.650633446176
1696435200000,2797.650633446176,2797.650633446176,0,2797.650633446176
1696449600000,2797.650633446176,2797.650633446176,0,2797.650633446176
1696464000000,2797.650633446176,2797.650633446176,0,2797.650633446176
1696478400000,2797.650633446176,2797.650633446176,0,2797.650633446176
1696492800000,2797.650633446176,2797.650633446176,0,2797.650633446176
1696507200000,2797.650633446176,2797.650633446176,0,2797.650633446176
1696521600000,2797.650633446176,2797.650633446176,0,2797.650633446176
1696536000000,2797.650633446176,2797.650633446176,0,2797.650633446176
1696550400000,2797.650633446176,2797.650633446176,0,2797.650633446176
1696564800000,2797.650633446176,2797.650633446176,0,2797.650633446176
1696579200000,2797.650633446176,2797.650633446176,0,2797.650633446176
1696593600000,2797.650633446176,2797.650633446176,0,2797.650633446176
1696608000000,2797.650633446176,2797.650633446176,0,2797.650633446176
1696622400000,2797.650633446176,2797.650633446176,0,2797.650633446176
1696636800000,2797.650633446176,2797.650633446176,0,2797.650633446176
1696651200000,2797.650633446176,2797.650633446176,0,2797.650633446176
1696665600000,2797.650633446176,2797.650633446176,0,2797.650633446176
1696680000000,2797.650633446176,2797.650633446176,0,2797.650633446176
1696694400000,2797.650633446176,2797.650633446176,0,2797.650633446176
1696708800000,2797.650633446176,2797.650633446176,0,2797.650633446176
1696723200000,2797.650633446176,2797.650633446176,0,2797.650633446176
1696737600000,2797.650633446176,2797.650633446176,0,2797.650633446176
1696752000000,2797.650633446176,2797.650633446176,0,2797.650633446176
1696766400000,2797.650633446176,2797.650633446176,0,2797.650633446176
1696780800000,2797.650633446176,2797.650633446176,0,2797.650633446176
1696795200000,2797.650633446176,2797.650633446176,0,2797.650633446176
1696809600000,2797.650633446176,2797.650633446176,0,2797.650633446176
1696824000000,2797.650633446176,2797.650633446176,0,2797.650633446176
1696838400000,2797.650633446176,2797.650633446176,0,2797.650633446176
1696852800000,2797.650633446176,2797.650633446176,0,2797.650633446176
1696867200000,2797.650633446176,2797.650633446176,0,2797.650633446176
1696881600000,2797.650633446176,2797.650633446176,0,2797.650633446176
1696896000000,2797.650633446176,2797.650633446176,0,2797.650633446176
1696910400000,2797.650633446176,2797.650633446176,0,2797.650633446176
1696924800000,2797.650633446176,2797.650633446176,0,2797.650633446176
1696939200000,2797.650633446176,2797.650633446176,0,2797.650633446176
1696953600000,2797.650633446176,2797.650633446176,0,2797.650633446176
1696968000000,2797.650633446176,2797.650633446176,0,2797.650633446176
1696982400000,2797.650633446176,2797.650633446176,0,2797.650633446176
1696996800000,2797.650633446176,2797.650633446176,0,2797.650633446176
1697011200000,2797.650633446176,2797.650633446176,0,2797.650633446176
1697025600000,2797.650633446176,2797.650633446176,0,2797.650633446176
1697040000000,2797.650633446176,2797.650633446176,0,2797.650633446176
1697054400000,2797.650633446176,2797.650633446176,0,2797.650633446176
1697068800000,2797.650633446176,2797.650633446176,0,2797.650633446176
1697083200000,2797.650633446176,2797.650633446176,0,2797.650633446176
1697097600000,2797.650633446176,2797.650633446176,0,2797.650633446176
1697112000000,2797.650633446176,2797.650633446176,0,2797.650633446176
1697126400000,2797.650633446176,2797.650633446176,0,2797.650633446176
1697140800000,2797.650633446176,2797.650633446176,0,2797.650633446176
1697155200000,2797.650633446176,2797.650633446176,0,2797.650633446176
1697169600000,2797.650633446176,2797.650633446176,0,2797.650633446176
1697184000000,2797.650633446176,2797.650633446176,0,2797.650633446176
1697198400000,2797.650633446176,2797.650633446176,0,2797.650633446176
1697212800000,2797.650633446176,2797.650633446176,0,2797.650633446176
1697227200000,2797.650633446176,2797.650633446176,0,2797.650633446176
1697241600000,2797.650633446176,2797.650633446176,0,2797.650633446176
1697256000000,2797.650633446176,2797.650633446176,0,2797.650633446176
1697270400000,2797.650633446176,2797.650633446176,0,2797.650633446176
1697284800000,2797.650633446176,2797.650633446176,0,2797.650633446176
1697299200000,2797.650633446176,2797.650633446176,0,2797.650633446176
1697313600000,2797.650633446176,2797.650633446176,0,2797.650633446176
1697328000000,2797.650633446176,2797.650633446176,0,2797.650633446176
1697342400000,2797.650633446176,2797.650633446176,0,2797.650633446176
1697356800000,2797.650633446176,2797.650633446176,0,2797.650633446176
1697371200000,2797.650633446176,2797.650633446176,0,2797.650633446176
1697385600000,2797.650633446176,2797.650633446176,0,2797.650633446176
1697400000000,2797.650633446176,2797.650633446176,0,2797.650633446176
1697414400000,2797.650633446176,2797.650633446176,0,2797.650633446176
1697428800000,2797.650633446176,2797.650633446176,0,2797.650633446176
1697443200000,2797.650633446176,2797.650633446176,0,2797.650633446176
1697457600000,2797.650633446176,2797.650633446176,0,2797.650633446176
1697472000000,2797.650633446176,2797.650633446176,0,2797.650633446176
1697486400000,2797.650633446176,2797.650633446176,0,2797.650633446176
1697500800000,2797.650633446176,2797.650633446176,0,2797.650633446176
1697515200000,2797.650633446176,2797.650633446176,0,2797.650633446176
1697529600000,2797.650633446176,2797.650633446176,0,2797.650633446176
1697544000000,2797.650633446176,2797.650633446176,0,2797.650633446176
1697558400000,2797.650633446176,2797.650633446176,0,2797.650633446176
1697572800000,2797.650633446176,2797.650633446176,0,2797.650633446176
1697587200000,2797.650633446176,2797.650633446176,0,2797.650633446176
1697601600000,2797.650633446176,2797.650633446176,0,2797.650633446176
1697616000000,2797.650633446176,2797.650633446176,0,2797.650633446176
1697630400000,2797.650633446176,2797.650633446176,0,2797.650633446176
1697644800000,2797.650633446176,2797.650633446176,0,2797.650633446176
1697659200000,2797.650633446176,2797.650633446176,0,2797.650633446176
1697673600000,2797.650633446176,2797.650633446176,0,2797.650633446176
1697688000000,2797.650633446176,2797.650633446176,0,2797.650633446176
1697702400000,2797.650633446176,2797.650633446176,0,2797.650633446176
1697716800000,2797.650633446176,2797.650633446176,0,2797.650633446176
1697731200000,2797.650633446176,2797.650633446176,0,2797.650633446176
1697745600000,2797.650633446176,2797.650633446176,0,2797.650633446176
1697760000000,2797.650633446176,2797.650633446176,0,2797.650633446176
1697774400000,2797.650633446176,2797.650633446176,0,2797.650633446176
1697788800000,2797.650633446176,2797.650633446176,0,2797.650633446176
1697803200000,2797.650633446176,2797.650633446176,0,2797.650633446176
1697817600000,2797.650633446176,2797.650633446176,0,2797.650633446176
1697832000000,2797.650633446176,2797.650633446176,0,2797.650633446176
1697846400000,2797.650633446176,2797.650633446176,0,2797.650633446176
1697860800000,2796.637505666784,2795.341047102968,1,2521.820687677486
1697875200000,2797.485689964191,2796.0566706937207,1,2521.820687677486
1697889600000,2798.4992966560353,2796.9172013314537,1,2521.820687677486
1697904000000,2799.7280824221266,2797.3268584732346,1,2521.820687677486
1697918400000,2801.6559681054523,2798.8799909543463,1,2521.820687677486
1697932800000,2799.4722439714697,2798.91712280495,1,2521.820687677486
1697947200000,2802.9588268858447,2797.9964415635604,2,2435.193309149437
1697961600000,2802.2876275202743,2798.9629920087546,2,2435.193309149437
1697976000000,2801.13640729681,2799.254457023424,2,2435.193309149437
1697990400000,2801.598045097326,2799.718786470471,2,2435.193309149437
1698004800000,2803.4068541567663,2801.369208587158,2,2435.193309149437
1698019200000,2812.491534473062,2801.806722165607,2,2435.193309149437
1698033600000,2825.3290727004387,2809.8313849089136,2,2435.193309149437
1698048000000,2819.8738083973317,2817.9015885271197,2,2435.193309149437
1698062400000,2819.4662017841906,2813.295795259701,2,2435.193309149437
1698076800000,2818.9759912333657,2812.3372610514425,2,2435.193309149437
1698091200000,2826.0272863732184,2817.736641094117,2,2435.193309149437
1698105600000,2844.8154106301345,2823.902210137984,2,2435.193309149437
1698120000000,2850.847423084666,2838.5920381591573,2,2435.193309149437
1698134400000,2848.839279132023,2845.1137770038154,2,2435.193309149437
1698148800000,2858.0421079336925,2848.2396088469113,2,2435.193309149437
1698163200000,2843.825162622316,2837.1338219868403,2,2435.193309149437
1698177600000,2846.1935037300764,2839.8528332406627,2,2435.193309149437
1698192000000,2850.7421331348582,2841.9831041606235,2,2435.193309149437
1698206400000,2860.7691885809595,2849.0194397133387,2,2435.193309149437
1698220800000,2855.493252499364,2853.3803617151552,2,2435.193309149437
1698235200000,2861.2170002526536,2852.967419285669,2,2435.193309149437
1698249600000,2868.764754545876,2858.5484267245333,2,2435.193309149437
1698264000000,2866.0296020052288,2860.4385446093875,2,2435.193309149437
1698278400000,2862.7208876788063,2857.5548555641944,2,2435.193309149437
1698292800000,2866.0332587691923,2860.238138892635,2,2435.193309149437
1698307200000,2865.6584705541136,2860.350296681387,2,2435.193309149437
1698321600000,2857.176867597207,2853.4691032214923,2,2435.193309149437
1698336000000,2853.172147557095,2849.945493224841,2,2435.193309149437
1698350400000,2855.0799440791475,2849.400262679415,2,2435.193309149437
1698364800000,2858.2624645685605,2854.406507287771,2,2435.193309149437
1698379200000,2859.0767769627264,2851.6781067947923,2,2435.193309149437
1698393600000,2854.356078251565,2853.955455268645,2,2435.193309149437
1698408000000,2857.3880381889135,2854.199538799209,2,2435.193309149437
1698422400000,2858.1015433491043,2853.994594358166,2,2435.193309149437
1698436800000,2855.8222175763076,2848.9301875651786,2,2435.193309149437
1698451200000,2858.3460526532167,2855.3732131367387,2,2435.193309149437
1698465600000,2861.9431536163365,2856.5253522994517,2,2435.193309149437
1698480000000,2860.8819775601946,2860.430298282695,2,2435.193309149437
1698494400000,2862.5333137009925,2860.3178620050635,2,2435.193309149437
1698508800000,2860.9651889014385,2857.4541633933522,2,2435.193309149437
1698523200000,2858.0599127022115,2857.5208807461677,2,2435.193309149437
1698537600000,2857.558012596771,2856.3611402096312,2,2435.193309149437
1698552000000,2855.85643028769,2854.681793466306,2,2435.193309149437
1698566400000,2858.4293956113097,2855.0403751262147,2,2435.193309149437
1698580800000,2859.7250082106893,2857.497116361781,2,2435.193309149437
1698595200000,2862.273907286756,2858.7933730281347,2,2435.193309149437
1698609600000,2863.342524142926,2860.9871221913895,2,2435.193309149437
1698624000000,2863.2210733063635,2861.563221870473,2,2435.193309149437
1698638400000,2861.6743579629433,2859.6162855307557,2,2435.193309149437
1698652800000,2858.893081561774,2857.5510020727907,2,2435.193309149437
1698667200000,2866.879694401125,2858.1851351109867,2,2435.193309149437
1698681600000,2867.420548507225,2863.9637121267324,2,2435.193309149437
1698696000000,2863.67020206895,2858.6217868994268,2,2435.193309149437
1698710400000,2864.094952635658,2861.494171883533,2,2435.193309149437
1698724800000,2864.134774421622,2861.391609418396,2,2435.193309149437
1698739200000,2863.0834832461624,2862.0877156681795,2,2435.193309149437
1698753600000,2867.054085273442,2860.240343526517,2,2435.193309149437
1698768000000,2861.2638318950762,2857.9837670681327,2,2435.193309149437
1698782400000,2865.4119968275463,2860.1497740325794,2,2435.193309149437
1698796800000,2866.9175870930053,2863.8349827751076,2,2435.193309149437
1698811200000,2863.4944148201257,2862.7802086014754,2,2435.193309149437
1698825600000,2862.771060617393,2859.865655180009,2,2435.193309149437
1698840000000,2860.344872380163,2858.514365545435,2,2435.193309149437
1698854400000,2858.613729083938,2855.031976089948,2,2435.193309149437
1698868800000,2865.039545749092,2858.3284119779664,2,2435.193309149437
1698883200000,2876.9392240389157,2864.8658122328757,2,2435.193309149437
1698897600000,2878.1302142875006,2874.0974959509595,2,2435.193309149437
1698912000000,2871.1807088780456,2869.0147621090528,2,2435.193309149437
1698926400000,2873.176228984511,2868.242103893819,2,2435.193309149437
1698940800000,2862.475581695277,2861.3829803529934,2,2435.193309149437
1698955200000,2867.583497293672,2858.4556641746713,2,2435.193309149437
1698969600000,2866.3619369832663,2862.8406059909726,2,2435.193309149437
1698984000000,2862.049531101161,2856.1055465335216,2,2435.193309149437
1698998400000,2863.4803583466633,2857.306437330609,2,2435.193309149437
1699012800000,2859.915694123055,2857.852123176919,2,2435.193309149437
1699027200000,2867.2627214913136,2858.3406993607496,2,2435.193309149437
1699041600000,2864.5757986201465,2861.341087710316,2,2435.193309149437
1699056000000,2868.6707496276144,2863.8664013378097,2,2435.193309149437
1699070400000,2867.5496147348813,2866.044425473018,2,2435.193309149437
1699084800000,2866.98223488764,2865.1202558604427,2,2435.193309149437
1699099200000,2866.9802055123464,2865.2933128332666,2,2435.193309149437
1699113600000,2866.394562585998,2865.2684335103345,2,2435.193309149437
1699128000000,2867.82989033896,2866.097281939031,2,2435.193309149437
1699142400000,2872.2253921836705,2867.235758750684,2,2435.193309149437
1699156800000,2882.9538817345488,2869.687306854941,2,2435.193309149437
1699171200000,2880.172987149683,2878.4321493894145,2,2435.193309149437
1699185600000,2879.016662122035,2877.376159328505,2,2435.193309149437
1699200000000,2873.085276630622,2871.183257936673,2,2435.193309149437
1699214400000,2875.9063573416333,2872.880570082934,2,2435.193309149437
1699228800000,2878.891601427836,2869.4748874262796,2,2435.193309149437
1699243200000,2879.211353980495,2876.1067132029757,2,2435.193309149437
1699257600000,2880.0607344074965,2875.5673137027825,2,2435.193309149437
1699272000000,2883.724067992341,2878.0875953431523,2,2435.193309149437
1699286400000,2883.5694591874876,2879.1336100724457,2,2435.193309149437
1699300800000,2884.654984324809,2878.983618391603,2,2435.193309149437
1699315200000,2886.5159569109064,2882.3203073246614,2,2435.193309149437
1699329600000,2885.433313679002,2881.5052541017853,2,2435.193309149437
1699344000000,2886.4220046393852,2883.2358374711685,2,2435.193309149437
1699358400000,2880.8089945114157,2878.4752889395027,2,2435.193309149437
1699372800000,2880.7929987009566,2877.235862779228,2,2435.193309149437
1699387200000,2891.020448443606,2877.6272932504307,2,2435.193309149437
1699401600000,2890.3365209214066,2887.37385822137,2,2435.193309149437
1699416000000,2891.1823866990903,2886.5447916570015,2,2435.193309149437
1699430400000,2892.5951869505384,2890.0229743490904,2,2435.193309149437
1699444800000,2894.7189597966435,2891.909176993669,2,2435.193309149437
1699459200000,2895.3928338423925,2892.2563271626377,2,2435.193309149437
1699473600000,2906.242700174862,2894.89876012764,2,2435.193309149437
1699488000000,2910.6637581407813,2904.069738537142,2,2435.193309149437
1699502400000,2914.1025286428653,2903.8058608878982,2,2435.193309149437
1699516800000,2914.98134671702,2912.7115471280044,2,2435.193309149437
1699531200000,2920.472119826808,2914.0215841576332,2,2435.193309149437
1699545600000,2925.8696953533013,2919.951180545801,2,2435.193309149437
1699560000000,2911.9023876822607,2897.5285402895183,2,2435.193309149437
1699574400000,2917.589333737538,2906.3799606528614,2,2435.193309149437
1699588800000,2915.1128395492083,2912.2150938728,2,2435.193309149437
1699603200000,2913.8651814921486,2910.839281391255,2,2435.193309149437
1699617600000,2922.1884578595086,2909.4279969241957,2,2435.193309149437
1699632000000,2925.551432832051,2916.9165770090276,2,2435.193309149437
1699646400000,2926.847694255789,2924.522396409639,2,2435.193309149437
1699660800000,2931.8002980248157,2923.9267451048645,2,2435.193309149437
1699675200000,2924.0537637529624,2922.3186952890546,2,2435.193309149437
1699689600000,2924.3340522335307,2920.6471181026836,2,2435.193309149437
1699704000000,2923.9934086701596,2921.168540148726,2,2435.193309149437
1699718400000,2937.0403556317733,2922.801829950424,2,2435.193309149437
1699732800000,2938.3384142778623,2932.327543251871,2,2435.193309149437
1699747200000,2939.755372262573,2929.9838994243933,2,2435.193309149437
1699761600000,2931.9817643739516,2925.32025427012,2,2435.193309149437
1699776000000,2937.446300571522,2928.9424340749415,2,2435.193309149437
1699790400000,2935.2211793392544,2932.896581155899,2,2435.193309149437
1699804800000,2934.7303963977347,2929.4474812855515,2,2435.193309149437
1699819200000,2937.6700098862475,2931.2582805204256,2,2435.193309149437
1699833600000,2934.757891601056,2931.8231175592214,2,2435.193309149437
1699848000000,2928.337885968567,2927.2974994040164,2,2435.193309149437
1699862400000,2926.6521240536053,2922.8639328128047,2,2435.193309149437
1699876800000,2923.753120498731,2920.7998446591596,2,2435.193309149437
1699891200000,2924.1655969717826,2915.0391475105525,2,2435.193309149437
1699905600000,2924.213502799473,2917.8925549102114,2,2435.193309149437
1699920000000,2913.0011296394114,2911.2710017286654,2,2435.193309149437
1699934400000,2915.589886909972,2907.528928195338,2,2435.193309149437
1699948800000,2919.360397960156,2914.337475099783,2,2435.193309149437
1699963200000,2910.576029859604,2909.5393895269235,2,2435.193309149437
1699977600000,2907.2648680908082,2902.3072867896994,2,2435.193309149437
1699992000000,2899.229129859264,2887.8897570806434,2,2435.193309149437
1700006400000,2900.529908441308,2897.0443746719825,2,2435.193309149437
1700020800000,2901.026090756348,2898.6095453194503,2,2435.193309149437
1700035200000,2907.0951128987836,2900.819176880581,2,2435.193309149437
1700049600000,2918.509186378099,2906.8331166120224,2,2435.193309149437
1700064000000,2917.5629005105175,2911.2776206060666,2,2435.193309149437
1700078400000,2930.187196937458,2914.496702679197,2,2435.193309149437
1700092800000,2932.445054709216,2926.1300127454338,2,2435.193309149437
1700107200000,2927.7704361562173,2924.9241780334646,2,2435.193309149437
1700121600000,2928.1007311034114,2923.5975183476417,2,2435.193309149437
1700136000000,2923.3989227297307,2921.2067746317753,2,2435.193309149437
1700150400000,2910.2699410536693,2906.73440097547,2,2435.193309149437
1700164800000,2904.816847512359,2896.2218049435573,2,2435.193309149437
1700179200000,2905.4474704037375,2899.024240346521,2,2435.193309149437
1700193600000,2909.6063093475914,2904.5995770590625,2,2435.193309149437
1700208000000,2905.417825276462,2903.999877659252,2,2435.193309149437
1700222400000,2903.1113074620444,2899.172490558587,2,2435.193309149437
1700236800000,2895.495837554633,2892.810497131864,2,2435.193309149437
1700251200000,2903.768781332018,2893.3343576759007,2,2435.193309149437
1700265600000,2908.037224758381,2902.519196559567,2,2435.193309149437
1700280000000,2902.8398425533787,2902.3344068030256,2,2435.193309149437
1700294400000,2902.7562394684246,2896.417494614243,2,2435.193309149437
1700308800000,2902.263904176234,2901.280669580857,2,2435.193309149437
1700323200000,2906.9704373460972,2899.6951640751618,2,2435.193309149437
1700337600000,2908.7296203595492,2906.1816994351575,2,2435.193309149437
1700352000000,2908.077650586184,2904.9280491886793,2,2435.193309149437
1700366400000,2911.0570994652935,2902.7112366994975,2,2435.193309149437
1700380800000,2913.6331248048677,2909.0998993776734,2,2435.193309149437
1700395200000,2911.294209705683,2909.3769483360834,2,2435.193309149437
1700409600000,2912.436129903012,2908.50951919129,2,2435.193309149437
1700424000000,2922.3259896296895,2911.4203374490726,2,2435.193309149437
1700438400000,2926.664258726814,2920.108599992429,2,2435.193309149437
1700452800000,2923.919334560316,2922.126658668596,2,2435.193309149437
1700467200000,2928.4556496885543,2922.9203031028605,2,2435.193309149437
1700481600000,2926.5171992194346,2925.0359016140583,2,2435.193309149437
1700496000000,2929.7338811691557,2917.8217747775675,2,2435.193309149437
1700510400000,2927.579254602327,2919.3575849396893,2,2435.193309149437
1700524800000,2923.3074627437227,2920.571266528172,2,2435.193309149437
1700539200000,2922.680447489041,2919.4181212398657,2,2435.193309149437
1700553600000,2918.2174543188644,2917.2763610122024,2,2435.193309149437
1700568000000,2917.8255141888662,2916.895061846778,2,2435.193309149437
1700582400000,2916.6876353631333,2905.124740166953,2,2435.193309149437
1700596800000,2914.162233821151,2905.77192986382,2,2435.193309149437
1700611200000,2896.6116517284504,2895.9774096224187,2,2435.193309149437
1700625600000,2908.3983849071224,2894.439143328428,2,2435.193309149437
1700640000000,2910.583798020894,2907.6202066119554,2,2435.193309149437
1700654400000,2910.7009638520926,2909.2867648454444,2,2435.193309149437
1700668800000,2911.8795980878294,2908.0422932511665,2,2435.193309149437
1700683200000,2921.8139211424173,2910.1634793315816,2,2435.193309149437
1700697600000,2920.3606146973925,2918.3409009135203,2,2435.193309149437
1700712000000,2921.302437606824,2918.2351139265224,2,2435.193309149437
1700726400000,2923.1025135452946,2920.621188284276,2,2435.193309149437
1700740800000,2921.295280210813,2918.510887214839,2,2435.193309149437
1700755200000,2915.4099404350873,2914.5481250251287,2,2435.193309149437
1700769600000,2922.2002301585903,2914.9262028726594,2,2435.193309149437
1700784000000,2921.1066632862376,2919.945130697373,2,2435.193309149437
1700798400000,2920.984822514267,2920.0012706427888,2,2435.193309149437
1700812800000,2922.9968840858783,2919.319704614529,2,2435.193309149437
1700827200000,2925.427699119641,2921.7568176329873,2,2435.193309149437
1700841600000,2931.4764406040063,2923.1004403705097,2,2435.193309149437
1700856000000,2925.457532855253,2922.9400733374828,2,2435.193309149437
1700870400000,2925.8140162549194,2922.410195676323,2,2435.193309149437
1700884800000,2929.2371467914945,2924.436955822315,2,2435.193309149437
1700899200000,2929.151845466866,2927.2904263665105,2,2435.193309149437
1700913600000,2927.886568555424,2926.2005917087567,2,2435.193309149437
1700928000000,2928.7174042104716,2926.595015689659,2,2435.193309149437
1700942400000,2928.950902372285,2927.8130346147395,2,2435.193309149437
1700956800000,2929.1539015781664,2927.611780967498,2,2435.193309149437
1700971200000,2928.774393482043,2926.7148712013336,2,2435.193309149437
1700985600000,2932.605606831106,2928.373210159644,2,2435.193309149437
1701000000000,2932.395217505881,2931.0661418710765,2,2435.193309149437
1701014400000,2926.4110109739568,2924.0568923989817,2,2435.193309149437
1701028800000,2924.5618257843703,2919.4373961849797,2,2435.193309149437
1701043200000,2926.099261369107,2923.017219356743,2,2435.193309149437
1701057600000,2924.040256295907,2921.822850420437,2,2435.193309149437
1701072000000,2922.1293289068954,2918.2563865957854,2,2435.193309149437
1701086400000,2917.2627641843724,2915.3894207428816,2,2435.193309149437
1701100800000,2913.055495481878,2912.371794784847,2,2435.193309149437
1701115200000,2913.0023137784115,2910.6285177013096,2,2435.193309149437
1701129600000,2918.5706920433227,2911.470821668464,2,2435.193309149437
1701144000000,2917.103164303425,2916.7546531834496,2,2435.193309149437
1701158400000,2915.34303241075,2911.0109705925015,2,2435.193309149437
1701172800000,2919.7384388893884,2912.990233050476,2,2435.193309149437
1701187200000,2923.0320574121924,2917.449345580604,2,2435.193309149437
1701201600000,2930.5427774418226,2922.459547007789,2,2435.193309149437
1701216000000,2927.16995130293,2925.0595300974696,2,2435.193309149437
1701230400000,2929.502187426391,2925.017678778459,2,2435.193309149437
1701244800000,2931.4470680674453,2927.732428971594,2,2435.193309149437
1701259200000,2931.967324494258,2928.690787605759,2,2435.193309149437
1701273600000,2927.9012611345074,2923.452683292447,2,2435.193309149437
1701288000000,2928.886819832267,2924.534945120686,2,2435.193309149437
1701302400000,2927.404967215187,2924.329688731316,2,2435.193309149437
1701316800000,2930.4970310528565,2924.158865567693,2,2435.193309149437
1701331200000,2926.1048122749107,2925.5250372149617,2,2435.193309149437
1701345600000,2930.1237855159256,2922.388307484397,2,2435.193309149437
1701360000000,2924.080306775962,2922.2982904657183,2,2435.193309149437
1701374400000,2924.700236468665,2922.516454930558,2,2435.193309149437
1701388800000,2925.231216604518,2922.7203188755307,2,2435.193309149437
1701403200000,2930.1825482229233,2922.859525511098,2,2435.193309149437
1701417600000,2933.1549087487238,2929.3238153779316,2,2435.193309149437
1701432000000,2936.944365732211,2932.6326674742527,2,2435.193309149437
1701446400000,2936.726562913355,2932.524245832211,2,2435.193309149437
1701460800000,2940.1303492072293,2935.807653508736,2,2435.193309149437
1701475200000,2939.7187474006764,2938.448611855264,2,2435.193309149437
1701489600000,2944.0409710868166,2938.6694353324633,2,2435.193309149437
1701504000000,2947.201117099796,2942.417166145233,2,2435.193309149437
1701518400000,2946.629060345727,2945.4141770449896,2,2435.193309149437
1701532800000,2949.1955266124637,2945.928911583566,2,2435.193309149437
1701547200000,2957.4133336815653,2946.6860361704184,2,2435.193309149437
1701561600000,2956.588865053915,2954.311344780327,2,2435.193309149437
1701576000000,2955.5288593743885,2953.2131560265784,2,2435.193309149437
1701590400000,2959.588628366048,2954.161904907221,2,2435.193309149437
1701604800000,2956.909837838599,2955.1317041344587,2,2435.193309149437
1701619200000,2957.9243662610215,2953.677613316117,2,2435.193309149437
1701633600000,2956.381476119581,2953.896529520101,2,2435.193309149437
1701648000000,2958.648812598403,2954.378212937283,2,2435.193309149437
1701662400000,2967.4261000521133,2957.9016380028247,2,2435.193309149437
1701676800000,2975.874318943704,2967.315998374662,2,2435.193309149437
1701691200000,2972.945737908591,2965.659408397332,2,2435.193309149437
1701705600000,2968.3019670810177,2966.4968912192053,2,2435.193309149437
1701720000000,2976.80106472704,2967.1972634448134,2,2435.193309149437
1701734400000,2978.437614063462,2973.0171359425913,2,2435.193309149437
1701748800000,2975.350651097866,2972.461184066817,2,2435.193309149437
1701763200000,2969.374223067276,2967.2097587809776,2,2435.193309149437
1701777600000,2971.21308513878,2966.9743495715925,2,2435.193309149437
1701792000000,2978.303463517448,2970.2165381026184,2,2435.193309149437
1701806400000,2994.314883399181,2975.7922346528417,2,2435.193309149437
1701820800000,2996.951684995474,2987.995575204689,2,2435.193309149437
1701835200000,2993.5880274236206,2991.064593350307,2,2435.193309149437
1701849600000,2992.4124933867256,2987.432079359216,2,2435.193309149437
1701864000000,2993.0512158298975,2986.2772821671715,2,2435.193309149437
1701878400000,2992.452807355363,2990.912668230633,2,2435.193309149437
1701892800000,2996.4493393588023,2991.4789796330183,2,2435.193309149437
1701907200000,2989.594774299951,2987.7424414348056,2,2435.193309149437
1701921600000,2993.059285854354,2988.9309908067044,2,2435.193309149437
1701936000000,2993.6417567478297,2992.0034656271255,2,2435.193309149437
1701950400000,2982.6397314315723,2977.758591887297,2,2435.193309149437
1701964800000,2988.2823820871854,2976.177842828928,2,2435.193309149437
1701979200000,2983.9970272728356,2981.9508556497435,2,2435.193309149437
1701993600000,2989.1549084268268,2982.2577355524354,2,2435.193309149437
1702008000000,2991.2105558079,2987.6749387256464,2,2435.193309149437
1702022400000,2990.266098498309,2988.1165439437386,2,2435.193309149437
1702036800000,2999.9179034501217,2989.2741072499234,2,2435.193309149437
1702051200000,3003.406110916599,2996.97678870426,2,2435.193309149437
1702065600000,3005.9599644053455,3000.767123145575,2,2435.193309149437
1702080000000,3009.463817104486,3005.4650825303515,2,2435.193309149437
1702094400000,3008.5881686845123,3005.641983322057,2,2435.193309149437
1702108800000,3012.1015367541313,3008.0779048105533,2,2435.193309149437
1702123200000,3006.656464935285,3001.7063814256912,2,2435.193309149437
1702137600000,3005.4035222158222,2999.0338951937406,2,2435.193309149437
1702152000000,3003.6134297280723,3000.4596678059747,2,2435.193309149437
1702166400000,2998.143983075067,2995.2669284779636,2,2435.193309149437
1702180800000,3001.0066375992365,2997.738404696439,2,2435.193309149437
1702195200000,3001.645811726689,2998.977628546614,2,2435.193309149437
1702209600000,2995.789524420093,2993.1955121115984,2,2435.193309149437
1702224000000,2999.2879245285844,2995.4507522917975,2,2435.193309149437
1702238400000,2999.0549603828804,2996.104509202353,2,2435.193309149437
1702252800000,3000.5079625860462,2996.66834037044,2,2435.193309149437
1702267200000,2974.475409324769,2943.940142153214,2,2435.193309149437
1702281600000,2970.5222263782157,2964.803962138578,2,2435.193309149437
1702296000000,2974.271029155315,2967.763873567019,2,2435.193309149437
1702310400000,2966.7009001307742,2963.548855477891,2,2435.193309149437
1702324800000,2955.1819102410964,2946.460308257192,2,2435.193309149437
1702339200000,2961.449345861663,2952.336878916056,2,2435.193309149437
1702353600000,2967.9798687628595,2960.6840847440985,2,2435.193309149437
1702368000000,2970.242113313988,2961.861433382334,2,2435.193309149437
1702382400000,2964.824395154207,2964.132159871949,2,2435.193309149437
1702396800000,2961.1145683563896,2958.613000909017,2,2435.193309149437
1702411200000,2956.845901053942,2950.3431696365737,2,2435.193309149437
1702425600000,2961.2905073923826,2953.684937620836,2,2435.193309149437
1702440000000,2950.8369448498797,2946.611354268489,2,2435.193309149437
1702454400000,2954.7525003043042,2946.8097733292793,2,2435.193309149437
1702468800000,2952.7071158458593,2951.9571577571505,2,2435.193309149437
1702483200000,2965.845592054556,2952.3597942897923,2,2435.193309149437
1702497600000,2975.4072716479977,2961.7623973628447,2,2435.193309149437
1702512000000,2976.4665859415863,2972.6184764597183,2,2435.193309149437
1702526400000,2974.7738559064715,2973.4532349037563,2,2435.193309149437
1702540800000,2977.5208959670863,2973.311209919946,2,2435.193309149437
1702555200000,2985.0714880507276,2974.789209616012,2,2435.193309149437
1702569600000,2973.5408395900577,2957.3956382598767,2,2435.193309149437
1702584000000,2983.4855924518715,2973.298250435649,2,2435.193309149437
1702598400000,2983.711154014379,2979.932803697016,2,2435.193309149437
1702612800000,2978.0490251205247,2974.6812256409808,2,2435.193309149437
1702627200000,2975.9938969130158,2974.013667784192,2,2435.193309149437
1702641600000,2978.339676076787,2975.222027670731,2,2435.193309149437
1702656000000,2967.598676031694,2964.056846913179,2,2435.193309149437
1702670400000,2969.2816163944462,2964.675796075515,2,2435.193309149437
1702684800000,2963.1001761786442,2962.4645956706186,2,2435.193309149437
1702699200000,2968.9071208432697,2958.0954033974317,2,2435.193309149437
1702713600000,2967.264273364399,2966.2129352826123,2,2435.193309149437
1702728000000,2969.4144040840206,2965.7112117342917,2,2435.193309149437
1702742400000,2972.832190842898,2967.850842208321,2,2435.193309149437
1702756800000,2967.9965613476516,2967.0578792325864,2,2435.193309149437
1702771200000,2966.613750235588,2964.7248252763616,2,2435.193309149437
1702785600000,2962.0899315236734,2960.823540244077,2,2435.193309149437
1702800000000,2960.291796445885,2958.9046596049125,1,2571.458660630968
1702814400000,2960.972423267445,2958.199509494013,1,2571.458660630968
1702828800000,2959.5920467212654,2956.794440267183,1,2571.458660630968
1702843200000,2962.3262505404427,2958.409582938802,1,2571.458660630968
1702857600000,2955.537991272392,2954.399435903267,1,2571.458660630968
1702872000000,2952.90413627947,2950.21281974774,1,2571.458660630968
1702886400000,2953.2299682685148,2952.0508463526053,1,2571.458660630968
1702900800000,2953.035954349112,2947.8171655764386,1,2571.458660630968
1702915200000,2954.5290260618726,2951.0204374983628,1,2571.458660630968
1702929600000,2958.5684144297575,2953.423146721279,1,2571.458660630968
1702944000000,2967.4494247978128,2957.4119429427165,1,2571.458660630968
1702958400000,2971.3891141468275,2966.612937033346,1,2571.458660630968
1702972800000,2970.961726546383,2968.91121292644,1,2571.458660630968
1702987200000,2970.4042846392003,2970.0876427831804,1,2571.458660630968
1703001600000,2965.862595162279,2963.4967393010866,1,2571.458660630968
1703016000000,2964.5174938741725,2959.5895403213494,1,2571.458660630968
1703030400000,2963.9050968280967,2962.4674444023617,1,2571.458660630968
1703044800000,2965.239615538781,2963.2553822721648,1,2571.458660630968
1703059200000,2969.922684536875,2964.8348783672045,1,2571.458660630968
1703073600000,2969.3676561999814,2967.609091755407,1,2571.458660630968
1703088000000,2980.1615138518678,2968.373265240824,1,2571.458660630968
1703102400000,2977.4769738828727,2975.137574465235,1,2571.458660630968
1703116800000,2976.835706822953,2972.762714130272,1,2571.458660630968
1703131200000,2976.6541320735023,2973.2876656681765,1,2571.458660630968
1703145600000,2977.7228795634933,2974.8167552760224,1,2571.458660630968
1703160000000,2979.274062622448,2976.002932243546,1,2571.458660630968
1703174400000,2978.2751230115914,2974.1535804242467,1,2571.458660630968
1703188800000,2976.091863025741,2974.0644639827988,1,2571.458660630968
1703203200000,2978.6261118294196,2975.768908755119,1,2571.458660630968
1703217600000,2979.983280968972,2977.332623813652,1,2571.458660630968
1703232000000,2976.050739501198,2975.5875196649213,1,2571.458660630968
1703246400000,2977.6248514779004,2974.9240663242663,1,2571.458660630968
1703260800000,2976.855850851905,2974.4556480289048,1,2571.458660630968
1703275200000,2976.5744842539584,2975.092459266752,1,2571.458660630968
1703289600000,2979.6216167440953,2976.3577270760616,1,2571.458660630968
1703304000000,2975.5128846452085,2974.85908558571,1,2571.458660630968
1703318400000,2975.8460501747472,2973.328325044587,1,2571.458660630968
1703332800000,2975.7110758978038,2975.174799145465,1,2571.458660630968
1703347200000,2977.6462022919973,2975.710983068177,1,2571.458660630968
1703361600000,2977.159496560214,2977.0779921481394,1,2571.458660630968
1703376000000,2977.14417967184,2976.500034893498,1,2571.458660630968
1703390400000,2978.372501289799,2976.253200916613,1,2571.458660630968
1703404800000,2976.670841406274,2974.3485226399143,1,2571.458660630968
1703419200000,2976.5133095300894,2974.385654490518,1,2571.458660630968
1703433600000,2976.940604300907,2975.8313830937586,1,2571.458660630968
1703448000000,2976.3635753425315,2975.7316840748886,1,2571.458660630968
1703462400000,2970.547149434397,2965.9845732915105,1,2571.458660630968
1703476800000,2972.044305650724,2968.0308167486346,1,2571.458660630968
1703491200000,2972.5583032927007,2971.5685538148687,1,2571.458660630968
1703505600000,2972.2144623561135,2971.0477796101563,1,2571.458660630968
1703520000000,2976.3629255351457,2971.3687844586225,1,2571.458660630968
1703534400000,2975.028499654088,2973.817815665166,1,2571.458660630968
1703548800000,2975.9742478889552,2973.6721659811747,1,2571.458660630968
1703563200000,2974.8169409352754,2973.988622177941,1,2571.458660630968
1703577600000,2968.5292190133578,2966.4023066107984,1,2571.458660630968
1703592000000,2967.7070270113736,2962.735536363718,1,2571.458660630968
1703606400000,2964.977371843895,2963.6638326288016,1,2571.458660630968
1703620800000,2962.355956020925,2957.9789463014295,1,2571.458660630968
1703635200000,2966.067470147983,2961.8536549118885,1,2571.458660630968
1703649600000,2960.6623660824116,2957.6805175145887,2,2466.824737691902
1703664000000,2963.838511837163,2959.9545760357482,2,2466.824737691902
1703678400000,2975.1739104615103,2962.8614126850603,2,2466.824737691902
1703692800000,2975.1327407225654,2970.3020144416914,2,2466.824737691902
1703707200000,2977.0609515099954,2972.0712080789126,2,2466.824737691902
1703721600000,2983.7153066471556,2976.229213194066,2,2466.824737691902
1703736000000,2984.1923636780743,2981.1199492502424,2,2466.824737691902
1703750400000,2980.085467053017,2976.419247802581,2,2466.824737691902
1703764800000,2984.4322840523105,2978.266635462961,2,2466.824737691902
1703779200000,2976.311098112343,2974.1739063161203,2,2466.824737691902
1703793600000,2978.3308648088573,2973.7838111298306,2,2466.824737691902
1703808000000,2975.1582868132004,2972.5783913298037,2,2466.824737691902
1703822400000,2975.837531148478,2968.188446012939,2,2466.824737691902
1703836800000,2969.198514419215,2968.3007897772463,2,2466.824737691902
1703851200000,2976.2423810659134,2968.9056935209214,2,2466.824737691902
1703865600000,2968.6161113006174,2966.2823481920273,2,2466.824737691902
1703880000000,2968.05852039129,2961.587144009385,2,2466.824737691902
1703894400000,2967.4229828708667,2957.9520645204075,2,2466.824737691902
1703908800000,2967.321169889288,2964.6041335698997,2,2466.824737691902
1703923200000,2967.8902417979534,2966.6119049275394,2,2466.824737691902
1703937600000,2966.8699665105855,2962.1027878897607,2,2466.824737691902
1703952000000,2972.036967111429,2966.1338271715513,2,2466.824737691902
1703966400000,2971.031214280729,2969.765265587218,2,2466.824737691902
1703980800000,2969.296924983898,2967.5438470445806,2,2466.824737691902
1703995200000,2970.5409766453145,2967.4319415310592,2,2466.824737691902
1704009600000,2974.9458978072184,2970.04029985433,2,2466.824737691902
1704024000000,2973.0873857292427,2971.632085315532,2,2466.824737691902
1704038400000,2971.7472761222675,2970.6376628787357,2,2466.824737691902
1704052800000,2973.425383178006,2971.4498344605263,2,2466.824737691902
1704067200000,2968.0144876347363,2965.110363397598,0,2968.0144876347363
