time,equity,adverse_equity,positions,cash
1735704000000,3000.0,3000.0,0,3000.0
1735718400000,3000.0,3000.0,0,3000.0
1735732800000,3000.0,3000.0,0,3000.0
1735747200000,3000.0,3000.0,0,3000.0
1735761600000,3000.0,3000.0,0,3000.0
1735776000000,3000.0,3000.0,0,3000.0
1735790400000,3000.0,3000.0,0,3000.0
1735804800000,3000.0,3000.0,0,3000.0
1735819200000,3000.0,3000.0,0,3000.0
1735833600000,3000.0,3000.0,0,3000.0
1735848000000,3000.0,3000.0,0,3000.0
1735862400000,3000.0,3000.0,0,3000.0
1735876800000,3000.0,3000.0,0,3000.0
1735891200000,3000.0,3000.0,0,3000.0
1735905600000,3000.0,3000.0,0,3000.0
1735920000000,3000.0,3000.0,0,3000.0
1735934400000,3000.0,3000.0,0,3000.0
1735948800000,3000.0,3000.0,0,3000.0
1735963200000,3000.0,3000.0,0,3000.0
1735977600000,3000.0,3000.0,0,3000.0
1735992000000,3000.0,3000.0,0,3000.0
1736006400000,3000.0,3000.0,0,3000.0
1736020800000,3000.0,3000.0,0,3000.0
1736035200000,3000.0,3000.0,0,3000.0
1736049600000,3000.0,3000.0,0,3000.0
1736064000000,3000.0,3000.0,0,3000.0
1736078400000,3000.0,3000.0,0,3000.0
1736092800000,3000.0,3000.0,0,3000.0
1736107200000,3000.0,3000.0,0,3000.0
1736121600000,3000.0,3000.0,0,3000.0
1736136000000,3000.0,3000.0,0,3000.0
1736150400000,3000.0,3000.0,0,3000.0
1736164800000,3000.0,3000.0,0,3000.0
1736179200000,3000.0,3000.0,0,3000.0
1736193600000,3000.0,3000.0,0,3000.0
1736208000000,3000.0,3000.0,0,3000.0
1736222400000,3000.0,3000.0,0,3000.0
1736236800000,3000.0,3000.0,0,3000.0
1736251200000,3000.0,3000.0,0,3000.0
1736265600000,3000.0,3000.0,0,3000.0
1736280000000,3000.0,3000.0,0,3000.0
1736294400000,3000.0,3000.0,0,3000.0
1736308800000,3000.0,3000.0,0,3000.0
1736323200000,3000.0,3000.0,0,3000.0
1736337600000,3000.0,3000.0,0,3000.0
1736352000000,3000.0,3000.0,0,3000.0
1736366400000,3000.0,3000.0,0,3000.0
1736380800000,3000.0,3000.0,0,3000.0
1736395200000,3000.0,3000.0,0,3000.0
1736409600000,3000.0,3000.0,0,3000.0
1736424000000,3000.0,3000.0,0,3000.0
1736438400000,3000.0,3000.0,0,3000.0
1736452800000,3000.0,3000.0,0,3000.0
1736467200000,3000.0,3000.0,0,3000.0
1736481600000,3000.0,3000.0,0,3000.0
1736496000000,3000.0,3000.0,0,3000.0
1736510400000,3000.0,3000.0,0,3000.0
1736524800000,3000.0,3000.0,0,3000.0
1736539200000,3000.0,3000.0,0,3000.0
1736553600000,3000.0,3000.0,0,3000.0
1736568000000,3000.0,3000.0,0,3000.0
1736582400000,3000.0,3000.0,0,3000.0
1736596800000,3000.0,3000.0,0,3000.0
1736611200000,3000.0,3000.0,0,3000.0
1736625600000,3000.0,3000.0,0,3000.0
1736640000000,3000.0,3000.0,0,3000.0
1736654400000,2999.1808794160775,2998.482386321845,1,2950.0
1736668800000,2999.18668406783,2998.590739821227,1,2950.0
1736683200000,2998.2676142069977,2997.7916327632825,1,2950.0
1736697600000,2998.8171212395796,2998.118628145347,1,2950.0
1736712000000,2999.3143864063877,2998.675874713599,1,2950.0
1736726400000,2998.461102598752,2998.076060699161,1,2950.0
1736740800000,2998.468842134422,2998.269549090915,1,2950.0
1736755200000,2997.6426467016317,2997.2963024803917,1,2950.0
1736769600000,2995.254999947385,2995.1814743585182,1,2950.0
1736784000000,2997.721976942251,2995.076990626971,1,2950.0
1736798400000,2997.6639304247246,2996.911260580801,1,2950.0
1736812800000,2998.8209910074147,2997.408525747609,1,2950.0
1736827200000,2999.018349167004,2998.668135177929,1,2950.0
1736841600000,2998.6778095975164,2998.6158933121555,1,2950.0
1736856000000,2999.829065528454,2998.6778095975164,1,2950.0
1736870400000,2999.908395769073,2999.275688728037,1,2950.0
1736884800000,3001.5395029115607,2999.378237575667,1,2950.0
1736899200000,3001.6091587325923,3001.0364330929997,1,2950.0
1736913600000,3007.705393790384,3000.771015090759,1,2900.0
1736928000000,3008.7704656696455,3005.845321829815,1,2900.0
1736942400000,3005.0313026078074,3003.110369396996,1,2900.0
1736956800000,3012.988911077152,3003.6999627587297,1,2900.0
1736971200000,3012.0569731827973,3009.2307288746124,1,2900.0
1736985600000,3019.550514619035,3011.6271406029523,1,2900.0
1737000000000,3016.246307795468,3009.78408427097,2,2850.0
1737014400000,3018.334519438462,3015.827102945608,2,2850.0
1737028800000,3022.2230384890036,3014.75702806597,2,2850.0
1737043200000,3029.757452750622,3019.5718007310675,2,2850.0
1737057600000,3031.7902603300304,3028.655889317121,2,2850.0
1737072000000,3026.4636934488008,3022.5392782737963,2,2850.0
1737086400000,3032.8764450643607,3026.4232263671292,2,2850.0
1737100800000,3034.413807844495,3031.412331254328,2,2850.0
1737115200000,3033.897536833483,3030.303596364054,2,2850.0
1737129600000,3029.1831162648646,3027.504060546156,2,2850.0
1737144000000,3031.0339826044833,3028.0557139451594,2,2850.0
1737158400000,3033.638418177324,3030.1311390758624,2,2850.0
1737172800000,3026.241775940789,3023.1148630689536,5,2700.0
1737187200000,3015.9539679836853,3011.4071182144844,5,2700.0
1737201600000,3021.2330122861495,3011.2955733295157,5,2700.0
1737216000000,3020.282940339444,3017.9195664973317,5,2700.0
1737230400000,3020.9909973246677,3014.045407137242,5,2700.0
1737244800000,3023.393679632318,3016.448429007903,5,2700.0
1737259200000,3020.973498199102,3018.1961858700256,6,2650.0
1737273600000,3017.6810460610377,3012.1296858788014,6,2650.0
1737288000000,3009.3259646197503,3001.496949705106,4,2739.622241384099
1737302400000,3014.1049952324397,3004.7471282575502,4,2739.622241384099
1737316800000,3017.2280462632452,3010.9058114940503,4,2739.622241384099
1737331200000,2996.2747144013747,2987.261567650056,3,2787.1626383670946
1737345600000,3000.3230254071213,2989.158015973512,3,2787.1626383670946
1737360000000,3010.0681578694553,2998.223423284578,3,2787.1626383670946
1737374400000,3015.122728152145,3008.955245816846,3,2787.1626383670946
1737388800000,3010.237339275653,3006.772828507146,3,2787.1626383670946
1737403200000,3003.5819283150104,2993.4949993079845,3,2787.1626383670946
1737417600000,3000.3491548598868,2996.9698100135465,3,2787.1626383670946
1737432000000,2999.78051504557,2995.817461545729,3,2787.1626383670946
1737446400000,2997.8395486363356,2993.9457401602285,3,2787.1626383670946
1737460800000,3000.767899646629,2996.5432446238156,3,2787.1626383670946
1737475200000,3001.5374215943993,2998.3645451548973,3,2787.1626383670946
1737489600000,3008.402208464322,3001.1275095320393,3,2787.1626383670946
1737504000000,3006.3639821962997,3004.0351371806205,3,2787.1626383670946
1737518400000,3006.9369237905576,3005.3082618061226,3,2787.1626383670946
1737532800000,3007.3067927656316,3005.283887802466,3,2787.1626383670946
1737547200000,3009.5983989618703,3004.774612668976,3,2787.1626383670946
1737561600000,3006.3274677132626,3005.1664348342633,3,2787.1626383670946
1737576000000,3010.402774778692,3003.664826304789,3,2787.1626383670946
1737590400000,3006.781636781325,3005.309528655253,3,2787.1626383670946
1737604800000,3003.493068436798,3001.465428784776,3,2787.1626383670946
1737619200000,3002.8972899710034,3000.3582113654916,3,2787.1626383670946
1737633600000,2999.814040282603,2998.262263179008,3,2787.1626383670946
1737648000000,3004.2951912894005,2997.297732677771,3,2787.1626383670946
1737662400000,3000.998704394429,2999.7581302406015,3,2787.1626383670946
1737676800000,3003.7539290001682,2998.7912564897965,3,2787.1626383670946
1737691200000,3003.665057468324,2999.620070111554,3,2787.1626383670946
1737705600000,3007.321056361082,3002.963270980062,3,2787.1626383670946
1737720000000,3010.0567337766015,3007.1017140887025,3,2787.1626383670946
1737734400000,3008.1710663679423,3005.9915382381496,3,2787.1626383670946
1737748800000,3007.2030806674334,3006.472014053518,3,2787.1626383670946
1737763200000,3003.559587459737,3002.5531034528403,3,2787.1626383670946
1737777600000,3004.838723848004,3002.141972639679,3,2787.1626383670946
1737792000000,3002.461542078022,3001.663414404404,3,2787.1626383670946
1737806400000,3003.334361073704,3000.9979503062987,3,2787.1626383670946
1737820800000,3005.168395207228,3002.4704508428567,3,2787.1626383670946
1737835200000,3005.5523579974747,3003.69847330324,3,2787.1626383670946
1737849600000,3004.348916689978,3004.0087620620193,3,2787.1626383670946
1737864000000,3005.9095834508234,3003.5798178990826,3,2787.1626383670946
1737878400000,3006.2460174467083,3005.1519242209233,3,2787.1626383670946
1737892800000,3005.075541776919,3003.6025015277014,3,2787.1626383670946
1737907200000,3004.3838157036953,3003.896151441267,3,2787.1626383670946
1737921600000,3005.3594101692206,3003.891368337215,3,2787.1626383670946
1737936000000,2997.0428125680373,2996.5500602744623,3,2787.1626383670946
1737950400000,2994.892538432082,2991.639942209481,3,2787.1626383670946
1737964800000,2984.150899732117,2977.210731758631,2,2833.9551661038477
1737979200000,2983.0057813257895,2978.6499076081177,2,2833.9551661038477
1737993600000,2990.882379825299,2981.8910480549316,2,2833.9551661038477
1738008000000,2987.9774519506323,2986.0087127837373,2,2833.9551661038477
1738022400000,2994.867011437555,2987.945114466913,2,2833.9551661038477
1738036800000,2996.453385775014,2992.6549044043136,2,2833.9551661038477
1738051200000,2997.5015431532684,2996.3335622218806,2,2833.9551661038477
1738065600000,2998.6179182560554,2995.576467908642,2,2833.9551661038477
1738080000000,3000.3257619341985,2996.928573554331,2,2833.9551661038477
1738094400000,2997.4799743654085,2996.5345361694276,2,2833.9551661038477
1738108800000,2993.453114970472,2991.358904853657,2,2833.9551661038477
1738123200000,2995.2717542283667,2993.3218561991866,2,2833.9551661038477
1738137600000,2996.7118206181,2994.5888315971465,2,2833.9551661038477
1738152000000,2995.513375438804,2994.571745026585,2,2833.9551661038477
1738166400000,2994.0009987359986,2992.0455937346096,2,2833.9551661038477
1738180800000,2994.918045678789,2989.190487454226,2,2833.9551661038477
1738195200000,2994.0846592213516,2992.7703822091034,2,2833.9551661038477
1738209600000,2998.4108064146035,2993.0080453221453,2,2833.9551661038477
1738224000000,2997.6575159295057,2996.9041898438095,2,2833.9551661038477
1738238400000,2997.9564002543857,2997.0278943597114,2,2833.9551661038477
1738252800000,2998.5231034017056,2996.719893059956,2,2833.9551661038477
1738267200000,2998.8958825150694,2997.2657038307643,2,2833.9551661038477
1738281600000,2998.271775828728,2997.7639637831026,2,2833.9551661038477
1738296000000,2996.5027623618316,2995.825599862623,2,2833.9551661038477
1738310400000,2995.9473816974382,2995.435686711235,2,2833.9551661038477
1738324800000,2997.242884817544,2994.8707460423116,2,2833.9551661038477
1738339200000,2997.518793882139,2995.669733888178,2,2833.9551661038477
1738353600000,2993.1871891619526,2992.4130755237256,2,2833.9551661038477
1738368000000,2993.5467745343885,2991.6159826695916,2,2833.9551661038477
1738382400000,2993.6475453240346,2992.9532626314785,2,2833.9551661038477
1738396800000,2993.1415590467577,2992.8866353157905,2,2833.9551661038477
1738411200000,2991.2755271952706,2989.0995575182665,2,2833.9551661038477
1738425600000,2990.136109586626,2988.9738868094387,2,2833.9551661038477
1738440000000,2987.938940972411,2986.578984399694,2,2833.9551661038477
1738454400000,2983.9592744121605,2982.013587640178,2,2833.9551661038477
1738468800000,2982.16405847928,2981.9168096501658,1,2874.3711766416714
1738483200000,2983.989895986587,2981.719010586874,1,2874.3711766416714
1738497600000,2980.3876707377963,2980.205086987066,1,2874.3711766416714
1738512000000,2981.2815703507486,2978.310780573235,1,2874.3711766416714
1738526400000,2972.494433965876,2969.47068397536,0,2972.494433965876
1738540800000,2972.494433965876,2972.494433965876,0,2972.494433965876
1738555200000,2972.494433965876,2972.494433965876,0,2972.494433965876
1738569600000,2972.494433965876,2972.494433965876,0,2972.494433965876
1738584000000,2972.494433965876,2972.494433965876,0,2972.494433965876
1738598400000,2972.494433965876,2972.494433965876,0,2972.494433965876
1738612800000,2972.494433965876,2972.494433965876,0,2972.494433965876
1738627200000,2972.494433965876,2972.494433965876,0,2972.494433965876
1738641600000,2972.494433965876,2972.494433965876,0,2972.494433965876
1738656000000,2972.494433965876,2972.494433965876,0,2972.494433965876
1738670400000,2972.494433965876,2972.494433965876,0,2972.494433965876
1738684800000,2972.494433965876,2972.494433965876,0,2972.494433965876
1738699200000,2972.494433965876,2972.494433965876,0,2972.494433965876
1738713600000,2972.494433965876,2972.494433965876,0,2972.494433965876
1738728000000,2972.494433965876,2972.494433965876,0,2972.494433965876
1738742400000,2972.494433965876,2972.494433965876,0,2972.494433965876
1738756800000,2972.494433965876,2972.494433965876,0,2972.494433965876
1738771200000,2972.494433965876,2972.494433965876,0,2972.494433965876
1738785600000,2972.494433965876,2972.494433965876,0,2972.494433965876
1738800000000,2972.494433965876,2972.494433965876,0,2972.494433965876
1738814400000,2972.494433965876,2972.494433965876,0,2972.494433965876
1738828800000,2972.494433965876,2972.494433965876,0,2972.494433965876
1738843200000,2972.494433965876,2972.494433965876,0,2972.494433965876
1738857600000,2972.494433965876,2972.494433965876,0,2972.494433965876
1738872000000,2972.494433965876,2972.494433965876,0,2972.494433965876
1738886400000,2972.494433965876,2972.494433965876,0,2972.494433965876
1738900800000,2972.494433965876,2972.494433965876,0,2972.494433965876
1738915200000,2972.494433965876,2972.494433965876,0,2972.494433965876
1738929600000,2972.494433965876,2972.494433965876,0,2972.494433965876
1738944000000,2972.494433965876,2972.494433965876,0,2972.494433965876
1738958400000,2972.494433965876,2972.494433965876,0,2972.494433965876
1738972800000,2972.494433965876,2972.494433965876,0,2972.494433965876
1738987200000,2972.494433965876,2972.494433965876,0,2972.494433965876
1739001600000,2972.494433965876,2972.494433965876,0,2972.494433965876
1739016000000,2972.494433965876,2972.494433965876,0,2972.494433965876
1739030400000,2972.494433965876,2972.494433965876,0,2972.494433965876
1739044800000,2972.494433965876,2972.494433965876,0,2972.494433965876
1739059200000,2972.494433965876,2972.494433965876,0,2972.494433965876
1739073600000,2972.494433965876,2972.494433965876,0,2972.494433965876
1739088000000,2972.494433965876,2972.494433965876,0,2972.494433965876
1739102400000,2972.494433965876,2972.494433965876,0,2972.494433965876
1739116800000,2972.494433965876,2972.494433965876,0,2972.494433965876
1739131200000,2972.494433965876,2972.494433965876,0,2972.494433965876
1739145600000,2972.494433965876,2972.494433965876,0,2972.494433965876
1739160000000,2972.494433965876,2972.494433965876,0,2972.494433965876
1739174400000,2972.494433965876,2972.494433965876,0,2972.494433965876
1739188800000,2972.494433965876,2972.494433965876,0,2972.494433965876
1739203200000,2972.494433965876,2972.494433965876,0,2972.494433965876
1739217600000,2972.494433965876,2972.494433965876,0,2972.494433965876
1739232000000,2972.494433965876,2972.494433965876,0,2972.494433965876
1739246400000,2972.494433965876,2972.494433965876,0,2972.494433965876
1739260800000,2972.494433965876,2972.494433965876,0,2972.494433965876
1739275200000,2972.494433965876,2972.494433965876,0,2972.494433965876
1739289600000,2972.494433965876,2972.494433965876,0,2972.494433965876
1739304000000,2972.494433965876,2972.494433965876,0,2972.494433965876
1739318400000,2972.494433965876,2972.494433965876,0,2972.494433965876
1739332800000,2972.494433965876,2972.494433965876,0,2972.494433965876
1739347200000,2972.494433965876,2972.494433965876,0,2972.494433965876
1739361600000,2972.494433965876,2972.494433965876,0,2972.494433965876
1739376000000,2972.494433965876,2972.494433965876,0,2972.494433965876
1739390400000,2972.494433965876,2972.494433965876,0,2972.494433965876
1739404800000,2972.494433965876,2972.494433965876,0,2972.494433965876
1739419200000,2972.494433965876,2972.494433965876,0,2972.494433965876
1739433600000,2972.494433965876,2972.494433965876,0,2972.494433965876
1739448000000,2972.494433965876,2972.494433965876,0,2972.494433965876
1739462400000,2972.494433965876,2972.494433965876,0,2972.494433965876
1739476800000,2972.494433965876,2972.494433965876,0,2972.494433965876
1739491200000,2972.494433965876,2972.494433965876,0,2972.494433965876
1739505600000,2972.494433965876,2972.494433965876,0,2972.494433965876
1739520000000,2972.494433965876,2972.494433965876,0,2972.494433965876
1739534400000,2972.494433965876,2972.494433965876,0,2972.494433965876
1739548800000,2972.494433965876,2972.494433965876,0,2972.494433965876
1739563200000,2972.494433965876,2972.494433965876,0,2972.494433965876
1739577600000,2972.494433965876,2972.494433965876,0,2972.494433965876
1739592000000,2972.494433965876,2972.494433965876,0,2972.494433965876
1739606400000,2972.494433965876,2972.494433965876,0,2972.494433965876
1739620800000,2972.494433965876,2972.494433965876,0,2972.494433965876
1739635200000,2972.494433965876,2972.494433965876,0,2972.494433965876
1739649600000,2972.494433965876,2972.494433965876,0,2972.494433965876
1739664000000,2972.494433965876,2972.494433965876,0,2972.494433965876
1739678400000,2972.494433965876,2972.494433965876,0,2972.494433965876
1739692800000,2972.494433965876,2972.494433965876,0,2972.494433965876
1739707200000,2972.494433965876,2972.494433965876,0,2972.494433965876
1739721600000,2972.494433965876,2972.494433965876,0,2972.494433965876
1739736000000,2972.494433965876,2972.494433965876,0,2972.494433965876
1739750400000,2972.494433965876,2972.494433965876,0,2972.494433965876
1739764800000,2972.494433965876,2972.494433965876,0,2972.494433965876
1739779200000,2972.494433965876,2972.494433965876,0,2972.494433965876
1739793600000,2972.494433965876,2972.494433965876,0,2972.494433965876
1739808000000,2972.494433965876,2972.494433965876,0,2972.494433965876
1739822400000,2972.494433965876,2972.494433965876,0,2972.494433965876
1739836800000,2972.494433965876,2972.494433965876,0,2972.494433965876
1739851200000,2972.494433965876,2972.494433965876,0,2972.494433965876
1739865600000,2972.494433965876,2972.494433965876,0,2972.494433965876
1739880000000,2972.494433965876,2972.494433965876,0,2972.494433965876
1739894400000,2972.494433965876,2972.494433965876,0,2972.494433965876
1739908800000,2972.494433965876,2972.494433965876,0,2972.494433965876
1739923200000,2972.494433965876,2972.494433965876,0,2972.494433965876
1739937600000,2972.494433965876,2972.494433965876,0,2972.494433965876
1739952000000,2972.494433965876,2972.494433965876,0,2972.494433965876
1739966400000,2972.494433965876,2972.494433965876,0,2972.494433965876
1739980800000,2972.494433965876,2972.494433965876,0,2972.494433965876
1739995200000,2972.494433965876,2972.494433965876,0,2972.494433965876
1740009600000,2972.494433965876,2972.494433965876,0,2972.494433965876
1740024000000,2972.494433965876,2972.494433965876,0,2972.494433965876
1740038400000,2972.494433965876,2972.494433965876,0,2972.494433965876
1740052800000,2972.494433965876,2972.494433965876,0,2972.494433965876
1740067200000,2972.494433965876,2972.494433965876,0,2972.494433965876
1740081600000,2972.494433965876,2972.494433965876,0,2972.494433965876
1740096000000,2972.494433965876,2972.494433965876,0,2972.494433965876
1740110400000,2972.494433965876,2972.494433965876,0,2972.494433965876
1740124800000,2972.494433965876,2972.494433965876,0,2972.494433965876
1740139200000,2972.494433965876,2972.494433965876,0,2972.494433965876
1740153600000,2972.494433965876,2972.494433965876,0,2972.494433965876
1740168000000,2972.494433965876,2972.494433965876,0,2972.494433965876
1740182400000,2972.494433965876,2972.494433965876,0,2972.494433965876
1740196800000,2972.494433965876,2972.494433965876,0,2972.494433965876
1740211200000,2972.494433965876,2972.494433965876,0,2972.494433965876
1740225600000,2972.494433965876,2972.494433965876,0,2972.494433965876
1740240000000,2972.494433965876,2972.494433965876,0,2972.494433965876
1740254400000,2972.494433965876,2972.494433965876,0,2972.494433965876
1740268800000,2972.494433965876,2972.494433965876,0,2972.494433965876
1740283200000,2972.494433965876,2972.494433965876,0,2972.494433965876
1740297600000,2972.494433965876,2972.494433965876,0,2972.494433965876
1740312000000,2972.494433965876,2972.494433965876,0,2972.494433965876
1740326400000,2972.494433965876,2972.494433965876,0,2972.494433965876
1740340800000,2972.494433965876,2972.494433965876,0,2972.494433965876
1740355200000,2972.494433965876,2972.494433965876,0,2972.494433965876
1740369600000,2972.494433965876,2972.494433965876,0,2972.494433965876
1740384000000,2972.494433965876,2972.494433965876,0,2972.494433965876
1740398400000,2972.494433965876,2972.494433965876,0,2972.494433965876
1740412800000,2972.494433965876,2972.494433965876,0,2972.494433965876
1740427200000,2972.494433965876,2972.494433965876,0,2972.494433965876
1740441600000,2972.494433965876,2972.494433965876,0,2972.494433965876
1740456000000,2972.494433965876,2972.494433965876,0,2972.494433965876
1740470400000,2972.494433965876,2972.494433965876,0,2972.494433965876
1740484800000,2972.494433965876,2972.494433965876,0,2972.494433965876
1740499200000,2972.494433965876,2972.494433965876,0,2972.494433965876
1740513600000,2972.494433965876,2972.494433965876,0,2972.494433965876
1740528000000,2972.494433965876,2972.494433965876,0,2972.494433965876
1740542400000,2972.494433965876,2972.494433965876,0,2972.494433965876
1740556800000,2972.494433965876,2972.494433965876,0,2972.494433965876
1740571200000,2972.494433965876,2972.494433965876,0,2972.494433965876
1740585600000,2972.494433965876,2972.494433965876,0,2972.494433965876
1740600000000,2972.494433965876,2972.494433965876,0,2972.494433965876
1740614400000,2972.494433965876,2972.494433965876,0,2972.494433965876
1740628800000,2972.494433965876,2972.494433965876,0,2972.494433965876
1740643200000,2972.494433965876,2972.494433965876,0,2972.494433965876
1740657600000,2972.494433965876,2972.494433965876,0,2972.494433965876
1740672000000,2972.494433965876,2972.494433965876,0,2972.494433965876
1740686400000,2972.494433965876,2972.494433965876,0,2972.494433965876
1740700800000,2972.494433965876,2972.494433965876,0,2972.494433965876
1740715200000,2972.494433965876,2972.494433965876,0,2972.494433965876
1740729600000,2972.494433965876,2972.494433965876,0,2972.494433965876
1740744000000,2972.494433965876,2972.494433965876,0,2972.494433965876
1740758400000,2972.494433965876,2972.494433965876,0,2972.494433965876
1740772800000,2972.494433965876,2972.494433965876,0,2972.494433965876
1740787200000,2972.494433965876,2972.494433965876,0,2972.494433965876
1740801600000,2972.494433965876,2972.494433965876,0,2972.494433965876
1740816000000,2972.494433965876,2972.494433965876,0,2972.494433965876
1740830400000,2972.494433965876,2972.494433965876,0,2972.494433965876
1740844800000,2972.494433965876,2972.494433965876,0,2972.494433965876
1740859200000,2972.494433965876,2972.494433965876,0,2972.494433965876
1740873600000,2972.494433965876,2972.494433965876,0,2972.494433965876
1740888000000,2972.494433965876,2972.494433965876,0,2972.494433965876
1740902400000,2972.494433965876,2972.494433965876,0,2972.494433965876
1740916800000,2972.494433965876,2972.494433965876,0,2972.494433965876
1740931200000,2972.494433965876,2972.494433965876,0,2972.494433965876
1740945600000,2972.494433965876,2972.494433965876,0,2972.494433965876
1740960000000,2972.494433965876,2972.494433965876,0,2972.494433965876
1740974400000,2966.8920832617346,2965.1171983748027,2,2872.494433965876
1740988800000,2962.602178316623,2960.4280198362867,1,2918.0579548819646
1741003200000,2960.419111651893,2958.754358601727,1,2918.0579548819646
1741017600000,2960.124814938539,2958.754358601727,1,2918.0579548819646
1741032000000,2958.622223606848,2954.1993482771295,0,2958.622223606848
1741046400000,2958.622223606848,2958.622223606848,0,2958.622223606848
1741060800000,2958.622223606848,2958.622223606848,0,2958.622223606848
1741075200000,2958.622223606848,2958.622223606848,0,2958.622223606848
1741089600000,2958.622223606848,2958.622223606848,0,2958.622223606848
1741104000000,2958.622223606848,2958.622223606848,0,2958.622223606848
1741118400000,2958.622223606848,2958.622223606848,0,2958.622223606848
1741132800000,2958.622223606848,2958.622223606848,0,2958.622223606848
1741147200000,2958.622223606848,2958.622223606848,0,2958.622223606848
1741161600000,2958.622223606848,2958.622223606848,0,2958.622223606848
1741176000000,2958.622223606848,2958.622223606848,0,2958.622223606848
1741190400000,2958.622223606848,2958.622223606848,0,2958.622223606848
1741204800000,2958.622223606848,2958.622223606848,0,2958.622223606848
1741219200000,2958.622223606848,2958.622223606848,0,2958.622223606848
1741233600000,2958.622223606848,2958.622223606848,0,2958.622223606848
1741248000000,2958.622223606848,2958.622223606848,0,2958.622223606848
1741262400000,2958.622223606848,2958.622223606848,0,2958.622223606848
1741276800000,2958.622223606848,2958.622223606848,0,2958.622223606848
1741291200000,2958.622223606848,2958.622223606848,0,2958.622223606848
1741305600000,2958.622223606848,2958.622223606848,0,2958.622223606848
1741320000000,2958.622223606848,2958.622223606848,0,2958.622223606848
1741334400000,2958.622223606848,2958.622223606848,0,2958.622223606848
1741348800000,2958.622223606848,2958.622223606848,0,2958.622223606848
1741363200000,2958.622223606848,2958.622223606848,0,2958.622223606848
1741377600000,2958.622223606848,2958.622223606848,0,2958.622223606848
1741392000000,2958.622223606848,2958.622223606848,0,2958.622223606848
1741406400000,2958.622223606848,2958.622223606848,0,2958.622223606848
1741420800000,2958.622223606848,2958.622223606848,0,2958.622223606848
1741435200000,2958.622223606848,2958.622223606848,0,2958.622223606848
1741449600000,2958.622223606848,2958.622223606848,0,2958.622223606848
1741464000000,2958.622223606848,2958.622223606848,0,2958.622223606848
1741478400000,2958.622223606848,2958.622223606848,0,2958.622223606848
1741492800000,2958.622223606848,2958.622223606848,0,2958.622223606848
1741507200000,2958.622223606848,2958.622223606848,0,2958.622223606848
1741521600000,2958.622223606848,2958.622223606848,0,2958.622223606848
1741536000000,2958.622223606848,2958.622223606848,0,2958.622223606848
1741550400000,2958.622223606848,2958.622223606848,0,2958.622223606848
1741564800000,2958.622223606848,2958.622223606848,0,2958.622223606848
1741579200000,2958.622223606848,2958.622223606848,0,2958.622223606848
1741593600000,2958.622223606848,2958.622223606848,0,2958.622223606848
1741608000000,2958.622223606848,2958.622223606848,0,2958.622223606848
1741622400000,2958.622223606848,2958.622223606848,0,2958.622223606848
1741636800000,2958.622223606848,2958.622223606848,0,2958.622223606848
1741651200000,2958.622223606848,2958.622223606848,0,2958.622223606848
1741665600000,2958.622223606848,2958.622223606848,0,2958.622223606848
1741680000000,2958.622223606848,2958.622223606848,0,2958.622223606848
1741694400000,2958.622223606848,2958.622223606848,0,2958.622223606848
1741708800000,2958.622223606848,2958.622223606848,0,2958.622223606848
1741723200000,2958.622223606848,2958.622223606848,0,2958.622223606848
1741737600000,2958.622223606848,2958.622223606848,0,2958.622223606848
1741752000000,2958.622223606848,2958.622223606848,0,2958.622223606848
1741766400000,2958.622223606848,2958.622223606848,0,2958.622223606848
1741780800000,2958.622223606848,2958.622223606848,0,2958.622223606848
1741795200000,2958.622223606848,2958.622223606848,0,2958.622223606848
1741809600000,2958.622223606848,2958.622223606848,0,2958.622223606848
1741824000000,2958.622223606848,2958.622223606848,0,2958.622223606848
1741838400000,2958.622223606848,2958.622223606848,0,2958.622223606848
1741852800000,2958.622223606848,2958.622223606848,0,2958.622223606848
1741867200000,2958.622223606848,2958.622223606848,0,2958.622223606848
1741881600000,2958.622223606848,2958.622223606848,0,2958.622223606848
1741896000000,2958.622223606848,2958.622223606848,0,2958.622223606848
1741910400000,2958.622223606848,2958.622223606848,0,2958.622223606848
1741924800000,2958.622223606848,2958.622223606848,0,2958.622223606848
1741939200000,2958.622223606848,2958.622223606848,0,2958.622223606848
1741953600000,2958.622223606848,2958.622223606848,0,2958.622223606848
1741968000000,2958.622223606848,2958.622223606848,0,2958.622223606848
1741982400000,2958.622223606848,2958.622223606848,0,2958.622223606848
1741996800000,2958.622223606848,2958.622223606848,0,2958.622223606848
1742011200000,2958.622223606848,2958.622223606848,0,2958.622223606848
1742025600000,2958.622223606848,2958.622223606848,0,2958.622223606848
1742040000000,2958.622223606848,2958.622223606848,0,2958.622223606848
1742054400000,2958.622223606848,2958.622223606848,0,2958.622223606848
1742068800000,2958.622223606848,2958.622223606848,0,2958.622223606848
1742083200000,2958.622223606848,2958.622223606848,0,2958.622223606848
1742097600000,2958.622223606848,2958.622223606848,0,2958.622223606848
1742112000000,2958.622223606848,2958.622223606848,0,2958.622223606848
1742126400000,2958.622223606848,2958.622223606848,0,2958.622223606848
1742140800000,2958.622223606848,2958.622223606848,0,2958.622223606848
1742155200000,2958.622223606848,2958.622223606848,0,2958.622223606848
1742169600000,2958.622223606848,2958.622223606848,0,2958.622223606848
1742184000000,2958.622223606848,2958.622223606848,0,2958.622223606848
1742198400000,2958.622223606848,2958.622223606848,0,2958.622223606848
1742212800000,2958.622223606848,2958.622223606848,0,2958.622223606848
1742227200000,2958.622223606848,2958.622223606848,0,2958.622223606848
1742241600000,2958.622223606848,2958.622223606848,0,2958.622223606848
1742256000000,2958.622223606848,2958.622223606848,0,2958.622223606848
1742270400000,2958.622223606848,2958.622223606848,0,2958.622223606848
1742284800000,2958.622223606848,2958.622223606848,0,2958.622223606848
1742299200000,2958.622223606848,2958.622223606848,0,2958.622223606848
1742313600000,2958.622223606848,2958.622223606848,0,2958.622223606848
1742328000000,2958.622223606848,2958.622223606848,0,2958.622223606848
1742342400000,2958.622223606848,2958.622223606848,0,2958.622223606848
1742356800000,2958.622223606848,2958.622223606848,0,2958.622223606848
1742371200000,2958.622223606848,2958.622223606848,0,2958.622223606848
1742385600000,2958.622223606848,2958.622223606848,0,2958.622223606848
1742400000000,2958.622223606848,2958.622223606848,0,2958.622223606848
1742414400000,2958.622223606848,2958.622223606848,0,2958.622223606848
1742428800000,2958.622223606848,2958.622223606848,0,2958.622223606848
1742443200000,2958.622223606848,2958.622223606848,0,2958.622223606848
1742457600000,2958.622223606848,2958.622223606848,0,2958.622223606848
1742472000000,2958.622223606848,2958.622223606848,0,2958.622223606848
1742486400000,2958.622223606848,2958.622223606848,0,2958.622223606848
1742500800000,2958.622223606848,2958.622223606848,0,2958.622223606848
1742515200000,2958.622223606848,2958.622223606848,0,2958.622223606848
1742529600000,2958.622223606848,2958.622223606848,0,2958.622223606848
1742544000000,2958.622223606848,2958.622223606848,0,2958.622223606848
1742558400000,2958.622223606848,2958.622223606848,0,2958.622223606848
1742572800000,2958.622223606848,2958.622223606848,0,2958.622223606848
1742587200000,2958.622223606848,2958.622223606848,0,2958.622223606848
1742601600000,2958.622223606848,2958.622223606848,0,2958.622223606848
1742616000000,2958.622223606848,2958.622223606848,0,2958.622223606848
1742630400000,2958.622223606848,2958.622223606848,0,2958.622223606848
1742644800000,2958.622223606848,2958.622223606848,0,2958.622223606848
1742659200000,2958.622223606848,2958.622223606848,0,2958.622223606848
1742673600000,2958.622223606848,2958.622223606848,0,2958.622223606848
1742688000000,2958.622223606848,2958.622223606848,0,2958.622223606848
1742702400000,2958.622223606848,2958.622223606848,0,2958.622223606848
1742716800000,2958.622223606848,2958.622223606848,0,2958.622223606848
1742731200000,2958.622223606848,2958.622223606848,0,2958.622223606848
1742745600000,2958.622223606848,2958.622223606848,0,2958.622223606848
1742760000000,2958.622223606848,2958.622223606848,0,2958.622223606848
1742774400000,2958.622223606848,2958.622223606848,0,2958.622223606848
1742788800000,2958.622223606848,2958.622223606848,0,2958.622223606848
1742803200000,2958.622223606848,2958.622223606848,0,2958.622223606848
1742817600000,2958.622223606848,2958.622223606848,0,2958.622223606848
1742832000000,2958.622223606848,2958.622223606848,0,2958.622223606848
1742846400000,2958.622223606848,2958.622223606848,0,2958.622223606848
1742860800000,2958.622223606848,2958.622223606848,0,2958.622223606848
1742875200000,2958.622223606848,2958.622223606848,0,2958.622223606848
1742889600000,2958.622223606848,2958.622223606848,0,2958.622223606848
1742904000000,2958.622223606848,2958.622223606848,0,2958.622223606848
1742918400000,2958.622223606848,2958.622223606848,0,2958.622223606848
1742932800000,2958.622223606848,2958.622223606848,0,2958.622223606848
1742947200000,2958.622223606848,2958.622223606848,0,2958.622223606848
1742961600000,2958.622223606848,2958.622223606848,0,2958.622223606848
1742976000000,2958.622223606848,2958.622223606848,0,2958.622223606848
1742990400000,2958.622223606848,2958.622223606848,0,2958.622223606848
1743004800000,2958.622223606848,2958.622223606848,0,2958.622223606848
1743019200000,2958.622223606848,2958.622223606848,0,2958.622223606848
1743033600000,2958.622223606848,2958.622223606848,0,2958.622223606848
1743048000000,2958.622223606848,2958.622223606848,0,2958.622223606848
1743062400000,2958.622223606848,2958.622223606848,0,2958.622223606848
1743076800000,2958.622223606848,2958.622223606848,0,2958.622223606848
1743091200000,2958.622223606848,2958.622223606848,0,2958.622223606848
1743105600000,2958.622223606848,2958.622223606848,0,2958.622223606848
1743120000000,2958.622223606848,2958.622223606848,0,2958.622223606848
1743134400000,2958.622223606848,2958.622223606848,0,2958.622223606848
1743148800000,2958.622223606848,2958.622223606848,0,2958.622223606848
1743163200000,2958.622223606848,2958.622223606848,0,2958.622223606848
1743177600000,2958.622223606848,2958.622223606848,0,2958.622223606848
1743192000000,2958.622223606848,2958.622223606848,0,2958.622223606848
1743206400000,2958.622223606848,2958.622223606848,0,2958.622223606848
1743220800000,2958.622223606848,2958.622223606848,0,2958.622223606848
1743235200000,2958.622223606848,2958.622223606848,0,2958.622223606848
1743249600000,2958.622223606848,2958.622223606848,0,2958.622223606848
1743264000000,2958.622223606848,2958.622223606848,0,2958.622223606848
1743278400000,2958.622223606848,2958.622223606848,0,2958.622223606848
1743292800000,2958.622223606848,2958.622223606848,0,2958.622223606848
1743307200000,2958.622223606848,2958.622223606848,0,2958.622223606848
1743321600000,2958.622223606848,2958.622223606848,0,2958.622223606848
1743336000000,2958.622223606848,2958.622223606848,0,2958.622223606848
1743350400000,2958.622223606848,2958.622223606848,0,2958.622223606848
1743364800000,2958.622223606848,2958.622223606848,0,2958.622223606848
1743379200000,2958.622223606848,2958.622223606848,0,2958.622223606848
1743393600000,2958.622223606848,2958.622223606848,0,2958.622223606848
1743408000000,2958.622223606848,2958.622223606848,0,2958.622223606848
1743422400000,2958.622223606848,2958.622223606848,0,2958.622223606848
1743436800000,2958.622223606848,2958.622223606848,0,2958.622223606848
1743451200000,2958.622223606848,2958.622223606848,0,2958.622223606848
1743465600000,2958.622223606848,2958.622223606848,0,2958.622223606848
1743480000000,2958.622223606848,2958.622223606848,0,2958.622223606848
1743494400000,2958.622223606848,2958.622223606848,0,2958.622223606848
1743508800000,2958.622223606848,2958.622223606848,0,2958.622223606848
1743523200000,2958.622223606848,2958.622223606848,0,2958.622223606848
1743537600000,2958.622223606848,2958.622223606848,0,2958.622223606848
1743552000000,2958.622223606848,2958.622223606848,0,2958.622223606848
1743566400000,2958.622223606848,2958.622223606848,0,2958.622223606848
1743580800000,2958.622223606848,2958.622223606848,0,2958.622223606848
1743595200000,2958.622223606848,2958.622223606848,0,2958.622223606848
1743609600000,2958.622223606848,2958.622223606848,0,2958.622223606848
1743624000000,2958.622223606848,2958.622223606848,0,2958.622223606848
1743638400000,2958.622223606848,2958.622223606848,0,2958.622223606848
1743652800000,2958.622223606848,2958.622223606848,0,2958.622223606848
1743667200000,2958.622223606848,2958.622223606848,0,2958.622223606848
1743681600000,2958.622223606848,2958.622223606848,0,2958.622223606848
1743696000000,2958.622223606848,2958.622223606848,0,2958.622223606848
1743710400000,2958.622223606848,2958.622223606848,0,2958.622223606848
1743724800000,2958.622223606848,2958.622223606848,0,2958.622223606848
1743739200000,2958.622223606848,2958.622223606848,0,2958.622223606848
1743753600000,2958.622223606848,2958.622223606848,0,2958.622223606848
1743768000000,2958.622223606848,2958.622223606848,0,2958.622223606848
1743782400000,2958.622223606848,2958.622223606848,0,2958.622223606848
1743796800000,2958.622223606848,2958.622223606848,0,2958.622223606848
1743811200000,2958.622223606848,2958.622223606848,0,2958.622223606848
1743825600000,2958.622223606848,2958.622223606848,0,2958.622223606848
1743840000000,2958.622223606848,2958.622223606848,0,2958.622223606848
1743854400000,2958.622223606848,2958.622223606848,0,2958.622223606848
1743868800000,2958.622223606848,2958.622223606848,0,2958.622223606848
1743883200000,2958.622223606848,2958.622223606848,0,2958.622223606848
1743897600000,2958.622223606848,2958.622223606848,0,2958.622223606848
1743912000000,2958.622223606848,2958.622223606848,0,2958.622223606848
1743926400000,2958.622223606848,2958.622223606848,0,2958.622223606848
1743940800000,2958.622223606848,2958.622223606848,0,2958.622223606848
1743955200000,2958.622223606848,2958.622223606848,0,2958.622223606848
1743969600000,2958.622223606848,2958.622223606848,0,2958.622223606848
1743984000000,2958.622223606848,2958.622223606848,0,2958.622223606848
1743998400000,2958.622223606848,2958.622223606848,0,2958.622223606848
1744012800000,2958.622223606848,2958.622223606848,0,2958.622223606848
1744027200000,2958.622223606848,2958.622223606848,0,2958.622223606848
1744041600000,2958.622223606848,2958.622223606848,0,2958.622223606848
1744056000000,2958.622223606848,2958.622223606848,0,2958.622223606848
1744070400000,2958.622223606848,2958.622223606848,0,2958.622223606848
1744084800000,2958.622223606848,2958.622223606848,0,2958.622223606848
1744099200000,2958.622223606848,2958.622223606848,0,2958.622223606848
1744113600000,2958.622223606848,2958.622223606848,0,2958.622223606848
1744128000000,2958.622223606848,2958.622223606848,0,2958.622223606848
1744142400000,2958.622223606848,2958.622223606848,0,2958.622223606848
1744156800000,2958.622223606848,2958.622223606848,0,2958.622223606848
1744171200000,2958.622223606848,2958.622223606848,0,2958.622223606848
1744185600000,2958.622223606848,2958.622223606848,0,2958.622223606848
1744200000000,2958.622223606848,2958.622223606848,0,2958.622223606848
1744214400000,2958.622223606848,2958.622223606848,0,2958.622223606848
1744228800000,2958.622223606848,2958.622223606848,0,2958.622223606848
1744243200000,2958.622223606848,2958.622223606848,0,2958.622223606848
1744257600000,2958.622223606848,2958.622223606848,0,2958.622223606848
1744272000000,2958.622223606848,2958.622223606848,0,2958.622223606848
1744286400000,2958.622223606848,2958.622223606848,0,2958.622223606848
1744300800000,2958.622223606848,2958.622223606848,0,2958.622223606848
1744315200000,2958.622223606848,2958.622223606848,0,2958.622223606848
1744329600000,2958.622223606848,2958.622223606848,0,2958.622223606848
1744344000000,2958.622223606848,2958.622223606848,0,2958.622223606848
1744358400000,2958.622223606848,2958.622223606848,0,2958.622223606848
1744372800000,2958.622223606848,2958.622223606848,0,2958.622223606848
1744387200000,2958.622223606848,2958.622223606848,0,2958.622223606848
1744401600000,2958.622223606848,2958.622223606848,0,2958.622223606848
1744416000000,2958.622223606848,2958.622223606848,0,2958.622223606848
1744430400000,2958.622223606848,2958.622223606848,0,2958.622223606848
1744444800000,2958.622223606848,2958.622223606848,0,2958.622223606848
1744459200000,2958.622223606848,2958.622223606848,0,2958.622223606848
1744473600000,2958.622223606848,2958.622223606848,0,2958.622223606848
1744488000000,2958.622223606848,2958.622223606848,0,2958.622223606848
1744502400000,2958.622223606848,2958.622223606848,0,2958.622223606848
1744516800000,2958.622223606848,2958.622223606848,0,2958.622223606848
1744531200000,2958.622223606848,2958.622223606848,0,2958.622223606848
1744545600000,2958.622223606848,2958.622223606848,0,2958.622223606848
1744560000000,2958.622223606848,2958.622223606848,0,2958.622223606848
1744574400000,2958.622223606848,2958.622223606848,0,2958.622223606848
1744588800000,2958.622223606848,2958.622223606848,0,2958.622223606848
1744603200000,2958.622223606848,2958.622223606848,0,2958.622223606848
1744617600000,2958.622223606848,2958.622223606848,0,2958.622223606848
1744632000000,2958.622223606848,2958.622223606848,0,2958.622223606848
1744646400000,2958.622223606848,2958.622223606848,0,2958.622223606848
1744660800000,2958.622223606848,2958.622223606848,0,2958.622223606848
1744675200000,2958.622223606848,2958.622223606848,0,2958.622223606848
1744689600000,2958.622223606848,2958.622223606848,0,2958.622223606848
1744704000000,2958.622223606848,2958.622223606848,0,2958.622223606848
1744718400000,2958.622223606848,2958.622223606848,0,2958.622223606848
1744732800000,2958.622223606848,2958.622223606848,0,2958.622223606848
1744747200000,2958.622223606848,2958.622223606848,0,2958.622223606848
1744761600000,2958.622223606848,2958.622223606848,0,2958.622223606848
1744776000000,2958.622223606848,2958.622223606848,0,2958.622223606848
1744790400000,2958.622223606848,2958.622223606848,0,2958.622223606848
1744804800000,2958.622223606848,2958.622223606848,0,2958.622223606848
1744819200000,2958.622223606848,2958.622223606848,0,2958.622223606848
1744833600000,2958.622223606848,2958.622223606848,0,2958.622223606848
1744848000000,2958.622223606848,2958.622223606848,0,2958.622223606848
1744862400000,2958.622223606848,2958.622223606848,0,2958.622223606848
1744876800000,2958.622223606848,2958.622223606848,0,2958.622223606848
1744891200000,2958.622223606848,2958.622223606848,0,2958.622223606848
1744905600000,2958.622223606848,2958.622223606848,0,2958.622223606848
1744920000000,2958.622223606848,2958.622223606848,0,2958.622223606848
1744934400000,2958.622223606848,2958.622223606848,0,2958.622223606848
1744948800000,2958.622223606848,2958.622223606848,0,2958.622223606848
1744963200000,2958.622223606848,2958.622223606848,0,2958.622223606848
1744977600000,2958.622223606848,2958.622223606848,0,2958.622223606848
1744992000000,2958.622223606848,2958.622223606848,0,2958.622223606848
1745006400000,2958.622223606848,2958.622223606848,0,2958.622223606848
1745020800000,2958.622223606848,2958.622223606848,0,2958.622223606848
1745035200000,2958.622223606848,2958.622223606848,0,2958.622223606848
1745049600000,2958.622223606848,2958.622223606848,0,2958.622223606848
1745064000000,2958.622223606848,2958.622223606848,0,2958.622223606848
1745078400000,2958.622223606848,2958.622223606848,0,2958.622223606848
1745092800000,2958.622223606848,2958.622223606848,0,2958.622223606848
1745107200000,2958.622223606848,2958.622223606848,0,2958.622223606848
1745121600000,2958.622223606848,2958.622223606848,0,2958.622223606848
1745136000000,2958.622223606848,2958.622223606848,0,2958.622223606848
1745150400000,2958.622223606848,2958.622223606848,0,2958.622223606848
1745164800000,2958.622223606848,2958.622223606848,0,2958.622223606848
1745179200000,2958.622223606848,2958.622223606848,0,2958.622223606848
1745193600000,2958.622223606848,2958.622223606848,0,2958.622223606848
1745208000000,2958.622223606848,2958.622223606848,0,2958.622223606848
1745222400000,2958.622223606848,2958.622223606848,0,2958.622223606848
1745236800000,2958.622223606848,2958.622223606848,0,2958.622223606848
1745251200000,2958.622223606848,2958.622223606848,0,2958.622223606848
1745265600000,2958.622223606848,2958.622223606848,0,2958.622223606848
1745280000000,2958.622223606848,2958.622223606848,0,2958.622223606848
1745294400000,2958.622223606848,2958.622223606848,0,2958.622223606848
1745308800000,2958.622223606848,2958.622223606848,0,2958.622223606848
1745323200000,2958.622223606848,2958.622223606848,0,2958.622223606848
1745337600000,2958.622223606848,2958.622223606848,0,2958.622223606848
1745352000000,2958.622223606848,2958.622223606848,0,2958.622223606848
1745366400000,2958.622223606848,2958.622223606848,0,2958.622223606848
1745380800000,2958.3263555367653,2958.0122774436427,1,2908.622223606848
1745395200000,2958.8411196779416,2958.2455593700956,1,2908.622223606848
1745409600000,2958.484853662335,2958.4093336533965,1,2908.622223606848
1745424000000,2957.6322465668827,2957.668302901658,0,2957.6322465668827
1745438400000,2957.6322465668827,2957.6322465668827,0,2957.6322465668827
1745452800000,2957.6322465668827,2957.6322465668827,0,2957.6322465668827
1745467200000,2957.6322465668827,2957.6322465668827,0,2957.6322465668827
1745481600000,2957.6322465668827,2957.6322465668827,0,2957.6322465668827
1745496000000,2957.6322465668827,2957.6322465668827,0,2957.6322465668827
1745510400000,2957.6322465668827,2957.6322465668827,0,2957.6322465668827
1745524800000,2957.6322465668827,2957.6322465668827,0,2957.6322465668827
1745539200000,2957.6322465668827,2957.6322465668827,0,2957.6322465668827
1745553600000,2957.6322465668827,2957.6322465668827,0,2957.6322465668827
1745568000000,2957.6322465668827,2957.6322465668827,0,2957.6322465668827
1745582400000,2957.6322465668827,2957.6322465668827,0,2957.6322465668827
1745596800000,2957.6322465668827,2957.6322465668827,0,2957.6322465668827
1745611200000,2957.6322465668827,2957.6322465668827,0,2957.6322465668827
1745625600000,2957.6322465668827,2957.6322465668827,0,2957.6322465668827
1745640000000,2957.6322465668827,2957.6322465668827,0,2957.6322465668827
1745654400000,2957.6322465668827,2957.6322465668827,0,2957.6322465668827
1745668800000,2957.6322465668827,2957.6322465668827,0,2957.6322465668827
1745683200000,2957.6322465668827,2957.6322465668827,0,2957.6322465668827
1745697600000,2957.6322465668827,2957.6322465668827,0,2957.6322465668827
1745712000000,2957.6322465668827,2957.6322465668827,0,2957.6322465668827
1745726400000,2957.6322465668827,2957.6322465668827,0,2957.6322465668827
1745740800000,2957.6322465668827,2957.6322465668827,0,2957.6322465668827
1745755200000,2957.6322465668827,2957.6322465668827,0,2957.6322465668827
1745769600000,2957.6322465668827,2957.6322465668827,0,2957.6322465668827
1745784000000,2957.6322465668827,2957.6322465668827,0,2957.6322465668827
1745798400000,2957.6322465668827,2957.6322465668827,0,2957.6322465668827
1745812800000,2957.6322465668827,2957.6322465668827,0,2957.6322465668827
1745827200000,2957.6322465668827,2957.6322465668827,0,2957.6322465668827
1745841600000,2957.6322465668827,2957.6322465668827,0,2957.6322465668827
1745856000000,2957.6322465668827,2957.6322465668827,0,2957.6322465668827
1745870400000,2957.6322465668827,2957.6322465668827,0,2957.6322465668827
1745884800000,2957.6322465668827,2957.6322465668827,0,2957.6322465668827
1745899200000,2957.6322465668827,2957.6322465668827,0,2957.6322465668827
1745913600000,2957.6322465668827,2957.6322465668827,0,2957.6322465668827
1745928000000,2957.6322465668827,2957.6322465668827,0,2957.6322465668827
1745942400000,2957.6322465668827,2957.6322465668827,0,2957.6322465668827
1745956800000,2957.6322465668827,2957.6322465668827,0,2957.6322465668827
1745971200000,2957.6322465668827,2957.6322465668827,0,2957.6322465668827
1745985600000,2957.6322465668827,2957.6322465668827,0,2957.6322465668827
1746000000000,2957.6322465668827,2957.6322465668827,0,2957.6322465668827
1746014400000,2957.6322465668827,2957.6322465668827,0,2957.6322465668827
1746028800000,2957.6322465668827,2957.6322465668827,0,2957.6322465668827
1746043200000,2957.6322465668827,2957.6322465668827,0,2957.6322465668827
1746057600000,2957.6322465668827,2957.6322465668827,0,2957.6322465668827
1746072000000,2957.6322465668827,2957.6322465668827,0,2957.6322465668827
1746086400000,2957.6322465668827,2957.6322465668827,0,2957.6322465668827
1746100800000,2957.6322465668827,2957.6322465668827,0,2957.6322465668827
1746115200000,2957.6322465668827,2957.6322465668827,0,2957.6322465668827
1746129600000,2957.6322465668827,2957.6322465668827,0,2957.6322465668827
1746144000000,2957.6322465668827,2957.6322465668827,0,2957.6322465668827
1746158400000,2957.6322465668827,2957.6322465668827,0,2957.6322465668827
1746172800000,2957.6322465668827,2957.6322465668827,0,2957.6322465668827
1746187200000,2957.6322465668827,2957.6322465668827,0,2957.6322465668827
1746201600000,2957.6322465668827,2957.6322465668827,0,2957.6322465668827
1746216000000,2957.6322465668827,2957.6322465668827,0,2957.6322465668827
1746230400000,2957.6322465668827,2957.6322465668827,0,2957.6322465668827
1746244800000,2957.6322465668827,2957.6322465668827,0,2957.6322465668827
1746259200000,2957.6322465668827,2957.6322465668827,0,2957.6322465668827
1746273600000,2957.6322465668827,2957.6322465668827,0,2957.6322465668827
1746288000000,2957.6322465668827,2957.6322465668827,0,2957.6322465668827
1746302400000,2957.6322465668827,2957.6322465668827,0,2957.6322465668827
1746316800000,2957.6322465668827,2957.6322465668827,0,2957.6322465668827
1746331200000,2957.6322465668827,2957.6322465668827,0,2957.6322465668827
1746345600000,2957.6322465668827,2957.6322465668827,0,2957.6322465668827
1746360000000,2957.6322465668827,2957.6322465668827,0,2957.6322465668827
1746374400000,2957.6322465668827,2957.6322465668827,0,2957.6322465668827
1746388800000,2957.6322465668827,2957.6322465668827,0,2957.6322465668827
1746403200000,2957.6322465668827,2957.6322465668827,0,2957.6322465668827
1746417600000,2957.6322465668827,2957.6322465668827,0,2957.6322465668827
1746432000000,2957.6322465668827,2957.6322465668827,0,2957.6322465668827
1746446400000,2957.6322465668827,2957.6322465668827,0,2957.6322465668827
1746460800000,2957.6322465668827,2957.6322465668827,0,2957.6322465668827
1746475200000,2957.6322465668827,2957.6322465668827,0,2957.6322465668827
1746489600000,2957.6322465668827,2957.6322465668827,0,2957.6322465668827
1746504000000,2957.6322465668827,2957.6322465668827,0,2957.6322465668827
1746518400000,2957.6322465668827,2957.6322465668827,0,2957.6322465668827
1746532800000,2957.6322465668827,2957.6322465668827,0,2957.6322465668827
1746547200000,2957.6322465668827,2957.6322465668827,0,2957.6322465668827
1746561600000,2957.6322465668827,2957.6322465668827,0,2957.6322465668827
1746576000000,2957.6322465668827,2957.6322465668827,0,2957.6322465668827
1746590400000,2957.6322465668827,2957.6322465668827,0,2957.6322465668827
1746604800000,2957.6322465668827,2957.6322465668827,0,2957.6322465668827
1746619200000,2957.6322465668827,2957.6322465668827,0,2957.6322465668827
1746633600000,2957.6322465668827,2957.6322465668827,0,2957.6322465668827
1746648000000,2957.6322465668827,2957.6322465668827,0,2957.6322465668827
1746662400000,2957.6322465668827,2957.6322465668827,0,2957.6322465668827
1746676800000,2957.6322465668827,2957.6322465668827,0,2957.6322465668827
1746691200000,2957.6322465668827,2957.6322465668827,0,2957.6322465668827
1746705600000,2957.6322465668827,2957.6322465668827,0,2957.6322465668827
1746720000000,2957.6322465668827,2957.6322465668827,0,2957.6322465668827
1746734400000,2957.6322465668827,2957.6322465668827,0,2957.6322465668827
1746748800000,2957.6322465668827,2957.6322465668827,0,2957.6322465668827
1746763200000,2956.185253338321,2955.89504601503,2,2857.6322465668827
1746777600000,2957.368372667715,2956.0889837582376,2,2857.6322465668827
1746792000000,2956.4774158158866,2954.953447838616,2,2857.6322465668827
1746806400000,2955.466396496801,2954.68909162751,2,2857.6322465668827
1746820800000,2955.7261162345503,2954.748702854399,2,2857.6322465668827
1746835200000,2956.2358318597558,2955.325843542316,2,2857.6322465668827
1746849600000,2956.594942637204,2955.7127566342024,2,2857.6322465668827
1746864000000,2957.37249257533,2956.2187351302123,2,2857.6322465668827
1746878400000,2956.565690911669,2956.4496802268654,2,2857.6322465668827
1746892800000,2957.0018180566058,2956.392177528856,2,2857.6322465668827
1746907200000,2956.9917460221013,2956.771940131698,2,2857.6322465668827
1746921600000,2959.1911526811177,2956.7317036824143,2,2857.6322465668827
1746936000000,2955.6686505955477,2954.8054100994427,3,2807.6322465668827
1746950400000,2953.868032740073,2952.826541969326,2,2855.52575747137
1746964800000,2954.9522040293064,2953.783121313733,2,2855.52575747137
1746979200000,2953.929835088861,2953.382867333228,2,2855.52575747137
1746993600000,2954.4265525834962,2953.1103525150434,2,2855.52575747137
1747008000000,2954.05620860051,2953.48426579964,2,2855.52575747137
1747022400000,2954.3075882815397,2953.205437355029,2,2855.52575747137
1747036800000,2954.745182134679,2953.5476362804075,2,2855.52575747137
1747051200000,2954.2275172244895,2953.8418459578406,2,2855.52575747137
1747065600000,2953.264629473055,2952.8310277351966,2,2855.52575747137
1747080000000,2952.9070490527597,2950.9495191107862,2,2855.52575747137
1747094400000,2953.699386985542,2952.4500505958677,2,2855.52575747137
1747108800000,2946.7382619841896,2946.0531759347414,2,2850.015937401529
1747123200000,2948.541193726226,2946.5191588874686,2,2850.015937401529
1747137600000,2949.7542541060175,2948.23967278104,2,2850.015937401529
1747152000000,2949.90613129526,2948.7291610492816,2,2850.015937401529
1747166400000,2951.1825341042704,2949.6708983190824,2,2850.015937401529
1747180800000,2950.8854268219393,2950.295953842487,2,2850.015937401529
1747195200000,2948.6412603907274,2948.3340756989314,2,2848.5265669624387
1747209600000,2949.918495562641,2948.3476164180875,2,2848.5265669624387
1747224000000,2949.9327310034614,2948.3895283559214,2,2848.5265669624387
1747238400000,2948.6941012024627,2948.063725733856,2,2848.5265669624387
1747252800000,2948.705015562128,2947.4268142493142,2,2848.5265669624387
1747267200000,2948.4695754245904,2948.101083716453,2,2848.5265669624387
1747281600000,2947.560735994481,2947.3328720079894,2,2848.5265669624387
1747296000000,2945.87775689109,2945.6097876140693,2,2848.5265669624387
1747310400000,2946.5004045946125,2945.493729689378,2,2848.5265669624387
1747324800000,2946.70171995607,2944.57900829554,2,2848.5265669624387
1747339200000,2946.3094611168763,2945.4570115629836,2,2848.5265669624387
1747353600000,2945.1966952791986,2944.2077351019643,1,2895.103953328572
1747368000000,2945.322106104466,2945.0538955174225,1,2895.103953328572
1747382400000,2945.1708484257656,2945.163129128298,1,2895.103953328572
1747396800000,2945.142626403881,2944.8765206409125,1,2895.103953328572
1747411200000,2945.3992701136694,2944.993628031756,1,2895.103953328572
1747425600000,2945.326504028164,2945.1113871456505,1,2895.103953328572
1747440000000,2945.051959658583,2945.019904539645,1,2895.103953328572
1747454400000,2945.073481001991,2944.6409396546073,1,2895.103953328572
1747468800000,2945.045799668859,2944.965937043469,1,2895.103953328572
1747483200000,2944.825193829986,2944.709090575398,1,2895.103953328572
1747497600000,2944.798815942956,2944.654225149685,1,2895.103953328572
1747512000000,2944.9045736975613,2944.713063672218,1,2895.103953328572
1747526400000,2944.8891495853613,2944.780080112143,1,2895.103953328572
1747540800000,2944.9707597940437,2944.878741326863,1,2895.103953328572
1747555200000,2945.2718510158898,2944.9707549664654,1,2895.103953328572
1747569600000,2945.2144752495374,2945.214214560317,1,2895.103953328572
1747584000000,2946.043592487062,2945.1666146397247,1,2895.103953328572
1747598400000,2945.254751734071,2945.238840036477,1,2895.103953328572
1747612800000,2946.4955793192476,2944.9659370434683,1,2895.103953328572
1747627200000,2945.1205016132044,2945.0860278776113,1,2895.103953328572
1747641600000,2944.9372515740815,2944.3452504927145,1,2895.103953328572
1747656000000,2944.8103441995863,2944.723056758996,1,2895.103953328572
1747670400000,2945.6904116969413,2944.406155218697,1,2895.103953328572
1747684800000,2946.0434476597175,2945.5480560723554,1,2895.103953328572
1747699200000,2946.070501407689,2945.801378408374,1,2895.103953328572
1747713600000,2946.1613467733787,2946.05083868187,1,2895.103953328572
1747728000000,2945.8040046108895,2945.7589777894536,1,2895.103953328572
1747742400000,2945.8918906711715,2945.719739234223,1,2895.103953328572
1747756800000,2945.9546105665395,2945.3999411470327,1,2895.103953328572
1747771200000,2946.77181816876,2945.8374066241327,1,2895.103953328572
1747785600000,2946.68662106951,2946.245303185043,1,2895.103953328572
1747800000000,2946.683531419492,2946.36645608638,1,2895.103953328572
1747814400000,2946.5307723639853,2946.4957144914356,1,2895.103953328572
1747828800000,2946.540079934665,2946.3245623631647,1,2895.103953328572
1747843200000,2947.711689704279,2946.4353359714714,1,2895.103953328572
1747857600000,2947.5332817260437,2946.333087866184,1,2895.103953328572
1747872000000,2948.035446405555,2947.109038985506,1,2895.103953328572
1747886400000,2949.8889093688495,2947.448379404124,1,2845.103953328572
1747900800000,2949.199544278889,2948.6524880513102,1,2845.103953328572
1747915200000,2949.140037220171,2948.4751761395814,1,2845.103953328572
1747929600000,2949.4295951182085,2948.735102372117,1,2845.103953328572
1747944000000,2949.333172685005,2949.0785709656,1,2845.103953328572
1747958400000,2949.8095759980347,2948.9350247163643,1,2845.103953328572
1747972800000,2949.897298650564,2948.783111380792,2,2795.103953328572
1747987200000,2947.742390216742,2947.308313154825,2,2795.103953328572
1748001600000,2945.8470249321426,2945.154576322916,2,2795.103953328572
1748016000000,2946.91920565317,2943.2435789273018,2,2795.103953328572
1748030400000,2946.2494784773144,2945.455797451722,2,2795.103953328572
1748044800000,2943.526108148048,2942.8159477905824,2,2795.103953328572
1748059200000,2944.8449661186537,2942.8642083482714,2,2795.103953328572
1748073600000,2943.902058620617,2943.792297289509,2,2795.103953328572
1748088000000,2945.5672231127996,2943.767470125885,2,2795.103953328572
1748102400000,2945.13759186496,2944.626487471366,2,2795.103953328572
1748116800000,2944.863192496425,2944.558069087885,2,2795.103953328572
1748131200000,2943.3812081625742,2942.8777466731135,2,2795.103953328572
1748145600000,2943.772659033996,2942.254484145569,2,2795.103953328572
1748160000000,2943.272476498317,2942.936066160227,2,2795.103953328572
1748174400000,2942.0359462757015,2941.0932450419955,2,2795.103953328572
1748188800000,2941.683688695474,2940.744957190772,2,2795.103953328572
1748203200000,2942.699867438446,2940.860845759409,2,2795.103953328572
1748217600000,2944.691533226015,2941.553466114118,2,2795.103953328572
1748232000000,2945.563699482982,2944.2217934728683,2,2795.103953328572
1748246400000,2945.9380164175127,2945.1197529375213,2,2795.103953328572
1748260800000,2945.109161204006,2944.6150635017266,2,2795.103953328572
1748275200000,2945.084693742883,2944.1532533250947,2,2795.103953328572
1748289600000,2943.923902568765,2943.455692289762,2,2795.103953328572
1748304000000,2944.27649416625,2943.6444470521687,2,2795.103953328572
1748318400000,2943.5771712994133,2941.68206754249,2,2795.103953328572
1748332800000,2944.8304284779197,2943.1330614342896,2,2795.103953328572
1748347200000,2944.922434200986,2944.607495590735,2,2795.103953328572
1748361600000,2945.487202617777,2943.5822707999278,2,2795.103953328572
1748376000000,2945.0282914884665,2944.609291500113,2,2795.103953328572
1748390400000,2943.7212360710405,2943.2135769286133,2,2795.103953328572
1748404800000,2943.7859497050786,2942.97001943833,2,2795.103953328572
1748419200000,2943.988432138643,2943.3822720068647,2,2795.103953328572
1748433600000,2944.1175007521065,2943.1172891521064,2,2795.103953328572
1748448000000,2941.0853377652156,2940.803050783322,2,2795.103953328572
1748462400000,2940.7771238672626,2940.7249804514167,2,2795.103953328572
1748476800000,2943.7811420927237,2940.589165399647,2,2795.103953328572
1748491200000,2943.9941310105714,2942.7925885077143,2,2795.103953328572
1748505600000,2943.6495913276203,2942.3154436558884,2,2795.103953328572
1748520000000,2944.0774869697393,2942.980888403707,2,2795.103953328572
1748534400000,2941.7211443183587,2940.738392313064,2,2795.103953328572
1748548800000,2939.95286777325,2939.5970549557023,2,2795.103953328572
1748563200000,2940.0216330000158,2939.5359330408555,2,2795.103953328572
1748577600000,2938.8392154575813,2937.625140520275,1,2839.450494114551
1748592000000,2937.905260232764,2937.623754723422,1,2839.450494114551
1748606400000,2938.704396535325,2937.5096620309737,1,2839.450494114551
1748620800000,2938.388009840493,2937.9236241785784,1,2839.450494114551
1748635200000,2937.5419934496126,2936.6666453658013,1,2839.450494114551
1748649600000,2936.9279683456193,2936.5862995875605,1,2839.450494114551
1748664000000,2936.6453660615653,2936.0684250666277,1,2839.450494114551
1748678400000,2936.70443253557,2936.461614113709,1,2839.450494114551
1748692800000,2936.471166365258,2936.2719939524377,1,2839.450494114551
1748707200000,2937.462856935798,2936.4542272891545,1,2839.450494114551
1748721600000,2937.595913519201,2937.186610320586,1,2839.450494114551
1748736000000,2937.496416367148,2937.3851640399794,1,2839.450494114551
1748750400000,2937.298762565467,2936.8708235708955,1,2839.450494114551
1748764800000,2937.200259072554,2937.124487876017,1,2839.450494114551
1748779200000,2937.0190850139775,2936.709560191701,1,2839.450494114551
1748793600000,2937.6119245551636,2936.738170075634,1,2839.450494114551
1748808000000,2937.9933021822726,2937.241355314744,1,2839.450494114551
1748822400000,2938.4816856498455,2937.7793654944867,1,2839.450494114551
1748836800000,2937.7189491439135,2937.477236870907,1,2839.450494114551
1748851200000,2938.2424012798333,2937.513524177822,1,2839.450494114551
1748865600000,2936.986238017483,2936.886272158288,1,2839.450494114551
1748880000000,2937.3529076144832,2936.6227462549036,1,2839.450494114551
1748894400000,2937.340571242512,2936.9697114036644,1,2839.450494114551
1748908800000,2938.68328596566,2937.3405806166547,1,2839.450494114551
1748923200000,2938.3308463174835,2938.1978834755087,1,2839.450494114551
1748937600000,2938.039057373451,2937.9879214242847,1,2839.450494114551
1748952000000,2938.148256763339,2937.75947356339,1,2839.450494114551
1748966400000,2939.38884957444,2937.9086161758987,1,2839.450494114551
1748980800000,2939.0402720731117,2938.434102500814,1,2839.450494114551
1748995200000,2938.232295953857,2938.128364832243,1,2839.450494114551
1749009600000,2938.365764999545,2938.0029856718215,1,2839.450494114551
1749024000000,2938.1796695159796,2938.1133474554204,1,2839.450494114551
1749038400000,2937.958074153498,2937.954230754935,1,2839.450494114551
1749052800000,2938.1585964428864,2937.1093767577668,1,2839.450494114551
1749067200000,2937.7979262973004,2937.7526773098343,1,2839.450494114551
1749081600000,2937.594826118632,2937.3232572006955,1,2839.450494114551
1749096000000,2937.9231929680077,2937.551986285875,1,2839.450494114551
1749110400000,2937.427207070595,2937.2977970287548,1,2839.450494114551
1749124800000,2937.7175711449167,2937.339530712657,1,2839.450494114551
1749139200000,2937.439805918566,2936.8478381726636,1,2839.450494114551
1749153600000,2934.9868552145836,2934.688616860281,1,2839.450494114551
1749168000000,2933.7927270919427,2933.5408843081054,0,2933.7927270919427
1749182400000,2933.7927270919427,2933.7927270919427,0,2933.7927270919427
1749196800000,2933.7927270919427,2933.7927270919427,0,2933.7927270919427
1749211200000,2933.7927270919427,2933.7927270919427,0,2933.7927270919427
1749225600000,2933.7927270919427,2933.7927270919427,0,2933.7927270919427
1749240000000,2933.7927270919427,2933.7927270919427,0,2933.7927270919427
1749254400000,2933.7927270919427,2933.7927270919427,0,2933.7927270919427
1749268800000,2933.7927270919427,2933.7927270919427,0,2933.7927270919427
1749283200000,2933.7927270919427,2933.7927270919427,0,2933.7927270919427
1749297600000,2933.7927270919427,2933.7927270919427,0,2933.7927270919427
1749312000000,2933.7927270919427,2933.7927270919427,0,2933.7927270919427
1749326400000,2933.7927270919427,2933.7927270919427,0,2933.7927270919427
1749340800000,2933.7927270919427,2933.7927270919427,0,2933.7927270919427
1749355200000,2933.7927270919427,2933.7927270919427,0,2933.7927270919427
1749369600000,2933.7927270919427,2933.7927270919427,0,2933.7927270919427
1749384000000,2933.7927270919427,2933.7927270919427,0,2933.7927270919427
1749398400000,2933.7927270919427,2933.7927270919427,0,2933.7927270919427
1749412800000,2933.7927270919427,2933.7927270919427,0,2933.7927270919427
1749427200000,2933.7927270919427,2933.7927270919427,0,2933.7927270919427
1749441600000,2933.7927270919427,2933.7927270919427,0,2933.7927270919427
1749456000000,2933.7927270919427,2933.7927270919427,0,2933.7927270919427
1749470400000,2933.7927270919427,2933.7927270919427,0,2933.7927270919427
1749484800000,2933.7927270919427,2933.7927270919427,0,2933.7927270919427
1749499200000,2933.7927270919427,2933.7927270919427,0,2933.7927270919427
1749513600000,2933.7927270919427,2933.7927270919427,0,2933.7927270919427
1749528000000,2933.7927270919427,2933.7927270919427,0,2933.7927270919427
1749542400000,2933.7927270919427,2933.7927270919427,0,2933.7927270919427
1749556800000,2933.7927270919427,2933.7927270919427,0,2933.7927270919427
1749571200000,2933.7927270919427,2933.7927270919427,0,2933.7927270919427
1749585600000,2933.7927270919427,2933.7927270919427,0,2933.7927270919427
1749600000000,2933.7927270919427,2933.7927270919427,0,2933.7927270919427
1749614400000,2933.194382313314,2932.853481050151,1,2883.7927270919427
1749628800000,2933.2037632930374,2933.0012757307018,1,2883.7927270919427
1749643200000,2932.861446032935,2932.538421731132,1,2883.7927270919427
1749657600000,2934.5068344765295,2932.717191344733,1,2883.7927270919427
1749672000000,2933.588914460557,2933.379169913907,1,2883.7927270919427
1749686400000,2932.85011805742,2932.3569971232705,1,2883.7927270919427
1749700800000,2932.7345373072408,2932.405495018445,1,2883.7927270919427
1749715200000,2932.308322228478,2932.178758508522,1,2883.7927270919427
1749729600000,2932.110082656961,2931.943349017345,1,2883.7927270919427
1749744000000,2931.9329060399173,2931.7939613402377,1,2883.7927270919427
1749758400000,2931.4941239883174,2931.422085144025,1,2883.7927270919427
1749772800000,2930.1710074725484,2930.100075001468,0,2930.1710074725484
1749787200000,2930.1710074725484,2930.1710074725484,0,2930.1710074725484
1749801600000,2930.1710074725484,2930.1710074725484,0,2930.1710074725484
1749816000000,2930.1710074725484,2930.1710074725484,0,2930.1710074725484
1749830400000,2930.1710074725484,2930.1710074725484,0,2930.1710074725484
1749844800000,2930.1710074725484,2930.1710074725484,0,2930.1710074725484
1749859200000,2930.1710074725484,2930.1710074725484,0,2930.1710074725484
1749873600000,2929.4215530566303,2929.3771231553364,1,2880.1710074725484
1749888000000,2928.377450376228,2928.2219457217,1,2880.1710074725484
1749902400000,2928.5662774567263,2927.999796215231,1,2880.1710074725484
1749916800000,2928.166408345083,2928.0886560178187,1,2880.1710074725484
1749931200000,2927.2889177945317,2927.188950516621,1,2880.1710074725484
1749945600000,2928.0331186412013,2926.9445860595056,1,2880.1710074725484
1749960000000,2928.721782111254,2928.044226116525,1,2880.1710074725484
1749974400000,2929.2549409267785,2928.6884596852838,1,2880.1710074725484
1749988800000,2929.477090433247,2928.7106746359304,1,2880.1710074725484
1750003200000,2931.1209967811146,2929.2771558774257,1,2880.1710074725484
1750017600000,2931.4208986148474,2930.8877397993224,1,2880.1710074725484
1750032000000,2931.309823861613,2931.0654594044977,1,2880.1710074725484
1750046400000,2929.822132473699,2929.317625347345,1,2830.1710074725484
1750060800000,2930.545990524555,2929.602781549197,1,2830.1710074725484
1750075200000,2929.602781549197,2928.8789234983415,1,2830.1710074725484
1750089600000,2932.542083937521,2929.229884977544,1,2830.1710074725484
1750104000000,2934.0994755014835,2931.9937066262664,1,2830.1710074725484
1750118400000,2931.8840311640156,2931.423394222562,1,2830.1710074725484
1750132800000,2935.6129968805453,2931.2917836678607,1,2830.1710074725484
1750147200000,2934.6478528127377,2934.099475501483,1,2830.1710074725484
1750161600000,2932.2788628281187,2932.015641718717,1,2830.1710074725484
1750176000000,2931.8620960715652,2931.1382380207097,1,2830.1710074725484
1750190400000,2933.9678649467824,2930.3705097849534,1,2830.1710074725484
1750204800000,2931.6427451470636,2931.6208100546137,1,2830.1710074725484
1750219200000,2934.5162422580365,2931.555004777263,1,2830.1710074725484
1750233600000,2933.397552543078,2933.0246559714246,1,2830.1710074725484
1750248000000,2933.046591063875,2931.818225886665,1,2830.1710074725484
1750262400000,2932.1033820885173,2931.050497650909,1,2830.1710074725484
1750276800000,2930.545990524555,2930.326639600053,1,2830.1710074725484
1750291200000,2931.0066274660085,2930.4582501547543,1,2830.1710074725484
1750305600000,2930.831146726407,2929.558911364297,1,2830.1710074725484
1750320000000,2930.809211633957,2930.6556659868056,1,2830.1710074725484
1750334400000,2932.256927735669,2930.6556659868056,1,2830.1710074725484
1750348800000,2936.3807251163016,2932.1253171809676,1,2830.1710074725484
1750363200000,2938.793585285821,2935.9858934521985,1,2830.1710074725484
1750377600000,2939.2103520423743,2937.5213499237107,1,2830.1710074725484
1750392000000,2937.1329965304294,2936.653576893723,1,2780.1710074725484
1750406400000,2936.8133834392916,2935.8865054749913,1,2780.1710074725484
1750420800000,2935.4710084565118,2934.9915888198047,1,2780.1710074725484
1750435200000,2934.2245174010736,2934.0327495463907,1,2780.1710074725484
1750449600000,2933.7770590734804,2932.0191870722215,1,2780.1710074725484
1750464000000,2931.571728744628,2931.0603477988075,1,2780.1710074725484
1750478400000,2930.165431143621,2928.695210924386,1,2780.1710074725484
1750492800000,2930.293276380076,2929.90974067071,1,2780.1710074725484
1750507200000,2930.9005412532383,2929.1107079428652,1,2780.1710074725484
1750521600000,2930.6768120894417,2929.877779361597,1,2780.1710074725484
1750536000000,2930.2293537618484,2929.9417019798243,1,2780.1710074725484
1750550400000,2929.526204961345,2926.45791928642,1,2780.1710074725484
1750564800000,2928.3116752150204,2927.065184159582,1,2780.1710074725484
1750579200000,2927.1610680869235,2926.71360975933,1,2780.1710074725484
1750593600000,2928.7591335426137,2926.71360975933,1,2780.1710074725484
1750608000000,2922.6225621927633,2922.2070651742843,1,2780.1710074725484
1750622400000,2922.3029491016255,2921.599800301122,1,2780.1710074725484
1750636800000,2925.5630026312333,2919.8099669907488,1,2780.1710074725484
1750651200000,2923.805130629974,2922.6225621927633,1,2780.1710074725484
1750665600000,2925.275350849209,2923.485517538836,1,2780.1710074725484
1750680000000,2925.0516216854126,2924.156705030226,1,2780.1710074725484
1750694400000,2922.430794338081,2921.567838992008,1,2780.1710074725484
1750708800000,2925.499080013006,2920.0656574636596,1,2780.1710074725484
1750723200000,2928.05598474211,2924.6680859760468,1,2780.1710074725484
1750737600000,2926.71360975933,2925.9145770314854,1,2780.1710074725484
1750752000000,2925.435157394778,2925.1794669218675,1,2780.1710074725484
1750766400000,2928.950901397296,2925.147505612754,1,2780.1710074725484
1750780800000,2923.9010145573156,2923.8690532482015,1,2780.1710074725484
1750795200000,2924.44435681225,2923.6453240844053,1,2780.1710074725484
1750809600000,2925.2114282309813,2924.316511575795,1,2780.1710074725484
1750824000000,2930.964463871466,2925.11554430364,1,2780.1710074725484
1750838400000,2933.904904309936,2930.101508525393,1,2780.1710074725484
1750852800000,2933.52136860057,2932.3388001633593,1,2780.1710074725484
1750867200000,2933.840981691708,2931.9872257631073,1,2780.1710074725484
1750881600000,2935.6627763111946,2933.5852912187975,1,2780.1710074725484
1750896000000,2934.480207873984,2933.8729430008216,1,2780.1710074725484
1750910400000,2937.0051512939744,2934.0647108555045,1,2780.1710074725484
1750924800000,2939.8497078051028,2936.078273329674,1,2780.1710074725484
1750939200000,2938.219681040299,2937.740261403592,1,2780.1710074725484
1750953600000,2937.260841766885,2936.270041184357,1,2780.1710074725484
1750968000000,2937.3247643851123,2936.909267366633,1,2780.1710074725484
1750982400000,2936.5257316572674,2936.078273329674,1,2780.1710074725484
1750996800000,2938.571255440551,2934.9276662015773,1,2780.1710074725484
1751011200000,2939.4981334048507,2937.3247643851128,1,2780.1710074725484
1751025600000,2938.6351780587784,2938.219681040299,1,2780.1710074725484
1751040000000,2939.9136304233302,2936.653576893723,1,2780.1710074725484
1751054400000,2940.297166132696,2939.562056023078,1,2780.1710074725484
1751068800000,2941.5116958790204,2940.2332435144685,1,2780.1710074725484
1751083200000,2940.297166132696,2939.945591732444,1,2780.1710074725484
1751097600000,2939.050675077258,2938.8908685316887,1,2780.1710074725484
1751112000000,2938.4434102040955,2938.219681040299,1,2780.1710074725484
1751126400000,2936.5257316572674,2936.3339638025845,1,2780.1710074725484
1751140800000,2936.941228675747,2935.822582856764,1,2780.1710074725484
1751155200000,2937.1010352213157,2936.8773060575195,1,2780.1710074725484
1751169600000,2937.420648312454,2936.2700411843566,1,2780.1710074725484
1751184000000,2936.6216155846087,2936.4298477299258,1,2780.1710074725484
1751198400000,2938.507332822323,2936.589654275495,1,2780.1710074725484
1751212800000,2936.909267366633,2936.685538202836,1,2780.1710074725484
1751227200000,2936.7174995119503,2936.397886420812,1,2780.1710074725484
1751241600000,2941.415811951679,2936.6216155846087,1,2780.1710074725484
1751256000000,2940.3930500600372,2939.498133404851,1,2780.1710074725484
1751270400000,2939.530094713965,2939.1145976954854,1,2780.1710074725484
1751284800000,2936.8453447484053,2936.174157257016,1,2780.1710074725484
1751299200000,2944.19644584458,2936.8133834392916,1,2780.1710074725484
1751313600000,2945.5068595182456,2943.908794062556,1,2780.1710074725484
1751328000000,2941.7993476610445,2940.776585769403,1,2780.1710074725484
1751342400000,2947.712189847098,2941.479734569906,1,2780.1710074725484
1751356800000,2948.6390678113985,2946.5615827190013,1,2780.1710074725484
1751371200000,2946.913157119253,2946.05020177318,1,2780.1710074725484
1751385600000,2945.8903952276114,2944.132523226352,1,2780.1710074725484
1751400000000,2943.7809488261005,2943.685064898759,1,2780.1710074725484
1751414400000,2940.0414756597856,2939.1145976954854,1,2780.1710074725484
1751428800000,2941.2240440969963,2939.530094713965,1,2780.1710074725484
1751443200000,2941.7034637337033,2940.8724696967447,1,2780.1710074725484
1751457600000,2940.7446244602893,2940.3930500600372,1,2780.1710074725484
1751472000000,2941.0322762423134,2939.498133404851,1,2780.1710074725484
1751486400000,2942.214844679524,2940.968353624086,1,2780.1710074725484
1751500800000,2943.461335734962,2941.0003149331997,1,2780.1710074725484
1751515200000,2940.8085470785168,2940.137359587127,1,2780.1710074725484
1751529600000,2942.023076824841,2940.1693208962406,1,2780.1710074725484
1751544000000,2941.9271928975,2940.5528566056064,1,2780.1710074725484
1751558400000,2937.708300094478,2937.3247643851123,1,2780.1710074725484
1751572800000,2938.7630232952333,2937.069073912202,1,2780.1710074725484
1751587200000,2938.8269459134613,2938.603216749664,1,2780.1710074725484
1751601600000,2936.078273329674,2935.471008456512,1,2780.1710074725484
1751616000000,2932.4666453998143,2932.274877545132,1,2780.1710074725484
1751630400000,2934.1286334737324,2930.005624598052,1,2780.1710074725484
1751644800000,2933.7450977643666,2932.9460650365218,1,2780.1710074725484
1751659200000,2936.0143507114467,2932.9460650365218,1,2780.1710074725484
1751673600000,2934.8317822742356,2934.735898346895,1,2780.1710074725484
1751688000000,2934.9276662015773,2934.640014419553,1,2780.1710074725484
1751702400000,2934.767859656008,2933.9368656190495,1,2780.1710074725484
1751716800000,2934.3523626375286,2934.1605947828457,1,2780.1710074725484
1751731200000,2934.1286334737324,2934.000788237277,1,2780.1710074725484
1751745600000,2935.343163220057,2933.777059073481,1,2780.1710074725484
1751760000000,2936.557692966381,2934.959627510691,1,2780.1710074725484
1751774400000,2935.8545441658775,2935.4070858382843,1,2780.1710074725484
1751788800000,2934.959627510691,2934.5121691830977,1,2780.1710074725484
1751803200000,2935.79062154765,2934.480207873984,1,2780.1710074725484
1751817600000,2938.379487585868,2935.598853692967,1,2780.1710074725484
1751832000000,2939.2104816228266,2938.1237971129576,1,2780.1710074725484
1751846400000,2937.260841766885,2937.228880457771,1,2780.1710074725484
1751860800000,2939.1145976954854,2935.982389402333,1,2780.1710074725484
1751875200000,2938.4434102040955,2938.3475262767543,1,2780.1710074725484
1751889600000,2938.7310619861196,2937.8361453309335,1,2780.1710074725484
1751904000000,2938.1237971129576,2937.995951876502,1,2780.1710074725484
1751918400000,2937.6124161671364,2936.6535768937224,1,2780.1710074725484
1751932800000,2938.8908685316887,2937.2288804577706,1,2780.1710074725484
1751947200000,2938.9228298408025,2938.027913185616,1,2780.1710074725484
1751961600000,2939.625978641306,2938.7310619861196,1,2780.1710074725484
1751976000000,2939.5940173321924,2939.0826363863716,1,2780.1710074725484
1751990400000,2941.3199280243375,2939.5620560230786,1,2780.1710074725484
1752004800000,2939.7857851868753,2939.7218625686473,1,2780.1710074725484
1752019200000,2940.3291274418098,2939.178520313713,1,2780.1710074725484
1752033600000,2942.4705351524344,2939.945591732444,1,2780.1710074725484
1752048000000,2942.406612534207,2942.1828833704103,1,2780.1710074725484
1752062400000,2942.8221095526865,2941.3838506425654,1,2780.1710074725484
1752076800000,2942.1509220612966,2941.9271928975,1,2780.1710074725484
1752091200000,2943.013877407369,2940.7126631511755,1,2780.1710074725484
1752105600000,2944.611942863059,2942.0230768248416,1,2780.1710074725484
1752120000000,2942.593140035734,2941.289750700091,4,2630.1710074725484
1752134400000,2946.0979739827544,2941.5895793150944,4,2630.1710074725484
1752148800000,2945.4752157815224,2944.277952953891,4,2630.1710074725484
1752163200000,2940.920963475005,2938.2439929130715,3,2678.823931405617
1752177600000,2944.9265628743165,2940.5983256744385,3,2678.823931405617
1752192000000,2950.470591363983,2944.0298681125546,3,2678.823931405617
1752206400000,2952.5500246759266,2946.8439807423783,5,2578.823931405617
1752220800000,2952.083902439952,2950.1137064862905,5,2578.823931405617
1752235200000,2954.8517521284107,2951.998792096539,5,2578.823931405617
1752249600000,2958.685604690919,2952.5778948711295,5,2578.823931405617
1752264000000,2964.915542891999,2955.901297019244,5,2578.823931405617
1752278400000,2959.2783379589546,2954.1270949455406,5,2578.823931405617
1752292800000,2961.456930426433,2955.6377512114323,5,2578.823931405617
1752307200000,2956.206218791895,2953.071717308592,5,2578.823931405617
1752321600000,2957.3418574453462,2955.173686911421,5,2578.823931405617
1752336000000,2948.232179378892,2946.7944681163153,5,2578.823931405617
1752350400000,2951.4268113958665,2947.504459074782,5,2578.823931405617
1752364800000,2950.760016941873,2947.1426894887745,5,2578.823931405617
1752379200000,2951.8855423232944,2949.650679029651,5,2578.823931405617
1752393600000,2953.3245569747714,2950.8680580751543,5,2578.823931405617
1752408000000,2952.2893392787582,2950.0176101947563,5,2578.823931405617
1752422400000,2954.5208299009814,2951.697406494112,5,2578.823931405617
1752436800000,2955.5749370765307,2951.9957891748722,5,2578.823931405617
1752451200000,2954.9867790846138,2950.4077043251777,5,2578.823931405617
1752465600000,2961.4931408216707,2952.642803516154,5,2528.823931405617
1752480000000,2965.2832691162284,2957.8745736953674,5,2528.823931405617
1752494400000,2963.679805898332,2961.3456956088985,5,2528.823931405617
1752508800000,2957.1347035747103,2954.765547114876,5,2528.823931405617
1752523200000,2956.1963567080497,2953.7831016702617,5,2528.823931405617
1752537600000,2957.0339698067382,2951.9591035049884,5,2528.823931405617
1752552000000,2944.828202532054,2940.9351566607356,6,2478.823931405617
1752566400000,2945.343217179634,2941.3906650466715,6,2478.823931405617
1752580800000,2947.1714641068315,2941.929963856121,6,2478.823931405617
1752595200000,2948.1690997323094,2941.701894006863,6,2478.823931405617
1752609600000,2946.807986102623,2945.7833861462577,6,2478.823931405617
1752624000000,2956.4605240017513,2945.472048076936,6,2478.823931405617
1752638400000,2954.06857835507,2952.242060031092,6,2478.823931405617
1752652800000,2957.581229684963,2952.2738804374735,6,2478.823931405617
1752667200000,2957.721790305965,2955.0206033506183,6,2478.823931405617
1752681600000,2959.064890321377,2953.381156740845,6,2478.823931405617
1752696000000,2966.6760739621927,2956.5432764776424,6,2478.823931405617
1752710400000,2964.0432177977123,2962.2113817012946,6,2478.823931405617
1752724800000,2958.3651944228154,2955.114084602648,7,2378.823931405617
1752739200000,2969.763060246406,2956.4673101577464,7,2378.823931405617
1752753600000,2971.477772845276,2966.044035558486,7,2378.823931405617
1752768000000,2970.934753425635,2962.4212063960467,7,2378.823931405617
1752782400000,2968.607201267806,2963.963846971488,7,2378.823931405617
1752796800000,2978.894452603441,2963.314293078626,7,2378.823931405617
1752811200000,3004.066871658126,2976.2868376485058,9,2278.823931405617
1752825600000,3007.4269139899625,2996.741728353025,9,2278.823931405617
1752840000000,3010.038929467547,3002.0812611942133,9,2278.823931405617
1752854400000,2994.036644064284,2986.9709509992967,9,2278.823931405617
1752868800000,2992.1203556880073,2986.51958193987,9,2278.823931405617
1752883200000,2991.2061709495088,2978.615570941294,9,2278.823931405617
1752897600000,2996.1418716094176,2979.3124321379737,9,2228.823931405617
1752912000000,2993.7201606612266,2990.394755209161,9,2228.823931405617
1752926400000,2988.8144018985968,2985.4391355162434,9,2228.823931405617
1752940800000,2987.577165158941,2980.343304539882,9,2228.823931405617
1752955200000,2999.2955173985674,2984.0371665423163,9,2228.823931405617
1752969600000,2999.0919062323046,2988.9463273958927,9,2228.823931405617
1752984000000,3008.3169113665585,2992.500110598563,9,2178.823931405617
1752998400000,3015.8642085025217,3003.6469389221375,9,2178.823931405617
1753012800000,3023.496802759612,3013.0095896953967,9,2178.823931405617
1753027200000,3034.7586072075223,3017.707123739934,9,2178.823931405617
1753041600000,3032.294578038831,3025.8547210173656,9,2178.823931405617
1753056000000,3029.730950625126,3013.9718364545583,9,2178.823931405617
1753070400000,3030.0538166227725,3009.075731396797,9,2078.823931405617
1753084800000,3037.969872279662,3021.838419891672,9,2078.823931405617
1753099200000,3036.5896404744162,3026.890564138732,9,2078.823931405617
1753113600000,3051.321092911883,3030.0198421034165,9,2078.823931405617
1753128000000,3030.6627422126344,3025.885122677437,9,2078.823931405617
1753142400000,3036.8897247897517,3025.1614402968366,9,2078.823931405617
1753156800000,3032.0664978729737,3016.672861839064,9,2078.823931405617
1753171200000,3024.695074160612,3011.222480172068,9,2078.823931405617
1753185600000,3032.279416523952,3008.39951770318,9,2078.823931405617
1753200000000,3032.9479770400226,3013.1636891951684,9,2078.823931405617
1753214400000,3030.892352854452,3025.0813763267483,9,2078.823931405617
1753228800000,3052.81994056596,3028.617961087821,9,2078.823931405617
1753243200000,3047.734402755158,3039.8221737476806,9,2078.823931405617
1753257600000,3039.41941239615,3036.0186874096676,9,2078.823931405617
1753272000000,3037.905844064795,3027.2207693214086,9,2078.823931405617
1753286400000,3016.4538512986237,2993.1877507226573,9,2078.823931405617
1753300800000,2999.8872406266023,2987.4489542384813,9,2078.823931405617
1753315200000,3005.4864650034338,2974.667846352271,9,2078.823931405617
1753329600000,3009.8089595374067,3000.672229851242,9,2078.823931405617
1753344000000,2987.3471653353126,2960.933897575616,9,2078.823931405617
1753358400000,3007.2276771864094,2982.075627208212,9,2078.823931405617
1753372800000,3015.7077574329815,2992.383774749972,9,2078.823931405617
1753387200000,3013.823613820291,2998.4058799817567,9,2078.823931405617
1753401600000,2999.9977364143674,2996.3475115214537,9,2078.823931405617
1753416000000,2983.18123230465,2974.326810999199,9,2078.823931405617
1753430400000,2991.092327860354,2975.9077008746694,9,2078.823931405617
1753444800000,3020.8566134902103,2989.2339281656746,9,2078.823931405617
1753459200000,2994.9828847346466,2986.356462700329,9,2078.823931405617
1753473600000,3003.492417986466,2990.490264389624,9,2078.823931405617
1753488000000,3026.013170306856,3002.438639677949,9,2078.823931405617
1753502400000,3026.3266791422016,3016.9387939317794,9,2078.823931405617
1753516800000,3023.336452288624,3021.108401441326,9,2078.823931405617
1753531200000,3027.9780105937025,3022.409840676608,9,2078.823931405617
1753545600000,3027.996761655999,3022.2180563492684,9,2078.823931405617
1753560000000,3032.631227900565,3021.4523091830465,9,2078.823931405617
1753574400000,3030.472130598414,3026.5693509164353,9,2078.823931405617
1753588800000,3037.765442694464,3026.6684950194667,9,2078.823931405617
1753603200000,3042.584472296014,3034.2530125363346,9,2078.823931405617
1753617600000,3045.498065541851,3035.2986922093164,9,2078.823931405617
1753632000000,3053.3716898900752,3041.147772465889,9,2078.823931405617
1753646400000,3060.320820033664,3049.529399690666,9,2078.823931405617
1753660800000,3065.870902911932,3051.7370528323263,9,2078.823931405617
1753675200000,3069.238408105502,3058.611610140515,9,2078.823931405617
1753689600000,3069.687567895288,3061.411813032328,9,2078.823931405617
1753704000000,3065.7777585095837,3058.0278890923337,9,2078.823931405617
1753718400000,3046.3679718709877,3040.0112180934593,9,2078.823931405617
1753732800000,3039.621420214713,3031.517561735168,9,2078.823931405617
1753747200000,3033.0026046513544,3026.667785041468,9,2078.823931405617
1753761600000,3038.083241257917,3020.9439394042365,9,2078.823931405617
1753776000000,3043.7866148360613,3030.4265293253598,9,2078.823931405617
1753790400000,3030.3747859402824,3025.2411907312216,9,2078.823931405617
1753804800000,3016.616282171894,3010.8756961488307,9,2078.823931405617
1753819200000,3018.1006909034913,3007.6903288115714,9,2078.823931405617
1753833600000,3021.8732984994185,3011.082892384272,9,2078.823931405617
1753848000000,3025.6134843250743,3011.723841757929,9,2078.823931405617
1753862400000,3021.78281410539,3015.093786900259,9,2078.823931405617
1753876800000,3003.2796208869245,2999.2510670768665,9,2078.823931405617
1753891200000,3016.082223420436,2998.6966703765406,9,2078.823931405617
1753905600000,3004.7986750892956,2979.909672965231,8,2123.0609883812376
1753920000000,3019.2498702351463,2999.5619033673424,8,2123.0609883812376
1753934400000,3024.25911781117,3014.155284590228,8,2123.0609883812376
1753948800000,3025.452212164805,3021.0540303189073,8,2123.0609883812376
1753963200000,3021.2918685688674,3018.4427726692575,8,2123.0609883812376
1753977600000,3008.9166893770534,2999.9535691912965,8,2123.0609883812376
1753992000000,2998.463357651828,2996.8452321136583,8,2123.0609883812376
1754006400000,2986.2155534307544,2983.344342537252,8,2123.0609883812376
1754020800000,2989.077332254695,2969.645124419191,8,2123.0609883812376
1754035200000,2976.604311147585,2971.8608871726565,8,2123.0609883812376
1754049600000,2974.8284765642848,2961.4443441396393,7,2172.0198404988037
1754064000000,2971.4780383546204,2957.2959844578954,7,2172.0198404988037
1754078400000,2964.488484181227,2954.5592369944175,7,2172.0198404988037
1754092800000,2955.9659508990912,2942.1504580100636,6,2262.221039434222
1754107200000,2962.737148262234,2953.278684573778,6,2262.221039434222
1754121600000,2961.4299386835273,2950.075959403308,6,2262.221039434222
1754136000000,2955.2081215454446,2949.859637464642,6,2262.221039434222
1754150400000,2947.411147146556,2944.2821797264387,6,2262.221039434222
1754164800000,2935.846385110467,2932.1617557566797,6,2262.221039434222
1754179200000,2936.0524860170262,2931.1331727052866,6,2262.221039434222
1754193600000,2947.4756446852,2928.302177305011,6,2262.221039434222
1754208000000,2952.1784618582446,2944.2503001161826,6,2262.221039434222
1754222400000,2956.1279268027015,2951.1396534161267,6,2262.221039434222
1754236800000,2958.859479137784,2953.1152682597603,6,2262.221039434222
1754251200000,2960.2651846723,2956.2542426844707,6,2262.221039434222
1754265600000,2962.3481000214338,2958.4327186048013,6,2262.221039434222
1754280000000,2972.025262712896,2961.300234121073,6,2262.221039434222
1754294400000,2972.442616103326,2965.8160777248895,6,2262.221039434222
1754308800000,2974.626519340786,2969.5597621505813,6,2262.221039434222
1754323200000,2998.564038940408,2972.709099637231,6,2262.221039434222
1754337600000,2993.4987846302747,2989.458469346721,6,2262.221039434222
1754352000000,3004.705656652292,2990.3405907933293,6,2262.221039434222
1754366400000,2996.4198855214872,2994.455918628698,6,2262.221039434222
1754380800000,2991.151176686438,2987.5794313170763,6,2262.221039434222
1754395200000,3008.5557383630758,2988.271652775057,6,2262.221039434222
1754409600000,2986.3347224377785,2982.802838367373,6,2262.221039434222
1754424000000,2976.1077983601026,2974.079309714076,6,2262.221039434222
1754438400000,2983.7117049005483,2972.4042648928794,6,2262.221039434222
1754452800000,2977.7125210421023,2973.5337045569427,6,2262.221039434222
1754467200000,2988.6636571292293,2974.9001157614252,6,2262.221039434222
1754481600000,2983.901311330705,2979.7298948146968,6,2262.221039434222
1754496000000,2995.1317943766485,2977.034307742265,6,2262.221039434222
1754510400000,2999.1789776961978,2988.603010103718,6,2262.221039434222
1754524800000,2995.6254281814213,2992.148163098384,6,2262.221039434222
1754539200000,2993.2156301273885,2990.5452699139737,6,2262.221039434222
1754553600000,2999.5453433306766,2991.984967021718,6,2262.221039434222
1754568000000,3012.742136238993,2993.1873178195992,6,2262.221039434222
1754582400000,3010.9730380618585,3004.197482456773,6,2262.221039434222
1754596800000,3017.738852321461,3001.328669540957,6,2262.221039434222
1754611200000,3028.572001301226,3015.392035836606,6,2262.221039434222
1754625600000,3028.1224028921133,3018.428794003209,6,2262.221039434222
1754640000000,3031.1721050839647,3020.1904883112766,6,2262.221039434222
1754654400000,3030.348284411692,3025.139694089627,6,2262.221039434222
1754668800000,3027.1318077289493,3021.2650907249795,6,2262.221039434222
1754683200000,3046.9989808384735,3026.5961369149677,6,2262.221039434222
1754697600000,3039.3037919380513,3038.522609636206,6,2262.221039434222
1754712000000,3043.187125495931,3037.0860547880684,6,2212.221039434222
1754726400000,3054.840666361321,3041.203863547104,6,2212.221039434222
1754740800000,3054.5865505525535,3051.051183865655,6,2212.221039434222
1754755200000,3039.7348274574374,3034.096812185411,6,2212.221039434222
1754769600000,3043.9723917110778,3037.663410628597,6,2212.221039434222
1754784000000,3038.7637471493954,3036.350704073964,6,2212.221039434222
1754798400000,3046.9541170901766,3033.583499415762,7,2162.221039434222
1754812800000,3028.3955846998447,3024.2670901385463,7,2162.221039434222
1754827200000,3030.990756596112,3021.220512421227,7,2162.221039434222
1754841600000,3045.8537320204164,3022.742683661367,7,2162.221039434222
1754856000000,3044.9303784529166,3039.777909825508,7,2162.221039434222
1754870400000,3043.8196496070314,3035.540979688938,7,2162.221039434222
1754884800000,3059.045477360242,3040.0957803558863,7,2162.221039434222
1754899200000,3048.531361846426,3046.5525718025233,7,2162.221039434222
1754913600000,3041.712922799657,3031.254909649327,7,2162.221039434222
1754928000000,3052.9313794113345,3032.649066523527,7,2162.221039434222
1754942400000,3047.939372885616,3039.2909324090742,7,2162.221039434222
1754956800000,3039.615112323808,3032.005454601397,7,2162.221039434222
1754971200000,3051.9655310686394,3038.042798169944,7,2162.221039434222
1754985600000,3050.71451142913,3044.1308492252997,7,2162.221039434222
1755000000000,3044.982034318854,3035.602553782482,7,2162.221039434222
1755014400000,3076.0894950565776,3040.7337142467886,7,2162.221039434222
1755028800000,3089.952901103897,3069.139236898519,7,2162.221039434222
1755043200000,3096.2842138827355,3086.2216174863697,7,2162.221039434222
1755057600000,3100.6722275155876,3076.7108624964158,7,2012.221039434222
1755072000000,3103.087183393385,3085.2034121809957,7,2012.221039434222
1755086400000,3115.178786502818,3096.579336187618,7,2012.221039434222
1755100800000,3106.015734979931,3094.424954376403,7,2012.221039434222
1755115200000,3110.0239305331065,3097.8160054956284,7,2012.221039434222
1755129600000,3115.2664318150114,3102.6852452133303,7,2012.221039434222
1755144000000,3130.7033329950673,3108.1953957958735,10,1862.221039434222
1755158400000,3108.1793371533204,3099.748444496173,10,1862.221039434222
1755172800000,3097.2111131498423,3088.937289025884,10,1862.221039434222
1755187200000,3062.004402540174,3023.9864903329244,10,1862.221039434222
1755201600000,3049.0863405979926,3034.6680308898053,10,1862.221039434222
1755216000000,3052.1604541420306,3028.194444243403,10,1862.221039434222
1755230400000,3066.807754461665,3045.6817065783666,10,1862.221039434222
1755244800000,3066.127416186061,3056.3447508837567,10,1862.221039434222
1755259200000,3059.662255791766,3054.8690288956063,10,1862.221039434222
1755273600000,3022.918370660251,3014.8044846637945,10,1862.221039434222
1755288000000,3022.6500060982553,3011.870306751099,10,1862.221039434222
1755302400000,3035.5878774785406,3018.9860692133548,10,1862.221039434222
1755316800000,3039.693477609145,3033.0501413679344,10,1862.221039434222
1755331200000,3046.1076839989605,3032.0884356955794,10,1862.221039434222
1755345600000,3029.405866931363,3026.69357435322,10,1862.221039434222
1755360000000,3033.889747998341,3023.1756001221875,10,1862.221039434222
1755374400000,3042.020606420385,3030.1570406043948,10,1862.221039434222
1755388800000,3046.4791641430456,3038.244728772268,10,1862.221039434222
1755403200000,3055.070793710271,3037.8766474680474,10,1862.221039434222
1755417600000,3066.838076273126,3053.177094573903,10,1862.221039434222
1755432000000,3075.9433674721663,3061.0515966716735,10,1862.221039434222
1755446400000,3085.1286628474263,3063.2431405728416,10,1862.221039434222
1755460800000,3063.248255334563,3057.260279055975,10,1862.221039434222
1755475200000,3065.422238850794,3060.9737264920145,10,1862.221039434222
1755489600000,3028.640519610312,3016.550932329631,10,1812.221039434222
1755504000000,3014.675270009258,3005.672599914942,10,1812.221039434222
1755518400000,3013.521466976983,3002.769080345716,10,1812.221039434222
1755532800000,3032.517979146835,3010.8681788148688,10,1812.221039434222
1755547200000,3038.4577707266867,3020.494753138058,10,1812.221039434222
1755561600000,3036.6030852612835,3027.9746136288322,10,1812.221039434222
1755576000000,3009.400242481199,3005.747198986531,10,1812.221039434222
1755590400000,3011.958927735188,2998.120063955597,9,1858.3933308622652
1755604800000,3026.0793646418992,3006.0225281399194,9,1858.3933308622652
1755619200000,2998.161726784838,2990.4905667266826,9,1858.3933308622652
1755633600000,2987.7990502354305,2975.9779062033426,8,1918.6911226580885
1755648000000,2976.6758788919274,2973.7066919373233,8,1918.6911226580885
1755662400000,2990.4808217556997,2971.9218850950433,8,1918.6911226580885
1755676800000,2995.6024442781986,2988.5114076835803,8,1918.6911226580885
1755691200000,3000.6137868547403,2987.722622667055,8,1918.6911226580885
1755705600000,3014.4604344303148,2981.1104060450843,8,1918.6911226580885
1755720000000,3039.039093997966,3010.1731189124566,8,1918.6911226580885
1755734400000,3038.5376638869725,3032.1291463733082,8,1918.6911226580885
1755748800000,3031.0359832853997,3026.672864850209,8,1918.6911226580885
1755763200000,3029.5044556795256,3020.923778199553,8,1918.6911226580885
1755777600000,3022.0197545789956,3015.9135729539526,8,1918.6911226580885
1755792000000,3007.169334006468,3004.2416638548616,8,1918.6911226580885
1755806400000,3004.840969897947,2998.0770245788844,8,1918.6911226580885
1755820800000,3004.346349582992,2998.2867253265035,8,1918.6911226580885
1755835200000,3010.710187753897,3000.429032458504,8,1918.6911226580885
1755849600000,3021.472039836484,3009.1536817460537,8,1918.6911226580885
1755864000000,3003.7784951206763,3002.065241005984,8,1918.6911226580885
1755878400000,3076.167771920252,2989.7838906545885,8,1918.6911226580885
1755892800000,3110.4890061512065,3076.1467807579716,8,1918.6911226580885
1755907200000,3107.7760095169324,3100.4048817346293,8,1918.6911226580885
1755921600000,3078.1608689161953,3071.5069332376484,8,1918.6911226580885
1755936000000,3086.4118433301924,3076.7415143053377,8,1918.6911226580885
1755950400000,3082.229927867607,3078.1708811487347,8,1918.6911226580885
1755964800000,3087.7515445761883,3076.6713955609857,8,1918.6911226580885
1755979200000,3090.348208261266,3080.8230655412485,8,1918.6911226580885
1755993600000,3091.9169130927066,3083.464845229933,8,1918.6911226580885
1756008000000,3090.561213840491,3081.79008233419,8,1918.6911226580885
1756022400000,3077.968270344945,3077.0330502690754,8,1918.6911226580885
1756036800000,3071.0606657294334,3065.417173047139,8,1918.6911226580885
1756051200000,3078.411835036325,3068.287006359156,8,1918.6911226580885
1756065600000,3085.143866485016,3064.992727209687,8,1918.6911226580885
1756080000000,3075.1763462981526,3060.7296311695495,8,1918.6911226580885
1756094400000,3072.0829124234533,3053.4378571983316,8,1918.6911226580885
1756108800000,3033.0442950079987,3029.194655406376,8,1918.6911226580885
1756123200000,3025.0446169096444,3014.708267086979,7,2063.7924986721523
1756137600000,3021.662429790192,3016.174006867299,7,2063.7924986721523
1756152000000,2998.6032952376704,2996.1767433496693,6,2212.0712261338
1756166400000,2987.172103523655,2979.141989818915,5,2385.5296012713534
1756180800000,2987.87222122777,2979.3903426159254,5,2385.5296012713534
1756195200000,2989.2623032222655,2984.4809379161375,5,2385.5296012713534
1756209600000,2991.1992603677118,2985.102419006606,5,2385.5296012713534
1756224000000,3001.840596188022,2988.099794853736,5,2385.5296012713534
1756238400000,3011.5514051899377,2999.3431474147687,5,2385.5296012713534
1756252800000,3011.7646279319133,3007.9915545642725,5,2385.5296012713534
1756267200000,3012.958984266201,3004.403651808381,5,2385.5296012713534
1756281600000,3009.3042579685375,3006.675828321331,5,2385.5296012713534
1756296000000,3013.245243457858,3005.4416269866356,5,2385.5296012713534
1756310400000,3017.2869434956056,3008.178622849598,5,2385.5296012713534
1756324800000,3010.77021786853,3007.6748238099426,5,2385.5296012713534
1756339200000,3003.1618949623567,3000.2924847624013,5,2385.5296012713534
1756353600000,3009.1775925328625,2998.545465353929,5,2385.5296012713534
1756368000000,3016.3565047060542,3007.5568085107707,5,2385.5296012713534
1756382400000,3015.059684973314,3009.88084238627,5,2385.5296012713534
1756396800000,3015.084905142324,3006.7104195891184,5,2385.5296012713534
1756411200000,3009.120658041371,3007.084216965115,5,2385.5296012713534
1756425600000,3019.3495054702034,3007.948731784841,5,2385.5296012713534
1756440000000,3012.7301858622204,3007.5885738257475,5,2385.5296012713534
1756454400000,2997.1059672051524,2993.556452395424,5,2385.5296012713534
1756468800000,2993.9320717634414,2989.439807171363,5,2385.5296012713534
1756483200000,2992.786973905897,2986.5510586145847,5,2385.5296012713534
1756497600000,2992.5992028593046,2987.2418936026006,5,2385.5296012713534
1756512000000,2995.6145139621963,2987.3119938855966,5,2385.5296012713534
1756526400000,2994.2351761711125,2983.56965976277,5,2385.5296012713534
1756540800000,2997.08906338107,2992.485948499657,5,2385.5296012713534
1756555200000,2995.672585003434,2993.0716763103746,5,2385.5296012713534
1756569600000,2993.539299034526,2986.144786203047,4,2430.1489632844005
1756584000000,2992.321651316804,2990.0843868718566,4,2430.1489632844005
1756598400000,2995.0730206910534,2990.139153904141,4,2430.1489632844005
1756612800000,3003.092814417628,2993.832247820687,4,2430.1489632844005
1756627200000,2999.1297797813004,2997.473946585307,4,2430.1489632844005
1756641600000,3000.9931212514184,2996.8918865700803,4,2430.1489632844005
1756656000000,3001.77145236837,2997.9175857238556,4,2430.1489632844005
1756670400000,3000.4920708099294,2999.06579837175,4,2430.1489632844005
1756684800000,2992.4100336700094,2991.5621091527173,4,2430.1489632844005
1756699200000,2991.2589831942664,2987.3538219872344,4,2430.1489632844005
1756713600000,3000.0991370083134,2985.167243231057,4,2430.1489632844005
1756728000000,2991.1039115099798,2989.6979458976875,4,2430.1489632844005
1756742400000,2985.7800673813517,2983.9329938160404,4,2430.1489632844005
1756756800000,2987.194703081528,2980.9751378766055,4,2430.1489632844005
1756771200000,2981.4596348341097,2972.515726582563,4,2430.1489632844005
1756785600000,2990.121368105794,2978.7625362096683,4,2430.1489632844005
1756800000000,2991.916729851893,2989.1105473357143,4,2430.1489632844005
1756814400000,2988.1649789070448,2987.3964558179223,4,2430.1489632844005
1756828800000,2983.819683405489,2979.505321588424,4,2430.1489632844005
1756843200000,2986.275717572108,2981.4348406248373,4,2430.1489632844005
1756857600000,2992.522787777004,2985.3110675418484,4,2430.1489632844005
1756872000000,2992.4129674627475,2987.7908880812674,4,2430.1489632844005
1756886400000,2991.0624796382376,2988.1380856469473,4,2430.1489632844005
1756900800000,2995.037480286701,2989.407360539123,4,2430.1489632844005
1756915200000,3003.2070528277386,2992.147604694511,4,2430.1489632844005
1756929600000,3002.184435386653,2999.4399423057503,4,2430.1489632844005
1756944000000,2999.8212027816157,2997.9601686270375,4,2430.1489632844005
1756958400000,2994.697660533534,2993.7452950520715,4,2430.1489632844005
1756972800000,2991.355693122672,2988.914782930025,4,2430.1489632844005
1756987200000,2993.117172689707,2990.375848181596,4,2430.1489632844005
1757001600000,2982.1155799895914,2981.139721782352,4,2430.1489632844005
1757016000000,2979.0727896238955,2977.474064208889,4,2430.1489632844005
1757030400000,2980.3534128180545,2978.5484445624543,4,2430.1489632844005
1757044800000,2983.4846973832996,2979.061911563138,4,2430.1489632844005
1757059200000,2992.9965985251683,2981.7457382936022,4,2430.1489632844005
1757073600000,2991.106000111557,2987.011977049846,4,2430.1489632844005
1757088000000,2980.620007575613,2977.2400395169147,4,2430.1489632844005
1757102400000,2985.054591572669,2978.474075559036,4,2430.1489632844005
1757116800000,2982.1665725454486,2980.351137728378,4,2430.1489632844005
1757131200000,2985.3706663136345,2981.602153739272,4,2430.1489632844005
1757145600000,2983.8998212441843,2981.4651821302537,4,2430.1489632844005
1757160000000,2983.903562380218,2980.795605576562,4,2430.1489632844005
1757174400000,2980.796857698144,2980.0703191035923,4,2430.1489632844005
1757188800000,2978.358238902157,2977.202939056929,4,2430.1489632844005
1757203200000,2981.6920143813686,2977.946434798792,4,2430.1489632844005
1757217600000,2985.676871013405,2981.458097604482,4,2430.1489632844005
1757232000000,2985.433100453365,2983.5505410492224,4,2430.1489632844005
1757246400000,2988.0800087103726,2984.0994598004913,4,2430.1489632844005
1757260800000,2988.3257684820073,2985.119669417931,4,2430.1489632844005
1757275200000,2986.484456902671,2983.9635309511514,4,2430.1489632844005
1757289600000,2990.4893851794527,2985.117185803979,4,2430.1489632844005
1757304000000,2992.3176527261176,2987.1694995753514,4,2430.1489632844005
1757318400000,2988.5772567142817,2987.1113092485525,4,2430.1489632844005
1757332800000,2995.649049361796,2987.152457550534,4,2430.1489632844005
1757347200000,3000.11573331419,2994.1929270206183,4,2430.1489632844005
1757361600000,2995.138923453447,2993.32530536602,4,2430.1489632844005
1757376000000,2995.5995686205506,2992.955006882142,4,2430.1489632844005
1757390400000,2994.7763128620613,2989.2964499527434,5,2380.1489632844005
1757404800000,3003.3459044134574,2993.3174503109017,5,2380.1489632844005
1757419200000,3001.407921182129,3000.7015928842993,5,2380.1489632844005
1757433600000,2991.9603033813605,2989.866378728328,5,2380.1489632844005
1757448000000,2995.4265106885778,2990.7223579297593,5,2380.1489632844005
1757462400000,2996.638389002575,2992.901459411663,5,2380.1489632844005
1757476800000,2999.892402628825,2992.5127256795167,5,2380.1489632844005
1757491200000,3002.0559882511016,2996.0878598869785,5,2380.1489632844005
1757505600000,3001.0704353831443,2998.435640546769,5,2380.1489632844005
1757520000000,3009.97942757363,3000.7209372230573,5,2380.1489632844005
1757534400000,3002.022589261735,2999.3343850834503,5,2380.1489632844005
1757548800000,3007.181101113786,3001.1874463133954,5,2380.1489632844005
1757563200000,3012.460973768879,3003.691844832193,5,2330.1489632844005
1757577600000,3013.543530480613,3008.664626206469,5,2330.1489632844005
1757592000000,3014.2851006818073,3010.1819708831936,5,2330.1489632844005
1757606400000,3010.842297369618,3003.6424842872143,5,2330.1489632844005
1757620800000,3015.7469536371664,3009.8450368506146,5,2330.1489632844005
1757635200000,3023.5769909174555,3013.6973781751935,5,2330.1489632844005
1757649600000,3032.139666703182,3021.321404372032,5,2280.1489632844005
1757664000000,3032.4107604767414,3029.345037886418,5,2280.1489632844005
1757678400000,3032.0664118440322,3028.837129373849,5,2280.1489632844005
1757692800000,3037.031635344166,3028.4895058388597,5,2280.1489632844005
1757707200000,3052.335812818053,3035.026476778056,5,2280.1489632844005
1757721600000,3056.9289859643136,3047.634879473083,5,2280.1489632844005
1757736000000,3062.9906062209916,3052.0529475035696,7,2180.1489632844005
1757750400000,3061.5941444979408,3056.9198956866408,7,2180.1489632844005
1757764800000,3072.7070701228877,3059.8226556397144,7,2180.1489632844005
1757779200000,3064.2911693475958,3058.7467588818236,7,2180.1489632844005
1757793600000,3056.7037452270083,3047.194011739367,7,2180.1489632844005
1757808000000,3062.6820066111914,3056.0444243051734,7,2180.1489632844005
1757822400000,3058.1619592971083,3052.401305448714,9,2080.1489632844005
1757836800000,3060.9437484016626,3051.7833469404236,9,2080.1489632844005
1757851200000,3053.1896856581175,3051.623089563532,9,2080.1489632844005
1757865600000,3039.3670256087644,3034.7956978138477,8,2127.873268735616
1757880000000,3043.5802728609315,3037.3029333368313,8,2127.873268735616
1757894400000,3040.8065736051444,3039.073224651912,8,2127.873268735616
1757908800000,3047.6809646645456,3034.902113717588,8,2127.873268735616
1757923200000,3032.5583271477803,3029.4982194710155,8,2127.873268735616
1757937600000,3022.6983186358825,3011.439455468713,8,2127.873268735616
1757952000000,3016.1190212640217,3010.1267063548535,8,2127.873268735616
1757966400000,3017.8224219701947,3009.8956833021402,8,2127.873268735616
1757980800000,3023.0246944106316,3016.5802602487465,8,2127.873268735616
1757995200000,3021.691223926329,3017.6935003238723,8,2127.873268735616
1758009600000,3025.552089477043,3014.1005920484586,8,2127.873268735616
1758024000000,3024.172920176098,3020.9906705746007,8,2127.873268735616
1758038400000,3026.226129746561,3009.89558720608,8,2127.873268735616
1758052800000,3033.8178178165267,3020.7216722449716,8,2127.873268735616
1758067200000,3033.9432633218944,3030.794422326367,8,2127.873268735616
1758081600000,3029.352113060253,3028.075963975693,8,2127.873268735616
1758096000000,3035.7681661395004,3022.5068449551363,8,2127.873268735616
1758110400000,3025.829359059392,3023.3599683650586,8,2127.873268735616
1758124800000,3023.979518082489,3018.8120656698925,8,2127.873268735616
1758139200000,3036.535660057605,3014.392464090423,8,2127.873268735616
1758153600000,3060.379813734227,3028.031494418951,8,2127.873268735616
1758168000000,3066.0479418959953,3054.494861039182,8,2127.873268735616
1758182400000,3061.159655325632,3052.335117996039,8,2127.873268735616
1758196800000,3062.5026694798303,3057.8610842901967,8,2127.873268735616
1758211200000,3070.6393672828954,3059.304905776546,8,2127.873268735616
1758225600000,3067.5651548367655,3063.9497154180563,8,2127.873268735616
1758240000000,3064.3127828869906,3059.350100385373,8,2127.873268735616
1758254400000,3061.628048035397,3058.5052471687263,8,2127.873268735616
1758268800000,3062.5272372785976,3053.933688875925,8,2127.873268735616
1758283200000,3049.1092504017506,3046.88829642283,8,2127.873268735616
1758297600000,3041.111321657475,3033.647103268377,8,2127.873268735616
1758312000000,3034.85594394842,3031.4774410780137,8,2127.873268735616
1758326400000,3038.777837064232,3032.363304253179,8,2127.873268735616
1758340800000,3039.459733542589,3034.6471611109987,8,2127.873268735616
1758355200000,3045.7011201466785,3038.0200872351957,8,2127.873268735616
1758369600000,3041.6477315865045,3036.2329676454588,8,2127.873268735616
1758384000000,3051.0023829484717,3037.8293460444734,8,2127.873268735616
1758398400000,3046.210413059772,3044.0334139608754,8,2127.873268735616
1758412800000,3052.787110633891,3045.285249530835,8,2127.873268735616
1758427200000,3060.583265046705,3049.064436429549,8,2127.873268735616
1758441600000,3060.2233196332963,3054.858822024288,8,2127.873268735616
1758456000000,3049.7490658146576,3046.1038155775036,8,2127.873268735616
1758470400000,3051.1632254393476,3046.7396167602788,8,2127.873268735616
1758484800000,3049.774338723267,3041.405195949169,8,2127.873268735616
1758499200000,3043.710810832229,3040.914865357348,8,2127.873268735616
1758513600000,3023.4505725010777,3017.316034328775,5,2495.7927672346646
1758528000000,3007.4067758261635,2994.848783823201,2,2682.965821884043
1758542400000,3006.0621166369847,3003.7864543926817,2,2682.965821884043
1758556800000,3001.2421908463275,3000.0589655035806,2,2682.965821884043
1758571200000,2995.9727535229504,2994.826458570285,2,2682.965821884043
1758585600000,3000.064728825933,2995.142552527382,2,2682.965821884043
1758600000000,2996.2094342257697,2989.7228538654713,2,2682.965821884043
1758614400000,3001.306824216527,2993.5448061316188,2,2682.965821884043
1758628800000,3003.4151675294784,2999.7671646418817,2,2682.965821884043
1758643200000,3005.9506795652405,3001.897231576803,2,2682.965821884043
1758657600000,3000.8277774233184,3000.072561214671,2,2682.965821884043
1758672000000,3001.701995835427,2999.894758728922,2,2682.965821884043
1758686400000,2996.5649975753713,2995.9298481864944,2,2682.965821884043
1758700800000,3000.8991006311658,2992.4391342734402,2,2682.965821884043
1758715200000,3001.2577695197997,2999.32308083904,2,2682.965821884043
1758729600000,3000.3894413801645,2998.0975322591107,2,2682.965821884043
1758744000000,3001.5746363285143,2999.5524503103825,2,2682.965821884043
1758758400000,3001.4430562208167,2999.633727746143,2,2682.965821884043
1758772800000,2995.318965179459,2993.7991568760776,2,2682.965821884043
1758787200000,2992.028203683376,2990.2155549844383,1,2778.672948829857
1758801600000,2990.757105340448,2989.668821480006,1,2778.672948829857
1758816000000,2992.7379540271427,2989.447293342406,1,2778.672948829857
1758830400000,2984.8554236940968,2982.7799416282332,1,2778.672948829857
1758844800000,2982.113206456816,2980.7474747347196,1,2778.672948829857
1758859200000,2982.0508344569093,2981.065787010106,1,2778.672948829857
1758873600000,2982.8788765246372,2979.983955425516,1,2778.672948829857
1758888000000,2980.26140328717,2979.1322550129958,1,2778.672948829857
1758902400000,2981.364742457935,2979.1258027371437,1,2778.672948829857
1758916800000,2984.0295323849864,2981.1475158375697,1,2778.672948829857
1758931200000,2985.317836796854,2983.321932799837,1,2778.672948829857
1758945600000,2986.524412381257,2984.1908392812966,1,2778.672948829857
1758960000000,2987.7890584483325,2986.270622864395,1,2778.672948829857
1758974400000,2987.3847158282474,2986.210401623106,1,2778.672948829857
1758988800000,2988.6364573436176,2986.9502625875175,1,2778.672948829857
1759003200000,2987.212655138849,2986.221155416193,1,2778.672948829857
1759017600000,2986.963167139222,2986.6943223120375,1,2778.672948829857
1759032000000,2988.210607137358,2986.3028842436574,1,2778.672948829857
1759046400000,2987.188996794057,2986.9954285184845,1,2778.672948829857
1759060800000,2987.9890789997576,2985.722179416939,1,2778.672948829857
1759075200000,2988.5869898954156,2986.5029047950825,1,2778.672948829857
1759089600000,2989.0644583084954,2988.485904240394,1,2778.672948829857
1759104000000,2992.2454303037407,2988.974126446561,1,2778.672948829857
1759118400000,2995.955488918885,2991.838936925038,1,2778.672948829857
1759132800000,2995.8716093328035,2994.918823265262,1,2778.672948829857
1759147200000,2994.8112853343882,2994.202620645643,1,2778.672948829857
1759161600000,2996.131851125518,2993.7488105773555,1,2778.672948829857
1759176000000,2998.0997952605076,2994.5080283693246,1,2778.672948829857
1759190400000,3000.155920498814,2997.839553467793,1,2778.672948829857
1759204800000,2998.7385705698975,2998.2374438120264,1,2778.672948829857
1759219200000,2998.078287674333,2997.3534820202435,1,2778.672948829857
1759233600000,2996.8372999520498,2994.4219980246253,1,2778.672948829857
1759248000000,2993.359523267593,2992.228224234801,1,2778.672948829857
1759262400000,2995.316713609495,2993.056266302529,1,2778.672948829857
1759276800000,2995.579106160827,2994.0284091976273,1,2778.672948829857
1759291200000,2994.7833254723614,2994.4693147142098,1,2778.672948829857
1759305600000,2995.9060214706833,2994.7252549896893,1,2778.672948829857
1759320000000,2998.785887259482,2995.792031263957,1,2778.672948829857
1759334400000,2997.9019254677,2997.0265667103877,1,2778.672948829857
1759348800000,2997.9858050537814,2997.295411537572,1,2778.672948829857
1759363200000,2999.4483209136642,2997.504035123467,1,2778.672948829857
1759377600000,3000.424765325998,2998.482630294418,1,2778.672948829857
1759392000000,3001.5130491864406,2999.540803534216,1,2778.672948829857
1759406400000,3004.0315875275037,3000.9775102906888,1,2778.672948829857
1759420800000,3005.7242345594564,3002.5862777365605,1,2778.672948829857
1759435200000,3009.6235599329384,3005.5693799389983,1,2778.672948829857
1759449600000,3013.152954824215,3009.4514992435406,1,2778.672948829857
1759464000000,3016.701843326861,3011.376450044709,2,2728.672948829857
1759478400000,3011.779558193737,3011.427487645145,2,2728.672948829857
1759492800000,3016.4004917538764,3011.1012840676735,2,2728.672948829857
1759507200000,3029.866181634964,3015.37207901684,2,2728.672948829857
1759521600000,3031.127571783144,3019.8172680792945,2,2728.672948829857
1759536000000,3035.0387357505756,3029.655939895582,2,2728.672948829857
1759550400000,3030.955102624073,3029.3495599315256,2,2728.672948829857
1759564800000,3030.220406629649,3029.8178934453567,2,2728.672948829857
1759579200000,3026.821211406432,3025.378031822487,2,2728.672948829857
1759593600000,3025.186657779283,3024.144024909304,2,2728.672948829857
1759608000000,3025.804560388788,3023.024937894884,2,2728.672948829857
1759622400000,3026.791815315839,3025.219621309206,2,2728.672948829857
1759636800000,3030.046731524129,3025.04962125599,2,2728.672948829857
1759651200000,3033.6197132246307,3030.0013096767393,2,2728.672948829857
1759665600000,3030.9136648009903,3027.509852760097,2,2728.672948829857
1759680000000,3028.644180049415,3028.2513497031587,2,2728.672948829857
1759694400000,3026.6748405256844,3026.217162666875,2,2728.672948829857
1759708800000,3030.819887371486,3026.200115785786,2,2728.672948829857
1759723200000,3034.182833966418,3029.4657787894766,2,2728.672948829857
1759737600000,3037.4234454077427,3033.1302099485065,2,2728.672948829857
1759752000000,3042.911232351852,3037.4234412717915,2,2728.672948829857
1759766400000,3043.08750216521,3040.1063954060764,2,2728.672948829857
1759780800000,3044.1241668934194,3041.3723573534094,2,2728.672948829857
1759795200000,3043.3097541867755,3042.1347014402963,2,2728.672948829857
1759809600000,3043.206025495288,3039.08315639501,2,2728.672948829857
1759824000000,3048.6748544427583,3042.264937363755,2,2728.672948829857
1759838400000,3062.573125537698,3044.80701298227,2,2728.672948829857
1759852800000,3054.5735888359504,3049.9313004635537,2,2728.672948829857
1759867200000,3057.9327289392736,3050.699149337557,2,2728.672948829857
1759881600000,3059.407069447623,3057.4554761366553,2,2728.672948829857
1759896000000,3053.357067663144,3052.1706989545733,2,2728.672948829857
1759910400000,3061.245513979436,3050.6700253227823,2,2728.672948829857
1759924800000,3061.971412243635,3059.0838990670477,2,2728.672948829857
1759939200000,3057.5095810538255,3055.359143431693,2,2728.672948829857
1759953600000,3062.7087266866283,3056.409866065341,2,2728.672948829857
1759968000000,3060.8618885802875,3057.9833526385496,2,2728.672948829857
1759982400000,3054.2034905451897,3048.3876683169756,2,2728.672948829857
1759996800000,3060.820586446206,3052.660862786897,2,2728.672948829857
1760011200000,3054.99825341243,3051.423348231273,2,2728.672948829857
1760025600000,3045.395454258415,3042.55002711743,2,2728.672948829857
1760040000000,3045.7060675712423,3041.4947948164267,2,2728.672948829857
1760054400000,3048.9874050606245,3045.33857050182,2,2728.672948829857
1760068800000,3049.6425712009786,3046.2524767073896,2,2728.672948829857
1760083200000,3050.4919731138652,3049.2321920143872,2,2728.672948829857
1760097600000,3052.2463640649175,3046.6270559345153,2,2728.672948829857
1760112000000,3039.3211756370956,3036.8998497076172,2,2728.672948829857
1760126400000,3042.66700750985,3036.885020180269,2,2728.672948829857
1760140800000,2981.2321644015583,2955.8485490574976,0,2981.2321644015583
1760155200000,2981.2321644015583,2981.2321644015583,0,2981.2321644015583
1760169600000,2981.2321644015583,2981.2321644015583,0,2981.2321644015583
1760184000000,2981.2321644015583,2981.2321644015583,0,2981.2321644015583
1760198400000,2981.2321644015583,2981.2321644015583,0,2981.2321644015583
1760212800000,2981.2321644015583,2981.2321644015583,0,2981.2321644015583
1760227200000,2981.2321644015583,2981.2321644015583,0,2981.2321644015583
1760241600000,2981.2321644015583,2981.2321644015583,0,2981.2321644015583
1760256000000,2981.2321644015583,2981.2321644015583,0,2981.2321644015583
1760270400000,2981.2321644015583,2981.2321644015583,0,2981.2321644015583
1760284800000,2981.2321644015583,2981.2321644015583,0,2981.2321644015583
1760299200000,2981.2321644015583,2981.2321644015583,0,2981.2321644015583
1760313600000,2981.2321644015583,2981.2321644015583,0,2981.2321644015583
1760328000000,2981.2321644015583,2981.2321644015583,0,2981.2321644015583
1760342400000,2981.2321644015583,2981.2321644015583,0,2981.2321644015583
1760356800000,2981.2321644015583,2981.2321644015583,0,2981.2321644015583
1760371200000,2981.2321644015583,2981.2321644015583,0,2981.2321644015583
1760385600000,2981.2321644015583,2981.2321644015583,0,2981.2321644015583
1760400000000,2981.2321644015583,2981.2321644015583,0,2981.2321644015583
1760414400000,2981.2321644015583,2981.2321644015583,0,2981.2321644015583
1760428800000,2981.2321644015583,2981.2321644015583,0,2981.2321644015583
1760443200000,2981.2321644015583,2981.2321644015583,0,2981.2321644015583
1760457600000,2981.2321644015583,2981.2321644015583,0,2981.2321644015583
1760472000000,2981.2321644015583,2981.2321644015583,0,2981.2321644015583
1760486400000,2981.2321644015583,2981.2321644015583,0,2981.2321644015583
1760500800000,2981.2321644015583,2981.2321644015583,0,2981.2321644015583
1760515200000,2981.2321644015583,2981.2321644015583,0,2981.2321644015583
1760529600000,2981.2321644015583,2981.2321644015583,0,2981.2321644015583
1760544000000,2981.2321644015583,2981.2321644015583,0,2981.2321644015583
1760558400000,2981.2321644015583,2981.2321644015583,0,2981.2321644015583
1760572800000,2981.2321644015583,2981.2321644015583,0,2981.2321644015583
1760587200000,2981.2321644015583,2981.2321644015583,0,2981.2321644015583
1760601600000,2981.2321644015583,2981.2321644015583,0,2981.2321644015583
1760616000000,2981.2321644015583,2981.2321644015583,0,2981.2321644015583
1760630400000,2981.2321644015583,2981.2321644015583,0,2981.2321644015583
1760644800000,2981.2321644015583,2981.2321644015583,0,2981.2321644015583
1760659200000,2981.2321644015583,2981.2321644015583,0,2981.2321644015583
1760673600000,2981.2321644015583,2981.2321644015583,0,2981.2321644015583
1760688000000,2981.2321644015583,2981.2321644015583,0,2981.2321644015583
1760702400000,2981.2321644015583,2981.2321644015583,0,2981.2321644015583
1760716800000,2981.2321644015583,2981.2321644015583,0,2981.2321644015583
1760731200000,2981.2321644015583,2981.2321644015583,0,2981.2321644015583
1760745600000,2981.2321644015583,2981.2321644015583,0,2981.2321644015583
1760760000000,2981.2321644015583,2981.2321644015583,0,2981.2321644015583
1760774400000,2981.2321644015583,2981.2321644015583,0,2981.2321644015583
1760788800000,2981.2321644015583,2981.2321644015583,0,2981.2321644015583
1760803200000,2981.2321644015583,2981.2321644015583,0,2981.2321644015583
1760817600000,2981.2321644015583,2981.2321644015583,0,2981.2321644015583
1760832000000,2981.2321644015583,2981.2321644015583,0,2981.2321644015583
1760846400000,2981.2321644015583,2981.2321644015583,0,2981.2321644015583
1760860800000,2981.2321644015583,2981.2321644015583,0,2981.2321644015583
1760875200000,2981.2321644015583,2981.2321644015583,0,2981.2321644015583
1760889600000,2981.2321644015583,2981.2321644015583,0,2981.2321644015583
1760904000000,2981.2321644015583,2981.2321644015583,0,2981.2321644015583
1760918400000,2981.2321644015583,2981.2321644015583,0,2981.2321644015583
1760932800000,2981.2321644015583,2981.2321644015583,0,2981.2321644015583
1760947200000,2981.2321644015583,2981.2321644015583,0,2981.2321644015583
1760961600000,2981.2321644015583,2981.2321644015583,0,2981.2321644015583
1760976000000,2981.2321644015583,2981.2321644015583,0,2981.2321644015583
1760990400000,2981.2321644015583,2981.2321644015583,0,2981.2321644015583
1761004800000,2981.2321644015583,2981.2321644015583,0,2981.2321644015583
1761019200000,2981.2321644015583,2981.2321644015583,0,2981.2321644015583
1761033600000,2981.2321644015583,2981.2321644015583,0,2981.2321644015583
1761048000000,2981.2321644015583,2981.2321644015583,0,2981.2321644015583
1761062400000,2981.2321644015583,2981.2321644015583,0,2981.2321644015583
1761076800000,2981.2321644015583,2981.2321644015583,0,2981.2321644015583
1761091200000,2981.2321644015583,2981.2321644015583,0,2981.2321644015583
1761105600000,2981.2321644015583,2981.2321644015583,0,2981.2321644015583
1761120000000,2981.2321644015583,2981.2321644015583,0,2981.2321644015583
1761134400000,2981.2321644015583,2981.2321644015583,0,2981.2321644015583
1761148800000,2981.2321644015583,2981.2321644015583,0,2981.2321644015583
1761163200000,2981.2321644015583,2981.2321644015583,0,2981.2321644015583
1761177600000,2981.2321644015583,2981.2321644015583,0,2981.2321644015583
1761192000000,2981.2321644015583,2981.2321644015583,0,2981.2321644015583
1761206400000,2981.2321644015583,2981.2321644015583,0,2981.2321644015583
1761220800000,2981.2321644015583,2981.2321644015583,0,2981.2321644015583
1761235200000,2981.2321644015583,2981.2321644015583,0,2981.2321644015583
1761249600000,2981.2321644015583,2981.2321644015583,0,2981.2321644015583
1761264000000,2981.2321644015583,2981.2321644015583,0,2981.2321644015583
1761278400000,2981.2321644015583,2981.2321644015583,0,2981.2321644015583
1761292800000,2981.2321644015583,2981.2321644015583,0,2981.2321644015583
1761307200000,2981.2321644015583,2981.2321644015583,0,2981.2321644015583
1761321600000,2981.2321644015583,2981.2321644015583,0,2981.2321644015583
1761336000000,2981.2321644015583,2981.2321644015583,0,2981.2321644015583
1761350400000,2981.2321644015583,2981.2321644015583,0,2981.2321644015583
1761364800000,2981.2321644015583,2981.2321644015583,0,2981.2321644015583
1761379200000,2981.2321644015583,2981.2321644015583,0,2981.2321644015583
1761393600000,2981.2321644015583,2981.2321644015583,0,2981.2321644015583
1761408000000,2981.2321644015583,2981.2321644015583,0,2981.2321644015583
1761422400000,2981.2321644015583,2981.2321644015583,0,2981.2321644015583
1761436800000,2981.2321644015583,2981.2321644015583,0,2981.2321644015583
1761451200000,2981.2321644015583,2981.2321644015583,0,2981.2321644015583
1761465600000,2981.2321644015583,2981.2321644015583,0,2981.2321644015583
1761480000000,2981.2321644015583,2981.2321644015583,0,2981.2321644015583
1761494400000,2981.2321644015583,2981.2321644015583,0,2981.2321644015583
1761508800000,2981.2321644015583,2981.2321644015583,0,2981.2321644015583
1761523200000,2981.2321644015583,2981.2321644015583,0,2981.2321644015583
1761537600000,2981.2321644015583,2981.2321644015583,0,2981.2321644015583
1761552000000,2981.2321644015583,2981.2321644015583,0,2981.2321644015583
1761566400000,2981.2321644015583,2981.2321644015583,0,2981.2321644015583
1761580800000,2981.2321644015583,2981.2321644015583,0,2981.2321644015583
1761595200000,2981.2321644015583,2981.2321644015583,0,2981.2321644015583
1761609600000,2981.2321644015583,2981.2321644015583,0,2981.2321644015583
1761624000000,2981.2321644015583,2981.2321644015583,0,2981.2321644015583
1761638400000,2981.2321644015583,2981.2321644015583,0,2981.2321644015583
1761652800000,2981.2321644015583,2981.2321644015583,0,2981.2321644015583
1761667200000,2981.2321644015583,2981.2321644015583,0,2981.2321644015583
1761681600000,2981.2321644015583,2981.2321644015583,0,2981.2321644015583
1761696000000,2981.2321644015583,2981.2321644015583,0,2981.2321644015583
1761710400000,2981.2321644015583,2981.2321644015583,0,2981.2321644015583
1761724800000,2981.2321644015583,2981.2321644015583,0,2981.2321644015583
1761739200000,2981.2321644015583,2981.2321644015583,0,2981.2321644015583
1761753600000,2981.2321644015583,2981.2321644015583,0,2981.2321644015583
1761768000000,2981.2321644015583,2981.2321644015583,0,2981.2321644015583
1761782400000,2981.2321644015583,2981.2321644015583,0,2981.2321644015583
1761796800000,2981.2321644015583,2981.2321644015583,0,2981.2321644015583
1761811200000,2981.2321644015583,2981.2321644015583,0,2981.2321644015583
1761825600000,2981.2321644015583,2981.2321644015583,0,2981.2321644015583
1761840000000,2981.2321644015583,2981.2321644015583,0,2981.2321644015583
1761854400000,2981.2321644015583,2981.2321644015583,0,2981.2321644015583
1761868800000,2981.2321644015583,2981.2321644015583,0,2981.2321644015583
1761883200000,2981.2321644015583,2981.2321644015583,0,2981.2321644015583
1761897600000,2981.2321644015583,2981.2321644015583,0,2981.2321644015583
1761912000000,2981.2321644015583,2981.2321644015583,0,2981.2321644015583
1761926400000,2981.2321644015583,2981.2321644015583,0,2981.2321644015583
1761940800000,2981.2321644015583,2981.2321644015583,0,2981.2321644015583
1761955200000,2981.2321644015583,2981.2321644015583,0,2981.2321644015583
1761969600000,2981.2321644015583,2981.2321644015583,0,2981.2321644015583
1761984000000,2981.2321644015583,2981.2321644015583,0,2981.2321644015583
1761998400000,2981.2321644015583,2981.2321644015583,0,2981.2321644015583
1762012800000,2981.2321644015583,2981.2321644015583,0,2981.2321644015583
1762027200000,2981.2321644015583,2981.2321644015583,0,2981.2321644015583
1762041600000,2981.2321644015583,2981.2321644015583,0,2981.2321644015583
1762056000000,2981.2321644015583,2981.2321644015583,0,2981.2321644015583
1762070400000,2981.2321644015583,2981.2321644015583,0,2981.2321644015583
1762084800000,2981.2321644015583,2981.2321644015583,0,2981.2321644015583
1762099200000,2981.2321644015583,2981.2321644015583,0,2981.2321644015583
1762113600000,2981.2321644015583,2981.2321644015583,0,2981.2321644015583
1762128000000,2981.2321644015583,2981.2321644015583,0,2981.2321644015583
1762142400000,2981.2321644015583,2981.2321644015583,0,2981.2321644015583
1762156800000,2981.2321644015583,2981.2321644015583,0,2981.2321644015583
1762171200000,2981.2321644015583,2981.2321644015583,0,2981.2321644015583
1762185600000,2981.2321644015583,2981.2321644015583,0,2981.2321644015583
1762200000000,2981.2321644015583,2981.2321644015583,0,2981.2321644015583
1762214400000,2981.2321644015583,2981.2321644015583,0,2981.2321644015583
1762228800000,2981.2321644015583,2981.2321644015583,0,2981.2321644015583
1762243200000,2981.2321644015583,2981.2321644015583,0,2981.2321644015583
1762257600000,2981.2321644015583,2981.2321644015583,0,2981.2321644015583
1762272000000,2981.2321644015583,2981.2321644015583,0,2981.2321644015583
1762286400000,2981.2321644015583,2981.2321644015583,0,2981.2321644015583
1762300800000,2981.2321644015583,2981.2321644015583,0,2981.2321644015583
1762315200000,2981.2321644015583,2981.2321644015583,0,2981.2321644015583
1762329600000,2981.2321644015583,2981.2321644015583,0,2981.2321644015583
1762344000000,2981.2321644015583,2981.2321644015583,0,2981.2321644015583
1762358400000,2981.2321644015583,2981.2321644015583,0,2981.2321644015583
1762372800000,2981.2321644015583,2981.2321644015583,0,2981.2321644015583
1762387200000,2981.2321644015583,2981.2321644015583,0,2981.2321644015583
1762401600000,2981.2321644015583,2981.2321644015583,0,2981.2321644015583
1762416000000,2981.2321644015583,2981.2321644015583,0,2981.2321644015583
1762430400000,2981.2321644015583,2981.2321644015583,0,2981.2321644015583
1762444800000,2981.2321644015583,2981.2321644015583,0,2981.2321644015583
1762459200000,2981.2321644015583,2981.2321644015583,0,2981.2321644015583
1762473600000,2981.2321644015583,2981.2321644015583,0,2981.2321644015583
1762488000000,2981.2321644015583,2981.2321644015583,0,2981.2321644015583
1762502400000,2981.2321644015583,2981.2321644015583,0,2981.2321644015583
1762516800000,2981.2321644015583,2981.2321644015583,0,2981.2321644015583
1762531200000,2981.2321644015583,2981.2321644015583,0,2981.2321644015583
1762545600000,2981.2321644015583,2981.2321644015583,0,2981.2321644015583
1762560000000,2981.2321644015583,2981.2321644015583,0,2981.2321644015583
1762574400000,2981.2321644015583,2981.2321644015583,0,2981.2321644015583
1762588800000,2981.2321644015583,2981.2321644015583,0,2981.2321644015583
1762603200000,2981.2321644015583,2981.2321644015583,0,2981.2321644015583
1762617600000,2981.2321644015583,2981.2321644015583,0,2981.2321644015583
1762632000000,2981.2321644015583,2981.2321644015583,0,2981.2321644015583
1762646400000,2981.2321644015583,2981.2321644015583,0,2981.2321644015583
1762660800000,2981.2321644015583,2981.2321644015583,0,2981.2321644015583
1762675200000,2981.2321644015583,2981.2321644015583,0,2981.2321644015583
1762689600000,2981.2321644015583,2981.2321644015583,0,2981.2321644015583
1762704000000,2981.2321644015583,2981.2321644015583,0,2981.2321644015583
1762718400000,2981.2321644015583,2981.2321644015583,0,2981.2321644015583
1762732800000,2981.2321644015583,2981.2321644015583,0,2981.2321644015583
1762747200000,2981.2321644015583,2981.2321644015583,0,2981.2321644015583
1762761600000,2981.2321644015583,2981.2321644015583,0,2981.2321644015583
1762776000000,2981.2321644015583,2981.2321644015583,0,2981.2321644015583
1762790400000,2981.2321644015583,2981.2321644015583,0,2981.2321644015583
1762804800000,2981.2321644015583,2981.2321644015583,0,2981.2321644015583
1762819200000,2981.2321644015583,2981.2321644015583,0,2981.2321644015583
1762833600000,2980.86391853874,2979.6589796156545,1,2931.2321644015583
1762848000000,2975.669591038852,2975.7509254978595,0,2975.669591038852
1762862400000,2975.669591038852,2975.669591038852,0,2975.669591038852
1762876800000,2975.669591038852,2975.669591038852,0,2975.669591038852
1762891200000,2975.669591038852,2975.669591038852,0,2975.669591038852
1762905600000,2975.669591038852,2975.669591038852,0,2975.669591038852
1762920000000,2975.669591038852,2975.669591038852,0,2975.669591038852
1762934400000,2975.669591038852,2975.669591038852,0,2975.669591038852
1762948800000,2975.669591038852,2975.669591038852,0,2975.669591038852
1762963200000,2975.669591038852,2975.669591038852,0,2975.669591038852
1762977600000,2975.669591038852,2975.669591038852,0,2975.669591038852
1762992000000,2975.669591038852,2975.669591038852,0,2975.669591038852
1763006400000,2975.669591038852,2975.669591038852,0,2975.669591038852
1763020800000,2975.669591038852,2975.669591038852,0,2975.669591038852
1763035200000,2975.669591038852,2975.669591038852,0,2975.669591038852
1763049600000,2975.669591038852,2975.669591038852,0,2975.669591038852
1763064000000,2975.669591038852,2975.669591038852,0,2975.669591038852
1763078400000,2975.669591038852,2975.669591038852,0,2975.669591038852
1763092800000,2975.669591038852,2975.669591038852,0,2975.669591038852
1763107200000,2975.669591038852,2975.669591038852,0,2975.669591038852
1763121600000,2975.669591038852,2975.669591038852,0,2975.669591038852
1763136000000,2975.669591038852,2975.669591038852,0,2975.669591038852
1763150400000,2975.669591038852,2975.669591038852,0,2975.669591038852
1763164800000,2975.669591038852,2975.669591038852,0,2975.669591038852
1763179200000,2975.669591038852,2975.669591038852,0,2975.669591038852
1763193600000,2975.669591038852,2975.669591038852,0,2975.669591038852
1763208000000,2975.669591038852,2975.669591038852,0,2975.669591038852
1763222400000,2975.669591038852,2975.669591038852,0,2975.669591038852
1763236800000,2975.669591038852,2975.669591038852,0,2975.669591038852
1763251200000,2975.669591038852,2975.669591038852,0,2975.669591038852
1763265600000,2975.669591038852,2975.669591038852,0,2975.669591038852
1763280000000,2975.669591038852,2975.669591038852,0,2975.669591038852
1763294400000,2975.669591038852,2975.669591038852,0,2975.669591038852
1763308800000,2975.669591038852,2975.669591038852,0,2975.669591038852
1763323200000,2975.669591038852,2975.669591038852,0,2975.669591038852
1763337600000,2975.669591038852,2975.669591038852,0,2975.669591038852
1763352000000,2975.669591038852,2975.669591038852,0,2975.669591038852
1763366400000,2975.669591038852,2975.669591038852,0,2975.669591038852
1763380800000,2975.669591038852,2975.669591038852,0,2975.669591038852
1763395200000,2975.669591038852,2975.669591038852,0,2975.669591038852
1763409600000,2975.669591038852,2975.669591038852,0,2975.669591038852
1763424000000,2975.669591038852,2975.669591038852,0,2975.669591038852
1763438400000,2975.669591038852,2975.669591038852,0,2975.669591038852
1763452800000,2975.669591038852,2975.669591038852,0,2975.669591038852
1763467200000,2975.669591038852,2975.669591038852,0,2975.669591038852
1763481600000,2975.669591038852,2975.669591038852,0,2975.669591038852
1763496000000,2975.669591038852,2975.669591038852,0,2975.669591038852
1763510400000,2975.669591038852,2975.669591038852,0,2975.669591038852
1763524800000,2975.669591038852,2975.669591038852,0,2975.669591038852
1763539200000,2975.669591038852,2975.669591038852,0,2975.669591038852
1763553600000,2975.669591038852,2975.669591038852,0,2975.669591038852
1763568000000,2975.669591038852,2975.669591038852,0,2975.669591038852
1763582400000,2975.669591038852,2975.669591038852,0,2975.669591038852
1763596800000,2975.669591038852,2975.669591038852,0,2975.669591038852
1763611200000,2975.669591038852,2975.669591038852,0,2975.669591038852
1763625600000,2975.669591038852,2975.669591038852,0,2975.669591038852
1763640000000,2975.669591038852,2975.669591038852,0,2975.669591038852
1763654400000,2975.669591038852,2975.669591038852,0,2975.669591038852
1763668800000,2975.669591038852,2975.669591038852,0,2975.669591038852
1763683200000,2975.669591038852,2975.669591038852,0,2975.669591038852
1763697600000,2975.669591038852,2975.669591038852,0,2975.669591038852
1763712000000,2975.669591038852,2975.669591038852,0,2975.669591038852
1763726400000,2975.669591038852,2975.669591038852,0,2975.669591038852
1763740800000,2975.669591038852,2975.669591038852,0,2975.669591038852
1763755200000,2975.669591038852,2975.669591038852,0,2975.669591038852
1763769600000,2975.669591038852,2975.669591038852,0,2975.669591038852
1763784000000,2975.669591038852,2975.669591038852,0,2975.669591038852
1763798400000,2975.669591038852,2975.669591038852,0,2975.669591038852
1763812800000,2975.669591038852,2975.669591038852,0,2975.669591038852
1763827200000,2975.669591038852,2975.669591038852,0,2975.669591038852
1763841600000,2975.669591038852,2975.669591038852,0,2975.669591038852
1763856000000,2975.669591038852,2975.669591038852,0,2975.669591038852
1763870400000,2974.1304278820344,2973.8633362646156,0,2974.1304278820344
1763884800000,2974.1304278820344,2974.1304278820344,0,2974.1304278820344
1763899200000,2974.1304278820344,2974.1304278820344,0,2974.1304278820344
1763913600000,2974.1304278820344,2974.1304278820344,0,2974.1304278820344
1763928000000,2974.1304278820344,2974.1304278820344,0,2974.1304278820344
1763942400000,2974.1304278820344,2974.1304278820344,0,2974.1304278820344
1763956800000,2974.1304278820344,2974.1304278820344,0,2974.1304278820344
1763971200000,2974.1304278820344,2974.1304278820344,0,2974.1304278820344
1763985600000,2974.1304278820344,2974.1304278820344,0,2974.1304278820344
1764000000000,2974.1304278820344,2974.1304278820344,0,2974.1304278820344
1764014400000,2974.1304278820344,2974.1304278820344,0,2974.1304278820344
1764028800000,2974.1304278820344,2974.1304278820344,0,2974.1304278820344
1764043200000,2974.1304278820344,2974.1304278820344,0,2974.1304278820344
1764057600000,2974.1304278820344,2974.1304278820344,0,2974.1304278820344
1764072000000,2974.1304278820344,2974.1304278820344,0,2974.1304278820344
1764086400000,2974.1304278820344,2974.1304278820344,0,2974.1304278820344
1764100800000,2974.1304278820344,2974.1304278820344,0,2974.1304278820344
1764115200000,2974.1304278820344,2974.1304278820344,0,2974.1304278820344
1764129600000,2974.1304278820344,2974.1304278820344,0,2974.1304278820344
1764144000000,2974.1304278820344,2974.1304278820344,0,2974.1304278820344
1764158400000,2974.1304278820344,2974.1304278820344,0,2974.1304278820344
1764172800000,2974.1304278820344,2974.1304278820344,0,2974.1304278820344
1764187200000,2974.1304278820344,2974.1304278820344,0,2974.1304278820344
1764201600000,2974.1304278820344,2974.1304278820344,0,2974.1304278820344
1764216000000,2974.1304278820344,2974.1304278820344,0,2974.1304278820344
1764230400000,2974.1304278820344,2974.1304278820344,0,2974.1304278820344
1764244800000,2974.1304278820344,2974.1304278820344,0,2974.1304278820344
1764259200000,2974.1304278820344,2974.1304278820344,0,2974.1304278820344
1764273600000,2974.1304278820344,2974.1304278820344,0,2974.1304278820344
1764288000000,2974.1304278820344,2974.1304278820344,0,2974.1304278820344
1764302400000,2974.1304278820344,2974.1304278820344,0,2974.1304278820344
1764316800000,2974.1304278820344,2974.1304278820344,0,2974.1304278820344
1764331200000,2974.1304278820344,2974.1304278820344,0,2974.1304278820344
1764345600000,2974.1304278820344,2974.1304278820344,0,2974.1304278820344
1764360000000,2974.1304278820344,2974.1304278820344,0,2974.1304278820344
1764374400000,2974.1304278820344,2974.1304278820344,0,2974.1304278820344
1764388800000,2974.1304278820344,2974.1304278820344,0,2974.1304278820344
1764403200000,2974.1304278820344,2974.1304278820344,0,2974.1304278820344
1764417600000,2974.1304278820344,2974.1304278820344,0,2974.1304278820344
1764432000000,2974.1304278820344,2974.1304278820344,0,2974.1304278820344
1764446400000,2974.1304278820344,2974.1304278820344,0,2974.1304278820344
1764460800000,2974.1304278820344,2974.1304278820344,0,2974.1304278820344
1764475200000,2974.1304278820344,2974.1304278820344,0,2974.1304278820344
1764489600000,2974.1304278820344,2974.1304278820344,0,2974.1304278820344
1764504000000,2974.1304278820344,2974.1304278820344,0,2974.1304278820344
1764518400000,2974.1304278820344,2974.1304278820344,0,2974.1304278820344
1764532800000,2974.1304278820344,2974.1304278820344,0,2974.1304278820344
1764547200000,2974.1304278820344,2974.1304278820344,0,2974.1304278820344
1764561600000,2974.1304278820344,2974.1304278820344,0,2974.1304278820344
1764576000000,2974.1304278820344,2974.1304278820344,0,2974.1304278820344
1764590400000,2974.1304278820344,2974.1304278820344,0,2974.1304278820344
1764604800000,2974.1304278820344,2974.1304278820344,0,2974.1304278820344
1764619200000,2974.1304278820344,2974.1304278820344,0,2974.1304278820344
1764633600000,2974.1304278820344,2974.1304278820344,0,2974.1304278820344
1764648000000,2974.1304278820344,2974.1304278820344,0,2974.1304278820344
1764662400000,2974.1304278820344,2974.1304278820344,0,2974.1304278820344
1764676800000,2974.1304278820344,2974.1304278820344,0,2974.1304278820344
1764691200000,2974.1304278820344,2974.1304278820344,0,2974.1304278820344
1764705600000,2974.1304278820344,2974.1304278820344,0,2974.1304278820344
1764720000000,2974.1304278820344,2974.1304278820344,0,2974.1304278820344
1764734400000,2974.1304278820344,2974.1304278820344,0,2974.1304278820344
1764748800000,2974.1304278820344,2974.1304278820344,0,2974.1304278820344
1764763200000,2974.1304278820344,2974.1304278820344,0,2974.1304278820344
1764777600000,2974.1304278820344,2974.1304278820344,0,2974.1304278820344
1764792000000,2974.1304278820344,2974.1304278820344,0,2974.1304278820344
1764806400000,2974.1304278820344,2974.1304278820344,0,2974.1304278820344
1764820800000,2974.166502397516,2973.693747180228,1,2924.1304278820344
1764835200000,2974.183386512419,2973.7866098121954,1,2924.1304278820344
1764849600000,2972.655374113684,2972.6131638264264,1,2924.1304278820344
1764864000000,2973.2632022501975,2972.6384899987806,1,2924.1304278820344
1764878400000,2972.613163826426,2971.9377992303002,1,2924.1304278820344
1764892800000,2972.6638161711357,2972.4443226773947,1,2924.1304278820344
1764907200000,2972.8833096648764,2972.638489998781,1,2924.1304278820344
1764921600000,2972.714468515845,2972.241713298557,1,2924.1304278820344
1764936000000,2972.5709535391684,2971.82805248343,1,2924.1304278820344
1764950400000,2972.6216058838777,2972.2501553560087,1,2924.1304278820344
1764964800000,2972.1319665516867,2971.4059496108507,1,2924.1304278820344
1764979200000,2971.372181381045,2971.1526878873037,1,2924.1304278820344
1764993600000,2972.5456273668137,2971.228666404368,1,2924.1304278820344
1765008000000,2972.7651208605544,2972.182618896396,1,2924.1304278820344
1765022400000,2973.947008903775,2972.376786217782,1,2924.1304278820344
1765036800000,2973.710631295131,2973.2969704800034,1,2924.1304278820344
1765051200000,2974.107407995355,2973.2716443076492,1,2924.1304278820344
1765065600000,2973.3898331119713,2973.2463181352946,1,2924.1304278820344
1765080000000,2973.7021892376792,2973.17033961823,1,2924.1304278820344
1765094400000,2973.769725697292,2973.3898331119713,1,2924.1304278820344
1765108800000,2973.0268246415535,2972.6722582285875,1,2924.1304278820344
1765123200000,2973.1028031586175,2972.0559880346223,1,2924.1304278820344
1765137600000,2974.4282061785148,2972.891751722328,1,2924.1304278820344
1765152000000,2974.656141729707,2973.17033961823,1,2924.1304278820344
1765166400000,2974.782772591481,2974.2678070869347,1,2924.1304278820344
1765180800000,2974.8587511085448,2974.5886052700944,1,2924.1304278820344
1765195200000,2974.2678070869347,2974.217154742225,1,2924.1304278820344
1765209600000,2973.8203780420013,2973.659978950421,1,2924.1304278820344
1765224000000,2972.7988890903607,2972.7397946881997,1,2924.1304278820344
1765238400000,2973.018382584102,2972.7988890903607,1,2924.1304278820344
1765252800000,2972.874867607425,2972.6131638264264,1,2924.1304278820344
1765267200000,2972.7060264583934,2972.2501553560087,1,2924.1304278820344
1765281600000,2972.494975022104,2972.2923656432667,1,2924.1304278820344
1765296000000,2973.609326605712,2972.4612067922976,1,2924.1304278820344
1765310400000,2973.4489275141323,2973.069034928811,1,2924.1304278820344
1765324800000,2973.5164639737445,2972.596279711523,1,2924.1304278820344
1765339200000,2971.5579066449795,2971.3046449214326,1,2924.1304278820344
1765353600000,2971.77740013872,2971.4566019555605,1,2924.1304278820344
1765368000000,2972.1657347814926,2971.566348702431,1,2924.1304278820344
1765382400000,2971.743631908914,2971.650769276947,1,2924.1304278820344
1765396800000,2972.7988890903607,2971.6929795642045,1,2924.1304278820344
1765411200000,2972.4696488497493,2972.3514600454273,1,2924.1304278820344
1765425600000,2970.9416364510143,2970.6883747274674,1,2924.1304278820344
1765440000000,2971.2962028639804,2970.848773819047,1,2924.1304278820344
1765454400000,2971.4143916683024,2971.2371084618194,1,2924.1304278820344
1765468800000,2971.4143916683024,2971.2371084618194,1,2924.1304278820344
1765483200000,2971.650769276947,2971.18645611711,1,2924.1304278820344
1765497600000,2972.613163826426,2971.6507692769464,1,2924.1304278820344
1765512000000,2973.0943611011658,2972.072872149525,1,2924.1304278820344
1765526400000,2972.9677302393925,2972.891751722328,1,2924.1304278820344
1765540800000,2973.364506939616,2972.537185309362,1,2924.1304278820344
1765555200000,2973.1450134458755,2972.874867607425,1,2924.1304278820344
1765569600000,2972.8495414350705,2972.478090907201,1,2924.1304278820344
1765584000000,2973.254760192746,2972.731352630748,1,2924.1304278820344
1765598400000,2973.246318135294,2973.0014984691984,1,2924.1304278820344
1765612800000,2972.596279711523,2972.435880619943,1,2924.1304278820344
1765627200000,2972.7820049754578,2972.596279711523,1,2924.1304278820344
1765641600000,2972.9086358372315,2972.6047217689747,1,2924.1304278820344
1765656000000,2972.5878376540713,2972.0981983218803,1,2924.1304278820344
1765670400000,2973.0859190437145,2972.4865329646527,1,2924.1304278820344
1765684800000,2973.423601341777,2972.8664255499734,1,2924.1304278820344
1765699200000,2972.841099377619,2972.6047217689743,1,2924.1304278820344
1765713600000,2972.7313526307485,2972.3092497581697,1,2924.1304278820344
1765728000000,2972.1572927240413,2972.0391039197193,1,2924.1304278820344
1765742400000,2971.50725430027,2971.4397178406575,1,2924.1304278820344
1765756800000,2971.2624346341745,2970.9163102786597,1,2924.1304278820344
1765771200000,2971.8111683685265,2971.23710846182,1,2924.1304278820344
1765785600000,2971.9884515750095,2971.802726311075,1,2924.1304278820344
1765800000000,2971.8027263110753,2971.676095449301,1,2924.1304278820344
1765814400000,2970.122384707374,2969.6331175460205,0,2970.122384707374
1765828800000,2970.122384707374,2970.122384707374,0,2970.122384707374
1765843200000,2970.122384707374,2970.122384707374,0,2970.122384707374
1765857600000,2970.122384707374,2970.122384707374,0,2970.122384707374
1765872000000,2970.122384707374,2970.122384707374,0,2970.122384707374
1765886400000,2970.122384707374,2970.122384707374,0,2970.122384707374
1765900800000,2970.122384707374,2970.122384707374,0,2970.122384707374
1765915200000,2970.122384707374,2970.122384707374,0,2970.122384707374
1765929600000,2970.122384707374,2970.122384707374,0,2970.122384707374
1765944000000,2970.122384707374,2970.122384707374,0,2970.122384707374
1765958400000,2970.122384707374,2970.122384707374,0,2970.122384707374
1765972800000,2970.122384707374,2970.122384707374,0,2970.122384707374
1765987200000,2970.122384707374,2970.122384707374,0,2970.122384707374
1766001600000,2970.122384707374,2970.122384707374,0,2970.122384707374
1766016000000,2970.122384707374,2970.122384707374,0,2970.122384707374
1766030400000,2970.122384707374,2970.122384707374,0,2970.122384707374
1766044800000,2970.122384707374,2970.122384707374,0,2970.122384707374
1766059200000,2970.122384707374,2970.122384707374,0,2970.122384707374
1766073600000,2970.122384707374,2970.122384707374,0,2970.122384707374
1766088000000,2970.122384707374,2970.122384707374,0,2970.122384707374
1766102400000,2970.122384707374,2970.122384707374,0,2970.122384707374
1766116800000,2970.122384707374,2970.122384707374,0,2970.122384707374
1766131200000,2970.122384707374,2970.122384707374,0,2970.122384707374
1766145600000,2970.122384707374,2970.122384707374,0,2970.122384707374
1766160000000,2970.122384707374,2970.122384707374,0,2970.122384707374
1766174400000,2970.122384707374,2970.122384707374,0,2970.122384707374
1766188800000,2970.122384707374,2970.122384707374,0,2970.122384707374
1766203200000,2968.097760835663,2967.8424453465386,1,2920.122384707374
1766217600000,2967.571172639344,2967.531279594168,1,2920.122384707374
1766232000000,2967.4993651580276,2967.31585715022,1,2920.122384707374
1766246400000,2968.033931963382,2967.0764988791652,1,2920.122384707374
1766260800000,2967.5871298574143,2967.3717074134656,1,2920.122384707374
1766275200000,2967.36372880443,2967.339792977325,1,2920.122384707374
1766289600000,2968.033931963382,2967.2520282779383,1,2920.122384707374
1766304000000,2967.06852027013,2966.900969480392,1,2920.122384707374
1766318400000,2967.012670006884,2966.7573545177597,1,2920.122384707374
1766332800000,2966.382359893108,2966.1430016220543,1,2920.122384707374
1766347200000,2966.709482863549,2966.262680757581,1,2920.122384707374
1766361600000,2967.283942714079,2966.717461472584,1,2920.122384707374
1766376000000,2966.5658679009166,2965.7121567341565,1,2920.122384707374
1766390400000,2966.2148091033705,2966.0632155317026,1,2920.122384707374
1766404800000,2967.2600068869733,2966.1988518853004,1,2920.122384707374
1766419200000,2967.5951084664493,2966.980755570744,1,2920.122384707374
1766433600000,2967.0844774882003,2966.725440081619,1,2920.122384707374
1766448000000,2967.228092450833,2966.940862525568,1,2920.122384707374
1766462400000,2967.2121352327626,2967.0126700068845,1,2920.122384707374
1766476800000,2966.557889291881,2966.2387449304756,1,2920.122384707374
1766491200000,2966.470124592495,2966.366402675038,1,2920.122384707374
1766505600000,2966.1509802310893,2965.6882209070513,1,2920.122384707374
1766520000000,2966.015343877492,2965.6483278618757,1,2920.122384707374
1766534400000,2965.799921433543,2965.7600283883676,1,2920.122384707374
1766548800000,2965.8637503058244,2965.464819854067,1,2920.122384707374
1766563200000,2965.8238572606488,2965.688220907051,1,2920.122384707374
1766577600000,2966.023322486527,2965.5366273353834,1,2920.122384707374
1766592000000,2965.4727984631027,2965.161632710732,1,2920.122384707374
1766606400000,2965.2414188010835,2965.1696113197672,1,2920.122384707374
1766620800000,2965.4967342902078,2965.0658894023104,1,2920.122384707374
1766635200000,2965.7600283883676,2965.3132262823997,1,2920.122384707374
1766649600000,2965.9435363961757,2965.5685417715245,1,2920.122384707374
1766664000000,2966.932883916533,2965.9515150052107,1,2920.122384707374
1766678400000,2967.515322376098,2966.8610764352165,1,2920.122384707374
1766692800000,2967.635001511625,2967.34777158636,1,2920.122384707374
1766707200000,2967.180220796622,2966.940862525568,1,2920.122384707374
1766721600000,2968.8078570397906,2966.940862525568,1,2920.122384707374
1766736000000,2967.986060309171,2967.698830383906,1,2920.122384707374
1766750400000,2968.4567982422445,2967.8823383917143,1,2920.122384707374
1766764800000,2968.161589707944,2967.6509587296955,1,2920.122384707374
1766779200000,2967.898295609785,2967.6828731658356,1,2920.122384707374
1766793600000,2967.5871298574143,2967.2041566237276,1,2920.122384707374
1766808000000,2968.1775469260147,2967.451493503817,1,2920.122384707374
1766822400000,2968.033931963382,2967.874359782679,1,2920.122384707374
1766836800000,2968.9115789572475,2967.9302100459254,1,2920.122384707374
1766851200000,2969.6535895975153,2968.767963994615,1,2920.122384707374
1766865600000,2969.589760725234,2969.111044183126,1,2920.122384707374
1766880000000,2969.861033432429,2969.3902954993555,1,2920.122384707374
1766894400000,2969.142958619266,2968.8317928668957,1,2920.122384707374
1766908800000,2969.693482642691,2969.007322265669,1,2920.122384707374
1766923200000,2969.6376323794448,2969.406252717426,1,2920.122384707374
1766937600000,2970.523257982345,2969.541889071023,1,2920.122384707374
1766952000000,2969.6216751613747,2969.2785949728636,1,2920.122384707374
1766966400000,2969.781247342077,2969.2546591457585,1,2920.122384707374
1766980800000,2969.302530799969,2968.80785703979,1,2920.122384707374
1766995200000,2969.3902954993555,2969.2147661005824,1,2920.122384707374
1767009600000,2968.073825008558,2968.0658463995223,1,2920.122384707374
1767024000000,2968.097760835663,2967.874359782679,1,2920.122384707374
1767038400000,2967.7626592561874,2967.4275576767113,1,2920.122384707374
1767052800000,2967.9302100459254,2967.61106568452,1,2920.122384707374
1767067200000,2968.2254185802253,2967.674894556801,1,2920.122384707374
1767081600000,2967.7786164742574,2967.6190442935545,1,2920.122384707374
1767096000000,2967.986060309171,2967.6030870754844,1,2920.122384707374
1767110400000,2968.1855255350497,2967.90627421882,1,2920.122384707374
1767124800000,2967.7227662110117,2967.4116004586413,1,2920.122384707374
1767139200000,2967.6589373387305,2967.2998999321494,1,2920.122384707374
1767153600000,2967.858402564609,2967.523300985133,1,2920.122384707374
1767168000000,2968.0179747453117,2967.674894556801,1,2920.122384707374
1767182400000,2968.161589707944,2967.802552301363,1,2920.122384707374
1767196800000,2967.6748945568006,2967.547236812238,1,2920.122384707374
1767211200000,2967.810530910398,2967.4275576767113,1,2920.122384707374
1767225600000,2967.9541458730305,2967.635001511625,1,2920.122384707374
1767240000000,2967.746702038117,2967.7307448200463,1,2920.122384707374
1767254400000,2967.6030870754844,2967.5631940303088,1,2920.122384707374
1767268800000,2967.6509587296955,2967.459472112852,1,2920.122384707374
1767283200000,2967.2520282779383,2966.9568197436383,1,2920.122384707374
1767297600000,2967.267985496009,2966.8690550442516,1,2920.122384707374
1767312000000,2967.451493503817,2967.236071059868,1,2920.122384707374
1767326400000,2967.3956432405707,2966.829161999076,1,2920.122384707374
1767340800000,2967.5631940303088,2967.172242187587,1,2920.122384707374
1767355200000,2967.619044293555,2967.467450721887,1,2920.122384707374
1767369600000,2967.3717074134656,2967.0286272249546,1,2920.122384707374
1767384000000,2968.9434933933876,2967.2280924508327,1,2920.122384707374
1767398400000,2968.77594260365,2968.329140497682,1,2920.122384707374
1767412800000,2970.2918783203263,2968.672220686193,1,2920.122384707374
1767427200000,2970.140284748659,2969.685504033656,1,2920.122384707374
1767441600000,2970.858359561821,2970.100391703483,1,2920.122384707374
1767456000000,2970.51527937331,2970.411557455853,1,2920.122384707374
1767470400000,2971.1056964419104,2970.451450501029,1,2920.122384707374
1767484800000,2972.3423808423568,2971.0099531334886,1,2920.122384707374
1767499200000,2970.9139266834077,2970.2901201417026,1,2870.122384707374
1767513600000,2970.180953996904,2969.9470265437644,1,2870.122384707374
1767528000000,2971.194639627175,2969.915836216679,1,2870.122384707374
1767542400000,2970.2121443239894,2969.2140538572608,1,2870.122384707374
1767556800000,2970.258929814617,2969.557147455199,1,2870.122384707374
1767571200000,2969.7910749083385,2969.4011958197725,1,2870.122384707374
1767585600000,2971.631304206369,2969.7754797447956,1,2870.122384707374
1767600000000,2973.331177032516,2971.6157090428264,1,2870.122384707374
1767614400000,2972.2395155845315,2971.381781589687,1,2870.122384707374
1767628800000,2971.5533283886557,2970.383691122958,1,2870.122384707374
1767643200000,2971.4441622438576,2970.4616669406714,1,2870.122384707374
1767657600000,2970.742379884439,2970.524047594842,1,2870.122384707374
1767672000000,2970.945117010493,2969.697503927083,1,2870.122384707374
1767686400000,2970.258929814617,2970.2433346510747,1,2870.122384707374
1767700800000,2969.884645889594,2969.416790983315,1,2870.122384707374
1767715200000,2968.574652152013,2967.4518003769435,1,2870.122384707374
1767729600000,2968.527866661385,2967.763703647796,1,2870.122384707374
1767744000000,2969.6507184364546,2968.5122714978424,1,2870.122384707374
1767758400000,2969.0736973853773,2968.184773063447,1,2870.122384707374
1767772800000,2968.9801264041216,2968.403105353044,1,2870.122384707374
1767787200000,2968.449890843672,2967.732513320711,1,2870.122384707374
1767801600000,2968.0132262644784,2967.8416794655095,1,2870.122384707374
1767816000000,2968.1223924092765,2967.1554922696337,1,2870.122384707374
1767830400000,2968.247153717618,2967.9664407738505,1,2870.122384707374
1767844800000,2969.8222652354234,2968.028821428021,1,2870.122384707374
1767859200000,2969.307624838517,2968.4342956801293,1,2870.122384707374
1767873600000,2968.247153717618,2967.514181031114,1,2870.122384707374
1767888000000,2969.494766801028,2966.656447036269,1,2870.122384707374
1767902400000,2968.481081170757,2968.028821428021,1,2870.122384707374
1767916800000,2968.6838182968113,2967.779298811339,1,2870.122384707374
1767931200000,2969.9158362166795,2968.2627488811604,1,2870.122384707374
1767945600000,2968.527866661385,2968.4342956801293,1,2870.122384707374
1767960000000,2968.6370328061835,2967.592156848827,1,2870.122384707374
1767974400000,2969.1984586937183,2967.997631100936,1,2870.122384707374
1767988800000,2968.4654860072146,2968.449890843672,1,2870.122384707374
1768003200000,2969.1048877124626,2968.122392409277,1,2870.122384707374
1768017600000,2968.9021505864084,2968.5902473155556,1,2870.122384707374
1768032000000,2969.68190876354,2968.621437642641,1,2870.122384707374
1768046400000,2969.6663135999975,2969.3232200020593,1,2870.122384707374
1768060800000,2969.8378603989663,2969.4479813104003,1,2870.122384707374
1768075200000,2970.2901201417026,2969.791074908338,1,2870.122384707374
1768089600000,2970.5396427583846,2970.1653588333616,1,2870.122384707374
1768104000000,2971.3661864261444,2969.9938120343927,1,2870.122384707374
1768118400000,2972.083563949105,2970.773570211524,1,2870.122384707374
1768132800000,2971.522138061571,2971.257020281346,1,2870.122384707374
1768147200000,2972.3018962387023,2971.2414251178034,1,2870.122384707374
1768161600000,2972.4422527105858,2972.099159112648,1,2870.122384707374
1768176000000,2971.3505912626015,2969.635123272912,1,2870.122384707374
1768190400000,2971.1478541365473,2970.446071777129,1,2870.122384707374
1768204800000,2966.547280891471,2966.3133534383314,1,2870.122384707374
1768219200000,2967.810489138424,2966.204187293533,1,2870.122384707374
1768233600000,2966.656447036269,2966.0482356581065,1,2870.122384707374
1768248000000,2967.030730961292,2965.736332387254,1,2870.122384707374
1768262400000,2967.0775164519205,2966.516090564385,1,2870.122384707374
1768276800000,2966.017045331021,2965.9702598403933,1,2870.122384707374
1768291200000,2965.471214607029,2964.4887193038435,1,2870.122384707374
1768305600000,2965.1749064997193,2965.0969306820057,1,2870.122384707374
1768320000000,2965.6115710789127,2964.5666951215567,1,2870.122384707374
1768334400000,2965.907879186223,2965.2996678080603,1,2870.122384707374
1768348800000,2966.3445437654163,2965.4088339528585,1,2870.122384707374
1768363200000,2966.6252567091838,2965.3620484622306,1,2870.122384707374
1768377600000,2965.939069513308,2965.6739517330834,1,2870.122384707374
1768392000000,2963.6309853089983,2963.116344912092,1,2870.122384707374
1768406400000,2964.878598392409,2962.6952754964404,1,2870.122384707374
1768420800000,2964.3639579955025,2963.911698252766,1,2870.122384707374
1768435200000,2963.2878917110606,2963.0383690943786,1,2870.122384707374
1768449600000,2963.5997949819134,2961.5568285578283,1,2870.122384707374
1768464000000,2965.471214607029,2963.4750336735724,1,2870.122384707374
1768478400000,2967.1087067790054,2965.3620484622306,1,2870.122384707374
1768492800000,2963.8961030892233,2963.178725566262,1,2870.122384707374
1768507200000,2960.813497530095,2959.716599259798,0,2960.813497530095
1768521600000,2960.813497530095,2960.813497530095,0,2960.813497530095
1768536000000,2960.813497530095,2960.813497530095,0,2960.813497530095
1768550400000,2960.813497530095,2960.813497530095,0,2960.813497530095
1768564800000,2960.813497530095,2960.813497530095,0,2960.813497530095
1768579200000,2960.813497530095,2960.813497530095,0,2960.813497530095
1768593600000,2960.813497530095,2960.813497530095,0,2960.813497530095
1768608000000,2960.813497530095,2960.813497530095,0,2960.813497530095
1768622400000,2960.813497530095,2960.813497530095,0,2960.813497530095
1768636800000,2960.813497530095,2960.813497530095,0,2960.813497530095
1768651200000,2960.813497530095,2960.813497530095,0,2960.813497530095
1768665600000,2960.813497530095,2960.813497530095,0,2960.813497530095
1768680000000,2960.813497530095,2960.813497530095,0,2960.813497530095
1768694400000,2960.813497530095,2960.813497530095,0,2960.813497530095
1768708800000,2960.813497530095,2960.813497530095,0,2960.813497530095
1768723200000,2960.813497530095,2960.813497530095,0,2960.813497530095
1768737600000,2960.813497530095,2960.813497530095,0,2960.813497530095
1768752000000,2960.813497530095,2960.813497530095,0,2960.813497530095
1768766400000,2960.813497530095,2960.813497530095,0,2960.813497530095
1768780800000,2960.813497530095,2960.813497530095,0,2960.813497530095
1768795200000,2960.813497530095,2960.813497530095,0,2960.813497530095
1768809600000,2960.813497530095,2960.813497530095,0,2960.813497530095
1768824000000,2960.813497530095,2960.813497530095,0,2960.813497530095
1768838400000,2960.813497530095,2960.813497530095,0,2960.813497530095
1768852800000,2960.813497530095,2960.813497530095,0,2960.813497530095
1768867200000,2960.813497530095,2960.813497530095,0,2960.813497530095
1768881600000,2960.813497530095,2960.813497530095,0,2960.813497530095
1768896000000,2960.813497530095,2960.813497530095,0,2960.813497530095
1768910400000,2960.813497530095,2960.813497530095,0,2960.813497530095
1768924800000,2960.813497530095,2960.813497530095,0,2960.813497530095
1768939200000,2960.813497530095,2960.813497530095,0,2960.813497530095
1768953600000,2960.813497530095,2960.813497530095,0,2960.813497530095
1768968000000,2960.813497530095,2960.813497530095,0,2960.813497530095
1768982400000,2960.813497530095,2960.813497530095,0,2960.813497530095
1768996800000,2960.813497530095,2960.813497530095,0,2960.813497530095
1769011200000,2960.813497530095,2960.813497530095,0,2960.813497530095
1769025600000,2960.813497530095,2960.813497530095,0,2960.813497530095
1769040000000,2960.813497530095,2960.813497530095,0,2960.813497530095
1769054400000,2960.813497530095,2960.813497530095,0,2960.813497530095
1769068800000,2960.813497530095,2960.813497530095,0,2960.813497530095
1769083200000,2960.813497530095,2960.813497530095,0,2960.813497530095
1769097600000,2960.813497530095,2960.813497530095,0,2960.813497530095
1769112000000,2960.813497530095,2960.813497530095,0,2960.813497530095
1769126400000,2960.813497530095,2960.813497530095,0,2960.813497530095
1769140800000,2960.813497530095,2960.813497530095,0,2960.813497530095
1769155200000,2960.813497530095,2960.813497530095,0,2960.813497530095
1769169600000,2960.813497530095,2960.813497530095,0,2960.813497530095
1769184000000,2960.813497530095,2960.813497530095,0,2960.813497530095
1769198400000,2960.813497530095,2960.813497530095,0,2960.813497530095
1769212800000,2960.813497530095,2960.813497530095,0,2960.813497530095
1769227200000,2960.813497530095,2960.813497530095,0,2960.813497530095
1769241600000,2960.813497530095,2960.813497530095,0,2960.813497530095
1769256000000,2960.813497530095,2960.813497530095,0,2960.813497530095
1769270400000,2960.813497530095,2960.813497530095,0,2960.813497530095
1769284800000,2960.813497530095,2960.813497530095,0,2960.813497530095
1769299200000,2960.813497530095,2960.813497530095,0,2960.813497530095
1769313600000,2960.813497530095,2960.813497530095,0,2960.813497530095
1769328000000,2960.813497530095,2960.813497530095,0,2960.813497530095
1769342400000,2960.813497530095,2960.813497530095,0,2960.813497530095
1769356800000,2960.813497530095,2960.813497530095,0,2960.813497530095
1769371200000,2960.813497530095,2960.813497530095,0,2960.813497530095
1769385600000,2960.813497530095,2960.813497530095,0,2960.813497530095
1769400000000,2960.813497530095,2960.813497530095,0,2960.813497530095
1769414400000,2960.813497530095,2960.813497530095,0,2960.813497530095
1769428800000,2960.813497530095,2960.813497530095,0,2960.813497530095
1769443200000,2960.813497530095,2960.813497530095,0,2960.813497530095
1769457600000,2960.813497530095,2960.813497530095,0,2960.813497530095
1769472000000,2960.813497530095,2960.813497530095,0,2960.813497530095
1769486400000,2960.813497530095,2960.813497530095,0,2960.813497530095
1769500800000,2960.813497530095,2960.813497530095,0,2960.813497530095
1769515200000,2960.813497530095,2960.813497530095,0,2960.813497530095
1769529600000,2960.813497530095,2960.813497530095,0,2960.813497530095
1769544000000,2960.813497530095,2960.813497530095,0,2960.813497530095
1769558400000,2960.813497530095,2960.813497530095,0,2960.813497530095
1769572800000,2960.813497530095,2960.813497530095,0,2960.813497530095
1769587200000,2960.813497530095,2960.813497530095,0,2960.813497530095
1769601600000,2960.813497530095,2960.813497530095,0,2960.813497530095
1769616000000,2960.813497530095,2960.813497530095,0,2960.813497530095
1769630400000,2960.813497530095,2960.813497530095,0,2960.813497530095
1769644800000,2960.813497530095,2960.813497530095,0,2960.813497530095
1769659200000,2960.813497530095,2960.813497530095,0,2960.813497530095
1769673600000,2960.813497530095,2960.813497530095,0,2960.813497530095
1769688000000,2960.813497530095,2960.813497530095,0,2960.813497530095
1769702400000,2960.813497530095,2960.813497530095,0,2960.813497530095
1769716800000,2960.813497530095,2960.813497530095,0,2960.813497530095
1769731200000,2960.813497530095,2960.813497530095,0,2960.813497530095
1769745600000,2960.813497530095,2960.813497530095,0,2960.813497530095
1769760000000,2960.813497530095,2960.813497530095,0,2960.813497530095
1769774400000,2960.813497530095,2960.813497530095,0,2960.813497530095
1769788800000,2960.813497530095,2960.813497530095,0,2960.813497530095
1769803200000,2960.813497530095,2960.813497530095,0,2960.813497530095
1769817600000,2960.813497530095,2960.813497530095,0,2960.813497530095
1769832000000,2960.813497530095,2960.813497530095,0,2960.813497530095
1769846400000,2960.813497530095,2960.813497530095,0,2960.813497530095
1769860800000,2960.813497530095,2960.813497530095,0,2960.813497530095
1769875200000,2960.813497530095,2960.813497530095,0,2960.813497530095
1769889600000,2960.813497530095,2960.813497530095,0,2960.813497530095
1769904000000,2960.813497530095,2960.813497530095,0,2960.813497530095
1769918400000,2960.813497530095,2960.813497530095,0,2960.813497530095
1769932800000,2960.813497530095,2960.813497530095,0,2960.813497530095
1769947200000,2960.813497530095,2960.813497530095,0,2960.813497530095
1769961600000,2960.813497530095,2960.813497530095,0,2960.813497530095
1769976000000,2960.813497530095,2960.813497530095,0,2960.813497530095
1769990400000,2960.813497530095,2960.813497530095,0,2960.813497530095
1770004800000,2960.813497530095,2960.813497530095,0,2960.813497530095
1770019200000,2960.813497530095,2960.813497530095,0,2960.813497530095
1770033600000,2960.813497530095,2960.813497530095,0,2960.813497530095
1770048000000,2960.813497530095,2960.813497530095,0,2960.813497530095
1770062400000,2960.813497530095,2960.813497530095,0,2960.813497530095
1770076800000,2960.813497530095,2960.813497530095,0,2960.813497530095
1770091200000,2960.813497530095,2960.813497530095,0,2960.813497530095
1770105600000,2960.813497530095,2960.813497530095,0,2960.813497530095
1770120000000,2960.813497530095,2960.813497530095,0,2960.813497530095
1770134400000,2960.813497530095,2960.813497530095,0,2960.813497530095
1770148800000,2960.813497530095,2960.813497530095,0,2960.813497530095
1770163200000,2960.813497530095,2960.813497530095,0,2960.813497530095
1770177600000,2960.813497530095,2960.813497530095,0,2960.813497530095
1770192000000,2960.813497530095,2960.813497530095,0,2960.813497530095
1770206400000,2960.813497530095,2960.813497530095,0,2960.813497530095
1770220800000,2960.813497530095,2960.813497530095,0,2960.813497530095
1770235200000,2960.813497530095,2960.813497530095,0,2960.813497530095
1770249600000,2960.813497530095,2960.813497530095,0,2960.813497530095
1770264000000,2960.813497530095,2960.813497530095,0,2960.813497530095
1770278400000,2960.813497530095,2960.813497530095,0,2960.813497530095
1770292800000,2960.813497530095,2960.813497530095,0,2960.813497530095
1770307200000,2960.813497530095,2960.813497530095,0,2960.813497530095
1770321600000,2960.813497530095,2960.813497530095,0,2960.813497530095
1770336000000,2960.813497530095,2960.813497530095,0,2960.813497530095
1770350400000,2960.813497530095,2960.813497530095,0,2960.813497530095
1770364800000,2960.813497530095,2960.813497530095,0,2960.813497530095
1770379200000,2960.813497530095,2960.813497530095,0,2960.813497530095
1770393600000,2960.813497530095,2960.813497530095,0,2960.813497530095
1770408000000,2960.813497530095,2960.813497530095,0,2960.813497530095
1770422400000,2960.813497530095,2960.813497530095,0,2960.813497530095
1770436800000,2960.813497530095,2960.813497530095,0,2960.813497530095
1770451200000,2960.813497530095,2960.813497530095,0,2960.813497530095
1770465600000,2960.813497530095,2960.813497530095,0,2960.813497530095
1770480000000,2960.813497530095,2960.813497530095,0,2960.813497530095
1770494400000,2960.813497530095,2960.813497530095,0,2960.813497530095
1770508800000,2960.813497530095,2960.813497530095,0,2960.813497530095
1770523200000,2960.813497530095,2960.813497530095,0,2960.813497530095
1770537600000,2960.813497530095,2960.813497530095,0,2960.813497530095
1770552000000,2960.813497530095,2960.813497530095,0,2960.813497530095
1770566400000,2960.813497530095,2960.813497530095,0,2960.813497530095
1770580800000,2960.813497530095,2960.813497530095,0,2960.813497530095
1770595200000,2960.813497530095,2960.813497530095,0,2960.813497530095
1770609600000,2960.813497530095,2960.813497530095,0,2960.813497530095
1770624000000,2960.813497530095,2960.813497530095,0,2960.813497530095
1770638400000,2960.813497530095,2960.813497530095,0,2960.813497530095
1770652800000,2960.813497530095,2960.813497530095,0,2960.813497530095
1770667200000,2960.813497530095,2960.813497530095,0,2960.813497530095
1770681600000,2960.813497530095,2960.813497530095,0,2960.813497530095
1770696000000,2960.813497530095,2960.813497530095,0,2960.813497530095
1770710400000,2960.813497530095,2960.813497530095,0,2960.813497530095
1770724800000,2960.813497530095,2960.813497530095,0,2960.813497530095
1770739200000,2960.813497530095,2960.813497530095,0,2960.813497530095
1770753600000,2960.813497530095,2960.813497530095,0,2960.813497530095
1770768000000,2960.813497530095,2960.813497530095,0,2960.813497530095
1770782400000,2960.813497530095,2960.813497530095,0,2960.813497530095
1770796800000,2960.813497530095,2960.813497530095,0,2960.813497530095
1770811200000,2960.813497530095,2960.813497530095,0,2960.813497530095
1770825600000,2960.813497530095,2960.813497530095,0,2960.813497530095
1770840000000,2960.813497530095,2960.813497530095,0,2960.813497530095
1770854400000,2960.813497530095,2960.813497530095,0,2960.813497530095
1770868800000,2960.813497530095,2960.813497530095,0,2960.813497530095
1770883200000,2960.813497530095,2960.813497530095,0,2960.813497530095
1770897600000,2960.813497530095,2960.813497530095,0,2960.813497530095
1770912000000,2960.813497530095,2960.813497530095,0,2960.813497530095
1770926400000,2960.813497530095,2960.813497530095,0,2960.813497530095
1770940800000,2960.813497530095,2960.813497530095,0,2960.813497530095
1770955200000,2960.813497530095,2960.813497530095,0,2960.813497530095
1770969600000,2960.813497530095,2960.813497530095,0,2960.813497530095
1770984000000,2960.813497530095,2960.813497530095,0,2960.813497530095
1770998400000,2960.813497530095,2960.813497530095,0,2960.813497530095
1771012800000,2960.813497530095,2960.813497530095,0,2960.813497530095
1771027200000,2960.813497530095,2960.813497530095,0,2960.813497530095
1771041600000,2960.813497530095,2960.813497530095,0,2960.813497530095
1771056000000,2960.813497530095,2960.813497530095,0,2960.813497530095
1771070400000,2960.813497530095,2960.813497530095,0,2960.813497530095
1771084800000,2960.813497530095,2960.813497530095,0,2960.813497530095
1771099200000,2960.813497530095,2960.813497530095,0,2960.813497530095
1771113600000,2960.813497530095,2960.813497530095,0,2960.813497530095
1771128000000,2960.813497530095,2960.813497530095,0,2960.813497530095
1771142400000,2960.813497530095,2960.813497530095,0,2960.813497530095
1771156800000,2960.813497530095,2960.813497530095,0,2960.813497530095
1771171200000,2960.813497530095,2960.813497530095,0,2960.813497530095
1771185600000,2960.813497530095,2960.813497530095,0,2960.813497530095
1771200000000,2960.813497530095,2960.813497530095,0,2960.813497530095
1771214400000,2960.813497530095,2960.813497530095,0,2960.813497530095
1771228800000,2960.813497530095,2960.813497530095,0,2960.813497530095
1771243200000,2960.813497530095,2960.813497530095,0,2960.813497530095
1771257600000,2960.813497530095,2960.813497530095,0,2960.813497530095
1771272000000,2960.813497530095,2960.813497530095,0,2960.813497530095
1771286400000,2960.813497530095,2960.813497530095,0,2960.813497530095
1771300800000,2960.813497530095,2960.813497530095,0,2960.813497530095
1771315200000,2960.813497530095,2960.813497530095,0,2960.813497530095
1771329600000,2960.813497530095,2960.813497530095,0,2960.813497530095
1771344000000,2960.813497530095,2960.813497530095,0,2960.813497530095
1771358400000,2960.813497530095,2960.813497530095,0,2960.813497530095
1771372800000,2960.813497530095,2960.813497530095,0,2960.813497530095
1771387200000,2960.813497530095,2960.813497530095,0,2960.813497530095
1771401600000,2960.813497530095,2960.813497530095,0,2960.813497530095
1771416000000,2960.813497530095,2960.813497530095,0,2960.813497530095
1771430400000,2960.813497530095,2960.813497530095,0,2960.813497530095
1771444800000,2960.813497530095,2960.813497530095,0,2960.813497530095
1771459200000,2960.813497530095,2960.813497530095,0,2960.813497530095
1771473600000,2960.813497530095,2960.813497530095,0,2960.813497530095
1771488000000,2960.813497530095,2960.813497530095,0,2960.813497530095
1771502400000,2960.813497530095,2960.813497530095,0,2960.813497530095
1771516800000,2960.813497530095,2960.813497530095,0,2960.813497530095
1771531200000,2960.813497530095,2960.813497530095,0,2960.813497530095
1771545600000,2960.813497530095,2960.813497530095,0,2960.813497530095
1771560000000,2960.813497530095,2960.813497530095,0,2960.813497530095
1771574400000,2960.813497530095,2960.813497530095,0,2960.813497530095
1771588800000,2960.813497530095,2960.813497530095,0,2960.813497530095
1771603200000,2960.813497530095,2960.813497530095,0,2960.813497530095
1771617600000,2960.813497530095,2960.813497530095,0,2960.813497530095
1771632000000,2960.813497530095,2960.813497530095,0,2960.813497530095
1771646400000,2960.813497530095,2960.813497530095,0,2960.813497530095
1771660800000,2960.813497530095,2960.813497530095,0,2960.813497530095
1771675200000,2960.813497530095,2960.813497530095,0,2960.813497530095
1771689600000,2960.813497530095,2960.813497530095,0,2960.813497530095
1771704000000,2960.813497530095,2960.813497530095,0,2960.813497530095
1771718400000,2960.813497530095,2960.813497530095,0,2960.813497530095
1771732800000,2960.813497530095,2960.813497530095,0,2960.813497530095
1771747200000,2960.813497530095,2960.813497530095,0,2960.813497530095
1771761600000,2960.813497530095,2960.813497530095,0,2960.813497530095
1771776000000,2960.813497530095,2960.813497530095,0,2960.813497530095
1771790400000,2960.813497530095,2960.813497530095,0,2960.813497530095
1771804800000,2960.813497530095,2960.813497530095,0,2960.813497530095
1771819200000,2960.813497530095,2960.813497530095,0,2960.813497530095
1771833600000,2960.813497530095,2960.813497530095,0,2960.813497530095
1771848000000,2960.813497530095,2960.813497530095,0,2960.813497530095
1771862400000,2960.813497530095,2960.813497530095,0,2960.813497530095
1771876800000,2960.813497530095,2960.813497530095,0,2960.813497530095
1771891200000,2960.813497530095,2960.813497530095,0,2960.813497530095
1771905600000,2960.813497530095,2960.813497530095,0,2960.813497530095
1771920000000,2960.813497530095,2960.813497530095,0,2960.813497530095
1771934400000,2960.813497530095,2960.813497530095,0,2960.813497530095
1771948800000,2960.813497530095,2960.813497530095,0,2960.813497530095
1771963200000,2960.813497530095,2960.813497530095,0,2960.813497530095
1771977600000,2960.813497530095,2960.813497530095,0,2960.813497530095
1771992000000,2960.813497530095,2960.813497530095,0,2960.813497530095
1772006400000,2960.813497530095,2960.813497530095,0,2960.813497530095
1772020800000,2960.813497530095,2960.813497530095,0,2960.813497530095
1772035200000,2960.813497530095,2960.813497530095,0,2960.813497530095
1772049600000,2960.813497530095,2960.813497530095,0,2960.813497530095
1772064000000,2960.813497530095,2960.813497530095,0,2960.813497530095
1772078400000,2960.813497530095,2960.813497530095,0,2960.813497530095
1772092800000,2960.813497530095,2960.813497530095,0,2960.813497530095
1772107200000,2960.813497530095,2960.813497530095,0,2960.813497530095
1772121600000,2960.813497530095,2960.813497530095,0,2960.813497530095
1772136000000,2960.813497530095,2960.813497530095,0,2960.813497530095
1772150400000,2960.813497530095,2960.813497530095,0,2960.813497530095
1772164800000,2960.813497530095,2960.813497530095,0,2960.813497530095
1772179200000,2960.813497530095,2960.813497530095,0,2960.813497530095
1772193600000,2960.813497530095,2960.813497530095,0,2960.813497530095
1772208000000,2960.813497530095,2960.813497530095,0,2960.813497530095
1772222400000,2960.813497530095,2960.813497530095,0,2960.813497530095
1772236800000,2960.813497530095,2960.813497530095,0,2960.813497530095
1772251200000,2960.813497530095,2960.813497530095,0,2960.813497530095
1772265600000,2960.813497530095,2960.813497530095,0,2960.813497530095
1772280000000,2960.813497530095,2960.813497530095,0,2960.813497530095
1772294400000,2960.813497530095,2960.813497530095,0,2960.813497530095
1772308800000,2960.813497530095,2960.813497530095,0,2960.813497530095
1772323200000,2960.813497530095,2960.813497530095,0,2960.813497530095
1772337600000,2960.813497530095,2960.813497530095,0,2960.813497530095
1772352000000,2960.813497530095,2960.813497530095,0,2960.813497530095
1772366400000,2960.813497530095,2960.813497530095,0,2960.813497530095
1772380800000,2960.813497530095,2960.813497530095,0,2960.813497530095
1772395200000,2960.813497530095,2960.813497530095,0,2960.813497530095
1772409600000,2960.813497530095,2960.813497530095,0,2960.813497530095
1772424000000,2960.813497530095,2960.813497530095,0,2960.813497530095
1772438400000,2960.813497530095,2960.813497530095,0,2960.813497530095
1772452800000,2960.813497530095,2960.813497530095,0,2960.813497530095
1772467200000,2960.813497530095,2960.813497530095,0,2960.813497530095
1772481600000,2960.813497530095,2960.813497530095,0,2960.813497530095
1772496000000,2960.813497530095,2960.813497530095,0,2960.813497530095
1772510400000,2960.813497530095,2960.813497530095,0,2960.813497530095
1772524800000,2960.813497530095,2960.813497530095,0,2960.813497530095
1772539200000,2960.813497530095,2960.813497530095,0,2960.813497530095
1772553600000,2960.813497530095,2960.813497530095,0,2960.813497530095
1772568000000,2960.813497530095,2960.813497530095,0,2960.813497530095
1772582400000,2960.813497530095,2960.813497530095,0,2960.813497530095
1772596800000,2960.813497530095,2960.813497530095,0,2960.813497530095
1772611200000,2960.813497530095,2960.813497530095,0,2960.813497530095
1772625600000,2960.813497530095,2960.813497530095,0,2960.813497530095
1772640000000,2960.813497530095,2960.813497530095,0,2960.813497530095
1772654400000,2960.813497530095,2960.813497530095,0,2960.813497530095
1772668800000,2960.813497530095,2960.813497530095,0,2960.813497530095
1772683200000,2960.813497530095,2960.813497530095,0,2960.813497530095
1772697600000,2960.813497530095,2960.813497530095,0,2960.813497530095
1772712000000,2960.813497530095,2960.813497530095,0,2960.813497530095
1772726400000,2960.813497530095,2960.813497530095,0,2960.813497530095
1772740800000,2960.813497530095,2960.813497530095,0,2960.813497530095
1772755200000,2960.813497530095,2960.813497530095,0,2960.813497530095
1772769600000,2960.813497530095,2960.813497530095,0,2960.813497530095
1772784000000,2960.813497530095,2960.813497530095,0,2960.813497530095
1772798400000,2960.813497530095,2960.813497530095,0,2960.813497530095
1772812800000,2960.813497530095,2960.813497530095,0,2960.813497530095
1772827200000,2960.813497530095,2960.813497530095,0,2960.813497530095
1772841600000,2960.813497530095,2960.813497530095,0,2960.813497530095
1772856000000,2960.813497530095,2960.813497530095,0,2960.813497530095
1772870400000,2960.813497530095,2960.813497530095,0,2960.813497530095
1772884800000,2960.813497530095,2960.813497530095,0,2960.813497530095
1772899200000,2960.813497530095,2960.813497530095,0,2960.813497530095
1772913600000,2960.813497530095,2960.813497530095,0,2960.813497530095
1772928000000,2960.813497530095,2960.813497530095,0,2960.813497530095
1772942400000,2960.813497530095,2960.813497530095,0,2960.813497530095
1772956800000,2960.813497530095,2960.813497530095,0,2960.813497530095
1772971200000,2960.813497530095,2960.813497530095,0,2960.813497530095
1772985600000,2960.813497530095,2960.813497530095,0,2960.813497530095
1773000000000,2960.813497530095,2960.813497530095,0,2960.813497530095
1773014400000,2960.813497530095,2960.813497530095,0,2960.813497530095
1773028800000,2960.813497530095,2960.813497530095,0,2960.813497530095
1773043200000,2960.813497530095,2960.813497530095,0,2960.813497530095
1773057600000,2960.813497530095,2960.813497530095,0,2960.813497530095
1773072000000,2960.813497530095,2960.813497530095,0,2960.813497530095
1773086400000,2960.813497530095,2960.813497530095,0,2960.813497530095
1773100800000,2960.813497530095,2960.813497530095,0,2960.813497530095
1773115200000,2960.813497530095,2960.813497530095,0,2960.813497530095
1773129600000,2960.813497530095,2960.813497530095,0,2960.813497530095
1773144000000,2960.813497530095,2960.813497530095,0,2960.813497530095
1773158400000,2960.813497530095,2960.813497530095,0,2960.813497530095
1773172800000,2960.813497530095,2960.813497530095,0,2960.813497530095
1773187200000,2960.813497530095,2960.813497530095,0,2960.813497530095
1773201600000,2960.813497530095,2960.813497530095,0,2960.813497530095
1773216000000,2960.813497530095,2960.813497530095,0,2960.813497530095
1773230400000,2960.813497530095,2960.813497530095,0,2960.813497530095
1773244800000,2960.813497530095,2960.813497530095,0,2960.813497530095
1773259200000,2960.813497530095,2960.813497530095,0,2960.813497530095
1773273600000,2960.813497530095,2960.813497530095,0,2960.813497530095
1773288000000,2960.813497530095,2960.813497530095,0,2960.813497530095
1773302400000,2960.813497530095,2960.813497530095,0,2960.813497530095
1773316800000,2960.813497530095,2960.813497530095,0,2960.813497530095
1773331200000,2960.813497530095,2960.813497530095,0,2960.813497530095
1773345600000,2960.813497530095,2960.813497530095,0,2960.813497530095
1773360000000,2960.813497530095,2960.813497530095,0,2960.813497530095
1773374400000,2960.813497530095,2960.813497530095,0,2960.813497530095
1773388800000,2960.813497530095,2960.813497530095,0,2960.813497530095
1773403200000,2960.813497530095,2960.813497530095,0,2960.813497530095
1773417600000,2960.813497530095,2960.813497530095,0,2960.813497530095
1773432000000,2960.813497530095,2960.813497530095,0,2960.813497530095
1773446400000,2960.813497530095,2960.813497530095,0,2960.813497530095
1773460800000,2960.813497530095,2960.813497530095,0,2960.813497530095
1773475200000,2960.813497530095,2960.813497530095,0,2960.813497530095
1773489600000,2960.813497530095,2960.813497530095,0,2960.813497530095
1773504000000,2960.813497530095,2960.813497530095,0,2960.813497530095
1773518400000,2960.813497530095,2960.813497530095,0,2960.813497530095
1773532800000,2960.813497530095,2960.813497530095,0,2960.813497530095
1773547200000,2960.813497530095,2960.813497530095,0,2960.813497530095
1773561600000,2960.813497530095,2960.813497530095,0,2960.813497530095
1773576000000,2960.813497530095,2960.813497530095,0,2960.813497530095
1773590400000,2960.813497530095,2960.813497530095,0,2960.813497530095
1773604800000,2960.813497530095,2960.813497530095,0,2960.813497530095
1773619200000,2960.813497530095,2960.813497530095,0,2960.813497530095
1773633600000,2960.813497530095,2960.813497530095,0,2960.813497530095
1773648000000,2960.813497530095,2960.813497530095,0,2960.813497530095
1773662400000,2960.813497530095,2960.813497530095,0,2960.813497530095
1773676800000,2960.813497530095,2960.813497530095,0,2960.813497530095
1773691200000,2960.813497530095,2960.813497530095,0,2960.813497530095
1773705600000,2960.813497530095,2960.813497530095,0,2960.813497530095
1773720000000,2960.813497530095,2960.813497530095,0,2960.813497530095
1773734400000,2960.813497530095,2960.813497530095,0,2960.813497530095
1773748800000,2960.813497530095,2960.813497530095,0,2960.813497530095
1773763200000,2960.813497530095,2960.813497530095,0,2960.813497530095
1773777600000,2960.813497530095,2960.813497530095,0,2960.813497530095
1773792000000,2960.813497530095,2960.813497530095,0,2960.813497530095
1773806400000,2960.813497530095,2960.813497530095,0,2960.813497530095
1773820800000,2960.813497530095,2960.813497530095,0,2960.813497530095
1773835200000,2960.813497530095,2960.813497530095,0,2960.813497530095
1773849600000,2960.813497530095,2960.813497530095,0,2960.813497530095
1773864000000,2960.813497530095,2960.813497530095,0,2960.813497530095
1773878400000,2960.813497530095,2960.813497530095,0,2960.813497530095
1773892800000,2960.813497530095,2960.813497530095,0,2960.813497530095
1773907200000,2960.813497530095,2960.813497530095,0,2960.813497530095
1773921600000,2960.813497530095,2960.813497530095,0,2960.813497530095
1773936000000,2960.813497530095,2960.813497530095,0,2960.813497530095
1773950400000,2960.813497530095,2960.813497530095,0,2960.813497530095
1773964800000,2960.813497530095,2960.813497530095,0,2960.813497530095
1773979200000,2960.813497530095,2960.813497530095,0,2960.813497530095
1773993600000,2960.813497530095,2960.813497530095,0,2960.813497530095
1774008000000,2960.813497530095,2960.813497530095,0,2960.813497530095
1774022400000,2960.813497530095,2960.813497530095,0,2960.813497530095
1774036800000,2960.813497530095,2960.813497530095,0,2960.813497530095
1774051200000,2960.813497530095,2960.813497530095,0,2960.813497530095
1774065600000,2960.813497530095,2960.813497530095,0,2960.813497530095
1774080000000,2960.813497530095,2960.813497530095,0,2960.813497530095
1774094400000,2960.813497530095,2960.813497530095,0,2960.813497530095
1774108800000,2960.813497530095,2960.813497530095,0,2960.813497530095
1774123200000,2960.813497530095,2960.813497530095,0,2960.813497530095
1774137600000,2960.813497530095,2960.813497530095,0,2960.813497530095
1774152000000,2960.813497530095,2960.813497530095,0,2960.813497530095
1774166400000,2960.813497530095,2960.813497530095,0,2960.813497530095
1774180800000,2960.813497530095,2960.813497530095,0,2960.813497530095
1774195200000,2960.813497530095,2960.813497530095,0,2960.813497530095
1774209600000,2960.813497530095,2960.813497530095,0,2960.813497530095
1774224000000,2960.813497530095,2960.813497530095,0,2960.813497530095
1774238400000,2960.813497530095,2960.813497530095,0,2960.813497530095
1774252800000,2960.813497530095,2960.813497530095,0,2960.813497530095
1774267200000,2960.813497530095,2960.813497530095,0,2960.813497530095
1774281600000,2960.813497530095,2960.813497530095,0,2960.813497530095
1774296000000,2960.813497530095,2960.813497530095,0,2960.813497530095
1774310400000,2960.813497530095,2960.813497530095,0,2960.813497530095
1774324800000,2960.813497530095,2960.813497530095,0,2960.813497530095
1774339200000,2960.813497530095,2960.813497530095,0,2960.813497530095
1774353600000,2960.813497530095,2960.813497530095,0,2960.813497530095
1774368000000,2960.813497530095,2960.813497530095,0,2960.813497530095
1774382400000,2960.813497530095,2960.813497530095,0,2960.813497530095
1774396800000,2960.813497530095,2960.813497530095,0,2960.813497530095
1774411200000,2960.813497530095,2960.813497530095,0,2960.813497530095
1774425600000,2960.813497530095,2960.813497530095,0,2960.813497530095
1774440000000,2960.813497530095,2960.813497530095,0,2960.813497530095
1774454400000,2960.813497530095,2960.813497530095,0,2960.813497530095
1774468800000,2960.813497530095,2960.813497530095,0,2960.813497530095
1774483200000,2960.813497530095,2960.813497530095,0,2960.813497530095
1774497600000,2960.813497530095,2960.813497530095,0,2960.813497530095
1774512000000,2960.813497530095,2960.813497530095,0,2960.813497530095
1774526400000,2960.813497530095,2960.813497530095,0,2960.813497530095
1774540800000,2960.813497530095,2960.813497530095,0,2960.813497530095
1774555200000,2960.813497530095,2960.813497530095,0,2960.813497530095
1774569600000,2960.813497530095,2960.813497530095,0,2960.813497530095
1774584000000,2960.813497530095,2960.813497530095,0,2960.813497530095
1774598400000,2960.813497530095,2960.813497530095,0,2960.813497530095
1774612800000,2960.813497530095,2960.813497530095,0,2960.813497530095
1774627200000,2960.813497530095,2960.813497530095,0,2960.813497530095
1774641600000,2960.813497530095,2960.813497530095,0,2960.813497530095
1774656000000,2960.813497530095,2960.813497530095,0,2960.813497530095
1774670400000,2960.813497530095,2960.813497530095,0,2960.813497530095
1774684800000,2960.813497530095,2960.813497530095,0,2960.813497530095
1774699200000,2960.813497530095,2960.813497530095,0,2960.813497530095
1774713600000,2960.813497530095,2960.813497530095,0,2960.813497530095
1774728000000,2960.813497530095,2960.813497530095,0,2960.813497530095
1774742400000,2960.813497530095,2960.813497530095,0,2960.813497530095
1774756800000,2960.813497530095,2960.813497530095,0,2960.813497530095
1774771200000,2960.813497530095,2960.813497530095,0,2960.813497530095
1774785600000,2960.813497530095,2960.813497530095,0,2960.813497530095
1774800000000,2960.813497530095,2960.813497530095,0,2960.813497530095
1774814400000,2960.813497530095,2960.813497530095,0,2960.813497530095
1774828800000,2960.813497530095,2960.813497530095,0,2960.813497530095
1774843200000,2960.813497530095,2960.813497530095,0,2960.813497530095
1774857600000,2960.813497530095,2960.813497530095,0,2960.813497530095
1774872000000,2960.813497530095,2960.813497530095,0,2960.813497530095
1774886400000,2960.813497530095,2960.813497530095,0,2960.813497530095
1774900800000,2960.813497530095,2960.813497530095,0,2960.813497530095
1774915200000,2960.813497530095,2960.813497530095,0,2960.813497530095
1774929600000,2960.813497530095,2960.813497530095,0,2960.813497530095
1774944000000,2960.813497530095,2960.813497530095,0,2960.813497530095
1774958400000,2960.813497530095,2960.813497530095,0,2960.813497530095
1774972800000,2960.813497530095,2960.813497530095,0,2960.813497530095
1774987200000,2960.813497530095,2960.813497530095,0,2960.813497530095
1775001600000,2960.813497530095,2960.813497530095,0,2960.813497530095
1775016000000,2960.813497530095,2960.813497530095,0,2960.813497530095
1775030400000,2960.813497530095,2960.813497530095,0,2960.813497530095
1775044800000,2960.813497530095,2960.813497530095,0,2960.813497530095
1775059200000,2960.813497530095,2960.813497530095,0,2960.813497530095
1775073600000,2960.813497530095,2960.813497530095,0,2960.813497530095
1775088000000,2960.813497530095,2960.813497530095,0,2960.813497530095
1775102400000,2960.813497530095,2960.813497530095,0,2960.813497530095
1775116800000,2960.813497530095,2960.813497530095,0,2960.813497530095
1775131200000,2960.813497530095,2960.813497530095,0,2960.813497530095
1775145600000,2960.813497530095,2960.813497530095,0,2960.813497530095
1775160000000,2960.813497530095,2960.813497530095,0,2960.813497530095
1775174400000,2960.813497530095,2960.813497530095,0,2960.813497530095
1775188800000,2960.813497530095,2960.813497530095,0,2960.813497530095
1775203200000,2960.813497530095,2960.813497530095,0,2960.813497530095
1775217600000,2960.813497530095,2960.813497530095,0,2960.813497530095
1775232000000,2960.813497530095,2960.813497530095,0,2960.813497530095
1775246400000,2960.813497530095,2960.813497530095,0,2960.813497530095
1775260800000,2960.813497530095,2960.813497530095,0,2960.813497530095
1775275200000,2960.813497530095,2960.813497530095,0,2960.813497530095
1775289600000,2960.813497530095,2960.813497530095,0,2960.813497530095
1775304000000,2960.813497530095,2960.813497530095,0,2960.813497530095
1775318400000,2960.813497530095,2960.813497530095,0,2960.813497530095
1775332800000,2960.813497530095,2960.813497530095,0,2960.813497530095
1775347200000,2960.813497530095,2960.813497530095,0,2960.813497530095
1775361600000,2960.813497530095,2960.813497530095,0,2960.813497530095
1775376000000,2960.813497530095,2960.813497530095,0,2960.813497530095
1775390400000,2960.813497530095,2960.813497530095,0,2960.813497530095
1775404800000,2960.813497530095,2960.813497530095,0,2960.813497530095
1775419200000,2960.813497530095,2960.813497530095,0,2960.813497530095
1775433600000,2960.813497530095,2960.813497530095,0,2960.813497530095
1775448000000,2960.813497530095,2960.813497530095,0,2960.813497530095
1775462400000,2960.813497530095,2960.813497530095,0,2960.813497530095
1775476800000,2960.813497530095,2960.813497530095,0,2960.813497530095
1775491200000,2960.813497530095,2960.813497530095,0,2960.813497530095
1775505600000,2960.813497530095,2960.813497530095,0,2960.813497530095
1775520000000,2960.813497530095,2960.813497530095,0,2960.813497530095
1775534400000,2960.813497530095,2960.813497530095,0,2960.813497530095
1775548800000,2960.813497530095,2960.813497530095,0,2960.813497530095
1775563200000,2960.813497530095,2960.813497530095,0,2960.813497530095
1775577600000,2960.813497530095,2960.813497530095,0,2960.813497530095
1775592000000,2960.813497530095,2960.813497530095,0,2960.813497530095
1775606400000,2960.813497530095,2960.813497530095,0,2960.813497530095
1775620800000,2960.813497530095,2960.813497530095,0,2960.813497530095
1775635200000,2960.813497530095,2960.813497530095,0,2960.813497530095
1775649600000,2960.813497530095,2960.813497530095,0,2960.813497530095
1775664000000,2960.813497530095,2960.813497530095,0,2960.813497530095
1775678400000,2960.813497530095,2960.813497530095,0,2960.813497530095
1775692800000,2960.813497530095,2960.813497530095,0,2960.813497530095
1775707200000,2960.813497530095,2960.813497530095,0,2960.813497530095
1775721600000,2960.813497530095,2960.813497530095,0,2960.813497530095
1775736000000,2960.813497530095,2960.813497530095,0,2960.813497530095
1775750400000,2960.813497530095,2960.813497530095,0,2960.813497530095
1775764800000,2960.813497530095,2960.813497530095,0,2960.813497530095
1775779200000,2960.813497530095,2960.813497530095,0,2960.813497530095
1775793600000,2960.813497530095,2960.813497530095,0,2960.813497530095
1775808000000,2960.813497530095,2960.813497530095,0,2960.813497530095
1775822400000,2960.813497530095,2960.813497530095,0,2960.813497530095
1775836800000,2960.813497530095,2960.813497530095,0,2960.813497530095
1775851200000,2960.813497530095,2960.813497530095,0,2960.813497530095
1775865600000,2960.813497530095,2960.813497530095,0,2960.813497530095
1775880000000,2960.813497530095,2960.813497530095,0,2960.813497530095
1775894400000,2960.813497530095,2960.813497530095,0,2960.813497530095
1775908800000,2960.813497530095,2960.813497530095,0,2960.813497530095
1775923200000,2960.813497530095,2960.813497530095,0,2960.813497530095
1775937600000,2960.813497530095,2960.813497530095,0,2960.813497530095
1775952000000,2960.813497530095,2960.813497530095,0,2960.813497530095
1775966400000,2960.813497530095,2960.813497530095,0,2960.813497530095
1775980800000,2960.813497530095,2960.813497530095,0,2960.813497530095
1775995200000,2960.813497530095,2960.813497530095,0,2960.813497530095
1776009600000,2960.813497530095,2960.813497530095,0,2960.813497530095
1776024000000,2960.813497530095,2960.813497530095,0,2960.813497530095
1776038400000,2960.813497530095,2960.813497530095,0,2960.813497530095
1776052800000,2960.813497530095,2960.813497530095,0,2960.813497530095
1776067200000,2960.813497530095,2960.813497530095,0,2960.813497530095
1776081600000,2960.813497530095,2960.813497530095,0,2960.813497530095
1776096000000,2960.813497530095,2960.813497530095,0,2960.813497530095
1776110400000,2960.813497530095,2960.813497530095,0,2960.813497530095
1776124800000,2960.813497530095,2960.813497530095,0,2960.813497530095
1776139200000,2960.813497530095,2960.813497530095,0,2960.813497530095
1776153600000,2960.813497530095,2960.813497530095,0,2960.813497530095
1776168000000,2960.813497530095,2960.813497530095,0,2960.813497530095
1776182400000,2960.813497530095,2960.813497530095,0,2960.813497530095
1776196800000,2960.813497530095,2960.813497530095,0,2960.813497530095
1776211200000,2960.813497530095,2960.813497530095,0,2960.813497530095
1776225600000,2960.813497530095,2960.813497530095,0,2960.813497530095
1776240000000,2960.813497530095,2960.813497530095,0,2960.813497530095
1776254400000,2960.813497530095,2960.813497530095,0,2960.813497530095
1776268800000,2960.813497530095,2960.813497530095,0,2960.813497530095
1776283200000,2960.813497530095,2960.813497530095,0,2960.813497530095
1776297600000,2960.813497530095,2960.813497530095,0,2960.813497530095
1776312000000,2960.813497530095,2960.813497530095,0,2960.813497530095
1776326400000,2960.813497530095,2960.813497530095,0,2960.813497530095
1776340800000,2960.813497530095,2960.813497530095,0,2960.813497530095
1776355200000,2960.813497530095,2960.813497530095,0,2960.813497530095
1776369600000,2960.813497530095,2960.813497530095,0,2960.813497530095
1776384000000,2960.813497530095,2960.813497530095,0,2960.813497530095
1776398400000,2960.813497530095,2960.813497530095,0,2960.813497530095
1776412800000,2960.813497530095,2960.813497530095,0,2960.813497530095
1776427200000,2960.813497530095,2960.813497530095,0,2960.813497530095
1776441600000,2960.813497530095,2960.813497530095,0,2960.813497530095
1776456000000,2960.813497530095,2960.813497530095,0,2960.813497530095
1776470400000,2960.813497530095,2960.813497530095,0,2960.813497530095
1776484800000,2960.813497530095,2960.813497530095,0,2960.813497530095
1776499200000,2960.813497530095,2960.813497530095,0,2960.813497530095
1776513600000,2960.813497530095,2960.813497530095,0,2960.813497530095
1776528000000,2960.813497530095,2960.813497530095,0,2960.813497530095
1776542400000,2960.813497530095,2960.813497530095,0,2960.813497530095
1776556800000,2960.813497530095,2960.813497530095,0,2960.813497530095
1776571200000,2960.813497530095,2960.813497530095,0,2960.813497530095
1776585600000,2960.813497530095,2960.813497530095,0,2960.813497530095
1776600000000,2960.813497530095,2960.813497530095,0,2960.813497530095
1776614400000,2960.813497530095,2960.813497530095,0,2960.813497530095
1776628800000,2960.813497530095,2960.813497530095,0,2960.813497530095
1776643200000,2960.813497530095,2960.813497530095,0,2960.813497530095
1776657600000,2960.813497530095,2960.813497530095,0,2960.813497530095
1776672000000,2960.813497530095,2960.813497530095,0,2960.813497530095
1776686400000,2960.813497530095,2960.813497530095,0,2960.813497530095
1776700800000,2960.813497530095,2960.813497530095,0,2960.813497530095
1776715200000,2960.813497530095,2960.813497530095,0,2960.813497530095
1776729600000,2960.813497530095,2960.813497530095,0,2960.813497530095
1776744000000,2960.813497530095,2960.813497530095,0,2960.813497530095
1776758400000,2960.813497530095,2960.813497530095,0,2960.813497530095
1776772800000,2960.813497530095,2960.813497530095,0,2960.813497530095
1776787200000,2960.813497530095,2960.813497530095,0,2960.813497530095
1776801600000,2960.813497530095,2960.813497530095,0,2960.813497530095
1776816000000,2960.813497530095,2960.813497530095,0,2960.813497530095
1776830400000,2960.813497530095,2960.813497530095,0,2960.813497530095
1776844800000,2960.813497530095,2960.813497530095,0,2960.813497530095
1776859200000,2960.813497530095,2960.813497530095,0,2960.813497530095
1776873600000,2960.813497530095,2960.813497530095,0,2960.813497530095
1776888000000,2960.813497530095,2960.813497530095,0,2960.813497530095
1776902400000,2960.813497530095,2960.813497530095,0,2960.813497530095
1776916800000,2960.813497530095,2960.813497530095,0,2960.813497530095
1776931200000,2960.813497530095,2960.813497530095,0,2960.813497530095
1776945600000,2960.813497530095,2960.813497530095,0,2960.813497530095
1776960000000,2960.813497530095,2960.813497530095,0,2960.813497530095
1776974400000,2960.813497530095,2960.813497530095,0,2960.813497530095
1776988800000,2960.813497530095,2960.813497530095,0,2960.813497530095
1777003200000,2960.813497530095,2960.813497530095,0,2960.813497530095
1777017600000,2960.813497530095,2960.813497530095,0,2960.813497530095
1777032000000,2960.813497530095,2960.813497530095,0,2960.813497530095
1777046400000,2960.813497530095,2960.813497530095,0,2960.813497530095
1777060800000,2960.813497530095,2960.813497530095,0,2960.813497530095
1777075200000,2960.813497530095,2960.813497530095,0,2960.813497530095
1777089600000,2960.813497530095,2960.813497530095,0,2960.813497530095
1777104000000,2960.813497530095,2960.813497530095,0,2960.813497530095
1777118400000,2960.813497530095,2960.813497530095,0,2960.813497530095
1777132800000,2960.813497530095,2960.813497530095,0,2960.813497530095
1777147200000,2960.813497530095,2960.813497530095,0,2960.813497530095
1777161600000,2960.813497530095,2960.813497530095,0,2960.813497530095
1777176000000,2960.813497530095,2960.813497530095,0,2960.813497530095
1777190400000,2960.813497530095,2960.813497530095,0,2960.813497530095
1777204800000,2960.813497530095,2960.813497530095,0,2960.813497530095
1777219200000,2960.813497530095,2960.813497530095,0,2960.813497530095
1777233600000,2960.813497530095,2960.813497530095,0,2960.813497530095
1777248000000,2960.813497530095,2960.813497530095,0,2960.813497530095
1777262400000,2960.813497530095,2960.813497530095,0,2960.813497530095
1777276800000,2960.813497530095,2960.813497530095,0,2960.813497530095
1777291200000,2960.813497530095,2960.813497530095,0,2960.813497530095
1777305600000,2960.813497530095,2960.813497530095,0,2960.813497530095
1777320000000,2960.813497530095,2960.813497530095,0,2960.813497530095
1777334400000,2960.813497530095,2960.813497530095,0,2960.813497530095
1777348800000,2960.813497530095,2960.813497530095,0,2960.813497530095
1777363200000,2960.813497530095,2960.813497530095,0,2960.813497530095
1777377600000,2960.813497530095,2960.813497530095,0,2960.813497530095
1777392000000,2960.813497530095,2960.813497530095,0,2960.813497530095
1777406400000,2960.813497530095,2960.813497530095,0,2960.813497530095
1777420800000,2960.813497530095,2960.813497530095,0,2960.813497530095
1777435200000,2960.813497530095,2960.813497530095,0,2960.813497530095
1777449600000,2960.813497530095,2960.813497530095,0,2960.813497530095
1777464000000,2960.813497530095,2960.813497530095,0,2960.813497530095
1777478400000,2960.813497530095,2960.813497530095,0,2960.813497530095
1777492800000,2960.813497530095,2960.813497530095,0,2960.813497530095
1777507200000,2960.813497530095,2960.813497530095,0,2960.813497530095
1777521600000,2960.813497530095,2960.813497530095,0,2960.813497530095
1777536000000,2960.813497530095,2960.813497530095,0,2960.813497530095
1777550400000,2960.813497530095,2960.813497530095,0,2960.813497530095
1777564800000,2960.813497530095,2960.813497530095,0,2960.813497530095
1777579200000,2960.813497530095,2960.813497530095,0,2960.813497530095
1777593600000,2960.813497530095,2960.813497530095,0,2960.813497530095
1777608000000,2960.813497530095,2960.813497530095,0,2960.813497530095
1777622400000,2960.813497530095,2960.813497530095,0,2960.813497530095
1777636800000,2960.813497530095,2960.813497530095,0,2960.813497530095
1777651200000,2960.813497530095,2960.813497530095,0,2960.813497530095
1777665600000,2960.813497530095,2960.813497530095,0,2960.813497530095
1777680000000,2960.813497530095,2960.813497530095,0,2960.813497530095
1777694400000,2960.813497530095,2960.813497530095,0,2960.813497530095
1777708800000,2960.813497530095,2960.813497530095,0,2960.813497530095
1777723200000,2960.813497530095,2960.813497530095,0,2960.813497530095
1777737600000,2960.813497530095,2960.813497530095,0,2960.813497530095
1777752000000,2960.813497530095,2960.813497530095,0,2960.813497530095
1777766400000,2960.813497530095,2960.813497530095,0,2960.813497530095
1777780800000,2960.813497530095,2960.813497530095,0,2960.813497530095
1777795200000,2960.813497530095,2960.813497530095,0,2960.813497530095
1777809600000,2960.813497530095,2960.813497530095,0,2960.813497530095
1777824000000,2960.813497530095,2960.813497530095,0,2960.813497530095
1777838400000,2960.813497530095,2960.813497530095,0,2960.813497530095
1777852800000,2960.813497530095,2960.813497530095,0,2960.813497530095
1777867200000,2960.813497530095,2960.813497530095,0,2960.813497530095
1777881600000,2960.813497530095,2960.813497530095,0,2960.813497530095
1777896000000,2960.813497530095,2960.813497530095,0,2960.813497530095
1777910400000,2960.813497530095,2960.813497530095,0,2960.813497530095
1777924800000,2960.813497530095,2960.813497530095,0,2960.813497530095
1777939200000,2960.813497530095,2960.813497530095,0,2960.813497530095
1777953600000,2960.813497530095,2960.813497530095,0,2960.813497530095
1777968000000,2960.813497530095,2960.813497530095,0,2960.813497530095
1777982400000,2960.813497530095,2960.813497530095,0,2960.813497530095
1777996800000,2960.813497530095,2960.813497530095,0,2960.813497530095
1778011200000,2960.813497530095,2960.813497530095,0,2960.813497530095
1778025600000,2960.813497530095,2960.813497530095,0,2960.813497530095
1778040000000,2960.813497530095,2960.813497530095,0,2960.813497530095
1778054400000,2960.813497530095,2960.813497530095,0,2960.813497530095
1778068800000,2960.813497530095,2960.813497530095,0,2960.813497530095
1778083200000,2960.813497530095,2960.813497530095,0,2960.813497530095
1778097600000,2960.813497530095,2960.813497530095,0,2960.813497530095
1778112000000,2960.813497530095,2960.813497530095,0,2960.813497530095
1778126400000,2960.813497530095,2960.813497530095,0,2960.813497530095
1778140800000,2960.813497530095,2960.813497530095,0,2960.813497530095
1778155200000,2960.813497530095,2960.813497530095,0,2960.813497530095
1778169600000,2960.813497530095,2960.813497530095,0,2960.813497530095
1778184000000,2960.813497530095,2960.813497530095,0,2960.813497530095
1778198400000,2960.813497530095,2960.813497530095,0,2960.813497530095
1778212800000,2960.813497530095,2960.813497530095,0,2960.813497530095
1778227200000,2960.813497530095,2960.813497530095,0,2960.813497530095
1778241600000,2960.813497530095,2960.813497530095,0,2960.813497530095
1778256000000,2960.813497530095,2960.813497530095,0,2960.813497530095
1778270400000,2960.813497530095,2960.813497530095,0,2960.813497530095
1778284800000,2960.813497530095,2960.813497530095,0,2960.813497530095
1778299200000,2960.813497530095,2960.813497530095,0,2960.813497530095
1778313600000,2960.813497530095,2960.813497530095,0,2960.813497530095
1778328000000,2960.813497530095,2960.813497530095,0,2960.813497530095
1778342400000,2960.813497530095,2960.813497530095,0,2960.813497530095
1778356800000,2960.813497530095,2960.813497530095,0,2960.813497530095
1778371200000,2960.813497530095,2960.813497530095,0,2960.813497530095
1778385600000,2960.813497530095,2960.813497530095,0,2960.813497530095
1778400000000,2960.813497530095,2960.813497530095,0,2960.813497530095
1778414400000,2960.813497530095,2960.813497530095,0,2960.813497530095
1778428800000,2960.813497530095,2960.813497530095,0,2960.813497530095
1778443200000,2960.813497530095,2960.813497530095,0,2960.813497530095
1778457600000,2960.813497530095,2960.813497530095,0,2960.813497530095
1778472000000,2960.813497530095,2960.813497530095,0,2960.813497530095
1778486400000,2960.813497530095,2960.813497530095,0,2960.813497530095
1778500800000,2960.813497530095,2960.813497530095,0,2960.813497530095
1778515200000,2960.813497530095,2960.813497530095,0,2960.813497530095
1778529600000,2960.813497530095,2960.813497530095,0,2960.813497530095
1778544000000,2960.813497530095,2960.813497530095,0,2960.813497530095
1778558400000,2960.813497530095,2960.813497530095,0,2960.813497530095
1778572800000,2960.813497530095,2960.813497530095,0,2960.813497530095
1778587200000,2960.813497530095,2960.813497530095,0,2960.813497530095
1778601600000,2960.813497530095,2960.813497530095,0,2960.813497530095
1778616000000,2960.813497530095,2960.813497530095,0,2960.813497530095
1778630400000,2960.813497530095,2960.813497530095,0,2960.813497530095
1778644800000,2960.813497530095,2960.813497530095,0,2960.813497530095
1778659200000,2960.813497530095,2960.813497530095,0,2960.813497530095
1778673600000,2960.813497530095,2960.813497530095,0,2960.813497530095
1778688000000,2960.813497530095,2960.813497530095,0,2960.813497530095
1778702400000,2960.813497530095,2960.813497530095,0,2960.813497530095
1778716800000,2960.813497530095,2960.813497530095,0,2960.813497530095
1778731200000,2960.813497530095,2960.813497530095,0,2960.813497530095
1778745600000,2960.813497530095,2960.813497530095,0,2960.813497530095
1778760000000,2960.813497530095,2960.813497530095,0,2960.813497530095
1778774400000,2960.813497530095,2960.813497530095,0,2960.813497530095
1778788800000,2960.813497530095,2960.813497530095,0,2960.813497530095
1778803200000,2960.813497530095,2960.813497530095,0,2960.813497530095
1778817600000,2960.813497530095,2960.813497530095,0,2960.813497530095
1778832000000,2960.813497530095,2960.813497530095,0,2960.813497530095
1778846400000,2960.813497530095,2960.813497530095,0,2960.813497530095
1778860800000,2960.813497530095,2960.813497530095,0,2960.813497530095
1778875200000,2960.813497530095,2960.813497530095,0,2960.813497530095
1778889600000,2960.813497530095,2960.813497530095,0,2960.813497530095
1778904000000,2960.813497530095,2960.813497530095,0,2960.813497530095
1778918400000,2960.813497530095,2960.813497530095,0,2960.813497530095
1778932800000,2960.813497530095,2960.813497530095,0,2960.813497530095
1778947200000,2960.813497530095,2960.813497530095,0,2960.813497530095
1778961600000,2960.813497530095,2960.813497530095,0,2960.813497530095
1778976000000,2960.813497530095,2960.813497530095,0,2960.813497530095
1778990400000,2960.813497530095,2960.813497530095,0,2960.813497530095
1779004800000,2960.813497530095,2960.813497530095,0,2960.813497530095
1779019200000,2960.813497530095,2960.813497530095,0,2960.813497530095
1779033600000,2960.813497530095,2960.813497530095,0,2960.813497530095
1779048000000,2960.813497530095,2960.813497530095,0,2960.813497530095
1779062400000,2960.813497530095,2960.813497530095,0,2960.813497530095
1779076800000,2960.813497530095,2960.813497530095,0,2960.813497530095
1779091200000,2960.813497530095,2960.813497530095,0,2960.813497530095
1779105600000,2960.813497530095,2960.813497530095,0,2960.813497530095
1779120000000,2960.813497530095,2960.813497530095,0,2960.813497530095
1779134400000,2960.813497530095,2960.813497530095,0,2960.813497530095
1779148800000,2960.813497530095,2960.813497530095,0,2960.813497530095
1779163200000,2960.813497530095,2960.813497530095,0,2960.813497530095
1779177600000,2960.813497530095,2960.813497530095,0,2960.813497530095
1779192000000,2960.813497530095,2960.813497530095,0,2960.813497530095
1779206400000,2960.813497530095,2960.813497530095,0,2960.813497530095
1779220800000,2960.813497530095,2960.813497530095,0,2960.813497530095
1779235200000,2960.813497530095,2960.813497530095,0,2960.813497530095
1779249600000,2960.813497530095,2960.813497530095,0,2960.813497530095
1779264000000,2960.813497530095,2960.813497530095,0,2960.813497530095
1779278400000,2960.813497530095,2960.813497530095,0,2960.813497530095
1779292800000,2960.813497530095,2960.813497530095,0,2960.813497530095
1779307200000,2960.813497530095,2960.813497530095,0,2960.813497530095
1779321600000,2960.813497530095,2960.813497530095,0,2960.813497530095
1779336000000,2960.813497530095,2960.813497530095,0,2960.813497530095
1779350400000,2960.813497530095,2960.813497530095,0,2960.813497530095
1779364800000,2960.813497530095,2960.813497530095,0,2960.813497530095
1779379200000,2960.813497530095,2960.813497530095,0,2960.813497530095
1779393600000,2960.813497530095,2960.813497530095,0,2960.813497530095
1779408000000,2960.813497530095,2960.813497530095,0,2960.813497530095
1779422400000,2960.813497530095,2960.813497530095,0,2960.813497530095
1779436800000,2960.813497530095,2960.813497530095,0,2960.813497530095
1779451200000,2960.813497530095,2960.813497530095,0,2960.813497530095
1779465600000,2960.813497530095,2960.813497530095,0,2960.813497530095
1779480000000,2960.813497530095,2960.813497530095,0,2960.813497530095
1779494400000,2960.813497530095,2960.813497530095,0,2960.813497530095
1779508800000,2960.813497530095,2960.813497530095,0,2960.813497530095
1779523200000,2960.813497530095,2960.813497530095,0,2960.813497530095
1779537600000,2960.813497530095,2960.813497530095,0,2960.813497530095
1779552000000,2960.813497530095,2960.813497530095,0,2960.813497530095
1779566400000,2960.813497530095,2960.813497530095,0,2960.813497530095
1779580800000,2960.813497530095,2960.813497530095,0,2960.813497530095
1779595200000,2960.813497530095,2960.813497530095,0,2960.813497530095
1779609600000,2960.813497530095,2960.813497530095,0,2960.813497530095
1779624000000,2960.813497530095,2960.813497530095,0,2960.813497530095
1779638400000,2960.813497530095,2960.813497530095,0,2960.813497530095
1779652800000,2960.813497530095,2960.813497530095,0,2960.813497530095
1779667200000,2960.813497530095,2960.813497530095,0,2960.813497530095
1779681600000,2960.813497530095,2960.813497530095,0,2960.813497530095
1779696000000,2960.813497530095,2960.813497530095,0,2960.813497530095
1779710400000,2960.813497530095,2960.813497530095,0,2960.813497530095
1779724800000,2960.813497530095,2960.813497530095,0,2960.813497530095
1779739200000,2960.813497530095,2960.813497530095,0,2960.813497530095
1779753600000,2960.813497530095,2960.813497530095,0,2960.813497530095
1779768000000,2960.813497530095,2960.813497530095,0,2960.813497530095
1779782400000,2960.813497530095,2960.813497530095,0,2960.813497530095
1779796800000,2960.813497530095,2960.813497530095,0,2960.813497530095
1779811200000,2960.813497530095,2960.813497530095,0,2960.813497530095
1779825600000,2960.813497530095,2960.813497530095,0,2960.813497530095
1779840000000,2960.813497530095,2960.813497530095,0,2960.813497530095
1779854400000,2960.813497530095,2960.813497530095,0,2960.813497530095
1779868800000,2960.813497530095,2960.813497530095,0,2960.813497530095
1779883200000,2960.813497530095,2960.813497530095,0,2960.813497530095
1779897600000,2960.813497530095,2960.813497530095,0,2960.813497530095
1779912000000,2960.813497530095,2960.813497530095,0,2960.813497530095
1779926400000,2960.813497530095,2960.813497530095,0,2960.813497530095
1779940800000,2960.813497530095,2960.813497530095,0,2960.813497530095
1779955200000,2960.813497530095,2960.813497530095,0,2960.813497530095
1779969600000,2960.813497530095,2960.813497530095,0,2960.813497530095
1779984000000,2960.813497530095,2960.813497530095,0,2960.813497530095
1779998400000,2960.813497530095,2960.813497530095,0,2960.813497530095
1780012800000,2960.813497530095,2960.813497530095,0,2960.813497530095
1780027200000,2960.813497530095,2960.813497530095,0,2960.813497530095
1780041600000,2960.813497530095,2960.813497530095,0,2960.813497530095
1780056000000,2960.813497530095,2960.813497530095,0,2960.813497530095
1780070400000,2960.813497530095,2960.813497530095,0,2960.813497530095
1780084800000,2960.813497530095,2960.813497530095,0,2960.813497530095
1780099200000,2960.813497530095,2960.813497530095,0,2960.813497530095
1780113600000,2960.813497530095,2960.813497530095,0,2960.813497530095
1780128000000,2960.813497530095,2960.813497530095,0,2960.813497530095
1780142400000,2960.813497530095,2960.813497530095,0,2960.813497530095
1780156800000,2960.813497530095,2960.813497530095,0,2960.813497530095
1780171200000,2960.813497530095,2960.813497530095,0,2960.813497530095
1780185600000,2960.813497530095,2960.813497530095,0,2960.813497530095
1780200000000,2960.813497530095,2960.813497530095,0,2960.813497530095
1780214400000,2960.813497530095,2960.813497530095,0,2960.813497530095
1780228800000,2960.813497530095,2960.813497530095,0,2960.813497530095
1780243200000,2960.813497530095,2960.813497530095,0,2960.813497530095
1780257600000,2960.813497530095,2960.813497530095,0,2960.813497530095
1780272000000,2960.813497530095,2960.813497530095,0,2960.813497530095
1780286400000,2960.813497530095,2960.813497530095,0,2960.813497530095
1780300800000,2960.813497530095,2960.813497530095,0,2960.813497530095
1780315200000,2960.813497530095,2960.813497530095,0,2960.813497530095
1780329600000,2960.813497530095,2960.813497530095,0,2960.813497530095
1780344000000,2960.813497530095,2960.813497530095,0,2960.813497530095
1780358400000,2960.813497530095,2960.813497530095,0,2960.813497530095
1780372800000,2960.813497530095,2960.813497530095,0,2960.813497530095
1780387200000,2960.813497530095,2960.813497530095,0,2960.813497530095
1780401600000,2960.813497530095,2960.813497530095,0,2960.813497530095
1780416000000,2960.813497530095,2960.813497530095,0,2960.813497530095
1780430400000,2960.813497530095,2960.813497530095,0,2960.813497530095
1780444800000,2960.813497530095,2960.813497530095,0,2960.813497530095
1780459200000,2960.813497530095,2960.813497530095,0,2960.813497530095
1780473600000,2960.813497530095,2960.813497530095,0,2960.813497530095
1780488000000,2960.813497530095,2960.813497530095,0,2960.813497530095
1780502400000,2960.813497530095,2960.813497530095,0,2960.813497530095
1780516800000,2960.813497530095,2960.813497530095,0,2960.813497530095
1780531200000,2960.813497530095,2960.813497530095,0,2960.813497530095
1780545600000,2960.813497530095,2960.813497530095,0,2960.813497530095
1780560000000,2960.813497530095,2960.813497530095,0,2960.813497530095
1780574400000,2960.813497530095,2960.813497530095,0,2960.813497530095
1780588800000,2960.813497530095,2960.813497530095,0,2960.813497530095
1780603200000,2960.813497530095,2960.813497530095,0,2960.813497530095
1780617600000,2960.813497530095,2960.813497530095,0,2960.813497530095
1780632000000,2960.813497530095,2960.813497530095,0,2960.813497530095
1780646400000,2960.813497530095,2960.813497530095,0,2960.813497530095
1780660800000,2960.813497530095,2960.813497530095,0,2960.813497530095
1780675200000,2960.813497530095,2960.813497530095,0,2960.813497530095
1780689600000,2960.813497530095,2960.813497530095,0,2960.813497530095
1780704000000,2960.813497530095,2960.813497530095,0,2960.813497530095
1780718400000,2960.813497530095,2960.813497530095,0,2960.813497530095
1780732800000,2960.813497530095,2960.813497530095,0,2960.813497530095
1780747200000,2960.813497530095,2960.813497530095,0,2960.813497530095
1780761600000,2960.813497530095,2960.813497530095,0,2960.813497530095
1780776000000,2960.813497530095,2960.813497530095,0,2960.813497530095
1780790400000,2960.813497530095,2960.813497530095,0,2960.813497530095
1780804800000,2960.813497530095,2960.813497530095,0,2960.813497530095
1780819200000,2960.813497530095,2960.813497530095,0,2960.813497530095
1780833600000,2960.813497530095,2960.813497530095,0,2960.813497530095
1780848000000,2960.813497530095,2960.813497530095,0,2960.813497530095
1780862400000,2960.813497530095,2960.813497530095,0,2960.813497530095
1780876800000,2960.813497530095,2960.813497530095,0,2960.813497530095
1780891200000,2960.813497530095,2960.813497530095,0,2960.813497530095
1780905600000,2960.813497530095,2960.813497530095,0,2960.813497530095
1780920000000,2960.813497530095,2960.813497530095,0,2960.813497530095
1780934400000,2960.813497530095,2960.813497530095,0,2960.813497530095
1780948800000,2960.813497530095,2960.813497530095,0,2960.813497530095
1780963200000,2960.813497530095,2960.813497530095,0,2960.813497530095
1780977600000,2960.813497530095,2960.813497530095,0,2960.813497530095
1780992000000,2960.813497530095,2960.813497530095,0,2960.813497530095
1781006400000,2960.813497530095,2960.813497530095,0,2960.813497530095
1781020800000,2960.813497530095,2960.813497530095,0,2960.813497530095
1781035200000,2960.813497530095,2960.813497530095,0,2960.813497530095
1781049600000,2960.813497530095,2960.813497530095,0,2960.813497530095
1781064000000,2960.813497530095,2960.813497530095,0,2960.813497530095
1781078400000,2960.813497530095,2960.813497530095,0,2960.813497530095
1781092800000,2960.813497530095,2960.813497530095,0,2960.813497530095
1781107200000,2960.813497530095,2960.813497530095,0,2960.813497530095
1781121600000,2960.813497530095,2960.813497530095,0,2960.813497530095
1781136000000,2960.813497530095,2960.813497530095,0,2960.813497530095
1781150400000,2960.813497530095,2960.813497530095,0,2960.813497530095
1781164800000,2960.813497530095,2960.813497530095,0,2960.813497530095
1781179200000,2960.813497530095,2960.813497530095,0,2960.813497530095
1781193600000,2960.813497530095,2960.813497530095,0,2960.813497530095
1781208000000,2960.813497530095,2960.813497530095,0,2960.813497530095
1781222400000,2960.813497530095,2960.813497530095,0,2960.813497530095
1781236800000,2960.813497530095,2960.813497530095,0,2960.813497530095
1781251200000,2960.813497530095,2960.813497530095,0,2960.813497530095
1781265600000,2960.813497530095,2960.813497530095,0,2960.813497530095
1781280000000,2960.813497530095,2960.813497530095,0,2960.813497530095
1781294400000,2960.813497530095,2960.813497530095,0,2960.813497530095
1781308800000,2960.813497530095,2960.813497530095,0,2960.813497530095
1781323200000,2960.813497530095,2960.813497530095,0,2960.813497530095
1781337600000,2960.813497530095,2960.813497530095,0,2960.813497530095
1781352000000,2960.813497530095,2960.813497530095,0,2960.813497530095
1781366400000,2960.813497530095,2960.813497530095,0,2960.813497530095
1781380800000,2960.813497530095,2960.813497530095,0,2960.813497530095
1781395200000,2960.813497530095,2960.813497530095,0,2960.813497530095
1781409600000,2960.813497530095,2960.813497530095,0,2960.813497530095
1781424000000,2960.813497530095,2960.813497530095,0,2960.813497530095
1781438400000,2960.813497530095,2960.813497530095,0,2960.813497530095
1781452800000,2960.813497530095,2960.813497530095,0,2960.813497530095
1781467200000,2960.813497530095,2960.813497530095,0,2960.813497530095
1781481600000,2960.813497530095,2960.813497530095,0,2960.813497530095
1781496000000,2960.813497530095,2960.813497530095,0,2960.813497530095
1781510400000,2960.813497530095,2960.813497530095,0,2960.813497530095
1781524800000,2960.813497530095,2960.813497530095,0,2960.813497530095
1781539200000,2960.813497530095,2960.813497530095,0,2960.813497530095
1781553600000,2960.813497530095,2960.813497530095,0,2960.813497530095
1781568000000,2960.813497530095,2960.813497530095,0,2960.813497530095
1781582400000,2960.813497530095,2960.813497530095,0,2960.813497530095
1781596800000,2960.813497530095,2960.813497530095,0,2960.813497530095
1781611200000,2960.813497530095,2960.813497530095,0,2960.813497530095
1781625600000,2960.813497530095,2960.813497530095,0,2960.813497530095
1781640000000,2960.813497530095,2960.813497530095,0,2960.813497530095
1781654400000,2960.813497530095,2960.813497530095,0,2960.813497530095
1781668800000,2960.813497530095,2960.813497530095,0,2960.813497530095
1781683200000,2960.813497530095,2960.813497530095,0,2960.813497530095
1781697600000,2960.813497530095,2960.813497530095,0,2960.813497530095
1781712000000,2960.813497530095,2960.813497530095,0,2960.813497530095
1781726400000,2960.813497530095,2960.813497530095,0,2960.813497530095
1781740800000,2960.813497530095,2960.813497530095,0,2960.813497530095
1781755200000,2960.813497530095,2960.813497530095,0,2960.813497530095
1781769600000,2960.813497530095,2960.813497530095,0,2960.813497530095
1781784000000,2960.813497530095,2960.813497530095,0,2960.813497530095
1781798400000,2960.813497530095,2960.813497530095,0,2960.813497530095
1781812800000,2960.813497530095,2960.813497530095,0,2960.813497530095
1781827200000,2960.813497530095,2960.813497530095,0,2960.813497530095
1781841600000,2960.813497530095,2960.813497530095,0,2960.813497530095
1781856000000,2960.813497530095,2960.813497530095,0,2960.813497530095
1781870400000,2960.813497530095,2960.813497530095,0,2960.813497530095
1781884800000,2960.813497530095,2960.813497530095,0,2960.813497530095
1781899200000,2960.813497530095,2960.813497530095,0,2960.813497530095
1781913600000,2960.813497530095,2960.813497530095,0,2960.813497530095
1781928000000,2960.813497530095,2960.813497530095,0,2960.813497530095
1781942400000,2960.813497530095,2960.813497530095,0,2960.813497530095
1781956800000,2960.813497530095,2960.813497530095,0,2960.813497530095
1781971200000,2960.813497530095,2960.813497530095,0,2960.813497530095
1781985600000,2960.813497530095,2960.813497530095,0,2960.813497530095
1782000000000,2960.813497530095,2960.813497530095,0,2960.813497530095
1782014400000,2960.813497530095,2960.813497530095,0,2960.813497530095
1782028800000,2960.813497530095,2960.813497530095,0,2960.813497530095
1782043200000,2960.813497530095,2960.813497530095,0,2960.813497530095
1782057600000,2960.813497530095,2960.813497530095,0,2960.813497530095
1782072000000,2960.813497530095,2960.813497530095,0,2960.813497530095
1782086400000,2960.813497530095,2960.813497530095,0,2960.813497530095
1782100800000,2960.813497530095,2960.813497530095,0,2960.813497530095
1782115200000,2960.813497530095,2960.813497530095,0,2960.813497530095
1782129600000,2960.813497530095,2960.813497530095,0,2960.813497530095
1782144000000,2960.813497530095,2960.813497530095,0,2960.813497530095
1782158400000,2960.813497530095,2960.813497530095,0,2960.813497530095
1782172800000,2960.813497530095,2960.813497530095,0,2960.813497530095
1782187200000,2960.813497530095,2960.813497530095,0,2960.813497530095
1782201600000,2960.813497530095,2960.813497530095,0,2960.813497530095
1782216000000,2960.813497530095,2960.813497530095,0,2960.813497530095
1782230400000,2960.813497530095,2960.813497530095,0,2960.813497530095
1782244800000,2960.813497530095,2960.813497530095,0,2960.813497530095
1782259200000,2960.813497530095,2960.813497530095,0,2960.813497530095
1782273600000,2960.813497530095,2960.813497530095,0,2960.813497530095
1782288000000,2960.813497530095,2960.813497530095,0,2960.813497530095
1782302400000,2960.813497530095,2960.813497530095,0,2960.813497530095
1782316800000,2960.813497530095,2960.813497530095,0,2960.813497530095
1782331200000,2960.813497530095,2960.813497530095,0,2960.813497530095
1782345600000,2960.813497530095,2960.813497530095,0,2960.813497530095
1782360000000,2960.813497530095,2960.813497530095,0,2960.813497530095
1782374400000,2960.813497530095,2960.813497530095,0,2960.813497530095
1782388800000,2960.813497530095,2960.813497530095,0,2960.813497530095
1782403200000,2960.813497530095,2960.813497530095,0,2960.813497530095
1782417600000,2960.813497530095,2960.813497530095,0,2960.813497530095
1782432000000,2960.813497530095,2960.813497530095,0,2960.813497530095
1782446400000,2960.813497530095,2960.813497530095,0,2960.813497530095
1782460800000,2960.813497530095,2960.813497530095,0,2960.813497530095
1782475200000,2960.813497530095,2960.813497530095,0,2960.813497530095
1782489600000,2960.813497530095,2960.813497530095,0,2960.813497530095
1782504000000,2960.813497530095,2960.813497530095,0,2960.813497530095
1782518400000,2960.813497530095,2960.813497530095,0,2960.813497530095
1782532800000,2960.813497530095,2960.813497530095,0,2960.813497530095
1782547200000,2960.813497530095,2960.813497530095,0,2960.813497530095
1782561600000,2960.813497530095,2960.813497530095,0,2960.813497530095
1782576000000,2960.813497530095,2960.813497530095,0,2960.813497530095
1782590400000,2960.813497530095,2960.813497530095,0,2960.813497530095
1782604800000,2960.813497530095,2960.813497530095,0,2960.813497530095
1782619200000,2960.813497530095,2960.813497530095,0,2960.813497530095
1782633600000,2960.813497530095,2960.813497530095,0,2960.813497530095
1782648000000,2960.813497530095,2960.813497530095,0,2960.813497530095
1782662400000,2960.813497530095,2960.813497530095,0,2960.813497530095
1782676800000,2960.813497530095,2960.813497530095,0,2960.813497530095
1782691200000,2960.813497530095,2960.813497530095,0,2960.813497530095
1782705600000,2960.813497530095,2960.813497530095,0,2960.813497530095
1782720000000,2960.813497530095,2960.813497530095,0,2960.813497530095
1782734400000,2960.813497530095,2960.813497530095,0,2960.813497530095
1782748800000,2960.813497530095,2960.813497530095,0,2960.813497530095
1782763200000,2960.813497530095,2960.813497530095,0,2960.813497530095
1782777600000,2960.813497530095,2960.813497530095,0,2960.813497530095
1782792000000,2960.813497530095,2960.813497530095,0,2960.813497530095
1782806400000,2960.813497530095,2960.813497530095,0,2960.813497530095
1782820800000,2960.813497530095,2960.813497530095,0,2960.813497530095
1782835200000,2960.813497530095,2960.813497530095,0,2960.813497530095
1782849600000,2960.813497530095,2960.813497530095,0,2960.813497530095
1782864000000,2960.813497530095,2960.813497530095,0,2960.813497530095
1782878400000,2960.813497530095,2960.813497530095,0,2960.813497530095
1782892800000,2960.813497530095,2960.813497530095,0,2960.813497530095
1782907200000,2960.813497530095,2960.813497530095,0,2960.813497530095
1782921600000,2960.813497530095,2960.813497530095,0,2960.813497530095
1782936000000,2960.813497530095,2960.813497530095,0,2960.813497530095
1782950400000,2960.813497530095,2960.813497530095,0,2960.813497530095
1782964800000,2960.813497530095,2960.813497530095,0,2960.813497530095
1782979200000,2960.813497530095,2960.813497530095,0,2960.813497530095
1782993600000,2960.813497530095,2960.813497530095,0,2960.813497530095
1783008000000,2960.813497530095,2960.813497530095,0,2960.813497530095
1783022400000,2960.813497530095,2960.813497530095,0,2960.813497530095
1783036800000,2960.813497530095,2960.813497530095,0,2960.813497530095
1783051200000,2960.813497530095,2960.813497530095,0,2960.813497530095
1783065600000,2960.813497530095,2960.813497530095,0,2960.813497530095
1783080000000,2960.813497530095,2960.813497530095,0,2960.813497530095
1783094400000,2960.813497530095,2960.813497530095,0,2960.813497530095
1783108800000,2960.813497530095,2960.813497530095,0,2960.813497530095
1783123200000,2960.813497530095,2960.813497530095,0,2960.813497530095
1783137600000,2960.813497530095,2960.813497530095,0,2960.813497530095
1783152000000,2960.813497530095,2960.813497530095,0,2960.813497530095
1783166400000,2960.813497530095,2960.813497530095,0,2960.813497530095
1783180800000,2960.813497530095,2960.813497530095,0,2960.813497530095
1783195200000,2960.813497530095,2960.813497530095,0,2960.813497530095
1783209600000,2960.813497530095,2960.813497530095,0,2960.813497530095
1783224000000,2960.813497530095,2960.813497530095,0,2960.813497530095
1783238400000,2960.813497530095,2960.813497530095,0,2960.813497530095
1783252800000,2960.813497530095,2960.813497530095,0,2960.813497530095
1783267200000,2960.813497530095,2960.813497530095,0,2960.813497530095
1783281600000,2960.813497530095,2960.813497530095,0,2960.813497530095
1783296000000,2960.813497530095,2960.813497530095,0,2960.813497530095
1783310400000,2960.813497530095,2960.813497530095,0,2960.813497530095
1783324800000,2960.813497530095,2960.813497530095,0,2960.813497530095
1783339200000,2960.813497530095,2960.813497530095,0,2960.813497530095
1783353600000,2960.813497530095,2960.813497530095,0,2960.813497530095
1783368000000,2960.813497530095,2960.813497530095,0,2960.813497530095
1783382400000,2960.813497530095,2960.813497530095,0,2960.813497530095
1783396800000,2960.813497530095,2960.813497530095,0,2960.813497530095
1783411200000,2960.813497530095,2960.813497530095,0,2960.813497530095
1783425600000,2960.813497530095,2960.813497530095,0,2960.813497530095
1783440000000,2960.813497530095,2960.813497530095,0,2960.813497530095
1783454400000,2960.813497530095,2960.813497530095,0,2960.813497530095
1783468800000,2960.813497530095,2960.813497530095,0,2960.813497530095
1783483200000,2960.813497530095,2960.813497530095,0,2960.813497530095
1783497600000,2960.813497530095,2960.813497530095,0,2960.813497530095
1783512000000,2960.813497530095,2960.813497530095,0,2960.813497530095
1783526400000,2960.813497530095,2960.813497530095,0,2960.813497530095
1783540800000,2960.813497530095,2960.813497530095,0,2960.813497530095
1783555200000,2960.813497530095,2960.813497530095,0,2960.813497530095
1783569600000,2960.813497530095,2960.813497530095,0,2960.813497530095
1783584000000,2960.813497530095,2960.813497530095,0,2960.813497530095
1783598400000,2960.813497530095,2960.813497530095,0,2960.813497530095
1783612800000,2960.813497530095,2960.813497530095,0,2960.813497530095
1783627200000,2960.813497530095,2960.813497530095,0,2960.813497530095
1783641600000,2960.813497530095,2960.813497530095,0,2960.813497530095
1783656000000,2960.813497530095,2960.813497530095,0,2960.813497530095
1783670400000,2960.813497530095,2960.813497530095,0,2960.813497530095
1783684800000,2960.813497530095,2960.813497530095,0,2960.813497530095
1783699200000,2960.813497530095,2960.813497530095,0,2960.813497530095
1783713600000,2960.813497530095,2960.813497530095,0,2960.813497530095
1783728000000,2960.813497530095,2960.813497530095,0,2960.813497530095
1783742400000,2960.813497530095,2960.813497530095,0,2960.813497530095
1783756800000,2960.813497530095,2960.813497530095,0,2960.813497530095
1783771200000,2960.813497530095,2960.813497530095,0,2960.813497530095
1783785600000,2960.813497530095,2960.813497530095,0,2960.813497530095
1783800000000,2960.813497530095,2960.813497530095,0,2960.813497530095
1783814400000,2960.813497530095,2960.813497530095,0,2960.813497530095
1783828800000,2960.813497530095,2960.813497530095,0,2960.813497530095
1783843200000,2960.813497530095,2960.813497530095,0,2960.813497530095
1783857600000,2960.813497530095,2960.813497530095,0,2960.813497530095
1783872000000,2960.813497530095,2960.813497530095,0,2960.813497530095
1783886400000,2960.813497530095,2960.813497530095,0,2960.813497530095
1783900800000,2960.813497530095,2960.813497530095,0,2960.813497530095
1783915200000,2960.813497530095,2960.813497530095,0,2960.813497530095
1783929600000,2960.813497530095,2960.813497530095,0,2960.813497530095
1783944000000,2960.813497530095,2960.813497530095,0,2960.813497530095
1783958400000,2960.813497530095,2960.813497530095,0,2960.813497530095
1783972800000,2960.813497530095,2960.813497530095,0,2960.813497530095
1783987200000,2960.813497530095,2960.813497530095,0,2960.813497530095
1784001600000,2960.813497530095,2960.813497530095,0,2960.813497530095
1784016000000,2960.813497530095,2960.813497530095,0,2960.813497530095
1784030400000,2960.813497530095,2960.813497530095,0,2960.813497530095
1784044800000,2960.813497530095,2960.813497530095,0,2960.813497530095
1784059200000,2960.813497530095,2960.813497530095,0,2960.813497530095
1784073600000,2960.813497530095,2960.813497530095,0,2960.813497530095
1784088000000,2960.813497530095,2960.813497530095,0,2960.813497530095
1784102400000,2960.813497530095,2960.813497530095,0,2960.813497530095
1784116800000,2960.813497530095,2960.813497530095,0,2960.813497530095
1784131200000,2960.813497530095,2960.813497530095,0,2960.813497530095
1784145600000,2960.813497530095,2960.813497530095,0,2960.813497530095
1784160000000,2960.813497530095,2960.813497530095,0,2960.813497530095
1784174400000,2960.813497530095,2960.813497530095,0,2960.813497530095
1784188800000,2960.813497530095,2960.813497530095,0,2960.813497530095
1784203200000,2960.813497530095,2960.813497530095,0,2960.813497530095
1784217600000,2960.813497530095,2960.813497530095,0,2960.813497530095
1784232000000,2960.813497530095,2960.813497530095,0,2960.813497530095
1784246400000,2960.813497530095,2960.813497530095,0,2960.813497530095
1784260800000,2960.813497530095,2960.813497530095,0,2960.813497530095
1784275200000,2960.813497530095,2960.813497530095,0,2960.813497530095
1784289600000,2960.813497530095,2960.813497530095,0,2960.813497530095
1784304000000,2960.813497530095,2960.813497530095,0,2960.813497530095
1784318400000,2960.813497530095,2960.813497530095,0,2960.813497530095
1784332800000,2960.813497530095,2960.813497530095,0,2960.813497530095
1784347200000,2960.813497530095,2960.813497530095,0,2960.813497530095
1784361600000,2960.813497530095,2960.813497530095,0,2960.813497530095
1784376000000,2960.813497530095,2960.813497530095,0,2960.813497530095
1784390400000,2960.813497530095,2960.813497530095,0,2960.813497530095
1784404800000,2960.813497530095,2960.813497530095,0,2960.813497530095
1784419200000,2960.813497530095,2960.813497530095,0,2960.813497530095
1784433600000,2960.813497530095,2960.813497530095,0,2960.813497530095
1784448000000,2960.813497530095,2960.813497530095,0,2960.813497530095
1784462400000,2960.813497530095,2960.813497530095,0,2960.813497530095
1784476800000,2960.813497530095,2960.813497530095,0,2960.813497530095
1784491200000,2960.813497530095,2960.813497530095,0,2960.813497530095
1784505600000,2960.813497530095,2960.813497530095,0,2960.813497530095
1784520000000,2960.813497530095,2960.813497530095,0,2960.813497530095
1784534400000,2960.813497530095,2960.813497530095,0,2960.813497530095
1784548800000,2960.813497530095,2960.813497530095,0,2960.813497530095
1784563200000,2960.813497530095,2960.813497530095,0,2960.813497530095
1784577600000,2960.813497530095,2960.813497530095,0,2960.813497530095
1784592000000,2960.813497530095,2960.813497530095,0,2960.813497530095
1784606400000,2960.813497530095,2960.813497530095,0,2960.813497530095
1784620800000,2960.813497530095,2960.813497530095,0,2960.813497530095
1784635200000,2960.813497530095,2960.813497530095,0,2960.813497530095
1784649600000,2960.813497530095,2960.813497530095,0,2960.813497530095
1784664000000,2960.813497530095,2960.813497530095,0,2960.813497530095
1784678400000,2960.813497530095,2960.813497530095,0,2960.813497530095
1784692800000,2960.813497530095,2960.813497530095,0,2960.813497530095
1784707200000,2960.813497530095,2960.813497530095,0,2960.813497530095
1784721600000,2960.813497530095,2960.813497530095,0,2960.813497530095
1784736000000,2960.813497530095,2960.813497530095,0,2960.813497530095
1784750400000,2960.813497530095,2960.813497530095,0,2960.813497530095
1784764800000,2960.813497530095,2960.813497530095,0,2960.813497530095
1784779200000,2960.813497530095,2960.813497530095,0,2960.813497530095
1784793600000,2960.813497530095,2960.813497530095,0,2960.813497530095
1784808000000,2960.813497530095,2960.813497530095,0,2960.813497530095
1784822400000,2960.813497530095,2960.813497530095,0,2960.813497530095
1784836800000,2960.813497530095,2960.813497530095,0,2960.813497530095
1784851200000,2960.813497530095,2960.813497530095,0,2960.813497530095
1784865600000,2960.813497530095,2960.813497530095,0,2960.813497530095
1784880000000,2960.813497530095,2960.813497530095,0,2960.813497530095
1784894400000,2960.813497530095,2960.813497530095,0,2960.813497530095
1784908800000,2960.813497530095,2960.813497530095,0,2960.813497530095
1784923200000,2960.813497530095,2960.813497530095,0,2960.813497530095
1784937600000,2960.813497530095,2960.813497530095,0,2960.813497530095
1784952000000,2960.813497530095,2960.813497530095,0,2960.813497530095
1784966400000,2960.813497530095,2960.813497530095,0,2960.813497530095
1784980800000,2960.813497530095,2960.813497530095,0,2960.813497530095
1784995200000,2960.813497530095,2960.813497530095,0,2960.813497530095
1785009600000,2960.813497530095,2960.813497530095,0,2960.813497530095
1785024000000,2960.813497530095,2960.813497530095,0,2960.813497530095
1785038400000,2960.813497530095,2960.813497530095,0,2960.813497530095
1785052800000,2960.813497530095,2960.813497530095,0,2960.813497530095
1785067200000,2960.813497530095,2960.813497530095,0,2960.813497530095
1785081600000,2960.813497530095,2960.813497530095,0,2960.813497530095
1785096000000,2960.813497530095,2960.813497530095,0,2960.813497530095
1785110400000,2960.813497530095,2960.813497530095,0,2960.813497530095
1785124800000,2960.813497530095,2960.813497530095,0,2960.813497530095
1785139200000,2960.813497530095,2960.813497530095,0,2960.813497530095
1785153600000,2960.813497530095,2960.813497530095,0,2960.813497530095
1785168000000,2960.813497530095,2960.813497530095,0,2960.813497530095
1785182400000,2960.813497530095,2960.813497530095,0,2960.813497530095
1785196800000,2960.813497530095,2960.813497530095,0,2960.813497530095
1785211200000,2960.813497530095,2960.813497530095,0,2960.813497530095
1785225600000,2960.813497530095,2960.813497530095,0,2960.813497530095
1785240000000,2960.813497530095,2960.813497530095,0,2960.813497530095
1785254400000,2960.813497530095,2960.813497530095,0,2960.813497530095
1785268800000,2960.813497530095,2960.813497530095,0,2960.813497530095
1785283200000,2960.813497530095,2960.813497530095,0,2960.813497530095
1785297600000,2960.813497530095,2960.813497530095,0,2960.813497530095
1785312000000,2960.813497530095,2960.813497530095,0,2960.813497530095
1785326400000,2960.813497530095,2960.813497530095,0,2960.813497530095
1785340800000,2960.813497530095,2960.813497530095,0,2960.813497530095
1785355200000,2960.813497530095,2960.813497530095,0,2960.813497530095
1785369600000,2960.813497530095,2960.813497530095,0,2960.813497530095
1785384000000,2960.9886047572218,2960.3265981146933,1,2910.813497530095
1785398400000,2960.663846781642,2960.2766353492193,1,2910.813497530095
1785412800000,2962.4000528818588,2960.5514305593256,1,2910.813497530095
1785427200000,2964.923172538289,2962.3126180422796,1,2910.813497530095
1785441600000,2965.9474092305027,2964.8107563159724,1,2910.813497530095
1785456000000,2966.184732366504,2965.39781881029,1,2910.813497530095
1785470400000,2965.547707106712,2965.222949131132,1,2910.813497530095
1785484800000,2965.7475581686076,2965.5227257239753,1,2910.813497530095
1785499200000,2965.272911896606,2964.1112775993383,1,2910.813497530095
1785513600000,2963.886445154706,2963.624140635968,1,2910.813497530095
1785528000000,2963.7115754755473,2963.5242151050206,1,2910.813497530095
1785542400000,2965.1355142915527,2963.6616127100733,1,2910.813497530095
1785556800000,2964.5734331799717,2964.2236938216547,1,2910.813497530095
1785571200000,2962.012841449436,2961.800499696172,1,2910.813497530095
1785585600000,2961.625630017014,2961.4882324119603,1,2910.813497530095
1785600000000,2962.037822832173,2961.1509837450117,1,2910.813497530095
1785614400000,2961.475741720592,2960.9761140658534,1,2910.813497530095
1785628800000,2961.850462461646,2961.3258534241704,1,2910.813497530095
1785643200000,2962.787264314281,2961.7255555479614,1,2910.813497530095
1785657600000,2963.536705796389,2962.6373760178594,1,2910.813497530095
1785672000000,2963.0745502157556,2962.924661919334,1,2910.813497530095
1785686400000,2963.486743030915,2962.9621339934392,1,2910.813497530095
1785700800000,2963.5991592532314,2962.749792240176,1,2910.813497530095
1785715200000,2962.887189845229,2962.8247363883866,1,2910.813497530095
1785729600000,2962.2376738940684,2961.850462461646,1,2910.813497530095
1785744000000,2961.5381951774343,2961.400797572381,1,2910.813497530095
1785758400000,2961.5881579429083,2960.8886792262742,1,2910.813497530095
1785772800000,2959.889423916797,2959.5271938671112,1,2910.813497530095
1785787200000,2959.7645170031124,2959.2149265829003,1,2910.813497530095
1785801600000,2959.6396100894276,2959.3398334965846,1,2910.813497530095
1785816000000,2958.5903920144765,2958.3780502612126,1,2910.813497530095
1785830400000,2959.4147776447953,2958.4779757921606,1,2910.813497530095
1785844800000,2959.352324187953,2958.627864088582,1,2910.813497530095
1785859200000,2958.8027337677404,2958.1032550511063,1,2910.813497530095
1785873600000,2959.4147776447953,2958.6278640885816,1,2910.813497530095
1785888000000,2958.952622064162,2958.89016860732,1,2910.813497530095
1785902400000,2959.7395356203756,2958.6403547799505,1,2910.813497530095
1785916800000,2960.3640701887985,2959.6021380153225,1,2910.813497530095
1785931200000,2960.264144657851,2959.7894983858496,1,2910.813497530095
1785945600000,2960.9886047572218,2960.1017656700606,1,2910.813497530095
1785960000000,2962.524959795543,2960.976114065854,1,2910.813497530095
1785974400000,2961.363325498276,2960.9511326831166,1,2910.813497530095
1785988800000,2961.9129159184886,2961.1884558191173,1,2910.813497530095
1786003200000,2961.1135116709065,2960.9761140658534,1,2910.813497530095
1786017600000,2961.263399967328,2960.314107423325,1,2910.813497530095
1786032000000,2961.6755927824875,2960.4140329542724,1,2910.813497530095
1786046400000,2960.9886047572218,2960.651356090273,1,2910.813497530095
1786060800000,2960.9886047572218,2960.76377231259,1,2910.813497530095
1786075200000,2961.013586139959,2960.776263003958,1,2910.813497530095
1786089600000,2960.4140329542724,2960.151728435535,1,2910.813497530095
1786104000000,2961.363325498276,2960.3890515715357,1,2910.813497530095
1786118400000,2960.701318855747,2960.2266725837458,1,2910.813497530095
1786132800000,2961.3008720414336,2960.6388653989047,1,2910.813497530095
1786147200000,2960.538939867957,2959.9768587563763,1,2910.813497530095
1786161600000,2961.101020979538,2960.301616731956,1,2910.813497530095
1786176000000,2960.663846781642,2960.6513560902736,1,2910.813497530095
1786190400000,2960.613884016168,2960.488977102483,1,2910.813497530095
1786204800000,2960.6763374730103,2960.2266725837453,1,2910.813497530095
1786219200000,2960.8636978435375,2960.4639957197464,1,2910.813497530095
1786233600000,2960.8886792262742,2960.7138095471155,1,2910.813497530095
1786248000000,2960.2891260405877,2960.076784287324,1,2910.813497530095
1786262400000,2960.3016167319565,2960.214181892377,1,2910.813497530095
1786276800000,2960.6013933247996,2960.314107423325,1,2910.813497530095
1786291200000,2961.688083473856,2960.526449176589,1,2910.813497530095
1786305600000,2961.5381951774343,2961.1384930536437,1,2910.813497530095
1786320000000,2960.6388653989047,2960.51395848522,1,2910.813497530095
1786334400000,2961.0385675226958,2960.538939867957,1,2910.813497530095
1786348800000,2961.3508348069076,2960.938641991748,1,2910.813497530095
1786363200000,2961.126002362275,2960.7263002384843,1,2910.813497530095
1786377600000,2960.0268215218503,2959.6396100894276,1,2910.813497530095
1786392000000,2960.126747052798,2959.664591472165,1,2910.813497530095
1786406400000,2960.101765670061,2959.9268959909023,1,2910.813497530095
1786420800000,2960.8512071521686,2959.9768587563763,1,2910.813497530095
1786435200000,2960.0892749786926,2959.8519518426915,1,2910.813497530095
1786449600000,2959.439759027532,2959.2149265829,1,2910.813497530095
1786464000000,2957.041546284787,2956.879167296997,1,2910.813497530095
1786478400000,2957.5536646308938,2956.7917324574178,1,2910.813497530095
1786492800000,2957.691062235947,2957.478720482683,1,2910.813497530095
1786507200000,2958.003329520159,2957.4662297913146,1,2910.813497530095
1786521600000,2955.2547618205904,2954.530917319725,0,2955.2547618205904
1786536000000,2955.2547618205904,2955.2547618205904,0,2955.2547618205904
1786550400000,2955.2547618205904,2955.2547618205904,0,2955.2547618205904
1786564800000,2955.2547618205904,2955.2547618205904,0,2955.2547618205904
1786579200000,2955.2547618205904,2955.2547618205904,0,2955.2547618205904
1786593600000,2955.2547618205904,2955.2547618205904,0,2955.2547618205904
1786608000000,2955.2547618205904,2955.2547618205904,0,2955.2547618205904
1786622400000,2955.2547618205904,2955.2547618205904,0,2955.2547618205904
1786636800000,2955.2547618205904,2955.2547618205904,0,2955.2547618205904
1786651200000,2955.2547618205904,2955.2547618205904,0,2955.2547618205904
1786665600000,2955.2547618205904,2955.2547618205904,0,2955.2547618205904
1786680000000,2954.7292842014435,2954.6956280637696,1,2905.2547618205904
1786694400000,2954.4544257437724,2954.3254105493547,1,2905.2547618205904
1786708800000,2954.114522500716,2954.202004711217,0,2954.114522500716
1786723200000,2954.114522500716,2954.114522500716,0,2954.114522500716
1786737600000,2954.114522500716,2954.114522500716,0,2954.114522500716
1786752000000,2954.114522500716,2954.114522500716,0,2954.114522500716
1786766400000,2954.114522500716,2954.114522500716,0,2954.114522500716
1786780800000,2954.114522500716,2954.114522500716,0,2954.114522500716
1786795200000,2954.114522500716,2954.114522500716,0,2954.114522500716
1786809600000,2954.114522500716,2954.114522500716,0,2954.114522500716
1786824000000,2954.114522500716,2954.114522500716,0,2954.114522500716
1786838400000,2954.114522500716,2954.114522500716,0,2954.114522500716
1786852800000,2954.114522500716,2954.114522500716,0,2954.114522500716
1786867200000,2954.114522500716,2954.114522500716,0,2954.114522500716
1786881600000,2954.114522500716,2954.114522500716,0,2954.114522500716
1786896000000,2954.114522500716,2954.114522500716,0,2954.114522500716
1786910400000,2954.114522500716,2954.114522500716,0,2954.114522500716
1786924800000,2954.114522500716,2954.114522500716,0,2954.114522500716
1786939200000,2954.114522500716,2954.114522500716,0,2954.114522500716
1786953600000,2954.114522500716,2954.114522500716,0,2954.114522500716
1786968000000,2954.114522500716,2954.114522500716,0,2954.114522500716
1786982400000,2954.114522500716,2954.114522500716,0,2954.114522500716
1786996800000,2954.114522500716,2954.114522500716,0,2954.114522500716
1787011200000,2954.114522500716,2954.114522500716,0,2954.114522500716
1787025600000,2954.114522500716,2954.114522500716,0,2954.114522500716
1787040000000,2954.114522500716,2954.114522500716,0,2954.114522500716
1787054400000,2954.114522500716,2954.114522500716,0,2954.114522500716
1787068800000,2954.114522500716,2954.114522500716,0,2954.114522500716
1787083200000,2954.114522500716,2954.114522500716,0,2954.114522500716
1787097600000,2954.114522500716,2954.114522500716,0,2954.114522500716
1787112000000,2954.114522500716,2954.114522500716,0,2954.114522500716
1787126400000,2954.114522500716,2954.114522500716,0,2954.114522500716
1787140800000,2954.114522500716,2954.114522500716,0,2954.114522500716
1787155200000,2954.114522500716,2954.114522500716,0,2954.114522500716
1787169600000,2954.114522500716,2954.114522500716,0,2954.114522500716
1787184000000,2954.114522500716,2954.114522500716,0,2954.114522500716
1787198400000,2952.7586578622304,2951.2918546420174,4,2754.114522500716
1787212800000,2954.534065310539,2952.2837106447973,4,2754.114522500716
1787227200000,2958.866148699192,2954.3555087152113,4,2754.114522500716
1787241600000,2960.5452307949854,2956.171140354662,4,2754.114522500716
1787256000000,2960.4446719088346,2959.0710405556333,4,2754.114522500716
1787270400000,2961.300098410738,2959.8338031670423,4,2754.114522500716
1787284800000,2964.021656062145,2961.084478103314,4,2754.114522500716
1787299200000,2967.434267319495,2963.6964272265004,4,2754.114522500716
1787313600000,2968.0197969727133,2966.64244182051,4,2754.114522500716
1787328000000,2969.8934632117625,2967.1517680145503,4,2754.114522500716
1787342400000,2969.4670981688973,2968.379490871227,4,2754.114522500716
1787356800000,2975.408604189943,2968.9338725450543,4,2754.114522500716
1787371200000,2982.768007049721,2972.5976450246235,5,2704.114522500716
1787385600000,2972.862508253154,2962.808666791051,4,2752.212773625253
1787400000000,2970.918750811309,2967.7869101893175,4,2752.212773625253
1787414400000,2969.9330407332313,2969.5896656524856,4,2752.212773625253
1787428800000,2972.5151684467046,2969.867692163228,4,2752.212773625253
1787443200000,2971.241465902548,2969.564242735904,4,2752.212773625253
1787457600000,2970.4006672164896,2969.9572025386988,4,2752.212773625253
1787472000000,2968.0541565848102,2965.9003278330565,4,2752.212773625253
1787486400000,2972.1197309249196,2967.8305513297614,4,2752.212773625253
1787500800000,2972.538290988305,2969.6558945137017,4,2752.212773625253
1787515200000,2972.9460910696084,2972.066418706214,4,2752.212773625253
1787529600000,2974.1215231944825,2972.3867544593754,4,2752.212773625253
1787544000000,2969.9184881837964,2968.950671810976,5,2702.212773625253
1787558400000,2970.91571627754,2968.810672577139,5,2702.212773625253
1787572800000,2973.8150240928826,2967.6619497858055,5,2702.212773625253
1787587200000,2974.0920701677105,2970.3259861651063,5,2702.212773625253
1787601600000,2972.6897955131417,2970.4845612907343,5,2702.212773625253
1787616000000,2975.4112188269555,2971.5432700739557,5,2702.212773625253
1787630400000,2979.6558184162614,2974.164730345764,5,2702.212773625253
1787644800000,2976.534412493773,2974.9410568502344,5,2702.212773625253
1787659200000,2975.162693707491,2973.703951879997,5,2702.212773625253
1787673600000,2975.8800441307053,2971.095580839588,5,2702.212773625253
1787688000000,2973.652206192617,2972.6708524605115,5,2702.212773625253
1787702400000,2971.3319719804354,2967.859238828126,5,2702.212773625253
1787716800000,2972.8638708208346,2970.2078231883274,5,2702.212773625253
1787731200000,2972.5540430995593,2970.986307974394,5,2702.212773625253
1787745600000,2972.756348247524,2970.0341868343153,5,2702.212773625253
1787760000000,2970.3817541880344,2968.1370146545987,5,2702.212773625253
1787774400000,2972.344461311668,2968.746710013421,5,2702.212773625253
1787788800000,2978.557653511763,2971.0770065050874,5,2702.212773625253
1787803200000,2976.6736515168395,2974.8140565903645,5,2652.212773625253
1787817600000,2977.929266657406,2975.05466516145,5,2652.212773625253
1787832000000,2981.42929464132,2977.351259245826,5,2652.212773625253
1787846400000,2986.9991160843997,2980.269212691817,5,2652.212773625253
1787860800000,2989.235824902308,2984.622948560375,5,2652.212773625253
1787875200000,2990.650348027263,2987.4146457746233,5,2652.212773625253
1787889600000,2987.1992325185774,2984.5561226063774,5,2652.212773625253
1787904000000,2985.6089724833146,2984.7870961828535,5,2652.212773625253
1787918400000,2985.578151393117,2981.836288575257,5,2652.212773625253
1787932800000,2980.771337961049,2978.8339347528213,5,2652.212773625253
1787947200000,2975.9312607406605,2972.751323768481,5,2652.212773625253
1787961600000,2977.723599285665,2974.173169606449,5,2652.212773625253
1787976000000,2976.138117381513,2975.8973401458443,5,2652.212773625253
1787990400000,2976.2698136284807,2975.186522033676,5,2652.212773625253
1788004800000,2975.9772104523795,2974.7075654028636,5,2652.212773625253
1788019200000,2979.237982307492,2975.4722442427437,5,2652.212773625253
1788033600000,2981.9609291441325,2978.4157282052292,5,2652.212773625253
1788048000000,2982.6820094210366,2980.8565368185386,5,2652.212773625253
1788062400000,2984.6896240921005,2981.07175021774,5,2652.212773625253
1788076800000,2984.0749934172586,2983.1713578509343,5,2652.212773625253
1788091200000,2986.882884184969,2982.2139854693037,5,2652.212773625253
1788105600000,2990.2213609908335,2986.713869038046,5,2652.212773625253
1788120000000,2992.152545928959,2988.884519162055,5,2652.212773625253
1788134400000,2981.571684336391,2977.6071880636223,5,2652.212773625253
1788148800000,2979.9548176637327,2976.993280608367,5,2602.212773625253
1788163200000,2984.4375580057867,2976.8596873769193,5,2602.212773625253
1788177600000,2984.432622763652,2981.767142825927,5,2602.212773625253
1788192000000,2985.603903156354,2980.5380995104683,5,2602.212773625253
1788206400000,2987.9149559192383,2983.5451790854463,5,2602.212773625253
1788220800000,2986.068747023113,2985.6279247715215,0,2986.068747023113
