fundingTime,fundingRate,markPrice
1698796800000,0.0001,0.9455
1698825600000,0.0001,0.9437
1698854400000,0.0001,0.9321
1698883200001,0.00051851,1.0415455
1698912000000,0.00030021,1.00373785
1698940800000,0.00014978,0.9686
1698969600000,0.0001296,0.9908
1698998400000,0.0001,0.95464673
1699027200000,0.0001,0.985
1699056000000,0.0001,1.06047211
1699084800000,0.00010955,1.06310828
1699113600000,0.0001,1.0564
1699142400000,0.0001,1.0969
1699171200000,0.0001,1.0931463
1699200000000,0.0001,1.0753
1699228800000,0.0001,1.09057197
1699257600001,0.0001,1.0816
1699286400000,0.0001,1.1124
1699315200001,0.0001,1.1248
1699344000000,0.0001,1.0998
1699372800000,0.0001,1.06139724
1699401600000,0.0001,1.0832
1699430400000,0.00011353,1.07314349
1699459200000,0.0001,1.0696
1699488000000,0.00017947,1.0937194
1699516800000,0.00017924,1.1029
1699545600000,0.00030136,1.133
1699574400000,0.0001,1.20877969
1699603200000,0.00031703,1.1757
1699632000000,0.00015545,1.15450154
1699660800000,0.0002654,1.17430365
1699689600000,0.0001,1.13881201
1699718400000,0.00035653,1.1573
1699747200000,0.00039489,1.1385
1699776000000,0.00022193,1.146
1699804800001,0.00035452,1.1495
1699833600000,0.00050808,1.1569
1699862400000,0.00031652,1.1469
1699891200000,0.00038956,1.1833277
1699920000000,0.0001,1.1154
1699948800000,0.0001,1.1119
1699977600001,0.0001,1.09447114
1700006400000,0.0001,1.07722397
1700035200000,0.0001,1.09323618
1700064000000,0.0001,1.1366
1700092800000,0.0001,1.143
1700121600000,0.00038983,1.16479731
1700150400001,0.00033392,1.1168
1700179200000,0.0001,1.0791
1700208000001,0.00015057,1.0778458
1700236800001,0.0001,1.0032981
1700265600000,0.0001,1.04318916
1700294400000,0.0001,1.00992639
1700323200000,0.0001,1.03687314
1700352000000,0.0001,1.033
1700380800000,0.0001,1.03432162
1700409600000,0.0001,1.02809689
1700438400000,0.00016497,1.0468
1700467200000,0.00015109,1.0613
1700496000000,0.00016393,1.06201058
1700524800000,0.0001,1.0276
1700553600000,0.0001,1.01611194
1700582400000,0.0001,1.0143
1700611200000,0.0001,0.95012874
1700640000000,0.0001,0.9874
1700668800000,0.0001,0.99997227
1700697600000,0.0001,1.01920464
1700726400000,0.0001,1.033
1700755200001,0.0001,1.0075
1700784000000,0.0001,1.01667357
1700812800000,0.0001,1.04105451
1700841600000,0.0001,1.06972732
1700870400000,0.0001,1.0497
1700899200000,0.0001,1.0750333
1700928000000,0.0001,1.06183037
1700956800000,0.0001,1.067
1700985600000,0.0001,1.0638
1701014400000,0.0001,1.0297
1701043200000,0.0001,1.0374
1701072000001,0.0001,1.01199547
1701100800000,0.0001,0.99414342
1701129600000,0.0001,1.01758226
1701158400000,0.0001,0.9985226
1701187200000,0.0001,1.0113
1701216000001,0.0001,1.01745573
1701244800000,0.0001,1.02143529
1701273600000,0.0001,1.00404869
1701302400000,0.0001,1.00815189
1701331200000,0.0001,1.008
1701360000000,0.0001,1.00794292
1701388800000,0.0001,1.00642719
1701417600000,0.0001,1.02857118
1701446400000,0.0001,1.03052642
1701475200000,0.0001,1.03415139
1701504000000,0.0001,1.04232322
1701532800000,0.0001,1.08367282
1701561600000,0.00022635,1.1117
1701590400000,0.00014176,1.10164778
1701619200000,0.00018203,1.08886231
1701648000000,0.00022777,1.0977453
1701676800000,0.00033318,1.12081072
1701705600000,0.0001,1.07152104
1701734400000,0.00026177,1.0934
1701763200000,0.00023296,1.06546315
1701792000000,0.0002625,1.0759
1701820800000,0.00037676,1.09153957
1701849600000,0.00028957,1.0737
1701878400000,0.00027005,1.0692
1701907200000,0.00027042,1.0595
1701936000000,0.00042547,1.0809
1701964800000,0.00025401,1.13911117
1701993600000,0.00064206,1.1726
1702022400000,0.00039485,1.16046389
1702051200000,0.00039438,1.1578
1702080000000,0.00044609,1.1671
1702108800000,0.00066944,1.2225
1702137600000,0.00027423,1.1882
1702166400000,0.00020788,1.1399
1702195200000,0.00015589,1.1499
1702224000000,0.00019202,1.1519
1702252800000,0.00033675,1.1568
1702281600000,0.0001,1.07123938
1702310400000,0.0001,1.1020561
1702339200000,0.00018809,1.096
1702368000000,0.00015585,1.15804442
1702396800000,0.00029713,1.148
1702425600000,0.0005377,1.25301973
1702454400000,0.0001,1.13757297
1702483200001,0.00011433,1.15555494
1702512000000,0.00027157,1.1869
1702540800000,0.00016928,1.1775
1702569600000,0.00025364,1.16898968
1702598400000,0.00030332,1.1842
1702627200000,0.00031432,1.1431314
1702656000000,0.00037232,1.1277
1702684800000,0.00025895,1.1007
1702713600000,0.00020439,1.11149822
1702742400001,0.00015553,1.13347175
1702771200000,0.00024659,1.1255
1702800000000,0.00028986,1.09891489
1702828800000,0.00031606,1.10594029
1702857600000,0.00018177,1.10690877
1702886400001,0.00012368,1.07303284
1702915200000,0.00010502,1.06437367
1702944000000,0.00010477,1.1019
1702972800000,0.0001,1.10699123
1703001600000,0.0001,1.0909
1703030400000,0.00012761,1.0744
1703059200000,0.00021681,1.1191
1703088000000,0.00029686,1.12413554
1703116800000,0.00033925,1.10613314
1703145600000,0.00036444,1.1239
1703174400000,0.000387,1.13404737
1703203200000,0.00046099,1.15942208
1703232000000,0.00036313,1.28271304
1703260800000,0.00053368,1.3495826
1703289600000,0.00053026,1.42047785
1703318400001,0.00029939,1.33104259
1703347200000,0.00046781,1.34028957
1703376000000,0.00039715,1.3949
1703404800000,0.00041032,1.45338489
1703433600000,0.00027207,1.38325584
1703462400000,0.00036772,1.35480453
1703491200000,0.00043684,1.37693422
1703520000000,0.00076944,1.37633849
1703548800000,0.000684,1.3883
1703577600000,0.00045162,1.333283
1703606400000,0.00051744,1.31637277
1703635200000,0.00029979,1.32737217
1703664000000,0.00026982,1.2954
1703692800000,0.0004785,1.5094
1703721600000,0.00035793,1.5061
1703750400000,0.00065883,1.59218221
1703779200000,0.00055065,1.51236321
1703808000001,0.00048716,1.4694
1703836800000,0.00039867,1.44401922
1703865600000,0.00046938,1.46560404
1703894400001,0.00033509,1.5108
1703923200000,0.0003103,1.46985126
1703952000000,0.00026118,1.48394729
1703980800000,0.00030356,1.48086034
1704009600001,0.00046746,1.53267187
1704038400000,0.00055823,1.5854
1704067200000,0.00037714,1.5626
1704096000000,0.00035479,1.547
1704124800000,0.00058953,1.5818
1704153600000,0.00089543,1.7354
1704182400000,0.00068149,1.7321
1704211200000,0.00086739,1.71579802
1704240000000,0.00055539,1.7719
1704268800000,0.00058386,1.9066
1704297600000,0.0001,1.8812
1704326400000,0.0001,1.91404515
1704355200000,0.0001,1.92161127
1704384000000,0.0001,2.0511
1704412800001,0.0001,2.00460252
1704441600000,0.0001,1.94351516
1704470400000,0.0001,1.87084866
1704499200000,0.0001,1.95123084
1704528000000,0.0001,1.76272442
1704556800000,0.0001,1.76488024
1704585600000,0.0001,1.7518
1704614400001,0.0001,1.80200465
1704643200001,0.0001,1.8254
1704672000000,0.0001,1.72090632
1704700800000,0.0001,1.67604726
1704729600000,0.0001,1.77021418
1704758400001,0.0001,1.82134104
1704787200000,0.0001,1.81914492
1704816000000,0.0001,1.69737737
1704844800000,0.0001,1.84307936
1704873600000,0.0001,1.9044403
1704902400000,0.0001,2.01433977
1704931200000,0.0001,2.22798053
1704960000000,0.0001,2.29138293
1704988800000,0.0001,2.1943
1705017600001,0.0001,2.259
1705046400000,0.0001,2.2267813
1705075200000,0.0001,2.29494986
1705104000000,0.0001,2.20394713
1705132800000,0.0001,2.17147446
1705161600001,0.0001,2.1442
1705190400000,0.0001,2.17678555
1705219200000,0.0001,2.1608
1705248000001,0.0001,2.13523534
1705276800000,0.0001,2.0309
1705305600000,0.0001,2.07903254
1705334400000,0.0001,2.0931
1705363200000,0.0001,2.10994104
1705392000000,0.0001,2.15442487
1705420800001,0.0001,2.1198
1705449600000,0.0001,2.1514
1705478400000,0.0001,2.06970983
1705507200000,0.0001,2.02883875
1705536000001,0.0001,2.0388
1705564800000,0.0001,1.97900524
1705593600000,0.0001,1.97195668
1705622400000,0.0001,1.89190756
1705651200000,0.0001,1.86465577
1705680000002,0.0001,1.8212
1705708800000,0.0001,1.8566
1705737600003,0.0001,1.82033035
1705766400000,0.0001,1.76707039
1705795200000,0.0001,1.8167
1705824000000,0.0001,1.85598085
1705852800000,0.0001,1.84742577
1705881600000,0.0001,1.81618758
1705910400000,0.0001,1.7818032
1705939200000,0.0001,1.71165663
1705968000000,0.0001,1.68881888
1705996800000,0.0001,1.66678039
1706025600000,0.0001,1.62787919
1706054400000,0.0001,1.68963959
1706083200000,0.0001,1.66826532
1706112000000,0.0001,1.71757649
1706140800000,0.0001,1.7372985
1706169600001,0.0001,1.70327042
1706198400000,0.0001,1.6568792
1706227200001,0.0001,1.73141701
1706256000000,0.0001,1.7336
1706284800000,0.0001,1.7703
1706313600000,0.0001,1.8167
1706342400000,0.0001,1.79029194
1706371200000,0.0001,1.79812479
1706400000000,0.0001,1.7963
1706428800000,0.0001,1.8495
1706457600000,0.0001,1.82693596
1706486400000,0.0001,1.7983
1706515200001,0.0001,1.8081
1706544000000,0.0001,1.81301508
1706572800000,0.0001,1.8542551
1706601600000,0.0001,1.8817
1706630400001,0.0001,1.89074097
1706659200000,0.0001,1.88497686
1706688000000,0.0001,1.85940325
1706716800000,0.0001,1.81603783
1706745600000,0.0001,1.76275637
1706774400000,0.0001,1.72655897
1706803200002,0.0001,1.73464324
1706832000000,0.0001,1.784
1706860800000,0.0001,1.80272647
1706889600000,0.0001,1.8074
1706918400000,8.569e-05,1.7917
1706947200000,0.0001,1.81934596
1706976000001,0.0001,1.78593674
1707004800000,0.0001,1.7653
1707033600004,0.0001,1.7474
1707062400000,0.0001,1.75452465
1707091200000,0.0001,1.7312
1707120000000,0.0001,1.75134749
1707148800000,0.0001,1.7435
1707177600000,0.0001,1.73454618
1707206400001,0.0001,1.81350911
1707235200000,0.0001,1.8332513
1707264000000,0.0001,1.83
1707292800000,0.0001,1.8391
1707321600000,0.0001,1.8236
1707350400000,0.0001,1.8985
1707379200000,0.0001,1.88438831
1707408000000,0.0001,1.9159
1707436800000,6.151e-05,1.86176525
1707465600000,0.0001,1.9003
1707494400001,0.0001,1.93018128
1707523200001,0.0001,1.98086044
1707552000000,0.0001,1.9721698
1707580800000,0.0001,1.96625369
1707609600000,0.0001,1.96
1707638400001,0.0001,2.00089627
1707667200000,0.0001,1.9587528
1707696000000,0.0001,1.94201278
1707724800000,0.0001,1.9466
1707753600000,0.0001,2.00590232
1707782400000,0.0001,2.07683228
1707811200000,0.0001,2.06970514
1707840000000,0.0001,2.03257793
1707868800000,0.0001,2.0474
1707897600000,0.0001,2.04179526
1707926400000,0.00020935,2.09071265
1707955200000,0.0001,2.1118
1707984000000,0.00020946,2.09711987
1708012800000,0.00031541,2.0988476
1708041600000,0.00030872,2.07334874
1708070400000,0.0002871,2.02923021
1708099200000,0.00016626,2.0017
1708128000000,0.00020644,2.0117
1708156800000,0.00034372,1.9778
1708185600000,0.00029385,1.94244123
1708214400000,0.00031648,1.97089857
1708243200000,0.00031837,2.00753466
1708272000000,0.0004078,2.01646588
1708300800000,0.00028617,2.04091683
1708329600000,0.00034837,2.0956
1708358400000,0.00033484,2.04439694
1708387200000,0.00040345,2.0555
1708416000000,0.00023727,2.01178306
1708444800000,0.00033945,1.9586321
1708473600000,0.00022036,2.0113032
1708502400000,0.0001,1.89389199
1708531200000,0.0001,1.84441485
1708560000001,0.0001,1.878
1708588800001,0.00016879,1.87192879
1708617600000,0.00021751,1.85730419
1708646400000,0.0002364,1.80948361
1708675200000,0.0002109,1.77357258
1708704000000,0.00027629,1.76389987
1708732800000,0.00033725,1.79995982
1708761600001,0.00032289,1.82319649
1708790400000,0.00029473,1.8222
1708819200001,0.00021944,1.846
1708848000000,0.00034914,1.86334423
1708876800000,0.00030959,1.8703
1708905600000,0.00038561,1.90636476
1708934400000,0.00045564,1.8518
1708963200000,0.00046641,1.8867075
1708992000000,0.00069041,1.9298
1709020800000,0.0006917,1.9105
1709049600000,0.00042283,1.8886
1709078400000,0.00056484,1.89772304
1709107200000,0.00060027,1.8923945
1709136000000,0.00076286,1.91471552
1709164800000,0.00060812,1.9018
1709193600000,0.00097114,2.0142
1709222400000,0.00090574,1.9998
1709251200000,0.000576,1.94538254
1709280000000,0.00077711,1.97290968
1709308800000,0.0006782,1.95135051
1709337600000,0.00087604,1.9905
1709366400001,0.00117016,1.9913
1709395200000,0.00112665,1.971
1709424000000,0.00110007,2.0286
1709452800000,0.00086466,2.0376896
1709481600000,0.00069769,2.06550156
1709510400000,0.00060009,2.04664108
1709539200000,0.00086653,2.02705017
1709568000000,0.00062608,2.0101
1709596800000,0.00064219,1.98386034
1709625600000,0.00128625,2.0807
1709654400000,0.00096023,2.1164
1709683200000,0.0001,1.9669
1709712000001,0.00040936,2.08364987
1709740800000,0.00046966,2.02184155
1709769600000,0.00052407,2.05567618
1709798400000,0.00053262,2.07073741
1709827200000,0.00064361,2.1695
1709856000000,0.00070745,2.1672
1709884800000,0.00060757,2.1651
1709913600000,0.00063765,2.1393
1709942400000,0.00049284,2.13576679
1709971200001,0.0006225,2.1556
1710000000000,0.00071649,2.13546525
1710028800000,0.00075244,2.09901337
1710057600000,0.00079933,2.11345711
1710086400000,0.00048692,2.0514
1710115200000,0.0005211,2.06943626
1710144000000,0.00058265,2.08129716
1710172800000,0.00067878,2.057
1710201600000,0.00089567,2.08604708
1710230400000,0.0006565,2.01619972
1710259200000,0.00053523,2.0072
1710288000000,0.00054411,2.01928783
1710316800001,0.00070095,2.1701
1710345600000,0.00062648,2.14164618
1710374400001,0.00050025,2.1170426
1710403200000,0.00071322,2.061
1710432000000,0.00067348,1.9846
1710460800000,0.00060847,2.0175
1710489600000,0.00035488,1.93737426
1710518400000,0.00022842,1.88714028
1710547200000,0.00025565,1.8888125
1710576000000,0.00032737,1.92619899
1710604800000,0.00016008,1.85419692
1710633600000,0.00014201,1.7577
1710662400000,0.00010069,1.66284297
1710691200000,0.00020946,1.73838302
1710720000000,0.00013265,1.73735486
1710748800000,0.00030019,1.698
1710777600001,0.00025695,1.66009978
1710806400000,0.00039802,1.62445839
1710835200000,0.00022312,1.5335
1710864000001,0.00017199,1.6363
1710892800000,0.00018561,1.6261
1710921600004,0.00021296,1.65918586
1710950400000,0.00012656,1.64667212
1710979200000,0.00028778,1.74714388
1711008000000,0.00018098,1.74307371
1711036800000,0.00022695,1.73263407
1711065600000,0.0003167,1.6855
1711094400000,0.00022559,1.68060228
1711123200000,0.00013712,1.60037036
1711152000000,0.00021438,1.60492647
1711180800000,0.00017356,1.60948014
1711209600000,0.00020478,1.6239
1711238400000,0.00021359,1.5963
1711267200000,0.00017863,1.60229639
1711296000000,0.00020537,1.6484
1711324800000,0.00015784,1.67174023
1711353600001,0.00021451,1.6672
1711382400000,0.00024505,1.7286
1711411200000,0.00040866,1.7249
1711440000000,0.00034985,1.72958855
1711468800000,0.00039727,1.69443117
1711497600000,0.00046158,1.70247596
1711526400001,0.00039829,1.6804614
1711555200000,0.00040907,1.6438
1711584000000,0.00047077,1.65629746
1711612800000,0.00062666,1.69434388
1711641600000,0.00056952,1.6761452
1711670400000,0.00058463,1.66832724
1711699200000,0.00052428,1.62924843
1711728000000,0.00055621,1.62502006
1711756800000,0.0006073,1.6454
1711785600000,0.00065444,1.64951953
1711814400000,0.00072065,1.6625
1711843200000,0.00053621,1.64295592
1711872000000,0.00066145,1.68184599
1711900800001,0.00055474,1.64706749
1711929600000,0.0007346,1.6639
1711958400000,0.0004549,1.6102
1711987200000,0.00036377,1.5507
1712016000007,0.00033082,1.5689
1712044800015,0.00013093,1.4775
1712073600000,0.00015022,1.44533811
1712102400000,0.00018569,1.44898715
1712131200000,0.00016979,1.4789423
1712160000000,0.00018169,1.4587
1712188800000,0.00020508,1.47981578
1712217600000,0.00030684,1.4733
1712246400000,0.00021606,1.4829
1712275200000,0.00019526,1.4604
1712304000000,0.00018897,1.4315
1712332800000,0.0001966,1.4389
1712361600000,0.00030638,1.43412329
1712390400000,0.00019576,1.45606306
1712419200000,0.00014657,1.47716974
1712448000000,0.00014988,1.48814169
1712476800000,0.00011609,1.4932
1712505600000,0.00015135,1.49020941
1712534400001,0.00023276,1.52974008
1712563200000,0.00015861,1.52039762
1712592000006,0.00024094,1.54955154
1712620800000,0.00021393,1.57074014
1712649600001,0.00020568,1.53712374
1712678400001,0.00019075,1.53715769
1712707200000,0.00024371,1.4849
1712736000001,0.00019677,1.48097581
1712764800000,0.00015233,1.4541
1712793600000,0.00017799,1.46741295
1712822400000,0.00020541,1.47484136
1712851200000,0.00016277,1.43175985
1712880000000,0.00014493,1.41925022
1712908800001,0.00020176,1.4139
1712937600000,0.00018351,1.3738
1712966400000,-0.0001438,1.17312961
1712995200000,0.0001,1.159
1713024000001,0.0001,1.15070518
1713052800000,0.0001,1.0308
1713081600000,0.0001,1.122
1713110400000,0.0001,1.1331
1713139200000,1.77e-05,1.179
1713168000001,5.597e-05,1.23473752
1713196800000,0.0001,1.2081
1713225600001,0.0001,1.152
1713254400000,0.0001,1.1524
1713283200000,6.078e-05,1.10351726
1713312000000,-1.536e-05,1.1536
1713340800000,5.314e-05,1.14525356
1713369600000,5.025e-05,1.09281282
1713398400000,5.653e-05,1.10558259
1713427200000,3.12e-05,1.11495733
1713456000000,5.43e-06,1.15084762
1713484800001,8.146e-05,1.138
1713513600000,0.0001,1.1442
1713542400000,0.0001,1.13908496
1713571200000,7.236e-05,1.119
1713600000000,6.938e-05,1.1376
1713628800000,7.572e-05,1.1634
1713657600000,0.0001,1.21535566
1713686400000,6.53e-05,1.2172
1713715200000,8.015e-05,1.196
1713744000000,0.0001,1.1887
1713772800000,0.0001,1.2227
1713801600000,4.37e-05,1.2056
1713830400000,2.493e-05,1.20847694
1713859200000,4.762e-05,1.1775
1713888000001,0.0001,1.18810288
1713916800000,6.22e-05,1.17818145
1713945600000,0.0001,1.1889
1713974400000,5.597e-05,1.12976763
1714003200000,-3.23e-06,1.11525157
1714032000000,6.305e-05,1.0978
1714060800010,-1.384e-05,1.101969
1714089600001,-5.092e-05,1.08908909
1714118400000,1.289e-05,1.0781
1714147200000,2.944e-05,1.0681
1714176000000,5.473e-05,1.0646
1714204800001,8.93e-05,1.0475
1714233600000,0.0001,1.045
1714262400000,-3.796e-05,1.1248
1714291200000,4e-06,1.1542
1714320000000,9.88e-06,1.1412
1714348800000,0.0001,1.1008
1714377600000,0.0001,1.059
1714406400000,2.952e-05,1.06301023
1714435200000,-7.96e-06,1.0571
1714464000000,0.0001,1.03690431
1714492800000,3.031e-05,0.99195222
1714521600000,-0.00012355,1.02190395
1714550400000,-6.31e-06,0.99288662
1714579200000,0.0001,1.01475692
1714608000000,0.0001,1.02918251
1714636800000,6.194e-05,1.008
1714665600002,-2.462e-05,1.0349
1714694400000,8.46e-05,1.0282
1714723200000,8.958e-05,1.02036528
1714752000000,0.0001,1.0617
1714780800000,0.0001,1.06460481
1714809600000,0.0001,1.0597
1714838400000,0.0001,1.06798259
1714867200000,6.534e-05,1.0609
1714896000000,6.751e-05,1.0468
1714924800000,6.072e-05,1.0861
1714953600000,9.364e-05,1.0702
1714982400000,8.322e-05,1.12564297
1715011200000,8.966e-05,1.07343995
1715040000000,2.432e-05,1.0596909
1715068800000,9.611e-05,1.05745197
1715097600000,0.0001,1.0632
1715126400000,0.0001,1.0250649
1715155200000,-2.996e-05,1.0146
1715184000000,6.17e-05,1.03320666
1715212800000,0.0001,1.0278
1715241600000,0.0001,1.01900953
1715270400000,0.0001,1.0272
1715299200000,0.0001,1.04061305
1715328000000,0.0001,1.04903697
1715356800000,0.0001,1.0084
1715385600000,4.693e-05,0.99468295
1715414400000,0.0001,1.0029219
1715443200000,0.0001,1.0064
1715472000000,0.0001,1.00018204
1715500800000,9.772e-05,0.9963
1715529600000,0.0001,1.0078
1715558400001,5.136e-05,0.9969
1715587200001,7.952e-05,0.9928
1715616000000,9.825e-05,0.9934
1715644800000,7.099e-05,0.98120284
1715673600000,0.0001,0.97721112
1715702400000,2.82e-05,0.9582218
1715731200000,9.624e-05,0.9349
1715760000000,1.792e-05,0.94066199
1715788800000,8.11e-05,0.9811
1715817600004,8.692e-05,0.99331208
1715846400000,0.0001,0.9961
1715875200000,0.0001,0.96457462
1715904000000,0.0001,0.97105577
1715932800000,0.0001,1.00385924
1715961600000,0.0001,1.05514053
1715990400000,0.0001,1.0301
1716019200000,0.0001,1.0198
1716048000000,7.996e-05,1.01187956
1716076800000,0.0001,1.0176
1716105600000,0.0001,1.01123463
1716134400000,0.0001,0.98820321
1716163200000,7.01e-06,0.9711
1716192000000,3.733e-05,0.97641003
1716220800003,3.757e-05,0.98359401
1716249600000,0.0001,1.12726084
1716278400001,0.0001,1.15716395
1716307200000,0.0001,1.19338693
1716336000000,0.0001,1.2036
1716364800000,0.00013138,1.17507675
1716393600000,0.0001,1.14763955
1716422400000,0.0001,1.1421
1716451200000,0.0001,1.18071465
1716480000000,0.0001,1.19366639
1716508800000,0.0001,1.2035
1716537600000,0.0001,1.14733248
1716566400000,0.0001,1.15670749
1716595200000,0.0001,1.1584
1716624000000,0.00010268,1.2008
1716652800000,0.0001,1.20027297
1716681600000,0.0001,1.192
1716710400000,0.0001,1.1973
1716739200000,0.0001,1.21055169
1716768000000,0.0001,1.1935
1716796800000,0.00010445,1.2542
1716825600000,0.0001,1.2487
1716854400000,0.0001,1.23068556
1716883200000,0.0001,1.1812
1716912000000,0.00020031,1.20833642
1716940800001,0.00023388,1.201
1716969600000,0.00010827,1.178
1716998400000,0.00014308,1.15374346
1717027200000,0.00018152,1.1415
1717056000000,0.00013182,1.117
1717084800000,0.00019406,1.14346019
1717113600000,0.00016092,1.1289071
1717142400000,0.0001479,1.12591972
1717171200000,0.00011295,1.12160061
1717200000000,0.00019172,1.1199
1717228800000,0.00010682,1.12309898
1717257600001,0.0001,1.1279425
1717286400000,0.00017516,1.134
1717315200000,0.00020835,1.12039023
1717344000000,0.00017762,1.12461629
1717372800000,0.00014646,1.11328346
1717401600000,0.00018644,1.1327
1717430400000,0.00013294,1.1274
1717459200000,0.0001,1.10555679
1717488000000,0.0001401,1.09707252
1717516800000,0.00018692,1.10532214
1717545600000,0.00019479,1.10819101
1717574400000,0.0002173,1.12501013
1717603200000,0.00023247,1.11906192
1717632000000,0.00019442,1.12458723
1717660800008,0.00011069,1.1096
1717689600000,0.00023599,1.10753629
1717718400000,0.00014691,1.0891
1717747200000,0.00020726,1.09369252
1717776000000,0.00025857,1.0955
1717804800000,0.0001,0.99876063
1717833600000,0.0001,1.0008626
1717862400000,0.0001,0.9666
1717891200000,0.0001,0.96773463
1717920000000,0.0001,0.9749
1717948800001,0.0001,0.9769
1717977600000,0.0001,0.9793
1718006400000,0.0001,0.94855897
1718035200001,0.0001,0.97882571
1718064000001,0.0001,0.95994528
1718092800000,0.0001,0.9427
1718121600000,0.0001,0.92524084
1718150400000,0.0001,0.9375
1718179200000,0.0001,0.94138191
1718208000000,0.0001,0.98676166
1718236800000,0.0001,0.9733
1718265600001,0.0001,0.94574717
1718294400000,0.0001,0.92634599
1718323200000,0.0001,0.93683154
1718352000000,0.0001,0.948902
1718380800000,0.0001,0.9273
1718409600000,0.0001,0.91209657
1718438400000,0.0001,0.92846814
1718467200000,0.0001,0.92995176
1718496000001,0.0001,0.922
1718524800000,0.0001,0.9149
1718553600000,0.0001,0.92547836
1718582400000,0.0001,0.9242
1718611200000,0.0001,0.88714154
1718640000000,4.692e-05,0.8627
1718668800000,6.981e-05,0.8575
1718697600000,-3.52e-05,0.7977743
1718726400000,8.975e-05,0.78013544
1718755200001,9.615e-05,0.79434444
1718784000001,3.825e-05,0.8209
1718812800000,0.0001,0.8072854
1718841600000,3.339e-05,0.81276726
1718870400000,6.907e-05,0.8427
1718899200000,0.0001,0.811
1718928000000,7.121e-05,0.8008
1718956800000,5.838e-05,0.7943
1718985600000,9.647e-05,0.801
1719014400000,0.0001,0.8018
1719043200000,0.0001,0.7978
1719072000000,0.0001,0.80700888
1719100800000,0.0001,0.8046
1719129600000,4.841e-05,0.81266618
1719158400000,0.0001,0.7934
1719187200002,9.857e-05,0.7838
1719216000000,0.0001,0.7718
1719244800000,0.0001,0.76913982
1719273600000,0.0001,0.8200042
1719302400000,0.0001,0.8198
1719331200000,0.0001,0.84412326
1719360000002,0.0001,0.82941576
1719388800000,9.764e-05,0.8268
1719417600000,0.0001,0.8124
1719446400000,0.0001,0.8121523
1719475200001,0.0001,0.80416913
1719504000000,0.0001,0.82417046
1719532800000,0.0001,0.8226
1719561600000,0.0001,0.82290652
1719590400000,0.0001,0.8127051
1719619200001,0.0001,0.79145214
1719648000000,0.0001,0.7999
1719676800000,0.0001,0.7952
1719705600000,3.282e-05,0.7793
1719734400000,8.159e-05,0.7861
1719763200000,7.7e-06,0.7865
1719792000000,7.46e-05,0.80155885
1719820800000,4.952e-05,0.8068
1719849600001,0.0001,0.7871
1719878400000,7.294e-05,0.77957739
1719907200000,0.0001,0.77441863
1719936000000,0.0001,0.778
1719964800000,0.0001,0.78317661
1719993600001,0.0001,0.77449619
1720022400000,0.0001,0.7709
1720051200000,0.0001,0.7640379
1720080000000,0.0001,0.72742585
1720108800000,9.846e-05,0.7179
1720137600000,5.977e-05,0.6788
1720166400000,-0.00014073,0.60096809
1720195200000,-7.403e-05,0.62662204
1720224000000,6.51e-05,0.6223
1720252800000,9.083e-05,0.62905569
1720281600000,5.565e-05,0.6612
1720310400001,0.0001,0.6926987
1720339200000,0.0001,0.6826
1720368000000,0.0001,0.6738
1720396800000,8.747e-05,0.6502
1720425600000,-5.412e-05,0.63273751
1720454400000,6.36e-05,0.65222362
1720483200000,5.399e-05,0.66725631
1720512000001,-3.376e-05,0.6715
1720540800000,0.0001,0.67752427
1720569600000,-0.00017671,0.7099
1720598400000,0.0001,0.70938021
1720627200000,0.0001,0.71663899
1720656000002,0.0001,0.71339545
1720684800002,0.0001,0.7146
1720713600004,6.837e-05,0.7067
1720742400000,0.0001,0.6928
1720771200000,0.0001,0.68834267
1720800000000,0.0001,0.7016
1720828800000,0.0001,0.6987
1720857600000,0.0001,0.70521251
1720886400000,-9.627e-05,0.6976
1720915200000,9.299e-05,0.70014379
1720944000000,0.0001,0.70615195
1720972800000,0.0001,0.7116
1721001600000,0.0001,0.72133917
1721030400000,7.59e-06,0.73947559
1721059200000,5.435e-05,0.73434719
1721088000000,9.978e-05,0.773
1721116800000,0.0001,0.73453746
1721145600000,8.12e-05,0.76572311
1721174400000,0.0001,0.7515
1721203200001,0.0001,0.76893448
1721232000000,0.0001,0.7600351
1721260800000,0.0001,0.7467
1721289600000,0.0001,0.7533
1721318400000,8.347e-05,0.7368
1721347200000,0.0001,0.7474
1721376000000,5.789e-05,0.73451477
1721404800000,9.945e-05,0.75140033
1721433600001,0.0001,0.77358531
1721462400000,0.0001,0.78741188
1721491200000,8.463e-05,0.7817614
1721520000000,1.532e-05,0.7786
1721548800000,1.398e-05,0.7728
1721577600000,7.546e-05,0.7825
1721606400000,0.0001,0.8022
1721635200000,3.199e-05,0.7795
1721664000000,6.839e-05,0.7714
1721692800000,6.313e-05,0.75935233
1721721600000,5.374e-05,0.762563
1721750400000,7.409e-05,0.80217481
1721779200000,8.486e-05,0.79871586
1721808000000,5.839e-05,0.7765
1721836800000,-3.767e-05,0.7619
1721865600000,-0.00011566,0.739
1721894400000,-1.163e-05,0.7033
1721923200000,-4.827e-05,0.6958
1721952000000,-0.00010848,0.69794288
1721980800000,0.0001,0.7238
1722009600000,0.0001,0.72005529
1722038400000,0.0001,0.7262
1722067200000,0.0001,0.7301
1722096000000,0.0001,0.7259
1722124800000,0.0001,0.72061448
1722153600000,0.0001,0.7148
1722182400001,0.0001,0.7164
1722211200001,3.737e-05,0.71224389
1722240000000,0.0001,0.72928605
1722268800001,0.0001,0.71065812
1722297600000,9.104e-05,0.70364464
1722326400001,0.0001,0.7074
1722355200000,0.0001,0.6942
1722384000000,2.931e-05,0.67764895
1722412800000,0.0001,0.68225137
1722441600000,0.0001,0.6757
1722470400000,0.0001,0.6571
1722499200000,7.467e-05,0.6453
1722528000000,6.54e-06,0.63826843
1722556800000,0.0001,0.65342746
1722585600001,3.796e-05,0.62815519
1722614400000,-1.672e-05,0.61527399
1722643200000,7.45e-06,0.60320007
1722672000000,2.546e-05,0.6111
1722700800001,-0.00012276,0.60257
1722729600000,5.176e-05,0.6069
1722758400000,8.99e-06,0.602
1722787200000,-1.677e-05,0.58371558
1722816000000,1.246e-05,0.5648
1722844800000,-6.33e-06,0.4757
1722873600000,-0.00023108,0.4847
1722902400000,-0.00018734,0.48142689
1722931200000,4.702e-05,0.5182
1722960000000,4.204e-05,0.51529578
1722988800000,0.0001,0.50220564
1723017600001,4.257e-05,0.5157
1723046400000,-6.422e-05,0.4906
1723075200001,-8.668e-05,0.4843
1723104000000,7.099e-05,0.5021
1723132800000,2.995e-05,0.52192965
1723161600000,0.0001,0.55455404
1723190400000,6.243e-05,0.54283158
1723219200000,3.149e-05,0.5416
1723248000000,-9.331e-05,0.5772
1723276800000,1.909e-05,0.58568208
1723305600000,-0.00013048,0.57291173
1723334400000,-0.0001876,0.577
1723363200000,1.377e-05,0.58920771
1723392000001,6.8e-05,0.56026523
1723420800000,2.139e-05,0.5519
1723449600000,2.286e-05,0.5629
1723478400000,7.977e-05,0.58739032
1723507200000,0.0001,0.58877734
1723536000000,2.491e-05,0.57384899
1723564800000,1.233e-05,0.571159
1723593600000,9.307e-05,0.5786468
1723622400000,6.61e-05,0.5784
1723651200000,-1.168e-05,0.57114995
1723680000000,0.0001,0.56148823
1723708800000,0.0001,0.5553
1723737600000,5.724e-05,0.56522587
1723766400000,-1.253e-05,0.53572246
1723795200000,8.683e-05,0.54547747
1723824000000,5.367e-05,0.52567748
1723852800000,0.0001,0.5333
1723881600000,5.757e-05,0.5337
1723910400000,3.911e-05,0.535392
1723939200000,0.0001,0.5399
1723968000000,5.935e-05,0.53771226
1723996800000,5.85e-05,0.5511
1724025600000,5.37e-05,0.5366
1724054400000,4.609e-05,0.53671625
1724083200002,1.671e-05,0.53089028
1724112000000,6.708e-05,0.5402
1724140800000,9.758e-05,0.5506
1724169600001,5.882e-05,0.5312728
1724198400001,3.152e-05,0.5351
1724227200000,0.0001,0.53856719
1724256000001,3.341e-05,0.5359
1724284800000,0.0001,0.5527
1724313600000,-1.212e-05,0.5628
1724342400008,0.0001,0.5554
1724371200000,0.0001,0.5615
1724400000000,7.72e-05,0.57013822
1724428800000,0.0001,0.5768
1724457600000,0.0001,0.6025
1724486400005,-9.437e-05,0.6119
1724515200000,0.0001,0.61434809
1724544000000,0.0001,0.6214
1724572800000,3.475e-05,0.5918
1724601600000,9.751e-05,0.6008
1724630400000,6.519e-05,0.59735254
1724659200001,0.0001,0.59671541
1724688000000,0.0001,0.59283193
1724716800001,5.149e-05,0.57065703
1724745600000,3.585e-05,0.5723
1724774400000,9.125e-05,0.5542
1724803200000,-0.00018076,0.5249394
1724832000000,-0.00013281,0.51694736
1724860800001,5.498e-05,0.52229965
1724889600000,-6.718e-05,0.5215
1724918400001,4.518e-05,0.5263
1724947200000,9.55e-05,0.5298
1724976000000,-5.225e-05,0.5126427
1725004800000,0.0001,0.51203732
1725033600000,-1.503e-05,0.48842622
1725062400000,8.244e-05,0.51361041
1725091200000,9.232e-05,0.51245715
1725120000000,0.0001,0.51259491
1725148800000,-3.515e-05,0.51376058
1725177600001,0.0001,0.5091
1725206400000,8.319e-05,0.5051
1725235200001,-6.153e-05,0.4895
1725264000001,-3.602e-05,0.4948
1725292800000,-1.94e-06,0.5129
1725321600000,0.0001,0.5162
1725350400001,0.0001,0.51668898
1725379200000,5.937e-05,0.4971
1725408000000,-1.623e-05,0.4939
1725436800000,-1.073e-05,0.49228604
1725465600000,6.555e-05,0.50721691
1725494400000,0.0001,0.49691753
1725523200000,8.043e-05,0.49626449
1725552000005,8.164e-05,0.4968
1725580800000,0.0001,0.49694602
1725609600001,3.772e-05,0.49419353
1725638400000,-5.731e-05,0.5041749
1725667200000,8.247e-05,0.48044402
1725696000000,8.816e-05,0.50042985
1725724800000,2.93e-06,0.5032
1725753600000,0.0001,0.5009
1725782400000,0.0001,0.5094
1725811200000,6.869e-05,0.4977
1725840000000,4.219e-05,0.5084
1725868800000,0.0001,0.51448387
1725897600001,7.6e-05,0.5121
1725926400000,7.111e-05,0.5237
1725955200000,5.613e-05,0.5244
1725984000000,7.019e-05,0.52047688
1726012800000,4.912e-05,0.5332
1726041600000,9.92e-05,0.51497307
1726070400000,-2.803e-05,0.5124
1726099200000,6.591e-05,0.5142
1726128000000,9.99e-05,0.52060379
1726156800000,5.71e-05,0.5115
1726185600000,0.0001,0.52462838
1726214400001,0.0001,0.5193
1726243200001,5.1e-05,0.52860475
1726272000000,-6.827e-05,0.536652
1726300800000,0.0001,0.532
1726329600001,0.0001,0.5329
1726358400000,7.115e-05,0.53037313
1726387200000,4.59e-05,0.5369
1726416000000,7.616e-05,0.5375
1726444800000,-2.595e-05,0.51085259
1726473600001,-2.226e-05,0.51155564
1726502400000,-1.857e-05,0.5035
1726531200001,-0.00015369,0.51028682
1726560000000,7.169e-05,0.5124
1726588800000,2.5e-06,0.528
1726617600000,8.56e-06,0.52176747
1726646400000,0.0001,0.5204
1726675200004,5.034e-05,0.5034
1726704000000,0.0001,0.52891516
1726732800000,0.0001,0.5501
1726761600001,1.114e-05,0.55950097
1726790400000,0.0001,0.5573
1726819200001,6.895e-05,0.58316309
1726848000000,6.809e-05,0.57482096
1726876800001,0.0001,0.57719755
1726905600000,0.0001,0.57735588
1726934400000,0.0001,0.6022
1726963200000,5.153e-05,0.61561211
1726992000000,7.889e-05,0.6
1727020800000,0.0001,0.5933
1727049600000,5.823e-05,0.59973212
1727078400000,0.0001,0.60710337
1727107200000,6.465e-05,0.6034
1727136000000,0.0001,0.59851883
1727164800000,0.0001,0.59806635
1727193600001,0.0001,0.59035886
1727222400000,0.0001,0.6139
1727251200003,0.0001,0.61329206
1727280000000,0.0001,0.6089
1727308800005,0.0001,0.59824877
1727337600000,0.0001,0.6196
1727366400000,0.0001,0.6297
1727395200000,0.0001,0.61970221
1727424000000,3.526e-05,0.6337087
1727452800000,7.404e-05,0.64964644
1727481600000,0.0001,0.6676
1727510400001,0.0001,0.6484
1727539200000,0.0001,0.64800377
1727568000001,9.701e-05,0.64695038
1727596800000,4.372e-05,0.6346
1727625600000,0.0001,0.64309122
1727654400000,8.768e-05,0.6453
1727683200001,0.0001,0.63935427
1727712000000,0.0001,0.6133
1727740800000,0.0001,0.60405432
1727769600000,0.0001,0.6272
1727798400001,3.333e-05,0.57647151
1727827200000,2.368e-05,0.5503
1727856000000,5.333e-05,0.55980641
1727884800000,2.469e-05,0.5499
1727913600000,0.0001,0.53144686
1727942400000,-2.858e-05,0.52881223
1727971200000,-7.21e-06,0.52612441
1728000000000,6.261e-05,0.53342782
1728028800000,1.658e-05,0.5490993
1728057600001,3.935e-05,0.56021703
1728086400000,-2.072e-05,0.5649105
1728115200000,0.0001,0.55991137
1728144000000,0.0001,0.55541275
1728172800000,0.0001,0.55
1728201600001,0.0001,0.55041518
1728230400000,0.0001,0.55971403
1728259200000,0.0001,0.5594492
1728288000000,0.0001,0.5656
1728316800001,9.638e-05,0.5636
1728345600000,2.409e-05,0.5489
1728374400000,4.405e-05,0.5502
1728403200000,0.0001,0.5403
1728432000000,0.0001,0.54037549
1728460800000,0.0001,0.54095906
1728489600000,1.947e-05,0.5409
1728518400000,8.942e-05,0.5213
1728547200000,-1.989e-05,0.52451422
1728576000000,0.0001,0.5236
1728604800000,0.0001,0.5252
1728633600000,0.0001,0.52893662
1728662400001,0.0001,0.53753824
1728691200000,0.0001,0.5339
1728720000001,0.0001,0.53624413
1728748800000,0.0001,0.53991349
1728777600000,0.0001,0.5378
1728806400000,0.0001,0.5339
1728835200000,4.001e-05,0.5232
1728864000000,0.0001,0.52941901
1728892800000,0.0001,0.5407
1728921600000,9.669e-05,0.56158242
1728950400000,0.0001,0.56477168
1728979200000,0.0001,0.56301234
1729008000000,0.0001,0.5581982
1729036800000,0.0001,0.56774862
1729065600001,0.0001,0.5689
1729094400000,0.0001,0.565
1729123200000,0.0001,0.5571
1729152000000,8.57e-06,0.55153305
1729180800001,0.0001,0.5560526
1729209600010,0.0001,0.54677136
1729238400001,0.0001,0.56111018
1729267200000,8.805e-05,0.5647
1729296000000,0.0001,0.5633
1729324800000,0.0001,0.56709304
1729353600000,0.0001,0.56035264
1729382400000,5.971e-05,0.5659
1729411200000,0.0001,0.5727
1729440000000,0.0001,0.6014
1729468800000,0.0001,0.61271665
1729497600000,0.0001,0.6009
1729526400000,0.0001,0.58939719
1729555200000,0.0001,0.58795081
1729584000000,0.0001,0.59320353
1729612800000,0.0001,0.5788
1729641600000,0.0001,0.57977466
1729670400000,0.0001,0.57177453
1729699200000,0.0001,0.55622567
1729728000000,0.0001,0.55965475
1729756800000,0.0001,0.56022037
1729785600000,0.0001,0.56139487
1729814400000,0.0001,0.56110466
1729843200000,0.0001,0.54459884
1729872000000,0.0001,0.55218185
1729900800000,0.0001,0.50665778
1729929600001,-5.6e-07,0.51252597
1729958400000,-5.12e-06,0.5038
1729987200000,0.0001,0.5142
1730016000000,-2.429e-05,0.51353966
1730044800000,8.926e-05,0.5164
1730073600000,1.53e-05,0.5194
1730102400001,7.997e-05,0.51749514
1730131200000,0.0001,0.5102941
1730160000000,0.0001,0.5225
1730188800000,0.0001,0.5302247
1730217600004,0.0001,0.54070752
1730246400000,0.0001,0.54748107
1730275200000,0.0001,0.55047158
1730304000013,0.0001,0.56537636
1730332800000,0.0001,0.5574261
1730361600000,0.0001,0.5485
1730390400000,0.0001,0.53444518
1730419200000,0.0001,0.52682693
1730448000000,0.0001,0.5242
1730476800000,0.0001,0.5234
1730505600000,0.0001,0.5195
1730534400000,0.0001,0.51990533
1730563200000,7.024e-05,0.50961055
1730592000000,0.0001,0.50434608
1730620800000,-4.398e-05,0.4871
1730649600000,-1.682e-05,0.4743064
1730678400000,2.168e-05,0.48190559
1730707200000,-2.407e-05,0.48086985
1730736000000,0.0001,0.47910272
1730764800000,0.0001,0.4731
1730793600003,0.0001,0.4811
1730822400001,0.0001,0.4873
1730851200000,0.0001,0.4903452
1730880000000,0.0001,0.52320254
1730908800000,0.0001,0.52216059
1730937600000,0.0001,0.54870716
1730966400000,0.0001,0.5667
1730995200000,0.0001,0.57606295
1731024000000,0.0001,0.58092368
1731052800000,0.0001,0.5728
1731081600000,0.0001,0.5855
1731110400000,0.0001,0.5917
1731139200000,0.0001,0.6017
1731168000000,0.0001,0.59897432
1731196800000,0.0001,0.61986539
1731225600000,0.0001,0.6227
1731254400000,0.00026729,0.6452
1731283200001,0.00021469,0.62929573
1731312000000,0.00018238,0.62359617
1731340800000,0.0001,0.63490379
1731369600002,0.00031911,0.67190132
1731398400000,0.00043289,0.66876483
1731427200000,0.00024209,0.62310909
1731456000000,0.00011591,0.63031017
1731484800010,0.00010546,0.58585557
1731513600000,0.00013771,0.63500034
1731542400001,0.00019607,0.6125
1731571200000,0.00013837,0.62719919
1731600000000,0.0001,0.5848
1731628800000,0.0001,0.58049655
1731657600000,0.0001,0.5788
1731686400000,0.0001,0.57694376
1731715200001,0.0001,0.60683638
1731744000001,0.0001,0.6212
1731772800000,0.00017766,0.6561
1731801600000,0.00020668,0.7255749
1731830400000,0.0001,0.70353148
1731859200001,0.00010269,0.6878
1731888000000,0.0001,0.67457712
1731916800000,0.00016435,0.70145953
1731945600000,0.00013207,0.70608447
1731974400000,0.0002257,0.7389
1732003200000,0.00017812,0.7047
1732032000000,0.00021592,0.69335263
1732060800003,0.0001,0.6924
1732089600000,0.0001514,0.68238721
1732118400000,0.0001,0.69606971
1732147200001,0.0001,0.67226099
1732176000000,0.0001,0.70443952
1732204800001,0.00014351,0.78658171
1732233600000,0.00028682,0.779
1732262400000,0.00016547,0.77677176
1732291200001,0.00017847,0.798
1732320000000,0.0001,0.80952336
1732348800000,0.00033561,0.82853135
1732377600000,0.00027517,0.86774736
1732406400001,0.00017631,0.8559476
1732435200000,0.00014602,0.8846
1732464000000,0.00016168,0.8003
1732492800000,0.00011779,0.86260086
1732521600000,0.00034964,0.8614
1732550400000,0.00016318,0.9474
1732579200000,0.00018778,0.90562074
1732608000000,0.0001,0.8965
1732636800000,0.0001,0.8542
1732665600000,0.0001,0.8706
1732694400000,0.00017408,0.91
1732723200001,0.00022556,0.92669158
1732752000000,0.00022887,0.96866974
1732780800000,0.00016476,0.9179
1732809600000,0.00010067,0.8898
1732838400000,0.0001,0.91378084
1732867200000,0.00019889,0.8936
1732896000000,0.00037936,0.9261
1732924800000,0.00038018,0.93104508
1732953600000,0.00033421,0.96887504
1732982400000,0.00026562,0.9573
1733011200000,0.00025277,0.9716413
1733040000000,0.00018915,0.9638
1733068800000,0.00035558,0.9868
1733097600001,0.00018683,0.96975987
1733126400001,0.00025043,0.9554
1733155200000,0.00025825,0.9713
1733184000000,0.00037731,1.0277
1733212800000,0.00042672,1.0629
1733241600000,0.00032307,1.0075
1733270400000,0.00032302,1.0456
1733299200000,0.00038444,1.11611501
1733328000000,0.00043678,1.1634
1733356800001,0.00024708,1.13679182
1733385600000,0.00056284,1.12529598
1733414400000,0.00055493,1.1385
1733443200000,0.00048215,1.1026
1733472000000,0.00052751,1.1575
1733500800000,0.00034702,1.21195076
1733529600000,0.00034112,1.1745
1733558400000,0.00040498,1.16817019
1733587200000,0.00030747,1.1724
1733616000000,0.00041733,1.1641
1733644800000,0.00020215,1.16098646
1733673600000,0.0002297,1.15594476
1733702400000,0.00031074,1.15917876
1733731200000,0.00033945,1.10553133
1733760000001,0.00011608,1.066
1733788800007,0.0001,0.96034282
1733817600000,0.0001,0.9583835
1733846400000,0.0001,0.90966695
1733875200000,0.0001,0.9381935
1733904000000,0.0001,0.9194
1733932800001,0.0001,1.00849301
1733961600001,0.0001,0.99914941
1733990400000,0.0001,1.05383686
1734019200001,0.0001,1.07423318
1734048000000,0.0001,1.02711871
1734076800000,0.0001,1.03973626
1734105600001,0.0001,1.02916376
1734134400000,0.0001,1.0338
1734163200000,0.0001,1.02888825
1734192000000,0.0001,0.98962154
1734220800000,0.0001,0.98374104
1734249600000,0.0001,0.9656043
1734278400000,0.0001,1.0018
1734307200000,0.0001,1.01652787
1734336000001,0.0001,1.0094
1734364800000,0.0001,0.98857382
1734393600000,0.0001,1.0028662
1734422400000,0.0001,0.98105879
1734451200000,0.0001,0.96621046
1734480000000,0.0001,0.94765978
1734508800000,0.0001,0.92968167
1734537600000,0.0001,0.93144309
1734566400000,0.0001,0.86105544
1734595200000,7.304e-05,0.85576929
1734624000000,9.715e-05,0.83815268
1734652800000,9.654e-05,0.7794
1734681600001,0.0001,0.78192535
1734710400014,1.356e-05,0.7552
1734739200000,0.0001,0.796
1734768000000,0.0001,0.8336
1734796800001,0.0001,0.7652
1734825600000,6.316e-05,0.7491
1734854400000,0.0001,0.74285376
1734883200000,5.65e-05,0.7452865
1734912000000,0.0001,0.7466
1734940800000,0.0001,0.75439467
1734969600001,0.0001,0.7502
1734998400000,0.0001,0.8001
1735027200000,0.0001,0.7953
1735056000001,0.0001,0.82952782
1735084800001,9.241e-05,0.8177
1735113600000,-2.8e-07,0.80012086
1735142400000,0.0001,0.7973
1735171200000,0.0001,0.80506098
1735200000000,0.0001,0.7726
1735228800000,0.0001,0.7498
1735257600000,0.0001,0.75305041
1735286400000,0.0001,0.7573
1735315200000,0.0001,0.7619
1735344000001,8.987e-05,0.7602
1735372800000,5.9e-07,0.74949824
1735401600000,7.141e-05,0.7633
1735430400000,0.0001,0.7755
1735459200000,0.0001,0.7812
1735488000000,0.0001,0.76111439
1735516800000,0.0001,0.7421
1735545600001,9.652e-05,0.76572055
1735574400000,0.0001,0.72886836
1735603200000,0.0001,0.7329
1735632000000,6.415e-05,0.7217
1735660800000,0.0001,0.7448585
1735689600015,0.0001,0.72185499
1735718400000,0.0001,0.72
1735747200001,0.0001,0.72968795
1735776000000,0.0001,0.7459
1735804800006,0.0001,0.7678214
1735833600000,0.0001,0.77364589
1735862400000,0.0001,0.77592389
1735891200000,0.0001,0.76356429
1735920000000,0.0001,0.82673813
1735948800000,0.0001,0.8345518
1735977600000,0.0001,0.8413
1736006400000,0.0001,0.8659
1736035200000,0.0001,0.8944
1736064000000,0.0001,0.90394104
1736092800000,0.0001,0.89137578
1736121600000,0.0001,0.91595736
1736150400001,0.0001,0.9384
1736179200000,0.0001,0.9411
1736208000000,0.0001,0.91876295
1736236800000,0.0001,0.90700851
1736265600008,0.0001,0.8555
1736294400001,0.0001,0.8202
1736323200000,0.0001,0.8008
1736352000000,7.882e-05,0.7989
1736380800000,-5.75e-06,0.78656414
1736409600000,0.0001,0.75897764
1736438400000,0.0001,0.776
1736467200000,0.0001,0.74288943
1736496000000,0.0001,0.766
1736524800000,0.0001,0.749
1736553600000,0.0001,0.74756872
1736582400000,2.954e-05,0.7348
1736611200000,0.0001,0.73297717
1736640000000,0.0001,0.7437
1736668800000,0.0001,0.7347
1736697600000,0.0001,0.74726406
1736726400000,0.0001,0.73
1736755200000,4.913e-05,0.702
1736784000000,1.904e-05,0.68615233
1736812800000,0.0001,0.7026
1736841600000,0.0001,0.7152
1736870400000,5.669e-05,0.7237
1736899200000,9.823e-05,0.7383
1736928000000,8.95e-05,0.7408
1736956800000,0.0001,0.7758
1736985600000,0.0001,0.7916454
1737014400000,0.0001,0.7720095
1737043200000,0.0001,0.76968666
1737072000004,0.0001,0.7571
1737100800000,0.0001,0.7812
1737129600008,0.0001,0.7999
1737158400000,0.0001,0.815
1737187200007,0.0001,0.76048843
1737216000000,0.0001,0.7666
1737244800000,0.0001,0.76679055
1737273600000,0.0001,0.75186333
1737302400000,0.0001,0.77577809
1737331200000,0.0001,0.69764948
1737360000009,0.0001,0.74094752
1737388800000,0.0001,0.7229
1737417600000,0.0001,0.6981535
1737446400000,0.0001,0.68473486
1737475200000,0.0001,0.71377769
1737504000000,0.0001,0.72217653
1737532800000,0.0001,0.71429364
1737561600000,0.0001,0.7049
1737590400001,0.0001,0.70075205
1737619200000,0.0001,0.70043889
1737648000000,0.0001,0.70799365
1737676800000,0.0001,0.72
1737705600000,0.0001,0.7284
1737734400000,0.0001,0.7245
1737763200000,0.0001,0.69891782
1737792000000,7.716e-05,0.6932
1737820800001,3.181e-05,0.7035
1737849600000,5.09e-05,0.7004
1737878400000,0.0001,0.71349738
1737907200000,0.0001,0.70600977
1737936000000,5.818e-05,0.67522367
1737964800000,-1.4e-07,0.6212
1737993600000,7.294e-05,0.6351
1738022400000,0.0001,0.64305348
1738051200000,0.0001,0.64184536
1738080000000,0.0001,0.6306
1738108800000,6.143e-05,0.5922
1738137600000,0.0001,0.61822832
1738166400000,0.0001,0.602
1738195200000,0.0001,0.60501923
1738224000000,0.0001,0.62310948
1738252800000,0.0001,0.63632276
1738281600000,0.0001,0.6299
1738310400000,0.0001,0.6302
1738339200000,0.0001,0.67154825
1738368000000,0.0001,0.64112207
1738396800000,0.0001,0.63474563
1738425600000,6.059e-05,0.6194
1738454400001,-6.889e-05,0.57785045
1738483200000,2.29e-06,0.5684
1738512000000,-2.006e-05,0.5618
1738540800000,-9.286e-05,0.49325699
1738569600000,-0.00012711,0.44005711
1738598400000,-6.471e-05,0.46481496
1738627200000,-2.874e-05,0.510581
1738656000001,8.2e-07,0.45619368
1738684800000,-5.866e-05,0.4758
1738713600001,5.203e-05,0.47722609
1738742400001,2.041e-05,0.487
1738771200000,-1.431e-05,0.48728543
1738800000001,-1.234e-05,0.4704
1738828800001,-0.0001148,0.4777
1738857600000,-5.432e-05,0.44647363
1738886400000,-8.517e-05,0.44528038
1738915200000,0.0001,0.44383342
1738944000000,-7.742e-05,0.453
1738972800000,-8.995e-05,0.4323
1739001600000,-4.119e-05,0.4348
1739030400000,1.542e-05,0.43617187
1739059200000,0.0001,0.4498
1739088000000,0.0001,0.4583
1739116800000,9.365e-05,0.4552
1739145600000,8.709e-05,0.44864939
1739174400000,8.709e-05,0.4578
1739203200000,0.0001,0.46370252
1739232000000,3.578e-05,0.4721287
1739260800000,9.674e-05,0.4898664
1739289600000,4.647e-05,0.4714
1739318400000,-4.079e-05,0.46262371
1739347200000,-0.00016229,0.46637635
1739376000001,-1.782e-05,0.4662716
1739404800001,7.2e-05,0.49359974
1739433600000,0.0001,0.4865
1739462400001,0.0001,0.4822
1739491200000,8.212e-05,0.487
1739520000001,7.317e-05,0.4908
1739548800000,0.0001,0.5032
1739577600000,0.0001,0.49731135
1739606400000,6.985e-05,0.48781066
1739635200000,-2.87e-05,0.4765
1739664000000,-4.03e-05,0.47646764
1739692800000,-1.712e-05,0.47480212
1739721600000,-7.116e-05,0.4819
1739750400000,-5.277e-05,0.47400825
1739779200000,-4.575e-05,0.47653187
1739808000000,0.0001,0.49491132
1739836800000,4.469e-05,0.49650539
1739865600000,-0.00020931,0.46491218
1739894400000,-0.00017535,0.4492
1739923200000,-8.962e-05,0.46022792
1739952000000,-1.488e-05,0.4672161
1739980800000,9.849e-05,0.4639
1740009600000,7.777e-05,0.47097434
1740038400000,0.0001,0.4767
1740067200000,0.0001,0.4772
1740096000001,0.0001,0.49055773
1740124800000,0.0001,0.49372145
1740153600000,0.0001,0.485
1740182400000,0.0001,0.4678
1740211200000,0.0001,0.4721
1740240000000,0.0001,0.48135602
1740268800000,5.04e-05,0.47631368
1740297600000,0.0001,0.4892
1740326400000,7.634e-05,0.47462636
1740355200000,1.343e-05,0.4779
1740384000000,2.778e-05,0.4546
1740412800000,-7.206e-05,0.44274793
1740441600000,4.305e-05,0.41085073
1740470400000,-0.00010232,0.39231374
1740499200000,5.628e-05,0.40762769
1740528000000,-1.811e-05,0.4193
1740556800000,2.128e-05,0.42279069
1740585600000,0.0001,0.4237
1740614400001,0.0001,0.42233709
1740643200000,0.0001,0.43547729
1740672000000,0.0001,0.43099196
1740700800001,9.16e-05,0.4248
1740729600000,2.932e-05,0.38980701
1740758400000,5.799e-05,0.4172
1740787200000,0.0001,0.4217
1740816000000,0.0001,0.41801176
1740844800001,3.895e-05,0.40911184
1740873600000,0.0001,0.4176
1740902400000,4.158e-05,0.4172
1740931200000,5.558e-05,0.4214
1740960000001,0.0001,0.46282505
1740988800000,-1.877e-05,0.4333
1741017600000,1.234e-05,0.4216
1741046400001,-0.00019828,0.39146732
1741075200005,-9.924e-05,0.3756
1741104000000,-5.202e-05,0.37196303
1741132800000,-1.86e-06,0.3796
1741161600000,-6.961e-05,0.3825422
1741190400000,4.354e-05,0.41520654
1741219200000,-5.265e-05,0.4147
1741248000001,9.214e-05,0.42125171
1741276800000,8.165e-05,0.4162
1741305600000,-2.865e-05,0.4035
1741334400001,5.951e-05,0.4064
1741363200000,9.998e-05,0.40916956
1741392000000,0.0001,0.3946
1741420800001,-3.059e-05,0.38802191
1741449600001,-2.684e-05,0.39
1741478400001,4.421e-05,0.3977
1741507200000,-4.615e-05,0.3878
1741536000000,-0.00013144,0.3682
1741564800000,-0.00020894,0.3492
1741593600000,-9.906e-05,0.3596
1741622400000,-2.965e-05,0.34470434
1741651200000,-0.00010294,0.3201
1741680000000,2.465e-05,0.3307
1741708800001,9.934e-05,0.3303
1741737600000,9.561e-05,0.3374
1741766400000,5.867e-05,0.3383
1741795200001,0.0001,0.33764818
1741824000000,0.0001,0.3484
1741852800000,0.0001,0.3423
1741881600000,5.867e-05,0.3415
1741910400000,0.0001,0.34360107
1741939200000,5.737e-05,0.3472
1741968000000,7.917e-05,0.36029504
1741996800000,0.0001,0.3587
1742025600000,5.623e-05,0.35989596
1742054400000,8.47e-06,0.3629
1742083200000,-2.857e-05,0.364
1742112000000,0.0001,0.3626
1742140800000,-1.662e-05,0.34905513
1742169600000,-4.1e-05,0.34802968
1742198400000,0.0001,0.3657
1742227200000,6.578e-05,0.36847498
1742256000000,7.716e-05,0.3696
1742284800000,3.758e-05,0.36240572
1742313600000,-3.6e-07,0.3556
1742342400000,0.0001,0.37141078
1742371200000,0.0001,0.3679
1742400000000,7.365e-05,0.3849
1742428800000,0.0001,0.3848
1742457600000,7.63e-05,0.3751
1742486400000,8.195e-05,0.37117589
1742515200000,6.79e-05,0.37547835
1742544000000,7.53e-05,0.3716
1742572800000,3.336e-05,0.36044185
1742601600000,-9.14e-06,0.3595
1742630400004,6.674e-05,0.36611119
1742659200000,2.199e-05,0.36513123
1742688000000,7.97e-06,0.36482359
1742716800000,8.884e-05,0.3725
1742745600000,-5.27e-06,0.3675169
1742774400000,0.0001,0.3684
1742803200000,0.0001,0.38079809
1742832000000,0.0001,0.39020724
1742860800001,0.0001,0.39080957
1742889600000,0.0001,0.38711229
1742918400000,5.428e-05,0.3907
1742947200000,0.0001,0.3933
1742976000000,0.0001,0.4003
1743004800001,-1.802e-05,0.38517571
1743033600001,0.0001,0.3817
1743062400001,4.765e-05,0.38627109
1743091200002,5.756e-05,0.3832
1743120000001,7.085e-05,0.3841
1743148800001,2.275e-05,0.3583
1743177600000,-0.00016795,0.34803357
1743206400000,-0.00018688,0.34762933
1743235200000,3.279e-05,0.3354
1743264000000,-0.00016179,0.33240748
1743292800000,-2.801e-05,0.3308
1743321600000,-7.456e-05,0.33460186
1743350400000,-5.058e-05,0.33240869
1743379200000,-0.00016461,0.33184071
1743408000000,-6.347e-05,0.3249
1743436800000,2.653e-05,0.33227465
1743465600000,-1.882e-05,0.32773738
1743494400001,-1.663e-05,0.33427074
1743523200000,8.941e-05,0.3398
1743552000001,0.0001,0.3332
1743580800000,8.77e-06,0.32060338
1743609600000,-1.629e-05,0.33262647
1743638400000,8.533e-05,0.3069
1743667200000,-2.451e-05,0.30699014
1743696000000,-3.483e-05,0.30155564
1743724800000,-0.00014367,0.3104
1743753600000,2.177e-05,0.31573087
1743782400000,6.189e-05,0.3108
1743811200000,0.0001,0.3124
1743840000000,0.0001,0.3134
1743868800000,9.027e-05,0.30688624
1743897600000,3.537e-05,0.3088
1743926400000,4.258e-05,0.3026
1743955200002,-3.251e-05,0.2958
1743984000000,-6.983e-05,0.26797273
1744012800000,3.978e-05,0.25115672
1744041600000,3.72e-05,0.27431039
1744070400000,6.279e-05,0.2742
1744099200000,9.337e-05,0.2704
1744128000000,4.49e-05,0.2726
1744156800000,9.757e-05,0.26426643
1744185600001,0.0001,0.27335682
1744214400000,7.89e-05,0.2757
1744243200000,0.0001,0.29330745
1744272000000,0.0001,0.28410225
1744300800000,3.963e-05,0.27683296
1744329600001,5.836e-05,0.28610449
1744358400000,3.761e-05,0.293
1744387200000,9.39e-05,0.29415155
1744416000000,7.712e-05,0.29482758
1744444800001,6.484e-05,0.3003
1744473600000,4.853e-05,0.31019378
1744502400000,9.575e-05,0.3108
1744531200000,7.764e-05,0.30627608
1744560000000,8.79e-05,0.30214085
1744588800000,0.0001,0.3004
1744617600000,1.81e-05,0.2997
1744646400000,-1.617e-05,0.2952
1744675200000,2.913e-05,0.29561395
1744704000000,-5.745e-05,0.29390396
1744732800001,4.971e-05,0.2892
1744761600000,1.767e-05,0.27958775
1744790400000,-7.907e-05,0.2763
1744819200000,-4.331e-05,0.28017548
1744848000001,3.326e-05,0.2786
1744876800000,0.0001,0.2829
1744905600001,-7.971e-05,0.2803
1744934400000,2.25e-05,0.2823
1744963200000,0.0001,0.2893
1744992000000,0.0001,0.28851575
1745020800000,0.0001,0.2907
1745049600000,0.0001,0.2941
1745078400000,0.0001,0.2965
1745107200000,0.0001,0.3004
1745136000000,0.0001,0.3017
1745164800000,0.0001,0.298
1745193600000,0.0001,0.30443753
1745222400005,0.0001,0.3132
1745251200003,9.173e-05,0.31115834
1745280000008,-4.491e-05,0.29921492
1745308800000,-5.759e-05,0.30144043
1745337600000,2.897e-05,0.3104
1745366400000,8.966e-05,0.32203432
1745395200002,0.0001,0.32755751
1745424000000,0.0001,0.32916951
1745452800000,8.289e-05,0.33890003
1745481600001,0.0001,0.3302
1745510400001,9.816e-05,0.3410567
1745539200007,0.0001,0.34209827
1745568000002,0.0001,0.3456
1745596800003,1.359e-05,0.3481
1745625600002,0.0001,0.34624519
1745654400000,6.002e-05,0.3515
1745683200002,0.0001,0.3511
1745712000001,5.222e-05,0.35233586
1745740800000,9.366e-05,0.34191979
1745769600000,4.599e-05,0.3349
1745798400001,-0.00010647,0.3356
1745827200003,2.689e-05,0.34420965
1745856000005,1.045e-05,0.3317303
1745884800000,0.0001,0.3357
1745913600000,5.645e-05,0.34082993
1745942400010,-7.42e-06,0.3349
1745971200001,-4.811e-05,0.32775092
1746000000000,-2.598e-05,0.3257
1746028800003,-4.785e-05,0.32273623
1746057600000,3.722e-05,0.3257
1746086400000,6.703e-05,0.3307
1746115200001,7.942e-05,0.3403
1746144000000,0.0001,0.33923568
1746172800000,0.0001,0.3339
1746201600003,0.0001,0.33762113
1746230400000,1.559e-05,0.3386
1746259200000,3.995e-05,0.3325
1746288000000,-0.00011859,0.32990292
1746316800001,-6.334e-05,0.3195
1746345600001,-0.00014927,0.31935754
1746374400002,-2.05e-05,0.3148
1746403200000,3.01e-05,0.31044221
1746432000000,-9.523e-05,0.3194892
1746460800006,1.504e-05,0.30945857
1746489600002,-4.197e-05,0.3109
1746518400005,3.412e-05,0.3082
1746547200000,-4.76e-06,0.3011
1746576000002,4.159e-05,0.3084
1746604800000,-1.312e-05,0.30835433
1746633600006,-3.077e-05,0.3017
1746662400000,0.0001,0.3107
1746691200001,7.667e-05,0.33053244
1746720000002,4.752e-05,0.34562927
1746748800001,0.0001,0.36249663
1746777600006,0.0001,0.3772
1746806400000,0.0001,0.37516339
1746835200001,0.0001,0.37850964
1746864000000,5.097e-05,0.3897
1746892800001,3.171e-05,0.4165
1746921600000,6.88e-06,0.48426791
1746950400001,0.0001,0.45851864
1746979200001,0.0001,0.4468
1747008000004,0.0001,0.45118139
1747036800000,0.0001,0.46274187
1747065600000,0.0001,0.43960556
1747094400000,5.573e-05,0.43013459
1747123200008,6.109e-05,0.419
1747152000001,3.17e-05,0.43130052
1747180800007,0.0001,0.45684758
1747209600000,0.0001,0.44315002
1747238400002,0.0001,0.42965497
1747267200000,0.0001,0.4263
1747296000003,0.0001,0.4064
1747324800000,0.0001,0.41440392
1747353600001,2.98e-05,0.39785069
1747382400000,-3.257e-05,0.41197725
1747411200000,4.133e-05,0.4098
1747440000000,0.0001,0.3897
1747468800001,-0.00010229,0.37734753
1747497600004,-6.19e-06,0.37625076
1747526400000,-6.068e-05,0.3758
1747555200000,-9.241e-05,0.39151262
1747584000000,5.928e-05,0.4048
1747612800000,3.794e-05,0.395
1747641600006,3.901e-05,0.3741
1747670400010,7.969e-05,0.38405494
1747699200000,6.342e-05,0.3917
1747728000002,6.691e-05,0.3909
1747756800000,7.05e-06,0.3872
1747785600000,7.828e-05,0.39348244
1747814400001,6.014e-05,0.39616914
1747843200004,0.0001,0.4041
1747872000001,7.454e-05,0.4109
1747900800000,2.834e-05,0.42413854
1747929600002,0.0001,0.4324
1747958400006,0.0001,0.42887054
1747987200000,0.0001,0.42656143
1748016000007,0.0001,0.40690792
1748044800010,0.0001,0.3906012
1748073600000,-3.733e-05,0.3952
1748102400003,-6.715e-05,0.39743785
1748131200004,3.48e-05,0.39180895
1748160000000,1.584e-05,0.3844
1748188800000,-8.109e-05,0.3823
1748217600000,1.621e-05,0.39361006
1748246400000,2.718e-05,0.4059
1748275200002,0.0001,0.3972
1748304000003,-1.676e-05,0.39200797
1748332800001,8.437e-05,0.3967
1748361600005,9.199e-05,0.40551167
1748390400002,0.0001,0.4018
1748419200003,0.0001,0.4009
1748448000002,6.019e-05,0.3991
1748476800000,6.412e-05,0.40950641
1748505600006,0.0001,0.4248
1748534400000,1.476e-05,0.40910946
1748563200003,-0.00010733,0.39609783
1748592000003,-0.00031978,0.3706977
1748620800000,-0.00018302,0.36120769
1748649600000,-0.00026718,0.33317243
1748678400000,-0.00011297,0.33222565
1748707200000,-0.00012563,0.33994549
1748736000001,2.4e-06,0.33941607
1748764800002,4.478e-05,0.33847326
1748793600000,0.0001,0.3392
1748822400001,-2.23e-05,0.34245135
1748851200000,6.845e-05,0.3415
1748880000000,2.716e-05,0.346
1748908800000,5.768e-05,0.35762472
1748937600000,6.871e-05,0.3624
1748966400001,5.755e-05,0.368
1748995200000,0.0001,0.35958539
1749024000000,-5.363e-05,0.36726391
1749052800000,0.0001,0.37197062
1749081600016,2.748e-05,0.35879612
1749110400000,-6.91e-06,0.3541
1749139200000,7.11e-05,0.3522
1749168000002,-0.00011251,0.323
1749196800000,-6.475e-05,0.3323
1749225600006,-2.971e-05,0.34060449
1749254400000,0.0001,0.33158329
1749283200000,0.0001,0.34414185
1749312000002,7.45e-05,0.3474
1749340800000,9.453e-05,0.3477
1749369600000,9.821e-05,0.3414
1749398400000,1.428e-05,0.3448
1749427200000,8.093e-05,0.34213506
1749456000001,5.56e-05,0.3391
1749484800001,5.838e-05,0.349
1749513600000,0.0001,0.36865522
1749542400001,0.0001,0.36637659
1749571200003,0.0001,0.3962
1749600000000,0.0001,0.4141103
1749628800000,0.0001,0.40734999
1749657600010,0.0001,0.41980769
1749686400002,0.0001,0.3973
1749715200003,6.291e-05,0.3843138
1749744000001,-3.079e-05,0.37977052
1749772800000,2.594e-05,0.3658
1749801600001,-0.00024588,0.3379
1749830400004,-1.645e-05,0.3436
1749859200000,5.795e-05,0.3485
1749888000000,5.686e-05,0.3437
1749916800000,3.269e-05,0.33421256
1749945600005,-7.1e-06,0.33312054
1749974400009,6.45e-06,0.32760052
1750003200000,-3.815e-05,0.32953496
1750032000000,2.518e-05,0.32754469
1750060800000,-5.737e-05,0.34044193
1750089600003,3.827e-05,0.3354
1750118400000,8.026e-05,0.3183
1750147200006,7.137e-05,0.31655058
1750176000001,7.279e-05,0.3056
1750204800001,9.8e-05,0.3032
1750233600001,0.0001,0.30601356
1750262400001,7.269e-05,0.2976
1750291200005,7.932e-05,0.3071
1750320000003,5.381e-05,0.30634268
1750348800000,8.099e-05,0.2997
1750377600000,7.025e-05,0.3012118
1750406400002,8.794e-05,0.30699357
1750435200001,-5.139e-05,0.29876336
1750464000002,7.671e-05,0.2865
1750492800005,0.0001,0.2878
1750521600000,-5.528e-05,0.2843671
1750550400005,6.551e-05,0.2748
1750579200000,7.367e-05,0.26961553
1750608000003,4.618e-05,0.2617
1750636800000,4.185e-05,0.26756469
1750665600004,-7.6e-07,0.2676849
1750694400013,-2.233e-05,0.27
1750723200003,5.473e-05,0.3016
1750752000000,8.14e-05,0.30899678
1750780800000,0.0001,0.3223
1750809600005,0.0001,0.31520704
1750838400000,0.0001,0.31
1750867200005,-1.331e-05,0.3151
1750896000000,-5.119e-05,0.30873259
1750924800006,-6.118e-05,0.30832083
1750953600007,-0.00014871,0.30422802
1750982400000,4.432e-05,0.30359877
1751011200000,8.4e-06,0.3036
1751040000009,1.749e-05,0.31159944
1751068800001,2.274e-05,0.3055
1751097600002,-3.877e-05,0.30464243
1751126400000,0.0001,0.30514388
1751155200004,0.0001,0.31103482
1751184000001,0.0001,0.30943401
1751212800001,5.239e-05,0.3145473
1751241600000,0.0001,0.36691534
1751270400005,0.0001,0.3729
1751299200002,2.727e-05,0.33981344
1751328000007,-0.00010262,0.34491099
1751356800002,-5.28e-06,0.3267
1751385600000,-0.00011906,0.3267
1751414400001,-0.00019968,0.3271
1751443200000,-0.000142,0.34816596
1751472000003,-2.821e-05,0.3437
1751500800006,0.0001,0.3477
1751529600003,-9.858e-05,0.35771109
1751558400003,-6.88e-06,0.34163743
1751587200005,-0.00011982,0.3435
1751616000003,0.0001,0.32876183
1751644800001,-4.524e-05,0.32082321
1751673600004,-0.00021317,0.32405953
1751702400009,-1.811e-05,0.3251
1751731200006,-0.00016547,0.325
1751760000001,-0.00021639,0.328
1751788800002,-7.19e-05,0.3241
1751817600004,6.33e-06,0.3326
1751846400000,4.439e-05,0.3343
1751875200007,0.0001,0.337
1751904000000,0.0001,0.3286
1751932800010,0.0001,0.32859399
1751961600003,6.776e-05,0.3278
1751990400000,6.667e-05,0.3317
1752019200002,0.0001,0.338
1752048000006,4.247e-05,0.34071813
1752076800001,0.0001,0.3382
1752105600003,0.0001,0.3553
1752134400000,0.0001,0.36147851
1752163200004,0.0001,0.35782861
1752192000004,0.0001,0.39638529
1752220800007,0.0001,0.4118
1752249600001,0.0001,0.40628412
1752278400000,0.0001,0.40520069
1752307200001,0.0001,0.40451814
1752336000002,0.0001,0.38557291
1752364800006,0.0001,0.3996
1752393600001,8.644e-05,0.41304345
1752422400003,0.0001,0.41358426
1752451200000,0.0001,0.41035862
1752480000000,0.0001,0.42317275
1752508800000,0.0001,0.40730668
1752537600002,0.0001,0.4026
1752566400000,0.0001,0.3982
1752595200000,0.0001,0.4138
1752624000000,0.0001,0.43666079
1752652800000,0.0001,0.4402
1752681600008,0.0001,0.44309387
1752710400003,0.0001,0.44040081
1752739200000,0.0001,0.4472
1752768000000,0.0001,0.44847015
1752796800004,0.0001,0.44968941
1752825600000,0.0001,0.47262962
1752854400000,0.0001,0.4703
1752883200009,0.0001,0.45225359
1752912000000,0.0001,0.4588
1752940800002,0.0001,0.4526
1752969600000,0.0001,0.46470717
1752998400000,0.0001,0.47210271
1753027200000,0.0001,0.49805294
1753056000001,0.0001,0.4832
1753084800000,0.0001,0.49490742
1753113600001,0.0001,0.49831887
1753142400000,0.0001,0.4858839
1753171200010,0.0001,0.46472999
1753200000007,0.0001,0.4784549
1753228800000,0.0001,0.48231605
1753257600004,0.0001,0.4618
1753286400002,0.0001,0.4433
1753315200000,0.0001,0.43348818
1753344000001,0.0001,0.42184066
1753372800000,0.0001,0.44141562
1753401600000,0.0001,0.43055969
1753430400000,0.0001,0.42357818
1753459200000,0.0001,0.42857624
1753488000001,0.0001,0.44299302
1753516800005,0.0001,0.4474
1753545600001,0.0001,0.4499
1753574400001,0.0001,0.4486
1753603200000,0.0001,0.4508725
1753632000008,9.97e-06,0.45151921
1753660800005,0.0001,0.4606
1753689600000,0.0001,0.471
1753718400000,4.329e-05,0.448
1753747200001,7.267e-05,0.43401488
1753776000000,6.858e-05,0.44900897
1753804800000,0.0001,0.42292387
1753833600011,7.73e-06,0.42476964
1753862400000,2.476e-05,0.4196
1753891200008,1.33e-06,0.414
1753920000000,6.373e-05,0.4152
1753948800009,4.256e-05,0.42952635
1753977600000,-6.702e-05,0.4099
1754006400001,-6.073e-05,0.39754125
1754035200003,1.39e-05,0.3886
1754064000000,0.0001,0.38814674
1754092800004,0.0001,0.37727161
1754121600000,5.742e-05,0.37814381
1754150400000,-1.013e-05,0.37040298
1754179200000,7.26e-05,0.3686
1754208000000,-2.317e-05,0.37646798
1754236800003,1.045e-05,0.38204852
1754265600004,0.0001,0.3825
1754294400000,7.396e-05,0.39120812
1754323200002,1.892e-05,0.39903259
1754352000000,0.0001,0.40527085
1754380800000,0.0001,0.38744077
1754409600000,3.469e-05,0.37993334
1754438400005,7.375e-05,0.38358201
1754467200000,6.773e-05,0.3886
1754496000000,0.0001,0.38988302
1754524800003,5.005e-05,0.38879349
1754553600002,4.964e-05,0.3915
1754582400002,0.0001,0.40785248
1754611200002,9.757e-05,0.4167
1754640000004,7.207e-05,0.42581594
1754668800000,9.165e-05,0.41986484
1754697600005,0.0001,0.4339
1754726400000,0.0001,0.45476963
1754755200007,0.0001,0.4624
1754784000003,0.0001,0.47348823
1754812800005,0.0001,0.4543
1754841600002,0.0001,0.4635968
1754870400000,0.0001,0.466722
1754899200000,0.0001,0.45914264
1754928000000,7.622e-05,0.4544
1754956800000,3.006e-05,0.4357
1754985600001,4.794e-05,0.4437
1755014400005,-4.504e-05,0.4676
1755043200000,0.0001,0.47749117
1755072000002,0.0001,0.4786
1755100800006,0.0001,0.5396
1755129600002,0.0001,0.57118784
1755158400003,0.0001,0.5435661
1755187200000,0.0001,0.52340532
1755216000000,8.906e-05,0.51634229
1755244800000,2.303e-05,0.5218
1755273600000,6.925e-05,0.4775
1755302400004,-0.00010573,0.4813438
1755331200000,-4.347e-05,0.4871
1755360000002,5.089e-05,0.4863
1755388800000,-0.00011645,0.49241422
1755417600001,-3.359e-05,0.52476565
1755446400007,0.0001,0.5572
1755475200000,0.0001,0.53610973
1755504000001,4.928e-05,0.5137
1755532800002,-5.018e-05,0.51640311
1755561600000,9.7e-06,0.5112
1755590400001,5.14e-05,0.4902
1755619200000,6.759e-05,0.49029604
1755648000000,2.225e-05,0.47288185
1755676800000,-3.184e-05,0.4816
1755705600000,6.466e-05,0.50024494
1755734400006,9.894e-05,0.5132253
1755763200000,0.0001,0.50460068
1755792000003,-5.437e-05,0.4883
1755820800010,0.0001,0.4961
1755849600007,0.0001,0.50430388
1755878400001,-1.076e-05,0.5383
1755907200004,0.0001,0.587
1755936000006,0.0001,0.5833
1755964800000,0.0001,0.59556245
1755993600001,0.0001,0.6131
1756022400002,0.0001,0.57628998
1756051200001,0.0001,0.58250202
1756080000000,0.0001,0.57893877
1756108800002,0.0001,0.54819611
1756137600002,-1.075e-05,0.5426
1756166400000,2.688e-05,0.51713383
1756195200000,1.963e-05,0.52847426
1756224000000,-2.918e-05,0.532835
1756252800003,-2.34e-05,0.52992544
1756281600000,8.027e-05,0.51744986
1756310400009,3.075e-05,0.5222
1756339200000,8.463e-05,0.50507735
1756368000005,4.844e-05,0.5213
1756396800004,6.302e-05,0.51439723
1756425600000,0.0001,0.52320194
1756454400000,0.0001,0.496
1756483200005,0.0001,0.49497185
1756512000000,0.0001,0.49051858
1756540800002,0.0001,0.5002
1756569600003,0.0001,0.49800018
1756598400016,0.0001,0.4989556
1756627200000,8.312e-05,0.5091
1756656000001,7.263e-05,0.50712069
1756684800000,3.829e-05,0.49622497
1756713600000,0.0001,0.50607019
1756742400001,0.0001,0.48742385
1756771200000,-9.13e-06,0.4769284
1756800000005,0.0001,0.48812984
1756828800007,0.0001,0.4844
1756857600006,0.0001,0.50255499
1756886400002,0.0001,0.4966
1756915200002,7.721e-05,0.5151
1756944000002,0.0001,0.51
1756972800000,-3.74e-06,0.4954
1757001600000,2.346e-05,0.48463138
1757030400001,-9.431e-05,0.4821
1757059200006,0.0001,0.49973124
1757088000000,0.0001,0.4884
1757116800000,0.0001,0.4944
1757145600005,9.329e-05,0.4917616
1757174400000,0.0001,0.48432625
1757203200000,0.0001,0.488
1757232000000,0.0001,0.4936
1757260800000,0.0001,0.4921
1757289600007,9.922e-05,0.49591259
1757318400000,0.0001,0.49320457
1757347200000,0.0001,0.508
1757376000000,0.0001,0.51312098
1757404800000,0.0001,0.52888964
1757433600000,0.0001,0.5116
1757462400000,9.241e-05,0.5123
1757491200002,5.778e-05,0.50790393
1757520000000,9.852e-05,0.5164
1757548800000,-3.97e-05,0.5125
1757577600000,0.0001,0.5242
1757606400001,0.0001,0.51381349
1757635200002,0.0001,0.52981946
1757664000001,0.0001,0.53005185
1757692800005,0.0001,0.528
1757721600005,0.0001,0.54744359
1757750400002,0.0001,0.54315831
1757779200000,0.0001,0.54335285
1757808000006,0.0001,0.54131815
1757836800000,0.0001,0.5308
1757865600001,-1.384e-05,0.5096596
1757894400006,6.793e-05,0.5132
1757923200002,-1.693e-05,0.50691845
1757952000001,-8.863e-05,0.4904139
1757980800001,9.51e-06,0.4921
1758009600000,2.64e-05,0.4924
1758038400000,9.715e-05,0.495
1758067200001,1.242e-05,0.4946
1758096000000,-1.282e-05,0.4961
1758124800003,-3.36e-05,0.48792857
1758153600006,0.0001,0.52042532
1758182400002,0.0001,0.517
1758211200000,0.0001,0.5202
1758240000000,0.0001,0.524
1758268800005,0.0001,0.5154
1758297600000,0.0001,0.49558819
1758326400000,-0.00011938,0.48847043
1758355200000,1.03e-05,0.4958
1758384000002,7.666e-05,0.4961
1758412800000,-2.453e-05,0.4929
1758441600000,0.0001,0.4952
1758470400000,-3.986e-05,0.4848939
1758499200005,4.436e-05,0.4803397
1758528000003,-0.00014936,0.43765886
1758556800000,-3.359e-05,0.4327
1758585600000,8.38e-06,0.43621656
1758614400001,0.0001,0.4345
1758643200000,2.714e-05,0.438
1758672000003,0.0001,0.4322
1758700800001,8.689e-05,0.4402
1758729600002,2.652e-05,0.4352
1758758400000,8.193e-05,0.42914881
1758787200001,3.77e-06,0.418
1758816000000,5.514e-05,0.4225
1758844800000,0.0001,0.4078747
1758873600000,3.983e-05,0.4104
1758902400008,9.067e-05,0.41395417
1758931200000,6.06e-05,0.4248
1758960000010,8.808e-05,0.4232
1758988800003,8.671e-05,0.42324659
1759017600000,6.82e-05,0.42394703
1759046400000,2.216e-05,0.4159
1759075200000,0.0001,0.4172
1759104000000,5.569e-05,0.4301
1759132800002,6.18e-06,0.42035547
1759161600001,1.102e-05,0.41700502
1759190400002,0.0001,0.4174
1759219200005,6.49e-06,0.41153396
1759248000000,9.986e-05,0.41028839
1759276800000,7.552e-05,0.4212
1759305600000,0.0001,0.41904056
1759334400000,7.132e-05,0.4329
1759363200000,0.0001,0.435
1759392000013,9.186e-05,0.4409
1759420800000,9.598e-05,0.44262172
1759449600006,0.0001,0.4525
1759478400006,0.0001,0.44386088
1759507200000,0.0001,0.4527
1759536000001,0.0001,0.4499
1759564800000,0.0001,0.4419
1759593600000,4.953e-05,0.4279
1759622400000,4.083e-05,0.43395017
1759651200003,0.0001,0.45300375
1759680000009,0.0001,0.4438
1759708800004,-5.622e-05,0.4319
1759737600002,6.649e-05,0.4387
1759766400004,0.0001,0.45991087
1759795200000,0.0001,0.45660414
1759824000003,0.0001,0.4504
1759852800000,6.208e-05,0.4283
1759881600000,1.937e-05,0.4213
1759910400006,3.242e-05,0.4224
1759939200002,0.0001,0.42499468
1759968000001,0.0001,0.4347
1759996800000,0.0001,0.4223
1760025600000,8.591e-05,0.41090557
1760054400005,6.332e-05,0.41772516
1760083200002,0.0001,0.42153114
1760112000014,0.0001,0.4032
1760140800000,-7e-05,0.2959
1760169600003,-0.00017915,0.3111
1760198400000,-4.27e-06,0.3198
1760227200004,-5.58e-05,0.30159956
1760256000002,3.82e-06,0.30933617
1760284800000,4.873e-05,0.33585602
1760313600003,3.731e-05,0.3343
1760342400002,7.099e-05,0.3383
1760371200003,3.009e-05,0.34426995
1760400000000,0.0001,0.35831838
1760428800000,3.849e-05,0.329
1760457600000,7.89e-06,0.34133297
1760486400006,0.0001,0.34318867
1760515200002,4.647e-05,0.34554832
1760544000000,5.472e-05,0.32833157
1760572800000,7.937e-05,0.3268
1760601600003,2.923e-05,0.32701656
1760630400002,4.022e-05,0.318
1760659200001,-6.138e-05,0.316
1760688000005,6.702e-05,0.29327688
1760716800003,5.424e-05,0.30262997
1760745600000,-3.847e-05,0.3037
1760774400002,2.613e-05,0.3075
1760803200001,-4.693e-05,0.30775631
1760832000001,0.0001,0.30915
1760860800001,5.002e-05,0.30817304
1760889600001,-9.77e-06,0.31871258
1760918400004,-7.162e-05,0.3171
1760947200001,2.285e-05,0.3246
1760976000000,1.44e-05,0.32292795
1761004800009,0.0001,0.3219
1761033600000,4.245e-05,0.3144179
1761062400000,7.705e-05,0.33235809
1761091200004,4.185e-05,0.3108
1761120000000,6.09e-06,0.3072776
1761148800000,6.568e-05,0.3095
1761177600000,-2.2e-06,0.30097985
1761206400001,8.563e-05,0.30869667
1761235200004,8.362e-05,0.3131
1761264000000,4.789e-05,0.31390166
1761292800000,4.33e-05,0.31723769
1761321600009,7.12e-06,0.3134
1761350400000,0.0001,0.3201
1761379200001,-1.393e-05,0.3169
1761408000001,7.495e-05,0.31857978
1761436800001,0.0001,0.3201
1761465600001,3.557e-05,0.31942134
1761494400000,0.0001,0.32953662
1761523200000,0.0001,0.3346
1761552000005,5.606e-05,0.34357802
1761580800000,2.844e-05,0.3334
1761609600000,6.546e-05,0.3304
1761638400000,-3.369e-05,0.32846652
1761667200004,-1.253e-05,0.3252
1761696000004,-3.828e-05,0.31460732
1761724800005,-0.00015123,0.3176
1761753600000,0.0001,0.32
1761782400004,0.0001,0.3174076
1761811200008,1.736e-05,0.3167
1761840000001,-0.00015864,0.2913
1761868800000,-0.00016295,0.29
1761897600008,1.39e-06,0.2921
1761926400007,-8.842e-05,0.2967
1761955200001,2.037e-05,0.2952
1761984000000,0.0001,0.3006
1762012800000,0.0001,0.30442669
1762041600007,0.0001,0.3068
1762070400000,3.236e-05,0.313
1762099200001,5.34e-06,0.29958044
1762128000000,0.0001,0.307355
1762156800010,-8.604e-05,0.28381497
1762185600000,-3.821e-05,0.26211688
1762214400002,-0.00020861,0.2611
1762243200004,3.344e-05,0.2554348
1762272000000,-4.525e-05,0.26220139
1762300800000,6.283e-05,0.25475092
1762329600000,2.093e-05,0.26020743
1762358400004,1.165e-05,0.26583902
1762387200001,-0.0001021,0.2696
1762416000000,-0.00013882,0.26228096
1762444800001,4.698e-05,0.25762509
1762473600005,0.0001,0.26454654
1762502400003,0.0001,0.2787979
1762531200005,4.857e-05,0.28010245
1762560000011,0.0001,0.2995
1762588800015,0.0001,0.2984
1762617600001,7.66e-05,0.2896
1762646400004,4.167e-05,0.2979
1762675200000,5.861e-05,0.2927
1762704000005,1.762e-05,0.299
1762732800000,9.006e-05,0.2992
1762761600000,-1.935e-05,0.30055624
1762790400003,4.968e-05,0.29490824
1762819200007,0.0001,0.30662245
1762848000000,-1.487e-05,0.29256958
1762876800009,9.864e-05,0.28473425
1762905600000,-8.23e-06,0.2755
1762934400002,3.421e-05,0.27325553
1762963200000,-3.75e-06,0.26517775
1762992000002,-0.00010553,0.25921038
1763020800000,-2.757e-05,0.26736559
1763049600001,0.0001,0.263
1763078400000,-9.65e-05,0.24451131
1763107200000,9.084e-05,0.2449
1763136000001,2.159e-05,0.2452
1763164800005,5.315e-05,0.23744716
1763193600000,1.575e-05,0.2448
1763222400001,-1.88e-05,0.24274455
1763251200001,4.068e-05,0.241
1763280000000,-0.00011762,0.24556587
1763308800000,-4.159e-05,0.23427724
1763337600003,3.076e-05,0.23574879
1763366400003,0.0001,0.24028301
1763395200000,-6.53e-05,0.23291314
1763424000002,2.699e-05,0.22692203
1763452800004,0.0001,0.2318
1763481600000,-6.013e-05,0.23587698
1763510400000,0.0001,0.23733332
1763539200000,-4.405e-05,0.23387254
1763568000008,-7.63e-05,0.2269
1763596800000,8.851e-05,0.2295
1763625600000,0.0001,0.2359
1763654400000,0.0001,0.2345
1763683200001,2.643e-05,0.21512179
1763712000000,-5.497e-05,0.20098011
1763740800001,0.0001,0.20277458
1763769600004,2.337e-05,0.2020375
1763798400000,0.0001,0.2005
1763827200000,-4.58e-06,0.1975
1763856000000,8.73e-05,0.2001
1763884800008,-2.935e-05,0.2004
1763913600003,7.708e-05,0.20277834
1763942400004,1.796e-05,0.20070632
1763971200000,0.0001,0.2047
1764000000006,1.404e-05,0.2066
1764028800000,-5.004e-05,0.2173
1764057600009,8.654e-05,0.21373072
1764086400007,2.329e-05,0.2121
1764115200001,0.0001,0.2162
1764144000001,8.332e-05,0.2148
1764172800000,6.581e-05,0.20962612
1764201600013,0.0001,0.21859998
1764230400000,7.006e-05,0.2182
1764259200004,0.0001,0.2212
1764288000008,-1.31e-05,0.22053
1764316800000,0.0001,0.2174
1764345600008,4.589e-05,0.2229
1764374400000,1.564e-05,0.2166
1764403200005,-2.961e-05,0.2155
1764432000001,0.0001,0.21609398
1764460800003,-2.636e-05,0.2143
1764489600000,0.0001,0.21647447
1764518400004,4.52e-06,0.21384045
1764547200000,8.152e-05,0.21040205
1764576000004,-0.00027673,0.198
1764604800000,-7.026e-05,0.19061432
1764633600004,3.335e-05,0.19354342
1764662400000,5.776e-05,0.1944
1764691200000,8.046e-05,0.21482252
1764720000000,7.406e-05,0.21261342
1764748800000,6.606e-05,0.2163
1764777600005,0.0001,0.2164
1764806400012,7.151e-05,0.22250081
1764835200000,6.652e-05,0.2225
1764864000011,6.843e-05,0.22106701
1764892800000,0.0001,0.2158
1764921600000,0.0001,0.21630577
1764950400010,3.781e-05,0.2088266
1764979200001,2.539e-05,0.2022
1765008000001,-5.146e-05,0.2027
1765036800008,0.0001,0.20489783
1765065600000,0.0001,0.20727295
1765094400004,6.106e-05,0.2081
1765123200000,7.78e-06,0.20619397
1765152000000,1.537e-05,0.20400392
1765180800000,0.0001,0.21201301
1765209600001,4.308e-05,0.2117
1765238400001,0.0001,0.21235602
1765267200001,0.0001,0.21330167
1765296000007,-0.00013511,0.2218
1765324800007,7.45e-05,0.22245094
1765353600002,1.802e-05,0.2182
1765382400012,-1.553e-05,0.21725775
1765411200001,-1.29e-06,0.21624185
1765440000000,-0.00010334,0.2059
1765468800000,-0.00012777,0.20499197
1765497600005,0.0001,0.21245074
1765526400007,8.324e-05,0.21335174
1765555200002,3.058e-05,0.20174972
1765584000001,-0.00014284,0.2056
1765612800006,9.977e-05,0.2080207
1765641600000,0.0001,0.21154365
1765670400000,0.0001,0.21513397
1765699200003,5.804e-05,0.21339594
1765728000005,6.805e-05,0.2075
1765756800000,-3.002e-05,0.20449603
1765785600000,8.693e-05,0.20822746
1765814400000,1.634e-05,0.19874663
1765843200002,-4.168e-05,0.1971
1765872000000,-8.558e-05,0.19230679
1765900800002,0.0001,0.20127472
1765929600004,0.0001,0.2003
1765958400000,0.0001,0.1974
1765987200000,4.527e-05,0.1937
1766016000005,-0.00011874,0.18465411
1766044800007,-0.00010316,0.18170988
1766073600001,0.0001,0.18967695
1766102400000,2.733e-05,0.1758
1766131200001,7.215e-05,0.1848
1766160000000,0.0001,0.18992871
1766188800005,0.0001,0.19254935
1766217600000,0.0001,0.1919
1766246400002,1.758e-05,0.19047801
1766275200000,0.0001,0.1896
1766304000009,0.0001,0.19003721
1766332800000,-4.744e-05,0.18444942
1766361600000,-6.603e-05,0.186
1766390400005,7.793e-05,0.19014446
1766419200009,0.0001,0.19063739
1766448000000,2.593e-05,0.1874
1766476800000,-0.00010317,0.1848
1766505600001,4.629e-05,0.18313089
1766534400001,9.789e-05,0.1909
1766563200001,-0.00011168,0.18503522
1766592000000,-3.69e-05,0.18815011
1766620800000,0.0001,0.18774739
1766649600001,0.0001,0.19066838
1766678400005,5.363e-05,0.1898
1766707200004,1.82e-05,0.1843
1766736000001,7.113e-05,0.1902
1766764800007,0.0001,0.1894
1766793600000,0.0001,0.1916
1766822400000,0.0001,0.19183868
1766851200011,0.0001,0.19387818
1766880000008,0.0001,0.19708046
1766908800000,0.0001,0.19738891
1766937600000,0.0001,0.19657716
1766966400016,0.0001,0.19489635
1766995200001,3.09e-05,0.1966
1767024000000,1.549e-05,0.1914
1767052800005,-2.03e-06,0.1904267
1767081600001,0.0001,0.1909
1767110400003,9.256e-05,0.1938
1767139200004,-1.152e-05,0.19075378
1767168000001,-3.743e-05,0.19115826
1767196800001,4.949e-05,0.1892
1767225600008,-1.78e-05,0.1867
1767254400002,5.1e-07,0.18634739
1767283200001,0.0001,0.19476536
1767312000006,0.0001,0.20112064
1767340800007,0.0001,0.1996
1767369600000,7.076e-05,0.20258423
1767398400001,0.0001,0.20887896
1767427200000,0.0001,0.20473761
1767456000000,0.0001,0.207
1767484800000,0.0001,0.20894326
1767513600000,0.0001,0.21012493
1767542400001,0.0001,0.2152
1767571200000,2.978e-05,0.21621933
1767600000000,0.0001,0.21507798
1767628800000,9.417e-05,0.21795206
1767657600010,9.535e-05,0.2209
1767686400000,3.7e-06,0.2191
1767715200000,8.986e-05,0.22067936
1767744000001,0.0001,0.2222399
1767772800001,9.731e-05,0.22073631
1767801600001,-1.36e-06,0.21098633
1767830400001,3.62e-05,0.21260158
1767859200000,8.88e-05,0.21075413
1767888000000,9.053e-05,0.21198767
1767916800003,0.0001,0.2089
1767945600000,0.0001,0.2083
1767974400001,0.0001,0.2098
1768003200000,8.347e-05,0.2074
1768032000002,0.0001,0.2079
1768060800001,5.178e-05,0.21060536
1768089600003,-9.639e-05,0.2069
1768118400006,8.43e-05,0.20834667
1768147200000,-9.499e-05,0.20664719
1768176000005,-4.62e-06,0.20416612
1768204800000,3.073e-05,0.2049
1768233600000,4.271e-05,0.20455037
1768262400007,3.995e-05,0.2006731
1768291200009,0.0001,0.20454694
1768320000002,0.0001,0.2141
1768348800000,0.0001,0.2214
1768377600001,0.0001,0.22244432
1768406400004,0.0001,0.2225
1768435200000,2.564e-05,0.21731298
1768464000004,2.915e-05,0.21536277
1768492800002,-4.27e-05,0.21040189
1768521600000,-7.37e-06,0.20984815
1768550400000,7.15e-05,0.21
1768579200001,5.189e-05,0.20457159
1768608000000,4.941e-05,0.2097
1768636800000,0.0001,0.213
1768665600002,0.0001,0.22195909
1768694400001,6.85e-05,0.21648843
1768723200000,-4.629e-05,0.21345147
1768752000000,3.612e-05,0.2161
1768780800007,-0.00015979,0.2059
1768809600007,-6.414e-05,0.19224022
1768838400007,1.613e-05,0.19129681
1768867200005,4.41e-05,0.1934
1768896000001,6.473e-05,0.18994332
1768924800009,-2.569e-05,0.18734182
1768953600001,9.102e-05,0.1819
1768982400011,8.165e-05,0.1864
1769011200011,4.33e-06,0.19004629
1769040000010,4.012e-05,0.18497957
1769068800003,-9.99e-06,0.1799
1769097600005,-0.00014715,0.17692156
1769126400005,-2.071e-05,0.1775
1769155200000,-7.04e-06,0.1789801
1769184000011,1.492e-05,0.178
1769212800011,6.7e-05,0.17674278
1769241600002,5.12e-06,0.17761359
1769270400001,-4.19e-05,0.1761
1769299200002,0.0001,0.1763
1769328000011,5.059e-05,0.17482846
1769356800005,-3.901e-05,0.17335101
1769385600000,0.0001,0.1673
1769414400003,2.072e-05,0.171
1769443200000,4.59e-05,0.17022491
1769472000002,-8.13e-06,0.17000937
1769500800000,4.43e-06,0.1693
1769529600000,7.728e-05,0.1691
1769558400000,9.11e-05,0.17148406
1769587200000,-8.98e-06,0.1711
1769616000000,-7.37e-06,0.16879395
1769644800000,2.711e-05,0.17163708
1769673600009,-1.646e-05,0.1663
1769702400000,-3.109e-05,0.15738039
1769731200008,1.705e-05,0.15832724
1769760000000,4.955e-05,0.1545053
1769788800001,1.907e-05,0.15452455
1769817600000,5.885e-05,0.1552
1769846400001,3.361e-05,0.1525
1769875200009,-3.128e-05,0.1416
1769904000001,2.147e-05,0.14003904
1769932800004,6.096e-05,0.13994137
1769961600000,1.829e-05,0.13638231
1769990400000,1.42e-05,0.1351
1770019200014,0.0001,0.1329
1770048000000,0.0001,0.1393
1770076800000,8.411e-05,0.13712972
1770105600007,-1.4e-07,0.13641705
1770134400000,5.779e-05,0.13395681
1770163200002,5.971e-05,0.1302905
1770192000007,0.0001,0.1346
1770220800000,7.247e-05,0.131
1770249600011,0.0001,0.1283
1770278400000,0.0001,0.12463551
1770307200007,4.201e-05,0.11605241
1770336000000,3.832e-05,0.10760965
1770364800001,1.072e-05,0.10762865
1770393600000,-1.396e-05,0.11570165
1770422400003,2.785e-05,0.1202
1770451200000,8.132e-05,0.11612755
1770480000010,1.024e-05,0.1199
1770508800003,0.0001,0.12001092
1770537600000,-2.052e-05,0.1181
1770566400000,-1.418e-05,0.1177215
1770595200002,4.44e-05,0.11643095
1770624000001,-0.00020338,0.1140717
1770652800007,-6.303e-05,0.11083072
1770681600000,0.0001,0.11315299
1770710400007,0.0001,0.10933457
1770739200000,-5.55e-06,0.1113
1770768000000,0.0001,0.11
1770796800006,-6.802e-05,0.1071
1770825600000,2.27e-05,0.1068389
1770854400000,6.978e-05,0.1083
1770883200001,5.942e-05,0.1123
1770912000001,-3.214e-05,0.11038117
1770940800007,0.0001,0.11164979
1770969600003,6.373e-05,0.10997785
1770998400005,-1.548e-05,0.1132
1771027200002,-9.45e-06,0.1155
1771056000004,0.0001,0.1161
1771084800002,0.0001,0.11956709
1771113600000,4.337e-05,0.1205
1771142400002,3.094e-05,0.1208
1771171200000,1.13e-06,0.11506621
1771200000001,0.0001,0.11457228
1771228800003,8.025e-05,0.11344671
1771257600000,8.647e-05,0.11206025
1771286400008,-5.6e-06,0.1152
1771315200001,0.0001,0.11413936
1771344000002,1.84e-05,0.1132
1771372800000,0.0001,0.1127
1771401600000,-0.00015635,0.1138
1771430400011,-7.471e-05,0.11194636
1771459200013,5.216e-05,0.10765309
1771488000000,-4.595e-05,0.10646295
1771516800003,-0.00018896,0.09796454
1771545600000,-0.00016998,0.0978793
1771574400000,-0.00033612,0.09658472
1771603200000,5.68e-05,0.09695701
1771632000004,-5.671e-05,0.0969474
1771660800000,6.084e-05,0.09994326
1771689600005,0.0001,0.0999
1771718400001,-0.00013022,0.0983
1771747200004,0.0001,0.09572762
1771776000000,-1.008e-05,0.0944436
1771804800001,-0.00014864,0.0945
1771833600000,-0.00010106,0.0929
1771862400000,0.0001,0.09263425
1771891200007,0.0001,0.09355841
1771920000000,9e-06,0.09126474
1771948800001,-0.00013006,0.09295956
1771977600001,-0.00019074,0.09206993
1772006400007,-4.364e-05,0.0931
1772035200000,5.966e-05,0.10005353
1772064000000,0.0001,0.10074943
1772092800006,0.0001,0.09990312
1772121600002,0.0001,0.09973423
1772150400007,0.0001,0.09997649
1772179200000,0.0001,0.1071
1772208000001,-9.372e-05,0.10096719
1772236800000,-4.39e-06,0.10034084
1772265600000,-3.619e-05,0.0947
1772294400004,-0.00016932,0.09345309
1772323200005,2.641e-05,0.09963788
1772352000000,7.507e-05,0.1021
1772380800002,7.59e-05,0.1005
1772409600001,7.769e-05,0.0995
1772438400007,-0.00010314,0.0994
1772467200000,-0.0001909,0.1057
1772496000000,-3.698e-05,0.1019
1772524800000,-2.53e-06,0.10106211
1772553600007,-1.59e-06,0.1013
1772582400001,1.475e-05,0.1027
1772611200005,-0.00012545,0.1032
1772640000000,-0.00031803,0.10618472
1772668800000,-6.508e-05,0.10478624
1772697600000,-8.872e-05,0.1025
1772726400004,0.0001,0.10374382
1772755200001,0.0001,0.10280806
1772784000001,0.0001,0.10487215
1772812800004,6.61e-06,0.09932705
1772841600001,0.0001,0.0999
1772870400012,-3.065e-05,0.0989
1772899200001,-6.905e-05,0.09700456
1772928000001,-8.708e-05,0.09670905
1772956800000,0.0001,0.09555356
1772985600002,9.757e-05,0.0948
1773014400000,-9.584e-05,0.0945
1773043200004,0.0001,0.0971
1773072000003,4.756e-05,0.0989
1773100800012,5.846e-05,0.09751653
1773129600002,0.0001,0.09989135
1773158400001,1.827e-05,0.10108386
1773187200000,5.45e-06,0.0983576
1773216000007,0.0001,0.09804925
1773244800010,-6.503e-05,0.1006
1773273600000,9.656e-05,0.1
1773302400000,-1.654e-05,0.0991
1773331200000,-8.659e-05,0.0989
1773360000006,7.396e-05,0.10098162
1773388800001,0.0001,0.10369188
1773417600000,9.599e-05,0.10496073
1773446400001,0.0001,0.1027
1773475200000,-2.483e-05,0.10056421
1773504000007,-1.661e-05,0.1003
1773532800000,-0.00014675,0.10099286
1773561600000,0.0001,0.10175378
1773590400000,0.0001,0.1013
1773619200000,6.13e-06,0.1039
1773648000010,0.0001,0.10865984
1773676800000,7.448e-05,0.1067
1773705600000,8.332e-05,0.1104
1773734400002,0.0001,0.10848096
1773763200011,4.018e-05,0.1077
1773792000002,0.0001,0.1079
1773820800002,3.685e-05,0.1079
1773849600005,-0.00025107,0.1013
1773878400000,-2.701e-05,0.1028467
1773907200003,1.084e-05,0.1006
1773936000003,0.0001,0.0986018
1773964800002,9.58e-05,0.09926432
1773993600000,6.24e-06,0.1006
1774022400000,5.334e-05,0.09964599
1774051200000,4.328e-05,0.0998
1774080000000,-0.0001122,0.09975385
1774108800014,-5.227e-05,0.1006
1774137600012,-1.877e-05,0.09628927
1774166400007,-0.00018353,0.09494429
1774195200002,-0.00026948,0.09359018
1774224000000,-6.257e-05,0.09248368
1774252800003,7.89e-05,0.0924
1774281600002,3.805e-05,0.09417706
1774310400000,-2.013e-05,0.09754869
1774339200000,9.53e-05,0.0968
1774368000003,0.0001,0.0965139
1774396800000,0.0001,0.09755096
1774425600000,0.0001,0.09850663
1774454400013,0.0001,0.09880187
1774483200001,0.0001,0.0987
1774512000001,-4.55e-06,0.09525926
1774540800000,7.621e-05,0.0941
1774569600006,-9.32e-06,0.09384462
1774598400000,0.0001,0.09445331
1774627200000,-0.00016335,0.0904
1774656000005,-0.00024989,0.08995103
1774684800005,-0.00010211,0.08965115
1774713600000,-0.00013711,0.0914
1774742400003,7.93e-06,0.0898
1774771200001,0.0001,0.08964521
1774800000000,-9.564e-05,0.08861046
1774828800000,-4.645e-05,0.08829158
1774857600005,6.063e-05,0.09269831
1774886400000,0.0001,0.0922
1774915200000,-9.35e-06,0.0911
1774944000000,0.0001,0.0927781
1774972800000,-1.76e-05,0.0914
1775001600000,-2.877e-05,0.09290593
1775030400000,0.0001,0.09573789
1775059200000,4.123e-05,0.09460084
1775088000003,4.119e-05,0.09437238
1775116800001,-1.361e-05,0.09138359
1775145600001,6.548e-05,0.0915184
1775174400000,0.0001,0.09075318
1775203200008,0.0001,0.0934
1775232000008,4.761e-05,0.0924
1775260800000,0.0001,0.0923
1775289600003,-0.00026531,0.09188291
1775318400000,6.355e-05,0.0926
1775347200008,5.96e-05,0.09260559
1775376000000,-0.00010948,0.09046768
1775404800001,-0.00010493,0.09092678
1775433600004,-9.494e-05,0.09415753
1775462400001,0.0001,0.09556359
1775491200003,0.0001,0.0971549
1775520000000,0.0001,0.09364103
1775548800000,0.0001,0.09475033
1775577600000,1.158e-05,0.09348588
1775606400000,0.0001,0.10195733
1775635200000,0.0001,0.10336464
1775664000006,0.0001,0.1006
1775692800000,0.0001,0.10545437
1775721600010,0.0001,0.10194251
1775750400001,6.384e-05,0.1037
1775779200000,0.0001,0.1078
1775808000005,-2.361e-05,0.10960821
1775836800000,1.694e-05,0.10967726
1775865600000,0.0001,0.11644401
1775894400000,2.8e-06,0.11491023
1775923200003,0.0001,0.11505061
1775952000000,0.0001,0.11555956
1775980800000,-3.321e-05,0.11087903
1776009600000,3.546e-05,0.1106526
1776038400011,4.32e-05,0.1109
1776067200006,3.244e-05,0.11103782
1776096000000,-4.383e-05,0.11050417
1776124800005,-0.00011966,0.11344514
1776153600003,0.0001,0.1127562
1776182400001,4.786e-05,0.1099589
1776211200000,0.0001,0.1101
1776240000000,0.0001,0.1114
1776268800000,0.0001,0.11537249
1776297600013,-2.438e-05,0.11483556
1776326400000,0.0001,0.11952464
1776355200000,7.736e-05,0.12403341
1776384000001,0.0001,0.1289
1776412800011,0.0001,0.1316
1776441600001,-0.00011779,0.131
1776470400001,-1.808e-05,0.13127553
1776499200006,0.0001,0.13304344
1776528000000,0.0001,0.12811539
1776556800002,6.681e-05,0.129
1776585600010,-4.703e-05,0.12498695
1776614400001,4.939e-05,0.12774345
1776643200000,-2.657e-05,0.12144908
1776672000000,-6.038e-05,0.1262
1776700800001,5.185e-05,0.12780442
1776729600000,-7.983e-05,0.1271
1776758400004,4.386e-05,0.12633828
1776787200004,0.0001,0.1281
1776816000004,0.0001,0.12525345
1776844800000,0.0001,0.1284
1776873600000,-0.00012478,0.1272
1776902400000,0.0001,0.1284
1776931200000,2.061e-05,0.1267
1776960000004,0.0001,0.1287035
1776988800006,0.0001,0.1284
1777017600000,9.4e-06,0.12797119
1777046400000,0.0001,0.1316
1777075200000,-7.63e-06,0.1286
1777104000002,0.0001,0.13219986
1777132800002,-2.703e-05,0.12932394
1777161600003,0.0001,0.1291675
1777190400007,-1.714e-05,0.1313
1777219200004,9.29e-05,0.13076783
1777248000004,-5.792e-05,0.1294
1777276800000,-0.00012796,0.12580344
1777305600002,-0.00012626,0.12376127
1777334400001,8.449e-05,0.12654419
1777363200000,0.0001,0.12484579
1777392000004,0.0001,0.1239
1777420800006,2.408e-05,0.12434585
1777449600011,0.0001,0.12774524
1777478400003,1.181e-05,0.12453558
1777507200002,-2.149e-05,0.12529657
1777536000000,-2.924e-05,0.12595657
1777564800000,-5.014e-05,0.12729668
1777593600000,-1.864e-05,0.1237
1777622400005,3.12e-06,0.1250326
1777651200000,0.0001,0.12557249
1777680000006,-2.846e-05,0.12357984
1777708800000,-0.00011635,0.1222
1777737600010,0.0001,0.1232
1777766400005,-7.086e-05,0.1226016
1777795200003,-0.0001073,0.119
1777824000000,5.921e-05,0.1178
1777852800000,0.0001,0.11725045
1777881600000,5.65e-06,0.11775699
1777910400003,-8.168e-05,0.1146
1777939200000,0.0001,0.1163
1777968000011,7.113e-05,0.11817368
1777996800000,-5.32e-06,0.1187
1778025600010,8.026e-05,0.1198
1778054400000,8.067e-05,0.1214
1778083200002,0.0001,0.12408149
1778112000000,0.0001,0.128
1778140800000,0.0001,0.12825293
1778169600004,0.0001,0.12551374
1778198400003,5.046e-05,0.12663212
1778227200002,0.0001,0.1291
1778256000003,3.844e-05,0.13784475
1778284800000,2.84e-06,0.14246873
1778313600001,0.0001,0.14660175
1778342400002,1.501e-05,0.13941046
1778371200003,0.0001,0.14241032
1778400000000,7.279e-05,0.1408
1778428800000,7.867e-05,0.14293848
1778457600000,8.998e-05,0.14392086
1778486400000,-1.41e-06,0.1416
1778515200000,5.829e-05,0.14199511
1778544000002,-5.905e-05,0.14091429
1778572800008,0.0001,0.13873414
1778601600000,7.773e-05,0.1356574
1778630400010,5.268e-05,0.1362203
1778659200003,6.64e-06,0.14017803
1778688000001,-4.23e-05,0.13114969
1778716800005,3.505e-05,0.1319487
1778745600000,-0.00010729,0.12974023
1778774400000,1.382e-05,0.13427263
1778803200000,1.209e-05,0.1313
1778832000016,2.741e-05,0.12862212
1778860800012,-0.00016537,0.12387555
1778889600005,1.243e-05,0.12470904
1778918400000,-5.354e-05,0.12029434
1778947200005,-7.459e-05,0.12031399
1778976000000,-6.647e-05,0.11944622
1779004800010,0.0001,0.12175321
1779033600009,-2.582e-05,0.1194
1779062400007,3.96e-05,0.1164516
1779091200002,0.0001,0.11585624
1779120000007,6.873e-05,0.1151
1779148800001,-9.932e-05,0.11758342
1779177600001,2.119e-05,0.11735223
1779206400009,0.0001,0.11490793
1779235200001,4.609e-05,0.1135
1779264000006,-3.278e-05,0.11384864
1779292800000,4.381e-05,0.113
1779321600001,-0.00018745,0.10995015
1779350400000,4.731e-05,0.11128615
1779379200000,6.659e-05,0.11217798
1779408000000,2.674e-05,0.11286159
1779436800004,3.886e-05,0.1133
1779465600001,4.99e-05,0.11243167
1779494400009,3.888e-05,0.10864242
1779523200001,-6.967e-05,0.1041
1779552000003,0.0001,0.1075411
1779580800011,-9.427e-05,0.1094
1779609600008,-0.0001243,0.109
1779638400000,0.0001,0.10575056
1779667200001,-6.647e-05,0.10564575
1779696000001,3.012e-05,0.10723655
1779724800001,7.6e-07,0.1093
1779753600000,0.0001,0.10839032
1779782400003,8.794e-05,0.10901681
1779811200000,0.0001,0.10990952
1779840000000,4.451e-05,0.1087
1779868800004,-3.414e-05,0.1092
1779897600009,7.995e-05,0.11006276
1779926400001,3.938e-05,0.1072
1779955200000,-1.815e-05,0.10313028
1779984000001,-7.037e-05,0.10201361
1780012800000,0.0001,0.1044
1780041600001,0.0001,0.105
1780070400008,0.0001,0.10526092
1780099200000,0.0001,0.10304833
1780128000001,3.739e-05,0.10475452
1780156800000,0.0001,0.10484703
1780185600000,-9.863e-05,0.10327151
1780214400000,-8.549e-05,0.10284977
1780243200004,-5.237e-05,0.1010565
1780272000001,4.552e-05,0.10358706
1780300800001,-0.00010928,0.10067112
1780329600000,0.0001,0.09989237
1780358400000,0.0001,0.10236185
1780387200000,-2.388e-05,0.09835572
1780416000000,-3.184e-05,0.09416078
1780444800013,-0.00013918,0.0928
1780473600000,-0.00018719,0.096
1780502400001,-6.938e-05,0.09473918
1780531200009,-7.223e-05,0.09282916
1780560000000,-9.505e-05,0.08915465
1780588800003,-2.391e-05,0.09161608
1780617600000,-7.935e-05,0.0893
1780646400004,-0.00016929,0.08402674
1780675200009,-9.404e-05,0.0811
1780704000000,-0.00010189,0.0803
1780732800000,-4.524e-05,0.0789
1780761600000,-1.966e-05,0.0794
1780790400001,-3.619e-05,0.07984278
1780819200000,-1.072e-05,0.0827
1780848000000,0.0001,0.08181257
1780876800000,3.48e-05,0.08303335
1780905600005,7.562e-05,0.08221159
1780934400004,8.077e-05,0.0835
1780963200000,1.801e-05,0.08206697
1780992000000,-2.101e-05,0.0817
1781020800001,2.992e-05,0.0791
1781049600001,-6.105e-05,0.0803
1781078400011,4.801e-05,0.07984959
1781107200009,-7.026e-05,0.08092
1781136000000,-0.00012955,0.07751789
1781164800004,-1.386e-05,0.08027
1781193600000,9.075e-05,0.08069806
1781222400000,-5.906e-05,0.08347942
1781251200000,-9.557e-05,0.0826
1781280000000,5.658e-05,0.08335
1781308800000,8.089e-05,0.08391
1781337600007,9.895e-05,0.08567
1781366400002,-8.457e-05,0.08629219
1781395200005,-9.567e-05,0.0851969
1781424000009,-0.00013496,0.08346
1781452800000,-4.594e-05,0.08231
1781481600013,-2.48e-05,0.08578
1781510400013,-4.982e-05,0.08632
1781539200004,-2.727e-05,0.08954155
1781568000000,0.0001,0.0861988
1781596800000,-7.04e-06,0.08633
1781625600001,-8.64e-06,0.08467614
1781654400012,-0.00011556,0.0856
1781683200000,-3.22e-05,0.08771433
1781712000000,0.0001,0.08827732
1781740800002,3.427e-05,0.08567484
1781769600000,-8.337e-05,0.08498451
1781798400001,-0.00012101,0.08153362
1781827200005,0.0001,0.08527
1781856000001,-6.21e-05,0.08290265
1781884800001,8.37e-05,0.08447
1781913600001,1.175e-05,0.08387647
1781942400000,1.361e-05,0.08418
1781971200001,-0.00018021,0.08393
1782000000000,3.067e-05,0.08457
1782028800000,-0.00015935,0.08351
1782057600000,9.254e-05,0.08435225
1782086400000,-0.00012949,0.08179258
1782115200000,0.0001,0.08500761
1782144000002,8.36e-06,0.08461529
1782172800003,2.115e-05,0.0831939
1782201600005,-0.00014713,0.07953683
1782230400002,-0.00016285,0.07853
1782259200005,-0.00011138,0.07905436
1782288000005,-4.763e-05,0.07831
1782316800003,-0.00010655,0.0754
1782345600000,-8.055e-05,0.07603
1782374400000,-1.833e-05,0.07725
1782403200000,-0.00010275,0.07321228
1782432000010,-0.0001127,0.07321289
1782460800002,0.0001,0.07409
1782489600000,-1.104e-05,0.07339607
1782518400000,7.988e-05,0.07432
1782547200000,0.0001,0.07501
1782576000009,3.949e-05,0.07570423
1782604800000,5.936e-05,0.07339
1782633600013,-0.00014195,0.0736
1782662400000,0.0001,0.07394
1782691200006,-8.446e-05,0.07387911
1782720000013,-4.023e-05,0.07570267
1782748800004,0.0001,0.07601504
1782777600000,0.0001,0.07676
1782806400000,4.85e-05,0.0753
1782835200005,4.07e-06,0.07437
1782864000000,0.0001,0.07607388
1782892800000,0.0001,0.07729947
1782921600000,6.289e-05,0.07802451
1782950400000,2.349e-05,0.07667947
1782979200000,6.33e-05,0.07698
1783008000000,-5.647e-05,0.07720103
1783036800000,-0.00014392,0.07724
1783065600007,-5.321e-05,0.07819
1783094400000,0.0001,0.0794221
1783123200000,1.163e-05,0.08102754
1783152000000,5.658e-05,0.07957904
1783180800007,-0.00012159,0.08096794
1783209600003,2.383e-05,0.08031
1783238400001,-0.00011747,0.07894
1783267200000,0.0001,0.07866604
1783296000000,-8.671e-05,0.08051464
1783324800000,0.0001,0.07890291
1783353600000,5.98e-06,0.07971
1783382400000,5.223e-05,0.08028
1783411200000,0.0001,0.07843
1783440000000,-8.459e-05,0.07942
1783468800000,-3.67e-05,0.07699
1783497600000,-7.806e-05,0.07765475
1783526400000,1.616e-05,0.07556324
1783555200000,-3.274e-05,0.07686844
1783584000001,0.0001,0.08479714
1783612800001,6.802e-05,0.08585
1783641600000,0.0001,0.08751
1783670400005,-2.298e-05,0.09342693
1783699200005,0.0001,0.09097304
1783728000000,0.0001,0.0928843
1783756800000,5.107e-05,0.0907
1783785600000,0.0001,0.09738252
1783814400000,7.352e-05,0.09494789
1783843200003,0.0001,0.09833504
1783872000000,1.958e-05,0.09567
1783900800000,8.41e-06,0.09317
1783929600001,9.292e-05,0.09268592
1783958400004,0.0001,0.09311
1783987200000,6.678e-05,0.0903
1784016000002,-0.00010437,0.08928
1784044800001,-0.00010034,0.09229
1784073600005,-7.494e-05,0.09218923
1784102400002,7.567e-05,0.08804592
1784131200000,-0.00010324,0.08849
1784160000000,-0.00014477,0.08846384
1784188800003,2.19e-06,0.08677639
1784217600002,-0.00012321,0.08843
1784246400000,0.0001,0.08895989
1784275200010,-1.416e-05,0.0882915
1784304000004,4.883e-05,0.08856769
1784332800000,0.0001,0.09058
1784361600000,-1.5e-07,0.0900379
1784390400001,5.125e-05,0.08853393
1784419200003,8.92e-06,0.08827696
1784448000000,6.264e-05,0.0882
1784476800001,7.777e-05,0.08963901
1784505600000,-6.407e-05,0.08902272
1784534400001,8.68e-05,0.08674
1784563200004,0.0001,0.09079
1784592000001,4.028e-05,0.0903582
1784620800000,1.41e-05,0.09095
1784649600002,2.364e-05,0.08978042
1784678400000,-9.282e-05,0.08891
1784707200000,9.827e-05,0.08921
1784736000001,-3.393e-05,0.09089
1784764800000,5.797e-05,0.09008705
1784793600000,-1.9e-07,0.08847392
1784822400000,-9.496e-05,0.08661191
1784851200000,-0.00019487,0.08608136
1784880000000,3.217e-05,0.08634
1784908800008,3.662e-05,0.08377
1784937600002,-9.197e-05,0.08301348
1784966400000,-9.94e-06,0.08260398
1784995200000,-0.00016264,0.08291412
1785024000000,-0.00031595,0.0824977
1785052800002,-0.00011147,0.08274
1785081600000,-0.00011255,0.08264
1785110400010,-0.00021107,0.08319
1785139200000,0.0001,0.08206559
1785168000001,-1.247e-05,0.07917
1785196800000,7.302e-05,0.07704862
1785225600000,-5.877e-05,0.07786117
1785254400000,2.73e-05,0.07938
1785283200000,7.916e-05,0.07899
1785312000002,2.516e-05,0.07862
1785340800000,0.0001,0.07793
1785369600000,-1.035e-05,0.07916
1785398400000,8.294e-05,0.07888
1785427200000,5.368e-05,0.07816196
1785456000003,-0.00026291,0.07742
1785484800000,8.537e-05,0.07704202
1785513600000,-9.16e-06,0.07701033
1785542400001,8.223e-05,0.0782635
1785571200000,-7.862e-05,0.07791
1785600000000,0.0001,0.07827769
1785628800000,3.443e-05,0.07892
1785657600000,5.571e-05,0.08182654
1785686400000,-2.171e-05,0.08068
1785715200000,-1.578e-05,0.08159915
1785744000000,0.0001,0.08031304
1785772800000,-0.00014193,0.08121
1785801600004,0.0001,0.08264978
1785830400002,-0.00012004,0.08267881
1785859200000,0.0001,0.08171
1785888000003,0.0001,0.08185454
1785916800004,-4.049e-05,0.08098174
1785945600000,-6.258e-05,0.08057637
1785974400002,6.15e-05,0.0804
1786003200000,-0.00020041,0.07992133
1786032000000,3.16e-05,0.0787
1786060800000,9.378e-05,0.07831
1786089600000,4.471e-05,0.07789747
1786118400000,-9.655e-05,0.07811575
1786147200001,-3.714e-05,0.07911726
1786176000000,-1.185e-05,0.07874717
1786204800002,8.948e-05,0.07972
1786233600000,-0.00011124,0.07824357
1786262400005,7.5e-07,0.07773
1786291200000,-0.00035918,0.07862
1786320000001,0.0001,0.07775018
1786348800005,0.0001,0.0802
1786377600000,0.0001,0.08001675
1786406400000,0.0001,0.08005154
1786435200006,1.632e-05,0.07987393
1786464000000,0.0001,0.07790588
1786492800001,3.348e-05,0.08023877
1786521600000,0.0001,0.07863844
1786550400000,4.634e-05,0.07866323
1786579200000,-0.00022338,0.07401711
1786608000000,-5.071e-05,0.07539
1786636800000,-0.00010409,0.07469
1786665600000,-0.00013605,0.07524
1786694400001,-0.00015742,0.07516676
1786723200001,1.001e-05,0.07475924
1786752000003,-9.53e-05,0.07449714
1786780800002,-0.00038917,0.07432879
1786809600000,1.418e-05,0.07412
1786838400000,-9.703e-05,0.07273962
1786867200002,7.418e-05,0.07355
1786896000000,0.0001,0.0749241
1786924800001,7.619e-05,0.07351
1786953600003,-5.916e-05,0.07534
1786982400005,4.224e-05,0.07530609
1787011200006,-4.944e-05,0.07513
1787040000001,-3.372e-05,0.07490732
1787068800003,-1.299e-05,0.07560743
1787097600000,0.0001,0.07524
1787126400000,1.14e-06,0.07669178
1787155200004,-0.00010875,0.07976714
1787184000001,0.0001,0.08944872
1787212800000,0.0001,0.08897
1787241600005,0.0001,0.08955
1787270400004,0.0001,0.09088115
1787299200000,7.772e-05,0.0938267
1787328000001,0.0001,0.09765132
1787356800000,0.0001,0.09818371
1787385600000,0.0001,0.09978
1787414400000,0.0001,0.09796777
1787443200000,0.0001,0.09900542
1787472000000,0.0001,0.09641891
1787500800006,0.0001,0.10207
1787529600001,0.0001,0.10133
1787558400002,0.0001,0.09922896
1787587200000,0.0001,0.09919
1787616000001,1.882e-05,0.09689366
1787644800000,-2.763e-05,0.09623803
1787673600005,3.965e-05,0.09515377
1787702400000,-8.349e-05,0.09215
1787731200005,-0.00012567,0.09311367
1787760000000,5.424e-05,0.08884
1787788800000,0.0001,0.09277399
1787817600000,9.066e-05,0.09115387
1787846400013,-4.047e-05,0.09151
1787875200026,-4.12e-06,0.09188
1787904000000,3.464e-05,0.09014
1787932800001,3.509e-05,0.08826
1787961600000,0.0001,0.08776022
1787990400000,1.97e-05,0.08761783
1788019200002,4.408e-05,0.08773
1788048000000,2.357e-05,0.08764
1788076800000,-4.888e-05,0.08637
1788105600001,-0.00012265,0.08847335
1788134400002,0.0001,0.08425718
1788163200002,0.0001,0.0862569
1788192000001,5.092e-05,0.08741
