time,equity,adverse_equity,positions,cash
1735693200000,1000.0,1000.0,0,1000.0
1735696800000,1000.0,1000.0,0,1000.0
1735700400000,1000.0,1000.0,0,1000.0
1735704000000,1000.0,1000.0,0,1000.0
1735707600000,1000.0,1000.0,0,1000.0
1735711200000,1000.0,1000.0,0,1000.0
1735714800000,1000.0,1000.0,0,1000.0
1735718400000,1000.0,1000.0,0,1000.0
1735722000000,1000.0,1000.0,0,1000.0
1735725600000,1000.0,1000.0,0,1000.0
1735729200000,1000.0,1000.0,0,1000.0
1735732800000,1000.0,1000.0,0,1000.0
1735736400000,1000.0,1000.0,0,1000.0
1735740000000,1000.0,1000.0,0,1000.0
1735743600000,1000.0,1000.0,0,1000.0
1735747200000,1000.0,1000.0,0,1000.0
1735750800000,1000.0,1000.0,0,1000.0
1735754400000,1000.0,1000.0,0,1000.0
1735758000000,1000.0,1000.0,0,1000.0
1735761600000,1000.0,1000.0,0,1000.0
1735765200000,1000.0,1000.0,0,1000.0
1735768800000,1000.0,1000.0,0,1000.0
1735772400000,1000.0,1000.0,0,1000.0
1735776000000,1000.0,1000.0,0,1000.0
1735779600000,1000.0,1000.0,0,1000.0
1735783200000,1000.0,1000.0,0,1000.0
1735786800000,1000.0,1000.0,0,1000.0
1735790400000,1000.0,1000.0,0,1000.0
1735794000000,999.5252295857587,999.5041597398172,1,999.9787104369149
1735797600000,999.0652046160351,998.9194715149395,1,999.9787104369149
1735801200000,998.747401106417,998.5595283134381,1,999.9787104369149
1735804800000,998.952832104347,998.6297611332434,1,999.9787104369149
1735808400000,999.1488400726687,998.9486765362241,1,999.974554868792
1735812000000,999.5316089406066,999.1137236627661,1,999.974554868792
1735815600000,999.4473295568404,999.2436543794056,1,999.974554868792
1735819200000,999.5965742989263,999.3033522762399,1,999.974554868792
1735822800000,999.6597838367509,999.496492530704,1,999.974554868792
1735826400000,999.3823641985207,999.2893057122789,1,999.974554868792
1735830000000,999.6580280162558,998.920583408302,1,999.974554868792
1735833600000,999.6123766833824,999.1418167906882,1,999.974554868792
1735837200000,999.862749105461,999.4220381611839,1,999.970333319077
1735840800000,999.4518871096011,999.1059904720609,1,999.970333319077
1735844400000,999.6467831845603,999.2657701371174,1,999.970333319077
1735848000000,999.3149331109811,999.3114214699908,1,999.970333319077
1735851600000,999.2411886501857,998.9268967815577,1,999.970333319077
1735855200000,999.2956190855347,999.0480483957216,1,999.970333319077
1735858800000,999.6239575181236,999.2552352141468,1,999.970333319077
1735862400000,999.57479454426,999.4905151604938,1,999.970333319077
1735866000000,999.7250885133863,999.4915643875341,1,999.966115084632
1735869600000,999.941054434287,999.461715439117,1,999.966115084632
1735873200000,1000.3606955326227,999.8392168455696,1,999.966115084632
1735876800000,1000.7259061956094,1000.1693110986537,1,999.966115084632
1735880400000,999.7407108560857,999.4704495647336,2,999.9446389557877
1735884000000,999.7766861259482,998.9882984883485,2,999.9446389557877
1735887600000,1000.8129215042134,999.7707468120902,2,999.9446389557877
1735891200000,1000.1280268393886,999.4572964891923,2,999.9446389557877
1735894800000,1000.3273938620741,999.8269503925028,2,999.9360676575833
1735898400000,1000.9798491333139,1000.2228688638666,2,999.9360676575833
1735902000000,1001.0766062681333,1000.40962998132,2,999.9360676575833
1735905600000,1001.6093609874493,1000.8911611480223,2,999.9360676575833
1735909200000,1002.2010517079622,1001.5163025012075,2,999.9360676575833
1735912800000,1001.5347299592914,1000.8922451161449,2,999.9360676575833
1735916400000,1002.8059405256488,1001.5235231839481,2,999.9360676575833
1735920000000,1002.792898279718,1002.1001387871826,2,999.9360676575833
1735923600000,1004.078513593762,1002.1238424286571,3,999.9019070344303
1735927200000,1003.9191937675337,1003.2281165775124,3,999.9019070344303
1735930800000,1004.5104768913393,1003.6450178692481,3,999.9019070344303
1735934400000,1005.5238431777854,1004.0192565303731,3,999.9019070344303
1735938000000,1005.5172786345303,1004.1024691554359,3,999.9019070344303
1735941600000,1005.8536259545461,1004.1327681820085,3,999.9019070344303
1735945200000,1005.8230231917371,1005.0454681295934,3,999.9019070344303
1735948800000,1004.9468996180283,1004.6034353156615,3,999.9019070344303
1735952400000,1004.6561843756388,1004.0511944956475,3,999.8877846387705
1735956000000,1006.0421376893431,1003.615146791151,3,999.8877846387705
1735959600000,1006.1159514019656,1004.8761532090423,3,999.8877846387705
1735963200000,1006.9101536582473,1005.450561315559,3,999.8877846387705
1735966800000,1005.8194399584759,1004.9339375264542,3,999.8877846387705
1735970400000,1006.0268964739099,1005.4926236842775,3,999.8877846387705
1735974000000,1005.9137298350457,1005.323485820809,3,999.8877846387705
1735977600000,1005.2380162382545,1005.0421527607432,3,999.8877846387705
1735981200000,1004.0149876508294,1003.6401325887714,3,999.8736309253226
1735984800000,1004.8048181378862,1003.9349736759027,3,999.8736309253226
1735988400000,1004.6335732408638,1003.927884992004,3,999.8736309253226
1735992000000,1005.1339740373642,1004.316259216703,3,999.8736309253226
1735995600000,1005.2708812766562,1004.4488437730258,3,999.8736309253226
1735999200000,1006.3902457880735,1004.9740403137528,3,999.8736309253226
1736002800000,1006.6310544023343,1005.6021204371887,3,999.8736309253226
1736006400000,1003.0521424926972,1002.2019587699921,3,999.8736309253226
1736010000000,1004.0230028321737,1002.8960435429393,3,999.8596924164424
1736013600000,1004.3998201121229,1003.4727728820361,3,999.8596924164424
1736017200000,1003.7383372905318,1003.4929084840794,3,999.8596924164424
1736020800000,1004.2108196676575,1003.6022473301407,3,999.8596924164424
1736024400000,1005.045261356,1003.9754875572734,3,999.8596924164424
1736028000000,1005.3171982317979,1004.5367354674778,3,999.8596924164424
1736031600000,1006.0619101436502,1004.7445306638582,3,999.8596924164424
1736035200000,1005.5735956888967,1005.0910232055093,3,999.8596924164424
1736038800000,1004.6977758261619,1004.5880845453099,3,999.8455045470326
1736042400000,1004.1225023896906,1003.2571313085592,3,999.8455045470326
1736046000000,1004.0718267817614,1003.6465110264777,3,999.8455045470326
1736049600000,1003.6592047941548,1003.1367012307061,3,999.8455045470326
1736053200000,1004.7389076762638,1003.5384630519903,3,999.8455045470326
1736056800000,1004.5887439139299,1004.0835208354458,3,999.8455045470326
1736060400000,1005.4318934671521,1003.9873801964619,3,999.8455045470326
1736064000000,1005.4725253653552,1005.0301039967335,3,999.8455045470326
1736067600000,1004.3169799712479,1002.9177475104653,3,999.8332960092824
1736071200000,1003.0198487490749,1002.8564096679381,3,999.8332960092824
1736074800000,1002.9034428211327,1002.09572960145,3,999.8332960092824
1736078400000,1002.7308670094594,1002.4253457626345,3,999.8332960092824
1736082000000,1002.8921275248304,1002.006742057806,3,999.8332960092824
1736085600000,1003.349202309112,1002.3796630205276,3,999.8332960092824
1736089200000,1003.963857447789,1001.5229889266818,3,999.8332960092824
1736092800000,1003.8769962259722,1002.989838130278,3,999.8332960092824
1736096400000,1003.3676910540773,1002.8598631873485,3,999.8192741447004
1736100000000,1003.6168891475627,1002.9815555821588,3,999.8192741447004
1736103600000,1004.3647818427231,1002.6514813781097,3,999.8192741447004
1736107200000,1003.9986134795889,1003.7423815328706,3,999.8192741447004
1736110800000,1003.9947139065004,1003.512188630228,3,999.8192741447004
1736114400000,1004.0213451312226,1003.706660784727,3,999.8192741447004
1736118000000,1004.7118064263663,1003.479408791275,3,999.8192741447004
1736121600000,1004.2758751709036,1004.0414081207671,3,999.8192741447004
1736125200000,1003.0120691571152,1002.8159755778845,3,999.8052108305811
1736128800000,1004.8649833224364,1002.2609145972004,3,999.8052108305811
1736132400000,1004.4593050498953,1004.0268020402325,3,999.8052108305811
1736136000000,1004.9376641470348,1004.1091323373603,3,999.8052108305811
1736139600000,1005.2607402165056,1004.7272378031836,3,999.8052108305811
1736143200000,1004.8032989390645,1004.6021147557437,3,999.8052108305811
1736146800000,1004.3452133169396,1003.7189320282288,3,999.8052108305811
1736150400000,1003.7135718685752,1003.0934571408245,3,999.8052108305811
1736154000000,1003.3485481164629,1003.0548925291796,3,999.7971994260688
1736157600000,1003.9922217351346,1003.071296502071,3,999.7971994260688
1736161200000,1003.8965424264185,1003.2090100360416,3,999.7971994260688
1736164800000,1004.5479279410755,1003.6094326983501,3,999.7971994260688
1736168400000,1003.8803161797704,1003.7445280647496,3,999.7971994260688
1736172000000,1004.164175283471,1002.6780915147154,3,999.7971994260688
1736175600000,1005.9157637797628,1002.4836226259856,3,999.7971994260688
1736179200000,1006.1035031989967,1005.1022522317922,3,999.7971994260688
1736182800000,1006.7133676101954,1005.3892709332209,3,999.782953302784
1736186400000,1005.384426922775,1004.3625291612412,3,999.782953302784
1736190000000,1006.1555136951245,1004.8010283111047,3,999.782953302784
1736193600000,1006.3010856201699,1005.8816001883647,3,999.782953302784
1736197200000,1006.0882773308523,1005.6176365663335,3,999.782953302784
1736200800000,1005.4397133634673,1005.1004726191738,3,999.782953302784
1736204400000,1005.7065265347891,1005.182470825162,3,999.782953302784
1736208000000,1005.4556379860923,1004.8049541118822,3,999.782953302784
1736211600000,1005.1355209136444,1004.7011495110879,3,999.7687680549293
1736215200000,1006.385694333202,1004.4656140210034,3,999.7687680549293
1736218800000,1004.987295959495,1004.8989081500546,3,999.7687680549293
1736222400000,1005.4943427254901,1004.7381650173487,3,999.7687680549293
1736226000000,1005.3878958903517,1005.2037618322948,3,999.7687680549293
1736229600000,1005.78709464262,1004.929038200764,3,999.7687680549293
1736233200000,1006.5328938949922,1005.413505304734,3,999.7687680549293
1736236800000,1006.5280711336796,1005.9130311755027,3,999.7687680549293
1736240400000,1008.9412106239834,1006.4953883596474,3,999.7544761980212
1736244000000,1008.6842776011415,1007.9404547682922,3,999.7544761980212
1736247600000,1008.5598246317443,1007.8214089076819,3,999.7544761980212
1736251200000,1006.8137847358646,1005.608365956535,3,999.7544761980212
1736254800000,1006.711025929691,1006.1708252780264,3,999.7544761980212
1736258400000,1006.9692049190106,1006.3572670827089,3,999.7544761980212
1736262000000,1004.7970803928843,1002.912423339423,3,999.7544761980212
1736265600000,997.5463289833044,995.9155716941032,0,997.5463289833044
1736269200000,997.5463289833044,997.5463289833044,0,997.5463289833044
1736272800000,997.5463289833044,997.5463289833044,0,997.5463289833044
1736276400000,997.5463289833044,997.5463289833044,0,997.5463289833044
1736280000000,997.5463289833044,997.5463289833044,0,997.5463289833044
1736283600000,997.5463289833044,997.5463289833044,0,997.5463289833044
1736287200000,997.5463289833044,997.5463289833044,0,997.5463289833044
1736290800000,997.5463289833044,997.5463289833044,0,997.5463289833044
1736294400000,997.5463289833044,997.5463289833044,0,997.5463289833044
1736298000000,997.5463289833044,997.5463289833044,0,997.5463289833044
1736301600000,997.5463289833044,997.5463289833044,0,997.5463289833044
1736305200000,997.5463289833044,997.5463289833044,0,997.5463289833044
1736308800000,997.5463289833044,997.5463289833044,0,997.5463289833044
1736312400000,997.5463289833044,997.5463289833044,0,997.5463289833044
1736316000000,997.5463289833044,997.5463289833044,0,997.5463289833044
1736319600000,997.5463289833044,997.5463289833044,0,997.5463289833044
1736323200000,997.5463289833044,997.5463289833044,0,997.5463289833044
1736326800000,997.5463289833044,997.5463289833044,0,997.5463289833044
1736330400000,997.5463289833044,997.5463289833044,0,997.5463289833044
1736334000000,997.5463289833044,997.5463289833044,0,997.5463289833044
1736337600000,997.5463289833044,997.5463289833044,0,997.5463289833044
1736341200000,997.5463289833044,997.5463289833044,0,997.5463289833044
1736344800000,997.5463289833044,997.5463289833044,0,997.5463289833044
1736348400000,997.5463289833044,997.5463289833044,0,997.5463289833044
1736352000000,997.5463289833044,997.5463289833044,0,997.5463289833044
1736355600000,997.5463289833044,997.5463289833044,0,997.5463289833044
1736359200000,997.5463289833044,997.5463289833044,0,997.5463289833044
1736362800000,997.5463289833044,997.5463289833044,0,997.5463289833044
1736366400000,997.5463289833044,997.5463289833044,0,997.5463289833044
1736370000000,997.4333970122085,997.3390791942235,1,997.5221712709672
1736373600000,997.2359190808023,997.1492645855286,1,997.5221712709672
1736377200000,996.7435505966023,996.7186447977906,1,997.5221712709672
1736380800000,996.830941949829,996.7090656444016,1,997.5221712709672
1736384400000,996.6085551180267,996.584386177168,1,997.5254103443759
1736388000000,996.5500485965579,996.3851397866747,1,997.5254103443759
1736391600000,996.6247659929928,996.4759206864852,1,997.5254103443759
1736395200000,996.8604131663649,996.5986812214563,1,997.5254103443759
1736398800000,996.6333135452478,996.5833545760338,1,997.5254103443759
1736402400000,996.8047067051175,996.6013339100873,1,997.5254103443759
1736406000000,996.988036963826,996.7072940837298,1,997.5254103443759
1736409600000,997.3824033402759,996.864392199311,1,997.5254103443759
1736413200000,997.0777688284431,996.8298898130512,1,997.5302561728066
1736416800000,996.9670927639013,996.8169211130783,1,997.5302561728066
1736420400000,997.0531577728127,996.9026913788084,1,997.5302561728066
1736424000000,997.2078979429443,996.8368162778095,1,997.5302561728066
1736427600000,997.2882154598223,997.0758529977653,1,997.5302561728066
1736431200000,998.3964498211466,997.2460671849102,1,997.5302561728066
1736434800000,997.9553666504759,997.9188184960066,1,997.5302561728066
1736438400000,996.936144729875,996.658349281591,1,997.5302561728066
1736442000000,997.2063045465696,996.8290332746294,1,997.5351471264183
1736445600000,997.9699841290673,997.1762407420869,1,997.5351471264183
1736449200000,997.8195177350631,997.6689039694681,1,997.5351471264183
1736452800000,998.7852437682756,997.6908623364678,1,997.5351471264183
1736456400000,998.7766962160206,998.4983112813742,1,997.5351471264183
1736460000000,998.606776772057,998.3207285146991,1,997.5351471264183
1736463600000,998.3525607782691,998.1251664139709,1,997.5351471264183
1736467200000,998.4228570269861,998.2209579478618,1,997.5351471264183
1736470800000,998.0330242559154,997.740764454509,2,997.5189779424601
1736474400000,997.588448086696,997.4216861678224,2,997.5189779424601
1736478000000,997.3674973240511,996.8432683777023,2,997.5189779424601
1736481600000,996.9943681506113,996.8888657766763,2,997.5189779424601
1736485200000,997.0109552925081,996.6358256294594,2,997.5189779424601
1736488800000,996.6950846847893,996.0915039838834,2,997.5189779424601
1736492400000,996.2331845157203,996.1638258036617,2,997.5189779424601
1736496000000,995.8231654078783,995.2813710256136,2,997.5189779424601
1736499600000,995.7613382700217,995.5769043010024,2,997.518943393608
1736503200000,995.6721094746848,995.381219919164,2,997.518943393608
1736506800000,995.304906516685,995.2463905896714,2,997.518943393608
1736510400000,995.5601164713723,995.2230024083359,2,997.518943393608
1736514000000,995.574417786024,995.4880862595935,2,997.518943393608
1736517600000,997.6940914909761,995.4363745072004,2,997.518943393608
1736521200000,997.2814291090759,996.5532755215692,2,997.518943393608
1736524800000,997.5213249680947,996.7193727006941,2,997.518943393608
1736528400000,998.0362948742996,997.2020933370934,2,997.5250800089929
1736532000000,995.5834736075587,995.3323461558381,2,997.5250800089929
1736535600000,996.3381917125807,995.4977880097872,2,997.5250800089929
1736539200000,996.1647008634451,995.936519487316,2,997.5250800089929
1736542800000,997.2757258252793,996.0898549155369,2,997.5250800089929
1736546400000,997.1319946319003,996.7550620227671,2,997.5250800089929
1736550000000,996.9317323252085,996.6833955281645,2,997.5250800089929
1736553600000,997.1224970022606,996.8122233798031,2,997.5250800089929
1736557200000,997.0228096690514,996.951036569247,2,997.5286405742896
1736560800000,997.7092602315996,996.8710765172377,2,997.5286405742896
1736564400000,997.6165917267733,997.4516829259179,2,997.5286405742896
1736568000000,997.8415309369369,997.6013340643736,2,997.5286405742896
1736571600000,997.9447098524199,997.680105747141,2,997.5286405742896
1736575200000,997.7525435776663,997.7343384834547,2,997.5286405742896
1736578800000,997.8962496895924,997.4712080940818,2,997.5286405742896
1736582400000,997.8930608217142,997.6377912895488,2,997.5286405742896
1736586000000,998.2021453795759,997.6829678336961,2,997.5299097899824
1736589600000,998.0129202482157,997.7111816463146,2,997.5299097899824
1736593200000,997.8195593158014,997.6847644913621,2,997.5299097899824
1736596800000,997.2374980023048,997.1089711642106,2,997.5299097899824
1736600400000,997.2026838199254,996.9438710992222,2,997.5299097899824
1736604000000,997.3624189392018,997.0271423182754,2,997.5299097899824
1736607600000,996.9153782193306,996.8753558593468,2,997.5299097899824
1736611200000,997.2206568836156,996.7616132170645,2,997.5299097899824
1736614800000,997.1064643709695,997.0060635604091,2,997.5329937026115
1736618400000,997.2778010795149,997.0777143700759,2,997.5329937026115
1736622000000,996.9734693574333,996.8773391878187,2,997.5329937026115
1736625600000,996.9414709111832,996.7975923462135,2,997.5329937026115
1736629200000,996.0616845157292,995.9631838599386,2,997.5329937026115
1736632800000,995.8283043675405,995.433279539761,2,997.5329937026115
1736636400000,996.6681530619414,995.7910099495734,2,997.5329937026115
1736640000000,996.8043620338365,996.4896170917277,2,997.5329937026115
1736643600000,996.9612876150246,996.7002172927386,2,997.5386752835094
1736647200000,996.8238244170186,996.8104104670923,2,997.5386752835094
1736650800000,996.6373460658482,996.625700575009,2,997.5386752835094
1736654400000,996.9284331558653,996.5755691527518,2,997.5386752835094
1736658000000,997.0778742100707,996.8492726654409,2,997.5386752835094
1736661600000,997.1649175130013,996.9499556784563,2,997.5386752835094
1736665200000,997.4617677799876,997.1122117906808,2,997.5386752835094
1736668800000,997.3723571350903,997.2377849265998,2,997.5386752835094
1736672400000,997.9051764834755,997.2246834791556,2,997.5417470798244
1736676000000,997.9596538000649,997.7315006405701,2,997.5417470798244
1736679600000,997.8089961419275,997.7155123905806,2,997.5417470798244
1736683200000,997.5619135709945,997.4001183846312,2,997.5417470798244
1736686800000,997.5223615514445,997.1812559057076,2,997.5417470798244
1736690400000,997.0549584615899,996.8548811576954,2,997.5417470798244
1736694000000,996.9406075218554,996.6535214020281,2,997.5417470798244
1736697600000,996.2644447540152,995.981102501431,2,997.5417470798244
1736701200000,996.4210985441792,996.1635212384977,2,997.5471286440361
1736704800000,996.3413140713673,996.1425392826027,2,997.5471286440361
1736708400000,996.469875396459,996.0502395130488,2,997.5471286440361
1736712000000,996.6789517729248,996.3188320658464,2,997.5471286440361
1736715600000,996.565409809348,996.3044554978087,2,997.5471286440361
1736719200000,996.9854094189624,996.5028176497308,2,997.5471286440361
1736722800000,997.6749673346673,996.9044679287244,2,997.5471286440361
1736726400000,996.9622626736931,996.8854444528105,2,997.5471286440361
1736730000000,995.8980516072971,995.1502944540309,2,997.5559708500602
1736733600000,997.2945416014621,995.802169144112,2,997.5559708500602
1736737200000,997.7203325866245,997.093780737702,2,997.5559708500602
1736740800000,998.0772320740085,997.3879594959401,2,997.5559708500602
1736744400000,998.0689322372109,997.3749876698132,2,997.5559708500602
1736748000000,998.5735388067108,998.0238083138524,2,997.5559708500602
1736751600000,999.4574578951202,998.3111201848104,2,997.5559708500602
1736755200000,999.2231527509995,998.8696616303166,2,997.5559708500602
1736758800000,1000.1034026165424,999.1456190094257,2,997.5614198547215
1736762400000,1000.4256446986823,999.925108082395,2,997.5614198547215
1736766000000,1001.3134393500176,1000.3442485529463,2,997.5614198547215
1736769600000,1002.8562285762894,1001.2214700719375,2,997.5614198547215
1736773200000,1002.5257004267954,1001.0413204572371,3,997.5366843983765
1736776800000,1002.0697466476637,1000.4084573215945,3,997.5366843983765
1736780400000,1002.221383526509,1001.1658857661388,3,997.5366843983765
1736784000000,1001.1568246474825,999.8748812906758,3,997.5366843983765
1736787600000,1003.1971442706277,1000.6744989807913,3,997.5340100911017
1736791200000,1002.8149479464887,1001.6432926446093,3,997.5340100911017
1736794800000,1003.0053629952155,1001.9909479474234,3,997.5340100911017
1736798400000,1002.1275381006808,1001.4675945916601,3,997.5340100911017
1736802000000,999.1497815884212,998.5734234906647,3,997.5340100911017
1736805600000,998.3600356252621,998.1944102882871,3,997.5340100911017
1736809200000,997.6247361272686,997.103493673871,2,995.051604607577
1736812800000,997.5843124098737,997.3370981522858,2,995.051604607577
1736816400000,997.7404254133742,997.3852348075992,2,995.052312710225
1736820000000,997.6109234164422,996.9827285247242,2,995.052312710225
1736823600000,997.1877035781059,996.8629938101327,2,995.052312710225
1736827200000,996.9846412202204,996.6451754730698,2,995.052312710225
1736830800000,996.4276111308549,996.3625293301054,2,995.052312710225
1736834400000,996.7211282935539,996.0978813232565,2,995.052312710225
1736838000000,996.163822263069,995.9547427514215,2,995.052312710225
1736841600000,996.4943359653721,996.0596932611735,2,995.052312710225
1736845200000,996.0614725442592,995.7634558452745,2,995.0548288422361
1736848800000,994.7727257211228,994.2838106337755,1,995.7361985762907
1736852400000,995.129847815428,994.7663103541593,1,995.7361985762907
1736856000000,995.2752627999355,995.0378942222835,1,995.7361985762907
1736859600000,995.4826929984241,995.232493686845,1,995.7361985762907
1736863200000,995.0635556901378,994.8817869595034,1,995.7361985762907
1736866800000,995.2453244207722,994.6102030913792,1,995.7361985762907
1736870400000,995.3244472799895,994.9352483508666,1,995.7361985762907
1736874000000,995.4002413004507,995.2184725698163,1,995.7371466488436
1736877600000,995.3617490986693,995.090165230545,1,995.7371466488436
1736881200000,995.3660260099783,995.2355802150524,1,995.7371466488436
1736884800000,995.2719339611793,995.1628727227987,1,995.7371466488436
1736888400000,995.2548263159432,995.2270263924344,1,995.7371466488436
1736892000000,995.2291648480889,995.0923036861996,1,995.7371466488436
1736895600000,994.9255041451468,994.8977042216379,1,995.7371466488436
1736899200000,995.1714265454168,994.8977042216379,1,995.7371466488436
1736902800000,995.2027106616093,995.0230803866294,1,995.7384923858727
1736906400000,995.0508803101383,994.8798038577764,1,995.7384923858727
1736910000000,995.226233673809,994.9546498056848,1,995.7384923858727
1736913600000,994.7065889497602,994.702312038451,1,995.7384923858727
1736917200000,994.3320069716282,993.9846241111308,2,995.7206690166478
1736920800000,994.8862721570598,994.2376080458986,2,995.7206690166478
1736924400000,994.9335602310442,994.6048021406388,2,995.7206690166478
1736928000000,994.7958364384307,994.5013739230197,1,994.4603384333126
1736931600000,994.6311030552058,994.391918052705,1,994.456740209667
1736935200000,994.1086726550069,993.9487963638618,1,994.456740209667
1736938800000,994.2723255514547,994.1086726550069,1,994.456740209667
1736942400000,993.5547705439527,992.9542903008327,1,994.456740209667
1736946000000,993.6126784919267,993.12675527632,1,994.456740209667
1736949600000,994.7997914253905,993.6013486760187,1,994.456740209667
1736953200000,994.8627348471011,994.3768116314945,1,994.456740209667
1736956800000,996.2046885979734,994.6260675814689,1,994.456740209667
1736960400000,995.3021179484685,995.0906280515206,1,994.4530016221911
1736964000000,995.2605752901395,994.9357872341122,1,994.4530016221911
1736967600000,995.9025981915887,995.2353979214553,1,994.4530016221911
1736971200000,995.8711264807333,995.6722252681276,1,994.4530016221911
1736974800000,996.1732549049448,995.7301332161013,1,994.4530016221911
1736978400000,997.1488779414606,996.1291945097473,1,994.4530016221911
1736982000000,997.5919996303039,996.8064657273544,1,994.4530016221911
1736985600000,998.3485795592666,997.5139497873827,1,994.4530016221911
1736989200000,996.5643514077109,995.5761396868528,1,994.4500723050483
1736992800000,997.4745132856476,996.5517627233687,1,994.4500723050483
1736996400000,997.0616044392254,996.882845121567,1,994.4500723050483
1737000000000,997.0616044392254,996.3629324582366,1,994.4500723050483
1737003600000,997.3455757990758,996.7822040308529,2,994.4300158921404
1737007200000,997.4590275510257,996.8177735007741,2,994.4300158921404
1737010800000,998.4341688568966,997.2063571667338,2,994.4300158921404
1737014400000,997.7644355792921,997.5290306740995,2,994.4300158921404
1737018000000,997.4062829962996,996.5865462729256,2,994.4221053783954
1737021600000,997.1402057726546,996.0614035257661,2,994.4221053783954
1737025200000,997.835217215995,996.5437107129517,2,994.4221053783954
1737028800000,998.9980307156155,996.8906766701497,2,994.4221053783954
1737032400000,1001.6728918135867,998.1923806643376,2,994.4221053783954
1737036000000,1000.6418070075384,999.736426213416,2,994.4221053783954
1737039600000,998.5307431206109,997.8403076749759,2,994.4221053783954
1737043200000,1003.0141975755015,998.3322638588203,2,994.4221053783954
1737046800000,1003.5048009571068,1002.1951440561119,2,994.4136706201795
1737050400000,1004.4064099405124,1002.3112998684311,2,994.4136706201795
1737054000000,1003.8277593956001,1003.1949517613973,2,994.4136706201795
1737057600000,1003.8907813597489,1003.3145032454257,2,994.4136706201795
1737061200000,1003.1332226988935,1002.0949656158333,2,994.4136706201795
1737064800000,1002.5633244531907,1001.7642453886201,2,994.4136706201795
1737068400000,1000.8929993485007,1000.44348601244,2,994.4136706201795
1737072000000,1001.4782278641311,999.8298603039002,2,994.4136706201795
1737075600000,1002.5517852739194,1001.4594788826315,2,994.405392282355
1737079200000,1002.4946989729622,1001.8161348537101,2,994.405392282355
1737082800000,1003.8406802270537,1002.3407993622302,2,994.405392282355
1737086400000,1005.4356128505394,1002.9237492603119,2,994.405392282355
1737090000000,1006.4364368129336,1004.6983226283024,2,994.405392282355
1737093600000,1007.278149843375,1006.2169377213546,2,994.405392282355
1737097200000,1008.0025302275063,1006.900791704266,2,994.405392282355
1737100800000,1006.7834180407344,1006.6089956014616,2,994.405392282355
1737104400000,1007.6652269804612,1004.8560232116804,3,994.379385033884
1737108000000,1007.7792530367981,1006.3501532443742,3,994.379385033884
1737111600000,1008.4024031870157,1007.4132178693056,3,994.379385033884
1737115200000,1007.8993621100379,1007.6238754236667,3,994.379385033884
1737118800000,1006.5345688956797,1006.2274645614107,3,994.379385033884
1737122400000,1005.540014461268,1004.7668117764821,3,994.379385033884
1737126000000,1006.4507991855321,1005.1061733634784,3,994.379385033884
1737129600000,1006.063057527769,1004.6346265822024,3,994.379385033884
1737133200000,1007.4179724180439,1005.6712376927486,3,994.371751335192
1737136800000,1006.3056628732286,1005.5625384954562,3,994.371751335192
1737140400000,1005.5850403141029,1005.1517167561112,3,994.371751335192
1737144000000,1007.2209251882999,1005.5812637088003,3,994.371751335192
1737147600000,1008.0102319273803,1006.8570617253057,3,994.371751335192
1737151200000,1008.1712639054305,1007.429396878491,3,994.371751335192
1737154800000,1006.8040561602344,1006.5597102855045,3,994.371751335192
1737158400000,1008.1668230528043,1006.342337402563,3,994.371751335192
1737162000000,1009.0330209246208,1007.3982062952599,3,994.360983752395
1737165600000,1007.7480165205799,1007.1996860482219,3,994.360983752395
1737169200000,1008.1653673591312,1007.2381404766576,3,994.360983752395
1737172800000,1004.667613671975,1003.2845776723725,3,994.360983752395
1737176400000,1002.90923739109,1001.9648857784525,3,994.360983752395
1737180000000,999.5795233633943,998.0131598295072,2,997.027814070176
1737183600000,1001.4455994878851,999.5367661884499,2,997.027814070176
1737187200000,1000.5660606103016,1000.1002681052947,2,997.027814070176
1737190800000,1002.0588930809253,998.8754555007578,3,997.0015299081747
1737194400000,1001.7575983873711,1000.8161783945924,3,997.0015299081747
1737198000000,1002.1276759650639,1000.1117922734016,3,997.0015299081747
1737201600000,1002.6332488994493,1001.0167572851698,3,997.0015299081747
1737205200000,1003.1153684225344,1001.9973238102549,3,997.0015299081747
1737208800000,1004.1286236502185,1002.0044705685912,3,997.0015299081747
1737212400000,1003.353253303052,1002.768829976232,3,997.0015299081747
1737216000000,1005.4926235457818,1002.362146575549,3,997.0015299081747
1737219600000,1001.7934133038817,1001.5585867382638,3,996.9926632987924
1737223200000,1003.4755048102867,1001.7555572938206,3,996.9926632987924
1737226800000,1004.3144007026725,1003.1715769911701,3,996.9926632987924
1737230400000,1005.4442946934582,1004.0572484069725,3,996.9926632987924
1737234000000,1003.8222368562517,1003.0373621049956,3,996.9926632987924
1737237600000,1004.2788501226751,1003.4304907037026,3,996.9926632987924
1737241200000,1004.9774461236456,1004.0842888092286,3,996.9926632987924
1737244800000,1007.2251724773515,1004.7749647039539,3,996.9926632987924
1737248400000,1006.6677964512471,1005.7161838293678,3,996.9806183819735
1737252000000,1006.8030225497766,1005.7598558604429,3,996.9806183819735
1737255600000,1006.7425746473277,1006.0814690913476,3,996.9806183819735
1737259200000,1006.2778966390828,1005.4808645829714,3,996.9806183819735
1737262800000,1007.6542960005821,1004.2920245671819,3,996.9806183819735
1737266400000,1007.2176498350489,1005.6855884452262,3,996.9806183819735
1737270000000,1008.3243695804491,1006.8239416320713,3,996.9806183819735
1737273600000,1007.2432323634893,1006.824115101782,3,996.9806183819735
1737277200000,1006.0092782820154,1004.2980837072807,2,995.6327702942193
1737280800000,1005.9893291214871,1003.6061557041138,2,995.6327702942193
1737284400000,1007.7502648515037,1005.3742512079803,1,1004.188287049495
1737288000000,1006.9748018960279,1006.7469467094352,1,1004.188287049495
1737291600000,1006.884637907693,1006.0049567650993,2,1004.1760728722979
1737295200000,1007.6732571318524,1006.6776835643518,2,1004.1760728722979
1737298800000,1006.7075532050565,1006.1123420897678,2,1004.1760728722979
1737302400000,1006.8048913294439,1005.7403821298109,2,1004.1760728722979
1737306000000,1006.6446761800984,1005.8663260985151,2,1004.1752248224977
1737309600000,1007.0195337577976,1005.9879275517557,2,1004.1752248224977
1737313200000,1007.2032334772941,1006.7326241494702,2,1004.1752248224977
1737316800000,1007.6626608428757,1006.7254854652875,2,1004.1752248224977
1737320400000,1007.8210079679134,1006.4144794356243,3,1004.1357031124244
1737324000000,1002.618632878916,1002.1709371844574,2,1001.6304802848814
1737327600000,1001.4446279290094,998.620850724948,0,1001.4446279290094
1737331200000,1001.4446279290094,1001.4446279290094,0,1001.4446279290094
1737334800000,1001.4446279290094,1001.4446279290094,0,1001.4446279290094
1737338400000,1001.4446279290094,1001.4446279290094,0,1001.4446279290094
1737342000000,1001.4446279290094,1001.4446279290094,0,1001.4446279290094
1737345600000,1001.4446279290094,1001.4446279290094,0,1001.4446279290094
1737349200000,1001.4446279290094,1001.4446279290094,0,1001.4446279290094
1737352800000,1001.4446279290094,1001.4446279290094,0,1001.4446279290094
1737356400000,1001.4446279290094,1001.4446279290094,0,1001.4446279290094
1737360000000,1001.4446279290094,1001.4446279290094,0,1001.4446279290094
1737363600000,1001.9589691483138,1001.378786984971,1,1001.4133222503672
1737367200000,1001.8748622038291,1001.5929481862048,1,1001.4133222503672
1737370800000,1001.7938216583623,1001.7001748058227,1,1001.4133222503672
1737374400000,1001.9275750631328,1001.7000774598222,1,1001.4133222503672
1737378000000,1001.2895207024567,1000.5805497803719,1,1001.4133222503672
1737381600000,1001.797082749381,1001.1618027497209,1,1001.4133222503672
1737385200000,1001.7577062921542,1001.467663883483,1,1001.4133222503672
1737388800000,1000.3414193299941,1000.0938197775674,1,1001.4133222503672
1737392400000,1001.1523120208653,999.7002990764994,1,1001.4082120915369
1737396000000,998.9306919155973,997.9656906925053,0,998.9306919155973
1737399600000,998.9306919155973,998.9306919155973,0,998.9306919155973
1737403200000,998.9306919155973,998.9306919155973,0,998.9306919155973
1737406800000,998.9306919155973,998.9306919155973,0,998.9306919155973
1737410400000,998.9306919155973,998.9306919155973,0,998.9306919155973
1737414000000,998.9306919155973,998.9306919155973,0,998.9306919155973
1737417600000,998.9306919155973,998.9306919155973,0,998.9306919155973
1737421200000,998.9306919155973,998.9306919155973,0,998.9306919155973
1737424800000,998.9306919155973,998.9306919155973,0,998.9306919155973
1737428400000,998.9306919155973,998.9306919155973,0,998.9306919155973
1737432000000,998.9306919155973,998.9306919155973,0,998.9306919155973
1737435600000,998.9306919155973,998.9306919155973,0,998.9306919155973
1737439200000,998.9306919155973,998.9306919155973,0,998.9306919155973
1737442800000,998.9306919155973,998.9306919155973,0,998.9306919155973
1737446400000,998.9306919155973,998.9306919155973,0,998.9306919155973
1737450000000,998.9306919155973,998.9306919155973,0,998.9306919155973
1737453600000,998.9306919155973,998.9306919155973,0,998.9306919155973
1737457200000,998.9306919155973,998.9306919155973,0,998.9306919155973
1737460800000,998.9306919155973,998.9306919155973,0,998.9306919155973
1737464400000,998.9306919155973,998.9306919155973,0,998.9306919155973
1737468000000,998.9306919155973,998.9306919155973,0,998.9306919155973
1737471600000,998.9306919155973,998.9306919155973,0,998.9306919155973
1737475200000,998.9306919155973,998.9306919155973,0,998.9306919155973
1737478800000,998.9306919155973,998.9306919155973,0,998.9306919155973
1737482400000,998.9306919155973,998.9306919155973,0,998.9306919155973
1737486000000,998.9306919155973,998.9306919155973,0,998.9306919155973
1737489600000,998.9306919155973,998.9306919155973,0,998.9306919155973
1737493200000,998.9306919155973,998.9306919155973,0,998.9306919155973
1737496800000,998.9306919155973,998.9306919155973,0,998.9306919155973
1737500400000,998.9306919155973,998.9306919155973,0,998.9306919155973
1737504000000,998.9306919155973,998.9306919155973,0,998.9306919155973
1737507600000,998.9306919155973,998.9306919155973,0,998.9306919155973
1737511200000,998.9306919155973,998.9306919155973,0,998.9306919155973
1737514800000,998.9306919155973,998.9306919155973,0,998.9306919155973
1737518400000,998.9306919155973,998.9306919155973,0,998.9306919155973
1737522000000,998.9306919155973,998.9306919155973,0,998.9306919155973
1737525600000,998.9306919155973,998.9306919155973,0,998.9306919155973
1737529200000,998.9306919155973,998.9306919155973,0,998.9306919155973
1737532800000,998.9306919155973,998.9306919155973,0,998.9306919155973
1737536400000,998.9306919155973,998.9306919155973,0,998.9306919155973
1737540000000,998.9306919155973,998.9306919155973,0,998.9306919155973
1737543600000,998.9306919155973,998.9306919155973,0,998.9306919155973
1737547200000,998.9306919155973,998.9306919155973,0,998.9306919155973
1737550800000,998.9306919155973,998.9306919155973,0,998.9306919155973
1737554400000,998.9306919155973,998.9306919155973,0,998.9306919155973
1737558000000,998.9306919155973,998.9306919155973,0,998.9306919155973
1737561600000,998.9306919155973,998.9306919155973,0,998.9306919155973
1737565200000,998.9306919155973,998.9306919155973,0,998.9306919155973
1737568800000,998.9306919155973,998.9306919155973,0,998.9306919155973
1737572400000,998.9306919155973,998.9306919155973,0,998.9306919155973
1737576000000,998.9306919155973,998.9306919155973,0,998.9306919155973
1737579600000,998.9306919155973,998.9306919155973,0,998.9306919155973
1737583200000,998.9306919155973,998.9306919155973,0,998.9306919155973
1737586800000,998.9306919155973,998.9306919155973,0,998.9306919155973
1737590400000,998.9306919155973,998.9306919155973,0,998.9306919155973
1737594000000,998.9306919155973,998.9306919155973,0,998.9306919155973
1737597600000,998.9306919155973,998.9306919155973,0,998.9306919155973
1737601200000,998.9306919155973,998.9306919155973,0,998.9306919155973
1737604800000,998.9306919155973,998.9306919155973,0,998.9306919155973
1737608400000,998.9306919155973,998.9306919155973,0,998.9306919155973
1737612000000,998.9306919155973,998.9306919155973,0,998.9306919155973
1737615600000,998.9306919155973,998.9306919155973,0,998.9306919155973
1737619200000,998.9306919155973,998.9306919155973,0,998.9306919155973
1737622800000,998.9306919155973,998.9306919155973,0,998.9306919155973
1737626400000,998.9306919155973,998.9306919155973,0,998.9306919155973
1737630000000,998.9306919155973,998.9306919155973,0,998.9306919155973
1737633600000,998.9306919155973,998.9306919155973,0,998.9306919155973
1737637200000,998.9306919155973,998.9306919155973,0,998.9306919155973
1737640800000,998.9306919155973,998.9306919155973,0,998.9306919155973
1737644400000,998.9306919155973,998.9306919155973,0,998.9306919155973
1737648000000,998.9306919155973,998.9306919155973,0,998.9306919155973
1737651600000,998.9306919155973,998.9306919155973,0,998.9306919155973
1737655200000,998.9306919155973,998.9306919155973,0,998.9306919155973
1737658800000,998.9306919155973,998.9306919155973,0,998.9306919155973
1737662400000,998.9306919155973,998.9306919155973,0,998.9306919155973
1737666000000,998.9306919155973,998.9306919155973,0,998.9306919155973
1737669600000,998.9306919155973,998.9306919155973,0,998.9306919155973
1737673200000,998.9306919155973,998.9306919155973,0,998.9306919155973
1737676800000,998.9306919155973,998.9306919155973,0,998.9306919155973
1737680400000,998.9306919155973,998.9306919155973,0,998.9306919155973
1737684000000,998.9306919155973,998.9306919155973,0,998.9306919155973
1737687600000,998.9306919155973,998.9306919155973,0,998.9306919155973
1737691200000,998.9306919155973,998.9306919155973,0,998.9306919155973
1737694800000,998.9306919155973,998.9306919155973,0,998.9306919155973
1737698400000,998.9306919155973,998.9306919155973,0,998.9306919155973
1737702000000,998.9306919155973,998.9306919155973,0,998.9306919155973
1737705600000,998.9306919155973,998.9306919155973,0,998.9306919155973
1737709200000,998.9306919155973,998.9306919155973,0,998.9306919155973
1737712800000,998.9306919155973,998.9306919155973,0,998.9306919155973
1737716400000,998.9306919155973,998.9306919155973,0,998.9306919155973
1737720000000,998.9306919155973,998.9306919155973,0,998.9306919155973
1737723600000,998.9306919155973,998.9306919155973,0,998.9306919155973
1737727200000,998.9306919155973,998.9306919155973,0,998.9306919155973
1737730800000,998.9306919155973,998.9306919155973,0,998.9306919155973
1737734400000,998.9306919155973,998.9306919155973,0,998.9306919155973
1737738000000,998.9306919155973,998.9306919155973,0,998.9306919155973
1737741600000,998.9306919155973,998.9306919155973,0,998.9306919155973
1737745200000,998.9306919155973,998.9306919155973,0,998.9306919155973
1737748800000,998.9306919155973,998.9306919155973,0,998.9306919155973
1737752400000,998.9306919155973,998.9306919155973,0,998.9306919155973
1737756000000,998.9306919155973,998.9306919155973,0,998.9306919155973
1737759600000,998.9306919155973,998.9306919155973,0,998.9306919155973
1737763200000,998.9306919155973,998.9306919155973,0,998.9306919155973
1737766800000,998.9306919155973,998.9306919155973,0,998.9306919155973
1737770400000,998.9306919155973,998.9306919155973,0,998.9306919155973
1737774000000,998.9306919155973,998.9306919155973,0,998.9306919155973
1737777600000,998.9306919155973,998.9306919155973,0,998.9306919155973
1737781200000,998.9306919155973,998.9306919155973,0,998.9306919155973
1737784800000,998.9306919155973,998.9306919155973,0,998.9306919155973
1737788400000,998.9306919155973,998.9306919155973,0,998.9306919155973
1737792000000,998.9306919155973,998.9306919155973,0,998.9306919155973
1737795600000,998.9306919155973,998.9306919155973,0,998.9306919155973
1737799200000,998.9306919155973,998.9306919155973,0,998.9306919155973
1737802800000,998.9306919155973,998.9306919155973,0,998.9306919155973
1737806400000,998.9306919155973,998.9306919155973,0,998.9306919155973
1737810000000,998.9306919155973,998.9306919155973,0,998.9306919155973
1737813600000,998.9306919155973,998.9306919155973,0,998.9306919155973
1737817200000,998.9306919155973,998.9306919155973,0,998.9306919155973
1737820800000,998.9306919155973,998.9306919155973,0,998.9306919155973
1737824400000,998.9306919155973,998.9306919155973,0,998.9306919155973
1737828000000,998.9306919155973,998.9306919155973,0,998.9306919155973
1737831600000,998.9306919155973,998.9306919155973,0,998.9306919155973
1737835200000,998.9306919155973,998.9306919155973,0,998.9306919155973
1737838800000,998.9306919155973,998.9306919155973,0,998.9306919155973
1737842400000,998.9306919155973,998.9306919155973,0,998.9306919155973
1737846000000,998.9306919155973,998.9306919155973,0,998.9306919155973
1737849600000,998.9306919155973,998.9306919155973,0,998.9306919155973
1737853200000,998.9306919155973,998.9306919155973,0,998.9306919155973
1737856800000,998.9306919155973,998.9306919155973,0,998.9306919155973
1737860400000,998.9306919155973,998.9306919155973,0,998.9306919155973
1737864000000,998.9306919155973,998.9306919155973,0,998.9306919155973
1737867600000,998.9306919155973,998.9306919155973,0,998.9306919155973
1737871200000,998.9306919155973,998.9306919155973,0,998.9306919155973
1737874800000,998.9306919155973,998.9306919155973,0,998.9306919155973
1737878400000,998.9306919155973,998.9306919155973,0,998.9306919155973
1737882000000,998.9306919155973,998.9306919155973,0,998.9306919155973
1737885600000,998.9306919155973,998.9306919155973,0,998.9306919155973
1737889200000,998.9306919155973,998.9306919155973,0,998.9306919155973
1737892800000,998.9306919155973,998.9306919155973,0,998.9306919155973
1737896400000,998.9306919155973,998.9306919155973,0,998.9306919155973
1737900000000,998.9306919155973,998.9306919155973,0,998.9306919155973
1737903600000,998.9306919155973,998.9306919155973,0,998.9306919155973
1737907200000,998.9306919155973,998.9306919155973,0,998.9306919155973
1737910800000,998.9306919155973,998.9306919155973,0,998.9306919155973
1737914400000,998.9306919155973,998.9306919155973,0,998.9306919155973
1737918000000,998.9306919155973,998.9306919155973,0,998.9306919155973
1737921600000,998.9306919155973,998.9306919155973,0,998.9306919155973
1737925200000,998.9306919155973,998.9306919155973,0,998.9306919155973
1737928800000,998.9306919155973,998.9306919155973,0,998.9306919155973
1737932400000,998.9306919155973,998.9306919155973,0,998.9306919155973
1737936000000,998.9306919155973,998.9306919155973,0,998.9306919155973
1737939600000,998.9306919155973,998.9306919155973,0,998.9306919155973
1737943200000,998.9306919155973,998.9306919155973,0,998.9306919155973
1737946800000,998.9306919155973,998.9306919155973,0,998.9306919155973
1737950400000,998.9306919155973,998.9306919155973,0,998.9306919155973
1737954000000,998.9306919155973,998.9306919155973,0,998.9306919155973
1737957600000,998.9306919155973,998.9306919155973,0,998.9306919155973
1737961200000,998.9306919155973,998.9306919155973,0,998.9306919155973
1737964800000,998.9306919155973,998.9306919155973,0,998.9306919155973
1737968400000,998.9306919155973,998.9306919155973,0,998.9306919155973
1737972000000,998.9306919155973,998.9306919155973,0,998.9306919155973
1737975600000,998.9306919155973,998.9306919155973,0,998.9306919155973
1737979200000,998.9306919155973,998.9306919155973,0,998.9306919155973
1737982800000,998.9306919155973,998.9306919155973,0,998.9306919155973
1737986400000,998.9306919155973,998.9306919155973,0,998.9306919155973
1737990000000,998.9306919155973,998.9306919155973,0,998.9306919155973
1737993600000,998.9306919155973,998.9306919155973,0,998.9306919155973
1737997200000,998.9306919155973,998.9306919155973,0,998.9306919155973
1738000800000,998.9306919155973,998.9306919155973,0,998.9306919155973
1738004400000,998.9306919155973,998.9306919155973,0,998.9306919155973
1738008000000,998.9306919155973,998.9306919155973,0,998.9306919155973
1738011600000,998.9306919155973,998.9306919155973,0,998.9306919155973
1738015200000,998.9306919155973,998.9306919155973,0,998.9306919155973
1738018800000,998.9306919155973,998.9306919155973,0,998.9306919155973
1738022400000,998.9306919155973,998.9306919155973,0,998.9306919155973
1738026000000,998.9306919155973,998.9306919155973,0,998.9306919155973
1738029600000,998.9306919155973,998.9306919155973,0,998.9306919155973
1738033200000,998.9306919155973,998.9306919155973,0,998.9306919155973
1738036800000,998.9306919155973,998.9306919155973,0,998.9306919155973
1738040400000,998.9306919155973,998.9306919155973,0,998.9306919155973
1738044000000,998.9306919155973,998.9306919155973,0,998.9306919155973
1738047600000,998.9306919155973,998.9306919155973,0,998.9306919155973
1738051200000,998.9306919155973,998.9306919155973,0,998.9306919155973
1738054800000,998.9306919155973,998.9306919155973,0,998.9306919155973
1738058400000,998.9306919155973,998.9306919155973,0,998.9306919155973
1738062000000,998.9306919155973,998.9306919155973,0,998.9306919155973
1738065600000,998.9306919155973,998.9306919155973,0,998.9306919155973
1738069200000,998.9306919155973,998.9306919155973,0,998.9306919155973
1738072800000,998.9306919155973,998.9306919155973,0,998.9306919155973
1738076400000,998.9306919155973,998.9306919155973,0,998.9306919155973
1738080000000,998.9306919155973,998.9306919155973,0,998.9306919155973
1738083600000,998.9306919155973,998.9306919155973,0,998.9306919155973
1738087200000,998.9306919155973,998.9306919155973,0,998.9306919155973
1738090800000,998.9306919155973,998.9306919155973,0,998.9306919155973
1738094400000,998.9306919155973,998.9306919155973,0,998.9306919155973
1738098000000,998.9306919155973,998.9306919155973,0,998.9306919155973
1738101600000,998.9306919155973,998.9306919155973,0,998.9306919155973
1738105200000,998.9306919155973,998.9306919155973,0,998.9306919155973
1738108800000,998.9306919155973,998.9306919155973,0,998.9306919155973
1738112400000,998.9306919155973,998.9306919155973,0,998.9306919155973
1738116000000,998.9306919155973,998.9306919155973,0,998.9306919155973
1738119600000,998.9306919155973,998.9306919155973,0,998.9306919155973
1738123200000,998.9306919155973,998.9306919155973,0,998.9306919155973
1738126800000,998.9306919155973,998.9306919155973,0,998.9306919155973
1738130400000,998.9306919155973,998.9306919155973,0,998.9306919155973
1738134000000,998.9306919155973,998.9306919155973,0,998.9306919155973
1738137600000,998.9306919155973,998.9306919155973,0,998.9306919155973
1738141200000,998.9306919155973,998.9306919155973,0,998.9306919155973
1738144800000,998.9306919155973,998.9306919155973,0,998.9306919155973
1738148400000,998.9306919155973,998.9306919155973,0,998.9306919155973
1738152000000,998.9306919155973,998.9306919155973,0,998.9306919155973
1738155600000,998.9306919155973,998.9306919155973,0,998.9306919155973
1738159200000,998.9306919155973,998.9306919155973,0,998.9306919155973
1738162800000,998.9306919155973,998.9306919155973,0,998.9306919155973
1738166400000,998.9306919155973,998.9306919155973,0,998.9306919155973
1738170000000,998.9306919155973,998.9306919155973,0,998.9306919155973
1738173600000,998.9306919155973,998.9306919155973,0,998.9306919155973
1738177200000,998.9306919155973,998.9306919155973,0,998.9306919155973
1738180800000,998.9306919155973,998.9306919155973,0,998.9306919155973
1738184400000,998.9306919155973,998.9306919155973,0,998.9306919155973
1738188000000,998.9306919155973,998.9306919155973,0,998.9306919155973
1738191600000,998.9306919155973,998.9306919155973,0,998.9306919155973
1738195200000,998.9306919155973,998.9306919155973,0,998.9306919155973
1738198800000,998.9306919155973,998.9306919155973,0,998.9306919155973
1738202400000,998.9306919155973,998.9306919155973,0,998.9306919155973
1738206000000,998.9306919155973,998.9306919155973,0,998.9306919155973
1738209600000,998.9306919155973,998.9306919155973,0,998.9306919155973
1738213200000,998.9306919155973,998.9306919155973,0,998.9306919155973
1738216800000,998.9306919155973,998.9306919155973,0,998.9306919155973
1738220400000,998.9306919155973,998.9306919155973,0,998.9306919155973
1738224000000,998.9306919155973,998.9306919155973,0,998.9306919155973
1738227600000,998.9306919155973,998.9306919155973,0,998.9306919155973
1738231200000,998.9306919155973,998.9306919155973,0,998.9306919155973
1738234800000,998.9306919155973,998.9306919155973,0,998.9306919155973
1738238400000,998.9306919155973,998.9306919155973,0,998.9306919155973
1738242000000,998.9306919155973,998.9306919155973,0,998.9306919155973
1738245600000,998.9306919155973,998.9306919155973,0,998.9306919155973
1738249200000,998.9306919155973,998.9306919155973,0,998.9306919155973
1738252800000,998.9306919155973,998.9306919155973,0,998.9306919155973
1738256400000,998.7049230621114,998.4367096131505,1,998.9127436003565
1738260000000,998.3792353026589,998.3217609921672,1,998.9127436003565
1738263600000,998.4750258201449,998.2013386273277,1,998.9127436003565
1738267200000,998.2314442185376,998.0754425186317,1,998.9127436003565
1738270800000,997.747017887251,997.6731223451904,1,998.9127436003565
1738274400000,998.4202883815815,997.7415441433947,1,998.9127436003565
1738278000000,998.4859733078576,998.3190241202391,1,998.9127436003565
1738281600000,998.6118694165535,998.3819721745871,1,998.9127436003565
1738285200000,998.247042571006,998.1950420043706,1,998.9091838493277
1738288800000,998.1348308219509,997.9104073238408,1,998.9091838493277
1738292400000,997.7489318800785,997.6996681853715,1,998.9091838493277
1738296000000,997.4834553030458,997.3931385294161,1,998.9091838493277
1738299600000,997.7571424958631,997.4287178644823,1,998.9091838493277
1738303200000,998.3236749849948,997.7051419292279,1,998.9091838493277
1738306800000,998.3920967831991,998.1320939500227,1,998.9091838493277
1738310400000,998.3811492954865,998.3647280639174,1,998.9091838493277
1738314000000,998.5308775375585,998.1778210588242,1,998.9056472634221
1738317600000,998.6485630304699,998.2955065517356,1,998.9056472634221
1738321200000,999.3492022440821,998.6047730796191,1,998.9056472634221
1738324800000,999.1685686968227,998.90309211979,1,998.9056472634221
1738328400000,999.1548843371819,998.7854066268785,1,998.9056472634221
1738332000000,998.5144563059895,998.4706663551387,1,998.9056472634221
1738335600000,998.5062456902049,998.2544534728131,1,998.9056472634221
1738339200000,998.714247956746,998.3256121429455,1,998.9056472634221
1738342800000,998.3576204075199,998.3357254320946,1,998.9020761929303
1738346400000,998.07298572699,997.9908795691448,1,998.9020761929303
1738350000000,997.7637191991065,997.6870867851177,1,998.9020761929303
1738353600000,997.5912962676316,997.5256113413554,1,998.9020761929303
1738357200000,998.0456170077083,997.2464504046818,1,998.9020761929303
1738360800000,998.1003544462717,997.7144555043994,1,998.9020761929303
1738364400000,997.9306683867251,997.7500348394656,1,998.9020761929303
1738368000000,998.040143263852,997.8075091499572,1,998.9020761929303
1738371600000,997.8642165055561,997.7301097810757,1,998.8985723661093
1738375200000,997.8341109143462,997.5823186969543,1,998.8985723661093
1738378800000,998.6387512612289,997.7410572687883,1,998.8985723661093
1738382400000,998.4198015069751,998.1570618018706,1,998.8985723661093
1738386000000,998.4198015069751,998.3568534526271,1,998.8985723661093
1738389600000,998.5867506945937,998.3814852999807,1,998.8985723661093
1738393200000,998.6305406454444,998.321274117561,1,998.8985723661093
1738396800000,997.609687416236,997.4564225882583,1,998.8985723661093
1738400400000,996.9822232620155,996.7577997639054,1,998.8951150115122
1738404000000,996.752326020049,996.6647461183475,1,998.8951150115122
1738407600000,996.7879053551153,996.719483556911,1,998.8951150115122
1738411200000,996.9931707497283,996.7276941726955,1,998.8951150115122
1738414800000,996.831695305966,996.7851684831871,1,998.8951150115122
1738418400000,996.415736596964,996.3855851816738,0,996.415736596964
1738422000000,996.415736596964,996.415736596964,0,996.415736596964
1738425600000,996.415736596964,996.415736596964,0,996.415736596964
1738429200000,996.415736596964,996.415736596964,0,996.415736596964
1738432800000,996.415736596964,996.415736596964,0,996.415736596964
1738436400000,996.415736596964,996.415736596964,0,996.415736596964
1738440000000,996.415736596964,996.415736596964,0,996.415736596964
1738443600000,996.415736596964,996.415736596964,0,996.415736596964
1738447200000,996.415736596964,996.415736596964,0,996.415736596964
1738450800000,996.415736596964,996.415736596964,0,996.415736596964
1738454400000,996.415736596964,996.415736596964,0,996.415736596964
1738458000000,996.415736596964,996.415736596964,0,996.415736596964
1738461600000,996.415736596964,996.415736596964,0,996.415736596964
1738465200000,996.415736596964,996.415736596964,0,996.415736596964
1738468800000,996.415736596964,996.415736596964,0,996.415736596964
1738472400000,996.1358867042028,995.7536613513756,1,996.3948429806503
1738476000000,995.6654555007232,995.5548481641908,1,996.3948429806503
1738479600000,995.869869059378,995.3140321909809,1,996.3948429806503
1738483200000,996.1666887472877,995.8572682235705,1,996.3948429806503
1738486800000,995.8187164199355,995.5344975678332,1,996.3954937773053
1738490400000,995.906922270588,995.8159162342005,1,996.3954937773053
1738494000000,996.1855407512203,995.895721527648,1,996.3954937773053
1738497600000,997.4050216388117,995.9629259852879,1,996.3954937773053
1738501200000,997.5632321328391,996.8645857919572,1,996.3954937773053
1738504800000,996.6083687972049,996.5845672184574,1,996.3954937773053
1738508400000,996.5593655468424,996.3129492021627,1,996.3954937773053
1738512000000,996.9527916426096,996.5579654539749,1,996.3954937773053
1738515600000,998.9155991834789,996.9260672187631,1,996.3967712108089
1738519200000,999.976869577043,998.4213664012518,1,996.3967712108089
1738522800000,1000.6671153607199,999.4784365162135,1,996.3967712108089
1738526400000,999.7612552754482,999.387430479826,1,996.3967712108089
1738530000000,1000.5349854005975,998.2716220456794,3,996.3632951171692
1738533600000,1002.1630730551522,1000.0056114738704,3,996.3632951171692
1738537200000,1002.9501147565871,1000.1980172699792,3,996.3632951171692
1738540800000,1001.989287911275,1001.9139097103924,3,996.3632951171692
1738544400000,1006.5956488753764,1001.891876867481,3,996.3423397813988
1738548000000,1018.3548519154888,1005.6199432361569,2,1004.8373875756836
1738551600000,1021.9747175200417,1017.4682045994399,0,1021.9747175200417
1738555200000,1021.9747175200417,1021.9747175200417,0,1021.9747175200417
1738558800000,1024.1290493068418,1020.8498210318161,3,1021.9163437541241
1738562400000,1020.5891126842477,1020.5166957941758,3,1021.9163437541241
1738566000000,1020.6092360573072,1019.9442426699298,3,1021.9163437541241
1738569600000,1018.0732707109829,1017.8928451797535,3,1021.9163437541241
1738573200000,1018.8839890118445,1017.8027785474482,3,1021.9187166438946
1738576800000,1019.0254329915592,1017.6533078501515,3,1021.9187166438946
1738580400000,1017.6022210218939,1017.4686836919569,3,1021.9187166438946
1738584000000,1018.4608893692982,1017.5151025862342,3,1021.9187166438946
1738587600000,1019.0553053611385,1017.3421199068756,3,1021.9187166438946
1738591200000,1019.375671515272,1018.1834383142094,3,1021.9187166438946
1738594800000,1017.1188502442554,1016.7463606564627,3,1021.9187166438946
1738598400000,1014.6664442846396,1012.852511843899,1,1016.8504034073158
1738602000000,1014.312410792652,1014.2925149505666,0,1014.312410792652
1738605600000,1014.312410792652,1014.312410792652,0,1014.312410792652
1738609200000,1014.312410792652,1014.312410792652,0,1014.312410792652
1738612800000,1014.312410792652,1014.312410792652,0,1014.312410792652
1738616400000,1014.312410792652,1014.312410792652,0,1014.312410792652
1738620000000,1014.312410792652,1014.312410792652,0,1014.312410792652
1738623600000,1014.312410792652,1014.312410792652,0,1014.312410792652
1738627200000,1014.312410792652,1014.312410792652,0,1014.312410792652
1738630800000,1014.312410792652,1014.312410792652,0,1014.312410792652
1738634400000,1014.312410792652,1014.312410792652,0,1014.312410792652
1738638000000,1014.312410792652,1014.312410792652,0,1014.312410792652
1738641600000,1014.312410792652,1014.312410792652,0,1014.312410792652
1738645200000,1014.312410792652,1014.312410792652,0,1014.312410792652
1738648800000,1014.312410792652,1014.312410792652,0,1014.312410792652
1738652400000,1014.312410792652,1014.312410792652,0,1014.312410792652
1738656000000,1014.312410792652,1014.312410792652,0,1014.312410792652
1738659600000,1014.312410792652,1014.312410792652,0,1014.312410792652
1738663200000,1014.312410792652,1014.312410792652,0,1014.312410792652
1738666800000,1014.312410792652,1014.312410792652,0,1014.312410792652
1738670400000,1014.312410792652,1014.312410792652,0,1014.312410792652
1738674000000,1014.312410792652,1014.312410792652,0,1014.312410792652
1738677600000,1014.312410792652,1014.312410792652,0,1014.312410792652
1738681200000,1014.312410792652,1014.312410792652,0,1014.312410792652
1738684800000,1014.312410792652,1014.312410792652,0,1014.312410792652
1738688400000,1014.312410792652,1014.312410792652,0,1014.312410792652
1738692000000,1014.312410792652,1014.312410792652,0,1014.312410792652
1738695600000,1014.312410792652,1014.312410792652,0,1014.312410792652
1738699200000,1014.312410792652,1014.312410792652,0,1014.312410792652
1738702800000,1014.312410792652,1014.312410792652,0,1014.312410792652
1738706400000,1014.312410792652,1014.312410792652,0,1014.312410792652
1738710000000,1014.312410792652,1014.312410792652,0,1014.312410792652
1738713600000,1014.312410792652,1014.312410792652,0,1014.312410792652
1738717200000,1014.312410792652,1014.312410792652,0,1014.312410792652
1738720800000,1014.312410792652,1014.312410792652,0,1014.312410792652
1738724400000,1014.312410792652,1014.312410792652,0,1014.312410792652
1738728000000,1014.312410792652,1014.312410792652,0,1014.312410792652
1738731600000,1014.312410792652,1014.312410792652,0,1014.312410792652
1738735200000,1014.312410792652,1014.312410792652,0,1014.312410792652
1738738800000,1014.312410792652,1014.312410792652,0,1014.312410792652
1738742400000,1014.312410792652,1014.312410792652,0,1014.312410792652
1738746000000,1014.312410792652,1014.312410792652,0,1014.312410792652
1738749600000,1014.312410792652,1014.312410792652,0,1014.312410792652
1738753200000,1014.312410792652,1014.312410792652,0,1014.312410792652
1738756800000,1014.312410792652,1014.312410792652,0,1014.312410792652
1738760400000,1014.312410792652,1014.312410792652,0,1014.312410792652
1738764000000,1014.312410792652,1014.312410792652,0,1014.312410792652
1738767600000,1014.312410792652,1014.312410792652,0,1014.312410792652
1738771200000,1014.312410792652,1014.312410792652,0,1014.312410792652
1738774800000,1014.312410792652,1014.312410792652,0,1014.312410792652
1738778400000,1014.312410792652,1014.312410792652,0,1014.312410792652
1738782000000,1014.312410792652,1014.312410792652,0,1014.312410792652
1738785600000,1014.312410792652,1014.312410792652,0,1014.312410792652
1738789200000,1014.312410792652,1014.312410792652,0,1014.312410792652
1738792800000,1014.312410792652,1014.312410792652,0,1014.312410792652
1738796400000,1014.312410792652,1014.312410792652,0,1014.312410792652
1738800000000,1014.312410792652,1014.312410792652,0,1014.312410792652
1738803600000,1014.312410792652,1014.312410792652,0,1014.312410792652
1738807200000,1014.312410792652,1014.312410792652,0,1014.312410792652
1738810800000,1014.312410792652,1014.312410792652,0,1014.312410792652
1738814400000,1014.312410792652,1014.312410792652,0,1014.312410792652
1738818000000,1014.312410792652,1014.312410792652,0,1014.312410792652
1738821600000,1014.312410792652,1014.312410792652,0,1014.312410792652
1738825200000,1014.312410792652,1014.312410792652,0,1014.312410792652
1738828800000,1014.312410792652,1014.312410792652,0,1014.312410792652
1738832400000,1014.312410792652,1014.312410792652,0,1014.312410792652
1738836000000,1014.312410792652,1014.312410792652,0,1014.312410792652
1738839600000,1014.312410792652,1014.312410792652,0,1014.312410792652
1738843200000,1014.312410792652,1014.312410792652,0,1014.312410792652
1738846800000,1014.312410792652,1014.312410792652,0,1014.312410792652
1738850400000,1014.312410792652,1014.312410792652,0,1014.312410792652
1738854000000,1014.312410792652,1014.312410792652,0,1014.312410792652
1738857600000,1014.312410792652,1014.312410792652,0,1014.312410792652
1738861200000,1014.312410792652,1014.312410792652,0,1014.312410792652
1738864800000,1014.312410792652,1014.312410792652,0,1014.312410792652
1738868400000,1014.312410792652,1014.312410792652,0,1014.312410792652
1738872000000,1014.312410792652,1014.312410792652,0,1014.312410792652
1738875600000,1014.312410792652,1014.312410792652,0,1014.312410792652
1738879200000,1014.312410792652,1014.312410792652,0,1014.312410792652
1738882800000,1014.312410792652,1014.312410792652,0,1014.312410792652
1738886400000,1014.312410792652,1014.312410792652,0,1014.312410792652
1738890000000,1014.312410792652,1014.312410792652,0,1014.312410792652
1738893600000,1014.312410792652,1014.312410792652,0,1014.312410792652
1738897200000,1014.312410792652,1014.312410792652,0,1014.312410792652
1738900800000,1014.312410792652,1014.312410792652,0,1014.312410792652
1738904400000,1014.312410792652,1014.312410792652,0,1014.312410792652
1738908000000,1014.312410792652,1014.312410792652,0,1014.312410792652
1738911600000,1014.312410792652,1014.312410792652,0,1014.312410792652
1738915200000,1014.312410792652,1014.312410792652,0,1014.312410792652
1738918800000,1014.312410792652,1014.312410792652,0,1014.312410792652
1738922400000,1014.312410792652,1014.312410792652,0,1014.312410792652
1738926000000,1014.312410792652,1014.312410792652,0,1014.312410792652
1738929600000,1014.312410792652,1014.312410792652,0,1014.312410792652
1738933200000,1014.312410792652,1014.312410792652,0,1014.312410792652
1738936800000,1014.312410792652,1014.312410792652,0,1014.312410792652
1738940400000,1014.312410792652,1014.312410792652,0,1014.312410792652
1738944000000,1014.312410792652,1014.312410792652,0,1014.312410792652
1738947600000,1014.312410792652,1014.312410792652,0,1014.312410792652
1738951200000,1014.312410792652,1014.312410792652,0,1014.312410792652
1738954800000,1014.312410792652,1014.312410792652,0,1014.312410792652
1738958400000,1014.312410792652,1014.312410792652,0,1014.312410792652
1738962000000,1014.312410792652,1014.312410792652,0,1014.312410792652
1738965600000,1014.312410792652,1014.312410792652,0,1014.312410792652
1738969200000,1014.312410792652,1014.312410792652,0,1014.312410792652
1738972800000,1014.312410792652,1014.312410792652,0,1014.312410792652
1738976400000,1014.312410792652,1014.312410792652,0,1014.312410792652
1738980000000,1014.312410792652,1014.312410792652,0,1014.312410792652
1738983600000,1014.312410792652,1014.312410792652,0,1014.312410792652
1738987200000,1014.312410792652,1014.312410792652,0,1014.312410792652
1738990800000,1014.312410792652,1014.312410792652,0,1014.312410792652
1738994400000,1014.312410792652,1014.312410792652,0,1014.312410792652
1738998000000,1014.312410792652,1014.312410792652,0,1014.312410792652
1739001600000,1014.312410792652,1014.312410792652,0,1014.312410792652
1739005200000,1014.312410792652,1014.312410792652,0,1014.312410792652
1739008800000,1014.312410792652,1014.312410792652,0,1014.312410792652
1739012400000,1014.312410792652,1014.312410792652,0,1014.312410792652
1739016000000,1014.312410792652,1014.312410792652,0,1014.312410792652
1739019600000,1014.312410792652,1014.312410792652,0,1014.312410792652
1739023200000,1014.312410792652,1014.312410792652,0,1014.312410792652
1739026800000,1014.312410792652,1014.312410792652,0,1014.312410792652
1739030400000,1014.312410792652,1014.312410792652,0,1014.312410792652
1739034000000,1014.312410792652,1014.312410792652,0,1014.312410792652
1739037600000,1014.312410792652,1014.312410792652,0,1014.312410792652
1739041200000,1014.312410792652,1014.312410792652,0,1014.312410792652
1739044800000,1014.312410792652,1014.312410792652,0,1014.312410792652
1739048400000,1014.312410792652,1014.312410792652,0,1014.312410792652
1739052000000,1014.312410792652,1014.312410792652,0,1014.312410792652
1739055600000,1014.312410792652,1014.312410792652,0,1014.312410792652
1739059200000,1014.312410792652,1014.312410792652,0,1014.312410792652
1739062800000,1014.312410792652,1014.312410792652,0,1014.312410792652
1739066400000,1014.312410792652,1014.312410792652,0,1014.312410792652
1739070000000,1014.312410792652,1014.312410792652,0,1014.312410792652
1739073600000,1014.312410792652,1014.312410792652,0,1014.312410792652
1739077200000,1014.312410792652,1014.312410792652,0,1014.312410792652
1739080800000,1014.312410792652,1014.312410792652,0,1014.312410792652
1739084400000,1014.312410792652,1014.312410792652,0,1014.312410792652
1739088000000,1014.312410792652,1014.312410792652,0,1014.312410792652
1739091600000,1014.312410792652,1014.312410792652,0,1014.312410792652
1739095200000,1014.312410792652,1014.312410792652,0,1014.312410792652
1739098800000,1014.312410792652,1014.312410792652,0,1014.312410792652
1739102400000,1014.312410792652,1014.312410792652,0,1014.312410792652
1739106000000,1014.312410792652,1014.312410792652,0,1014.312410792652
1739109600000,1014.312410792652,1014.312410792652,0,1014.312410792652
1739113200000,1014.312410792652,1014.312410792652,0,1014.312410792652
1739116800000,1014.312410792652,1014.312410792652,0,1014.312410792652
1739120400000,1014.312410792652,1014.312410792652,0,1014.312410792652
1739124000000,1014.312410792652,1014.312410792652,0,1014.312410792652
1739127600000,1014.312410792652,1014.312410792652,0,1014.312410792652
1739131200000,1014.312410792652,1014.312410792652,0,1014.312410792652
1739134800000,1014.312410792652,1014.312410792652,0,1014.312410792652
1739138400000,1014.312410792652,1014.312410792652,0,1014.312410792652
1739142000000,1014.312410792652,1014.312410792652,0,1014.312410792652
1739145600000,1014.312410792652,1014.312410792652,0,1014.312410792652
1739149200000,1014.312410792652,1014.312410792652,0,1014.312410792652
1739152800000,1014.312410792652,1014.312410792652,0,1014.312410792652
1739156400000,1014.312410792652,1014.312410792652,0,1014.312410792652
1739160000000,1014.312410792652,1014.312410792652,0,1014.312410792652
1739163600000,1014.312410792652,1014.312410792652,0,1014.312410792652
1739167200000,1014.312410792652,1014.312410792652,0,1014.312410792652
1739170800000,1014.312410792652,1014.312410792652,0,1014.312410792652
1739174400000,1014.312410792652,1014.312410792652,0,1014.312410792652
1739178000000,1014.312410792652,1014.312410792652,0,1014.312410792652
1739181600000,1014.312410792652,1014.312410792652,0,1014.312410792652
1739185200000,1014.312410792652,1014.312410792652,0,1014.312410792652
1739188800000,1014.312410792652,1014.312410792652,0,1014.312410792652
1739192400000,1014.312410792652,1014.312410792652,0,1014.312410792652
1739196000000,1014.312410792652,1014.312410792652,0,1014.312410792652
1739199600000,1014.312410792652,1014.312410792652,0,1014.312410792652
1739203200000,1014.312410792652,1014.312410792652,0,1014.312410792652
1739206800000,1014.312410792652,1014.312410792652,0,1014.312410792652
1739210400000,1014.312410792652,1014.312410792652,0,1014.312410792652
1739214000000,1014.312410792652,1014.312410792652,0,1014.312410792652
1739217600000,1014.312410792652,1014.312410792652,0,1014.312410792652
1739221200000,1014.312410792652,1014.312410792652,0,1014.312410792652
1739224800000,1014.312410792652,1014.312410792652,0,1014.312410792652
1739228400000,1014.312410792652,1014.312410792652,0,1014.312410792652
1739232000000,1014.312410792652,1014.312410792652,0,1014.312410792652
1739235600000,1014.312410792652,1014.312410792652,0,1014.312410792652
1739239200000,1014.312410792652,1014.312410792652,0,1014.312410792652
1739242800000,1014.312410792652,1014.312410792652,0,1014.312410792652
1739246400000,1014.312410792652,1014.312410792652,0,1014.312410792652
1739250000000,1014.312410792652,1014.312410792652,0,1014.312410792652
1739253600000,1014.312410792652,1014.312410792652,0,1014.312410792652
1739257200000,1014.312410792652,1014.312410792652,0,1014.312410792652
1739260800000,1014.312410792652,1014.312410792652,0,1014.312410792652
1739264400000,1014.312410792652,1014.312410792652,0,1014.312410792652
1739268000000,1014.312410792652,1014.312410792652,0,1014.312410792652
1739271600000,1014.312410792652,1014.312410792652,0,1014.312410792652
1739275200000,1014.312410792652,1014.312410792652,0,1014.312410792652
1739278800000,1014.312410792652,1014.312410792652,0,1014.312410792652
1739282400000,1014.312410792652,1014.312410792652,0,1014.312410792652
1739286000000,1014.312410792652,1014.312410792652,0,1014.312410792652
1739289600000,1014.312410792652,1014.312410792652,0,1014.312410792652
1739293200000,1014.312410792652,1014.312410792652,0,1014.312410792652
1739296800000,1014.312410792652,1014.312410792652,0,1014.312410792652
1739300400000,1014.312410792652,1014.312410792652,0,1014.312410792652
1739304000000,1014.312410792652,1014.312410792652,0,1014.312410792652
1739307600000,1014.312410792652,1014.312410792652,0,1014.312410792652
1739311200000,1014.312410792652,1014.312410792652,0,1014.312410792652
1739314800000,1014.312410792652,1014.312410792652,0,1014.312410792652
1739318400000,1014.312410792652,1014.312410792652,0,1014.312410792652
1739322000000,1014.312410792652,1014.312410792652,0,1014.312410792652
1739325600000,1014.312410792652,1014.312410792652,0,1014.312410792652
1739329200000,1014.312410792652,1014.312410792652,0,1014.312410792652
1739332800000,1014.312410792652,1014.312410792652,0,1014.312410792652
1739336400000,1014.312410792652,1014.312410792652,0,1014.312410792652
1739340000000,1014.312410792652,1014.312410792652,0,1014.312410792652
1739343600000,1014.312410792652,1014.312410792652,0,1014.312410792652
1739347200000,1014.312410792652,1014.312410792652,0,1014.312410792652
1739350800000,1014.312410792652,1014.312410792652,0,1014.312410792652
1739354400000,1014.312410792652,1014.312410792652,0,1014.312410792652
1739358000000,1014.312410792652,1014.312410792652,0,1014.312410792652
1739361600000,1014.312410792652,1014.312410792652,0,1014.312410792652
1739365200000,1014.312410792652,1014.312410792652,0,1014.312410792652
1739368800000,1014.312410792652,1014.312410792652,0,1014.312410792652
1739372400000,1014.312410792652,1014.312410792652,0,1014.312410792652
1739376000000,1014.312410792652,1014.312410792652,0,1014.312410792652
1739379600000,1014.312410792652,1014.312410792652,0,1014.312410792652
1739383200000,1014.312410792652,1014.312410792652,0,1014.312410792652
1739386800000,1014.312410792652,1014.312410792652,0,1014.312410792652
1739390400000,1014.312410792652,1014.312410792652,0,1014.312410792652
1739394000000,1014.312410792652,1014.312410792652,0,1014.312410792652
1739397600000,1014.312410792652,1014.312410792652,0,1014.312410792652
1739401200000,1014.312410792652,1014.312410792652,0,1014.312410792652
1739404800000,1014.312410792652,1014.312410792652,0,1014.312410792652
1739408400000,1014.312410792652,1014.312410792652,0,1014.312410792652
1739412000000,1014.312410792652,1014.312410792652,0,1014.312410792652
1739415600000,1014.312410792652,1014.312410792652,0,1014.312410792652
1739419200000,1014.312410792652,1014.312410792652,0,1014.312410792652
1739422800000,1013.540690835583,1013.163563622548,1,1014.2886506174214
1739426400000,1014.0006667333794,1013.3372144658084,1,1014.2886506174214
1739430000000,1013.5579233620133,1013.3292609920712,1,1014.2886506174214
1739433600000,1013.5387024671486,1013.3352260973741,1,1014.2886506174214
1739437200000,1013.184772885847,1012.8003549885531,1,1014.2886506174214
1739440800000,1013.5996790991331,1013.1078893063883,1,1014.2886506174214
1739444400000,1013.7574229949194,1013.4929699931602,1,1014.2886506174214
1739448000000,1013.8309926269876,1013.4976095195069,1,1014.2886506174214
1739451600000,1013.3020866234694,1013.2152612018392,1,1014.2886506174214
1739455200000,1014.4818518944749,1012.9256221999126,1,1014.2886506174214
1739458800000,1013.0654707797903,1012.1004492996869,1,1014.2886506174214
1739462400000,1013.4140980452671,1012.9295989367813,1,1014.2886506174214
1739466000000,1011.8023521090647,1010.9358017404262,0,1011.8023521090647
1739469600000,1011.8023521090647,1011.8023521090647,0,1011.8023521090647
1739473200000,1011.8023521090647,1011.8023521090647,0,1011.8023521090647
1739476800000,1011.8023521090647,1011.8023521090647,0,1011.8023521090647
1739480400000,1011.8023521090647,1011.8023521090647,0,1011.8023521090647
1739484000000,1011.8023521090647,1011.8023521090647,0,1011.8023521090647
1739487600000,1011.8023521090647,1011.8023521090647,0,1011.8023521090647
1739491200000,1011.8023521090647,1011.8023521090647,0,1011.8023521090647
1739494800000,1011.8023521090647,1011.8023521090647,0,1011.8023521090647
1739498400000,1011.8023521090647,1011.8023521090647,0,1011.8023521090647
1739502000000,1011.8023521090647,1011.8023521090647,0,1011.8023521090647
1739505600000,1011.8023521090647,1011.8023521090647,0,1011.8023521090647
1739509200000,1011.8023521090647,1011.8023521090647,0,1011.8023521090647
1739512800000,1011.8023521090647,1011.8023521090647,0,1011.8023521090647
1739516400000,1011.8023521090647,1011.8023521090647,0,1011.8023521090647
1739520000000,1011.8023521090647,1011.8023521090647,0,1011.8023521090647
1739523600000,1011.8023521090647,1011.8023521090647,0,1011.8023521090647
1739527200000,1011.8023521090647,1011.8023521090647,0,1011.8023521090647
1739530800000,1011.8023521090647,1011.8023521090647,0,1011.8023521090647
1739534400000,1011.8023521090647,1011.8023521090647,0,1011.8023521090647
1739538000000,1011.8023521090647,1011.8023521090647,0,1011.8023521090647
1739541600000,1011.8023521090647,1011.8023521090647,0,1011.8023521090647
1739545200000,1011.8023521090647,1011.8023521090647,0,1011.8023521090647
1739548800000,1011.8023521090647,1011.8023521090647,0,1011.8023521090647
1739552400000,1011.8023521090647,1011.8023521090647,0,1011.8023521090647
1739556000000,1011.8023521090647,1011.8023521090647,0,1011.8023521090647
1739559600000,1011.8023521090647,1011.8023521090647,0,1011.8023521090647
1739563200000,1011.8023521090647,1011.8023521090647,0,1011.8023521090647
1739566800000,1011.3133807336819,1011.1700527354803,1,1011.7815127574166
1739570400000,1011.5502491096573,1010.9256407806522,1,1011.7815127574166
1739574000000,1010.7792953509095,1010.4488865971604,1,1011.7815127574166
1739577600000,1011.0855646523298,1010.6450196473311,1,1011.7815127574166
1739581200000,1011.1723251149593,1010.8147594773404,1,1011.7807677053546
1739584800000,1011.8602995063272,1011.1542205257128,1,1011.7807677053546
1739588400000,1012.730828505931,1011.7064104977318,1,1011.7807677053546
1739592000000,1012.1333770607956,1012.1062201769258,1,1011.7807677053546
1739595600000,1012.0488889776452,1012.0126797991521,1,1011.7807677053546
1739599200000,1012.1710949550592,1011.9915577783645,1,1011.7807677053546
1739602800000,1011.8014595912761,1011.748654539307,1,1011.7807677053546
1739606400000,1011.6068352568759,1011.3744930282122,1,1011.7807677053546
1739610000000,1011.9675345305399,1011.6039340298388,1,1011.7793751940881
1739613600000,1012.1003015183477,1011.7925235011568,1,1011.7793751940881
1739617200000,1012.2526818111726,1011.8890813104716,1,1011.7793751940881
1739620800000,1011.9298166362762,1011.6854046814482,1,1011.7793751940881
1739624400000,1012.0987928025771,1011.7185964284001,1,1011.7793751940881
1739628000000,1012.0821969291012,1011.9177469101119,1,1011.7793751940881
1739631600000,1011.4243968531441,1011.021569742409,1,1011.7793751940881
1739635200000,1011.6205299033148,1011.3942225377332,1,1011.7793751940881
1739638800000,1011.2591573581943,1011.1354426650098,1,1011.7816031496686
1739642400000,1011.1475123911741,1010.9362921832981,1,1011.7816031496686
1739646000000,1011.5624092280736,1011.0781114657292,1,1011.7816031496686
1739649600000,1010.9498706252328,1010.8487866686064,1,1011.7816031496686
1739653200000,1010.8487866686064,1010.539499935645,1,1011.7816031496686
1739656800000,1011.0931986234345,1010.8276646478188,1,1011.7816031496686
1739660400000,1010.9936233825787,1010.7190371123397,1,1011.7816031496686
1739664000000,1011.0811288972702,1010.9483619094624,1,1011.7816031496686
1739667600000,1011.2457526575536,1010.9922884081022,1,1011.7817768909628
1739671200000,1011.2457526575536,1011.0254801550542,1,1011.7817768909628
1739674800000,1010.9062916091813,1010.8489604099007,1,1011.7817768909628
1739678400000,1010.9862535450201,1010.655844791271,1,1011.7817768909628
1739682000000,1011.0134104288899,1010.8353819679658,1,1011.7817768909628
1739685600000,1011.1401425536155,1010.827838389113,1,1011.7817768909628
1739689200000,1010.9832361134789,1010.9485356507564,1,1011.7817768909628
1739692800000,1010.7493851690447,1010.6633883701237,1,1011.7817768909628
1739696400000,1010.7627211031297,1010.6465499887978,1,1011.7845518146539
1739700000000,1011.0237289314338,1010.4323123493807,1,1011.7845518146539
1739703600000,1010.7355642192599,1010.7234944930956,1,1011.7845518146539
1739707200000,1010.9603628690709,1010.6661632938149,1,1011.7845518146539
1739710800000,1010.774790829294,1010.7114247669311,1,1011.7845518146539
1739714400000,1010.2467403096038,1010.1758306683882,1,1011.7845518146539
1739718000000,1010.5379224533186,1010.0445723963509,1,1011.7845518146539
1739721600000,1010.4700302436443,1010.3885595920349,1,1011.7845518146539
1739725200000,1010.3346540984496,1010.2863751937923,1,1011.7864688045788
1739728800000,1010.1430471955906,1010.0751549859161,1,1011.7864688045788
1739732400000,1010.1671866479193,1009.8382866099407,1,1011.7864688045788
1739736000000,1010.2893926253333,1009.9589838715842,1,1011.7864688045788
1739739600000,1010.1053293013271,1010.0600678282107,1,1011.7864688045788
1739743200000,1010.4583687916343,1009.9529490085022,1,1011.7864688045788
1739746800000,1010.3919852977303,1010.1309774694263,1,1011.7864688045788
1739750400000,1010.1566256375255,1010.0676114070635,1,1011.7864688045788
1739754000000,1010.2975622907629,1010.0637113463287,1,1011.7855861753851
1739757600000,1010.5480091086731,1010.1497081452496,1,1011.7855861753851
1739761200000,1010.2176003549241,1010.1391471348558,1,1011.7855861753851
1739764800000,1010.1874260395132,1009.9671535370138,1,1011.7855861753851
1739768400000,1009.7272677294974,1009.6397622148058,1,1011.7855861753851
1739772000000,1009.2769196467605,1009.0604153589171,0,1009.2769196467605
1739775600000,1009.2769196467605,1009.2769196467605,0,1009.2769196467605
1739779200000,1009.2769196467605,1009.2769196467605,0,1009.2769196467605
1739782800000,1009.2769196467605,1009.2769196467605,0,1009.2769196467605
1739786400000,1009.2769196467605,1009.2769196467605,0,1009.2769196467605
1739790000000,1009.2769196467605,1009.2769196467605,0,1009.2769196467605
1739793600000,1009.2769196467605,1009.2769196467605,0,1009.2769196467605
1739797200000,1009.2769196467605,1009.2769196467605,0,1009.2769196467605
1739800800000,1009.2769196467605,1009.2769196467605,0,1009.2769196467605
1739804400000,1009.2769196467605,1009.2769196467605,0,1009.2769196467605
1739808000000,1009.2769196467605,1009.2769196467605,0,1009.2769196467605
1739811600000,1009.2769196467605,1009.2769196467605,0,1009.2769196467605
1739815200000,1009.2769196467605,1009.2769196467605,0,1009.2769196467605
1739818800000,1009.2769196467605,1009.2769196467605,0,1009.2769196467605
1739822400000,1009.2769196467605,1009.2769196467605,0,1009.2769196467605
1739826000000,1009.2769196467605,1009.2769196467605,0,1009.2769196467605
1739829600000,1009.2769196467605,1009.2769196467605,0,1009.2769196467605
1739833200000,1009.2769196467605,1009.2769196467605,0,1009.2769196467605
1739836800000,1009.2769196467605,1009.2769196467605,0,1009.2769196467605
1739840400000,1009.2769196467605,1009.2769196467605,0,1009.2769196467605
1739844000000,1009.2769196467605,1009.2769196467605,0,1009.2769196467605
1739847600000,1009.2769196467605,1009.2769196467605,0,1009.2769196467605
1739851200000,1009.2769196467605,1009.2769196467605,0,1009.2769196467605
1739854800000,1009.2769196467605,1009.2769196467605,0,1009.2769196467605
1739858400000,1009.2769196467605,1009.2769196467605,0,1009.2769196467605
1739862000000,1009.2769196467605,1009.2769196467605,0,1009.2769196467605
1739865600000,1009.2769196467605,1009.2769196467605,0,1009.2769196467605
1739869200000,1009.6720301256687,1008.918767132028,1,1009.2571845960086
1739872800000,1008.2250977296563,1008.2036440367995,1,1009.2571845960086
1739876400000,1008.7042302034595,1008.0010258264847,1,1009.2571845960086
1739880000000,1008.5254494296523,1008.399111016162,1,1009.2571845960086
1739883600000,1008.0653869050553,1007.8508499764868,1,1009.2571845960086
1739887200000,1008.2966100391792,1008.0367819812461,1,1009.2571845960086
1739890800000,1008.9426045685357,1008.0034095701355,1,1009.2571845960086
1739894400000,1009.1928976518656,1008.8305686169499,1,1009.2571845960086
1739898000000,1010.0252292467394,1008.9096372181829,1,1009.2599734004174
1739901600000,1009.7606337015048,1009.6009228769038,1,1009.2599734004174
1739905200000,1009.6629002118236,1009.2576637911942,1,1009.2599734004174
1739908800000,1009.3530135372246,1009.1837677380205,1,1009.2599734004174
1739912400000,1009.5151081054764,1008.9978357332611,1,1009.2599734004174
1739916000000,1008.8023687538987,1008.5020170539027,1,1009.2599734004174
1739919600000,1008.7594613681849,1008.2755614070803,1,1009.2599734004174
1739923200000,1008.3947485896184,1008.3160850491432,1,1009.2599734004174
1739926800000,1008.5373408072244,1008.0248359223107,1,1009.2595409989776
1739930400000,1008.5921669111918,1008.5206546016691,1,1009.2595409989776
1739934000000,1008.3919324445279,1008.220302901673,1,1009.2595409989776
1739937600000,1008.8281575326173,1008.3776299826234,1,1009.2595409989776
1739941200000,1009.6767702722884,1008.7614127103959,1,1009.2595409989776
1739944800000,1008.9187397913463,1008.8925186111878,1,1009.2595409989776
1739948400000,1008.7065866064285,1008.6231555786518,1,1009.2595409989776
1739952000000,1008.4848984469077,1008.2679777746882,1,1009.2595409989776
1739955600000,1008.5279479297,1008.1513164328796,1,1009.2596830960563
1739959200000,1008.0416642249446,1007.8485809892329,1,1009.2596830960563
1739962800000,1007.748463755901,1007.6364278043151,1,1009.2596830960563
1739966400000,1007.2979362059069,1007.1954352289242,1,1009.2596830960563
1739970000000,1007.8414297582806,1007.2383426146379,1,1009.2596830960563
1739973600000,1007.8485809892329,1007.5649154947922,1,1009.2596830960563
1739977200000,1008.5660878281121,1007.7699174487578,1,1009.2596830960563
1739980800000,1008.2895735646238,1007.8938721185973,1,1009.2596830960563
1739984400000,1007.8660902101078,1007.8303340553465,1,1009.2581223677252
1739988000000,1008.0305685220104,1007.3988764545585,1,1009.2581223677252
1739991600000,1008.295164067245,1007.8732414410601,1,1009.2581223677252
1739995200000,1008.5335384323212,1008.0663246767718,1,1009.2581223677252
1739998800000,1008.9435423402522,1008.3476064275617,1,1009.2581223677252
1740002400000,1008.955461058506,1008.6956330005729,1,1009.2581223677252
1740006000000,1008.7695290537465,1008.5430734069241,1,1009.2581223677252
1740009600000,1008.4787123283536,1008.2331867323251,1,1009.2581223677252
1740013200000,1008.2307621017499,1008.1449473303225,1,1009.2556977371498
1740016800000,1008.6431497533316,1008.0782025081011,1,1009.2556977371498
1740020400000,1007.7778508081051,1007.6300587017579,1,1009.2556977371498
1740024000000,1007.6515123946148,1007.5442439303305,1,1009.2556977371498
1740027600000,1007.5061040319183,1007.0365065327182,1,1009.2556977371498
1740031200000,1007.6610473692178,1007.4250567477924,1,1009.2556977371498
1740034800000,1007.7945370136605,1007.5800000850919,1,1009.2556977371498
1740038400000,1007.8136069628665,1007.6944197803284,1,1009.2556977371498
1740042000000,1007.6829806308818,1007.5900146285022,1,1009.2561773059571
1740045600000,1007.7258880165956,1007.5900146285021,1,1009.2561773059571
1740049200000,1007.3230353396168,1007.2515230300941,1,1009.2561773059571
1740052800000,1007.2777442102524,1006.9893112285101,1,1009.2561773059571
1740056400000,1007.4183850856473,1007.0608235380331,1,1009.2561773059571
1740060000000,1007.2372205681894,1007.2205343626341,1,1009.2561773059571
1740063600000,1006.752720057592,1006.631749680896,0,1006.752720057592
1740067200000,1006.752720057592,1006.752720057592,0,1006.752720057592
1740070800000,1006.752720057592,1006.752720057592,0,1006.752720057592
1740074400000,1006.752720057592,1006.752720057592,0,1006.752720057592
1740078000000,1006.752720057592,1006.752720057592,0,1006.752720057592
1740081600000,1006.752720057592,1006.752720057592,0,1006.752720057592
1740085200000,1006.752720057592,1006.752720057592,0,1006.752720057592
1740088800000,1006.752720057592,1006.752720057592,0,1006.752720057592
1740092400000,1006.752720057592,1006.752720057592,0,1006.752720057592
1740096000000,1006.752720057592,1006.752720057592,0,1006.752720057592
1740099600000,1006.752720057592,1006.752720057592,0,1006.752720057592
1740103200000,1006.752720057592,1006.752720057592,0,1006.752720057592
1740106800000,1006.752720057592,1006.752720057592,0,1006.752720057592
1740110400000,1006.752720057592,1006.752720057592,0,1006.752720057592
1740114000000,1006.752720057592,1006.752720057592,0,1006.752720057592
1740117600000,1006.752720057592,1006.752720057592,0,1006.752720057592
1740121200000,1006.752720057592,1006.752720057592,0,1006.752720057592
1740124800000,1006.752720057592,1006.752720057592,0,1006.752720057592
1740128400000,1006.752720057592,1006.752720057592,0,1006.752720057592
1740132000000,1006.752720057592,1006.752720057592,0,1006.752720057592
1740135600000,1006.752720057592,1006.752720057592,0,1006.752720057592
1740139200000,1006.752720057592,1006.752720057592,0,1006.752720057592
1740142800000,1006.752720057592,1006.752720057592,0,1006.752720057592
1740146400000,1006.752720057592,1006.752720057592,0,1006.752720057592
1740150000000,1006.752720057592,1006.752720057592,0,1006.752720057592
1740153600000,1006.752720057592,1006.752720057592,0,1006.752720057592
1740157200000,1006.752720057592,1006.752720057592,0,1006.752720057592
1740160800000,1006.752720057592,1006.752720057592,0,1006.752720057592
1740164400000,1006.752720057592,1006.752720057592,0,1006.752720057592
1740168000000,1006.752720057592,1006.752720057592,0,1006.752720057592
1740171600000,1006.3998120638907,1005.5644884966315,2,1006.714947319021
1740175200000,1006.565957628932,1005.9754345272186,2,1006.714947319021
1740178800000,1006.1263751536522,1005.8213925797651,2,1006.714947319021
1740182400000,1005.958346591661,1005.7521811480647,2,1006.714947319021
1740186000000,1004.9113239073182,1004.804253148239,2,1006.7152291689196
1740189600000,1005.2278279635494,1004.7265119907869,2,1006.7152291689196
1740193200000,1005.7089817065256,1005.1975291080248,2,1006.7152291689196
1740196800000,1005.9210736951983,1005.6533967975004,2,1006.7152291689196
1740200400000,1005.4350736827339,1005.2061983395212,2,1006.7152291689196
1740204000000,1005.5768739641179,1005.163242215219,2,1006.7152291689196
1740207600000,1005.507773554108,1005.2772087732722,2,1006.7152291689196
1740211200000,1005.5232275628878,1005.0840606903159,2,1006.7152291689196
1740214800000,1005.6745568078402,1005.3365611760624,2,1006.7154242281115
1740218400000,1005.0028581625833,1004.9426205433966,2,1006.7154242281115
1740222000000,1004.7227460394889,1004.3417672566179,2,1006.7154242281115
1740225600000,1004.8143627897882,1004.5273818945111,2,1006.7154242281115
1740229200000,1004.7160993106871,1004.5921896862225,2,1006.7154242281115
1740232800000,1005.0016953493587,1004.5296534673781,2,1006.7154242281115
1740236400000,1004.8217026755243,1004.5610881093361,2,1006.7154242281115
1740240000000,1004.0148775044763,1003.851668185182,2,1006.7154242281115
1740243600000,1004.2096225188451,1003.5889386100888,2,1006.7066069795595
1740247200000,1003.453896079197,1003.311458151724,2,1006.7066069795595
1740250800000,1003.7947169350313,1003.2271257763152,2,1006.7066069795595
1740254400000,1003.8989624700539,1003.7024355118516,2,1006.7066069795595
1740258000000,1004.0947692445309,1003.8454270905144,2,1006.7066069795595
1740261600000,1003.9326672276159,1003.7334815778929,2,1006.7066069795595
1740265200000,1003.7976787503063,1003.5271496017607,2,1006.7066069795595
1740268800000,1003.9611101129816,1003.45727349718,2,1006.7066069795595
1740272400000,1003.714948509045,1003.6105364414865,2,1006.7059930516853
1740276000000,1004.0328644486729,1003.6048589665824,2,1006.7059930516853
1740279600000,1004.4351967586089,1003.9247689248507,2,1006.7059930516853
1740283200000,1003.9347675021075,1003.5915655089791,2,1006.7059930516853
1740286800000,1003.9587242098479,1003.8234041247298,2,1006.7059930516853
1740290400000,1003.7586518438636,1003.4253644330925,2,1006.7059930516853
1740294000000,1003.5009180125771,1003.3870339921604,2,1006.7059930516853
1740297600000,1002.4202403285826,1002.3939850211842,2,1006.7059930516853
1740301200000,1002.9170313080131,1002.3347618350881,2,1006.7107464518846
1740304800000,1002.9376916781437,1002.6651130001123,2,1006.7107464518846
1740308400000,1002.9682951146857,1002.7841478710346,2,1006.7107464518846
1740312000000,1003.7018097950619,1002.9023245097497,2,1006.7107464518846
1740315600000,1004.2146742769596,1003.465151936614,2,1006.7107464518846
1740319200000,1003.8122594293872,1003.3113035484876,2,1006.7107464518846
1740322800000,1004.3551736966374,1003.6515977799231,2,1006.7107464518846
1740326400000,1005.0017798477205,1003.9767980944418,2,1006.7107464518846
1740330000000,1004.8005796593718,1004.3696934423796,2,1006.7118062074875
1740333600000,1004.2582190433112,1004.145470809328,2,1006.7118062074875
1740337200000,1004.5841395415554,1004.0963390697774,2,1006.7118062074875
1740340800000,1004.6810181640509,1004.46529822996,2,1006.7118062074875
1740344400000,1004.6401670800799,1004.5705130188803,2,1006.7118062074875
1740348000000,1004.5502127406124,1004.4262476053026,2,1006.7118062074875
1740351600000,1004.7752936058711,1004.4936030668441,2,1006.7118062074875
1740355200000,1004.3629356918872,1003.6993796537282,2,1006.7118062074875
1740358800000,1004.4197984270248,1003.6313079996581,2,1006.7154936549482
1740362400000,1005.3166334483857,1004.2629312555148,2,1006.7154936549482
1740366000000,1005.7991435639135,1004.9816565999914,2,1006.7154936549482
1740369600000,1007.4441430958053,1005.740179779642,2,1006.7154936549482
1740373200000,1008.2462315617928,1007.3855394033966,2,1006.7154936549482
1740376800000,1007.1535897659552,1006.9423560094895,2,1006.7154936549482
1740380400000,1007.3176858015106,1006.9672549443364,2,1006.7154936549482
1740384000000,1007.502304158715,1006.9330235623761,2,1006.7154936549482
1740387600000,1008.8914023853112,1007.4936669938958,2,1006.7115647111355
1740391200000,1008.179019188619,1007.477188220373,2,1006.7115647111355
1740394800000,1008.7554731381582,1007.9831569032968,2,1006.7115647111355
1740398400000,1008.4645597164453,1008.3329785984361,2,1006.7115647111355
1740402000000,1008.7204660616271,1008.3932162176226,2,1006.7115647111355
1740405600000,1009.0776546692935,1008.1637872232203,2,1006.7115647111355
1740409200000,1010.2369587697384,1008.7039317772592,2,1006.7115647111355
1740412800000,1010.4118005930673,1009.5722954292,2,1006.7115647111355
1740416400000,1010.7522749281791,1009.8638315840883,2,1006.7124920253282
1740420000000,1010.0167662291625,1009.4125895779828,2,1006.7124920253282
1740423600000,1010.6577504161868,1009.6640922831757,2,1006.7124920253282
1740427200000,1011.206757761049,1010.3632090490556,2,1006.7124920253282
1740430800000,1010.5476180091921,1009.242123331295,3,1006.6882972819637
1740434400000,1011.9505302916539,1009.7987041706668,3,1006.6882972819637
1740438000000,1017.7648739484555,1011.9024948267815,3,1006.6882972819637
1740441600000,1016.6076394474841,1014.4706538668378,3,1006.6882972819637
1740445200000,1017.1745838319853,1015.0484179734802,3,1006.6928692363107
1740448800000,1017.2666246657375,1015.7656709427855,3,1006.6928692363107
1740452400000,1015.4899260421129,1015.0547212744941,3,1006.6928692363107
1740456000000,1017.1849509866197,1015.1195986941697,3,1006.6928692363107
1740459600000,1018.3461883117455,1016.5071913892242,3,1006.6928692363107
1740463200000,1016.870791782179,1016.096892829751,3,1006.6928692363107
1740466800000,1018.9165471887184,1016.6142269477225,3,1006.6928692363107
1740470400000,1020.9600051982759,1018.6202775419638,3,1006.6928692363107
1740474000000,1020.040165416702,1018.5987808808839,3,1006.6967899654566
1740477600000,1021.457134488897,1019.5840615714968,3,1006.6967899654566
1740481200000,1020.7643856949164,1019.6112448568193,3,1006.6967899654566
1740484800000,1018.8292734820293,1018.3960953962162,3,1006.6967899654566
1740488400000,1018.1306813503637,1017.5006088234338,3,1006.6967899654566
1740492000000,1019.2869181133832,1017.5417299432859,3,1006.6967899654566
1740495600000,1021.0110008546477,1018.3823894300925,3,1006.6967899654566
1740499200000,1019.9936997549537,1018.8987284652812,3,1006.6967899654566
1740502800000,1019.3237411156267,1018.1412761945231,3,1006.7010481804524
1740506400000,1019.1019423483358,1018.0541130812077,3,1006.7010481804524
1740510000000,1016.3392376397915,1015.0799188426217,2,1006.7823133695118
1740513600000,1014.7925514853229,1014.6842321634417,2,1006.7823133695118
1740517200000,1014.0013586851098,1013.2977162393896,2,1006.7823133695118
1740520800000,1013.2000564084728,1013.1025395974267,2,1006.7823133695118
1740524400000,1013.1833741376153,1012.3843242228141,2,1006.7823133695118
1740528000000,1013.6693081492248,1012.7231318442067,2,1006.7823133695118
1740531600000,1014.8307464003603,1013.3890161443851,2,1006.7785523226319
1740535200000,1014.1233637753148,1013.8606824731045,2,1006.7785523226319
1740538800000,1013.1252952905581,1012.8307675028541,2,1006.7785523226319
1740542400000,1013.3843079233786,1012.5484585335395,2,1006.7785523226319
1740546000000,1013.337052454711,1012.6786578843605,2,1006.7785523226319
1740549600000,1014.3458519403674,1013.087802781109,2,1006.7785523226319
1740553200000,1013.4607092498308,1013.419374812389,2,1006.7785523226319
1740556800000,1014.012374064457,1013.2886556857595,2,1006.7785523226319
1740560400000,1014.1737572049092,1013.8298535741014,2,1006.7777768456307
1740564000000,1012.8728857907196,1012.687197100705,2,1006.7777768456307
1740567600000,1012.8404067482793,1012.6731329151497,2,1006.7777768456307
1740571200000,1013.5175103890458,1012.4807888882951,2,1006.7777768456307
1740574800000,1014.8002721923526,1013.2174685647858,2,1006.7777768456307
1740578400000,1015.2015599745129,1014.4470951394026,2,1006.7777768456307
1740582000000,1013.963413489629,1013.7864069360131,2,1006.7777768456307
1740585600000,1013.4951105842973,1012.2257088996635,2,1006.7777768456307
1740589200000,1014.444407097211,1013.0876503816295,2,1006.7798795668521
1740592800000,1016.3564588842867,1014.1798914603055,2,1006.7798795668521
1740596400000,1017.9729020608388,1015.7488454321232,2,1006.7798795668521
1740600000000,1017.4786626687683,1016.8068364698095,2,1006.7798795668521
1740603600000,1015.2235237824711,1014.9214523221297,3,1006.7586713522691
1740607200000,1014.5605442826985,1014.0527408021012,3,1006.7586713522691
1740610800000,1014.4491726045195,1012.73570220287,3,1006.7586713522691
1740614400000,1015.3212485472909,1013.8340874975769,3,1006.7586713522691
1740618000000,1015.3854972643519,1014.648692807689,3,1006.7700611797658
1740621600000,1014.8435749092218,1013.7489531517991,3,1006.7700611797658
1740625200000,1015.2794352358756,1013.6200282887771,3,1006.7700611797658
1740628800000,1014.1455446379655,1013.8095470809743,3,1006.7700611797658
1740632400000,1014.6534331263422,1013.6994323808815,3,1006.7700611797658
1740636000000,1013.4604838331028,1013.2566517404329,3,1006.7700611797658
1740639600000,1012.6620157502621,1011.8217664303468,3,1006.7700611797658
1740643200000,1012.3562640966272,1011.6425209415186,3,1006.7700611797658
1740646800000,1013.0026226394538,1012.157996313708,3,1006.7759395960892
1740650400000,1012.4446932527153,1011.8473534772704,3,1006.7759395960892
1740654000000,1011.0627367085222,1010.9303453663262,3,1006.7759395960892
1740657600000,1012.0073930628106,1010.9457891818558,3,1006.7759395960892
1740661200000,1012.1466427559952,1011.3718856649954,3,1006.7759395960892
1740664800000,1012.6196252142329,1011.4384668275793,3,1006.7759395960892
1740668400000,1014.2168985151578,1011.8459268073123,3,1006.7759395960892
1740672000000,1013.1775843185345,1012.3655550192833,3,1006.7759395960892
1740675600000,1014.4339084140571,1012.3926883347322,3,1006.7861140927378
1740679200000,1013.8064192725393,1013.3927494296004,3,1006.7861140927378
1740682800000,1013.8904922749196,1013.1590014351659,3,1006.7861140927378
1740686400000,1015.4793731303513,1013.8476836113673,3,1006.7861140927378
1740690000000,1016.6867646418315,1015.3778714263602,3,1006.7861140927378
1740693600000,1014.9602420612149,1014.9300611191093,3,1006.7861140927378
1740697200000,1014.7888225229417,1014.6196278259903,3,1006.7861140927378
1740700800000,1014.7379161086365,1014.1905095246137,3,1006.7861140927378
1740704400000,1015.5325884492845,1014.3668696908692,3,1006.7897473199989
1740708000000,1020.7093859892261,1015.1675027635729,3,1006.7897473199989
1740711600000,1022.1122014125854,1019.1138573391374,3,1006.7897473199989
1740715200000,1023.5402837695366,1021.0399395368656,3,1006.7897473199989
1740718800000,1023.7611780630583,1022.8480408147428,3,1006.7897473199989
1740722400000,1024.2563694674063,1023.5028628522892,3,1006.7897473199989
1740726000000,1025.6283499535393,1023.7033604397164,2,1015.3813393908455
1740729600000,1025.7181033757172,1024.5724531149428,2,1015.3813393908455
1740733200000,1026.264820145147,1025.1302491260592,2,1023.9603787692748
1740736800000,1025.104225955356,1024.7763338159525,2,1023.9603787692748
1740740400000,1025.7955674055877,1024.9781630623625,2,1023.9603787692748
1740744000000,1025.3198001522749,1024.8805187504706,2,1023.9603787692748
1740747600000,1025.0198562152925,1024.9503934800568,2,1023.9603787692748
1740751200000,1024.0846513447573,1023.7166215085323,2,1023.9603787692748
1740754800000,1023.5636368503258,1022.9615671632006,2,1023.9603787692748
1740758400000,1021.9983213130572,1021.4705296105266,2,1023.9603787692748
1740762000000,1021.7810730575303,1021.243653136764,2,1023.9607523492546
1740765600000,1022.400130338391,1021.6421998048046,2,1023.9607523492546
1740769200000,1021.6665671353011,1021.0167828019161,2,1023.9607523492546
1740772800000,1021.606746812979,1021.274131945512,2,1023.9607523492546
1740776400000,1021.8905035724289,1021.3656425563811,2,1023.9607523492546
1740780000000,1021.8417482942833,1021.4049207778063,2,1023.9607523492546
1740783600000,1022.0012799975913,1021.6119076442665,2,1023.9607523492546
1740787200000,1021.7325811485937,1021.4971067522356,2,1023.9607523492546
1740790800000,1022.151402454767,1021.4032819707699,2,1023.963846578858
1740794400000,1021.0663240941335,1020.9235995029352,2,1023.963846578858
1740798000000,1020.7152809294616,1020.2594729262081,1,1021.4140570519619
1740801600000,1020.6688189973063,1020.5760975815017,1,1021.4140570519619
1740805200000,1020.238261636908,1020.0426457678661,1,1021.4140570519619
1740808800000,1020.5342919649871,1020.1952413293567,1,1021.4140570519619
1740812400000,1020.7980823684662,1020.4968896034808,1,1021.4140570519619
1740816000000,1020.958320361063,1020.7980823684662,1,1021.4140570519619
1740819600000,1020.675968495578,1020.6607848576188,1,1021.4114384098132
1740823200000,1020.6380600128064,1020.5785907641325,1,1021.4114384098132
1740826800000,1020.8842373962526,1020.6076421247612,1,1021.4114384098132
1740830400000,1021.0132477067799,1020.845569731583,1,1021.4114384098132
1740834000000,1020.9528674398285,1020.8538701203341,1,1021.4114384098132
1740837600000,1021.068263088319,1020.8581721510892,1,1021.4114384098132
1740841200000,1020.9758453452736,1020.904482246865,1,1021.4114384098132
1740844800000,1020.9315091224324,1020.8664725398403,1,1021.4114384098132
1740848400000,1020.6947824239431,1020.6882534596207,1,1021.4110703422231
1740852000000,1020.72327705118,1020.6330356295755,1,1021.4110703422231
1740855600000,1020.6623906629634,1020.6581392443347,1,1021.4110703422231
1740859200000,1020.588952467367,1020.4967371728278,1,1021.4110703422231
1740862800000,1020.5596480461056,1020.5253836364442,1,1021.4110703422231
1740866400000,1020.2864943992184,1020.2352749271691,1,1021.4110703422231
1740870000000,1020.2684764821735,1020.189875849671,1,1021.4110703422231
1740873600000,1020.2971735579164,1020.2216096530059,1,1021.4110703422231
1740877200000,1020.3131968337406,1020.1564510778744,1,1021.4105940647981
1740880800000,1020.1488086467682,1020.1487580346417,1,1021.4105940647981
1740884400000,1020.4355263435657,1020.0728904569719,1,1021.4105940647981
1740888000000,1020.395795824239,1020.2113652351603,1,1021.4105940647981
1740891600000,1020.4528356908393,1020.3865844172104,1,1021.4105940647981
1740895200000,1020.3460947159856,1020.2966466683649,1,1021.4105940647981
1740898800000,1020.1849963172378,1020.0399419626002,1,1021.4105940647981
1740902400000,1020.2037228040542,1020.1436968219887,1,1021.4105940647981
1740906000000,1020.4544559334742,1020.1882867600482,1,1021.4093800283473
1740909600000,1020.377879786033,1020.2624841375425,1,1021.4093800283473
1740913200000,1020.324686441049,1020.3208399194326,1,1021.4093800283473
1740916800000,1020.2755926783141,1020.2105054835953,1,1021.4093800283473
1740920400000,1020.3281786777796,1020.2711894233059,1,1021.4093800283473
1740924000000,1020.4626044858456,1020.3256986835796,1,1021.4093800283473
1740927600000,1020.7668845905494,1020.3644169603757,1,1021.4093800283473
1740931200000,1019.2382581862018,1018.9611957523067,0,1019.2382581862018
1740934800000,1027.9833811521198,1019.2008784397273,0,1027.9833811521198
1740938400000,1027.9833811521198,1027.9833811521198,0,1027.9833811521198
1740942000000,1027.9833811521198,1027.9833811521198,0,1027.9833811521198
1740945600000,1027.9833811521198,1027.9833811521198,0,1027.9833811521198
1740949200000,1027.6615161697441,1027.0592032525321,2,1027.9560705154306
1740952800000,1028.5628119849587,1027.4844709417716,2,1027.9560705154306
1740956400000,1029.0255701238646,1027.6844942040605,2,1027.9560705154306
1740960000000,1030.8337114753379,1028.8484034001451,2,1027.9560705154306
1740963600000,1028.90237411758,1028.7162956203515,2,1027.950316091408
1740967200000,1028.273182199388,1027.4027160073376,2,1027.950316091408
1740970800000,1028.1301738742377,1026.8368542745607,2,1027.950316091408
1740974400000,1027.8162245896808,1027.1889014875178,2,1027.950316091408
1740978000000,1028.0381258731811,1027.3604244652597,2,1027.950316091408
1740981600000,1027.794600652316,1027.4992038892574,2,1027.950316091408
1740985200000,1025.1129158866806,1024.5225332276316,2,1027.950316091408
1740988800000,1024.7780239713718,1024.1373172258168,1,1025.3957370347846
1740992400000,1023.4132890343278,1022.9533213196024,0,1023.4132890343278
1740996000000,1023.4132890343278,1023.4132890343278,0,1023.4132890343278
1740999600000,1023.4132890343278,1023.4132890343278,0,1023.4132890343278
1741003200000,1023.4132890343278,1023.4132890343278,0,1023.4132890343278
1741006800000,1023.4132890343278,1023.4132890343278,0,1023.4132890343278
1741010400000,1023.4132890343278,1023.4132890343278,0,1023.4132890343278
1741014000000,1023.4132890343278,1023.4132890343278,0,1023.4132890343278
1741017600000,1023.4132890343278,1023.4132890343278,0,1023.4132890343278
1741021200000,1023.3541393250719,1022.8437068661124,1,1023.3931472526012
1741024800000,1023.1551174947436,1023.0883866457511,1,1023.3931472526012
1741028400000,1022.4819554215745,1021.9996201621906,1,1023.3931472526012
1741032000000,1021.2234350239104,1020.9939745607084,1,1023.3931472526012
1741035600000,1020.854755811742,1020.5444193674963,0,1020.854755811742
1741039200000,1020.854755811742,1020.854755811742,0,1020.854755811742
1741042800000,1020.854755811742,1020.854755811742,0,1020.854755811742
1741046400000,1020.854755811742,1020.854755811742,0,1020.854755811742
1741050000000,1020.854755811742,1020.854755811742,0,1020.854755811742
1741053600000,1020.854755811742,1020.854755811742,0,1020.854755811742
1741057200000,1020.854755811742,1020.854755811742,0,1020.854755811742
1741060800000,1020.854755811742,1020.854755811742,0,1020.854755811742
1741064400000,1020.7427239370028,1020.3967542344102,2,1020.8305596148529
1741068000000,1020.2219104175124,1019.8265129967318,2,1020.8305596148529
1741071600000,1020.6113211641143,1020.0144827770173,2,1020.8305596148529
1741075200000,1021.5402688721995,1020.4733675718938,2,1020.8305596148529
1741078800000,1020.9143505793705,1020.6677639712225,2,1020.8323467725345
1741082400000,1021.4644846751538,1020.7405985656949,2,1020.8323467725345
1741086000000,1021.1755731509418,1021.049568582355,2,1020.8323467725345
1741089600000,1021.3146915205543,1020.7026165377956,2,1020.8323467725345
1741093200000,1021.1847622606165,1020.820905509658,2,1020.8323467725345
1741096800000,1022.0472025945345,1021.1717214337605,2,1020.8323467725345
1741100400000,1021.6127313426326,1019.494721996992,2,1020.8323467725345
1741104000000,1021.5989074481132,1020.4621185792363,2,1020.8323467725345
1741107600000,1022.0972131093228,1021.4433287062069,2,1020.8347922776586
1741111200000,1020.7057646505684,1020.332730952297,2,1020.8347922776586
1741114800000,1019.8254494306462,1019.6234321568145,2,1020.8347922776586
1741118400000,1019.8781282337769,1019.4882263161916,2,1020.8347922776586
1741122000000,1020.7931865590174,1019.6668488761005,2,1020.8347922776586
1741125600000,1020.1370699000108,1019.2779536252054,2,1020.8347922776586
1741129200000,1020.177824004231,1019.5934379741129,2,1020.8347922776586
1741132800000,1019.8688661499322,1019.7031992803477,2,1020.8347922776586
1741136400000,1020.1870979523358,1019.6392082748049,2,1020.835416936519
1741140000000,1019.4474719138699,1019.4300881988491,2,1020.835416936519
1741143600000,1019.4828278137883,1019.0755178564588,2,1020.835416936519
1741147200000,1020.2761636467986,1019.3117262528167,2,1020.835416936519
1741150800000,1019.6347072759385,1019.5413230180342,2,1020.835416936519
1741154400000,1019.4988278289071,1019.2995583066729,2,1020.835416936519
1741158000000,1019.2065071090506,1019.017530662075,2,1020.835416936519
1741161600000,1018.9505732805262,1018.7143648841682,2,1020.835416936519
1741165200000,1018.3102460220542,1018.2442306290449,1,1018.2974850966153
1741168800000,1018.1929880416055,1017.9041859786485,1,1018.2974850966153
1741172400000,1017.9736721892848,1017.7022416789868,1,1018.2974850966153
1741176000000,1018.3580177918667,1017.9628149688727,1,1018.2974850966153
1741179600000,1018.6504230040395,1018.0507276132272,2,1018.2864367641154
1741183200000,1018.7254012285455,1018.2073187062921,2,1018.2864367641154
1741186800000,1018.9029701016024,1018.2866257292598,2,1018.2864367641154
1741190400000,1019.4337881694113,1018.5762509230092,2,1018.2864367641154
1741194000000,1019.3369837672714,1018.7893316200501,2,1018.2838407121423
1741197600000,1019.1909652029441,1018.6838629777335,2,1018.2838407121423
1741201200000,1019.0362364135774,1018.7662115412527,2,1018.2838407121423
1741204800000,1019.0973412917007,1018.76883965106,2,1018.2838407121423
1741208400000,1018.8849672920746,1018.7612945731713,2,1018.2838407121423
1741212000000,1018.8968082924513,1018.5490483467437,2,1018.2838407121423
1741215600000,1018.9391444072062,1018.709692939731,2,1018.2838407121423
1741219200000,1018.9797365983262,1018.7580350587638,2,1018.2838407121423
1741222800000,1018.9959717484327,1018.4185564510971,2,1018.279060509715
1741226400000,1018.9511184425409,1018.3958404099089,2,1018.279060509715
1741230000000,1018.6631338479374,1018.5125149173053,2,1018.279060509715
1741233600000,1018.5566569769463,1018.3419019866461,2,1018.279060509715
1741237200000,1018.5188507799807,1017.9697873323469,2,1018.279060509715
1741240800000,1018.6190801899995,1017.7256225331682,2,1018.279060509715
1741244400000,1018.8459552099122,1018.3074746500224,2,1018.279060509715
1741248000000,1018.9339010435326,1018.6545683834136,2,1018.279060509715
1741251600000,1018.3246243353561,1018.1572803122398,2,1018.2780127467721
1741255200000,1018.4627454464303,1017.9019894896314,2,1018.2780127467721
1741258800000,1018.618501250742,1018.1894855084078,2,1018.2780127467721
1741262400000,1018.6275854022417,1018.2515450212187,2,1018.2780127467721
1741266000000,1018.8202162516701,1018.4509044460534,2,1018.2780127467721
1741269600000,1018.6801266147952,1018.4417901834053,2,1018.2780127467721
1741273200000,1018.6193637530299,1018.164946535017,2,1018.2780127467721
1741276800000,1018.8093825140966,1018.2207491937203,2,1018.2780127467721
1741280400000,1019.0227219667664,1018.4606787520577,2,1018.2755674293713
1741284000000,1019.1750744620266,1018.6850778840713,2,1018.2755674293713
1741287600000,1019.2483670534523,1018.9815067983102,2,1018.2755674293713
1741291200000,1019.1941523657791,1018.8721556642502,2,1018.2755674293713
1741294800000,1019.4271151633627,1019.0610337268761,2,1018.2755674293713
1741298400000,1019.546284344929,1019.2183286047989,2,1018.2755674293713
1741302000000,1019.4101241654743,1019.1220061352332,2,1018.2755674293713
1741305600000,1019.4098817429089,1019.2299177894748,2,1018.2755674293713
1741309200000,1020.0978083527737,1018.4353127778529,2,1018.2711614147591
1741312800000,1020.497766661594,1018.8923186013891,2,1018.2711614147591
1741316400000,1020.47634630558,1020.1315517894699,2,1018.2711614147591
1741320000000,1019.7586506110486,1019.3914904973723,2,1018.2711614147591
1741323600000,1019.7819426638961,1019.5811860283518,2,1018.2711614147591
1741327200000,1019.9275779086275,1019.4588250160683,2,1018.2711614147591
1741330800000,1020.0067628208354,1019.7186203418847,2,1018.2711614147591
1741334400000,1020.1060131474572,1019.8445885473726,2,1018.2711614147591
1741338000000,1019.7829087767888,1019.6457131551248,2,1018.2694984519735
1741341600000,1019.6361582481974,1019.1674626803214,2,1018.2694984519735
1741345200000,1019.4654363306103,1019.3271620317565,2,1018.2694984519735
1741348800000,1019.2274325224429,1019.1985431994945,2,1018.2694984519735
1741352400000,1019.420614934821,1019.1084447080623,2,1018.2694984519735
1741356000000,1019.0946831134328,1018.6270906714561,2,1018.2694984519735
1741359600000,1019.1135045049168,1018.496010040998,2,1018.2694984519735
1741363200000,1018.9814588807645,1018.4588906415736,2,1018.2694984519735
1741366800000,1018.9926271589486,1018.5294010879751,2,1018.2694778523942
1741370400000,1019.002905602876,1018.3671366138552,2,1018.2694778523942
1741374000000,1019.0390562779099,1018.596693337562,2,1018.2694778523942
1741377600000,1019.1032778416677,1018.8014132723713,2,1018.2694778523942
1741381200000,1018.9583802236391,1018.6343689965037,2,1018.2694778523942
1741384800000,1018.9215877849982,1018.4415605105862,2,1018.2694778523942
1741388400000,1019.1966875097517,1018.7086434361519,2,1018.2694778523942
1741392000000,1018.9973365121809,1018.8442708389275,2,1018.2694778523942
1741395600000,1018.7888042377293,1018.3249072578717,2,1018.2678923497754
1741399200000,1018.5371572149958,1017.9061971729999,2,1018.2678923497754
1741402800000,1018.2419826826932,1017.9723759376807,2,1018.2678923497754
1741406400000,1017.9230557011219,1017.8326198898997,2,1018.2678923497754
1741410000000,1017.7693924651132,1017.2666800937443,2,1018.2678923497754
1741413600000,1017.8859419641364,1017.3102283213263,2,1018.2678923497754
1741417200000,1018.2602525112276,1017.8199764767436,2,1018.2678923497754
1741420800000,1018.2399587639513,1018.0175684951051,2,1018.2678923497754
1741424400000,1018.3010794171602,1018.0615553216526,2,1018.2666828882018
1741428000000,1018.2142065982905,1017.902440409141,2,1018.2666828882018
1741431600000,1018.4650361526706,1017.9838672139465,2,1018.2666828882018
1741435200000,1018.593403169232,1018.2778446889962,2,1018.2666828882018
1741438800000,1018.608789341562,1018.2864881962165,2,1018.2666828882018
1741442400000,1018.6871078879971,1018.3154630232546,2,1018.2666828882018
1741446000000,1018.8002231337374,1018.5235843353731,2,1018.2666828882018
1741449600000,1018.8873233195982,1018.6874123318138,2,1018.2666828882018
1741453200000,1018.9071053803322,1018.6932533624749,2,1018.2665799358363
1741456800000,1018.652033497451,1018.26527306235,2,1018.2665799358363
1741460400000,1018.6822439201547,1018.4473661907573,2,1018.2665799358363
1741464000000,1019.0090881071213,1018.4141772146244,2,1018.2665799358363
1741467600000,1018.9055803964243,1018.7595326868195,2,1018.2665799358363
1741471200000,1018.9105359029186,1018.6849716237544,2,1018.2665799358363
1741474800000,1019.1744072456247,1018.8191830295501,2,1018.2665799358363
1741478400000,1019.0895395592262,1018.8316648276625,2,1018.2665799358363
1741482000000,1018.8990161893303,1018.7987210273639,2,1018.2660039126206
1741485600000,1019.0034399963021,1018.7492288167549,2,1018.2660039126206
1741489200000,1018.9896934572469,1018.8027970442535,2,1018.2660039126206
1741492800000,1018.8026542154806,1018.7314193846418,2,1018.2660039126206
1741496400000,1018.9238942814654,1018.7511333895621,2,1018.2660039126206
1741500000000,1019.0306276647249,1018.8293627012115,2,1018.2660039126206
1741503600000,1019.0202214475987,1018.899295218566,2,1018.2660039126206
1741507200000,1019.0374323510855,1018.7249144455299,2,1018.2660039126206
1741510800000,1019.0741471910426,1018.7069448082574,2,1018.2648260856513
1741514400000,1018.9820482637072,1018.7245869628879,2,1018.2648260856513
1741518000000,1019.0914604531471,1018.4783098432644,2,1018.2648260856513
1741521600000,1018.8792433719968,1018.6836940586478,2,1018.2648260856513
1741525200000,1019.0655788289051,1018.6379509041449,2,1018.2648260856513
1741528800000,1019.0228997319209,1018.5659079980878,2,1018.2648260856513
1741532400000,1018.7397381740453,1018.4944354412511,2,1018.2648260856513
1741536000000,1018.478047668557,1018.3138588694876,2,1018.2648260856513
1741539600000,1018.9200009633372,1017.9734223515968,2,1018.2627223797391
1741543200000,1019.165260461151,1018.6746418717308,2,1018.2627223797391
1741546800000,1019.202260514641,1018.8626216584814,2,1018.2627223797391
1741550400000,1019.0717465027068,1018.8362129199994,2,1018.2627223797391
1741554000000,1019.1325657232843,1018.7784822056504,2,1018.2627223797391
1741557600000,1019.1948479065185,1018.8150302899834,2,1018.2627223797391
1741561200000,1019.3930619363449,1019.0542405485389,2,1018.2627223797391
1741564800000,1019.1128356969184,1018.8135419127457,2,1018.2627223797391
1741568400000,1019.4890574733281,1018.5211702573268,2,1018.2630305824531
1741572000000,1019.404351401973,1018.9285054006822,2,1018.2630305824531
1741575600000,1019.2220731756838,1018.7820724397391,2,1018.2630305824531
1741579200000,1019.068499174461,1018.793271676509,2,1018.2630305824531
1741582800000,1018.8795694495906,1018.7474627700584,2,1018.2630305824531
1741586400000,1018.8369909122702,1018.5391084285098,2,1018.2630305824531
1741590000000,1018.769880029869,1018.6381867810813,2,1018.2630305824531
1741593600000,1018.6756190515865,1018.4749432235641,2,1018.2630305824531
1741597200000,1019.0062142631086,1018.2955046221233,2,1018.2635615968851
1741600800000,1019.0954258035431,1018.0456044206383,2,1018.2635615968851
1741604400000,1019.1309581978087,1018.7198458189413,2,1018.2635615968851
1741608000000,1019.0657679096604,1018.7283568563954,2,1018.2635615968851
1741611600000,1019.1084507373411,1018.7738434986297,2,1018.2635615968851
1741615200000,1019.3286873825042,1018.6793776703234,2,1018.2635615968851
1741618800000,1019.3689111768143,1018.4354983959021,2,1018.2635615968851
1741622400000,1019.3702755115497,1018.8628218768458,2,1018.2635615968851
1741626000000,1019.4009103266499,1018.8523186003154,2,1018.2620964720486
1741629600000,1019.7393032281373,1019.0117407214688,2,1018.2620964720486
1741633200000,1019.6714782018715,1018.8638767079714,2,1018.2620964720486
1741636800000,1019.5359523246309,1018.9325313605511,2,1018.2620964720486
1741640400000,1019.6776799402813,1019.0480054308237,3,1018.2362641454905
1741644000000,1019.2457187114758,1018.8048533596511,3,1018.2362641454905
1741647600000,1019.6247300365958,1018.750649875367,2,1015.701422862121
1741651200000,1019.9027168634242,1019.1265644326713,2,1015.701422862121
1741654800000,1021.6797058740477,1019.2089699440381,2,1015.6995548111868
1741658400000,1019.9514392199663,1019.946134894167,2,1015.6995548111868
1741662000000,1019.4735107761284,1019.2212200644722,2,1015.6995548111868
1741665600000,1019.7745675328513,1018.8879528603301,2,1015.6995548111868
1741669200000,1018.9952426170328,1018.3598266582367,3,1015.6870794830561
1741672800000,1018.1992585596951,1017.455430256475,3,1015.6870794830561
1741676400000,1018.6157462492345,1017.5379166223894,3,1015.6870794830561
1741680000000,1016.5109255373748,1016.1369412411904,3,1015.6870794830561
1741683600000,1016.0328813553205,1015.3930048607752,2,1013.6563347072678
1741687200000,1015.8801018373165,1015.4640586305194,2,1013.6563347072678
1741690800000,1015.6248608159101,1015.4656822889534,2,1013.6563347072678
1741694400000,1015.674948183923,1015.3982233682815,2,1013.6563347072678
1741698000000,1016.3264875996199,1015.6226028793571,2,1013.6563347072678
1741701600000,1015.9670172622591,1015.1164348938855,2,1013.6563347072678
1741705200000,1016.9640089705074,1015.6575478004404,2,1013.6563347072678
1741708800000,1015.497062754109,1015.2789669286921,2,1013.6563347072678
1741712400000,1015.1208184953915,1014.4044240654591,2,1013.6587289819457
1741716000000,1015.5527537505316,1015.0556463420965,2,1013.6587289819457
1741719600000,1014.0540810990944,1013.6986941724862,2,1013.6587289819457
1741723200000,1014.1731068920953,1013.801184506712,2,1013.6587289819457
1741726800000,1014.5310688943164,1014.0423301231511,2,1013.6587289819457
1741730400000,1014.2166510970374,1013.9990453956215,2,1013.6587289819457
1741734000000,1014.3104844857575,1014.0116704285854,2,1013.6587289819457
1741737600000,1014.9362260498781,1014.2581103503679,2,1013.6587289819457
1741741200000,1015.1477846554675,1014.7223637325745,2,1013.6603009219758
1741744800000,1014.8316278764601,1014.3956957030383,2,1013.6603009219758
1741748400000,1015.714089966303,1014.7728259012941,2,1013.6603009219758
1741752000000,1016.2314323112461,1015.5375398866872,2,1013.6603009219758
1741755600000,1016.3493822314612,1016.1137995300905,2,1013.6603009219758
1741759200000,1016.060234198621,1015.9490004264183,2,1013.6603009219758
1741762800000,1016.2080653811646,1015.9904885105724,2,1013.6603009219758
1741766400000,1015.4376822897212,1015.3593373178138,2,1013.6603009219758
1741770000000,1015.1907260125465,1014.9463710423756,2,1013.6619560106659
1741773600000,1015.3323888327262,1014.7589060807007,2,1013.6619560106659
1741777200000,1015.1705775685095,1015.1291471460027,2,1013.6619560106659
1741780800000,1014.9794616584362,1014.7611928480775,2,1013.6619560106659
1741784400000,1014.5877079680755,1013.9221884707057,2,1013.6619560106659
1741788000000,1015.7454730308912,1014.4613894105905,2,1013.6619560106659
1741791600000,1016.5453625839564,1015.5360918126272,2,1013.6619560106659
1741795200000,1016.2871337230944,1016.1781002257975,2,1013.6619560106659
1741798800000,1016.2661962800818,1015.7710008383167,2,1013.6644719902057
1741802400000,1016.3754892547909,1015.6990837061855,2,1013.6644719902057
1741806000000,1016.0246182012888,1015.7693483490589,2,1013.6644719902057
1741809600000,1016.0032208995245,1015.7743831769899,2,1013.6644719902057
1741813200000,1015.8943027255223,1015.765437923248,2,1013.6644719902057
1741816800000,1015.8285539557552,1015.5276837777952,2,1013.6644719902057
1741820400000,1015.5296534061124,1015.4425073345811,2,1013.6644719902057
1741824000000,1015.5271071613233,1015.4313329751096,2,1013.6644719902057
1741827600000,1015.705477816872,1015.2522894140855,2,1013.6690406266929
1741831200000,1015.5091829247496,1015.3805487690641,2,1013.6690406266929
1741834800000,1015.852088972512,1015.2171715080606,2,1013.6690406266929
1741838400000,1015.836196924169,1015.5465587673276,2,1013.6690406266929
1741842000000,1016.1568695762827,1015.6507880832821,2,1013.6690406266929
1741845600000,1016.5800613934462,1016.0108350371147,2,1013.6690406266929
1741849200000,1016.6060610607876,1016.4928288294442,2,1013.6690406266929
1741852800000,1016.4268494130882,1016.1261522200697,2,1013.6690406266929
1741856400000,1016.3491688952504,1016.1967641779532,2,1013.672510802964
1741860000000,1015.5728769188555,1015.5335891096073,2,1013.672510802964
1741863600000,1015.524615025042,1015.4069822438863,2,1013.672510802964
1741867200000,1015.3213156766712,1015.2864572480587,2,1013.672510802964
1741870800000,1015.774907710988,1014.8399561624609,2,1013.672510802964
1741874400000,1016.4747666821456,1015.3474883289542,2,1013.672510802964
1741878000000,1015.9448281350623,1015.7246473580336,2,1013.672510802964
1741881600000,1016.2435268689399,1015.8357946377655,2,1013.672510802964
1741885200000,1016.8190620681643,1016.1674649908201,2,1013.6749668816933
1741888800000,1017.5131274776646,1016.6992290121028,2,1013.6749668816933
1741892400000,1016.9668932507079,1016.7170906887629,2,1013.6749668816933
1741896000000,1017.1000144486761,1016.7552540958908,2,1013.6749668816933
1741899600000,1017.2223937495266,1016.8342910075646,2,1013.6749668816933
1741903200000,1016.8317447627754,1016.829573318693,2,1013.6749668816933
1741906800000,1016.1888622925845,1016.1211727253238,2,1013.6749668816933
1741910400000,1016.3807854657186,1015.9926827237564,2,1013.6749668816933
1741914000000,1016.1597447844063,1016.0093096954262,2,1013.6781615573384
1741917600000,1016.1380880052295,1015.9374502249424,2,1013.6781615573384
1741921200000,1015.7740441331154,1015.7435285926675,2,1013.6781615573384
1741924800000,1015.9831947047904,1015.7697012449505,2,1013.6781615573384
1741928400000,1016.1578039869125,1015.7892730725156,2,1013.6781615573384
1741932000000,1016.1098880629821,1016.0161699975565,2,1013.6781615573384
1741935600000,1016.2909828465279,1016.0533151935458,2,1013.6781615573384
1741939200000,1016.1496371654077,1015.8964522647894,2,1013.6781615573384
1741942800000,1015.9131535849277,1015.6948559437454,2,1013.6811711040397
1741946400000,1015.9617037869772,1015.6278294854275,2,1013.6811711040397
1741950000000,1015.8983859387049,1015.7634392665375,2,1013.6811711040397
1741953600000,1015.8285249273619,1015.760921852572,2,1013.6811711040397
1741957200000,1015.6888893971467,1015.6127447001453,2,1013.6811711040397
1741960800000,1015.589002969357,1015.3447056608334,2,1013.6811711040397
1741964400000,1015.3593291529381,1015.2851540842539,2,1013.6811711040397
1741968000000,1015.2507569488189,1014.4615228004004,2,1013.6811711040397
1741971600000,1014.5457687139484,1014.4627637148167,2,1013.6828733116334
1741975200000,1014.5211620584523,1014.4081028120503,2,1013.6828733116334
1741978800000,1014.7242307602341,1014.4581613492395,2,1013.6828733116334
1741982400000,1014.7895758984708,1014.325068982095,2,1013.6828733116334
1741986000000,1014.920352667415,1014.7634320770115,2,1013.6828733116334
1741989600000,1014.8848022990363,1014.7217421770923,2,1013.6828733116334
1741993200000,1014.5736226863127,1014.5039058290876,2,1013.6828733116334
1741996800000,1015.0840182366545,1014.5627078042536,2,1013.6828733116334
1742000400000,1014.8405534706162,1014.7577502872497,2,1013.6835328691772
1742004000000,1015.0802195827391,1014.7380343055665,2,1013.6835328691772
1742007600000,1014.9344445209834,1014.8452134978404,2,1013.6835328691772
1742011200000,1014.6661460042592,1014.6115715939636,2,1013.6835328691772
1742014800000,1014.3318969020028,1014.172718375046,2,1013.6835328691772
1742018400000,1014.4838114952988,1014.2248906946704,2,1013.6835328691772
1742022000000,1014.5041329242773,1014.3120079353781,2,1013.6835328691772
1742025600000,1014.7396579640007,1014.449760329747,2,1013.6835328691772
1742029200000,1014.3581218908527,1014.2928055834396,2,1013.6850935408838
1742032800000,1014.1906035574495,1014.0514581512355,2,1013.6850935408838
1742036400000,1014.2886356802164,1014.1404873586132,2,1013.6850935408838
1742040000000,1014.0166573842702,1013.9140805575732,2,1013.6850935408838
1742043600000,1014.2277199226153,1013.9840280613872,2,1013.6850935408838
1742047200000,1014.1172934134732,1013.9253990711627,2,1013.6850935408838
1742050800000,1014.5003324966807,1013.9577689166333,2,1013.6850935408838
1742054400000,1014.3449779030641,1014.1862895001084,2,1013.6850935408838
1742058000000,1014.1594174834116,1013.9433777787826,2,1013.6845094997644
1742061600000,1013.9738356575831,1013.8647156678156,2,1013.6845094997644
1742065200000,1014.1504433988462,1013.8628037011456,2,1013.6845094997644
1742068800000,1014.2355333495896,1014.1526148429285,2,1013.6845094997644
1742072400000,1013.831279081872,1013.7487065450944,2,1013.6845094997644
1742076000000,1013.4750657013072,1013.4690606839571,1,1011.1475453840469
1742079600000,1013.5554091323554,1013.4598655927306,1,1011.1475453840469
1742083200000,1013.6856957772985,1013.5510662441907,1,1011.1475453840469
1742086800000,1013.6945392577945,1013.6337388234879,1,1011.1477030882135
1742090400000,1013.8356831231495,1013.6359102675701,1,1011.1477030882135
1742094000000,1013.8943121133739,1013.7857399092547,1,1011.1477030882135
1742097600000,1013.7271109190303,1013.7075679222888,1,1011.1477030882135
1742101200000,1013.6988821459594,1013.6511103761469,1,1011.1477030882135
1742104800000,1013.6511103761469,1013.6424245998173,1,1011.1477030882135
1742108400000,1013.7032250341241,1013.6489389320645,1,1011.1477030882135
1742112000000,1013.7488253598542,1013.7010535900417,1,1011.1477030882135
1742115600000,1013.7070513481189,1013.6766511309655,1,1011.1471865140435
1742119200000,1013.9372244208516,1013.6961941277069,1,1011.1471865140435
1742122800000,1014.0718539539594,1013.8807668747097,1,1011.1471865140435
1742126400000,1014.4605424447061,1014.0588252894651,1,1011.1471865140435
1742130000000,1014.4192850071408,1014.3041984707745,1,1011.1471865140435
1742133600000,1014.5039713263538,1014.2781411417859,1,1011.1471865140435
1742137200000,1014.2955126944449,1014.2824840299506,1,1011.1471865140435
1742140800000,1014.386713345905,1014.2499123687148,1,1011.1471865140435
1742144400000,1014.1603139380932,1013.9865984115024,1,1011.1466172907996
1742148000000,1014.0560846221388,1014.0061414082439,1,1011.1466172907996
1742151600000,1014.0908277274569,1013.9475124180196,1,1011.1466172907996
1742155200000,1014.3362009087663,1014.0756276188803,1,1011.1466172907996
1742158800000,1014.0821419511274,1014.0777990629625,1,1011.1466172907996
1742162400000,1014.0387130694797,1013.9735697470081,1,1011.1466172907996
1742166000000,1014.277571918542,1014.0191700727382,1,1011.1466172907996
1742169600000,1014.1689997144227,1014.0843133952098,1,1011.1466172907996
1742173200000,1013.7952593078812,1013.7453160939864,1,1011.1485367105105
1742176800000,1013.5954864523019,1013.5672576792309,1,1011.1485367105105
1742180400000,1013.53902890616,1013.3197130538391,1,1011.1485367105105
1742184000000,1013.4934285804298,1013.3370846064983,1,1011.1485367105105
1742187600000,1013.4130851493817,1013.2589126195323,1,1011.1485367105105
1742191200000,1013.6628012188559,1013.408742261217,1,1011.1485367105105
1742194800000,1013.6997157682564,1013.5412003502423,1,1011.1485367105105
1742198400000,1013.725773097245,1013.6085151167963,1,1011.1485367105105
1742202000000,1013.710403887517,1013.6626321177047,1,1011.1505390534417
1742205600000,1013.4433162653838,1013.4172589363952,1,1011.1505390534417
1742209200000,1013.4845737029491,1013.3955444955714,1,1011.1505390534417
1742212800000,1013.5649171339974,1013.3716586106651,1,1011.1505390534417
1742216400000,1013.6061745715626,1013.3390869494294,1,1011.1505390534417
1742220000000,1013.6387462327984,1013.4411448213015,1,1011.1505390534417
1742223600000,1013.590974462986,1013.506288143773,1,1011.1505390534417
1742227200000,1013.4628592621253,1013.4194303804776,1,1011.1505390534417
1742230800000,1013.5536052041614,1013.4059470065592,1,1011.1522557881
1742234400000,1013.4732617731131,1013.3668610130763,1,1011.1522557881
1742238000000,1013.3190892432639,1013.2344029240509,1,1011.1522557881
1742241600000,1013.4645759967837,1013.2713174734514,1,1011.1522557881
1742245200000,1013.6382915233743,1013.4580616645366,1,1011.1522557881
1742248800000,1013.5774910890676,1013.5210335429256,1,1011.1522557881
1742252400000,1013.6404629674568,1013.5188620988432,1,1011.1522557881
1742256000000,1013.7251492866696,1013.6382915233744,1,1011.1522557881
1742259600000,1013.9295384033223,1013.7145654391662,1,1011.1525291610085
1742263200000,1014.1835973609612,1013.8839380775922,1,1011.1525291610085
1742266800000,1014.1466828115607,1014.0706822686773,1,1011.1525291610085
1742270400000,1014.244397795268,1014.1488542556431,1,1011.1525291610085
1742274000000,1014.272626568339,1014.1445113674783,1,1011.1525291610085
1742277600000,1014.2118261340322,1014.1488542556431,1,1011.1525291610085
1742281200000,1014.39205599287,1014.2118261340322,1,1011.1525291610085
1742284800000,1014.3269126703985,1014.2205119103618,1,1011.1525291610085
1742288400000,1014.2198342648538,1014.19811982403,1,1011.1518515155005
1742292000000,1014.3327493571378,1014.1720624950414,1,1011.1518515155005
1742295600000,1014.4196071204332,1014.2762918109959,1,1011.1518515155005
1742299200000,1014.5194935482228,1014.3957212355269,1,1011.1518515155005
1742302800000,1014.582465426612,1014.4673788902456,1,1011.1518515155005
1742306400000,1014.7648667295322,1014.5412079890467,1,1011.1518515155005
1742310000000,1014.5672653180352,1014.2762918109958,1,1011.1518515155005
1742313600000,1014.6085227556006,1014.4673788902456,1,1011.1518515155005
1742317200000,1014.5423610015342,1014.4837320113098,1,1011.1508330839057
1742320800000,1014.6596189819829,1014.4967606758041,1,1011.1508330839057
1742324400000,1014.592304215429,1014.5249894488751,1,1011.1508330839057
1742328000000,1014.5315037811223,1014.4880748994747,1,1011.1508330839057
1742331600000,1014.6639618701477,1014.4989321198865,1,1011.1508330839057
1742335200000,1014.5727612186876,1014.5206465607102,1,1011.1508330839057
1742338800000,1014.2969878202248,1014.2731019353186,1,1011.1508330839057
1742342400000,1014.2123015010118,1014.1732155075289,1,1011.1508330839057
1742346000000,1014.1540724670318,1013.9955570490177,1,1011.15123304015
1742349600000,1014.336473769952,1014.1019578090546,1,1011.15123304015
1742353200000,1014.149729578867,1014.1149864735488,1,1011.15123304015
1742356800000,1014.0737290359835,1014.065043259654,1,1011.15123304015
1742360400000,1014.2257301217504,1014.0498431510773,1,1011.15123304015
1742364000000,1014.1627582433613,1014.1367009143727,1,1011.15123304015
1742367600000,1014.1823012401028,1014.1236722498784,1,1011.15123304015
1742371200000,1014.2973877764691,1014.0498431510773,1,1011.15123304015
1742374800000,1014.1603609690943,1014.1147606433642,1,1011.1531786540478
1742378400000,1014.1147606433642,1014.090874758458,1,1011.1531786540478
1742382000000,1014.1147606433642,1014.0105313274098,1,1011.1531786540478
1742385600000,1013.8911019028786,1013.8194442481599,1,1011.1531786540478
1742389200000,1014.0669888735517,1013.8628731298078,1,1011.1531786540478
1742392800000,1013.8693874620549,1013.7434437052766,1,1011.1531786540478
1742396400000,1013.8129299159128,1013.7152149322056,1,1011.1531786540478
1742400000000,1013.7499580375237,1013.7173863762879,1,1011.1531786540478
1742403600000,1013.880073572673,1013.7411011514005,1,1011.1551789883365
1742407200000,1013.9712742241333,1013.8540162436846,1,1011.1551789883365
1742410800000,1013.7280724869062,1013.6651006085172,1,1011.1551789883365
1742414400000,1013.7128723783295,1013.6173288387046,1,1011.1551789883365
1742418000000,1013.665100608517,1013.4805278615144,1,1011.1551789883365
1742421600000,1013.4935565260088,1013.478356417432,1,1011.1551789883365
1742425200000,1013.3980129863838,1013.2959551145118,1,1011.1551789883365
1742428800000,1013.3350411079947,1013.3024694467589,1,1011.1551789883365
1742432400000,1013.4347983348615,1013.2241682588702,1,1011.157221231496
1742436000000,1013.5151417659097,1013.3479405715661,1,1011.157221231496
1742439600000,1013.4043981177081,1013.3370833511542,1,1011.157221231496
1742443200000,1013.4456555552734,1013.3479405715661,1,1011.157221231496
1742446800000,1013.5086274336626,1013.3739979005547,1,1011.157221231496
1742450400000,1013.5781136442988,1013.4934273250859,1,1011.157221231496
1742454000000,1013.6150281936993,1013.5368562067335,1,1011.157221231496
1742457600000,1013.7626863913015,1013.5976566410403,1,1011.157221231496
1742461200000,1013.6170277329763,1013.586627515823,1,1011.159220770773
1742464800000,1013.6843424995303,1013.5996561803173,1,1011.159220770773
1742468400000,1013.9210299045101,1013.6561137264594,1,1011.159220770773
1742472000000,1013.8406864734619,1013.7885718154847,1,1011.159220770773
1742475600000,1013.8037719240614,1013.7885718154847,1,1011.159220770773
1742479200000,1013.8515436938739,1013.7907432595671,1,1011.159220770773
1742482800000,1013.6626280587064,1013.5258270815162,1,1011.159220770773
1742486400000,1013.8776010228625,1013.6517708382945,1,1011.159220770773
1742490000000,1014.1605421809016,1013.8022539073083,1,1011.1598741981023
1742493600000,1013.9216833318394,1013.8912831146861,1,1011.1598741981023
1742497200000,1013.8630543416151,1013.7392820289191,1,1011.1598741981023
1742500800000,1013.6611100419534,1013.6611100419534,1,1011.1598741981023
1742504400000,1013.6068239398937,1013.5785951668228,1,1011.1598741981023
1742508000000,1013.5633950582461,1013.5568807259989,1,1011.1598741981023
1742511600000,1013.5525378378342,1013.5395091733399,1,1011.1598741981023
1742515200000,1013.517794732516,1013.4917374035274,1,1011.1598741981023
1742518800000,1013.6045054387748,1013.4763902379142,1,1011.1618985851482
1742522400000,1013.5523907807976,1013.5306763399738,1,1011.1618985851482
1742526000000,1013.6501057645049,1013.5480478926328,1,1011.1618985851482
1742529600000,1013.6978775343173,1013.6349056559283,1,1011.1618985851482
1742533200000,1013.5914767742805,1013.5241620077265,1,1011.1618985851482
1742536800000,1013.5654194452919,1013.5458764485504,1,1011.1618985851482
1742540400000,1013.5589051130447,1013.4459900207607,1,1011.1618985851482
1742544000000,1013.639248544093,1013.5350192281385,1,1011.1618985851482
1742547600000,1013.6043460547792,1013.5565742849667,1,1011.1639106452349
1742551200000,1013.4784022980009,1013.3893730906232,1,1011.1639106452349
1742554800000,1013.5739458376257,1013.456687857177,1,1011.1639106452349
1742558400000,1013.5370312882252,1013.513145403319,1,1011.1639106452349
1742562000000,1013.6629750450035,1013.4197733077765,1,1011.1639106452349
1742565600000,1013.569602949461,1013.5174882914837,1,1011.1639106452349
1742569200000,1013.4784022980009,1013.4718879657537,1,1011.1639106452349
1742572800000,1013.4870880743304,1013.4349734163533,1,1011.1639106452349
1742576400000,1013.4469911647943,1013.3796763982405,1,1011.1650711732641
1742580000000,1013.6076780268908,1013.4317910562177,1,1011.1650711732641
1742583600000,1013.5968208064788,1013.4860771582772,1,1011.1650711732641
1742587200000,1013.6749927934446,1013.5968208064788,1,1011.1650711732641
1742590800000,1013.7184216750924,1013.6076780268908,1,1011.1650711732641
1742594400000,1013.7466504481633,1013.6445925762913,1,1011.1650711732641
1742598000000,1013.9051658661774,1013.7379646718338,1,1011.1650711732641
1742601600000,1014.0506526196971,1013.8639084286121,1,1011.1650711732641
1742605200000,1014.0131416397504,1013.9327982087023,1,1011.164474742718
1742608800000,1014.1195423997873,1013.9349696527846,1,1011.164474742718
1742612400000,1014.0478847450686,1013.9979415311738,1,1011.164474742718
1742616000000,1013.9892557548442,1013.9588555376909,1,1011.164474742718
1742619600000,1013.9740556462675,1013.9458268731966,1,1011.164474742718
1742623200000,1013.9849128666795,1013.9631984258556,1,1011.164474742718
1742626800000,1013.9436554291142,1013.8871978829721,1,1011.164474742718
1742630400000,1014.0001129752561,1013.9110837678784,1,1011.164474742718
1742634000000,1013.9369945622614,1013.9174515655199,1,1011.16215676403
1742637600000,1013.8913942365314,1013.8349366903894,1,1011.16215676403
1742641200000,1013.8957371246961,1013.8501367989661,1,1011.16215676403
1742644800000,1013.9087657891904,1013.8827084602018,1,1011.16215676403
1742648400000,1013.9413374504262,1013.8870513483665,1,1011.16215676403
1742652000000,1013.9739091116619,1013.9022514569433,1,1011.16215676403
1742655600000,1014.0694526512868,1013.9391660063438,1,1011.16215676403
1742659200000,1014.0347095459687,1014.0064807728977,1,1011.16215676403
1742662800000,1013.9575706546046,1013.9467134341927,1,1011.1610184155494
1742666400000,1013.8967702202979,1013.875055779474,1,1011.1610184155494
1742670000000,1013.8077410129201,1013.7968837925082,1,1011.1610184155494
1742673600000,1013.7751693516844,1013.744769134531,1,1011.1610184155494
1742677200000,1013.9488848782751,1013.7447691345311,1,1011.1610184155494
1742680800000,1013.9054559966274,1013.8272840096615,1,1011.1610184155494
1742684400000,1013.8793986676388,1013.8424841182383,1,1011.1610184155494
1742688000000,1013.924998993369,1013.875055779474,1,1011.1610184155494
1742691600000,1013.8857249528285,1013.8553247356751,1,1011.1630018125743
1742695200000,1013.8314388507689,1013.7510954197206,1,1011.1630018125743
1742698800000,1013.8596676238399,1013.774981304627,1,1011.1630018125743
1742702400000,1013.8140672981099,1013.8140672981098,1,1011.1630018125743
1742706000000,1013.922639502229,1013.8097244099451,1,1011.1630018125743
1742709600000,1013.90526794957,1013.8965821732404,1,1011.1630018125743
1742713200000,1013.8878963969108,1013.8640105120047,1,1011.1630018125743
1742716800000,1013.8661819560871,1013.8162387421921,1,1011.1630018125743
1742720400000,1013.8676155307674,1013.8350438695315,1,1011.1644353872546
1742724000000,1013.7894435438014,1013.7677291029777,1,1011.1644353872546
1742727600000,1013.8285295372845,1013.6982428923413,1,1011.1644353872546
1742731200000,1013.7503575503185,1013.6765284515176,1,1011.1644353872546
1742734800000,1013.7959578760486,1013.6939000041765,1,1011.1644353872546
1742738400000,1013.7308145535771,1013.7091001127533,1,1011.1644353872546
1742742000000,1013.7004143364237,1013.6873856719295,1,1011.1644353872546
1742745600000,1013.6374424580346,1013.5766420237278,1,1011.1644353872546
1742749200000,1013.7036714371001,1013.6102993415575,1,1011.1655210438485
1742752800000,1013.9208158453384,1013.6797855521937,1,1011.1655210438485
1742756400000,1013.8860727400203,1013.8426438583726,1,1011.1655210438485
1742760000000,1013.946873174327,1013.8795584077731,1,1011.1655210438485
1742763600000,1013.9533875065741,1013.9077871808441,1,1011.1655210438485
1742767200000,1014.0076736086338,1013.9338445098327,1,1011.1655210438485
1742770800000,1013.975101947398,1013.9273301775856,1,1011.1655210438485
1742774400000,1013.9099586249265,1013.9034442926793,1,1011.1655210438485
1742778000000,1013.8667650404668,1013.6843637375465,1,1011.1657563410364
1742781600000,1014.0361376788927,1013.8580792641371,1,1011.1657563410364
1742785200000,1013.8711079286315,1013.8428791555606,1,1011.1657563410364
1742788800000,1013.7429927277709,1013.6626492967226,1,1011.1657563410364
1742792400000,1013.636591967734,1013.5996774183336,1,1011.1657563410364
1742796000000,1013.6127060828278,1013.5193339872853,1,1011.1657563410364
1742799600000,1013.4650478852258,1013.4237904476604,1,1011.1657563410364
1742803200000,1013.6257347473221,1013.4281333358252,1,1011.1657563410364
1742806800000,1013.4562052392355,1013.4192906898348,1,1011.167770915458
1742810400000,1013.4779196800592,1013.419290689835,1,1011.167770915458
1742814000000,1013.3910619167639,1013.36934747594,1,1011.167770915458
1742817600000,1013.425805022082,1013.3584902555281,1,1011.167770915458
1742821200000,1013.5365486702837,1013.3975762490111,1,1011.167770915458
1742824800000,1013.4844340123065,1013.4800911241416,1,1011.167770915458
1742828400000,1013.4496909069883,1013.1456887354545,1,1011.167770915458
1742832000000,1013.3411187028692,1013.3107184857157,1,1011.167770915458
1742835600000,1013.4061339101398,1013.2736758211144,1,1011.1698142443396
1742839200000,1013.2736758211144,1013.2107039427252,1,1011.1698142443396
1742842800000,1013.2215611631372,1013.1824751696543,1,1011.1698142443396
1742846400000,1013.243275603961,1013.1520749525008,1,1011.1698142443396
1742850000000,1013.1564178406657,1013.0630457451232,1,1011.1698142443396
1742853600000,1013.1651036169951,1013.0174454193931,1,1011.1698142443396
1742857200000,1013.4061339101398,1013.119503291265,1,1011.1698142443396
1742860800000,1013.4169911305517,1013.3779051370688,1,1011.1698142443396
1742864400000,1013.3299973449941,1013.295254239676,1,1011.1718496661598
1742868000000,1013.5275987564911,1013.3321687890765,1,1011.1718496661598
1742871600000,1013.5883991907979,1013.5080557597496,1,1011.1718496661598
1742875200000,1013.753428941059,1013.538455976903,1,1011.1718496661598
1742878800000,1013.7469146088118,1013.6817712863403,1,1011.1718496661598
1742882400000,1013.6839427304227,1013.6361709606102,1,1011.1718496661598
1742886000000,1013.7208572798232,1013.605770743457,1,1011.1718496661598
1742889600000,1013.7230287239057,1013.6448567369398,1,1011.1718496661598
1742893200000,1013.6212952439347,1013.6039236912757,1,1011.1721740580609
1742896800000,1013.532266036557,1013.4823228226621,1,1011.1721740580609
1742900400000,1013.5908950267814,1013.5105515957332,1,1011.1721740580609
1742904000000,1013.5670091418751,1013.5105515957332,1,1011.1721740580609
1742907600000,1013.61695235577,1013.5018658194036,1,1011.1721740580609
1742911200000,1013.3976365034492,1013.2022065360346,1,1011.1721740580609
1742914800000,1013.4150080561083,1013.345521845472,1,1011.1721740580609
1742918400000,1013.4931800430741,1013.3520361777191,1,1011.1721740580609
1742922000000,1012.9362162357107,1012.2551590430079,3,1011.1237427426678
1742925600000,1013.5373538582631,1012.7424743491083,3,1011.1237427426678
1742929200000,1013.6790978358456,1012.8755814864403,3,1011.1237427426678
1742932800000,1013.3654714194439,1012.9564008994905,3,1011.1237427426678
1742936400000,1013.0379847855374,1012.7302878449086,3,1011.1237427426678
1742940000000,1012.8989120809363,1012.5387551807715,3,1011.1237427426678
1742943600000,1012.3613921590639,1011.8322990885903,3,1011.1237427426678
1742947200000,1012.618176764292,1011.9355436484609,3,1011.1237427426678
1742950800000,1013.2450220627893,1011.8622482166917,3,1011.1206893461922
1742954400000,1013.5076366505214,1012.7889899560837,3,1011.1206893461922
1742958000000,1012.9103581006377,1012.3373364178041,3,1011.1206893461922
1742961600000,1012.0795438690587,1011.6657926388365,3,1011.1206893461922
1742965200000,1012.3991310056033,1011.8200552235552,3,1011.1206893461922
1742968800000,1012.9243872291946,1011.8385518065227,3,1011.1206893461922
1742972400000,1013.6871167988992,1012.5467917945434,3,1011.1206893461922
1742976000000,1015.333277226171,1013.0575639396918,3,1011.1206893461922
1742979600000,1015.6137522533159,1014.8775083827894,3,1011.1232897386349
1742983200000,1015.9984901345911,1015.2749312891012,3,1011.1232897386349
1742986800000,1016.2690251536147,1015.7185106835947,3,1011.1232897386349
1742990400000,1015.812912825469,1015.5485588668711,3,1011.1232897386349
1742994000000,1015.9891471548317,1014.8863475175743,3,1011.1232897386349
1742997600000,1013.6957712419412,1013.0747324170255,3,1011.1232897386349
1743001200000,1013.0624294445074,1012.1089778459517,3,1011.1232897386349
1743004800000,1012.8092298456558,1012.1739275222282,3,1011.1232897386349
1743008400000,1012.8588042064181,1012.255409338353,3,1011.1275091459365
1743012000000,1012.0897119903811,1011.5420746945764,2,1008.6191440219548
1743015600000,1012.0798732225843,1011.70196216683,2,1008.6191440219548
1743019200000,1012.0612336897882,1011.4136396087342,2,1008.6191440219548
1743022800000,1012.605397101427,1011.7859695176329,2,1008.6191440219548
1743026400000,1012.1994371859678,1011.6235805450518,2,1008.6191440219548
1743030000000,1012.232518073511,1011.4255051104976,2,1008.6191440219548
1743033600000,1012.2009148009171,1011.8489015033124,2,1008.6191440219548
1743037200000,1012.2597976109274,1011.3871422703987,2,1008.6179554300418
1743040800000,1012.253897322394,1011.8078579928233,2,1008.6179554300418
1743044400000,1013.1855758907851,1012.0900706275735,2,1008.6179554300418
1743048000000,1013.064274613667,1012.5942696137706,2,1008.6179554300418
1743051600000,1012.833392851078,1012.5041672003449,2,1008.6179554300418
1743055200000,1012.2454211808766,1012.0399177788664,2,1008.6179554300418
1743058800000,1012.4026834794769,1012.086042191627,2,1008.6179554300418
1743062400000,1012.086631203354,1011.8447874029471,2,1008.6179554300418
1743066000000,1012.1731908464084,1011.6960574705513,2,1008.620063420682
1743069600000,1012.1405143677664,1011.8688194692234,2,1008.620063420682
1743073200000,1011.8396223075106,1011.6678685901901,2,1008.620063420682
1743076800000,1011.5143453073046,1011.0608381175681,2,1008.620063420682
1743080400000,1011.5560220144944,1011.2731304113343,2,1008.620063420682
1743084000000,1010.9781563703199,1010.3309090747496,1,1008.5811498424233
1743087600000,1010.7479832975872,1010.7327831890104,1,1008.5811498424233
1743091200000,1010.9303846005074,1010.7436404094225,1,1008.5811498424233
1743094800000,1011.0682077650811,1010.881463573996,1,1008.5821720298068
1743098400000,1011.1442083079645,1010.9748356695386,1,1008.5821720298068
1743102000000,1011.0247788834334,1010.966149893209,1,1008.5821720298068
1743105600000,1011.0834078736578,1010.9466068964676,1,1008.5821720298068
1743109200000,1011.0768935414106,1011.0421504360926,1,1008.5821720298068
1743112800000,1010.9943786662801,1010.9422640083028,1,1008.5821720298068
1743116400000,1011.0139216630215,1010.9748356695386,1,1008.5821720298068
1743120000000,1011.0464933242573,1010.9509497846324,1,1008.5821720298068
1743123600000,1011.0217076454811,1010.9999932046572,1,1008.5834436800192
1743127200000,1010.99347887241,1010.9044496650324,1,1008.5834436800192
1743130800000,1011.0694794152935,1010.9218212176913,1,1008.5834436800192
1743134400000,1011.1215940732708,1011.0651365271287,1,1008.5834436800192
1743138000000,1011.416910468475,1011.1020510765293,1,1008.5834436800192
1743141600000,1011.7078839755144,1011.4147390243926,1,1008.5834436800192
1743145200000,1011.9185140515057,1011.5775973305714,1,1008.5834436800192
1743148800000,1012.0097147029658,1011.8446849527046,1,1008.5834436800192
1743152400000,1011.884773649934,1011.2300095781361,3,1008.5125498372886
1743156000000,1012.2191047211727,1011.5011061724271,3,1008.5125498372886
1743159600000,1012.6555878531315,1011.9156182036455,3,1008.5125498372886
1743163200000,1012.2060446624795,1011.2560807152657,3,1008.5125498372886
1743166800000,1013.4728649728156,1011.8037142969135,3,1008.5125498372886
1743170400000,1013.622427411144,1012.3640503722586,3,1008.5125498372886
1743174000000,1013.536830672911,1013.0631173988313,3,1008.5125498372886
1743177600000,1014.4474859031832,1013.3530771984379,3,1008.5125498372886
1743181200000,1015.0477728549517,1013.8115116413537,3,1008.5019677160057
1743184800000,1014.0927631268789,1014.0251606052208,3,1008.5019677160057
1743188400000,1014.3620596084585,1013.8232891997061,3,1008.5019677160057
1743192000000,1014.8139957093416,1014.038643246429,3,1008.5019677160057
1743195600000,1014.7644384890832,1013.6627768594109,3,1008.5019677160057
1743199200000,1013.9843206525358,1013.8486194520123,3,1008.5019677160057
1743202800000,1013.1911661849501,1013.0939657366191,3,1008.5019677160057
1743206400000,1013.5158171161564,1013.1276666928792,3,1008.5019677160057
1743210000000,1013.3045631275012,1012.5624691182338,3,1008.4975329875837
1743213600000,1013.1386787315073,1012.7804844459379,3,1008.4975329875837
1743217200000,1014.3383945042057,1012.7497197597181,3,1008.4975329875837
1743220800000,1013.5359178924084,1013.2346623008938,3,1008.4975329875837
1743224400000,1013.5731028189406,1013.1230748625269,3,1008.4975329875837
1743228000000,1013.8904816695928,1013.3761628627298,3,1008.4975329875837
1743231600000,1014.322246497827,1013.846964495841,3,1008.4975329875837
1743235200000,1014.5138696225004,1014.0067395355353,3,1008.4975329875837
1743238800000,1013.9104540374351,1013.7734871306485,3,1008.4950113641025
1743242400000,1014.6142181626832,1013.7847090354737,3,1008.4950113641025
1743246000000,1015.2614586824391,1014.3424653016667,3,1008.4950113641025
1743249600000,1016.658898670556,1014.8684243869965,3,1008.4950113641025
1743253200000,1015.5788922427632,1015.3085996196944,3,1008.4950113641025
1743256800000,1014.9278942495814,1014.5116959299787,3,1008.4950113641025
1743260400000,1015.7492779555677,1014.8732260922654,3,1008.4950113641025
1743264000000,1015.9084787279719,1015.3245038843945,3,1008.4950113641025
1743267600000,1017.0810840254229,1015.3926793999623,3,1008.4902043980456
1743271200000,1017.5595360091667,1016.4673946876305,3,1008.4902043980456
1743274800000,1017.6130479154742,1016.6573834903772,3,1008.4902043980456
1743278400000,1017.0903866800958,1017.0538501854271,3,1008.4902043980456
1743282000000,1018.241467167553,1017.0697668273783,3,1008.4902043980456
1743285600000,1017.9555836151299,1017.3856426553172,3,1008.4902043980456
1743289200000,1017.9767356240502,1017.5579593148486,3,1008.4902043980456
1743292800000,1016.9842561310036,1016.8843512628998,3,1008.4902043980456
1743296400000,1017.2786820127105,1016.7914198921312,3,1008.4800068824544
1743300000000,1016.5085530813807,1016.0141989720104,3,1008.4800068824544
1743303600000,1015.9809621744851,1015.6448230658892,3,1008.4800068824544
1743307200000,1016.4393643150323,1015.6307604759932,3,1008.4800068824544
1743310800000,1015.7426422470169,1015.4780104768465,3,1008.4800068824544
1743314400000,1015.9800574368627,1015.4263134771979,3,1008.4800068824544
1743318000000,1015.7891961724565,1015.5823094567519,3,1008.4800068824544
1743321600000,1015.8805158918196,1015.3726172977614,3,1008.4800068824544
1743325200000,1015.3916076507813,1015.2552465371656,3,1008.4655324147581
1743328800000,1015.5827820494454,1015.3127161647503,3,1008.4655324147581
1743332400000,1016.369099896078,1015.3037335482743,3,1008.4655324147581
1743336000000,1016.164509915753,1015.5598381861072,3,1008.4655324147581
1743339600000,1016.0407491884603,1015.6663673071743,3,1008.4655324147581
1743343200000,1017.5797022617369,1015.8923353193485,3,1008.4655324147581
1743346800000,1017.1254698908037,1016.7753529839899,3,1008.4655324147581
1743350400000,1017.2041834657794,1016.3082737907363,3,1008.4655324147581
1743354000000,1018.4632911216589,1016.9095423666269,3,1008.461814911333
1743357600000,1018.0176636391205,1017.5601174782827,3,1008.461814911333
1743361200000,1016.5949164509384,1016.3196072257329,3,1008.461814911333
1743364800000,1017.350884449798,1016.199806553627,3,1008.461814911333
1743368400000,1017.7905710896578,1017.1380348597488,3,1008.461814911333
1743372000000,1018.5187443863193,1017.2555131815966,3,1008.461814911333
1743375600000,1018.2788298099268,1017.6099092787742,3,1008.461814911333
1743379200000,1018.227062646229,1018.1189889262289,3,1008.461814911333
1743382800000,1019.7248458562138,1017.26231703722,3,1008.4563702019556
1743386400000,1017.6770760391714,1017.2044924561718,3,1008.4563702019556
1743390000000,1017.9241447325866,1017.0065928575665,3,1008.4563702019556
1743393600000,1019.0662856035477,1017.3187716942064,3,1008.4563702019556
1743397200000,1018.6992301728527,1018.0978941047094,3,1008.4563702019556
1743400800000,1018.4473295882519,1017.8290720823188,3,1008.4563702019556
1743404400000,1018.959476166182,1018.1572407396774,3,1008.4563702019556
1743408000000,1019.6129950979877,1018.4291817008991,3,1008.4563702019556
1743411600000,1019.9913496792616,1018.7166000835931,3,1008.455786173133
1743415200000,1021.375668266446,1019.5358908168674,3,1008.455786173133
1743418800000,1019.5535336572034,1019.1105560438235,3,1008.455786173133
1743422400000,1018.9609363116659,1018.467867995109,3,1008.455786173133
1743426000000,1017.6030974839251,1016.6620312359471,3,1008.455786173133
1743429600000,1018.7731287881259,1017.3584429548175,3,1008.455786173133
1743433200000,1016.8225759982777,1016.3508049643146,3,1008.455786173133
1743436800000,1016.7598165990503,1015.9661831645236,3,1008.455786173133
1743440400000,1017.0190329696425,1016.3083346729786,3,1008.456025799115
1743444000000,1017.8170338447385,1016.469646768625,3,1008.456025799115
1743447600000,1016.8306494560412,1016.242068917655,3,1008.456025799115
1743451200000,1017.6004470137545,1016.2045167225527,3,1008.456025799115
1743454800000,1017.6213036409256,1016.8041201263266,3,1008.456025799115
1743458400000,1017.6482754732551,1016.9831504003962,3,1008.456025799115
1743462000000,1017.642930831609,1017.5776758035055,3,1008.456025799115
1743465600000,1017.6523239175912,1017.0685363128333,3,1008.456025799115
1743469200000,1017.1192719542705,1016.5324977519905,3,1008.4490120589119
1743472800000,1017.6581953602542,1017.0418534304671,3,1008.4490120589119
1743476400000,1016.58903943651,1016.5732793269848,3,1008.4490120589119
1743480000000,1016.7388749330404,1016.267858501116,3,1008.4490120589119
1743483600000,1016.1721872393707,1016.0678110107677,3,1008.4490120589119
1743487200000,1016.0166941057474,1015.3346872824918,3,1008.4490120589119
1743490800000,1015.1043155459998,1014.5954799035877,3,1008.4490120589119
1743494400000,1015.2786341775615,1014.7943815404266,3,1008.4490120589119
1743498000000,1013.3207260974483,1012.8913521220014,2,1008.4099841877494
1743501600000,1013.3615892555762,1013.0687919100375,2,1008.4099841877494
1743505200000,1013.9563616570575,1013.327241291081,2,1008.4099841877494
1743508800000,1014.3801333215808,1013.892254906289,2,1008.4099841877494
1743512400000,1014.1964011909678,1013.9407160729143,2,1008.4099841877494
1743516000000,1013.8707374975107,1013.5124535308458,2,1008.4099841877494
1743519600000,1013.5415708862394,1013.2756708400395,2,1008.4099841877494
1743523200000,1012.4033348905405,1011.6964089424445,1,1008.3929454094325
1743526800000,1012.4786022769674,1012.3504870761068,1,1008.3943836970584
1743530400000,1012.5372312671917,1012.4720879447202,1,1008.3943836970584
1743534000000,1012.5958602574161,1012.5111739382031,1,1008.3943836970584
1743537600000,1012.6088889219104,1012.5654600402627,1,1008.3943836970584
1743541200000,1012.6240890304871,1012.5980317014985,1,1008.3943836970584
1743544800000,1012.6002031455808,1012.5741458165922,1,1008.3943836970584
1743548400000,1012.5958602574161,1012.4916309414616,1,1008.3943836970584
1743552000000,1012.6610035798876,1012.5546028198509,1,1008.3943836970584
1743555600000,1012.8508260974827,1012.6575675741506,1,1008.3952905794861
1743559200000,1012.8920835350481,1012.8225973244117,1,1008.3952905794861
1743562800000,1013.0419131767325,1012.8703690942242,1,1008.3952905794861
1743566400000,1013.0006557391672,1012.8768834264713,1,1008.3952905794861
1743570000000,1013.0592847293916,1012.9376838607781,1,1008.3952905794861
1743573600000,1013.2959721343715,1013.0571132853092,1,1008.3952905794861
1743577200000,1013.332886683772,1013.2091143710761,1,1008.3952905794861
1743580800000,1013.2525432527237,1012.5989385839263,1,1008.3952905794861
1743584400000,1013.138872832576,1013.0867581745988,1,1008.3945352516223
1743588000000,1013.0064147435506,1012.9564715296557,1,1008.3945352516223
1743591600000,1013.0997868390931,1012.9195569802553,1,1008.3945352516223
1743595200000,1013.1149869476698,1012.9977289672211,1,1008.3945352516223
1743598800000,1012.980357414562,1012.9781859704796,1,1008.3945352516223
1743602400000,1012.9695001941501,1012.8001275557241,1,1008.3945352516223
1743606000000,1012.8500707696189,1012.8240134406303,1,1008.3945352516223
1743609600000,1012.3940675123183,1012.0379506828073,1,1008.3945352516223
1743613200000,1012.3167412941802,1012.2689695243678,1,1008.39538102045
1743616800000,1012.4470279391232,1012.1517115439191,1,1008.39538102045
1743620400000,1012.2559408598735,1012.2190263104729,1,1008.39538102045
1743624000000,1012.1647402084134,1012.0887396655299,1,1008.39538102045
1743627600000,1012.3319414027569,1011.7717088295019,1,1008.39538102045
1743631200000,1012.4187991660523,1012.2798267447797,1,1008.39538102045
1743634800000,1013.2786910226763,1012.4209706101346,1,1008.39538102045
1743638400000,1013.3047483516649,1013.1310328250742,1,1008.39538102045
1743642000000,1011.4687661759872,1011.3212958610214,3,1008.3631485671322
1743645600000,1011.4850733166165,1010.9695424252237,3,1008.3631485671322
1743649200000,1010.8815684828838,1010.7706679717297,3,1008.3631485671322
1743652800000,1011.3673538943016,1010.4011605937891,3,1008.3631485671322
1743656400000,1011.0047471280161,1010.6262741422807,3,1008.3631485671322
1743660000000,1011.8683728162906,1010.7717393750844,3,1008.3631485671322
1743663600000,1012.4492374507103,1011.6056138187324,3,1008.3631485671322
1743667200000,1012.3110571089112,1012.0171907570913,3,1008.3631485671322
1743670800000,1011.9761630611752,1011.7235488898529,3,1008.3634956531118
1743674400000,1012.5467129694902,1011.7197352627115,3,1008.3634956531118
1743678000000,1013.9900087798475,1012.1950058169951,3,1008.3634956531118
1743681600000,1013.6862982907811,1013.369772078521,3,1008.3634956531118
1743685200000,1016.0369498117354,1013.5439366732538,3,1008.3634956531118
1743688800000,1014.9008661259381,1014.355442742561,3,1008.3634956531118
1743692400000,1016.2602093915049,1014.797245248721,3,1008.3634956531118
1743696000000,1015.0042307937781,1014.811594098075,3,1008.3634956531118
1743699600000,1015.4887078718331,1014.6367842504883,3,1008.3590482872811
1743703200000,1015.1844306183182,1014.778739715974,3,1008.3590482872811
1743706800000,1014.4681597754059,1013.9305639329488,3,1008.3590482872811
1743710400000,1014.3612584068566,1013.9831386656488,3,1008.3590482872811
1743714000000,1013.7250978290825,1013.4908560603302,3,1008.3590482872811
1743717600000,1013.052836669212,1012.840202511088,3,1008.3590482872811
1743721200000,1013.3377092834482,1012.9462971845982,3,1008.3590482872811
1743724800000,1012.9133163409565,1012.7935231577626,3,1008.3590482872811
1743728400000,1013.5013581249906,1012.6550892333398,3,1008.3478184207953
1743732000000,1014.2251360182365,1013.1450901820401,3,1008.3478184207953
1743735600000,1013.7336792615005,1013.1321736048088,3,1008.3478184207953
1743739200000,1013.9254429657586,1013.6220063168614,3,1008.3478184207953
1743742800000,1014.2144700779396,1013.8237498525788,3,1008.3478184207953
1743746400000,1013.0709578714689,1013.035277337889,3,1008.3478184207953
1743750000000,1013.3132612066107,1012.7296058232603,3,1008.3478184207953
1743753600000,1011.8724610652382,1011.7116249644297,3,1008.3478184207953
1743757200000,1011.551166052298,1011.2334814791211,3,1008.3529599132976
1743760800000,1011.3254909964252,1011.1230255675644,3,1008.3529599132976
1743764400000,1014.4321656761541,1011.1228853353742,3,1008.3529599132976
1743768000000,1014.7383301599167,1014.1330524099025,3,1008.3529599132976
1743771600000,1014.030417118977,1013.6205108198201,3,1008.3529599132976
1743775200000,1013.52595509319,1013.299486942676,3,1008.3529599132976
1743778800000,1013.644706836785,1012.980104685109,3,1008.3529599132976
1743782400000,1012.689940536359,1011.3943278266603,3,1008.3529599132976
1743786000000,1011.7834933427347,1010.9693698067057,3,1008.3567076197738
1743789600000,1010.5636982542729,1010.1298053566417,3,1008.3567076197738
1743793200000,1011.3432274161123,1010.4557292318233,3,1008.3567076197738
1743796800000,1011.0617719315514,1010.5953625069016,3,1008.3567076197738
1743800400000,1010.5331445565073,1010.3058162958563,3,1008.3567076197738
1743804000000,1010.6868860312587,1010.093475850535,3,1008.3567076197738
1743807600000,1010.7939015022679,1010.280618217445,3,1008.3567076197738
1743811200000,1010.9492449934028,1010.7015531444957,3,1008.3567076197738
1743814800000,1010.930067666286,1010.6349206482286,3,1008.3632969392078
1743818400000,1011.1592012451838,1010.5777407013592,3,1008.3632969392078
1743822000000,1011.4468497118461,1011.0021430023489,3,1008.3632969392078
1743825600000,1011.7557850870443,1011.347858811385,3,1008.3632969392078
1743829200000,1011.876699339236,1011.3521235218652,3,1008.3632969392078
1743832800000,1011.924661373996,1011.5294185096581,3,1008.3632969392078
1743836400000,1011.997378043207,1011.6495655854328,3,1008.3632969392078
1743840000000,1011.7055844370983,1011.4795997567505,3,1008.3632969392078
1743843600000,1011.7346036058274,1011.460811878945,3,1008.3718222940419
1743847200000,1011.1665192063731,1011.0939675319389,3,1008.3718222940419
1743850800000,1011.5799516921041,1011.0033414096375,3,1008.3718222940419
1743854400000,1012.0224513288208,1011.4603248708307,3,1008.3718222940419
1743858000000,1012.6173700846246,1011.9078558868611,3,1008.3718222940419
1743861600000,1013.5592316890978,1012.5274950155614,3,1008.3718222940419
1743865200000,1013.3129086906642,1013.0733184343525,3,1008.3718222940419
1743868800000,1013.7741989037406,1013.3016461777707,3,1008.3718222940419
1743872400000,1013.690334649236,1013.4005127232945,3,1008.3745258394846
1743876000000,1013.617250839022,1013.3003407145266,3,1008.3745258394846
1743879600000,1013.1393134892107,1013.0477504462316,3,1008.3745258394846
1743883200000,1013.5555188815746,1012.9522236778387,3,1008.3745258394846
1743886800000,1013.1550043402183,1013.0042014859662,3,1008.3745258394846
1743890400000,1013.4146015579183,1013.0118034852168,3,1008.3745258394846
1743894000000,1013.0721618427066,1012.9439265632283,3,1008.3745258394846
1743897600000,1012.3182474254553,1012.1090092282668,3,1008.3745258394846
1743901200000,1012.2093286161015,1012.0533427766508,3,1008.3720435744733
1743904800000,1012.3755457469045,1011.697361414708,3,1008.3720435744733
1743908400000,1012.6834463626134,1012.1440943751069,3,1008.3720435744733
1743912000000,1012.6232509847035,1012.4785463041059,3,1008.3720435744733
1743915600000,1012.7260231254788,1012.5793233692707,3,1008.3720435744733
1743919200000,1012.4361225142691,1012.3288658859956,3,1008.3720435744733
1743922800000,1013.2411212275161,1012.3063208471052,3,1008.3720435744733
1743926400000,1013.327195550746,1013.0755722227831,3,1008.3720435744733
1743930000000,1013.1682903922045,1013.1212839240818,3,1008.3799380672481
1743933600000,1013.2161342230739,1012.8903780769562,3,1008.3799380672481
1743937200000,1013.5644401575657,1013.1930970746097,3,1008.3799380672481
1743940800000,1013.7377455017213,1013.4957974263039,3,1008.3799380672481
1743944400000,1014.8547881664331,1013.5108286501795,3,1008.3799380672481
1743948000000,1016.715415343244,1014.7592922772546,3,1008.3799380672481
1743951600000,1015.6720431106897,1015.5877602092312,3,1008.3799380672481
1743955200000,1016.0522864899259,1015.5147545767016,3,1008.3799380672481
1743958800000,1016.9663490197372,1015.8786725317792,3,1008.3718597249429
1743962400000,1018.7754997008848,1016.8109968891941,3,1008.3718597249429
1743966000000,1021.3951963315866,1018.7117119804647,3,1008.3718597249429
1743969600000,1021.2409561230498,1020.6610065366161,3,1008.3718597249429
1743973200000,1022.837741384783,1020.8794460151516,3,1008.3718597249429
1743976800000,1022.5664916253265,1021.7885510909789,3,1008.3718597249429
1743980400000,1023.3793750289076,1021.6074968911719,3,1008.3718597249429
1743984000000,1023.1120221908749,1022.8324605607729,3,1008.3718597249429
1743987600000,1023.8486538993889,1022.87764999661,3,1008.3673477522032
1743991200000,1022.2732343719297,1021.7141465999537,3,1008.3673477522032
1743994800000,1023.2644450000122,1022.1305022310589,3,1008.3673477522032
1743998400000,1025.3299463171065,1023.0945965156606,3,1008.3673477522032
1744002000000,1025.4223950923692,1024.7554768110142,3,1008.3673477522032
1744005600000,1025.8506691850819,1024.7036413061726,3,1008.3673477522032
1744009200000,1029.937726504836,1025.2239315404004,2,1017.1789009563267
1744012800000,1029.574578300171,1028.6287453309058,2,1017.1789009563267
1744016400000,1026.0174872353632,1025.0791210420516,3,1017.1665031835697
1744020000000,1026.3101938522664,1024.6543338804145,3,1017.1665031835697
1744023600000,1025.694207677727,1023.9346793514412,3,1017.1665031835697
1744027200000,1026.3512122358497,1024.7520286777903,3,1017.1665031835697
1744030800000,1024.3908272976687,1023.6355037057552,3,1017.1665031835697
1744034400000,1021.9895259634769,1020.888487875595,2,1014.6087141554808
1744038000000,1019.9366826796892,1018.4233914173064,1,1016.0246470754508
1744041600000,1020.1548547307602,1019.7031102485425,1,1016.0246470754508
1744045200000,1020.6094975507942,1020.0525171380598,1,1016.027545413267
1744048800000,1019.7573431866107,1019.6007726558421,1,1016.027545413267
1744052400000,1020.0602173280977,1019.6623741761446,1,1016.027545413267
1744056000000,1020.044816948022,1019.698308396321,1,1016.027545413267
1744059600000,1019.5263374854767,1019.2799314042669,1,1016.027545413267
1744063200000,1019.5366044055271,1019.3672002246955,1,1016.027545413267
1744066800000,1019.356933304645,1019.1875291238133,1,1016.027545413267
1744070400000,1019.7265424264596,1019.2927650543301,1,1016.027545413267
1744074000000,1019.8785031187498,1019.5525284071495,1,1016.0280690348138
1744077600000,1019.0494493246797,1019.0058149144655,1,1016.0280690348138
1744081200000,1019.0237820245537,1018.661873092777,1,1016.0280690348138
1744084800000,1019.2419540756248,1018.905712443974,1,1016.0280690348138
1744088400000,1018.751708643218,1018.6849736628903,1,1016.0280690348138
1744092000000,1019.0314822145915,1018.6772734728526,1,1016.0280690348138
1744095600000,1019.3933911463682,1019.0340489446041,1,1016.0280690348138
1744099200000,1019.3343563560784,1019.195752935398,1,1016.0280690348138
1744102800000,1019.3125971803285,1019.2689627701143,1,1016.0294104291773
1744106400000,1019.3998660007569,1019.0661910991188,1,1016.0294104291773
1744110000000,1019.489701551198,1019.2253283599001,1,1016.0294104291773
1744113600000,1018.8865199982367,1018.8223517479217,1,1016.0294104291773
1744117200000,1019.1175256993708,1018.7838507977327,1,1016.0294104291773
1744120800000,1018.9763555486778,1018.6093131568759,1,1016.0294104291773
1744124400000,1019.7053068722564,1018.7427831175312,1,1016.0294104291773
1744128000000,1019.8054093427479,1019.566703451576,1,1016.0294104291773
1744131600000,1020.6868879619731,1019.7500315073737,1,1016.0305006540805
1744135200000,1020.7279556421747,1020.6124527916077,1,1016.0305006540805
1744138800000,1020.7690233223763,1020.2916115400326,1,1016.0305006540805
1744142400000,1021.1206653341026,1020.6689208518848,1,1016.0305006540805
1744146000000,1020.7818569724393,1020.6637873918597,1,1016.0305006540805
1744149600000,1020.8357583027039,1020.699721612036,1,1016.0305006540805
1744153200000,1021.079597653901,1020.815224462603,1,1016.0305006540805
1744156800000,1021.0898645739514,1021.0564970837877,1,1016.0305006540805
1744160400000,1021.236403739905,1020.869361348103,1,1016.0333029393283
1744164000000,1021.2954385301947,1021.1645352995521,1,1016.0333029393283
1744167600000,1021.5854790216187,1020.9181292183424,1,1016.0333029393283
1744171200000,1021.6932816821479,1021.4520090609634,1,1016.0333029393283
1744174800000,1020.9951311187205,1020.7820925276745,1,1016.0333029393283
1744178400000,1020.7487250375108,1020.6717231371327,1,1016.0333029393283
1744182000000,1020.4817851162003,1020.0890754242723,1,1016.0333029393283
1744185600000,1019.9222379734533,1019.609096911916,1,1016.0333029393283
1744189200000,1019.912325992831,1019.7608889220877,1,1016.0362246087691
1744192800000,1019.9918946232217,1019.7839894922009,1,1016.0362246087691
1744196400000,1019.796823142264,1019.6453860715205,1,1016.0362246087691
1744200000000,1020.433372185389,1019.7762893021631,1,1016.0362246087691
1744203600000,1020.3204360648346,1020.1304980439021,1,1016.0362246087691
1744207200000,1019.8840919626924,1019.6787535616843,1,1016.0362246087691
1744210800000,1020.1612988040533,1019.6325524214575,1,1016.0362246087691
1744214400000,1019.9431267529823,1019.7403550819869,1,1016.0362246087691
1744218000000,1019.5482012030345,1019.5430677430093,1,1016.0391422107745
1744221600000,1018.1968434304048,1016.7042643490728,0,1018.1968434304048
1744225200000,1018.1968434304048,1018.1968434304048,0,1018.1968434304048
1744228800000,1018.1968434304048,1018.1968434304048,0,1018.1968434304048
1744232400000,1018.1968434304048,1018.1968434304048,0,1018.1968434304048
1744236000000,1018.1968434304048,1018.1968434304048,0,1018.1968434304048
1744239600000,1018.1968434304048,1018.1968434304048,0,1018.1968434304048
1744243200000,1018.1968434304048,1018.1968434304048,0,1018.1968434304048
1744246800000,1018.1968434304048,1018.1968434304048,0,1018.1968434304048
1744250400000,1018.1968434304048,1018.1968434304048,0,1018.1968434304048
1744254000000,1018.1968434304048,1018.1968434304048,0,1018.1968434304048
1744257600000,1018.1968434304048,1018.1968434304048,0,1018.1968434304048
1744261200000,1018.1968434304048,1018.1968434304048,0,1018.1968434304048
1744264800000,1018.1968434304048,1018.1968434304048,0,1018.1968434304048
1744268400000,1018.1968434304048,1018.1968434304048,0,1018.1968434304048
1744272000000,1018.1968434304048,1018.1968434304048,0,1018.1968434304048
1744275600000,1018.1968434304048,1018.1968434304048,0,1018.1968434304048
1744279200000,1018.1968434304048,1018.1968434304048,0,1018.1968434304048
1744282800000,1018.1968434304048,1018.1968434304048,0,1018.1968434304048
1744286400000,1018.1968434304048,1018.1968434304048,0,1018.1968434304048
1744290000000,1018.1968434304048,1018.1968434304048,0,1018.1968434304048
1744293600000,1018.1968434304048,1018.1968434304048,0,1018.1968434304048
1744297200000,1018.1968434304048,1018.1968434304048,0,1018.1968434304048
1744300800000,1018.1968434304048,1018.1968434304048,0,1018.1968434304048
1744304400000,1018.1968434304048,1018.1968434304048,0,1018.1968434304048
1744308000000,1018.1968434304048,1018.1968434304048,0,1018.1968434304048
1744311600000,1018.1968434304048,1018.1968434304048,0,1018.1968434304048
1744315200000,1018.1968434304048,1018.1968434304048,0,1018.1968434304048
1744318800000,1018.1968434304048,1018.1968434304048,0,1018.1968434304048
1744322400000,1018.1968434304048,1018.1968434304048,0,1018.1968434304048
1744326000000,1018.1968434304048,1018.1968434304048,0,1018.1968434304048
1744329600000,1018.1968434304048,1018.1968434304048,0,1018.1968434304048
1744333200000,1018.1968434304048,1018.1968434304048,0,1018.1968434304048
1744336800000,1018.1968434304048,1018.1968434304048,0,1018.1968434304048
1744340400000,1018.1968434304048,1018.1968434304048,0,1018.1968434304048
1744344000000,1018.1968434304048,1018.1968434304048,0,1018.1968434304048
1744347600000,1018.1968434304048,1018.1968434304048,0,1018.1968434304048
1744351200000,1018.1968434304048,1018.1968434304048,0,1018.1968434304048
1744354800000,1018.1968434304048,1018.1968434304048,0,1018.1968434304048
1744358400000,1018.1968434304048,1018.1968434304048,0,1018.1968434304048
1744362000000,1018.1968434304048,1018.1968434304048,0,1018.1968434304048
1744365600000,1018.1968434304048,1018.1968434304048,0,1018.1968434304048
1744369200000,1018.1968434304048,1018.1968434304048,0,1018.1968434304048
1744372800000,1018.1968434304048,1018.1968434304048,0,1018.1968434304048
1744376400000,1018.1968434304048,1018.1968434304048,0,1018.1968434304048
1744380000000,1018.1968434304048,1018.1968434304048,0,1018.1968434304048
1744383600000,1018.1968434304048,1018.1968434304048,0,1018.1968434304048
1744387200000,1018.1968434304048,1018.1968434304048,0,1018.1968434304048
1744390800000,1018.1968434304048,1018.1968434304048,0,1018.1968434304048
1744394400000,1018.1968434304048,1018.1968434304048,0,1018.1968434304048
1744398000000,1018.1968434304048,1018.1968434304048,0,1018.1968434304048
1744401600000,1018.1968434304048,1018.1968434304048,0,1018.1968434304048
1744405200000,1018.1968434304048,1018.1968434304048,0,1018.1968434304048
1744408800000,1018.1968434304048,1018.1968434304048,0,1018.1968434304048
1744412400000,1018.1968434304048,1018.1968434304048,0,1018.1968434304048
1744416000000,1018.1968434304048,1018.1968434304048,0,1018.1968434304048
1744419600000,1018.1968434304048,1018.1968434304048,0,1018.1968434304048
1744423200000,1018.1968434304048,1018.1968434304048,0,1018.1968434304048
1744426800000,1018.1968434304048,1018.1968434304048,0,1018.1968434304048
1744430400000,1018.1968434304048,1018.1968434304048,0,1018.1968434304048
1744434000000,1018.1968434304048,1018.1968434304048,0,1018.1968434304048
1744437600000,1018.1968434304048,1018.1968434304048,0,1018.1968434304048
1744441200000,1018.1968434304048,1018.1968434304048,0,1018.1968434304048
1744444800000,1018.1968434304048,1018.1968434304048,0,1018.1968434304048
1744448400000,1018.1968434304048,1018.1968434304048,0,1018.1968434304048
1744452000000,1018.1968434304048,1018.1968434304048,0,1018.1968434304048
1744455600000,1018.1968434304048,1018.1968434304048,0,1018.1968434304048
1744459200000,1018.1968434304048,1018.1968434304048,0,1018.1968434304048
1744462800000,1018.1968434304048,1018.1968434304048,0,1018.1968434304048
1744466400000,1018.1968434304048,1018.1968434304048,0,1018.1968434304048
1744470000000,1018.1968434304048,1018.1968434304048,0,1018.1968434304048
1744473600000,1018.1968434304048,1018.1968434304048,0,1018.1968434304048
1744477200000,1018.1968434304048,1018.1968434304048,0,1018.1968434304048
1744480800000,1018.1968434304048,1018.1968434304048,0,1018.1968434304048
1744484400000,1018.1968434304048,1018.1968434304048,0,1018.1968434304048
1744488000000,1018.1968434304048,1018.1968434304048,0,1018.1968434304048
1744491600000,1018.1968434304048,1018.1968434304048,0,1018.1968434304048
1744495200000,1018.1968434304048,1018.1968434304048,0,1018.1968434304048
1744498800000,1018.1968434304048,1018.1968434304048,0,1018.1968434304048
1744502400000,1018.1968434304048,1018.1968434304048,0,1018.1968434304048
1744506000000,1018.1968434304048,1018.1968434304048,0,1018.1968434304048
1744509600000,1018.1968434304048,1018.1968434304048,0,1018.1968434304048
1744513200000,1018.1968434304048,1018.1968434304048,0,1018.1968434304048
1744516800000,1018.1968434304048,1018.1968434304048,0,1018.1968434304048
1744520400000,1018.1968434304048,1018.1968434304048,0,1018.1968434304048
1744524000000,1018.1968434304048,1018.1968434304048,0,1018.1968434304048
1744527600000,1018.1968434304048,1018.1968434304048,0,1018.1968434304048
1744531200000,1018.1968434304048,1018.1968434304048,0,1018.1968434304048
1744534800000,1018.1968434304048,1018.1968434304048,0,1018.1968434304048
1744538400000,1018.1968434304048,1018.1968434304048,0,1018.1968434304048
1744542000000,1018.1968434304048,1018.1968434304048,0,1018.1968434304048
1744545600000,1018.1968434304048,1018.1968434304048,0,1018.1968434304048
1744549200000,1018.1968434304048,1018.1968434304048,0,1018.1968434304048
1744552800000,1018.1968434304048,1018.1968434304048,0,1018.1968434304048
1744556400000,1018.1968434304048,1018.1968434304048,0,1018.1968434304048
1744560000000,1018.1968434304048,1018.1968434304048,0,1018.1968434304048
1744563600000,1018.1968434304048,1018.1968434304048,0,1018.1968434304048
1744567200000,1018.1968434304048,1018.1968434304048,0,1018.1968434304048
1744570800000,1018.1968434304048,1018.1968434304048,0,1018.1968434304048
1744574400000,1018.1968434304048,1018.1968434304048,0,1018.1968434304048
1744578000000,1018.1968434304048,1018.1968434304048,0,1018.1968434304048
1744581600000,1018.1968434304048,1018.1968434304048,0,1018.1968434304048
1744585200000,1018.1968434304048,1018.1968434304048,0,1018.1968434304048
1744588800000,1018.1968434304048,1018.1968434304048,0,1018.1968434304048
1744592400000,1018.1968434304048,1018.1968434304048,0,1018.1968434304048
1744596000000,1018.1968434304048,1018.1968434304048,0,1018.1968434304048
1744599600000,1018.1968434304048,1018.1968434304048,0,1018.1968434304048
1744603200000,1018.1968434304048,1018.1968434304048,0,1018.1968434304048
1744606800000,1018.1968434304048,1018.1968434304048,0,1018.1968434304048
1744610400000,1018.1968434304048,1018.1968434304048,0,1018.1968434304048
1744614000000,1018.1968434304048,1018.1968434304048,0,1018.1968434304048
1744617600000,1018.1968434304048,1018.1968434304048,0,1018.1968434304048
1744621200000,1018.1968434304048,1018.1968434304048,0,1018.1968434304048
1744624800000,1018.1968434304048,1018.1968434304048,0,1018.1968434304048
1744628400000,1018.1968434304048,1018.1968434304048,0,1018.1968434304048
1744632000000,1018.1968434304048,1018.1968434304048,0,1018.1968434304048
1744635600000,1018.1968434304048,1018.1968434304048,0,1018.1968434304048
1744639200000,1018.1968434304048,1018.1968434304048,0,1018.1968434304048
1744642800000,1018.1968434304048,1018.1968434304048,0,1018.1968434304048
1744646400000,1018.1968434304048,1018.1968434304048,0,1018.1968434304048
1744650000000,1018.1968434304048,1018.1968434304048,0,1018.1968434304048
1744653600000,1018.1968434304048,1018.1968434304048,0,1018.1968434304048
1744657200000,1018.1968434304048,1018.1968434304048,0,1018.1968434304048
1744660800000,1018.1968434304048,1018.1968434304048,0,1018.1968434304048
1744664400000,1018.1968434304048,1018.1968434304048,0,1018.1968434304048
1744668000000,1018.1968434304048,1018.1968434304048,0,1018.1968434304048
1744671600000,1018.1968434304048,1018.1968434304048,0,1018.1968434304048
1744675200000,1018.1968434304048,1018.1968434304048,0,1018.1968434304048
1744678800000,1018.1968434304048,1018.1968434304048,0,1018.1968434304048
1744682400000,1018.1968434304048,1018.1968434304048,0,1018.1968434304048
1744686000000,1018.1968434304048,1018.1968434304048,0,1018.1968434304048
1744689600000,1018.1968434304048,1018.1968434304048,0,1018.1968434304048
1744693200000,1018.1968434304048,1018.1968434304048,0,1018.1968434304048
1744696800000,1018.1968434304048,1018.1968434304048,0,1018.1968434304048
1744700400000,1018.1968434304048,1018.1968434304048,0,1018.1968434304048
1744704000000,1018.1968434304048,1018.1968434304048,0,1018.1968434304048
1744707600000,1018.1968434304048,1018.1968434304048,0,1018.1968434304048
1744711200000,1018.1968434304048,1018.1968434304048,0,1018.1968434304048
1744714800000,1018.1968434304048,1018.1968434304048,0,1018.1968434304048
1744718400000,1018.1968434304048,1018.1968434304048,0,1018.1968434304048
1744722000000,1018.1968434304048,1018.1968434304048,0,1018.1968434304048
1744725600000,1018.1968434304048,1018.1968434304048,0,1018.1968434304048
1744729200000,1018.1968434304048,1018.1968434304048,0,1018.1968434304048
1744732800000,1018.1968434304048,1018.1968434304048,0,1018.1968434304048
1744736400000,1018.1968434304048,1018.1968434304048,0,1018.1968434304048
1744740000000,1018.1968434304048,1018.1968434304048,0,1018.1968434304048
1744743600000,1018.1968434304048,1018.1968434304048,0,1018.1968434304048
1744747200000,1018.1968434304048,1018.1968434304048,0,1018.1968434304048
1744750800000,1018.1968434304048,1018.1968434304048,0,1018.1968434304048
1744754400000,1018.1968434304048,1018.1968434304048,0,1018.1968434304048
1744758000000,1018.1968434304048,1018.1968434304048,0,1018.1968434304048
1744761600000,1018.1968434304048,1018.1968434304048,0,1018.1968434304048
1744765200000,1018.1968434304048,1018.1968434304048,0,1018.1968434304048
1744768800000,1018.1968434304048,1018.1968434304048,0,1018.1968434304048
1744772400000,1018.1968434304048,1018.1968434304048,0,1018.1968434304048
1744776000000,1018.1968434304048,1018.1968434304048,0,1018.1968434304048
1744779600000,1018.1968434304048,1018.1968434304048,0,1018.1968434304048
1744783200000,1018.1968434304048,1018.1968434304048,0,1018.1968434304048
1744786800000,1018.1968434304048,1018.1968434304048,0,1018.1968434304048
1744790400000,1018.1968434304048,1018.1968434304048,0,1018.1968434304048
1744794000000,1018.1968434304048,1018.1968434304048,0,1018.1968434304048
1744797600000,1018.1968434304048,1018.1968434304048,0,1018.1968434304048
1744801200000,1018.1968434304048,1018.1968434304048,0,1018.1968434304048
1744804800000,1018.1968434304048,1018.1968434304048,0,1018.1968434304048
1744808400000,1018.1968434304048,1018.1968434304048,0,1018.1968434304048
1744812000000,1018.1968434304048,1018.1968434304048,0,1018.1968434304048
1744815600000,1018.1968434304048,1018.1968434304048,0,1018.1968434304048
1744819200000,1018.1968434304048,1018.1968434304048,0,1018.1968434304048
1744822800000,1018.1968434304048,1018.1968434304048,0,1018.1968434304048
1744826400000,1018.1968434304048,1018.1968434304048,0,1018.1968434304048
1744830000000,1018.1968434304048,1018.1968434304048,0,1018.1968434304048
1744833600000,1018.1968434304048,1018.1968434304048,0,1018.1968434304048
1744837200000,1018.1968434304048,1018.1968434304048,0,1018.1968434304048
1744840800000,1018.1968434304048,1018.1968434304048,0,1018.1968434304048
1744844400000,1018.1968434304048,1018.1968434304048,0,1018.1968434304048
1744848000000,1018.1968434304048,1018.1968434304048,0,1018.1968434304048
1744851600000,1018.1968434304048,1018.1968434304048,0,1018.1968434304048
1744855200000,1018.1968434304048,1018.1968434304048,0,1018.1968434304048
1744858800000,1018.1968434304048,1018.1968434304048,0,1018.1968434304048
1744862400000,1018.1968434304048,1018.1968434304048,0,1018.1968434304048
1744866000000,1018.1968434304048,1018.1968434304048,0,1018.1968434304048
1744869600000,1018.1968434304048,1018.1968434304048,0,1018.1968434304048
1744873200000,1018.1968434304048,1018.1968434304048,0,1018.1968434304048
1744876800000,1018.1968434304048,1018.1968434304048,0,1018.1968434304048
1744880400000,1018.1968434304048,1018.1968434304048,0,1018.1968434304048
1744884000000,1018.1968434304048,1018.1968434304048,0,1018.1968434304048
1744887600000,1018.1968434304048,1018.1968434304048,0,1018.1968434304048
1744891200000,1018.1968434304048,1018.1968434304048,0,1018.1968434304048
1744894800000,1018.1968434304048,1018.1968434304048,0,1018.1968434304048
1744898400000,1018.1968434304048,1018.1968434304048,0,1018.1968434304048
1744902000000,1018.1968434304048,1018.1968434304048,0,1018.1968434304048
1744905600000,1018.1968434304048,1018.1968434304048,0,1018.1968434304048
1744909200000,1018.1968434304048,1018.1968434304048,0,1018.1968434304048
1744912800000,1018.1968434304048,1018.1968434304048,0,1018.1968434304048
1744916400000,1018.1968434304048,1018.1968434304048,0,1018.1968434304048
1744920000000,1018.1968434304048,1018.1968434304048,0,1018.1968434304048
1744923600000,1018.1968434304048,1018.1968434304048,0,1018.1968434304048
1744927200000,1018.1968434304048,1018.1968434304048,0,1018.1968434304048
1744930800000,1018.1968434304048,1018.1968434304048,0,1018.1968434304048
1744934400000,1018.1968434304048,1018.1968434304048,0,1018.1968434304048
1744938000000,1018.1968434304048,1018.1968434304048,0,1018.1968434304048
1744941600000,1018.1968434304048,1018.1968434304048,0,1018.1968434304048
1744945200000,1018.1968434304048,1018.1968434304048,0,1018.1968434304048
1744948800000,1018.1968434304048,1018.1968434304048,0,1018.1968434304048
1744952400000,1018.1968434304048,1018.1968434304048,0,1018.1968434304048
1744956000000,1018.1968434304048,1018.1968434304048,0,1018.1968434304048
1744959600000,1018.1968434304048,1018.1968434304048,0,1018.1968434304048
1744963200000,1018.1968434304048,1018.1968434304048,0,1018.1968434304048
1744966800000,1018.1968434304048,1018.1968434304048,0,1018.1968434304048
1744970400000,1018.1968434304048,1018.1968434304048,0,1018.1968434304048
1744974000000,1018.1968434304048,1018.1968434304048,0,1018.1968434304048
1744977600000,1018.1968434304048,1018.1968434304048,0,1018.1968434304048
1744981200000,1018.1968434304048,1018.1968434304048,0,1018.1968434304048
1744984800000,1018.1968434304048,1018.1968434304048,0,1018.1968434304048
1744988400000,1018.1968434304048,1018.1968434304048,0,1018.1968434304048
1744992000000,1018.1968434304048,1018.1968434304048,0,1018.1968434304048
1744995600000,1018.1968434304048,1018.1968434304048,0,1018.1968434304048
1744999200000,1018.1968434304048,1018.1968434304048,0,1018.1968434304048
1745002800000,1018.1968434304048,1018.1968434304048,0,1018.1968434304048
1745006400000,1018.1968434304048,1018.1968434304048,0,1018.1968434304048
1745010000000,1018.1968434304048,1018.1968434304048,0,1018.1968434304048
1745013600000,1018.1968434304048,1018.1968434304048,0,1018.1968434304048
1745017200000,1018.1968434304048,1018.1968434304048,0,1018.1968434304048
1745020800000,1018.1968434304048,1018.1968434304048,0,1018.1968434304048
1745024400000,1018.1968434304048,1018.1968434304048,0,1018.1968434304048
1745028000000,1018.1968434304048,1018.1968434304048,0,1018.1968434304048
1745031600000,1018.1968434304048,1018.1968434304048,0,1018.1968434304048
1745035200000,1018.1968434304048,1018.1968434304048,0,1018.1968434304048
1745038800000,1018.1968434304048,1018.1968434304048,0,1018.1968434304048
1745042400000,1018.1968434304048,1018.1968434304048,0,1018.1968434304048
1745046000000,1018.1968434304048,1018.1968434304048,0,1018.1968434304048
1745049600000,1018.1968434304048,1018.1968434304048,0,1018.1968434304048
1745053200000,1018.1968434304048,1018.1968434304048,0,1018.1968434304048
1745056800000,1018.1968434304048,1018.1968434304048,0,1018.1968434304048
1745060400000,1018.1968434304048,1018.1968434304048,0,1018.1968434304048
1745064000000,1018.1968434304048,1018.1968434304048,0,1018.1968434304048
1745067600000,1018.1968434304048,1018.1968434304048,0,1018.1968434304048
1745071200000,1018.1968434304048,1018.1968434304048,0,1018.1968434304048
1745074800000,1018.1968434304048,1018.1968434304048,0,1018.1968434304048
1745078400000,1018.1968434304048,1018.1968434304048,0,1018.1968434304048
1745082000000,1018.1968434304048,1018.1968434304048,0,1018.1968434304048
1745085600000,1018.1968434304048,1018.1968434304048,0,1018.1968434304048
1745089200000,1018.1968434304048,1018.1968434304048,0,1018.1968434304048
1745092800000,1018.1968434304048,1018.1968434304048,0,1018.1968434304048
1745096400000,1018.1968434304048,1018.1968434304048,0,1018.1968434304048
1745100000000,1018.1968434304048,1018.1968434304048,0,1018.1968434304048
1745103600000,1018.1968434304048,1018.1968434304048,0,1018.1968434304048
1745107200000,1018.1968434304048,1018.1968434304048,0,1018.1968434304048
1745110800000,1018.1968434304048,1018.1968434304048,0,1018.1968434304048
1745114400000,1018.1968434304048,1018.1968434304048,0,1018.1968434304048
1745118000000,1018.1968434304048,1018.1968434304048,0,1018.1968434304048
1745121600000,1018.1968434304048,1018.1968434304048,0,1018.1968434304048
1745125200000,1018.1968434304048,1018.1968434304048,0,1018.1968434304048
1745128800000,1018.1968434304048,1018.1968434304048,0,1018.1968434304048
1745132400000,1018.1968434304048,1018.1968434304048,0,1018.1968434304048
1745136000000,1018.1968434304048,1018.1968434304048,0,1018.1968434304048
1745139600000,1018.1968434304048,1018.1968434304048,0,1018.1968434304048
1745143200000,1018.1968434304048,1018.1968434304048,0,1018.1968434304048
1745146800000,1018.1968434304048,1018.1968434304048,0,1018.1968434304048
1745150400000,1018.1968434304048,1018.1968434304048,0,1018.1968434304048
1745154000000,1018.1968434304048,1018.1968434304048,0,1018.1968434304048
1745157600000,1018.1968434304048,1018.1968434304048,0,1018.1968434304048
1745161200000,1018.1968434304048,1018.1968434304048,0,1018.1968434304048
1745164800000,1018.1968434304048,1018.1968434304048,0,1018.1968434304048
1745168400000,1018.1968434304048,1018.1968434304048,0,1018.1968434304048
1745172000000,1018.1968434304048,1018.1968434304048,0,1018.1968434304048
1745175600000,1018.1968434304048,1018.1968434304048,0,1018.1968434304048
1745179200000,1018.1968434304048,1018.1968434304048,0,1018.1968434304048
1745182800000,1018.1968434304048,1018.1968434304048,0,1018.1968434304048
1745186400000,1018.1968434304048,1018.1968434304048,0,1018.1968434304048
1745190000000,1018.1968434304048,1018.1968434304048,0,1018.1968434304048
1745193600000,1018.1968434304048,1018.1968434304048,0,1018.1968434304048
1745197200000,1018.1968434304048,1018.1968434304048,0,1018.1968434304048
1745200800000,1018.1968434304048,1018.1968434304048,0,1018.1968434304048
1745204400000,1018.1968434304048,1018.1968434304048,0,1018.1968434304048
1745208000000,1018.1968434304048,1018.1968434304048,0,1018.1968434304048
1745211600000,1018.1968434304048,1018.1968434304048,0,1018.1968434304048
1745215200000,1018.1968434304048,1018.1968434304048,0,1018.1968434304048
1745218800000,1018.1968434304048,1018.1968434304048,0,1018.1968434304048
1745222400000,1018.1968434304048,1018.1968434304048,0,1018.1968434304048
1745226000000,1018.1968434304048,1018.1968434304048,0,1018.1968434304048
1745229600000,1018.1968434304048,1018.1968434304048,0,1018.1968434304048
1745233200000,1018.1968434304048,1018.1968434304048,0,1018.1968434304048
1745236800000,1018.1968434304048,1018.1968434304048,0,1018.1968434304048
1745240400000,1018.1968434304048,1018.1968434304048,0,1018.1968434304048
1745244000000,1018.1968434304048,1018.1968434304048,0,1018.1968434304048
1745247600000,1018.1968434304048,1018.1968434304048,0,1018.1968434304048
1745251200000,1018.1968434304048,1018.1968434304048,0,1018.1968434304048
1745254800000,1018.1968434304048,1018.1968434304048,0,1018.1968434304048
1745258400000,1018.1968434304048,1018.1968434304048,0,1018.1968434304048
1745262000000,1018.1968434304048,1018.1968434304048,0,1018.1968434304048
1745265600000,1018.1968434304048,1018.1968434304048,0,1018.1968434304048
1745269200000,1018.1968434304048,1018.1968434304048,0,1018.1968434304048
1745272800000,1018.1968434304048,1018.1968434304048,0,1018.1968434304048
1745276400000,1018.1968434304048,1018.1968434304048,0,1018.1968434304048
1745280000000,1018.1968434304048,1018.1968434304048,0,1018.1968434304048
1745283600000,1018.1968434304048,1018.1968434304048,0,1018.1968434304048
1745287200000,1018.1968434304048,1018.1968434304048,0,1018.1968434304048
1745290800000,1018.1968434304048,1018.1968434304048,0,1018.1968434304048
1745294400000,1018.1968434304048,1018.1968434304048,0,1018.1968434304048
1745298000000,1018.1968434304048,1018.1968434304048,0,1018.1968434304048
1745301600000,1018.1968434304048,1018.1968434304048,0,1018.1968434304048
1745305200000,1018.1968434304048,1018.1968434304048,0,1018.1968434304048
1745308800000,1018.1968434304048,1018.1968434304048,0,1018.1968434304048
1745312400000,1018.1968434304048,1018.1968434304048,0,1018.1968434304048
1745316000000,1018.1968434304048,1018.1968434304048,0,1018.1968434304048
1745319600000,1018.1968434304048,1018.1968434304048,0,1018.1968434304048
1745323200000,1018.1968434304048,1018.1968434304048,0,1018.1968434304048
1745326800000,1018.1968434304048,1018.1968434304048,0,1018.1968434304048
1745330400000,1018.1968434304048,1018.1968434304048,0,1018.1968434304048
1745334000000,1018.1968434304048,1018.1968434304048,0,1018.1968434304048
1745337600000,1018.1968434304048,1018.1968434304048,0,1018.1968434304048
1745341200000,1017.15205246476,1016.890417738579,3,1018.0652061078978
1745344800000,1017.9927891970335,1016.5255539698783,3,1018.0652061078978
1745348400000,1018.3371221971399,1017.5837522447919,3,1018.0652061078978
1745352000000,1018.0837998220619,1016.8364287855403,3,1018.0652061078978
1745355600000,1017.4393082609192,1017.3307265483012,3,1018.0652061078978
1745359200000,1021.4334956289811,1017.1984480710595,3,1018.0652061078978
1745362800000,1021.0963196150591,1019.964095458126,3,1018.0652061078978
1745366400000,1023.2540229117517,1020.9384254041456,3,1018.0652061078978
1745370000000,1021.9117158185779,1021.448787133892,3,1018.0613671709708
1745373600000,1021.3743680009194,1020.7692766290561,3,1018.0613671709708
1745377200000,1022.717599073759,1021.2280216950228,3,1018.0613671709708
1745380800000,1023.3946545152961,1021.7091997973013,3,1018.0613671709708
1745384400000,1025.6286475149986,1022.525405800236,3,1018.0613671709708
1745388000000,1024.2817335161062,1024.0176906007573,3,1018.0613671709708
1745391600000,1024.911435789467,1024.112308780471,3,1018.0613671709708
1745395200000,1025.999069778268,1024.1976870406972,3,1018.0613671709708
1745398800000,1026.089492137663,1024.7551853300279,3,1018.0571972828901
1745402400000,1024.9573356184674,1024.8313198653095,3,1018.0571972828901
1745406000000,1025.220371074928,1023.4489685928044,3,1018.0571972828901
1745409600000,1025.0071373183816,1024.2971809168318,3,1018.0571972828901
1745413200000,1025.9030224853166,1024.643234220571,3,1018.0571972828901
1745416800000,1023.6114994933021,1023.0974455817623,3,1018.0571972828901
1745420400000,1023.3234673436004,1022.6744230272753,3,1018.0571972828901
1745424000000,1023.2610341648971,1020.2832710830942,3,1018.0571972828901
1745427600000,1023.7029387824103,1021.7808441276645,3,1018.0475220487849
1745431200000,1024.3591428467062,1022.9781080279744,3,1018.0475220487849
1745434800000,1023.9513465374889,1023.7078028017196,3,1018.0475220487849
1745438400000,1022.7039352289173,1021.6754887534214,3,1018.0475220487849
1745442000000,1023.6038970777596,1022.4120523588592,3,1018.0475220487849
1745445600000,1023.6789293331691,1022.5738774796454,3,1018.0475220487849
1745449200000,1024.9079972004445,1023.1473609283668,3,1018.0475220487849
1745452800000,1024.1051728702555,1023.6832159265365,3,1018.0475220487849
1745456400000,1023.0425733667348,1022.6829763828478,3,1018.0445679145644
1745460000000,1023.4963797455812,1021.9996684208654,3,1018.0445679145644
1745463600000,1022.1340495159059,1022.0142574509642,3,1018.0445679145644
1745467200000,1021.1702348858756,1021.0401803572406,3,1018.0445679145644
1745470800000,1021.0445621825247,1019.9236286597078,3,1018.0445679145644
1745474400000,1020.589517684969,1020.1379783438932,3,1018.0445679145644
1745478000000,1020.364589915655,1019.8792473014449,3,1018.0445679145644
1745481600000,1019.6001858352389,1019.21231754687,3,1018.0445679145644
1745485200000,1017.9805691560122,1016.3761113286324,2,1015.550005997794
1745488800000,1019.073796664146,1017.8785681576661,2,1015.550005997794
1745492400000,1019.2736903152415,1018.7611001153981,2,1015.550005997794
1745496000000,1019.3090421715219,1018.5202694664462,2,1015.550005997794
1745499600000,1019.7046889441577,1018.8522956497068,2,1015.550005997794
1745503200000,1019.8589329874301,1019.2603104386629,2,1015.550005997794
1745506800000,1021.3212194331628,1019.5948145839675,2,1015.550005997794
1745510400000,1021.4721417033875,1021.1138814044983,2,1015.550005997794
1745514000000,1022.3902794218938,1021.2968081410789,3,1015.5207880869971
1745517600000,1020.896331806786,1019.7899325184601,3,1015.5207880869971
1745521200000,1022.0348267255066,1020.8487799453048,3,1015.5207880869971
1745524800000,1022.179421288786,1021.1389441427566,3,1015.5207880869971
1745528400000,1021.6486749551658,1021.4370354771538,3,1015.5207880869971
1745532000000,1021.2370855510668,1020.4594481271909,3,1015.5207880869971
1745535600000,1021.230055643988,1020.6458556581799,3,1015.5207880869971
1745539200000,1022.6368322800841,1021.0425811709636,3,1015.5207880869971
1745542800000,1022.4904141639239,1021.5673884505916,3,1015.5126967431629
1745546400000,1021.4046794794375,1021.1287209171041,3,1015.5126967431629
1745550000000,1019.5379010591037,1019.0596387520923,3,1015.5126967431629
1745553600000,1021.0444060639866,1019.0297527653413,3,1015.5126967431629
1745557200000,1020.7438785027001,1019.9876098608836,3,1015.5126967431629
1745560800000,1021.0186333835344,1020.4083945666918,3,1015.5126967431629
1745564400000,1022.5780297681367,1020.7617302382577,3,1015.5126967431629
1745568000000,1022.6341546033532,1021.7140640863029,3,1015.5126967431629
1745571600000,1022.7153460360684,1022.0247503354535,3,1015.5075636342469
1745575200000,1023.1239232891098,1021.939273321153,3,1015.5075636342469
1745578800000,1021.5824570752898,1021.2993007603227,3,1015.5075636342469
1745582400000,1023.5785643563513,1021.5860934570813,3,1015.5075636342469
1745586000000,1022.3254987686715,1021.9724206329597,3,1015.5075636342469
1745589600000,1021.9444602784231,1020.6762809780824,3,1015.5075636342469
1745593200000,1024.9183088383472,1021.890872801326,3,1015.5075636342469
1745596800000,1024.0535151520005,1023.3710256749919,3,1015.5075636342469
1745600400000,1024.4545739647938,1022.5984552729581,3,1015.5033868180631
1745604000000,1022.4703206448544,1022.028804760395,3,1015.5033868180631
1745607600000,1023.2302501518811,1022.1784301191992,3,1015.5033868180631
1745611200000,1023.6147944977438,1022.4738168590333,3,1015.5033868180631
1745614800000,1022.8025192530248,1022.5668648812199,3,1015.5033868180631
1745618400000,1021.9188486512355,1021.5272684620464,3,1015.5033868180631
1745622000000,1022.8948984903856,1021.8839210473363,3,1015.5033868180631
1745625600000,1022.2695899308703,1021.9868220684343,3,1015.5033868180631
1745629200000,1023.5141255333541,1022.1831203342216,3,1015.5046873013379
1745632800000,1024.4416950466918,1022.8821363333004,3,1015.5046873013379
1745636400000,1023.9791509836543,1023.4163831564213,3,1015.5046873013379
1745640000000,1023.4630697682941,1023.1663273431012,3,1015.5046873013379
1745643600000,1022.5099180128001,1022.3640765587403,3,1015.5046873013379
1745647200000,1023.0043338024118,1021.9960297594822,3,1015.5046873013379
1745650800000,1023.7379548692853,1022.8609106743727,3,1015.5046873013379
1745654400000,1023.5607769555323,1023.5451813837145,3,1015.5046873013379
1745658000000,1022.8323849696378,1022.5708682149987,3,1015.497525276561
1745661600000,1022.2331314260646,1021.6346849683166,3,1015.497525276561
1745665200000,1022.1477926876546,1021.8848707357937,3,1015.497525276561
1745668800000,1020.8597907799691,1020.4241472318997,3,1015.497525276561
1745672400000,1021.0212515155326,1020.7148134213807,3,1015.497525276561
1745676000000,1020.7583867128311,1019.760226682275,3,1015.497525276561
1745679600000,1021.1170405523834,1020.0591657105107,3,1015.497525276561
1745683200000,1021.7567493611427,1021.0142207212602,3,1015.497525276561
1745686800000,1021.4038696422981,1020.6990540346145,3,1015.4914987676009
1745690400000,1021.4767867920424,1021.0765118330162,3,1015.4914987676009
1745694000000,1020.7531468015288,1020.7087307769419,3,1015.4914987676009
1745697600000,1021.4270251976219,1020.6561242065507,3,1015.4914987676009
1745701200000,1020.6361925908324,1020.6157175269558,3,1015.4914987676009
1745704800000,1021.0475445287058,1020.5961923911239,3,1015.4914987676009
1745708400000,1022.0200470271304,1021.051281027104,3,1015.4914987676009
1745712000000,1021.6538690671656,1021.4172933102741,3,1015.4914987676009
1745715600000,1023.0834503115952,1021.2830298431608,3,1015.4891749195756
1745719200000,1019.7612797885151,1019.5607090941037,3,1015.4891749195756
1745722800000,1020.3102113409647,1019.3828075927737,3,1015.4891749195756
1745726400000,1020.5959662097234,1020.0282197000968,3,1015.4891749195756
1745730000000,1019.632190093074,1019.4513673102308,3,1015.4891749195756
1745733600000,1019.1474428765949,1018.5614396367904,3,1015.4891749195756
1745737200000,1019.435390606961,1018.677436676519,3,1015.4891749195756
1745740800000,1019.5591169470478,1018.7543203954252,3,1015.4891749195756
1745744400000,1019.9182861756567,1019.2742819942538,3,1015.4805417167491
1745748000000,1019.6753339476376,1019.4082284736655,3,1015.4805417167491
1745751600000,1019.4931490363981,1019.0444283340295,3,1015.4805417167491
1745755200000,1019.0936213997436,1019.0383736894605,3,1015.4805417167491
1745758800000,1018.7121936209311,1018.2510391123027,3,1015.4805417167491
1745762400000,1019.6389845662928,1017.8205480945027,3,1015.4805417167491
1745766000000,1019.4181223465899,1019.204445865626,3,1015.4805417167491
1745769600000,1018.8522936180864,1018.2716308860353,3,1015.4805417167491
1745773200000,1018.6698208572212,1018.0309856198036,3,1015.4750443532596
1745776800000,1019.4561589741562,1018.3373582551457,3,1015.4750443532596
1745780400000,1020.3395817075783,1019.285582794131,3,1015.4750443532596
1745784000000,1021.7817609823461,1020.2349050129219,3,1015.4750443532596
1745787600000,1020.9597611071716,1020.7328655168826,3,1015.4750443532596
1745791200000,1021.4857468635978,1020.505760408184,3,1015.4750443532596
1745794800000,1020.462764118769,1019.685240005583,3,1015.4750443532596
1745798400000,1019.422978008037,1019.2627913232669,3,1015.4750443532596
1745802000000,1018.8354331690533,1017.9743924218159,3,1015.465233556326
1745805600000,1016.6410374256951,1016.0146756359587,2,1012.9330718209774
1745809200000,1018.1870174855784,1016.4751441073817,2,1012.9330718209774
1745812800000,1019.3837980529044,1017.9829976652305,2,1012.9330718209774
1745816400000,1019.766011275238,1019.3474342349875,2,1012.9330718209774
1745820000000,1019.6366352610369,1019.1318220739186,2,1012.9330718209774
1745823600000,1020.4445624219086,1019.5457257162449,2,1012.9330718209774
1745827200000,1020.8737554885552,1020.210200038957,2,1012.9330718209774
1745830800000,1020.5646892711136,1020.3186998544957,3,1012.8897138754852
1745834400000,1020.4625467362383,1020.1143012717373,3,1012.8897138754852
1745838000000,1020.79026559171,1018.8284449481667,3,1012.8897138754852
1745841600000,1020.8404306321684,1020.1302300799155,3,1012.8897138754852
1745845200000,1020.3888667050174,1019.8869905372226,3,1012.8897138754852
1745848800000,1017.3849791386076,1017.2403004145016,3,1012.8897138754852
1745852400000,1018.0991298448891,1016.9327150149747,3,1012.8897138754852
1745856000000,1016.5438906802094,1015.2244586518838,3,1012.8897138754852
1745859600000,1016.5260732000211,1015.2529811417405,3,1012.8898070236315
1745863200000,1017.7941559906405,1015.931587159164,3,1012.8898070236315
1745866800000,1017.9538894246657,1016.7470913162915,3,1012.8898070236315
1745870400000,1019.4950269416223,1017.8430856619761,3,1012.8898070236315
1745874000000,1018.6373828277532,1018.3148939122592,3,1012.8898070236315
1745877600000,1019.2964787282784,1018.2406498843586,3,1012.8898070236315
1745881200000,1019.9065426545457,1018.9566848012187,3,1012.8898070236315
1745884800000,1020.0775616142292,1019.6671021853358,3,1012.8898070236315
1745888400000,1020.9714108440343,1019.6593505482149,3,1012.8889735257619
1745892000000,1020.3023207129362,1019.7585780719169,3,1012.8889735257619
1745895600000,1019.1307237948104,1018.7242876054418,3,1012.8889735257619
1745899200000,1019.6469695949005,1018.7045816565688,3,1012.8889735257619
1745902800000,1018.1750185879467,1018.0281157757718,3,1012.8889735257619
1745906400000,1018.0889403804484,1017.7589742012597,3,1012.8889735257619
1745910000000,1020.0147861398411,1018.0082752480787,3,1012.8889735257619
1745913600000,1020.2433044228105,1019.6145243104293,3,1012.8889735257619
1745917200000,1020.3430621180589,1019.4981994359587,3,1012.8806661056798
1745920800000,1020.424698199614,1019.5239172393724,3,1012.8806661056798
1745924400000,1019.5250208332609,1019.286082289947,3,1012.8806661056798
1745928000000,1020.0932150346113,1019.4395392752468,3,1012.8806661056798
1745931600000,1019.0012492650815,1018.7819981448172,3,1012.8806661056798
1745935200000,1019.1098697632874,1018.0843378731018,3,1012.8806661056798
1745938800000,1019.723975629149,1018.3953119770094,3,1012.8806661056798
1745942400000,1019.3530917035205,1018.6126881955279,3,1012.8806661056798
1745946000000,1019.2898099109927,1018.8699938285646,3,1012.8818485981652
1745949600000,1019.9319849104869,1018.4186696672846,3,1012.8818485981652
1745953200000,1020.3803457729429,1019.6042509361573,3,1012.8818485981652
1745956800000,1019.6882915622475,1019.504263279763,3,1012.8818485981652
1745960400000,1018.4934506606579,1018.2346681073238,3,1012.8818485981652
1745964000000,1017.5949203176918,1016.6273825592543,3,1012.8818485981652
1745967600000,1016.100765435909,1015.4815119288968,2,1010.3616690566146
1745971200000,1016.3330575540829,1015.363774607526,2,1010.3616690566146
1745974800000,1016.8224219521975,1016.0670525463743,2,1010.3708668778385
1745978400000,1016.6171791414286,1016.0056164959295,2,1010.3708668778385
1745982000000,1017.0843414564267,1016.4274258868146,2,1010.3708668778385
1745985600000,1017.5687414486388,1016.741538428356,2,1010.3708668778385
1745989200000,1017.5411950215544,1017.1706203800683,2,1010.3708668778385
1745992800000,1017.0532656908631,1016.9335225634053,2,1010.3708668778385
1745996400000,1016.6953521846765,1016.6785004108295,2,1010.3708668778385
1746000000000,1016.4620124575547,1016.0829171089464,2,1010.3708668778385
1746003600000,1016.4364548683603,1016.1066491754762,2,1010.371904658656
1746007200000,1016.9403634412893,1016.3652469066578,2,1010.371904658656
1746010800000,1017.1186391362257,1016.668897110755,2,1010.371904658656
1746014400000,1017.3835012340855,1017.0180826485223,2,1010.371904658656
1746018000000,1015.5771819445334,1015.0869392376998,2,1010.371904658656
1746021600000,1012.8797030058863,1012.3307777510378,1,1010.807553890002
1746025200000,1013.5758137707331,1012.749551417464,1,1010.807553890002
1746028800000,1013.8511344385497,1013.508034828147,1,1010.807553890002
1746032400000,1013.8062498834395,1013.3819557051826,1,1010.8111257724275
1746036000000,1013.966336337199,1013.6184311296853,1,1010.8111257724275
1746039600000,1013.950217563556,1013.83438264986,1,1010.8111257724275
1746043200000,1014.0247043187761,1013.606016670482,1,1010.8111257724275
1746046800000,1014.422868062742,1013.9753468317821,1,1010.8111257724275
1746050400000,1014.2898130927318,1014.2349491923815,1,1010.8111257724275
1746054000000,1013.9823549942356,1013.9173793166309,1,1010.8111257724275
1746057600000,1014.0316123646231,1013.8563081866789,1,1010.8111257724275
1746061200000,1014.262368666924,1013.9898512640889,1,1010.8078094487811
1746064800000,1014.5024482892601,1014.2468505929197,1,1010.8078094487811
1746068400000,1014.7038829014953,1014.4667066607471,1,1010.8078094487811
1746072000000,1014.6414101390526,1014.5347859531527,1,1010.8078094487811
1746075600000,1014.7292124029344,1014.5640200022444,1,1010.8078094487811
1746079200000,1015.0084376184036,1014.6907676260466,1,1010.8078094487811
1746082800000,1014.7534406217022,1014.6631354426584,1,1010.8078094487811
1746086400000,1014.8827912772729,1014.6583298455474,1,1010.8078094487811
1746090000000,1015.061933653002,1014.7651880313991,1,1010.8023368021635
1746093600000,1015.3776013132295,1014.9890487634855,1,1010.8023368021635
1746097200000,1016.0180472448741,1015.377501196623,1,1010.8023368021635
1746100800000,1016.0299611210451,1015.669641454328,1,1010.8023368021635
1746104400000,1016.2213840726325,1015.9512694683528,1,1010.8023368021635
1746108000000,1015.6447124193148,1015.6417089211205,1,1010.8023368021635
1746111600000,1016.669005420199,1015.6447124193148,1,1010.8023368021635
1746115200000,1016.694735388064,1016.591014583752,1,1010.8023368021635
1746118800000,1016.8631021800708,1016.7025151432789,1,1010.8101165573784
1746122400000,1016.655059871808,1016.3556111018299,1,1010.8101165573784
1746126000000,1016.720736365658,1016.287631926031,1,1010.8101165573784
1746129600000,1016.367324744788,1016.2524909971569,1,1010.8101165573784
1746133200000,1016.2526912303699,1016.1519739242523,1,1010.8101165573784
1746136800000,1016.3172664415487,1016.2373733895787,1,1010.8101165573784
1746140400000,1016.2370730397591,1016.216949601857,1,1010.8101165573784
1746144000000,1016.3314829996687,1016.0302321307742,1,1010.8101165573784
1746147600000,1016.8945345775521,1016.3199653729705,1,1010.8219260999898
1746151200000,1016.8306601826187,1016.5873768288753,1,1010.8219260999898
1746154800000,1016.821950037855,1016.5832720480096,1,1010.8219260999898
1746158400000,1016.9756290287999,1016.8218499212485,1,1010.8219260999898
1746162000000,1016.8153423418274,1016.7357496396768,1,1010.8219260999898
1746165600000,1016.5702568891675,1016.4900634873779,1,1010.8219260999898
1746169200000,1016.5782662176857,1016.3564078177288,1,1010.8219260999898
1746172800000,1016.2218510986213,1016.2029290599969,1,1010.8219260999898
1746176400000,1016.5104222624009,1016.2288943649826,1,1010.8309716984807
1746180000000,1016.479085764573,1016.3332158689335,1,1010.8309716984807
1746183600000,1016.7744297536854,1016.479085764573,1,1010.8309716984807
1746187200000,1016.8052656684808,1016.7528045666859,1,1010.8309716984807
1746190800000,1017.0639669796219,1016.5143268100536,1,1010.8309716984807
1746194400000,1016.6389719851196,1016.5321475660068,1,1010.8309716984807
1746198000000,1017.6206153116437,1016.5583781169041,1,1010.8309716984807
1746201600000,1017.200125564433,1016.9345162074449,1,1010.8309716984807
1746205200000,1017.2392235011263,1017.2085878195438,1,1010.8394339535914
1746208800000,1017.2794703769307,1016.9381728654447,1,1010.8394339535914
1746212400000,1017.0632185069367,1017.0382894719233,1,1010.8394339535914
1746216000000,1016.7948058849671,1016.6378230460084,1,1010.8394339535914
1746219600000,1016.9009294878346,1016.7219209954505,1,1010.8394339535914
1746223200000,1016.6037833998056,1016.4451986951433,1,1010.8394339535914
1746226800000,1016.545315301622,1016.4510054583191,1,1010.8394339535914
1746230400000,1016.7691760337085,1016.4791382247396,1,1010.8394339535914
1746234000000,1016.6006441321117,1016.5173471155214,1,1010.8452050638741
1746237600000,1016.4010116187931,1016.3290277787348,1,1010.8452050638741
1746241200000,1016.4256403039868,1016.3793864317937,1,1010.8452050638741
1746244800000,1016.2352185184643,1016.1980752574607,1,1010.8452050638741
1746248400000,1016.4137264278158,1016.201278988868,1,1010.8452050638741
1746252000000,1016.3223199661007,1016.3122081888465,1,1010.8452050638741
1746255600000,1016.078736262538,1016.0069526556927,1,1010.8452050638741
1746259200000,1016.23391700258,1016.0457978990064,1,1010.8452050638741
1746262800000,1016.1841796934206,1016.0332038508506,1,1010.8421220933337
1746266400000,1016.14893864794,1016.0837627371224,1,1010.8421220933337
1746270000000,1015.7932243451211,1015.7442673245529,1,1010.8421220933337
1746273600000,1015.8351732032356,1015.7550799180526,1,1010.8421220933337
1746277200000,1016.0138813458002,1015.7739018400707,1,1010.8421220933337
1746280800000,1016.2279306504518,1015.9972619891248,1,1010.8421220933337
1746284400000,1016.2547619009881,1016.1719654674301,1,1010.8421220933337
1746288000000,1016.2988132078387,1016.2066058132718,1,1010.8421220933337
1746291600000,1016.0913005372499,1015.9581454506332,1,1010.8435527804661
1746295200000,1016.086294706926,1015.7536072235971,1,1010.8435527804661
1746298800000,1016.0448464318438,1015.9911839307712,1,1010.8435527804661
1746302400000,1016.2534894397455,1016.0170140152427,1,1010.8435527804661
1746306000000,1016.2436780123106,1016.1914171437287,1,1010.8435527804661
1746309600000,1016.1672890415673,1016.1413588404894,1,1010.8435527804661
1746313200000,1016.0700758166764,1016.0608650888804,1,1010.8435527804661
1746316800000,1015.7441962625882,1015.6407758080956,1,1010.8435527804661
1746320400000,1015.7595596241433,1015.659943600697,1,1010.8431978348042
1746324000000,1015.9962352818591,1015.4488977942399,1,1010.8431978348042
1746327600000,1015.7749775815411,1015.6918807981638,1,1010.8431978348042
1746331200000,1015.6203975411379,1015.5455103194919,1,1010.8431978348042
1746334800000,1015.6204976577444,1015.6203975411379,1,1010.8431978348042
1746338400000,1015.9402700988375,1015.5743439021577,1,1010.8431978348042
1746342000000,1015.8105189768411,1015.774777348328,1,1010.8431978348042
1746345600000,1015.78268656024,1015.7004908263209,1,1010.8431978348042
1746349200000,1015.5357041567797,1015.287515089319,1,1010.8400994847262
1746352800000,1015.3770193355109,1015.3246583503225,1,1010.8400994847262
1746356400000,1015.2924208030364,1015.1639711969241,1,1010.8400994847262
1746360000000,1015.3129447073645,1015.2518735774125,1,1010.8400994847262
1746363600000,1015.3670076748631,1015.3006303647676,1,1010.8400994847262
1746367200000,1015.2688934005139,1015.1091072965738,1,1010.8400994847262
1746370800000,1015.4997622950539,1015.216232065506,1,1010.8400994847262
1746374400000,1015.3580972968865,1015.3138457568228,1,1010.8400994847262
1746378000000,1015.2340793321415,1015.1832200960503,1,1010.8365217975752
1746381600000,1015.3007569920563,1015.1332619094173,1,1010.8365217975752
1746385200000,1015.2657161797888,1015.2460933249189,1,1010.8365217975752
1746388800000,1015.4674511418434,1015.2332783992896,1,1010.8365217975752
1746392400000,1015.6106178891081,1015.4538352833623,1,1010.8365217975752
1746396000000,1015.5561544551836,1015.5036933533887,1,1010.8365217975752
1746399600000,1014.8937829867202,1014.5985391142143,1,1010.8365217975752
1746403200000,1014.1622309431799,1014.0482982450071,1,1010.8365217975752
1746406800000,1014.5948003015582,1014.084305725123,1,1010.8387899813077
1746410400000,1013.8138907710239,1013.5836225761227,1,1010.8387899813077
1746414000000,1014.1341637951494,1013.3784836494477,1,1010.8387899813077
1746417600000,1013.9351319814697,1013.9077000312944,1,1010.8387899813077
1746421200000,1014.3095680897002,1013.9140073775026,1,1010.8387899813077
1746424800000,1014.6322439123812,1014.1109367424464,1,1010.8387899813077
1746428400000,1014.6590751629175,1014.4637476636775,1,1010.8387899813077
1746432000000,1014.6312427463164,1014.4056800319198,1,1010.8387899813077
1746435600000,1014.4410780481555,1014.3710965402269,1,1010.8353427542297
1746439200000,1014.4418789810073,1014.3519742683894,1,1010.8353427542297
1746442800000,1013.9981621810936,1013.9250770583641,1,1010.8353427542297
1746446400000,1013.9165671468133,1013.7653910710304,1,1010.8353427542297
1746450000000,1014.2102091536156,1013.7744015656135,1,1010.8353427542297
1746453600000,1014.1230075893725,1013.5301170458054,1,1010.8353427542297
1746457200000,1013.7701966681415,1013.6001986703404,1,1010.8353427542297
1746460800000,1013.6562639699686,1013.489669936788,1,1010.8353427542297
1746464400000,1014.0967831901866,1013.6376484328749,1,1010.8374513546772
1746468000000,1014.3917267128729,1013.9549179588062,1,1010.8374513546772
1746471600000,1014.6091799821448,1014.3344600139671,1,1010.8374513546772
1746475200000,1014.2285366443126,1014.1611581681524,1,1010.8374513546772
1746478800000,1014.1313234194217,1013.7466754173304,1,1010.8374513546772
1746482400000,1014.6069774168022,1014.1194095432508,1,1010.8374513546772
1746486000000,1014.9443703806356,1014.6018714698719,1,1010.8374513546772
1746489600000,1014.6302044695053,1014.6062766005568,1,1010.8374513546772
1746493200000,1014.4899680324886,1014.3107593068917,1,1010.8355760678141
1746496800000,1014.1858137820062,1014.1828102838118,1,1010.8355760678141
1746500400000,1014.2224564599774,1013.8917713087781,1,1010.8355760678141
1746504000000,1014.3496045502054,1014.1121279596379,1,1010.8355760678141
1746507600000,1014.4721472765355,1014.2314669545606,1,1010.8355760678141
1746511200000,1014.231166604741,1014.1981281246032,1,1010.8355760678141
1746514800000,1014.3953578393662,1014.231166604741,1,1010.8355760678141
1746518400000,1014.2812249079805,1014.2411782653888,1,1010.8355760678141
1746522000000,1014.2687210475827,1013.8576422613811,1,1010.8313818857542
1746525600000,1014.1064320284808,1013.9947018956505,1,1010.8313818857542
1746529200000,1013.8226014491134,1013.7384033830648,1,1010.8313818857542
1746532800000,1013.6966547581632,1013.5884287065596,1,1010.8313818857542
1746536400000,1013.4082116846116,1013.1628609227276,2,1010.798613976155
1746540000000,1013.5803105399707,1012.7735770667006,2,1010.798613976155
1746543600000,1013.479969579288,1012.3992952271476,2,1010.798613976155
1746547200000,1013.7257781463601,1012.9143514803918,2,1010.798613976155
1746550800000,1013.3966360578752,1012.8347093036789,2,1010.7998915023344
1746554400000,1013.3644865667,1012.8338605878026,2,1010.7998915023344
1746558000000,1013.2816965021888,1012.6780152086664,2,1010.7998915023344
1746561600000,1013.3185432819974,1012.9362773714728,2,1010.7998915023344
1746565200000,1013.324584182426,1012.8410919635693,2,1010.7998915023344
1746568800000,1013.6008268340007,1012.9295463514273,2,1010.7998915023344
1746572400000,1014.2294271478411,1012.5446521515877,2,1010.7998915023344
1746576000000,1014.6313741612422,1013.7347607782785,2,1010.7998915023344
1746579600000,1015.3176547981295,1013.9904073251666,2,1008.2759284840344
1746583200000,1014.754645932132,1014.4316242241155,2,1008.2759284840344
1746586800000,1014.0379243015452,1013.6128138859335,2,1008.2759284840344
1746590400000,1014.1689072428289,1013.3062057984364,2,1008.2759284840344
1746594000000,1013.8745868095467,1013.6611570516682,2,1008.2759284840344
1746597600000,1013.6384759285172,1013.3644925105411,2,1008.2759284840344
1746601200000,1013.9448403965937,1013.4691106326839,2,1008.2759284840344
1746604800000,1014.7217625276836,1013.8999673494451,2,1008.2759284840344
1746608400000,1014.8346295658042,1014.3796787095222,2,1008.2715872466695
1746612000000,1014.6668113655878,1014.5067041043822,2,1008.2715872466695
1746615600000,1014.5213380157502,1014.0976198090623,2,1008.2715872466695
1746619200000,1014.168534368778,1014.0224736634924,2,1008.2715872466695
1746622800000,1013.8438711404775,1013.4404501055191,2,1008.2715872466695
1746626400000,1013.7915931960771,1013.2993461524103,2,1008.2715872466695
1746630000000,1013.184510255471,1012.9219118599323,2,1008.2715872466695
1746633600000,1012.9103001048964,1012.7272718327466,2,1008.2715872466695
1746637200000,1012.4720239120212,1012.1057217879891,2,1008.2661172929103
1746640800000,1011.8723839409278,1011.4158104114962,2,1008.2661172929103
1746644400000,1012.2761769826146,1011.2671505950663,2,1008.2661172929103
1746648000000,1011.6013908659515,1010.9918316985652,2,1008.2661172929103
1746651600000,1012.6639079810572,1011.4209542416912,2,1008.2661172929103
1746655200000,1012.959340702897,1012.4360953944862,2,1008.2661172929103
1746658800000,1013.859620026356,1012.8088446359134,2,1008.2661172929103
1746662400000,1013.3631113548184,1013.1799356592304,2,1008.2661172929103
1746666000000,1014.7477848114404,1013.1308916262526,2,1008.2617894600756
1746669600000,1014.8533039830414,1014.090979840367,2,1008.2617894600756
1746673200000,1016.0507857469356,1014.8579244624461,2,1008.2617894600756
1746676800000,1016.4998332660664,1015.6330234981772,2,1008.2617894600756
1746680400000,1016.3258910660327,1016.2544720026607,2,1008.2617894600756
1746684000000,1016.0589839247879,1016.0209641533996,2,1008.2617894600756
1746687600000,1016.42478173416,1015.8455162836448,2,1008.2617894600756
1746691200000,1016.9775522069111,1016.2122547970553,2,1008.2617894600756
1746694800000,1017.1334434520097,1016.8131824268386,1,1016.6743518002047
1746698400000,1017.0484727238105,1016.7557957711241,1,1016.6743518002047
1746702000000,1017.2608995443087,1017.0012667636997,1,1016.6743518002047
1746705600000,1016.8974136514562,1016.8077223272459,1,1016.6743518002047
1746709200000,1016.6283396788252,1016.4017510702938,1,1016.6743518002047
1746712800000,1016.9115754394894,1016.6047366987698,1,1016.6743518002047
1746716400000,1016.8407664993234,1016.680266234947,1,1016.6743518002047
1746720000000,1017.3930762326187,1016.7274721950578,1,1016.6743518002047
1746723600000,1018.2050478382878,1016.6733894590309,3,1016.5833983364811
1746727200000,1017.3390619700439,1016.7457549946083,3,1016.5833983364811
1746730800000,1017.9208602896099,1017.1737291145731,3,1016.5833983364811
1746734400000,1018.1183981915776,1017.0081739384971,3,1016.5833983364811
1746738000000,1021.3575786624104,1017.6254342741271,3,1016.5833983364811
1746741600000,1020.8329985751315,1019.3497546392907,3,1016.5833983364811
1746745200000,1021.2112891919517,1019.6057905790024,3,1016.5833983364811
1746748800000,1023.0304893181254,1020.7014270841564,3,1016.5833983364811
1746752400000,1021.7309747757907,1020.8155342139822,3,1016.5633082556516
1746756000000,1022.5772366434296,1020.98977171496,3,1016.5633082556516
1746759600000,1021.9632713048079,1021.325135267788,3,1016.5633082556516
1746763200000,1020.6975900274159,1020.4269971657558,3,1016.5633082556516
1746766800000,1021.4387256918191,1020.3907550380039,3,1016.5633082556516
1746770400000,1022.0974972834349,1020.9777468312366,3,1016.5633082556516
1746774000000,1023.1112177609778,1021.8087353470196,3,1016.5633082556516
1746777600000,1027.0377048175187,1022.8963293752132,3,1016.5633082556516
1746781200000,1026.3575474443408,1024.589805176031,3,1016.5428124599107
1746784800000,1026.2968190819313,1024.201994974954,3,1016.5428124599107
1746788400000,1028.2080405760228,1025.7539540630835,3,1016.5428124599107
1746792000000,1027.071150511945,1025.896111469401,3,1016.5428124599107
1746795600000,1027.2269931565884,1025.9658291133321,3,1016.5428124599107
1746799200000,1028.8634548165635,1026.4707020422286,3,1016.5428124599107
1746802800000,1026.1786784009726,1023.9757067448412,3,1016.5428124599107
1746806400000,1025.985322930013,1024.7460079729533,3,1016.5428124599107
1746810000000,1024.5921120622381,1024.1061226850952,3,1016.5279921792031
1746813600000,1027.356875238413,1024.250929026374,3,1016.5279921792031
1746817200000,1026.7321414797473,1026.1909600651027,3,1016.5279921792031
1746820800000,1026.9522971453246,1025.7458858514015,3,1016.5279921792031
1746824400000,1027.50248844455,1026.6038213630536,3,1016.5279921792031
1746828000000,1027.1187203933714,1026.430635948306,3,1016.5279921792031
1746831600000,1026.6830779017555,1026.4925993301786,3,1016.5279921792031
1746835200000,1027.3677393328742,1026.3815969540042,3,1016.5279921792031
1746838800000,1028.2092769061642,1026.6054405136351,3,1016.5078055452564
1746842400000,1028.5676146805818,1027.725873167697,3,1016.5078055452564
1746846000000,1029.9034394588023,1028.1381724654932,3,1016.5078055452564
1746849600000,1030.249193304021,1028.9694002021636,3,1016.5078055452564
1746853200000,1029.7949724421705,1028.989870577886,3,1016.5078055452564
1746856800000,1031.8568321565697,1029.094224019472,3,1016.5078055452564
1746860400000,1033.889735212433,1031.799740239883,2,1025.119403755647
1746864000000,1033.7859498047549,1033.2908892858961,2,1025.119403755647
1746867600000,1032.9903026967684,1032.296486087456,3,1025.0870058525506
1746871200000,1034.2812400060732,1032.1000435738051,3,1025.0870058525506
1746874800000,1033.0831404920987,1033.0315506356242,3,1025.0870058525506
1746878400000,1031.6170961036917,1031.4585858147955,3,1025.0870058525506
1746882000000,1032.8903890511908,1031.6133641897618,3,1025.0870058525506
1746885600000,1033.3041303479172,1032.479292233455,3,1025.0870058525506
1746889200000,1033.2386230035472,1032.5280147918752,3,1025.0870058525506
1746892800000,1032.5711545285199,1032.054888620199,3,1025.0870058525506
1746896400000,1034.3127663487294,1032.4423142283345,3,1025.0744309715235
1746900000000,1034.1150894615723,1033.755938074765,3,1025.0744309715235
1746903600000,1034.5207476768753,1033.5016231726806,3,1025.0744309715235
1746907200000,1034.638779836445,1033.6720033785264,3,1025.0744309715235
1746910800000,1035.0477748039891,1033.706338261804,3,1025.0744309715235
1746914400000,1036.3668210856317,1034.8223493000069,3,1025.0744309715235
1746918000000,1037.2374768969376,1035.5858364206028,3,1025.0744309715235
1746921600000,1039.5039892377188,1037.041092600975,3,1025.0744309715235
1746925200000,1038.442504790168,1036.0895342269635,3,1025.0554644222682
1746928800000,1036.4309532736531,1035.6734661336498,3,1025.0554644222682
1746932400000,1036.0623031357932,1034.7952005205923,3,1025.0554644222682
1746936000000,1036.58304237811,1035.439768377788,3,1025.0554644222682
1746939600000,1036.9176873156628,1036.2288572384848,3,1025.0554644222682
1746943200000,1035.681782453074,1035.5798801304732,3,1025.0554644222682
1746946800000,1034.5673562321008,1033.787001178759,3,1025.0554644222682
1746950400000,1032.7226973354188,1031.8128013801725,3,1025.0554644222682
1746954000000,1032.842952365718,1032.1540587411228,3,1025.0429906118945
1746957600000,1034.4412745455688,1032.7927976178069,3,1025.0429906118945
1746961200000,1034.835183300799,1033.841314102007,3,1025.0429906118945
1746964800000,1035.0290736429888,1034.2016871636924,3,1025.0429906118945
1746968400000,1034.826157491636,1034.2983673932304,3,1025.0429906118945
1746972000000,1032.2187890512016,1032.1234884599605,3,1025.0429906118945
1746975600000,1033.3296862369273,1031.5478931726034,3,1025.0429906118945
1746979200000,1032.3426307524453,1031.4026393585498,2,1025.4809229190885
1746982800000,1032.1153370283278,1031.4031320783647,2,1025.470170234566
1746986400000,1032.5503630349767,1031.7774640913556,2,1025.470170234566
1746990000000,1033.219858261084,1032.0668081177043,2,1025.470170234566
1746993600000,1033.0366285724356,1032.9104884576277,2,1025.470170234566
1746997200000,1032.6565115625685,1032.5227015987696,2,1025.470170234566
1747000800000,1033.0028661705599,1032.2076659513368,2,1025.470170234566
1747004400000,1032.1897835759912,1031.725840887188,2,1025.470170234566
1747008000000,1032.661847164715,1032.1144810579813,2,1025.470170234566
1747011600000,1033.594826176939,1032.5620505030931,2,1025.4609842574557
1747015200000,1032.6442774234263,1031.7935518720801,2,1025.4609842574557
1747018800000,1032.5960156916715,1032.1845252875064,2,1025.4609842574557
1747022400000,1033.0502586388052,1032.024213209801,2,1025.4609842574557
1747026000000,1033.2724499201336,1032.5804748631863,2,1025.4609842574557
1747029600000,1032.780456477949,1032.2809325835212,2,1025.4609842574557
1747033200000,1033.548466555742,1032.4764508227147,2,1025.4609842574557
1747036800000,1034.0078353452977,1033.3130374882865,2,1025.4609842574557
1747040400000,1034.569810485981,1032.4482489377604,3,1025.426638176988
1747044000000,1033.641788244612,1033.4283769193946,3,1025.426638176988
1747047600000,1034.022002654129,1032.7110396988799,3,1025.426638176988
1747051200000,1032.2637747657934,1031.8822741843019,3,1025.426638176988
1747054800000,1033.410969243106,1032.1068729012925,3,1025.426638176988
1747058400000,1033.909920756065,1032.234691778463,3,1025.426638176988
1747062000000,1030.124841299058,1029.4421777016198,3,1025.426638176988
1747065600000,1029.7059364897655,1028.6411887364345,3,1025.426638176988
1747069200000,1030.749273949885,1028.951672124755,3,1025.4158883033251
1747072800000,1030.0708576997258,1029.4668312583494,3,1025.4158883033251
1747076400000,1026.7262612413128,1025.1329184856177,1,1022.8447374814817
1747080000000,1027.5570861392614,1026.5752021689586,1,1022.8447374814817
1747083600000,1027.8497630919478,1027.2455268025305,1,1022.8447374814817
1747087200000,1027.6939834235823,1027.5051595831396,1,1022.8447374814817
1747090800000,1027.8308807079034,1027.6231744834163,1,1022.8447374814817
1747094400000,1028.614499645741,1027.8261601118922,1,1022.8447374814817
1747098000000,1027.7976562090582,1027.7551708449587,1,1022.839836558703
1747101600000,1027.4813762763165,1027.183978727619,1,1022.839836558703
1747105200000,1027.2075817076745,1026.4853305179809,1,1022.839836558703
1747108800000,1026.7968898547113,1026.6411101863462,1,1022.839836558703
1747112400000,1028.047847797645,1026.7071985305008,1,1022.839836558703
1747116000000,1027.6041117726045,1027.3633613760398,1,1022.839836558703
1747119600000,1028.1233773338222,1027.5946705805823,1,1022.839836558703
1747123200000,1027.9959212415233,1027.9392740893904,1,1022.839836558703
1747126800000,1027.6606404377774,1027.514301961434,1,1022.834997475732
1747130400000,1028.1279794428733,1027.622875669689,1,1022.834997475732
1747134000000,1027.906111430353,1027.6559198417663,1,1022.834997475732
1747137600000,1028.175185402984,1027.8730672582753,1,1022.834997475732
1747141200000,1027.8919496423198,1027.575669709578,1,1022.834997475732
1747144800000,1027.4954195773898,1027.2546691808252,1,1022.834997475732
1747148400000,1026.8911832879728,1026.5890651432644,1,1022.834997475732
1747152000000,1027.3207575249803,1026.8156537517957,1,1022.834997475732
1747155600000,1027.5472936441863,1027.2640578835221,1,1022.8302243903958
1747159200000,1027.6889115245185,1027.377352187788,1,1022.8302243903958
1747162800000,1028.1704123176478,1027.599220200308,1,1022.8302243903958
1747166400000,1028.6802366868433,1027.91550013305,1,1022.8302243903958
1747170000000,1029.1208067256403,1027.2877894520498,3,1022.7904952103196
1747173600000,1028.6445965007654,1027.9225777638783,3,1022.7904952103196
1747177200000,1028.4437103383761,1028.155233913145,3,1022.7904952103196
1747180800000,1028.5348623416544,1027.6556426379511,3,1022.7904952103196
1747184400000,1028.2944536871898,1027.5745847080148,3,1022.777649466982
1747188000000,1028.1663241479691,1027.6910360289066,3,1022.777649466982
1747191600000,1027.3411831304272,1026.1559543592793,3,1022.777649466982
1747195200000,1027.2982167456823,1026.4723150365048,3,1022.777649466982
1747198800000,1028.286548695165,1026.707792018108,3,1022.777649466982
1747202400000,1028.6017728915035,1027.8777932457592,3,1022.777649466982
1747206000000,1028.7720501431145,1028.1014330592566,3,1022.777649466982
1747209600000,1027.959779390879,1027.3876561294467,3,1022.777649466982
1747213200000,1025.1203230118856,1024.8799509968646,3,1022.7665838791971
1747216800000,1026.035134347698,1024.5249931743813,3,1022.7665838791971
1747220400000,1025.5564598695148,1025.3413366767181,3,1022.7665838791971
1747224000000,1026.5992733746618,1025.5542337195657,3,1022.7665838791971
1747227600000,1026.1260445813634,1025.8299759170295,3,1022.7665838791971
1747231200000,1025.1126821674309,1024.0416476884784,3,1022.7665838791971
1747234800000,1023.8747611850761,1023.0480737587526,3,1022.7665838791971
1747238400000,1024.2626510752254,1022.8388192571965,3,1022.7665838791971
1747242000000,1023.5073637236078,1022.989293695798,3,1022.7648859000593
1747245600000,1023.8288236937545,1021.9338158332002,3,1022.7648859000593
1747249200000,1024.5423491296472,1023.2951829155575,3,1022.7648859000593
1747252800000,1024.4072681963537,1024.0995419338833,3,1022.7648859000593
1747256400000,1024.7892461435779,1024.0821798384784,3,1022.7648859000593
1747260000000,1025.0446609291525,1023.7717852485099,3,1022.7648859000593
1747263600000,1024.5378882899583,1023.9712516123291,3,1022.7648859000593
1747267200000,1024.7368684084374,1023.7575822830338,3,1022.7648859000593
1747270800000,1025.5164184235605,1024.5492082523458,3,1022.7582147607286
1747274400000,1023.3182022106054,1022.9049480039026,3,1022.7582147607286
1747278000000,1024.0755987984187,1023.0493129924976,3,1022.7582147607286
1747281600000,1023.0171133126406,1022.85474181057,3,1022.7582147607286
1747285200000,1023.7049900381154,1022.8956551866266,3,1022.7582147607286
1747288800000,1022.2783985535431,1021.972487290693,3,1022.7582147607286
1747292400000,1022.058018654769,1021.4694392680412,3,1022.7582147607286
1747296000000,1019.9762693658339,1019.2829391335414,0,1019.9762693658339
1747299600000,1019.9762693658339,1019.9762693658339,0,1019.9762693658339
1747303200000,1019.9762693658339,1019.9762693658339,0,1019.9762693658339
1747306800000,1019.9762693658339,1019.9762693658339,0,1019.9762693658339
1747310400000,1019.9762693658339,1019.9762693658339,0,1019.9762693658339
1747314000000,1019.9762693658339,1019.9762693658339,0,1019.9762693658339
1747317600000,1019.9762693658339,1019.9762693658339,0,1019.9762693658339
1747321200000,1019.9762693658339,1019.9762693658339,0,1019.9762693658339
1747324800000,1019.9762693658339,1019.9762693658339,0,1019.9762693658339
1747328400000,1019.9762693658339,1019.9762693658339,0,1019.9762693658339
1747332000000,1019.9762693658339,1019.9762693658339,0,1019.9762693658339
1747335600000,1019.9762693658339,1019.9762693658339,0,1019.9762693658339
1747339200000,1019.9762693658339,1019.9762693658339,0,1019.9762693658339
1747342800000,1019.9762693658339,1019.9762693658339,0,1019.9762693658339
1747346400000,1019.9762693658339,1019.9762693658339,0,1019.9762693658339
1747350000000,1019.9762693658339,1019.9762693658339,0,1019.9762693658339
1747353600000,1019.9762693658339,1019.9762693658339,0,1019.9762693658339
1747357200000,1019.9762693658339,1019.9762693658339,0,1019.9762693658339
1747360800000,1019.9762693658339,1019.9762693658339,0,1019.9762693658339
1747364400000,1019.9762693658339,1019.9762693658339,0,1019.9762693658339
1747368000000,1019.9762693658339,1019.9762693658339,0,1019.9762693658339
1747371600000,1019.9762693658339,1019.9762693658339,0,1019.9762693658339
1747375200000,1019.9762693658339,1019.9762693658339,0,1019.9762693658339
1747378800000,1019.9762693658339,1019.9762693658339,0,1019.9762693658339
1747382400000,1019.9762693658339,1019.9762693658339,0,1019.9762693658339
1747386000000,1019.9762693658339,1019.9762693658339,0,1019.9762693658339
1747389600000,1019.9762693658339,1019.9762693658339,0,1019.9762693658339
1747393200000,1019.9762693658339,1019.9762693658339,0,1019.9762693658339
1747396800000,1019.9762693658339,1019.9762693658339,0,1019.9762693658339
1747400400000,1019.9762693658339,1019.9762693658339,0,1019.9762693658339
1747404000000,1019.9762693658339,1019.9762693658339,0,1019.9762693658339
1747407600000,1019.9762693658339,1019.9762693658339,0,1019.9762693658339
1747411200000,1019.9762693658339,1019.9762693658339,0,1019.9762693658339
1747414800000,1019.9762693658339,1019.9762693658339,0,1019.9762693658339
1747418400000,1019.9762693658339,1019.9762693658339,0,1019.9762693658339
1747422000000,1019.9762693658339,1019.9762693658339,0,1019.9762693658339
1747425600000,1019.9762693658339,1019.9762693658339,0,1019.9762693658339
1747429200000,1019.9762693658339,1019.9762693658339,0,1019.9762693658339
1747432800000,1019.9762693658339,1019.9762693658339,0,1019.9762693658339
1747436400000,1019.9762693658339,1019.9762693658339,0,1019.9762693658339
1747440000000,1019.9762693658339,1019.9762693658339,0,1019.9762693658339
1747443600000,1019.9762693658339,1019.9762693658339,0,1019.9762693658339
1747447200000,1019.9762693658339,1019.9762693658339,0,1019.9762693658339
1747450800000,1019.9762693658339,1019.9762693658339,0,1019.9762693658339
1747454400000,1019.9762693658339,1019.9762693658339,0,1019.9762693658339
1747458000000,1019.9762693658339,1019.9762693658339,0,1019.9762693658339
1747461600000,1019.9762693658339,1019.9762693658339,0,1019.9762693658339
1747465200000,1019.9762693658339,1019.9762693658339,0,1019.9762693658339
1747468800000,1019.9762693658339,1019.9762693658339,0,1019.9762693658339
1747472400000,1019.9762693658339,1019.9762693658339,0,1019.9762693658339
1747476000000,1019.9762693658339,1019.9762693658339,0,1019.9762693658339
1747479600000,1019.9762693658339,1019.9762693658339,0,1019.9762693658339
1747483200000,1019.9762693658339,1019.9762693658339,0,1019.9762693658339
1747486800000,1019.9762693658339,1019.9762693658339,0,1019.9762693658339
1747490400000,1019.9762693658339,1019.9762693658339,0,1019.9762693658339
1747494000000,1019.9762693658339,1019.9762693658339,0,1019.9762693658339
1747497600000,1019.9762693658339,1019.9762693658339,0,1019.9762693658339
1747501200000,1019.9762693658339,1019.9762693658339,0,1019.9762693658339
1747504800000,1019.9762693658339,1019.9762693658339,0,1019.9762693658339
1747508400000,1019.9762693658339,1019.9762693658339,0,1019.9762693658339
1747512000000,1019.9762693658339,1019.9762693658339,0,1019.9762693658339
1747515600000,1019.9762693658339,1019.9762693658339,0,1019.9762693658339
1747519200000,1019.9762693658339,1019.9762693658339,0,1019.9762693658339
1747522800000,1019.9762693658339,1019.9762693658339,0,1019.9762693658339
1747526400000,1019.9762693658339,1019.9762693658339,0,1019.9762693658339
1747530000000,1019.9762693658339,1019.9762693658339,0,1019.9762693658339
1747533600000,1019.9762693658339,1019.9762693658339,0,1019.9762693658339
1747537200000,1019.9762693658339,1019.9762693658339,0,1019.9762693658339
1747540800000,1019.9762693658339,1019.9762693658339,0,1019.9762693658339
1747544400000,1019.9762693658339,1019.9762693658339,0,1019.9762693658339
1747548000000,1019.9762693658339,1019.9762693658339,0,1019.9762693658339
1747551600000,1019.9762693658339,1019.9762693658339,0,1019.9762693658339
1747555200000,1019.9762693658339,1019.9762693658339,0,1019.9762693658339
1747558800000,1019.9762693658339,1019.9762693658339,0,1019.9762693658339
1747562400000,1019.9762693658339,1019.9762693658339,0,1019.9762693658339
1747566000000,1019.9762693658339,1019.9762693658339,0,1019.9762693658339
1747569600000,1019.9762693658339,1019.9762693658339,0,1019.9762693658339
1747573200000,1019.9762693658339,1019.9762693658339,0,1019.9762693658339
1747576800000,1019.9762693658339,1019.9762693658339,0,1019.9762693658339
1747580400000,1019.9762693658339,1019.9762693658339,0,1019.9762693658339
1747584000000,1019.9762693658339,1019.9762693658339,0,1019.9762693658339
1747587600000,1019.9762693658339,1019.9762693658339,0,1019.9762693658339
1747591200000,1019.9762693658339,1019.9762693658339,0,1019.9762693658339
1747594800000,1019.9762693658339,1019.9762693658339,0,1019.9762693658339
1747598400000,1019.9762693658339,1019.9762693658339,0,1019.9762693658339
1747602000000,1019.9762693658339,1019.9762693658339,0,1019.9762693658339
1747605600000,1019.9762693658339,1019.9762693658339,0,1019.9762693658339
1747609200000,1019.9762693658339,1019.9762693658339,0,1019.9762693658339
1747612800000,1019.9762693658339,1019.9762693658339,0,1019.9762693658339
1747616400000,1019.9762693658339,1019.9762693658339,0,1019.9762693658339
1747620000000,1019.9762693658339,1019.9762693658339,0,1019.9762693658339
1747623600000,1019.9762693658339,1019.9762693658339,0,1019.9762693658339
1747627200000,1019.9762693658339,1019.9762693658339,0,1019.9762693658339
1747630800000,1019.9762693658339,1019.9762693658339,0,1019.9762693658339
1747634400000,1019.9762693658339,1019.9762693658339,0,1019.9762693658339
1747638000000,1019.9762693658339,1019.9762693658339,0,1019.9762693658339
1747641600000,1019.9762693658339,1019.9762693658339,0,1019.9762693658339
1747645200000,1020.0649162776925,1019.5192534990879,3,1019.8927009589702
1747648800000,1020.0121707295764,1019.3409172041986,3,1019.8927009589702
1747652400000,1019.780313741953,1019.4091895880608,3,1019.8927009589702
1747656000000,1019.4908704710527,1019.1241164020385,3,1019.8927009589702
1747659600000,1020.6865066996655,1019.3843361583818,3,1019.8927009589702
1747663200000,1019.3596052484457,1018.750697571019,3,1019.8927009589702
1747666800000,1018.4150947502183,1018.0386672516605,3,1019.8927009589702
1747670400000,1018.4143468538005,1017.8218706970722,3,1019.8927009589702
1747674000000,1017.2078627918855,1017.0935402905965,3,1019.8762517196683
1747677600000,1017.1628809853747,1016.2199425137891,3,1019.8762517196683
1747681200000,1017.9034418871145,1016.8432460238741,3,1019.8762517196683
1747684800000,1016.8619284939144,1016.6032694361758,3,1019.8762517196683
1747688400000,1016.946845506054,1016.2088615423618,3,1019.8762517196683
1747692000000,1016.7446315022976,1016.6311662981938,3,1019.8762517196683
1747695600000,1017.296229252082,1016.7067742344029,3,1019.8762517196683
1747699200000,1016.6492818361592,1016.455844153469,3,1019.8762517196683
1747702800000,1016.6462803496494,1015.2417792731698,3,1019.873112349136
1747706400000,1014.9756481937399,1014.4708073515791,3,1019.873112349136
1747710000000,1014.2010390325042,1013.3372956992733,2,1017.3434946876001
1747713600000,1014.6551839923583,1014.0488474392741,2,1017.3434946876001
1747717200000,1014.4610854009794,1014.4068035413969,2,1017.3434946876001
1747720800000,1014.8016426369866,1014.1804142634483,2,1017.3434946876001
1747724400000,1015.0210097882018,1014.6558157104533,2,1017.3434946876001
1747728000000,1015.5749497226291,1014.8671230609968,2,1017.3434946876001
1747731600000,1015.8050560040017,1015.3639948495013,2,1017.3402153062323
1747735200000,1016.0816021877215,1015.5591053728766,2,1017.3402153062323
1747738800000,1016.1321135654528,1015.8227578581939,2,1017.3402153062323
1747742400000,1015.9742662494458,1015.8765208808072,2,1017.3402153062323
1747746000000,1016.5078844028935,1015.9522750764331,2,1017.3402153062323
1747749600000,1016.6707299816409,1016.191696675852,2,1017.3402153062323
1747753200000,1016.6507626726213,1016.2136363649814,2,1017.3402153062323
1747756800000,1016.0308234772148,1015.9006230569972,2,1017.3402153062323
1747760400000,1016.4493040777189,1015.8376405318762,2,1017.3385625093688
1747764000000,1015.4400686283736,1015.2932040279021,2,1017.3385625093688
1747767600000,1016.6791865913838,1015.1865512916046,2,1017.3385625093688
1747771200000,1015.2248779148529,1014.9466108552165,2,1017.3385625093688
1747774800000,1014.8978203534017,1014.6039525293913,2,1017.3385625093688
1747778400000,1014.5304123047092,1014.2762117659619,2,1017.3385625093688
1747782000000,1014.60018204754,1014.3002525449093,2,1017.3385625093688
1747785600000,1014.5503796137288,1014.146581666597,2,1017.3385625093688
1747789200000,1014.6445488618277,1014.2666769345687,2,1017.3408837024402
1747792800000,1014.9135540818451,1014.168438470903,2,1017.3408837024402
1747796400000,1014.4118464010654,1014.3472650279259,2,1017.3408837024402
1747800000000,1014.0964290151866,1013.7278189275467,2,1017.3408837024402
1747803600000,1013.92609395662,1013.3977255701059,2,1017.3408837024402
1747807200000,1013.3225416953323,1013.1621001944798,2,1017.3408837024402
1747810800000,1013.1590901404318,1012.8461283163307,2,1017.3408837024402
1747814400000,1013.9307020920994,1013.0005596224465,2,1017.3408837024402
1747818000000,1014.4567900436053,1013.6436513076906,2,1017.3367180265064
1747821600000,1014.7088894925346,1014.2443321379975,2,1017.3367180265064
1747825200000,1014.394396899468,1014.3081788252757,2,1017.3367180265064
1747828800000,1014.0848768272,1013.6925289486894,2,1017.3367180265064
1747832400000,1014.115117907835,1013.7691564532444,2,1017.3367180265064
1747836000000,1013.2067168924755,1013.0158939024462,1,1014.8097474344785
1747839600000,1012.8897429956892,1012.8897429956892,1,1014.8097474344785
1747843200000,1012.789239077196,1012.6578108760895,1,1014.8097474344785
1747846800000,1012.3412124330276,1011.5620666064143,1,1012.2303768695447
1747850400000,1009.7443042786305,1009.8017943060795,0,1009.7443042786305
1747854000000,1009.7443042786305,1009.7443042786305,0,1009.7443042786305
1747857600000,1009.7443042786305,1009.7443042786305,0,1009.7443042786305
1747861200000,1009.7443042786305,1009.7443042786305,0,1009.7443042786305
1747864800000,1009.7443042786305,1009.7443042786305,0,1009.7443042786305
1747868400000,1009.7443042786305,1009.7443042786305,0,1009.7443042786305
1747872000000,1009.7443042786305,1009.7443042786305,0,1009.7443042786305
1747875600000,1009.7443042786305,1009.7443042786305,0,1009.7443042786305
1747879200000,1009.7443042786305,1009.7443042786305,0,1009.7443042786305
1747882800000,1009.7443042786305,1009.7443042786305,0,1009.7443042786305
1747886400000,1009.7443042786305,1009.7443042786305,0,1009.7443042786305
1747890000000,1009.4764025429364,1009.310715869396,1,1009.7064733589848
1747893600000,1009.0659083946426,1009.0183953044362,1,1009.7064733589848
1747897200000,1008.8856699911956,1008.7884779719129,1,1009.7064733589848
1747900800000,1009.1760954471442,1008.7884102894482,1,1009.7064733589848
1747904400000,1008.7413705839363,1008.7247206976245,1,1009.6989602128468
1747908000000,1009.0108144758335,1008.6492547495046,1,1009.6989602128468
1747911600000,1008.9987669971202,1008.8638081625452,1,1009.6989602128468
1747915200000,1009.1268222202978,1008.7975470296219,1,1009.6989602128468
1747918800000,1009.3494410288185,1008.481526944762,2,1009.6729189846775
1747922400000,1008.1797715878241,1008.122430538705,2,1009.6729189846775
1747926000000,1008.5947423077556,1007.8183098890011,2,1009.6729189846775
1747929600000,1009.3730244320352,1008.3801286441663,2,1009.6729189846775
1747933200000,1009.4578078099743,1009.1052290689142,2,1009.6601751185128
1747936800000,1009.7412318384017,1009.2662921127886,2,1009.6601751185128
1747940400000,1010.0745700907805,1009.6547788406425,2,1009.6601751185128
1747944000000,1009.4652221132836,1009.1010522703444,2,1009.6601751185128
1747947600000,1009.4699021718492,1009.0292048948049,2,1009.6601751185128
1747951200000,1009.6170338647952,1008.9699916498,2,1009.6601751185128
1747954800000,1009.9820392332002,1009.5786935536865,2,1009.6601751185128
1747958400000,1010.7806375618316,1009.8440781887606,2,1009.6601751185128
1747962000000,1010.9347290009398,1010.4526410346982,2,1009.6558915094754
1747965600000,1010.4543651324143,1010.2249786569593,2,1009.6558915094754
1747969200000,1011.3199714095155,1010.2943451171952,2,1009.6558915094754
1747972800000,1011.2565896433857,1011.1255058983337,2,1009.6558915094754
1747976400000,1010.893872534157,1009.757464048687,2,1009.6558915094754
1747980000000,1010.8007537732312,1010.5469837873081,2,1009.6558915094754
1747983600000,1009.0739759974475,1008.9022961409738,2,1009.6558915094754
1747987200000,1009.0873440324445,1008.7679258774292,2,1009.6558915094754
1747990800000,1009.376125525757,1009.0656009311538,2,1009.6452258420317
1747994400000,1010.247634618353,1009.2310128418044,2,1009.6452258420317
1747998000000,1010.0015494542156,1009.4626391968295,2,1009.6452258420317
1748001600000,1007.584086111121,1006.8849648902155,2,1009.6452258420317
1748005200000,1006.9858432264034,1005.3185520780537,1,1007.1586960009807
1748008800000,1007.6615838633347,1006.8298107525117,1,1007.1586960009807
1748012400000,1008.0132570544907,1007.663984362933,1,1007.1586960009807
1748016000000,1008.237703766935,1008.0000543066999,1,1007.1586960009807
1748019600000,1008.3872208860105,1007.7054790000834,1,1007.1533808959636
1748023200000,1008.2215864137254,1008.1639744233654,1,1007.1533808959636
1748026800000,1008.0703549390303,1007.9371272113227,1,1007.1533808959636
1748030400000,1007.7426867438576,1007.60945901615,1,1007.1533808959636
1748034000000,1007.0045331173696,1006.9901301197797,1,1007.1533808959636
1748037600000,1007.1773690884497,1006.9865293703821,1,1007.1533808959636
1748041200000,1006.7584819085403,1006.7584819085403,1,1007.1533808959636
1748044800000,1006.2243707479108,1005.9759190394832,1,1007.1533808959636
1748048400000,1005.9974511462461,1005.938638906087,1,1007.1485075071449
1748052000000,1006.6959965293617,1005.9770468996603,1,1007.1485075071449
1748055600000,1006.5795722988424,1006.2339003566822,1,1007.1485075071449
1748059200000,1006.5855735478382,1006.5159590594866,1,1007.1485075071449
1748062800000,1006.6959965293617,1006.3827313317789,1,1007.1485075071449
1748066400000,1006.6455860377966,1006.375529832984,1,1007.1485075071449
1748070000000,1006.461947818524,1006.2519041036696,1,1007.1485075071449
1748073600000,1006.3635273349922,1006.2567051028664,1,1007.1485075071449
1748077200000,1006.6841791041157,1006.1980779354531,1,1007.1474923300916
1748080800000,1006.4141228993032,1006.3601116583405,1,1007.1474923300916
1748084400000,1006.7177860984925,1006.3073006671772,1,1007.1474923300916
1748088000000,1006.5041416342407,1006.4069214005082,1,1007.1474923300916
1748091600000,1006.4321266462906,1006.2736936728005,1,1007.1474923300916
1748095200000,1006.3000991683822,1006.2484884270181,1,1007.1474923300916
1748098800000,1006.4285258968931,1006.1440666944904,1,1007.1474923300916
1748102400000,1006.3253044141647,1006.1992781852522,1,1007.1474923300916
1748106000000,1006.4780042110909,1006.2115487556758,1,1007.1453599029252
1748109600000,1006.185143260094,1006.185143260094,1,1007.1453599029252
1748113200000,1006.0591170311815,1006.0099067894156,1,1007.1453599029252
1748116800000,1005.9991045412231,1005.9510945492564,1,1007.1453599029252
1748120400000,1006.2007465074832,1005.9078855564865,1,1007.1453599029252
1748124000000,1005.8476859069473,1005.5046016239661,0,1005.8476859069473
1748127600000,1005.8476859069473,1005.8476859069473,0,1005.8476859069473
1748131200000,1005.8476859069473,1005.8476859069473,0,1005.8476859069473
1748134800000,1005.8476859069473,1005.8476859069473,0,1005.8476859069473
1748138400000,1005.8476859069473,1005.8476859069473,0,1005.8476859069473
1748142000000,1005.8476859069473,1005.8476859069473,0,1005.8476859069473
1748145600000,1005.8476859069473,1005.8476859069473,0,1005.8476859069473
1748149200000,1005.8476859069473,1005.8476859069473,0,1005.8476859069473
1748152800000,1005.8476859069473,1005.8476859069473,0,1005.8476859069473
1748156400000,1005.8476859069473,1005.8476859069473,0,1005.8476859069473
1748160000000,1005.8476859069473,1005.8476859069473,0,1005.8476859069473
1748163600000,1005.8476859069473,1005.8476859069473,0,1005.8476859069473
1748167200000,1005.8476859069473,1005.8476859069473,0,1005.8476859069473
1748170800000,1005.8476859069473,1005.8476859069473,0,1005.8476859069473
1748174400000,1005.8476859069473,1005.8476859069473,0,1005.8476859069473
1748178000000,1005.8476859069473,1005.8476859069473,0,1005.8476859069473
1748181600000,1005.8476859069473,1005.8476859069473,0,1005.8476859069473
1748185200000,1005.8476859069473,1005.8476859069473,0,1005.8476859069473
1748188800000,1005.8476859069473,1005.8476859069473,0,1005.8476859069473
1748192400000,1005.8476859069473,1005.8476859069473,0,1005.8476859069473
1748196000000,1005.8476859069473,1005.8476859069473,0,1005.8476859069473
1748199600000,1005.8476859069473,1005.8476859069473,0,1005.8476859069473
1748203200000,1005.8476859069473,1005.8476859069473,0,1005.8476859069473
1748206800000,1005.8476859069473,1005.8476859069473,0,1005.8476859069473
1748210400000,1005.8476859069473,1005.8476859069473,0,1005.8476859069473
1748214000000,1005.8476859069473,1005.8476859069473,0,1005.8476859069473
1748217600000,1005.8476859069473,1005.8476859069473,0,1005.8476859069473
1748221200000,1005.8476859069473,1005.8476859069473,0,1005.8476859069473
1748224800000,1005.8476859069473,1005.8476859069473,0,1005.8476859069473
1748228400000,1005.8476859069473,1005.8476859069473,0,1005.8476859069473
1748232000000,1005.8476859069473,1005.8476859069473,0,1005.8476859069473
1748235600000,1005.8476859069473,1005.8476859069473,0,1005.8476859069473
1748239200000,1005.8476859069473,1005.8476859069473,0,1005.8476859069473
1748242800000,1005.8476859069473,1005.8476859069473,0,1005.8476859069473
1748246400000,1005.8476859069473,1005.8476859069473,0,1005.8476859069473
1748250000000,1005.8476859069473,1005.8476859069473,0,1005.8476859069473
1748253600000,1005.8476859069473,1005.8476859069473,0,1005.8476859069473
1748257200000,1005.8476859069473,1005.8476859069473,0,1005.8476859069473
1748260800000,1005.8476859069473,1005.8476859069473,0,1005.8476859069473
1748264400000,1005.8476859069473,1005.8476859069473,0,1005.8476859069473
1748268000000,1005.8476859069473,1005.8476859069473,0,1005.8476859069473
1748271600000,1005.8476859069473,1005.8476859069473,0,1005.8476859069473
1748275200000,1005.8476859069473,1005.8476859069473,0,1005.8476859069473
1748278800000,1005.8476859069473,1005.8476859069473,0,1005.8476859069473
1748282400000,1005.8476859069473,1005.8476859069473,0,1005.8476859069473
1748286000000,1005.8476859069473,1005.8476859069473,0,1005.8476859069473
1748289600000,1005.8476859069473,1005.8476859069473,0,1005.8476859069473
1748293200000,1005.8476859069473,1005.8476859069473,0,1005.8476859069473
1748296800000,1005.8476859069473,1005.8476859069473,0,1005.8476859069473
1748300400000,1005.8476859069473,1005.8476859069473,0,1005.8476859069473
1748304000000,1005.8476859069473,1005.8476859069473,0,1005.8476859069473
1748307600000,1005.8476859069473,1005.8476859069473,0,1005.8476859069473
1748311200000,1005.8476859069473,1005.8476859069473,0,1005.8476859069473
1748314800000,1005.8476859069473,1005.8476859069473,0,1005.8476859069473
1748318400000,1005.8476859069473,1005.8476859069473,0,1005.8476859069473
1748322000000,1005.8476859069473,1005.8476859069473,0,1005.8476859069473
1748325600000,1005.8476859069473,1005.8476859069473,0,1005.8476859069473
1748329200000,1005.8476859069473,1005.8476859069473,0,1005.8476859069473
1748332800000,1005.8476859069473,1005.8476859069473,0,1005.8476859069473
1748336400000,1005.8476859069473,1005.8476859069473,0,1005.8476859069473
1748340000000,1005.8476859069473,1005.8476859069473,0,1005.8476859069473
1748343600000,1005.8476859069473,1005.8476859069473,0,1005.8476859069473
1748347200000,1005.8476859069473,1005.8476859069473,0,1005.8476859069473
1748350800000,1005.8476859069473,1005.8476859069473,0,1005.8476859069473
1748354400000,1005.8476859069473,1005.8476859069473,0,1005.8476859069473
1748358000000,1005.8476859069473,1005.8476859069473,0,1005.8476859069473
1748361600000,1005.8476859069473,1005.8476859069473,0,1005.8476859069473
1748365200000,1005.8476859069473,1005.8476859069473,0,1005.8476859069473
1748368800000,1005.8476859069473,1005.8476859069473,0,1005.8476859069473
1748372400000,1005.8476859069473,1005.8476859069473,0,1005.8476859069473
1748376000000,1005.8476859069473,1005.8476859069473,0,1005.8476859069473
1748379600000,1005.8476859069473,1005.8476859069473,0,1005.8476859069473
1748383200000,1005.8476859069473,1005.8476859069473,0,1005.8476859069473
1748386800000,1005.8476859069473,1005.8476859069473,0,1005.8476859069473
1748390400000,1005.8476859069473,1005.8476859069473,0,1005.8476859069473
1748394000000,1005.8476859069473,1005.8476859069473,0,1005.8476859069473
1748397600000,1005.8476859069473,1005.8476859069473,0,1005.8476859069473
1748401200000,1005.8476859069473,1005.8476859069473,0,1005.8476859069473
1748404800000,1005.8476859069473,1005.8476859069473,0,1005.8476859069473
1748408400000,1005.8476859069473,1005.8476859069473,0,1005.8476859069473
1748412000000,1005.8476859069473,1005.8476859069473,0,1005.8476859069473
1748415600000,1005.8476859069473,1005.8476859069473,0,1005.8476859069473
1748419200000,1005.8476859069473,1005.8476859069473,0,1005.8476859069473
1748422800000,1005.8476859069473,1005.8476859069473,0,1005.8476859069473
1748426400000,1005.8476859069473,1005.8476859069473,0,1005.8476859069473
1748430000000,1005.8476859069473,1005.8476859069473,0,1005.8476859069473
1748433600000,1005.8476859069473,1005.8476859069473,0,1005.8476859069473
1748437200000,1005.8476859069473,1005.8476859069473,0,1005.8476859069473
1748440800000,1005.8476859069473,1005.8476859069473,0,1005.8476859069473
1748444400000,1005.8476859069473,1005.8476859069473,0,1005.8476859069473
1748448000000,1005.8476859069473,1005.8476859069473,0,1005.8476859069473
1748451600000,1005.8476859069473,1005.8476859069473,0,1005.8476859069473
1748455200000,1005.8476859069473,1005.8476859069473,0,1005.8476859069473
1748458800000,1005.8476859069473,1005.8476859069473,0,1005.8476859069473
1748462400000,1005.8476859069473,1005.8476859069473,0,1005.8476859069473
1748466000000,1005.8476859069473,1005.8476859069473,0,1005.8476859069473
1748469600000,1005.8476859069473,1005.8476859069473,0,1005.8476859069473
1748473200000,1005.8476859069473,1005.8476859069473,0,1005.8476859069473
1748476800000,1005.8476859069473,1005.8476859069473,0,1005.8476859069473
1748480400000,1005.8476859069473,1005.8476859069473,0,1005.8476859069473
1748484000000,1005.8476859069473,1005.8476859069473,0,1005.8476859069473
1748487600000,1005.8476859069473,1005.8476859069473,0,1005.8476859069473
1748491200000,1005.8476859069473,1005.8476859069473,0,1005.8476859069473
1748494800000,1004.8134354962071,1004.6000156316494,1,1005.8323027504517
1748498400000,1004.3373450291167,1004.1280293927234,1,1005.8323027504517
1748502000000,1004.3948042234207,1004.123925164559,1,1005.8323027504517
1748505600000,1004.4481591895602,1004.2019054996857,1,1005.8323027504517
1748509200000,1004.2331882402781,1004.1798332741387,1,1005.8307516657275
1748512800000,1004.3727319978736,1004.0977487108472,1,1005.8307516657275
1748516400000,1004.426086964013,1004.1223740798347,1,1005.8307516657275
1748520000000,1004.2783347500884,1004.146999448822,1,1005.8307516657275
1748523600000,1003.9828303222391,1003.8350781083145,1,1005.8307516657275
1748527200000,1003.3315156074557,1003.0142324753999,0,1003.3315156074557
1748530800000,1003.3315156074557,1003.3315156074557,0,1003.3315156074557
1748534400000,1003.3315156074557,1003.3315156074557,0,1003.3315156074557
1748538000000,1003.3315156074557,1003.3315156074557,0,1003.3315156074557
1748541600000,1003.3315156074557,1003.3315156074557,0,1003.3315156074557
1748545200000,1003.3315156074557,1003.3315156074557,0,1003.3315156074557
1748548800000,1003.3315156074557,1003.3315156074557,0,1003.3315156074557
1748552400000,1003.3315156074557,1003.3315156074557,0,1003.3315156074557
1748556000000,1003.3315156074557,1003.3315156074557,0,1003.3315156074557
1748559600000,1003.3315156074557,1003.3315156074557,0,1003.3315156074557
1748563200000,1003.3315156074557,1003.3315156074557,0,1003.3315156074557
1748566800000,1003.3315156074557,1003.3315156074557,0,1003.3315156074557
1748570400000,1003.3315156074557,1003.3315156074557,0,1003.3315156074557
1748574000000,1003.3315156074557,1003.3315156074557,0,1003.3315156074557
1748577600000,1003.3315156074557,1003.3315156074557,0,1003.3315156074557
1748581200000,1002.9566328642625,1002.7798747303426,3,1003.2560110157798
1748584800000,1003.333650948418,1002.5670592056811,3,1003.2560110157798
1748588400000,1005.4201249466348,1003.257716573202,3,1003.2560110157798
1748592000000,1005.4695301755171,1004.5150667709951,3,1003.2560110157798
1748595600000,1005.5187862366023,1004.7552888035945,3,1003.2530574773124
1748599200000,1005.0569511966686,1004.901970220907,3,1003.2530574773124
1748602800000,1004.3541005887704,1004.238601062617,3,1003.2530574773124
1748606400000,1004.2553140399621,1003.7824520606813,3,1003.2530574773124
1748610000000,1004.747324526243,1003.7970945250192,3,1003.2530574773124
1748613600000,1006.5571286848856,1004.1707108038865,3,1003.2530574773124
1748617200000,1006.1419488802585,1005.3565928590475,3,1003.2530574773124
1748620800000,1005.9693952867974,1004.5904793774992,3,1003.2530574773124
1748624400000,1008.6852144275005,1005.371305217524,3,1003.2565914972012
1748628000000,1007.5589355729428,1007.1259818667698,3,1003.2565914972012
1748631600000,1005.4288085286703,1005.2745550059,3,1003.2565914972012
1748635200000,1005.5988445987412,1004.6197467390847,3,1003.2565914972012
1748638800000,1006.0091098119073,1005.1757855521971,3,1003.2565914972012
1748642400000,1006.4887876831098,1005.5114903796958,3,1003.2565914972012
1748646000000,1009.9925636834045,1006.1915319870524,3,1003.2565914972012
1748649600000,1009.7982755267582,1008.9428071800585,3,1003.2565914972012
1748653200000,1011.425352485161,1009.1701395855483,3,1003.2596790377501
1748656800000,1012.1517989420378,1010.355793610796,3,1003.2596790377501
1748660400000,1013.5676031218877,1010.5639297990771,3,1003.2596790377501
1748664000000,1013.2832264992321,1012.8079698920628,3,1003.2596790377501
1748667600000,1011.8763083652108,1011.795008922884,3,1003.2596790377501
1748671200000,1012.7573074212668,1011.4547593199447,3,1003.2596790377501
1748674800000,1012.0169959921608,1011.5553367740347,3,1003.2596790377501
1748678400000,1012.528214623304,1011.8714068899777,3,1003.2596790377501
1748682000000,1012.1027833682724,1011.7224480150402,3,1003.2597496863793
1748685600000,1012.366808502426,1011.6387704096364,3,1003.2597496863793
1748689200000,1012.6126500066396,1011.3517042661503,3,1003.2597496863793
1748692800000,1012.9113982497696,1012.411626515406,3,1003.2597496863793
1748696400000,1010.6036912268235,1010.5580862252846,3,1003.2597496863793
1748700000000,1010.6808124634417,1009.255015612423,3,1003.2597496863793
1748703600000,1009.6847050781203,1009.4648342229897,3,1003.2597496863793
1748707200000,1009.8589878723064,1008.6412425332344,3,1003.2597496863793
1748710800000,1008.5833256291983,1008.3449418563856,3,1003.2585358219412
1748714400000,1009.4434295233231,1008.0834355419003,3,1003.2585358219412
1748718000000,1008.760879529927,1008.4387410596431,3,1003.2585358219412
1748721600000,1008.1201237225879,1007.3093172925497,3,1003.2585358219412
1748725200000,1008.0591681701081,1007.6578993979499,3,1003.2585358219412
1748728800000,1007.835510306157,1007.2925425083537,3,1003.2585358219412
1748732400000,1009.0134622597891,1007.6618819540672,3,1003.2585358219412
1748736000000,1009.250232502211,1008.1361947581588,3,1003.2585358219412
1748739600000,1009.7930572762444,1009.201569967858,3,1003.2683340316506
1748743200000,1010.848141923812,1009.358199587011,3,1003.2683340316506
1748746800000,1010.7937562154456,1010.4248784494265,3,1003.2683340316506
1748750400000,1010.5773759231103,1010.421775002347,3,1003.2683340316506
1748754000000,1009.6948292246868,1009.340044563105,3,1003.2683340316506
1748757600000,1010.1281944691423,1009.4544364889127,3,1003.2683340316506
1748761200000,1010.9184721524703,1010.1009400388056,3,1003.2683340316506
1748764800000,1011.0394821516193,1010.7839410214624,3,1003.2683340316506
1748768400000,1011.7731457424095,1010.9677639150493,3,1003.2645429767003
1748772000000,1013.3057796490058,1011.5036171036218,3,1003.2645429767003
1748775600000,1012.588416595143,1012.5169242867495,3,1003.2645429767003
1748779200000,1012.3024516995467,1011.9669673033061,3,1003.2645429767003
1748782800000,1013.1170909418396,1012.2073446515689,3,1003.2645429767003
1748786400000,1012.4158168391481,1012.0253750187679,3,1003.2645429767003
1748790000000,1011.3413503938995,1010.7032759072188,3,1003.2645429767003
1748793600000,1010.7436778290262,1010.4298740301925,3,1003.2645429767003
1748797200000,1009.4815637331839,1008.8195363386316,3,1003.2580080011531
1748800800000,1009.5111127275633,1009.075158385223,3,1003.2580080011531
1748804400000,1010.7228820895787,1009.308363500871,3,1003.2580080011531
1748808000000,1010.0352661054809,1009.9843596535707,3,1003.2580080011531
1748811600000,1010.5829679758597,1009.6865983865686,3,1003.2580080011531
1748815200000,1009.3738934098304,1009.1809143941824,3,1003.2580080011531
1748818800000,1009.3675329474416,1008.5960562086713,3,1003.2580080011531
1748822400000,1008.9074116184274,1008.2231322697952,3,1003.2580080011531
1748826000000,1009.3696510085764,1008.4170690767314,3,1003.2680922518227
1748829600000,1009.8481178526152,1008.3914190394353,3,1003.2680922518227
1748833200000,1010.4567092329398,1009.4995357472151,3,1003.2680922518227
1748836800000,1010.7482745530217,1010.3235317500861,3,1003.2680922518227
1748840400000,1010.3296839080506,1009.7684053491232,3,1003.2680922518227
1748844000000,1010.2388079920873,1009.6873230917655,3,1003.2680922518227
1748847600000,1009.9479879383026,1009.4598411938098,3,1003.2680922518227
1748851200000,1010.1531965013115,1009.019796787362,3,1003.2680922518227
1748854800000,1010.7874921795723,1009.3732594487514,3,1003.2806981223993
1748858400000,1011.6167607699755,1010.7482501685109,3,1003.2806981223993
1748862000000,1011.7927983169702,1011.0407892461984,3,1003.2806981223993
1748865600000,1012.1083559959018,1011.5593048153465,3,1003.2806981223993
1748869200000,1011.2599494866373,1011.1165755851459,3,1003.2806981223993
1748872800000,1011.8410136949665,1010.6382976791424,3,1003.2806981223993
1748876400000,1011.0440859692909,1010.2818914271203,3,1003.2806981223993
1748880000000,1010.5831805389068,1010.0747582183841,3,1003.2806981223993
1748883600000,1010.5360864602867,1010.3557895343434,3,1003.2819827432605
1748887200000,1010.2262060411028,1009.7557065805822,3,1003.2819827432605
1748890800000,1010.5284240442387,1009.2994452712838,3,1003.2819827432605
1748894400000,1010.8172328637783,1009.9103878640294,3,1003.2819827432605
1748898000000,1009.6136658835557,1009.046138451402,3,1003.2819827432605
1748901600000,1008.8303078780674,1008.6576946467445,3,1003.2819827432605
1748905200000,1008.1948224892714,1007.2020360950986,3,1003.2819827432605
1748908800000,1007.8695429308185,1007.324377488824,3,1003.2819827432605
1748912400000,1006.8287395491375,1006.3382700959627,3,1003.2966251492124
1748916000000,1005.3655510282093,1005.1922543348423,2,1003.2479934949434
1748919600000,1006.3707401089508,1005.0051548926084,2,1003.2479934949434
1748923200000,1006.8817851895701,1006.2288279795093,2,1003.2479934949434
1748926800000,1007.3137635850545,1006.7753829008587,2,1003.2479934949434
1748930400000,1006.6395855450976,1006.55833216301,2,1003.2479934949434
1748934000000,1006.4792654778752,1006.4664097353517,2,1003.2479934949434
1748937600000,1007.0258203992246,1006.4181077688377,2,1003.2479934949434
1748941200000,1007.3566497779593,1006.9029515908956,2,1003.253119533426
1748944800000,1007.0460524939228,1006.8331842997604,2,1003.253119533426
1748948400000,1006.9518161358327,1006.749245259037,2,1003.253119533426
1748952000000,1007.169737563569,1006.7440011752442,2,1003.253119533426
1748955600000,1007.1571899325102,1006.9551180173979,2,1003.253119533426
1748959200000,1007.288242166162,1006.6918247765085,2,1003.253119533426
1748962800000,1006.2441777463856,1006.1217350948314,2,1003.253119533426
1748966400000,1006.5897222927293,1006.0615753091606,2,1003.253119533426
1748970000000,1007.421364997913,1006.5132887841165,2,1003.2533215182706
1748973600000,1007.0964150863027,1006.7832593771094,2,1003.2533215182706
1748977200000,1007.2675950493149,1007.0902366958827,2,1003.2533215182706
1748980800000,1006.7929304993133,1006.6109542572511,2,1003.2533215182706
1748984400000,1007.919118991065,1006.7584821986896,2,1003.2533215182706
1748988000000,1008.682915500482,1007.620942104608,2,1003.2533215182706
1748991600000,1007.7852002207917,1007.5861856925197,2,1003.2533215182706
1748995200000,1008.0995447035707,1007.6151454146257,2,1003.2533215182706
1748998800000,1007.4445231490565,1007.4424636855833,2,1003.2546226721222
1749002400000,1007.0258994577791,1006.5348864334701,2,1003.2546226721222
1749006000000,1007.0496150960923,1006.193216319348,2,1003.2546226721222
1749009600000,1006.6940813438465,1006.1706794823873,2,1003.2546226721222
1749013200000,1006.7584236732035,1006.341923062139,2,1003.2546226721222
1749016800000,1007.0466113537584,1006.4365311484335,2,1003.2546226721222
1749020400000,1006.9017054542162,1006.698073037314,2,1003.2546226721222
1749024000000,1006.7971181342531,1006.5311392347278,2,1003.2546226721222
1749027600000,1006.673609590081,1006.3177677263706,2,1003.263291518448
1749031200000,1006.4093184258247,1006.2000701969256,2,1003.263291518448
1749034800000,1006.8217001099425,1006.1698044399881,2,1003.263291518448
1749038400000,1007.3443585149934,1006.6597559241907,2,1003.263291518448
1749042000000,1007.9387164411736,1007.1714908167121,2,1003.263291518448
1749045600000,1008.2421374114232,1007.6173228780868,2,1003.263291518448
1749049200000,1008.0122309310511,1007.9731647417973,2,1003.263291518448
1749052800000,1007.8687582998197,1007.4785317522251,2,1003.263291518448
1749056400000,1008.030982846273,1007.8170531120041,2,1003.2635082624098
1749060000000,1008.795023850415,1008.0140081768028,2,1003.2635082624098
1749063600000,1009.1064282075996,1008.5419643101527,2,1003.2635082624098
1749067200000,1009.5862732246542,1009.0359074878227,2,1003.2635082624098
1749070800000,1010.2000370119822,1009.5199350485635,2,1003.2635082624098
1749074400000,1009.6739494918868,1009.4132146761542,2,1003.2635082624098
1749078000000,1010.2369801210231,1009.6441190798931,2,1003.2635082624098
1749081600000,1010.3588601941543,1010.1011827652619,2,1003.2635082624098
1749085200000,1009.9136223553706,1009.8133348403397,2,1003.2604825197376
1749088800000,1010.0397485889278,1009.538873592196,2,1003.2604825197376
1749092400000,1009.541930979036,1009.1186893991286,2,1003.2604825197376
1749096000000,1009.2592318769989,1009.2046879033252,2,1003.2604825197376
1749099600000,1009.0012463366419,1008.893219929401,2,1003.2604825197376
1749103200000,1009.6049036568219,1008.773590169962,2,1003.2604825197376
1749106800000,1009.7076323357637,1009.0287091736975,2,1003.2604825197376
1749110400000,1009.530210365592,1008.9912671029732,2,1003.2604825197376
1749114000000,1009.2459033713612,1009.1282058419164,2,1003.2661781748101
1749117600000,1009.0319736370924,1008.7411639146411,2,1003.2661781748101
1749121200000,1009.3632927893416,1008.722628743381,2,1003.2661781748101
1749124800000,1009.0500734634086,1008.9776205136376,2,1003.2661781748101
1749128400000,1008.1433669011832,1007.841570049463,2,1003.2661781748101
1749132000000,1009.4786127716152,1007.9550214184821,2,1003.2661781748101
1749135600000,1009.3976038842528,1008.9724936910907,2,1003.2661781748101
1749139200000,1009.533963818437,1009.0814544049588,2,1003.2661781748101
1749142800000,1012.1144304083407,1009.4994506478172,2,1003.273852197024
1749146400000,1012.3071492849468,1011.6612947996998,2,1003.273852197024
1749150000000,1012.6271095797229,1012.0834211949947,2,1003.273852197024
1749153600000,1014.8484037609072,1012.5313763365824,2,1003.273852197024
1749157200000,1018.8987928638087,1014.4921503583071,3,1003.2474269303971
1749160800000,1016.7773579210202,1016.4567779207728,3,1003.2474269303971
1749164400000,1016.8426577881196,1016.3872264575672,3,1003.2474269303971
1749168000000,1017.2069626756096,1016.3797574508782,3,1003.2474269303971
1749171600000,1016.3877202661869,1016.3185906825008,3,1003.233049194644
1749175200000,1016.1863518349439,1016.040527047337,3,1003.233049194644
1749178800000,1015.6461999985073,1015.5932223860382,3,1003.233049194644
1749182400000,1014.6279436773234,1014.5342179997456,3,1003.233049194644
1749186000000,1014.1786718360862,1013.8268820065832,3,1003.233049194644
1749189600000,1014.058465826257,1013.8308387501066,3,1003.233049194644
1749193200000,1014.44332649226,1013.4724681820459,3,1003.233049194644
1749196800000,1014.3849627742327,1013.7111900895628,3,1003.233049194644
1749200400000,1014.0435354637026,1013.7306496400302,3,1003.2164921301453
1749204000000,1013.994853326155,1013.1117985166526,3,1003.2164921301453
1749207600000,1013.1399932978304,1012.7268588153474,3,1003.2164921301453
1749211200000,1012.4005624832812,1011.9609326737183,3,1003.2164921301453
1749214800000,1011.4669562303919,1009.8112536352562,3,1003.2164921301453
1749218400000,1010.5987804163886,1009.4529202391282,3,1003.2164921301453
1749222000000,1009.355848656935,1008.9879300873305,3,1003.2164921301453
1749225600000,1009.7363710855196,1008.3293094973724,3,1003.2164921301453
1749229200000,1010.5203940495691,1009.064554970882,3,1003.2225155226711
1749232800000,1010.5945347346092,1010.3250961001057,3,1003.2225155226711
1749236400000,1011.3928356176874,1010.4144466371829,3,1003.2225155226711
1749240000000,1011.2932709113647,1010.6846495823378,3,1003.2225155226711
1749243600000,1010.8707521401652,1010.4065455615498,3,1003.2225155226711
1749247200000,1011.1168603299842,1010.4927633762182,3,1003.2225155226711
1749250800000,1011.683769990203,1011.0094004074426,3,1003.2225155226711
1749254400000,1012.3004266040757,1011.628110625374,3,1003.2225155226711
1749258000000,1011.3418803733038,1011.3011959249349,3,1003.2330731806477
1749261600000,1012.1324792672544,1011.1763453128183,3,1003.2330731806477
1749265200000,1011.4885350414397,1011.2801503201525,3,1003.2330731806477
1749268800000,1010.5128621329624,1010.3812881302459,3,1003.2330731806477
1749272400000,1010.6988131205255,1010.3428733204082,3,1003.2330731806477
1749276000000,1009.734252621658,1009.4356486265439,3,1003.2330731806477
1749279600000,1008.7080391518032,1008.5810213741155,3,1003.2330731806477
1749283200000,1008.4334298159373,1007.9320063364837,3,1003.2330731806477
1749286800000,1009.0066833129118,1008.0797071130762,3,1003.2337662554622
1749290400000,1009.0700887522266,1008.596550413082,3,1003.2337662554622
1749294000000,1008.5139786470575,1008.3380924181564,3,1003.2337662554622
1749297600000,1008.6850329059945,1008.0416128261166,3,1003.2337662554622
1749301200000,1008.3349733677147,1007.8557375978561,3,1003.2337662554622
1749304800000,1008.1569382440706,1007.6167145546078,3,1003.2337662554622
1749308400000,1008.5130339444628,1007.9638808426087,3,1003.2337662554622
1749312000000,1008.8089600934934,1008.208208796432,3,1003.2337662554622
1749315600000,1009.840295087853,1008.376615760315,3,1003.2402329398695
1749319200000,1010.2521832459677,1009.2042727919146,3,1003.2402329398695
1749322800000,1010.0537065355995,1009.4004110178744,3,1003.2402329398695
1749326400000,1009.8196214178174,1009.3633406753543,3,1003.2402329398695
1749330000000,1009.426688357344,1009.2700711969633,3,1003.2402329398695
1749333600000,1008.9062094669698,1008.7741325962936,3,1003.2402329398695
1749337200000,1008.8721114100307,1008.451746762712,3,1003.2402329398695
1749340800000,1009.6170206136728,1008.8216325122548,3,1003.2402329398695
1749344400000,1010.5254487269674,1009.5570574575023,3,1003.2445426369019
1749348000000,1009.8516473755019,1009.7255906180989,3,1003.2445426369019
1749351600000,1010.370475009955,1009.8103464976612,3,1003.2445426369019
1749355200000,1010.4763322984868,1010.1848040973376,3,1003.2445426369019
1749358800000,1010.0958079167641,1009.8993945761456,3,1003.2445426369019
1749362400000,1010.3908347091116,1009.8420552885999,3,1003.2445426369019
1749366000000,1010.1544475862693,1009.3810194411453,3,1003.2445426369019
1749369600000,1010.4690109557858,1009.6726592506684,3,1003.2445426369019
1749373200000,1010.710574621606,1010.1371031239341,3,1003.2522508913792
1749376800000,1011.5456692031416,1010.6224128581144,3,1003.2522508913792
1749380400000,1011.2182807110353,1011.118765949485,3,1003.2522508913792
1749384000000,1010.0544028015688,1009.8665082889167,3,1003.2522508913792
1749387600000,1010.0183247295437,1009.5593928546547,3,1003.2522508913792
1749391200000,1009.8615844485028,1008.0236800176845,3,1003.2522508913792
1749394800000,1009.5010984062388,1009.2418800069382,3,1003.2522508913792
1749398400000,1009.2253834449085,1008.6957226283229,3,1003.2522508913792
1749402000000,1008.2585827931597,1008.0861543460986,3,1003.2529521869537
1749405600000,1008.1885274906248,1007.3735423263483,2,1000.7422397507981
1749409200000,1007.7606044053475,1007.6475247645327,2,1000.7422397507981
1749412800000,1007.6598179286332,1007.3597088121821,2,1000.7422397507981
1749416400000,1007.6867818040054,1007.2172341043175,2,1000.7422397507981
1749420000000,1007.5035531716178,1007.1410975725436,2,1000.7422397507981
1749423600000,1008.4133807374232,1007.427416639844,2,1000.7422397507981
1749427200000,1008.3223289996522,1008.2410120008253,2,1000.7422397507981
1749430800000,1008.5310028813577,1008.1103833433464,2,1000.7493406790747
1749434400000,1009.0447972373527,1008.5073508597842,2,1000.7493406790747
1749438000000,1009.0437993139858,1008.6837749065891,2,1000.7493406790747
1749441600000,1009.1006472458579,1008.9325882864255,2,1000.7493406790747
1749445200000,1009.6040806677464,1009.047663773974,2,1000.7493406790747
1749448800000,1009.8987648224194,1009.4313402029444,2,1000.7493406790747
1749452400000,1009.2535465045684,1009.1861467883713,2,1000.7493406790747
1749456000000,1009.3939617489597,1009.2314549847846,2,1000.7493406790747
1749459600000,1009.1620041088405,1009.1239358429535,2,1000.7488500211176
1749463200000,1008.3329309634394,1007.9562399980371,2,1000.7488500211176
1749466800000,1007.5935399042377,1007.3611386154485,2,1000.7488500211176
1749470400000,1007.5086029401474,1007.1798422130549,2,1000.7488500211176
1749474000000,1007.7647834839894,1007.4324664083734,2,1000.7488500211176
1749477600000,1008.8744962679544,1007.7375114971526,2,1000.7488500211176
1749481200000,1008.4225494328994,1008.0178430242518,2,1000.7488500211176
1749484800000,1008.0380659307808,1007.6465233761216,2,1000.7488500211176
1749488400000,1007.4025144494567,1006.8985184491451,2,1000.7559584324877
1749492000000,1006.9076906096657,1006.5371243901773,2,1000.7559584324877
1749495600000,1006.8095261748476,1006.5292582644881,2,1000.7559584324877
1749499200000,1007.110887681624,1006.6084521831024,2,1000.7559584324877
1749502800000,1006.705437816568,1006.5135996020829,2,1000.7559584324877
1749506400000,1005.2947249629111,1003.9210194728079,0,1005.2947249629111
1749510000000,1005.2947249629111,1005.2947249629111,0,1005.2947249629111
1749513600000,1005.2947249629111,1005.2947249629111,0,1005.2947249629111
1749517200000,1005.2947249629111,1005.2947249629111,0,1005.2947249629111
1749520800000,1005.2947249629111,1005.2947249629111,0,1005.2947249629111
1749524400000,1005.2947249629111,1005.2947249629111,0,1005.2947249629111
1749528000000,1005.2947249629111,1005.2947249629111,0,1005.2947249629111
1749531600000,1005.2947249629111,1005.2947249629111,0,1005.2947249629111
1749535200000,1005.2947249629111,1005.2947249629111,0,1005.2947249629111
1749538800000,1005.2947249629111,1005.2947249629111,0,1005.2947249629111
1749542400000,1005.2947249629111,1005.2947249629111,0,1005.2947249629111
1749546000000,1005.2947249629111,1005.2947249629111,0,1005.2947249629111
1749549600000,1005.2947249629111,1005.2947249629111,0,1005.2947249629111
1749553200000,1005.2947249629111,1005.2947249629111,0,1005.2947249629111
1749556800000,1005.2947249629111,1005.2947249629111,0,1005.2947249629111
1749560400000,1005.7444454893812,1003.7926056653367,3,1005.2052050098438
1749564000000,1005.8109032831139,1003.1962573455002,3,1005.2052050098438
1749567600000,1004.7529390302639,1004.2838684228154,3,1005.2052050098438
1749571200000,1005.0145615153863,1001.8137840937113,3,1005.2052050098438
1749574800000,1004.7618421351077,1004.3048433995706,3,1005.1963716286189
1749578400000,1005.8824104897125,1004.6940053834126,3,1005.1963716286189
1749582000000,1006.5566595534352,1004.9338717149496,3,1005.1963716286189
1749585600000,1007.5141512104119,1006.3507865998832,3,1005.1963716286189
1749589200000,1008.2783366160564,1006.658136215949,3,1005.1963716286189
1749592800000,1008.819990392695,1006.2067116013966,3,1005.1963716286189
1749596400000,1009.6040918925592,1007.4836364889127,3,1005.1963716286189
1749600000000,1010.9941254471853,1008.8810819584269,3,1005.1963716286189
1749603600000,1009.6364292463785,1008.4852459523727,3,1005.1778895242362
1749607200000,1008.3109855311224,1007.6541500792016,3,1005.1778895242362
1749610800000,1008.7258168342905,1007.4382148655808,3,1005.1778895242362
1749614400000,1008.474629950014,1008.0682973018893,3,1005.1778895242362
1749618000000,1009.6184768891424,1008.1661537400806,3,1005.1778895242362
1749621600000,1009.5217459122237,1008.6890512007454,3,1005.1778895242362
1749625200000,1010.2753225733181,1008.7849518169155,3,1005.1778895242362
1749628800000,1009.8731962427767,1009.5066538305974,3,1005.1778895242362
1749632400000,1008.7008535328216,1008.4041219537291,3,1005.1734895786586
1749636000000,1007.5790494972971,1007.1568226852353,3,1005.1734895786586
1749639600000,1009.0008241960219,1006.703822432263,3,1005.1734895786586
1749643200000,1008.1724682936934,1007.611047680854,3,1005.1734895786586
1749646800000,1009.5315068117238,1007.5522022990147,3,1005.1734895786586
1749650400000,1009.2114429881003,1008.48442823907,3,1005.1734895786586
1749654000000,1010.5778691605195,1008.585751352048,3,1005.1734895786586
1749657600000,1011.4669569384024,1009.9292968120343,3,1005.1734895786586
1749661200000,1011.3245127539847,1009.9730763753553,3,1005.1622801413941
1749664800000,1009.5704296914627,1009.2288616488731,3,1005.1622801413941
1749668400000,1008.4962622872467,1007.8174072581188,3,1005.1622801413941
1749672000000,1005.8848748689553,1005.321298603975,2,1005.1287567318577
1749675600000,1005.4453769959631,1004.606913151742,2,1005.1287567318577
1749679200000,1004.1559290965057,1003.5842570803225,2,1005.1287567318577
1749682800000,1004.0823019893027,1002.9314267457248,2,1005.1287567318577
1749686400000,1004.7460134326651,1003.9407827584273,2,1005.1287567318577
1749690000000,1004.7099698918322,1004.0949940494636,2,1005.1450584931192
1749693600000,1004.5741351171139,1003.7256707636415,2,1005.1450584931192
1749697200000,1004.3548458984252,1003.9873699499976,2,1005.1450584931192
1749700800000,1004.7423349596808,1003.7388316034924,2,1005.1450584931192
1749704400000,1004.6308622294663,1004.033266884012,2,1005.1450584931192
1749708000000,1005.0933318846072,1004.2038423609996,2,1005.1450584931192
1749711600000,1005.0486208192575,1004.4803250393503,2,1005.1450584931192
1749715200000,1004.0357887698541,1003.6788810461447,2,1005.1450584931192
1749718800000,1004.8747202456402,1003.7254698042782,2,1005.1558406826609
1749722400000,1003.9674946078793,1003.7507284397119,2,1005.1558406826609
1749726000000,1004.2040157427026,1003.3416080032719,2,1005.1558406826609
1749729600000,1003.5293217327749,1003.1547776056941,2,1005.1558406826609
1749733200000,1004.1464846280035,1002.9877471476794,2,1005.1558406826609
1749736800000,1004.9739341021135,1004.0307582871075,2,1005.1558406826609
1749740400000,1005.3346921139469,1004.7751320481008,2,1005.1558406826609
1749744000000,1004.1394575251671,1003.8572503898788,2,1005.1558406826609
1749747600000,1005.7305699027121,1003.9592579708232,2,1005.157656739605
1749751200000,1006.5640315437623,1005.5920323651295,2,1005.157656739605
1749754800000,1005.2750933071464,1004.6506446702131,2,1005.157656739605
1749758400000,1003.4241629750138,1003.2162300816174,2,1005.157656739605
1749762000000,1001.9583016108276,1000.1609162694762,1,1002.7617579199949
1749765600000,1002.108155965618,1001.8100940071888,1,1002.7617579199949
1749769200000,1002.1345039840427,1001.9451276016152,1,1002.7617579199949
1749772800000,1001.668473408156,1001.6157773713066,1,1002.7617579199949
1749776400000,1000.6277766606756,998.4511941840951,0,1000.6277766606756
1749780000000,1000.6277766606756,1000.6277766606756,0,1000.6277766606756
1749783600000,1000.6277766606756,1000.6277766606756,0,1000.6277766606756
1749787200000,1000.6277766606756,1000.6277766606756,0,1000.6277766606756
1749790800000,1000.6277766606756,1000.6277766606756,0,1000.6277766606756
1749794400000,1000.6277766606756,1000.6277766606756,0,1000.6277766606756
1749798000000,1000.6277766606756,1000.6277766606756,0,1000.6277766606756
1749801600000,1000.6277766606756,1000.6277766606756,0,1000.6277766606756
1749805200000,1000.6277766606756,1000.6277766606756,0,1000.6277766606756
1749808800000,1000.6277766606756,1000.6277766606756,0,1000.6277766606756
1749812400000,1000.6277766606756,1000.6277766606756,0,1000.6277766606756
1749816000000,1000.6277766606756,1000.6277766606756,0,1000.6277766606756
1749819600000,1000.6277766606756,1000.6277766606756,0,1000.6277766606756
1749823200000,1000.6277766606756,1000.6277766606756,0,1000.6277766606756
1749826800000,1000.6277766606756,1000.6277766606756,0,1000.6277766606756
1749830400000,1000.6277766606756,1000.6277766606756,0,1000.6277766606756
1749834000000,1000.6277766606756,1000.6277766606756,0,1000.6277766606756
1749837600000,1000.6277766606756,1000.6277766606756,0,1000.6277766606756
1749841200000,1000.6277766606756,1000.6277766606756,0,1000.6277766606756
1749844800000,1000.6277766606756,1000.6277766606756,0,1000.6277766606756
1749848400000,1000.6277766606756,1000.6277766606756,0,1000.6277766606756
1749852000000,1000.6277766606756,1000.6277766606756,0,1000.6277766606756
1749855600000,1000.6277766606756,1000.6277766606756,0,1000.6277766606756
1749859200000,1000.6277766606756,1000.6277766606756,0,1000.6277766606756
1749862800000,1000.3537229869157,1000.2688008393558,1,1000.6070660605571
1749866400000,1000.3204925813487,1000.0546493368132,1,1000.6070660605571
1749870000000,1000.2826468416753,1000.1044949451635,1,1000.6070660605571
1749873600000,1000.093418143308,1000.0860336087375,1,1000.6070660605571
1749877200000,999.9401890509714,999.7721908894941,1,1000.6070660605571
1749880800000,999.4158870964708,999.2100431953199,1,1000.6070660605571
1749884400000,999.3189650802339,999.2275814649248,1,1000.6070660605571
1749888000000,999.2238891976396,999.08265997398,1,1000.6070660605571
1749891600000,999.0174413130985,998.8965195595077,1,1000.6055390103456
1749895200000,999.0682099882703,998.9574419697137,1,1000.6055390103456
1749898800000,999.1900548086824,998.973134105676,1,1000.6055390103456
1749902400000,999.3682067051941,999.1789780068267,1,1000.6055390103456
1749906000000,999.5675891385957,999.2454388179607,1,1000.6055390103456
1749909600000,999.2878998917406,999.2749769562423,1,1000.6055390103456
1749913200000,999.1365169330468,999.1125171956928,1,1000.6055390103456
1749916800000,999.0377487831672,998.9675957047482,1,1000.6055390103456
1749920400000,998.5628166203657,998.4705099382353,1,1000.6050631936944
1749924000000,998.3338960486823,998.2314356315175,1,1000.6050631936944
1749927600000,998.4326641985618,998.2535892352288,1,1000.6050631936944
1749931200000,998.3080501776858,998.2369740324453,1,1000.6050631936944
1749934800000,998.1242043521612,998.0172841289749,0,998.1242043521612
1749938400000,998.1242043521612,998.1242043521612,0,998.1242043521612
1749942000000,998.1242043521612,998.1242043521612,0,998.1242043521612
1749945600000,998.1242043521612,998.1242043521612,0,998.1242043521612
1749949200000,998.1242043521612,998.1242043521612,0,998.1242043521612
1749952800000,998.1242043521612,998.1242043521612,0,998.1242043521612
1749956400000,998.1242043521612,998.1242043521612,0,998.1242043521612
1749960000000,998.1242043521612,998.1242043521612,0,998.1242043521612
1749963600000,998.1242043521612,998.1242043521612,0,998.1242043521612
1749967200000,998.1242043521612,998.1242043521612,0,998.1242043521612
1749970800000,998.1242043521612,998.1242043521612,0,998.1242043521612
1749974400000,998.1242043521612,998.1242043521612,0,998.1242043521612
1749978000000,998.1242043521612,998.1242043521612,0,998.1242043521612
1749981600000,998.1242043521612,998.1242043521612,0,998.1242043521612
1749985200000,998.1242043521612,998.1242043521612,0,998.1242043521612
1749988800000,998.1242043521612,998.1242043521612,0,998.1242043521612
1749992400000,998.1242043521612,998.1242043521612,0,998.1242043521612
1749996000000,998.1242043521612,998.1242043521612,0,998.1242043521612
1749999600000,998.1242043521612,998.1242043521612,0,998.1242043521612
1750003200000,998.1242043521612,998.1242043521612,0,998.1242043521612
1750006800000,998.1242043521612,998.1242043521612,0,998.1242043521612
1750010400000,998.1242043521612,998.1242043521612,0,998.1242043521612
1750014000000,998.1242043521612,998.1242043521612,0,998.1242043521612
1750017600000,998.1242043521612,998.1242043521612,0,998.1242043521612
1750021200000,998.1242043521612,998.1242043521612,0,998.1242043521612
1750024800000,998.1242043521612,998.1242043521612,0,998.1242043521612
1750028400000,998.1242043521612,998.1242043521612,0,998.1242043521612
1750032000000,998.1242043521612,998.1242043521612,0,998.1242043521612
1750035600000,998.1242043521612,998.1242043521612,0,998.1242043521612
1750039200000,998.1242043521612,998.1242043521612,0,998.1242043521612
1750042800000,998.1242043521612,998.1242043521612,0,998.1242043521612
1750046400000,998.1242043521612,998.1242043521612,0,998.1242043521612
1750050000000,998.1242043521612,998.1242043521612,0,998.1242043521612
1750053600000,998.1242043521612,998.1242043521612,0,998.1242043521612
1750057200000,998.1242043521612,998.1242043521612,0,998.1242043521612
1750060800000,998.1242043521612,998.1242043521612,0,998.1242043521612
1750064400000,998.1242043521612,998.1242043521612,0,998.1242043521612
1750068000000,998.1242043521612,998.1242043521612,0,998.1242043521612
1750071600000,998.1242043521612,998.1242043521612,0,998.1242043521612
1750075200000,998.1242043521612,998.1242043521612,0,998.1242043521612
1750078800000,998.1242043521612,998.1242043521612,0,998.1242043521612
1750082400000,998.1242043521612,998.1242043521612,0,998.1242043521612
1750086000000,998.1242043521612,998.1242043521612,0,998.1242043521612
1750089600000,998.1242043521612,998.1242043521612,0,998.1242043521612
1750093200000,998.1242043521612,998.1242043521612,0,998.1242043521612
1750096800000,998.1242043521612,998.1242043521612,0,998.1242043521612
1750100400000,998.1242043521612,998.1242043521612,0,998.1242043521612
1750104000000,998.1242043521612,998.1242043521612,0,998.1242043521612
1750107600000,998.1242043521612,998.1242043521612,0,998.1242043521612
1750111200000,998.1242043521612,998.1242043521612,0,998.1242043521612
1750114800000,998.1242043521612,998.1242043521612,0,998.1242043521612
1750118400000,998.1242043521612,998.1242043521612,0,998.1242043521612
1750122000000,998.1242043521612,998.1242043521612,0,998.1242043521612
1750125600000,998.1242043521612,998.1242043521612,0,998.1242043521612
1750129200000,998.1242043521612,998.1242043521612,0,998.1242043521612
1750132800000,998.1242043521612,998.1242043521612,0,998.1242043521612
1750136400000,997.9299477585947,997.7533958693416,1,998.1023294740226
1750140000000,997.8052693625758,997.593225083215,1,998.1023294740226
1750143600000,997.6096061863416,997.5550025092531,1,998.1023294740226
1750147200000,997.6778607827024,997.4503454614998,1,998.1023294740226
1750150800000,997.3313452108551,997.2285082856716,1,998.097996945264
1750154400000,997.0310249868678,997.0191941901653,1,998.097996945264
1750158000000,996.9755112484944,996.7115934758995,1,998.097996945264
1750161600000,996.708863292045,996.5823647734564,1,998.097996945264
1750165200000,996.3948921487855,996.3903418423614,1,998.097996945264
1750168800000,996.3848814746526,996.2147000143931,1,998.097996945264
1750172400000,996.9545798389438,996.2956954687412,1,998.097996945264
1750176000000,996.5341315253614,996.4458555807349,1,998.097996945264
1750179600000,997.8546313743192,995.6841303672159,3,998.0400477499691
1750183200000,997.5041624546069,996.1903068254073,3,998.0400477499691
1750186800000,996.3185693856943,995.848193565891,3,998.0400477499691
1750190400000,996.0832008079966,994.8434191765452,3,998.0400477499691
1750194000000,996.409890182345,995.5291196242464,3,998.0400477499691
1750197600000,996.4951906116302,995.5964558394329,3,998.0400477499691
1750201200000,996.9080996481173,995.8276698392892,3,998.0400477499691
1750204800000,996.1687793988218,995.5652206266717,3,998.0400477499691
1750208400000,995.5748275500345,995.2993949249874,3,998.0444379253836
1750212000000,996.7141508916853,994.7751599647139,3,998.0444379253836
1750215600000,997.0327740891946,996.234956699064,3,998.0444379253836
1750219200000,996.5758096361487,996.1143833969342,3,998.0444379253836
1750222800000,995.8828487587856,995.4388568319981,3,998.0444379253836
1750226400000,996.0024934399778,995.2696886818128,3,998.0444379253836
1750230000000,996.1820619973912,995.4294244810472,3,998.0444379253836
1750233600000,995.7908760271381,995.6007335916129,3,998.0444379253836
1750237200000,996.0783717255296,995.1933776801845,3,998.0486336488625
1750240800000,996.5630936914245,995.7371375776337,3,998.0486336488625
1750244400000,997.8239756609339,996.0669509361775,3,998.0486336488625
1750248000000,997.1141443160392,996.4386109068129,3,998.0486336488625
1750251600000,997.5259116117264,996.5003235540261,3,998.0486336488625
1750255200000,997.8424815174311,997.0749032881948,3,998.0486336488625
1750258800000,998.0051435645701,996.1930891337628,3,998.0486336488625
1750262400000,997.9339836495977,997.0883959318804,3,998.0486336488625
1750266000000,998.0750481791619,997.0754668343033,3,998.0512090949528
1750269600000,997.7292300206216,996.9336325235242,3,998.0512090949528
1750273200000,998.528636053325,996.4765102051726,3,998.0512090949528
1750276800000,997.9591403724911,996.8149358746016,3,998.0512090949528
1750280400000,996.1206203755795,995.2661155054137,3,998.0512090949528
1750284000000,996.2597727216199,995.2299863332447,3,998.0512090949528
1750287600000,996.0138311033691,995.2915854947818,3,998.0512090949528
1750291200000,995.955773632224,995.2934128635549,3,998.0512090949528
1750294800000,995.1148755553658,994.2855908809588,2,995.5817591361197
1750298400000,995.8592666275493,995.0512546784851,2,995.5817591361197
1750302000000,995.9998646959062,995.3994702315794,2,995.5817591361197
1750305600000,995.4208494199469,995.3864533285681,2,995.5817591361197
1750309200000,995.3160656560707,995.1829434898813,2,995.5817591361197
1750312800000,995.6204440309122,994.8397068243346,2,995.5817591361197
1750316400000,996.109272794055,995.3438570867794,2,995.5817591361197
1750320000000,996.1051802896957,995.7323491436806,2,995.5817591361197
1750323600000,996.2771805546478,995.3283030450355,3,995.5611355343798
1750327200000,995.5509816870934,995.0536990767322,3,995.5611355343798
1750330800000,996.0800816551791,995.2865483527702,3,995.5611355343798
1750334400000,996.204510072724,995.9310119484805,3,995.5611355343798
1750338000000,995.9821655433863,995.636410119542,3,995.5611355343798
1750341600000,996.919912265091,995.5413073439659,3,995.5611355343798
1750345200000,997.6615294926733,996.1480705200918,3,995.5611355343798
1750348800000,997.8698751782078,996.8426648888059,3,995.5611355343798
1750352400000,998.2527371420421,997.0231432985681,3,995.5618821445935
1750356000000,996.3648324394596,995.7700047153954,3,995.5618821445935
1750359600000,995.8918557024091,995.3295010692506,3,995.5618821445935
1750363200000,996.2596341469514,995.609174183841,3,995.5618821445935
1750366800000,996.3244933108643,995.4256648552212,3,995.5618821445935
1750370400000,996.2581230256783,995.6666391646211,3,995.5618821445935
1750374000000,995.558611047896,995.0336418158478,3,995.5618821445935
1750377600000,995.8120499898388,995.4005338772015,3,995.5618821445935
1750381200000,995.695322044447,995.2173934623904,3,995.5744606478277
1750384800000,995.8778223897332,995.593509799179,3,995.5744606478277
1750388400000,996.7227629838566,995.7586634851002,3,995.5744606478277
1750392000000,997.2051781583492,996.5450793911718,3,995.5744606478277
1750395600000,998.924916818478,997.1046246406686,3,995.5744606478277
1750399200000,998.3853351936789,998.204168693028,3,995.5744606478277
1750402800000,998.6142488014402,997.958320305102,3,995.5744606478277
1750406400000,995.9790645734096,995.8889531776408,3,995.5744606478277
1750410000000,996.1474990558577,995.0053792022645,3,995.5821041335225
1750413600000,996.5282166369315,995.8263289415514,3,995.5821041335225
1750417200000,996.209960715309,995.9089861788307,3,995.5821041335225
1750420800000,995.8907189003397,995.7118543465475,3,995.5821041335225
1750424400000,995.4482105346871,994.9455015753313,3,995.5821041335225
1750428000000,996.0182565783291,994.8036678693742,3,995.5821041335225
1750431600000,999.8660465394852,995.6136423537129,3,995.5821041335225
1750435200000,1000.0002870419937,998.7588341666291,3,995.5821041335225
1750438800000,1002.052208382424,999.8039068829866,3,995.5837053046178
1750442400000,1002.6722039698774,1001.5100875587722,3,995.5837053046178
1750446000000,1002.3491272999123,1001.5651688736589,3,995.5837053046178
1750449600000,1002.125384998028,1001.8026016028591,3,995.5837053046178
1750453200000,1001.1618746551096,1000.6440214730898,3,995.5837053046178
1750456800000,1002.1343324866672,1001.0499148658487,3,995.5837053046178
1750460400000,1002.9308195165611,1002.0205821399057,3,995.5837053046178
1750464000000,1002.0621773466564,1001.9751547707771,3,995.5837053046178
1750467600000,1001.8832674934094,1001.2232287015888,3,995.5867514744843
1750471200000,1000.6060576394887,1000.5710124169154,3,995.5867514744843
1750474800000,1001.1362008268457,1000.4287463912029,3,995.5867514744843
1750478400000,1000.8387896142455,1000.462061031632,3,995.5867514744843
1750482000000,1001.0333671059844,1000.6403364295863,3,995.5867514744843
1750485600000,1000.4182456402432,1000.2911811631194,3,995.5867514744843
1750489200000,1000.5560699071849,999.9936677909295,3,995.5867514744843
1750492800000,1000.83631438649,1000.4144734532218,3,995.5867514744843
1750496400000,999.958312091961,999.8474732884512,3,995.5956968600298
1750500000000,1000.1965890201166,999.730439054039,3,995.5956968600298
1750503600000,1000.544072376673,999.8386431010932,3,995.5956968600298
1750507200000,1000.8576084064201,1000.280562310908,3,995.5956968600298
1750510800000,1001.8809812345803,1000.6066460385416,3,995.5956968600298
1750514400000,1003.1806642200779,1001.470781175455,3,995.5956968600298
1750518000000,1003.2118541902863,1002.3987717918118,3,995.5956968600298
1750521600000,1003.2589752561894,1002.9162308857548,3,995.5956968600298
1750525200000,1003.4038875315438,1002.6845523203319,3,995.6014497206842
1750528800000,1004.5268537234571,1002.711655085045,3,995.6014497206842
1750532400000,1005.2424661252765,1003.3805240642236,3,995.6014497206842
1750536000000,1005.9921662019873,1004.7888651602086,3,995.6014497206842
1750539600000,1004.8874534931826,1004.5312381563033,3,995.6014497206842
1750543200000,1009.5698499764128,1004.726602521073,3,995.6014497206842
1750546800000,1008.3083597056115,1007.8134159274787,3,995.6014497206842
1750550400000,1007.8895871516777,1007.6408871958566,3,995.6014497206842
1750554000000,1006.5670256498057,1005.7069408330182,3,995.6023261534608
1750557600000,1008.5665942606073,1006.0994396795031,3,995.6023261534608
1750561200000,1009.3782024231783,1007.5753742060149,3,995.6023261534608
1750564800000,1009.5709168898007,1008.6545045227983,3,995.6023261534608
1750568400000,1008.4696844395304,1007.9609355822323,3,995.6023261534608
1750572000000,1007.826929682286,1007.5956159206312,3,995.6023261534608
1750575600000,1007.2468751827962,1006.9388214816595,3,995.6023261534608
1750579200000,1008.587433079357,1006.9807712416856,3,995.6023261534608
1750582800000,1008.5115045349228,1008.0929270487501,3,995.6079516516781
1750586400000,1010.597604772801,1007.8782508399089,3,995.6079516516781
1750590000000,1009.5033915118329,1008.7111947034912,3,995.6079516516781
1750593600000,1009.0407817796462,1008.3564944404397,3,995.6079516516781
1750597200000,1008.9073228513047,1008.3793069836005,3,995.6079516516781
1750600800000,1013.775702587787,1008.3714738787254,3,995.6079516516781
1750604400000,1013.1637681489702,1012.5093738207062,3,995.6079516516781
1750608000000,1015.3633801353068,1012.7184846355933,3,995.6079516516781
1750611600000,1014.3731060160004,1014.0450149194269,3,995.6146403007417
1750615200000,1013.3420839615898,1012.6149413849221,3,995.6146403007417
1750618800000,1014.3160173321738,1012.7721934509073,3,995.6146403007417
1750622400000,1015.334611639411,1013.9702645577615,3,995.6146403007417
1750626000000,1016.5344377066183,1014.3604001357223,2,1004.0487334464102
1750629600000,1017.6021294104156,1015.8362906117538,2,1004.0487334464102
1750633200000,1015.1390707380024,1015.1362191701073,2,1004.0487334464102
1750636800000,1014.9739348432043,1014.7092491151956,2,1004.0487334464102
1750640400000,1014.9717690689064,1014.0200874744961,2,1004.055377418915
1750644000000,1014.514080898343,1014.5026746267625,2,1004.055377418915
1750647600000,1014.4601561514537,1014.3016275667578,2,1004.055377418915
1750651200000,1014.3427087347187,1014.058456119521,2,1004.055377418915
1750654800000,1013.9238992954154,1013.600883947116,2,1004.055377418915
1750658400000,1013.0191410497154,1012.7474539235276,2,1004.055377418915
1750662000000,1012.9551082936345,1012.5768699360569,2,1004.055377418915
1750665600000,1013.3355490879127,1012.5071340441858,2,1004.055377418915
1750669200000,1013.5520945902645,1012.9196726019466,2,1004.0506598428788
1750672800000,1013.8240367595698,1013.4633018974397,2,1004.0506598428788
1750676400000,1014.3198385320406,1013.7565033043995,2,1004.0506598428788
1750680000000,1014.1172381665295,1013.9545597515498,2,1004.0506598428788
1750683600000,1013.064453433402,1013.0302346186609,2,1004.0506598428788
1750687200000,1011.929089229475,1011.6361428656328,2,1004.0506598428788
1750690800000,1012.8261969458017,1011.3115742118271,2,1004.0506598428788
1750694400000,1013.8315482439838,1012.113931056421,2,1004.0506598428788
1750698000000,1015.5038246597994,1013.674069103215,2,1004.0453570198212
1750701600000,1012.6250631590956,1012.3288711392814,2,1004.0453570198212
1750705200000,1011.7423292804025,1011.0706344727477,2,1004.0453570198212
1750708800000,1011.3239139291761,1010.9469738339875,2,1004.0453570198212
1750712400000,1009.6963635793041,1009.3034974116971,0,1009.6963635793041
1750716000000,1009.6963635793041,1009.6963635793041,0,1009.6963635793041
1750719600000,1009.6963635793041,1009.6963635793041,0,1009.6963635793041
1750723200000,1009.6963635793041,1009.6963635793041,0,1009.6963635793041
1750726800000,1009.6963635793041,1009.6963635793041,0,1009.6963635793041
1750730400000,1009.6963635793041,1009.6963635793041,0,1009.6963635793041
1750734000000,1009.6963635793041,1009.6963635793041,0,1009.6963635793041
1750737600000,1009.6963635793041,1009.6963635793041,0,1009.6963635793041
1750741200000,1009.6963635793041,1009.6963635793041,0,1009.6963635793041
1750744800000,1009.6963635793041,1009.6963635793041,0,1009.6963635793041
1750748400000,1009.6963635793041,1009.6963635793041,0,1009.6963635793041
1750752000000,1009.6963635793041,1009.6963635793041,0,1009.6963635793041
1750755600000,1009.6963635793041,1009.6963635793041,0,1009.6963635793041
1750759200000,1009.6963635793041,1009.6963635793041,0,1009.6963635793041
1750762800000,1009.6963635793041,1009.6963635793041,0,1009.6963635793041
1750766400000,1009.6963635793041,1009.6963635793041,0,1009.6963635793041
1750770000000,1009.6963635793041,1009.6963635793041,0,1009.6963635793041
1750773600000,1009.6963635793041,1009.6963635793041,0,1009.6963635793041
1750777200000,1009.6963635793041,1009.6963635793041,0,1009.6963635793041
1750780800000,1009.6963635793041,1009.6963635793041,0,1009.6963635793041
1750784400000,1009.6963635793041,1009.6963635793041,0,1009.6963635793041
1750788000000,1009.6963635793041,1009.6963635793041,0,1009.6963635793041
1750791600000,1009.6963635793041,1009.6963635793041,0,1009.6963635793041
1750795200000,1009.6963635793041,1009.6963635793041,0,1009.6963635793041
1750798800000,1009.6963635793041,1009.6963635793041,0,1009.6963635793041
1750802400000,1009.6963635793041,1009.6963635793041,0,1009.6963635793041
1750806000000,1009.6963635793041,1009.6963635793041,0,1009.6963635793041
1750809600000,1009.6963635793041,1009.6963635793041,0,1009.6963635793041
1750813200000,1009.6963635793041,1009.6963635793041,0,1009.6963635793041
1750816800000,1009.6963635793041,1009.6963635793041,0,1009.6963635793041
1750820400000,1009.6963635793041,1009.6963635793041,0,1009.6963635793041
1750824000000,1009.6963635793041,1009.6963635793041,0,1009.6963635793041
1750827600000,1009.6963635793041,1009.6963635793041,0,1009.6963635793041
1750831200000,1009.6963635793041,1009.6963635793041,0,1009.6963635793041
1750834800000,1009.6963635793041,1009.6963635793041,0,1009.6963635793041
1750838400000,1009.6963635793041,1009.6963635793041,0,1009.6963635793041
1750842000000,1009.6963635793041,1009.6963635793041,0,1009.6963635793041
1750845600000,1009.6963635793041,1009.6963635793041,0,1009.6963635793041
1750849200000,1009.6963635793041,1009.6963635793041,0,1009.6963635793041
1750852800000,1009.6963635793041,1009.6963635793041,0,1009.6963635793041
1750856400000,1009.6963635793041,1009.6963635793041,0,1009.6963635793041
1750860000000,1009.6963635793041,1009.6963635793041,0,1009.6963635793041
1750863600000,1009.6963635793041,1009.6963635793041,0,1009.6963635793041
1750867200000,1009.6963635793041,1009.6963635793041,0,1009.6963635793041
1750870800000,1009.6963635793041,1009.6963635793041,0,1009.6963635793041
1750874400000,1009.6963635793041,1009.6963635793041,0,1009.6963635793041
1750878000000,1009.6963635793041,1009.6963635793041,0,1009.6963635793041
1750881600000,1009.6963635793041,1009.6963635793041,0,1009.6963635793041
1750885200000,1009.6963635793041,1009.6963635793041,0,1009.6963635793041
1750888800000,1009.6963635793041,1009.6963635793041,0,1009.6963635793041
1750892400000,1009.6963635793041,1009.6963635793041,0,1009.6963635793041
1750896000000,1009.6963635793041,1009.6963635793041,0,1009.6963635793041
1750899600000,1009.6963635793041,1009.6963635793041,0,1009.6963635793041
1750903200000,1009.6963635793041,1009.6963635793041,0,1009.6963635793041
1750906800000,1009.6963635793041,1009.6963635793041,0,1009.6963635793041
1750910400000,1009.6963635793041,1009.6963635793041,0,1009.6963635793041
1750914000000,1009.6963635793041,1009.6963635793041,0,1009.6963635793041
1750917600000,1009.6963635793041,1009.6963635793041,0,1009.6963635793041
1750921200000,1009.6963635793041,1009.6963635793041,0,1009.6963635793041
1750924800000,1009.6963635793041,1009.6963635793041,0,1009.6963635793041
1750928400000,1009.6963635793041,1009.6963635793041,0,1009.6963635793041
1750932000000,1009.6963635793041,1009.6963635793041,0,1009.6963635793041
1750935600000,1009.6963635793041,1009.6963635793041,0,1009.6963635793041
1750939200000,1009.6963635793041,1009.6963635793041,0,1009.6963635793041
1750942800000,1009.6963635793041,1009.6963635793041,0,1009.6963635793041
1750946400000,1009.6963635793041,1009.6963635793041,0,1009.6963635793041
1750950000000,1009.6963635793041,1009.6963635793041,0,1009.6963635793041
1750953600000,1009.6963635793041,1009.6963635793041,0,1009.6963635793041
1750957200000,1009.6963635793041,1009.6963635793041,0,1009.6963635793041
1750960800000,1009.6963635793041,1009.6963635793041,0,1009.6963635793041
1750964400000,1009.6963635793041,1009.6963635793041,0,1009.6963635793041
1750968000000,1009.6963635793041,1009.6963635793041,0,1009.6963635793041
1750971600000,1009.6963635793041,1009.6963635793041,0,1009.6963635793041
1750975200000,1009.6963635793041,1009.6963635793041,0,1009.6963635793041
1750978800000,1009.6963635793041,1009.6963635793041,0,1009.6963635793041
1750982400000,1009.6963635793041,1009.6963635793041,0,1009.6963635793041
1750986000000,1009.6963635793041,1009.6963635793041,0,1009.6963635793041
1750989600000,1009.6963635793041,1009.6963635793041,0,1009.6963635793041
1750993200000,1009.6963635793041,1009.6963635793041,0,1009.6963635793041
1750996800000,1009.6963635793041,1009.6963635793041,0,1009.6963635793041
1751000400000,1009.6963635793041,1009.6963635793041,0,1009.6963635793041
1751004000000,1009.6963635793041,1009.6963635793041,0,1009.6963635793041
1751007600000,1009.6963635793041,1009.6963635793041,0,1009.6963635793041
1751011200000,1009.6963635793041,1009.6963635793041,0,1009.6963635793041
1751014800000,1009.6963635793041,1009.6963635793041,0,1009.6963635793041
1751018400000,1009.6963635793041,1009.6963635793041,0,1009.6963635793041
1751022000000,1009.6963635793041,1009.6963635793041,0,1009.6963635793041
1751025600000,1009.6963635793041,1009.6963635793041,0,1009.6963635793041
1751029200000,1009.6963635793041,1009.6963635793041,0,1009.6963635793041
1751032800000,1009.6963635793041,1009.6963635793041,0,1009.6963635793041
1751036400000,1009.6963635793041,1009.6963635793041,0,1009.6963635793041
1751040000000,1009.6963635793041,1009.6963635793041,0,1009.6963635793041
1751043600000,1009.6963635793041,1009.6963635793041,0,1009.6963635793041
1751047200000,1009.6963635793041,1009.6963635793041,0,1009.6963635793041
1751050800000,1009.6963635793041,1009.6963635793041,0,1009.6963635793041
1751054400000,1009.6963635793041,1009.6963635793041,0,1009.6963635793041
1751058000000,1009.6963635793041,1009.6963635793041,0,1009.6963635793041
1751061600000,1009.6963635793041,1009.6963635793041,0,1009.6963635793041
1751065200000,1009.6963635793041,1009.6963635793041,0,1009.6963635793041
1751068800000,1009.6963635793041,1009.6963635793041,0,1009.6963635793041
1751072400000,1009.6963635793041,1009.6963635793041,0,1009.6963635793041
1751076000000,1009.6963635793041,1009.6963635793041,0,1009.6963635793041
1751079600000,1009.6963635793041,1009.6963635793041,0,1009.6963635793041
1751083200000,1009.6963635793041,1009.6963635793041,0,1009.6963635793041
1751086800000,1009.6963635793041,1009.6963635793041,0,1009.6963635793041
1751090400000,1009.6963635793041,1009.6963635793041,0,1009.6963635793041
1751094000000,1009.6963635793041,1009.6963635793041,0,1009.6963635793041
1751097600000,1009.6963635793041,1009.6963635793041,0,1009.6963635793041
1751101200000,1009.6963635793041,1009.6963635793041,0,1009.6963635793041
1751104800000,1009.6963635793041,1009.6963635793041,0,1009.6963635793041
1751108400000,1009.6963635793041,1009.6963635793041,0,1009.6963635793041
1751112000000,1009.6963635793041,1009.6963635793041,0,1009.6963635793041
1751115600000,1009.6963635793041,1009.6963635793041,0,1009.6963635793041
1751119200000,1009.6963635793041,1009.6963635793041,0,1009.6963635793041
1751122800000,1009.6963635793041,1009.6963635793041,0,1009.6963635793041
1751126400000,1009.6963635793041,1009.6963635793041,0,1009.6963635793041
1751130000000,1009.6963635793041,1009.6963635793041,0,1009.6963635793041
1751133600000,1009.6963635793041,1009.6963635793041,0,1009.6963635793041
1751137200000,1009.6963635793041,1009.6963635793041,0,1009.6963635793041
1751140800000,1009.6963635793041,1009.6963635793041,0,1009.6963635793041
1751144400000,1009.6963635793041,1009.6963635793041,0,1009.6963635793041
1751148000000,1009.6963635793041,1009.6963635793041,0,1009.6963635793041
1751151600000,1009.6963635793041,1009.6963635793041,0,1009.6963635793041
1751155200000,1009.6963635793041,1009.6963635793041,0,1009.6963635793041
1751158800000,1009.6963635793041,1009.6963635793041,0,1009.6963635793041
1751162400000,1009.6963635793041,1009.6963635793041,0,1009.6963635793041
1751166000000,1009.6963635793041,1009.6963635793041,0,1009.6963635793041
1751169600000,1009.6963635793041,1009.6963635793041,0,1009.6963635793041
1751173200000,1009.6963635793041,1009.6963635793041,0,1009.6963635793041
1751176800000,1009.6963635793041,1009.6963635793041,0,1009.6963635793041
1751180400000,1009.6963635793041,1009.6963635793041,0,1009.6963635793041
1751184000000,1009.6963635793041,1009.6963635793041,0,1009.6963635793041
1751187600000,1009.6963635793041,1009.6963635793041,0,1009.6963635793041
1751191200000,1009.6963635793041,1009.6963635793041,0,1009.6963635793041
1751194800000,1009.6963635793041,1009.6963635793041,0,1009.6963635793041
1751198400000,1009.6963635793041,1009.6963635793041,0,1009.6963635793041
1751202000000,1009.6963635793041,1009.6963635793041,0,1009.6963635793041
1751205600000,1009.6963635793041,1009.6963635793041,0,1009.6963635793041
1751209200000,1009.6963635793041,1009.6963635793041,0,1009.6963635793041
1751212800000,1009.6963635793041,1009.6963635793041,0,1009.6963635793041
1751216400000,1009.6963635793041,1009.6963635793041,0,1009.6963635793041
1751220000000,1009.6963635793041,1009.6963635793041,0,1009.6963635793041
1751223600000,1009.6963635793041,1009.6963635793041,0,1009.6963635793041
1751227200000,1009.6963635793041,1009.6963635793041,0,1009.6963635793041
1751230800000,1009.6963635793041,1009.6963635793041,0,1009.6963635793041
1751234400000,1009.6963635793041,1009.6963635793041,0,1009.6963635793041
1751238000000,1009.6963635793041,1009.6963635793041,0,1009.6963635793041
1751241600000,1009.6963635793041,1009.6963635793041,0,1009.6963635793041
1751245200000,1009.6963635793041,1009.6963635793041,0,1009.6963635793041
1751248800000,1009.6963635793041,1009.6963635793041,0,1009.6963635793041
1751252400000,1009.6963635793041,1009.6963635793041,0,1009.6963635793041
1751256000000,1009.6963635793041,1009.6963635793041,0,1009.6963635793041
1751259600000,1009.6963635793041,1009.6963635793041,0,1009.6963635793041
1751263200000,1009.6963635793041,1009.6963635793041,0,1009.6963635793041
1751266800000,1009.6963635793041,1009.6963635793041,0,1009.6963635793041
1751270400000,1009.6963635793041,1009.6963635793041,0,1009.6963635793041
1751274000000,1009.6963635793041,1009.6963635793041,0,1009.6963635793041
1751277600000,1009.6963635793041,1009.6963635793041,0,1009.6963635793041
1751281200000,1009.6963635793041,1009.6963635793041,0,1009.6963635793041
1751284800000,1009.6963635793041,1009.6963635793041,0,1009.6963635793041
1751288400000,1009.6963635793041,1009.6963635793041,0,1009.6963635793041
1751292000000,1009.6963635793041,1009.6963635793041,0,1009.6963635793041
1751295600000,1009.6963635793041,1009.6963635793041,0,1009.6963635793041
1751299200000,1009.6963635793041,1009.6963635793041,0,1009.6963635793041
1751302800000,1009.6963635793041,1009.6963635793041,0,1009.6963635793041
1751306400000,1009.6963635793041,1009.6963635793041,0,1009.6963635793041
1751310000000,1009.6963635793041,1009.6963635793041,0,1009.6963635793041
1751313600000,1009.6963635793041,1009.6963635793041,0,1009.6963635793041
1751317200000,1009.6963635793041,1009.6963635793041,0,1009.6963635793041
1751320800000,1009.6963635793041,1009.6963635793041,0,1009.6963635793041
1751324400000,1009.6963635793041,1009.6963635793041,0,1009.6963635793041
1751328000000,1009.6963635793041,1009.6963635793041,0,1009.6963635793041
1751331600000,1009.6963635793041,1009.6963635793041,0,1009.6963635793041
1751335200000,1009.6963635793041,1009.6963635793041,0,1009.6963635793041
1751338800000,1009.6963635793041,1009.6963635793041,0,1009.6963635793041
1751342400000,1009.6963635793041,1009.6963635793041,0,1009.6963635793041
1751346000000,1009.6963635793041,1009.6963635793041,0,1009.6963635793041
1751349600000,1009.6963635793041,1009.6963635793041,0,1009.6963635793041
1751353200000,1009.6963635793041,1009.6963635793041,0,1009.6963635793041
1751356800000,1009.6963635793041,1009.6963635793041,0,1009.6963635793041
1751360400000,1009.6963635793041,1009.6963635793041,0,1009.6963635793041
1751364000000,1009.6963635793041,1009.6963635793041,0,1009.6963635793041
1751367600000,1009.6963635793041,1009.6963635793041,0,1009.6963635793041
1751371200000,1009.6963635793041,1009.6963635793041,0,1009.6963635793041
1751374800000,1009.6963635793041,1009.6963635793041,0,1009.6963635793041
1751378400000,1009.6963635793041,1009.6963635793041,0,1009.6963635793041
1751382000000,1009.6963635793041,1009.6963635793041,0,1009.6963635793041
1751385600000,1009.6963635793041,1009.6963635793041,0,1009.6963635793041
1751389200000,1009.6963635793041,1009.6963635793041,0,1009.6963635793041
1751392800000,1009.6963635793041,1009.6963635793041,0,1009.6963635793041
1751396400000,1009.6963635793041,1009.6963635793041,0,1009.6963635793041
1751400000000,1009.6963635793041,1009.6963635793041,0,1009.6963635793041
1751403600000,1009.6963635793041,1009.6963635793041,0,1009.6963635793041
1751407200000,1009.6963635793041,1009.6963635793041,0,1009.6963635793041
1751410800000,1009.6963635793041,1009.6963635793041,0,1009.6963635793041
1751414400000,1009.6963635793041,1009.6963635793041,0,1009.6963635793041
1751418000000,1009.6963635793041,1009.6963635793041,0,1009.6963635793041
1751421600000,1009.6963635793041,1009.6963635793041,0,1009.6963635793041
1751425200000,1009.6963635793041,1009.6963635793041,0,1009.6963635793041
1751428800000,1009.6963635793041,1009.6963635793041,0,1009.6963635793041
1751432400000,1009.6963635793041,1009.6963635793041,0,1009.6963635793041
1751436000000,1009.6963635793041,1009.6963635793041,0,1009.6963635793041
1751439600000,1009.6963635793041,1009.6963635793041,0,1009.6963635793041
1751443200000,1009.6963635793041,1009.6963635793041,0,1009.6963635793041
1751446800000,1009.6963635793041,1009.6963635793041,0,1009.6963635793041
1751450400000,1009.6963635793041,1009.6963635793041,0,1009.6963635793041
1751454000000,1009.6963635793041,1009.6963635793041,0,1009.6963635793041
1751457600000,1009.6963635793041,1009.6963635793041,0,1009.6963635793041
1751461200000,1009.6963635793041,1009.6963635793041,0,1009.6963635793041
1751464800000,1009.6963635793041,1009.6963635793041,0,1009.6963635793041
1751468400000,1009.6963635793041,1009.6963635793041,0,1009.6963635793041
1751472000000,1009.6963635793041,1009.6963635793041,0,1009.6963635793041
1751475600000,1009.6963635793041,1009.6963635793041,0,1009.6963635793041
1751479200000,1009.6963635793041,1009.6963635793041,0,1009.6963635793041
1751482800000,1009.6963635793041,1009.6963635793041,0,1009.6963635793041
1751486400000,1009.6963635793041,1009.6963635793041,0,1009.6963635793041
1751490000000,1008.9603926692209,1008.9485820872136,1,1009.63095521224
1751493600000,1009.3299803768848,1008.9555014180866,1,1009.63095521224
1751497200000,1008.9639716334656,1008.9147012256976,1,1009.63095521224
1751500800000,1008.6113243565597,1008.4711482569777,1,1009.63095521224
1751504400000,1008.7062866277829,1008.4511064771395,1,1009.6246327953396
1751508000000,1008.7661746294766,1008.5574017152056,1,1009.6246327953396
1751511600000,1008.4577872103963,1008.2239615464126,1,1009.6246327953396
1751515200000,1008.3602007853256,1008.3365796213109,1,1009.6246327953396
1751518800000,1008.5316331726441,1008.2579617067369,1,1009.6246327953396
1751522400000,1009.190043294851,1008.5316331726441,1,1009.6246327953396
1751526000000,1009.3445352514115,1009.0821971722789,1,1009.6246327953396
1751529600000,1009.1239517551331,1008.9538316547042,1,1009.6246327953396
1751533200000,1008.5997900018714,1008.4583569743913,3,1009.5507552554641
1751536800000,1009.7744919478589,1008.4559528827656,3,1009.5507552554641
1751540400000,1009.0982044322324,1008.3655720663465,3,1009.5507552554641
1751544000000,1008.7025015101177,1008.1218061897046,3,1009.5507552554641
1751547600000,1007.1675427505286,1005.7580751125835,3,1009.5507552554641
1751551200000,1009.8813087229764,1006.715570052726,3,1009.5507552554641
1751554800000,1008.0684487999266,1007.5194468575165,3,1009.5507552554641
1751558400000,1005.3010296737102,1004.7425193664267,3,1009.5507552554641
1751562000000,1006.2043816076973,1004.8946036389132,3,1009.5330293777271
1751565600000,1006.7385487479709,1006.122763052153,3,1009.5330293777271
1751569200000,1007.4310394477002,1006.4456276879405,3,1009.5330293777271
1751572800000,1007.5232551524801,1007.1265010593182,3,1009.5330293777271
1751576400000,1008.2597049696193,1007.4683242493624,3,1009.5330293777271
1751580000000,1008.2107607717107,1007.6087298853417,3,1009.5330293777271
1751583600000,1008.3112305536886,1007.7587928947872,3,1009.5330293777271
1751587200000,1007.6855214958674,1007.437735434982,3,1009.5330293777271
1751590800000,1007.4630199145353,1007.0225098585556,3,1009.518843866856
1751594400000,1007.740062272461,1007.3327828042553,3,1009.518843866856
1751598000000,1006.0798127017226,1005.6481870150469,3,1009.518843866856
1751601600000,1006.348682177185,1005.7872384656401,3,1009.518843866856
1751605200000,1005.1263532586397,1005.0277494570996,3,1009.518843866856
1751608800000,1005.4640314466322,1004.8762923058731,3,1009.518843866856
1751612400000,1004.6672343337892,1004.0231613081271,3,1009.518843866856
1751616000000,1003.3455760270425,1002.866768765865,1,1004.5310322260581
1751619600000,1003.3975389003801,1003.0949971228993,1,1004.5245386833998
1751623200000,1003.6799191792828,1003.3975389003801,1,1004.5245386833998
1751626800000,1003.5634835425236,1003.514451732372,1,1004.5245386833998
1751630400000,1003.5553712235691,1003.5049078277195,1,1004.5245386833998
1751634000000,1003.367356301917,1003.2199029750375,1,1004.5245386833998
1751637600000,1002.4535274314505,1002.4443414232226,1,1004.5245386833998
1751641200000,1002.0657061415156,1001.8776720844869,0,1002.0657061415156
1751644800000,1002.0657061415156,1002.0657061415156,0,1002.0657061415156
1751648400000,1002.0657061415156,1002.0657061415156,0,1002.0657061415156
1751652000000,1002.0657061415156,1002.0657061415156,0,1002.0657061415156
1751655600000,1002.0657061415156,1002.0657061415156,0,1002.0657061415156
1751659200000,1002.0657061415156,1002.0657061415156,0,1002.0657061415156
1751662800000,1002.0657061415156,1002.0657061415156,0,1002.0657061415156
1751666400000,1002.0657061415156,1002.0657061415156,0,1002.0657061415156
1751670000000,1002.0657061415156,1002.0657061415156,0,1002.0657061415156
1751673600000,1002.0657061415156,1002.0657061415156,0,1002.0657061415156
1751677200000,1002.0657061415156,1002.0657061415156,0,1002.0657061415156
1751680800000,1002.0657061415156,1002.0657061415156,0,1002.0657061415156
1751684400000,1002.0657061415156,1002.0657061415156,0,1002.0657061415156
1751688000000,1002.0657061415156,1002.0657061415156,0,1002.0657061415156
1751691600000,1002.0657061415156,1002.0657061415156,0,1002.0657061415156
1751695200000,1002.0657061415156,1002.0657061415156,0,1002.0657061415156
1751698800000,1002.0657061415156,1002.0657061415156,0,1002.0657061415156
1751702400000,1002.0657061415156,1002.0657061415156,0,1002.0657061415156
1751706000000,1002.0657061415156,1002.0657061415156,0,1002.0657061415156
1751709600000,1002.0657061415156,1002.0657061415156,0,1002.0657061415156
1751713200000,1002.0657061415156,1002.0657061415156,0,1002.0657061415156
1751716800000,1002.0657061415156,1002.0657061415156,0,1002.0657061415156
1751720400000,1002.0657061415156,1002.0657061415156,0,1002.0657061415156
1751724000000,1002.0657061415156,1002.0657061415156,0,1002.0657061415156
1751727600000,1002.0657061415156,1002.0657061415156,0,1002.0657061415156
1751731200000,1002.0657061415156,1002.0657061415156,0,1002.0657061415156
1751734800000,1002.0657061415156,1002.0657061415156,0,1002.0657061415156
1751738400000,1002.0657061415156,1002.0657061415156,0,1002.0657061415156
1751742000000,1002.0657061415156,1002.0657061415156,0,1002.0657061415156
1751745600000,1002.0657061415156,1002.0657061415156,0,1002.0657061415156
1751749200000,1002.0657061415156,1002.0657061415156,0,1002.0657061415156
1751752800000,1002.0657061415156,1002.0657061415156,0,1002.0657061415156
1751756400000,1002.0657061415156,1002.0657061415156,0,1002.0657061415156
1751760000000,1002.0657061415156,1002.0657061415156,0,1002.0657061415156
1751763600000,1002.0657061415156,1002.0657061415156,0,1002.0657061415156
1751767200000,1002.0657061415156,1002.0657061415156,0,1002.0657061415156
1751770800000,1002.0657061415156,1002.0657061415156,0,1002.0657061415156
1751774400000,1002.0657061415156,1002.0657061415156,0,1002.0657061415156
1751778000000,1002.0657061415156,1002.0657061415156,0,1002.0657061415156
1751781600000,1002.0657061415156,1002.0657061415156,0,1002.0657061415156
1751785200000,1002.0657061415156,1002.0657061415156,0,1002.0657061415156
1751788800000,1002.0657061415156,1002.0657061415156,0,1002.0657061415156
1751792400000,1002.0657061415156,1002.0657061415156,0,1002.0657061415156
1751796000000,1002.0657061415156,1002.0657061415156,0,1002.0657061415156
1751799600000,1002.0657061415156,1002.0657061415156,0,1002.0657061415156
1751803200000,1002.0657061415156,1002.0657061415156,0,1002.0657061415156
1751806800000,1002.0657061415156,1002.0657061415156,0,1002.0657061415156
1751810400000,1002.0657061415156,1002.0657061415156,0,1002.0657061415156
1751814000000,1002.0657061415156,1002.0657061415156,0,1002.0657061415156
1751817600000,1002.0657061415156,1002.0657061415156,0,1002.0657061415156
1751821200000,1002.0657061415156,1002.0657061415156,0,1002.0657061415156
1751824800000,1002.0657061415156,1002.0657061415156,0,1002.0657061415156
1751828400000,1002.0657061415156,1002.0657061415156,0,1002.0657061415156
1751832000000,1002.0657061415156,1002.0657061415156,0,1002.0657061415156
1751835600000,1002.0657061415156,1002.0657061415156,0,1002.0657061415156
1751839200000,1002.0657061415156,1002.0657061415156,0,1002.0657061415156
1751842800000,1002.0657061415156,1002.0657061415156,0,1002.0657061415156
1751846400000,1002.0657061415156,1002.0657061415156,0,1002.0657061415156
1751850000000,1002.0657061415156,1002.0657061415156,0,1002.0657061415156
1751853600000,1002.0657061415156,1002.0657061415156,0,1002.0657061415156
1751857200000,1002.0657061415156,1002.0657061415156,0,1002.0657061415156
1751860800000,1002.0657061415156,1002.0657061415156,0,1002.0657061415156
1751864400000,1002.0657061415156,1002.0657061415156,0,1002.0657061415156
1751868000000,1002.0657061415156,1002.0657061415156,0,1002.0657061415156
1751871600000,1002.0657061415156,1002.0657061415156,0,1002.0657061415156
1751875200000,1002.0657061415156,1002.0657061415156,0,1002.0657061415156
1751878800000,1002.0657061415156,1002.0657061415156,0,1002.0657061415156
1751882400000,1002.0657061415156,1002.0657061415156,0,1002.0657061415156
1751886000000,1002.0657061415156,1002.0657061415156,0,1002.0657061415156
1751889600000,1002.0657061415156,1002.0657061415156,0,1002.0657061415156
1751893200000,1002.0657061415156,1002.0657061415156,0,1002.0657061415156
1751896800000,1002.0657061415156,1002.0657061415156,0,1002.0657061415156
1751900400000,1002.0657061415156,1002.0657061415156,0,1002.0657061415156
1751904000000,1002.0657061415156,1002.0657061415156,0,1002.0657061415156
1751907600000,1002.0657061415156,1002.0657061415156,0,1002.0657061415156
1751911200000,1002.0657061415156,1002.0657061415156,0,1002.0657061415156
1751914800000,1002.0657061415156,1002.0657061415156,0,1002.0657061415156
1751918400000,1002.0657061415156,1002.0657061415156,0,1002.0657061415156
1751922000000,1002.0657061415156,1002.0657061415156,0,1002.0657061415156
1751925600000,1002.0657061415156,1002.0657061415156,0,1002.0657061415156
1751929200000,1002.0657061415156,1002.0657061415156,0,1002.0657061415156
1751932800000,1002.0657061415156,1002.0657061415156,0,1002.0657061415156
1751936400000,1002.0657061415156,1002.0657061415156,0,1002.0657061415156
1751940000000,1002.0657061415156,1002.0657061415156,0,1002.0657061415156
1751943600000,1002.0657061415156,1002.0657061415156,0,1002.0657061415156
1751947200000,1002.0657061415156,1002.0657061415156,0,1002.0657061415156
1751950800000,1002.0657061415156,1002.0657061415156,0,1002.0657061415156
1751954400000,1002.0657061415156,1002.0657061415156,0,1002.0657061415156
1751958000000,1002.0657061415156,1002.0657061415156,0,1002.0657061415156
1751961600000,1002.0657061415156,1002.0657061415156,0,1002.0657061415156
1751965200000,1002.0657061415156,1002.0657061415156,0,1002.0657061415156
1751968800000,1002.0657061415156,1002.0657061415156,0,1002.0657061415156
1751972400000,1002.0657061415156,1002.0657061415156,0,1002.0657061415156
1751976000000,1002.0657061415156,1002.0657061415156,0,1002.0657061415156
1751979600000,1002.0657061415156,1002.0657061415156,0,1002.0657061415156
1751983200000,1002.0657061415156,1002.0657061415156,0,1002.0657061415156
1751986800000,1002.0657061415156,1002.0657061415156,0,1002.0657061415156
1751990400000,1002.0657061415156,1002.0657061415156,0,1002.0657061415156
1751994000000,1002.0657061415156,1002.0657061415156,0,1002.0657061415156
1751997600000,1002.0657061415156,1002.0657061415156,0,1002.0657061415156
1752001200000,1002.0657061415156,1002.0657061415156,0,1002.0657061415156
1752004800000,1002.0657061415156,1002.0657061415156,0,1002.0657061415156
1752008400000,1002.0657061415156,1002.0657061415156,0,1002.0657061415156
1752012000000,1002.0657061415156,1002.0657061415156,0,1002.0657061415156
1752015600000,1002.0657061415156,1002.0657061415156,0,1002.0657061415156
1752019200000,1002.0657061415156,1002.0657061415156,0,1002.0657061415156
1752022800000,1002.0657061415156,1002.0657061415156,0,1002.0657061415156
1752026400000,1002.0657061415156,1002.0657061415156,0,1002.0657061415156
1752030000000,1002.0657061415156,1002.0657061415156,0,1002.0657061415156
1752033600000,1002.0657061415156,1002.0657061415156,0,1002.0657061415156
1752037200000,1002.0657061415156,1002.0657061415156,0,1002.0657061415156
1752040800000,1002.0657061415156,1002.0657061415156,0,1002.0657061415156
1752044400000,1002.0657061415156,1002.0657061415156,0,1002.0657061415156
1752048000000,1002.0657061415156,1002.0657061415156,0,1002.0657061415156
1752051600000,1001.739764550111,1001.7160534458541,1,1002.0254511093041
1752055200000,1001.3983246488124,1001.3793557654069,1,1002.0254511093041
1752058800000,1001.3840979862583,1001.1849247105009,1,1002.0254511093041
1752062400000,1001.4504890781775,1001.2323469190145,1,1002.0254511093041
1752066000000,1001.9057422799088,1001.3698713237043,1,1002.0254511093041
1752069600000,1001.5832712620157,1001.483684624137,1,1002.0254511093041
1752073200000,1001.2939957900824,1000.8340003674996,1,1002.0254511093041
1752076800000,1001.3603868820014,1001.1280180602845,1,1002.0254511093041
1752080400000,1001.5386901180142,1001.2162191001211,1,1002.0188077321134
1752084000000,1001.1071480205396,1000.9459125115932,1,1002.0188077321134
1752087600000,1001.5576590014196,1000.9933347201068,1,1002.0188077321134
1752091200000,1002.6863075640453,1001.52446345546,1,1002.0188077321134
1752094800000,1000.5652909895092,999.7604240540747,3,1001.9493972847233
1752098400000,1001.8236783580722,1000.400391023838,3,1001.9493972847233
1752102000000,1002.9707727952724,1001.7313920717946,3,1001.9493972847233
1752105600000,1001.9760168497249,1001.8044045530568,3,1001.9493972847233
1752109200000,1000.9540673050392,1000.8821670659661,3,1001.9288019716507
1752112800000,1003.0414577349933,1000.9111280811596,3,1001.9288019716507
1752116400000,1003.353698989368,1002.7321460839589,3,1001.9288019716507
1752120000000,1002.9084571304362,1002.5930059177784,3,1001.9288019716507
1752123600000,1003.229121561617,1002.1351767183114,3,1001.9288019716507
1752127200000,1002.9520604036209,1002.3345050411414,3,1001.9288019716507
1752130800000,1003.5271627115468,1002.3234322828314,3,1001.9288019716507
1752134400000,1004.1473200253733,1003.197642598948,3,1001.9288019716507
1752138000000,1004.65513658476,1003.733553785272,3,1001.9129966968085
1752141600000,1003.9004834457766,1003.6505767083512,3,1001.9129966968085
1752145200000,1004.0561366375048,1002.9146778289231,3,1001.9129966968085
1752148800000,1003.9555190340982,1003.2630357833351,3,1001.9129966968085
1752152400000,1003.5826463169254,1002.9592987045389,3,1001.9129966968085
1752156000000,1003.2756806496016,1002.6858201225003,3,1001.9129966968085
1752159600000,1003.5861998775429,1001.923427297218,3,1001.9129966968085
1752163200000,1003.82695249999,1002.4754122383717,3,1001.9129966968085
1752166800000,1006.2728341605862,1003.5009851608144,3,1001.8983781105946
1752170400000,1008.2532112712306,1005.8622283253013,3,1001.8983781105946
1752174000000,1007.2297382079895,1006.2077975462615,3,1001.8983781105946
1752177600000,1007.8116160137068,1006.9363886515657,3,1001.8983781105946
1752181200000,1008.4437310374584,1007.4092153561231,3,1001.8983781105946
1752184800000,1015.4934002077325,1008.2387156079188,3,1001.8983781105946
1752188400000,1016.1868246630909,1014.3984175609021,3,1001.8983781105946
1752192000000,1015.3431891157674,1014.1481429134129,3,1001.8983781105946
1752195600000,1013.8981022926024,1012.3456243115888,3,1001.8764441650287
1752199200000,1016.0749483312493,1013.6534901697268,3,1001.8764441650287
1752202800000,1017.5490624660397,1015.652124894259,3,1001.8764441650287
1752206400000,1017.1550709113855,1016.360989150957,3,1001.8764441650287
1752210000000,1017.5877582378399,1015.6548892520744,3,1001.8764441650287
1752213600000,1018.841473104936,1017.3814992226622,3,1001.8764441650287
1752217200000,1017.3007422487258,1016.8737115508792,3,1001.8764441650287
1752220800000,1016.8106414762625,1015.7881158477489,3,1001.8764441650287
1752224400000,1018.2626576490827,1016.4803815919762,3,1001.854358109891
1752228000000,1019.9302252961062,1017.651075474067,3,1001.854358109891
1752231600000,1020.8252776758477,1018.9560020439009,3,1001.854358109891
1752235200000,1019.4431883444972,1018.1882892901997,3,1001.854358109891
1752238800000,1022.0514908177826,1018.8657962983227,3,1001.854358109891
1752242400000,1023.5398160583045,1020.7164522069263,2,1010.2539085627429
1752246000000,1023.479587285098,1022.5503126315389,2,1010.2539085627429
1752249600000,1021.2333111576335,1020.5975176107986,2,1010.2539085627429
1752253200000,1021.5574580408999,1019.6780825139762,3,1010.2146327023141
1752256800000,1023.4109288581778,1021.2179390092865,3,1010.2146327023141
1752260400000,1023.9785815303751,1022.687708940705,3,1010.2146327023141
1752264000000,1024.425390644561,1022.393261176729,3,1010.2146327023141
1752267600000,1021.1466870213393,1021.016673941254,3,1010.2146327023141
1752271200000,1019.8550237850683,1018.9083419599963,3,1010.2146327023141
1752274800000,1018.1646522954592,1015.7957196602684,3,1010.2146327023141
1752278400000,1018.8278128320488,1017.9382969184437,3,1010.2146327023141
1752282000000,1018.061401566781,1016.2970121711544,3,1010.1975170885488
1752285600000,1020.3227276211301,1018.0544114605681,3,1010.1975170885488
1752289200000,1020.2989647450584,1020.0729895856682,3,1010.1975170885488
1752292800000,1020.5285817239072,1019.7941885929471,3,1010.1975170885488
1752296400000,1018.8675083466363,1018.3247539509484,3,1010.1975170885488
1752300000000,1018.7756890480239,1017.7461058064301,3,1010.1975170885488
1752303600000,1019.3070110065236,1017.9754072899345,3,1010.1975170885488
1752307200000,1019.0555816786025,1018.5983887676458,3,1010.1975170885488
1752310800000,1019.2489039474332,1018.3969063469723,3,1010.1806485732385
1752314400000,1020.7894581006718,1018.9088688121992,3,1010.1806485732385
1752318000000,1020.7465813036813,1019.8405959068652,3,1010.1806485732385
1752321600000,1019.5755517045893,1019.3806422159654,3,1010.1806485732385
1752325200000,1017.6524454043774,1015.7080313901248,3,1010.1806485732385
1752328800000,1017.2979024327652,1015.3233182287671,3,1010.1806485732385
1752332400000,1016.2197876191569,1015.921876304215,3,1010.1806485732385
1752336000000,1014.7105073787429,1013.4879475641932,1,1010.9547999021169
1752339600000,1014.9224984949175,1014.5699974244644,1,1010.9503473723404
1752343200000,1015.332418294977,1014.8351221672556,1,1010.9503473723404
1752346800000,1015.3648723595371,1015.1911182908152,1,1010.9503473723404
1752350400000,1015.3274253619677,1015.166153625769,1,1010.9503473723404
1752354000000,1014.7247783477512,1014.7202847080429,1,1010.9503473723404
1752357600000,1015.2834875514864,1014.6738504310568,1,1010.9503473723404
1752361200000,1015.2457909072665,1014.9347311807902,1,1010.9503473723404
1752364800000,1015.3810993918172,1015.0578069794682,1,1010.9503473723404
1752368400000,1015.4167460120457,1015.2035477725507,1,1010.9472987617472
1752372000000,1015.531333824608,1015.2659594351663,1,1010.9472987617472
1752375600000,1015.6484181036749,1015.2572218024002,1,1010.9472987617472
1752379200000,1015.6751302952744,1015.5058698662608,1,1010.9472987617472
1752382800000,1015.7635052095382,1015.58101350805,1,1010.9472987617472
1752386400000,1015.5625396559158,1015.5338302911126,1,1010.9472987617472
1752390000000,1015.7902174011376,1015.5360771109667,1,1010.9472987617472
1752393600000,1015.8671085694801,1015.7058368332813,1,1010.9472987617472
1752397200000,1015.6953388801735,1015.5839964740672,1,1010.9440405615028
1752400800000,1015.5398090169354,1015.4042508857342,1,1010.9440405615028
1752404400000,1015.5173408183937,1015.4309630773337,1,1010.9440405615028
1752408000000,1015.9102846462217,1015.5173408183937,1,1010.9440405615028
1752411600000,1016.4517682310749,1015.7742272217197,1,1010.9440405615028
1752415200000,1016.531655159223,1016.1314715785314,1,1010.9440405615028
1752418800000,1016.4817258291304,1016.2158521463879,1,1010.9440405615028
1752422400000,1016.6008072814011,1016.3891069218088,1,1010.9440405615028
1752426000000,1016.1505565445948,1016.0906413484839,1,1010.9386601558208
1752429600000,1016.5874381829043,1015.8365010583129,1,1010.9386601558208
1752433200000,1016.6398639795013,1016.4646120308768,1,1010.9386601558208
1752436800000,1016.5190350006775,1016.472850370342,1,1010.9386601558208
1752440400000,1016.5851913630501,1016.2886111423005,1,1010.9386601558208
1752444000000,1015.9133922266554,1015.0730816011985,1,1010.9386601558208
1752447600000,1015.7546169569613,1015.4318238379133,1,1010.9386601558208
1752451200000,1016.0809051291158,1015.6238021121189,1,1010.9386601558208
1752454800000,1016.1695385421266,1015.9710694550089,1,1010.937920067966
1752458400000,1016.1430759971776,1015.857230582398,1,1010.937920067966
1752462000000,1016.8086339673107,1016.0891523206777,1,1010.937920067966
1752465600000,1017.7278329343137,1016.7075270738734,1,1010.937920067966
1752469200000,1018.8998701206415,1017.3154170306136,3,1010.8926934400861
1752472800000,1017.3565296614942,1015.7929706053566,3,1010.8926934400861
1752476400000,1016.5215065010838,1016.0309835670015,3,1010.8926934400861
1752480000000,1017.9643352352276,1016.4292734523219,3,1010.8926934400861
1752483600000,1017.2407322510146,1016.0255003060936,3,1010.8760403819987
1752487200000,1017.469990466357,1016.8036319382453,3,1010.8760403819987
1752490800000,1018.7916967280344,1016.3859730239234,3,1010.8760403819987
1752494400000,1017.7639331687892,1017.3921645809877,3,1010.8760403819987
1752498000000,1018.1242551742181,1017.121935118221,3,1010.8760403819987
1752501600000,1018.3585637183401,1016.7112401368393,3,1010.8760403819987
1752505200000,1016.7716308838135,1015.6517948038927,3,1010.8760403819987
1752508800000,1015.1154424357201,1013.7684178788718,3,1010.8760403819987
1752512400000,1016.019361755919,1014.2240210751572,3,1010.859668222582
1752516000000,1014.8026230671234,1014.2729633962192,3,1010.859668222582
1752519600000,1013.3172325087742,1013.0099217753311,3,1010.859668222582
1752523200000,1013.5726593703367,1012.8554950149223,3,1010.859668222582
1752526800000,1013.9083484744034,1012.1546136626607,3,1010.859668222582
1752530400000,1014.0501874668051,1013.129178857031,3,1010.859668222582
1752534000000,1014.1319650397362,1012.9975365795307,3,1010.859668222582
1752537600000,1013.9343963880314,1013.3855111978859,3,1010.859668222582
1752541200000,1012.6709120142955,1012.4296619093151,3,1010.8463207023976
1752544800000,1011.9135619989618,1010.9889316182497,2,1008.3223295964455
1752548400000,1011.4706366221625,1010.5869770085208,2,1008.3223295964455
1752552000000,1010.4591724152109,1009.4430347093879,1,1005.8029894703665
1752555600000,1010.8673446887171,1010.0177971371932,1,1005.8029894703665
1752559200000,1011.022125612004,1010.7247964513031,1,1005.8029894703665
1752562800000,1011.3024788004733,1010.911532145849,1,1005.8029894703665
1752566400000,1011.0945231406381,1010.9811835613281,1,1005.8029894703665
1752570000000,1011.0116994941174,1010.6289911789584,1,1005.7955591122854
1752573600000,1010.9697588568397,1010.8966123882541,1,1005.7955591122854
1752577200000,1011.0059576211567,1010.8294574392797,1,1005.7955591122854
1752580800000,1011.1824578030337,1010.6916524882243,1,1005.7955591122854
1752584400000,1011.6622786652227,1010.8389440119972,1,1005.7955591122854
1752588000000,1012.9387219890376,1011.6475495128454,1,1005.7955591122854
1752591600000,1011.1008233483325,1010.8232162730181,1,1005.7955591122854
1752595200000,1012.6511290477048,1010.8354489588908,1,1005.7955591122854
1752598800000,1012.8647292432718,1012.4945032606358,1,1005.7879723755426
1752602400000,1014.0767637312673,1012.560409976358,1,1005.7879723755426
1752606000000,1013.3058548746391,1012.6937212877049,1,1005.7879723755426
1752609600000,1012.6902262345984,1012.5019926601498,1,1005.7879723755426
1752613200000,1012.6949695209572,1012.4031325865665,1,1005.7879723755426
1752616800000,1013.6795759103815,1012.6744984956193,1,1005.7879723755426
1752620400000,1014.0001222095754,1013.3507912717223,1,1005.7879723755426
1752624000000,1014.1922682032276,1014.0001222095754,0,1014.1922682032276
1752627600000,1014.2307677808019,1013.7737590683626,1,1014.163627032057
1752631200000,1014.1807596389456,1014.0133966240465,1,1014.163627032057
1752634800000,1013.7390818897029,1013.5792018449358,1,1014.163627032057
1752638400000,1013.7350666374371,1013.5069273041506,1,1014.163627032057
1752642000000,1013.9675862459227,1013.4525388870951,1,1014.163627032057
1752645600000,1014.2243798794699,1013.9606508101908,1,1014.163627032057
1752649200000,1014.6279127321869,1014.0303701904431,1,1014.163627032057
1752652800000,1014.5649462761999,1014.4346330890266,1,1014.163627032057
1752656400000,1014.61502588758,1014.4952983654713,1,1014.1578581346486
1752660000000,1014.5768809910545,1014.311874341509,1,1014.1578581346486
1752663600000,1014.2478128167221,1014.2416074268567,1,1014.1578581346486
1752667200000,1014.3648026668315,1014.2388697548573,1,1014.1578581346486
1752670800000,1014.6188586283793,1014.2983684929784,1,1014.1578581346486
1752674400000,1015.1767961818646,1014.5095342598684,1,1014.1578581346486
1752678000000,1016.2045182504534,1014.8754697504598,1,1014.1578581346486
1752681600000,1016.0712848798141,1015.3877794372878,1,1014.1578581346486
1752685200000,1016.8142098504849,1015.8861390426756,1,1014.1519385577399
1752688800000,1017.392953711166,1016.5928234414637,1,1014.1519385577399
1752692400000,1017.7410030780278,1017.3356451106445,1,1014.1519385577399
1752696000000,1018.6044648266503,1017.7220218854984,1,1014.1519385577399
1752699600000,1018.541428134367,1018.0279008077827,3,1014.1037657532956
1752703200000,1018.7176691218533,1017.53377819276,3,1014.1037657532956
1752706800000,1017.3713620170048,1016.8467912669926,3,1014.1037657532956
1752710400000,1017.2140889808871,1016.3619131865079,3,1014.1037657532956
1752714000000,1017.4239752226654,1017.0163955890835,3,1014.0880905325702
1752717600000,1015.5084858410532,1014.2060604216873,3,1014.0880905325702
1752721200000,1016.1930207496275,1015.2583733866273,3,1014.0880905325702
1752724800000,1015.0984835610386,1014.1249539995835,3,1014.0880905325702
1752728400000,1016.0982832446074,1014.6376439348985,3,1014.0880905325702
1752732000000,1017.6048076606294,1015.435798429923,3,1014.0880905325702
1752735600000,1019.6191410830459,1017.0206070003162,3,1014.0880905325702
1752739200000,1019.8290450513565,1018.0781356157958,3,1014.0880905325702
1752742800000,1020.3857623619523,1019.0107303518781,3,1014.0721542072507
1752746400000,1022.0425060015825,1020.0323206530035,3,1014.0721542072507
1752750000000,1021.462295401186,1020.7421190582962,3,1014.0721542072507
1752753600000,1020.6052093350384,1020.1343401794568,3,1014.0721542072507
1752757200000,1021.4477121947485,1019.4440251200131,3,1014.0721542072507
1752760800000,1019.9979171743394,1017.7060324480018,3,1014.0721542072507
1752764400000,1021.120774885418,1019.7452329334795,3,1014.0721542072507
1752768000000,1021.3467213703728,1019.3378682597767,3,1014.0721542072507
1752771600000,1020.5345725227829,1018.781029363357,3,1014.056065525523
1752775200000,1021.3940740187193,1019.31954841911,3,1014.056065525523
1752778800000,1021.6924297242817,1020.7902172976795,3,1014.056065525523
1752782400000,1020.8063586058067,1020.5316511156545,3,1014.056065525523
1752786000000,1020.9196918351463,1018.8278925179756,3,1014.056065525523
1752789600000,1022.5480092405081,1020.2513068864652,3,1014.056065525523
1752793200000,1024.0299059660053,1021.9415840310519,3,1014.056065525523
1752796800000,1024.7457020401748,1023.4622719947251,3,1014.056065525523
1752800400000,1027.775889810722,1023.7563763244266,3,1014.039634226516
1752804000000,1030.1626925260398,1027.1812774350074,2,1022.6073947073492
1752807600000,1029.9928770055303,1029.1842536678166,2,1022.6073947073492
1752811200000,1032.4123595473295,1029.6105494105404,2,1022.6073947073492
1752814800000,1032.6305335432178,1030.906302087656,3,1022.589857499527
1752818400000,1034.6691960127916,1032.0074203342833,3,1022.589857499527
1752822000000,1034.0913172022686,1032.6097034973402,3,1022.589857499527
1752825600000,1031.503556893695,1031.3005413438743,3,1022.589857499527
1752829200000,1032.145225635989,1030.8846326946218,3,1022.5758234549363
1752832800000,1033.6188312622085,1030.9637230784078,3,1022.5758234549363
1752836400000,1032.875362362234,1031.1280477760392,3,1022.5758234549363
1752840000000,1031.3921908664397,1030.4451486943933,3,1022.5758234549363
1752843600000,1033.2730502188533,1030.8549794522237,3,1022.5758234549363
1752847200000,1031.0211330570335,1029.4709211326515,3,1022.5758234549363
1752850800000,1028.7269965885027,1027.1827229865048,3,1022.5758234549363
1752854400000,1026.6044306090694,1024.9416463878665,3,1022.5758234549363
1752858000000,1027.710082280028,1026.1657188741722,3,1022.5622783478077
1752861600000,1027.7113711776037,1026.69529640557,3,1022.5622783478077
1752865200000,1025.775612574014,1025.609574227627,2,1024.9150905205627
1752868800000,1025.4038370759095,1024.8934529880871,2,1024.9150905205627
1752872400000,1023.5909581699962,1023.4462424201757,0,1023.5909581699962
1752876000000,1023.5909581699962,1023.5909581699962,0,1023.5909581699962
1752879600000,1023.5909581699962,1023.5909581699962,0,1023.5909581699962
1752883200000,1023.5909581699962,1023.5909581699962,0,1023.5909581699962
1752886800000,1023.5909581699962,1023.5909581699962,0,1023.5909581699962
1752890400000,1023.5909581699962,1023.5909581699962,0,1023.5909581699962
1752894000000,1023.5909581699962,1023.5909581699962,0,1023.5909581699962
1752897600000,1023.5909581699962,1023.5909581699962,0,1023.5909581699962
1752901200000,1023.5909581699962,1023.5909581699962,0,1023.5909581699962
1752904800000,1023.5909581699962,1023.5909581699962,0,1023.5909581699962
1752908400000,1023.5909581699962,1023.5909581699962,0,1023.5909581699962
1752912000000,1023.5909581699962,1023.5909581699962,0,1023.5909581699962
1752915600000,1023.5909581699962,1023.5909581699962,0,1023.5909581699962
1752919200000,1023.5909581699962,1023.5909581699962,0,1023.5909581699962
1752922800000,1023.5909581699962,1023.5909581699962,0,1023.5909581699962
1752926400000,1023.5909581699962,1023.5909581699962,0,1023.5909581699962
1752930000000,1023.5909581699962,1023.5909581699962,0,1023.5909581699962
1752933600000,1023.5909581699962,1023.5909581699962,0,1023.5909581699962
1752937200000,1023.5909581699962,1023.5909581699962,0,1023.5909581699962
1752940800000,1023.5909581699962,1023.5909581699962,0,1023.5909581699962
1752944400000,1023.5909581699962,1023.5909581699962,0,1023.5909581699962
1752948000000,1023.5909581699962,1023.5909581699962,0,1023.5909581699962
1752951600000,1023.5909581699962,1023.5909581699962,0,1023.5909581699962
1752955200000,1023.5909581699962,1023.5909581699962,0,1023.5909581699962
1752958800000,1023.1965987196634,1023.1591823628826,1,1023.5747361923792
1752962400000,1023.5304677493993,1022.5087133911555,1,1023.5747361923792
1752966000000,1023.8154076971913,1023.21962416999,1,1023.5747361923792
1752969600000,1023.7089149894307,1023.5333459306902,1,1023.5747361923792
1752973200000,1023.5559918719326,1023.3199810060848,1,1023.5714785020042
1752976800000,1023.1530464912167,1023.1386555847627,1,1023.5714785020042
1752980400000,1023.3142246435032,1022.9602083447313,1,1023.5714785020042
1752984000000,1023.5185755151518,1023.23363556736,1,1023.5714785020042
1752987600000,1023.8898609016686,1023.466768251917,1,1023.5714785020042
1752991200000,1024.6612134876104,1023.5818955035501,1,1023.5714785020042
1752994800000,1024.618040768248,1024.2669026507672,1,1023.5714785020042
1752998400000,1024.969178885729,1024.436715346926,1,1023.5714785020042
1753002000000,1025.4176690042107,1024.8190072957184,1,1023.568094157826
1753005600000,1025.078043611893,1025.0435054364032,1,1023.568094157826
1753009200000,1025.1154599686738,1024.8967181905707,1,1023.568094157826
1753012800000,1024.577240067289,1024.4275746401659,1,1023.568094157826
1753016400000,1024.4651514915522,1023.9604578267601,2,1023.5471946316793
1753020000000,1025.1843571975937,1024.225643148991,2,1023.5471946316793
1753023600000,1025.262207570568,1024.4542057575156,2,1023.5471946316793
1753027200000,1025.4958291510652,1024.4485191339952,2,1023.5471946316793
1753030800000,1025.495556135619,1024.6678165162673,3,1023.514154090459
1753034400000,1024.9801341049317,1024.0748533921999,3,1023.514154090459
1753038000000,1024.8941907996448,1023.953984385474,3,1023.514154090459
1753041600000,1024.753650398763,1024.3240013309821,3,1023.514154090459
1753045200000,1024.294838543922,1024.0068151057596,3,1023.514154090459
1753048800000,1024.4003373188957,1023.1071191282238,3,1023.514154090459
1753052400000,1024.4078983475117,1021.6530469756733,3,1023.514154090459
1753056000000,1024.0932911707196,1023.7404301214858,3,1023.514154090459
1753059600000,1023.9582483815906,1022.2529538133505,3,1023.5015886483841
1753063200000,1022.8286437973514,1021.3811153450955,3,1023.5015886483841
1753066800000,1023.2592466714386,1022.3413754096897,3,1023.5015886483841
1753070400000,1023.6698864361249,1022.9680515864109,3,1023.5015886483841
1753074000000,1022.6849709474146,1022.4237315690203,3,1023.5015886483841
1753077600000,1023.2002639692591,1022.2361645155393,2,1020.9632708430681
1753081200000,1024.0506971628947,1023.1506632875967,2,1020.9632708430681
1753084800000,1024.011920171912,1023.7299281444718,2,1020.9632708430681
1753088400000,1024.0549612488614,1023.6733403450913,2,1020.9555423865708
1753092000000,1023.4137719073203,1023.0860079354709,2,1020.9555423865708
1753095600000,1024.3195628677136,1022.865766045044,2,1020.9555423865708
1753099200000,1023.8639726325179,1023.8215761214652,2,1020.9555423865708
1753102800000,1023.6618952280936,1022.6526559330209,3,1020.914339702644
1753106400000,1024.4134068844185,1022.3201637798466,3,1020.914339702644
1753110000000,1025.0446232117886,1023.6908359060556,3,1020.914339702644
1753113600000,1023.8969093925764,1023.431314720807,3,1020.914339702644
1753117200000,1021.7685818968098,1020.6184258304817,3,1020.8966635872845
1753120800000,1022.0619711200253,1021.2865808945652,3,1020.8966635872845
1753124400000,1020.6055458672179,1020.3896577417709,3,1020.8966635872845
1753128000000,1020.0237276531911,1019.4626752112582,3,1020.8966635872845
1753131600000,1020.0619268997486,1019.5439307004516,3,1020.8966635872845
1753135200000,1020.8959466563531,1019.6246743573536,3,1020.8966635872845
1753138800000,1021.5288114978339,1020.6801255704011,3,1020.8966635872845
1753142400000,1021.5567650880063,1020.9646261245288,3,1020.8966635872845
1753146000000,1020.63563789849,1020.4444803135465,3,1020.8891388908518
1753149600000,1022.9991486786215,1018.2825264407668,3,1020.8891388908518
1753153200000,1021.6527369015529,1021.2068492353844,3,1020.8891388908518
1753156800000,1021.0988805766594,1019.5703460433241,3,1020.8891388908518
1753160400000,1017.6484598193799,1017.4277059201665,2,1018.3706834529572
1753164000000,1018.5237763496099,1017.6060284387968,2,1018.3706834529572
1753167600000,1018.546766930406,1018.1076695746457,2,1018.3706834529572
1753171200000,1018.3908653234006,1018.1917735622676,2,1018.3706834529572
1753174800000,1017.5799053365635,1016.6642070944357,2,1018.3632598117316
1753178400000,1017.6609219257116,1016.7505525331607,2,1018.3632598117316
1753182000000,1018.605637711335,1017.5373344778584,2,1018.3632598117316
1753185600000,1018.8195213785226,1018.2320669255454,2,1018.3632598117316
1753189200000,1018.6845955531584,1018.3172783820163,2,1018.3632598117316
1753192800000,1017.5226820499257,1017.3883232156883,2,1018.3632598117316
1753196400000,1019.1613798658175,1016.9443503142475,2,1018.3632598117316
1753200000000,1019.1506956532595,1018.7424646486234,2,1018.3632598117316
1753203600000,1019.3408019146676,1018.8795424907164,2,1018.3557569895651
1753207200000,1019.8465416653736,1018.8639478629476,2,1018.3557569895651
1753210800000,1019.981328012616,1019.4663685696316,2,1018.3557569895651
1753214400000,1018.8113378779983,1018.580725600788,2,1018.3557569895651
1753218000000,1019.6350305712851,1018.4719042680981,2,1018.3557569895651
1753221600000,1020.200357825602,1019.3713279266129,2,1018.3557569895651
1753225200000,1019.9939921547983,1019.904131804595,2,1018.3557569895651
1753228800000,1020.9341810900459,1019.8955146954876,2,1018.3557569895651
1753232400000,1021.1684454053805,1019.9683706197476,3,1018.317225814271
1753236000000,1021.9640210727329,1020.377625708648,3,1018.317225814271
1753239600000,1021.6765151433152,1020.2605071408686,3,1018.317225814271
1753243200000,1021.3703773964967,1020.6520379099802,3,1018.317225814271
1753246800000,1022.0417695623381,1020.8921408179572,3,1018.317225814271
1753250400000,1021.0435370649138,1020.8967338305807,3,1018.317225814271
1753254000000,1020.1873202301775,1019.7711434203828,3,1018.317225814271
1753257600000,1019.7348755210378,1018.9395593279567,3,1018.317225814271
1753261200000,1019.9177378893705,1019.0982304696867,3,1018.2947836475248
1753264800000,1018.866848424683,1018.6539731133103,3,1018.2947836475248
1753268400000,1019.7230490365575,1017.994291458181,3,1018.2947836475248
1753272000000,1020.123579512096,1018.8609021407771,3,1018.2947836475248
1753275600000,1017.7817208456961,1017.3641438336865,3,1018.2947836475248
1753279200000,1015.0918821676266,1013.1840296077339,2,1015.7542400735032
1753282800000,1016.1639978803998,1014.7902452910442,2,1015.7542400735032
1753286400000,1016.0671648867273,1015.1211567076939,2,1015.7542400735032
1753290000000,1013.9466560280604,1013.9147813179867,2,1015.7489710832956
1753293600000,1014.5109235384006,1013.0917517811931,2,1015.7489710832956
1753297200000,1015.0875266430678,1014.193408880628,2,1015.7489710832956
1753300800000,1014.2574288689334,1014.1714768676229,2,1015.7489710832956
1753304400000,1012.6853126651855,1012.199586319573,1,1013.2275064714785
1753308000000,1012.8723944490893,1012.0981636818567,1,1013.2275064714785
1753311600000,1013.0306944200848,1012.7025817529304,1,1013.2275064714785
1753315200000,1013.0364507826664,1012.9903998820132,1,1013.2275064714785
1753318800000,1013.5944717747531,1012.8490228204287,1,1013.2242821118538
1753322400000,1013.677939032187,1013.3296790959969,1,1013.2242821118538
1753326000000,1013.5052481547375,1013.3440700024512,1,1013.2242821118538
1753329600000,1013.2980191017979,1013.2692372888896,1,1013.2242821118538
1753333200000,1012.8087282823572,1012.7137482997599,1,1013.2242821118538
1753336800000,1012.0402538777063,1011.9539084389813,1,1013.2242821118538
1753340400000,1011.8301466434758,1011.4646176195407,1,1013.2242821118538
1753344000000,1012.7166264810508,1011.4387139879233,1,1013.2242821118538
1753347600000,1013.4358560816609,1012.566645331831,1,1013.2210882084662
1753351200000,1013.5365924268398,1013.2372615725938,1,1013.2210882084662
1753354800000,1013.3351197364818,1012.9868598002918,1,1013.2210882084662
1753358400000,1013.4962978887683,1013.2545306603387,1,1013.2210882084662
1753362000000,1013.116377958379,1013.0271543383634,1,1013.2210882084662
1753365600000,1012.914905268021,1012.8746107299495,1,1013.2210882084662
1753369200000,1013.8215323746317,1012.6904071273365,1,1013.2210882084662
1753372800000,1013.4387342629517,1013.3408760990635,1,1013.2210882084662
1753376400000,1013.0440357665087,1012.756217637426,1,1013.2178223675758
1753380000000,1013.4441029659338,1012.9605685090747,1,1013.2178223675758
1753383600000,1013.4153211530255,1013.25702118203,1,1013.2178223675758
1753387200000,1013.3433666207548,1013.2915593575199,1,1013.2178223675758
1753390800000,1013.7261647324348,1013.2973157201016,1,1013.2178223675758
1753394400000,1013.2915593575199,1013.1706757433051,1,1013.2178223675758
1753398000000,1013.3203411704282,1013.0929648484528,1,1013.2178223675758
1753401600000,1013.0785739419986,1012.9605685090747,1,1013.2178223675758
1753405200000,1012.6839117486344,1012.4853172395673,1,1013.2145928297641
1753408800000,1012.8479680822117,1012.3529209001894,1,1013.2145928297641
1753412400000,1012.2752100053369,1012.1313009407955,1,1013.2145928297641
1753416000000,1012.2320372859746,1011.8981682562385,1,1013.2145928297641
1753419600000,1012.6781553860528,1011.9528537007643,1,1013.2145928297641
1753423200000,1012.4709263331132,1012.4047281634242,1,1013.2145928297641
1753426800000,1012.8767498951199,1012.2665754614644,1,1013.2145928297641
1753430400000,1012.758744462196,1012.4680481518224,1,1013.2145928297641
1753434000000,1013.0606321970436,1012.669199541491,1,1013.211393347784
1753437600000,1013.7283702565155,1012.9915558460636,1,1013.211393347784
1753441200000,1013.8262284204037,1013.6995884436072,1,1013.211393347784
1753444800000,1014.0564829236698,1013.8175938765312,1,1013.211393347784
1753448400000,1013.8233502391129,1013.7485175255513,1,1013.211393347784
1753452000000,1013.938477490746,1013.5412884726118,1,1013.211393347784
1753455600000,1012.8246213311957,1012.8131086060324,1,1013.211393347784
1753459200000,1012.5828541027662,1012.2518632543209,1,1013.211393347784
1753462800000,1012.8559788285411,1012.2256571258498,1,1013.2082126696395
1753466400000,1012.7926588401428,1012.6775315885097,1,1013.2082126696395
1753470000000,1012.7869024775613,1012.6890443136731,1,1013.2082126696395
1753473600000,1012.7494861207805,1012.6861661323823,1,1013.2082126696395
1753477200000,1013.2301423963487,1012.6775315885099,1,1013.2082126696395
1753480800000,1013.4287369054158,1013.2272642150579,1,1013.2082126696395
1753484400000,1013.4719096247782,1013.391320548635,1,1013.2082126696395
1753488000000,1013.5064478002681,1013.3625387357267,1,1013.2082126696395
1753491600000,1013.3477517915269,1013.229746358603,1,1013.204938450603
1753495200000,1013.0397863934083,1013.0253954869542,1,1013.204938450603
1753498800000,1013.3218481599095,1013.0311518495358,1,1013.204938450603
1753502400000,1013.3448736102362,1013.1405227385873,1,1013.204938450603
1753506000000,1013.413949961216,1013.3218481599096,1,1013.204938450603
1753509600000,1013.4110717799251,1013.2355027211846,1,1013.204938450603
1753513200000,1013.3160917973279,1013.2757972592563,1,1013.204938450603
1753516800000,1013.330482703782,1013.2700408966747,1,1013.204938450603
1753520400000,1013.5315766254821,1013.3243475725425,1,1013.2016815006543
1753524000000,1013.5632366196812,1013.4538657306298,1,1013.2016815006543
1753527600000,1013.5085511751555,1013.4970384499921,1,1013.2016815006543
1753531200000,1013.4567439119205,1013.4020584673949,1,1013.2016815006543
1753534800000,1013.5171857190279,1013.3531293854509,1,1013.2016815006543
1753538400000,1013.6351911519519,1013.4567439119205,1,1013.2016815006543
1753542000000,1013.4222057364307,1013.416449373849,1,1013.2016815006543
1753545600000,1013.5114293564463,1013.2869312157618,1,1013.2016815006543
1753549200000,1013.5110318976268,1013.3815137395397,1,1013.1984058605441
1753552800000,1013.6232809679691,1013.3498537453405,1,1013.1984058605441
1753556400000,1013.8765609215619,1013.5426918918259,1,1013.1984058605441
1753560000000,1013.8132409331638,1013.7297736757297,1,1013.1984058605441
1753563600000,1013.7153827692756,1013.6549409621683,1,1013.1984058605441
1753567200000,1013.7499209447656,1013.5599609795709,1,1013.1984058605441
1753570800000,1013.7211391318573,1013.6290373305508,1,1013.1984058605441
1753574400000,1013.5398137105351,1013.5110318976268,1,1013.1984058605441
1753578000000,1013.5480478993901,1013.4501897355019,1,1013.1951273242357
1753581600000,1013.7466424084572,1013.4789715484102,1,1013.1951273242357
1753585200000,1013.9049423794527,1013.666053332314,1,1013.1951273242357
1753588800000,1013.7264951394214,1013.6919569639315,1,1013.1951273242357
1753592400000,1013.8013278529829,1013.6833224200591,1,1013.1951273242357
1753596000000,1013.8214751220187,1013.766789677493,1,1013.1951273242357
1753599600000,1013.9711405491418,1013.7236169581305,1,1013.1951273242357
1753603200000,1013.6286369755333,1013.5710733497167,1,1013.1951273242357
1753606800000,1013.2655762546186,1013.2339162604195,1,1013.1918392646745
1753610400000,1013.1705962720213,1013.0986417397506,1,1013.1918392646745
1753614000000,1013.392216231415,1013.1590835468579,1,1013.1918392646745
1753617600000,1013.3145053365627,1013.225281716547,1,1013.1918392646745
1753621200000,1013.475683488849,1013.1993780849295,1,1013.1918392646745
1753624800000,1013.3720689623792,1013.3547998746343,1,1013.1918392646745
1753628400000,1013.2972362488177,1013.1849871784755,1,1013.1918392646745
1753632000000,1013.4123635004509,1013.159083546858,1,1013.1918392646745
1753635600000,1013.604813034334,1013.4033403439761,1,1013.1885724707814
1753639200000,1013.6854021104772,1013.354411262032,1,1013.1885724707814
1753642800000,1013.6479857536964,1013.5933003091707,1,1013.1885724707814
1753646400000,1013.5098330517367,1013.4896857827009,1,1013.1885724707814
1753650000000,1013.4407567007569,1013.3889494375219,1,1013.1885724707814
1753653600000,1013.5616403149716,1013.3141167239605,1,1013.1885724707814
1753657200000,1013.8177984498552,1013.5558839523899,1,1013.1885724707814
1753660800000,1013.7775039117837,1013.5501275898082,1,1013.1885724707814
1753664400000,1013.8547897094177,1013.6418042938965,1,1013.1852691922722
1753668000000,1013.5756061242074,1013.431697059666,1,1013.1852691922722
1753671600000,1013.9267442416883,1013.5094079545183,1,1013.1852691922722
1753675200000,1013.9152315165251,1013.7713224519837,1,1013.1852691922722
1753678800000,1013.9123533352342,1013.7022461010039,1,1013.1852691922722
1753682400000,1014.1569987449545,1013.9037187913617,1,1013.1852691922722
1753686000000,1014.0735314875205,1013.96703877976,1,1013.1852691922722
1753689600000,1013.7914697210194,1013.6705861068046,1,1013.1852691922722
1753693200000,1013.6644021582524,1013.555031269201,1,1013.1819634250108
1753696800000,1013.7507475969772,1013.4945894620936,1,1013.1819634250108
1753700400000,1013.4773203743487,1013.4427821988587,1,1013.1819634250108
1753704000000,1013.388096754333,1013.2355531459192,1,1013.1819634250108
1753707600000,1013.3103858594807,1013.2931167717356,1,1013.1819634250108
1753711200000,1012.8124604961675,1012.7692877768051,1,1013.1819634250108
1753714800000,1012.4382969283599,1012.3174133141451,1,1013.1819634250108
1753718400000,1012.487226010304,1012.3663423960893,1,1013.1819634250108
1753722000000,1012.5272238078845,1012.3228729362357,1,1013.1787885032289
1753725600000,1012.3718020181798,1012.3315074801083,1,1013.1787885032289
1753729200000,1012.135791152332,1011.9429530058464,1,1013.1787885032289
1753732800000,1012.2365274975109,1012.003394812954,1,1013.1787885032289
1753736400000,1012.2077456846026,1011.951587549719,1,1013.1787885032289
1753740000000,1012.2653093104192,1012.0753493452246,1,1013.1787885032289
1753743600000,1012.0868620703878,1011.9228057368107,1,1013.1787885032289
1753747200000,1012.0954966142604,1011.882511198739,1,1013.1787885032289
1753750800000,1012.089608090243,1011.6434899901648,1,1013.1757781605024
1753754400000,1011.9140390315025,1011.9054044876301,1,1013.1757781605024
1753758000000,1011.8046681424511,1011.6924190721088,1,1013.1757781605024
1753761600000,1012.1673189850953,1011.8017899611602,1,1013.1757781605024
1753765200000,1012.0608262773347,1012.0349226457173,1,1013.1757781605024
1753768800000,1012.2939589618918,1012.006140832809,1,1013.1757781605024
1753772400000,1012.4205989386882,1012.2507862425294,1,1013.1757781605024
1753776000000,1012.5529952780663,1012.3342534999633,1,1013.1757781605024
1753779600000,1012.3662601615433,1012.2943056292727,1,1013.1732466465925
1753783200000,1012.4267019686507,1012.2914274479818,1,1013.1732466465925
1753786800000,1011.9287766053376,1011.8740911608119,1,1013.1732466465925
1753790400000,1012.1388838395679,1011.8971166111385,1,1013.1732466465925
1753794000000,1012.372016524125,1012.0985893014963,1,1013.1732466465925
1753797600000,1012.1647874711854,1012.0755638511698,1,1013.1732466465925
1753801200000,1011.8165275349953,1011.4884148678409,1,1013.1732466465925
1753804800000,1011.8194057162862,1011.5690039439842,1,1013.1732466465925
1753808400000,1012.0217320310933,1011.4317048664738,1,1013.1712220897509
1753812000000,1012.1483720078897,1011.9728029491492,1,1013.1712220897509
1753815600000,1012.0649047504558,1012.01021930593,1,1013.1712220897509
1753819200000,1011.826015703317,1011.7828429839547,1,1013.1712220897509
1753822800000,1011.8691884226795,1011.5842484748875,1,1013.1712220897509
1753826400000,1011.9468993175318,1011.6245430129592,1,1013.1712220897509
1753830000000,1011.9987065807667,1011.7483048084647,1,1013.1712220897509
1753833600000,1011.944021136241,1011.843284791062,1,1013.1712220897509
1753837200000,1011.7743039598964,1011.5670749069568,1,1013.1684394282744
1753840800000,1012.0736348141425,1011.5728312695385,1,1013.1684394282744
1753844400000,1012.1196857147958,1012.0045584631625,1,1013.1684394282744
1753848000000,1012.0563657263975,1012.0304620947801,1,1013.1684394282744
1753851600000,1011.8117203166772,1011.7282530592432,1,1013.1684394282744
1753855200000,1012.016071188326,1011.6361512579367,1,1013.1684394282744
1753858800000,1012.1340766212498,1011.9988021005811,1,1013.1684394282744
1753862400000,1012.1628584341581,1012.013193007035,1,1013.1684394282744
1753866000000,1012.3245094738144,1012.062594976349,1,1013.1660341343535
1753869600000,1011.9244422743894,1011.881269555027,1,1013.1660341343535
1753873200000,1011.8237059292104,1011.7517513969398,1,1013.1660341343535
1753876800000,1011.6279896014341,1011.4495423614028,1,1013.1660341343535
1753880400000,1011.881269555027,1011.4466641801121,1,1013.1660341343535
1753884000000,1011.8237059292104,1011.5387659814185,1,1013.1660341343535
1753887600000,1012.2036258595997,1011.6682841395058,1,1013.1660341343535
1753891200000,1012.1892349531455,1012.0223004382775,1,1013.1660341343535
1753894800000,1012.2616125991918,1012.039992639798,1,1013.1635790668382
1753898400000,1012.4170343888965,1012.1436071662679,1,1013.1635790668382
1753902000000,1011.7924690487869,1011.7349054229703,1,1013.1635790668382
1753905600000,1012.0543835462522,1010.9491619305744,1,1013.1635790668382
1753909200000,1012.32493258759,1012.0428708210889,1,1013.1635790668382
1753912800000,1012.2213180611202,1011.9018399378383,1,1013.1635790668382
1753916400000,1012.3796180321157,1012.1205817159413,1,1013.1635790668382
1753920000000,1012.509136190203,1012.3565925817892,1,1013.1635790668382
1753923600000,1012.6934058738436,1012.4228568325059,1,1013.1607669665751
1753927200000,1012.4861768209041,1012.4430041015416,1,1013.1607669665751
1753930800000,1012.4976895460674,1012.4228568325059,1,1013.1607669665751
1753934400000,1012.5437404467206,1012.4832986396133,1,1013.1607669665751
1753938000000,1012.537984084139,1012.4487604641232,1,1013.1607669665751
1753941600000,1012.5610095344656,1012.4660295518684,1,1013.1607669665751
1753945200000,1012.6559895170628,1012.4890550021948,1,1013.1607669665751
1753948800000,1012.5552531718839,1012.5092022712306,1,1013.1607669665751
1753952400000,1012.6823428757688,1012.5326774486458,1,1013.1583385123728
1753956000000,1012.6535610628605,1012.5816065305899,1,1013.1583385123728
1753959600000,1012.5413119925182,1012.5240429047733,1,1013.1583385123728
1753963200000,1012.3599865711961,1012.2218338692364,1,1013.1583385123728
1753966800000,1012.345595664742,1012.1988084189098,1,1013.1583385123728
1753970400000,1012.244859319563,1012.0117266350061,1,1013.1583385123728
1753974000000,1012.0002139098427,1011.9656757343528,1,1013.1583385123728
1753977600000,1012.1412447930933,1011.9225030149904,1,1013.1583385123728
1753981200000,1012.3974852720663,1012.0780071487844,1,1013.1584208564622
1753984800000,1012.0002962539321,1011.8448744642275,1,1013.1584208564622
1753988400000,1012.0981544178202,1011.8189708326099,1,1013.1584208564622
1753992000000,1011.850630826809,1011.7585290255025,1,1013.1584208564622
1753995600000,1011.8132144700282,1011.6894526745227,1,1013.1584208564622
1753999200000,1011.7470163003393,1011.5599345164354,1,1013.1584208564622
1754002800000,1011.4419290835116,1011.418903633185,1,1013.1584208564622
1754006400000,1011.2260654866994,1011.1253291415205,1,1013.1584208564622
1754010000000,1010.741740245136,1010.3348571585078,1,1010.8606094940387
1754013600000,1010.9125210531176,1010.5572969725159,1,1010.8606094940387
1754017200000,1010.7349090128168,1010.5436345078774,1,1010.8606094940387
1754020800000,1010.7280777804975,1010.5504657401967,1,1010.8606094940387
1754024400000,1010.8715336592021,1010.6290249118683,1,1010.8606094940387
1754028000000,1010.9774177601506,1010.7861432552113,1,1010.8606094940387
1754031600000,1011.1379517196533,1010.9432615985544,1,1010.8606094940387
1754035200000,1011.2404202044423,1011.0286520025451,1,1010.8606094940387
1754038800000,1011.6158741214999,1011.2435719601002,1,1010.8637612496966
1754042400000,1011.718342606289,1011.1957533338654,1,1010.8637612496966
1754046000000,1011.6705239800541,1011.4963275559129,1,1010.8637612496966
1754049600000,1011.4963275559129,1011.4758338589551,1,1010.8637612496966
1754053200000,1011.4143527680817,1011.1274410106727,1,1010.8637612496966
1754056800000,1012.0769823030503,1011.2982218186543,1,1010.8637612496966
1754060400000,1011.6431990507771,1011.2538188085791,1,1010.8637612496966
1754064000000,1011.7969017779604,1011.578302343744,1,1010.8637612496966
1754067600000,1012.0834946692933,1011.4516056797614,1,1010.86685799978
1754071200000,1012.0220135784199,1011.8034141442034,1,1010.86685799978
1754074800000,1011.8239078411613,1011.659958265499,1,1010.86685799978
1754078400000,1011.4960086898367,1011.3183966495358,1,1010.86685799978
1754082000000,1010.8643436585228,1010.7746641990108,2,1010.8198975909244
1754085600000,1010.9943081601235,1010.5338782745606,2,1010.8198975909244
1754089200000,1012.2292343697746,1010.86381037618,2,1010.8198975909244
1754092800000,1011.8517729102193,1011.3923482710659,2,1010.8198975909244
1754096400000,1010.7135991519566,1010.6260190587916,3,1010.8056689218556
1754100000000,1010.8663939108551,1010.4600873480364,3,1010.8056689218556
1754103600000,1010.6426653295619,1010.4525318154663,3,1010.8056689218556
1754107200000,1010.3185621811529,1010.177005792188,3,1010.8056689218556
1754110800000,1010.3471371527596,1010.1194697976115,3,1010.8056689218556
1754114400000,1010.7437741104584,1010.2245897376708,3,1010.8056689218556
1754118000000,1012.0056449640452,1010.7110724519459,3,1010.8056689218556
1754121600000,1010.6933241312128,1010.5924312655749,3,1010.8056689218556
1754125200000,1011.6938802081947,1010.4481925844178,3,1010.8085360516417
1754128800000,1011.6737389690434,1011.2780957389726,3,1010.8085360516417
1754132400000,1011.6678586592346,1011.3875440702707,3,1010.8085360516417
1754136000000,1011.2088858861408,1010.6905408756927,3,1010.8085360516417
1754139600000,1011.161951186148,1010.8528659477811,3,1010.8085360516417
1754143200000,1011.2334121587035,1010.8970078158063,3,1010.8085360516417
1754146800000,1012.3484347544032,1011.0269952931112,3,1010.8085360516417
1754150400000,1012.9571350622537,1011.6209462125743,3,1010.8085360516417
1754154000000,1012.5058231631707,1012.1604160450418,3,1010.8193857887536
1754157600000,1014.0140894180405,1012.0935112414936,3,1010.8193857887536
1754161200000,1015.1358348643716,1013.6297220474779,3,1010.8193857887536
1754164800000,1015.1513451481535,1013.4710902976907,3,1010.8193857887536
1754168400000,1013.8216694091234,1013.7792795978733,3,1010.8193857887536
1754172000000,1013.9910009633669,1013.1555262158273,3,1010.8193857887536
1754175600000,1013.9711326213178,1013.4663751537697,3,1010.8193857887536
1754179200000,1014.7248799291375,1013.7905298032427,3,1010.8193857887536
1754182800000,1013.8471158806717,1013.719271771839,3,1010.8308694807141
1754186400000,1013.5512729305617,1013.2420726507688,3,1010.8308694807141
1754190000000,1012.5953890570902,1012.5326683762214,3,1010.8308694807141
1754193600000,1012.4765560135669,1012.1092178829505,3,1010.8308694807141
1754197200000,1012.637068054528,1012.3863278864704,3,1010.8308694807141
1754200800000,1012.5300148936809,1012.2113946479278,3,1010.8308694807141
1754204400000,1012.6118823935833,1012.3899742503992,3,1010.8308694807141
1754208000000,1012.110240328422,1012.016273824465,3,1010.8308694807141
1754211600000,1011.7432798973881,1011.528098973244,3,1010.8391811182771
1754215200000,1011.7807014122404,1011.6291888190715,3,1010.8391811182771
1754218800000,1011.1558803602201,1011.0414133530727,3,1010.8391811182771
1754222400000,1011.1943718956644,1010.0992339421977,3,1010.8391811182771
1754226000000,1010.8365723888483,1010.4491132634952,3,1010.8391811182771
1754229600000,1010.8908441743429,1010.533948397899,3,1010.8391811182771
1754233200000,1011.3694864266215,1010.6546523486944,3,1010.8391811182771
1754236800000,1011.1241083868744,1011.0695555495757,3,1010.8391811182771
1754240400000,1010.7554876505245,1010.6627487293057,3,1010.8512460158598
1754244000000,1010.7534371136514,1010.4551412179054,3,1010.8512460158598
1754247600000,1010.4519470322219,1010.3308370564661,3,1010.8512460158598
1754251200000,1010.487608764504,1009.7314873403126,3,1010.8512460158598
1754254800000,1010.4873267726261,1010.3149442508538,3,1010.8512460158598
1754258400000,1010.2508150114005,1010.0539729495994,3,1010.8512460158598
1754262000000,1010.2938887806098,1009.8083055543467,3,1010.8512460158598
1754265600000,1010.6160367072333,1009.711752974585,3,1010.8512460158598
1754269200000,1008.7613856488607,1008.5652689214999,3,1010.8555612449758
1754272800000,1009.2830636738809,1008.4217686712468,3,1010.8555612449758
1754276400000,1008.2878764258799,1008.1953621204,3,1010.8555612449758
1754280000000,1008.7772049017796,1008.1615348285619,3,1010.8555612449758
1754283600000,1009.3825857409794,1008.3539823516653,3,1010.8555612449758
1754287200000,1009.3376245604304,1009.1634099578348,3,1010.8555612449758
1754290800000,1009.2948775397235,1009.0938761794006,3,1010.8555612449758
1754294400000,1008.8623541583271,1008.5730088971795,3,1010.8555612449758
1754298000000,1008.9768990533876,1008.3749746840015,3,1010.8647395257212
1754301600000,1009.2952454663468,1008.4628128073202,3,1010.8647395257212
1754305200000,1009.0490159195115,1008.3845350357805,3,1010.8647395257212
1754308800000,1008.9851530047803,1008.6327933065279,3,1010.8647395257212
1754312400000,1008.5046995125681,1008.3103084242116,3,1010.8647395257212
1754316000000,1005.9580613412201,1005.6358669748421,3,1010.8647395257212
1754319600000,1005.3233619816789,1004.4689675068188,2,1008.3597965556737
1754323200000,1004.8849595267347,1004.5868509385616,2,1008.3597965556737
1754326800000,1004.6950816629892,1003.917307565931,2,1005.8253212469931
1754330400000,1004.7933514378853,1004.1401701855073,2,1005.8253212469931
1754334000000,1005.0612940767359,1004.5721169461934,2,1005.8253212469931
1754337600000,1005.4135334131757,1004.7826774446742,2,1005.8253212469931
1754341200000,1005.1876891173401,1004.7738913212693,2,1005.8253212469931
1754344800000,1005.1254710035253,1004.7919509209488,2,1005.8253212469931
1754348400000,1005.3327559216492,1004.9489238216631,2,1005.8253212469931
1754352000000,1005.7710246500808,1005.2202899238123,2,1005.8253212469931
1754355600000,1005.5588785321786,1005.2548637014462,2,1005.827041521448
1754359200000,1006.1163255404407,1005.2852380828178,2,1005.827041521448
1754362800000,1006.379349269468,1005.7990708214686,2,1005.827041521448
1754366400000,1006.6549524193751,1006.0358092832116,2,1005.827041521448
1754370000000,1006.5403493106445,1006.2073319790383,2,1005.827041521448
1754373600000,1007.4701087998928,1006.3766281990353,2,1005.827041521448
1754377200000,1007.121735431906,1006.7161675722351,2,1005.827041521448
1754380800000,1006.5286523083591,1006.0552570253942,2,1005.827041521448
1754384400000,1007.0921171378793,1005.9986600407605,2,1005.8301151266389
1754388000000,1008.5999965695278,1006.6117449337327,2,1005.8301151266389
1754391600000,1008.8886224079165,1008.0786644918294,2,1005.8301151266389
1754395200000,1008.6279208974831,1008.3597055138065,2,1005.8301151266389
1754398800000,1007.785199325834,1006.6694288873198,2,1005.8301151266389
1754402400000,1007.298744129629,1006.8514357679098,2,1005.8301151266389
1754406000000,1008.2490496835554,1006.2399407683694,2,1005.8301151266389
1754409600000,1007.892991868821,1007.3646448320067,2,1005.8301151266389
1754413200000,1007.4028937262412,1007.2174920187916,2,1005.8295057612669
1754416800000,1006.817247053483,1006.5868801586773,2,1005.8295057612669
1754420400000,1006.4367469428266,1006.2177619987505,2,1005.8295057612669
1754424000000,1006.484854743017,1006.1489295054683,2,1005.8295057612669
1754427600000,1006.2869595747326,1005.9820516787817,2,1005.8295057612669
1754431200000,1006.6758366915547,1006.0899420735662,2,1005.8295057612669
1754434800000,1006.6183895538927,1006.0516105006208,2,1005.8295057612669
1754438400000,1006.1398146094881,1005.970327285186,2,1005.8295057612669
1754442000000,1005.788251255758,1005.229062151598,2,1005.8293844215225
1754445600000,1005.5895908570775,1005.3053495174362,2,1005.8293844215225
1754449200000,1005.779378359132,1005.5088941928962,2,1005.8293844215225
1754452800000,1005.602897001272,1005.4807992914365,1,1005.7900707392912
1754456400000,1005.6728953045988,1005.5386213080513,1,1005.7900707392912
1754460000000,1005.0682061700544,1004.8397993840805,1,1005.7900707392912
1754463600000,1005.1284179807359,1005.031299481689,1,1005.7900707392912
1754467200000,1005.0147951423975,1004.9485289760963,1,1005.7900707392912
1754470800000,1005.2550537372708,1004.9950481911459,1,1005.7988539021918
1754474400000,1005.1310638516387,1004.8926217638846,1,1005.7988539021918
1754478000000,1005.1562765106569,1005.0169433950301,1,1005.7988539021918
1754481600000,1005.0162799040033,1004.8630964131922,1,1005.7988539021918
1754485200000,1005.2777783049386,1004.9322653527355,1,1005.7988539021918
1754488800000,1004.9909013722284,1004.8697313234602,1,1005.7988539021918
1754492400000,1004.2244862999029,1004.1942145218054,1,1005.7988539021918
1754496000000,1004.039040557914,1003.9381069854629,1,1005.7988539021918
1754499600000,1004.277369446001,1003.9872579945353,1,1005.8067855312246
1754503200000,1003.9646163632459,1003.9566544709244,1,1005.8067855312246
1754506800000,1004.036605139653,1003.7916110780094,1,1005.8067855312246
1754510400000,1004.1723719910108,1003.9493560696296,1,1005.8067855312246
1754514000000,1004.3594764605667,1004.161258516312,1,1005.8067855312246
1754517600000,1004.3420598211134,1004.1987457593258,1,1005.8067855312246
1754521200000,1004.3122856612861,1004.2125961345101,1,1005.8067855312246
1754524800000,1004.3997006040662,1004.296361876643,1,1005.8067855312246
1754528400000,1004.4821118269408,1004.3801000815713,1,1005.8114024312076
1754532000000,1004.6012084662503,1004.2359566560002,1,1005.8114024312076
1754535600000,1004.7640955133282,1004.4974550569355,1,1005.8114024312076
1754539200000,1004.7694034415426,1004.7049618755652,1,1005.8114024312076
1754542800000,1004.9288900971083,1004.6744412883327,1,1005.8114024312076
1754546400000,1004.7451860190647,1004.7451860190646,1,1005.8114024312076
1754550000000,1004.6846424628696,1004.5628089230746,1,1005.8114024312076
1754553600000,1004.5618136865344,1004.4927276833695,1,1005.8114024312076
1754557200000,1004.4344990937185,1004.2384374953009,1,1005.8186106440742
1754560800000,1004.3456742325064,1004.3288381477015,1,1005.8186106440742
1754564400000,1003.3368310312052,1003.2125974314988,0,1003.3368310312052
1754568000000,1003.3368310312052,1003.3368310312052,0,1003.3368310312052
1754571600000,1003.3368310312052,1003.3368310312052,0,1003.3368310312052
1754575200000,1003.3368310312052,1003.3368310312052,0,1003.3368310312052
1754578800000,1003.3368310312052,1003.3368310312052,0,1003.3368310312052
1754582400000,1003.3368310312052,1003.3368310312052,0,1003.3368310312052
1754586000000,1003.3368310312052,1003.3368310312052,0,1003.3368310312052
1754589600000,1003.3368310312052,1003.3368310312052,0,1003.3368310312052
1754593200000,1003.3368310312052,1003.3368310312052,0,1003.3368310312052
1754596800000,1003.3368310312052,1003.3368310312052,0,1003.3368310312052
1754600400000,1003.3368310312052,1003.3368310312052,0,1003.3368310312052
1754604000000,1003.3368310312052,1003.3368310312052,0,1003.3368310312052
1754607600000,1003.3368310312052,1003.3368310312052,0,1003.3368310312052
1754611200000,1003.3368310312052,1003.3368310312052,0,1003.3368310312052
1754614800000,1003.3368310312052,1003.3368310312052,0,1003.3368310312052
1754618400000,1003.3368310312052,1003.3368310312052,0,1003.3368310312052
1754622000000,1003.3368310312052,1003.3368310312052,0,1003.3368310312052
1754625600000,1003.3368310312052,1003.3368310312052,0,1003.3368310312052
1754629200000,1003.3368310312052,1003.3368310312052,0,1003.3368310312052
1754632800000,1003.3368310312052,1003.3368310312052,0,1003.3368310312052
1754636400000,1003.3368310312052,1003.3368310312052,0,1003.3368310312052
1754640000000,1003.3368310312052,1003.3368310312052,0,1003.3368310312052
1754643600000,1002.9419728483773,1002.8499037113302,1,1003.3071724971552
1754647200000,1003.3230367767112,1002.8499037113302,1,1003.3071724971552
1754650800000,1003.4099909617001,1003.1772606430533,1,1003.3071724971552
1754654400000,1003.7117731331324,1003.1977204512859,1,1003.3071724971552
1754658000000,1003.2309676396641,1003.0442718895408,1,1003.3071724971552
1754661600000,1004.5097056542073,1003.082634029977,1,1003.3071724971552
1754665200000,1003.5736694275618,1003.3434965849439,1,1003.3071724971552
1754668800000,1002.9828924648427,1002.6427481529743,1,1003.3071724971552
1754672400000,1002.7657108291103,1002.6557393598596,1,1003.302261371837
1754676000000,1003.673614819436,1002.7222337366159,1,1003.302261371837
1754679600000,1003.908902614112,1003.5943330625344,1,1003.302261371837
1754683200000,1004.3615758712602,1003.701747055756,1,1003.302261371837
1754686800000,1004.1493053608461,1003.8091610489776,1,1003.302261371837
1754690400000,1004.2720642102422,1003.8782129017629,1,1003.302261371837
1754694000000,1004.7017201831288,1004.1339605046716,1,1003.302261371837
1754697600000,1004.7298524194488,1004.3922655836094,1,1003.302261371837
1754701200000,1004.9063443772859,1004.4562285961667,1,1003.297172531609
1754704800000,1005.8705128402515,1004.6915163908426,1,1003.297172531609
1754708400000,1006.5635888441341,1005.8116908915825,1,1003.297172531609
1754712000000,1007.2285326116966,1006.2924963850509,1,1003.297172531609
1754715600000,1007.568676923565,1006.8244513991009,1,1003.297172531609
1754719200000,1008.1824711705458,1007.3257167008018,1,1003.297172531609
1754722800000,1007.1594807589112,1007.0699690978931,1,1003.297172531609
1754726400000,1007.0597391937769,1006.7323822620538,1,1003.297172531609
1754730000000,1007.1713245976225,1006.6788469016145,2,1003.2624035748426
1754733600000,1008.3003343028382,1006.8536385859944,2,1003.2624035748426
1754737200000,1008.028550375053,1007.9357878289474,2,1003.2624035748426
1754740800000,1007.4974894674634,1007.1936475026475,2,1003.2624035748426
1754744400000,1007.8408067499158,1007.2511352029711,2,1003.2624035748426
1754748000000,1007.4908065835975,1007.1191710401945,2,1003.2624035748426
1754751600000,1008.780388966585,1007.0286806270133,2,1003.2624035748426
1754755200000,1008.2213914890398,1007.5459130706914,2,1003.2624035748426
1754758800000,1008.3882219985164,1007.9692420127982,2,1003.2510746130715
1754762400000,1008.868086636822,1008.1237462710319,2,1003.2510746130715
1754766000000,1009.1632676595564,1008.4610155677383,2,1003.2510746130715
1754769600000,1009.3002669195309,1008.9700886326932,2,1003.2510746130715
1754773200000,1010.3937407503649,1009.2543881800148,2,1003.2510746130715
1754776800000,1009.9528585979417,1009.1141223920031,2,1003.2510746130715
1754780400000,1010.3606815870227,1009.2495303758432,2,1003.2510746130715
1754784000000,1011.1712739145025,1009.816243089416,2,1003.2510746130715
1754787600000,1011.7300626062136,1009.6941482167249,2,1003.2395004918699
1754791200000,1011.0647205345283,1010.4761008033593,2,1003.2395004918699
1754794800000,1009.5530945520718,1009.2282950963778,2,1003.2395004918699
1754798400000,1009.7475387044295,1008.6080439476164,2,1003.2395004918699
1754802000000,1011.4786100628396,1009.2543286120865,2,1003.2395004918699
1754805600000,1010.4905430016153,1010.2324531727531,2,1003.2395004918699
1754809200000,1012.5028395630011,1009.7472329875818,1,1011.7542649297498
1754812800000,1011.9434818584798,1011.8185054463362,1,1011.7542649297498
1754816400000,1012.2811520819222,1011.607974051765,1,1011.7483559320106
1754820000000,1012.4972129978316,1012.2811520819222,1,1011.7483559320106
1754823600000,1012.1135283517362,1012.0266803365176,1,1011.7483559320106
1754827200000,1011.8634343111639,1011.7990396852457,1,1011.7483559320106
1754830800000,1012.14614931355,1011.7635943977339,1,1011.7483559320106
1754834400000,1011.6784409779342,1011.6500565046678,1,1011.7483559320106
1754838000000,1012.4066933592055,1011.5935699907044,1,1011.7483559320106
1754841600000,1012.386075781609,1012.2714081582635,1,1011.7483559320106
1754845200000,1012.6074797892458,1012.3325316825296,1,1011.7424017209453
1754848800000,1012.4758662117114,1012.4669695857622,1,1011.7424017209453
1754852400000,1012.6371352090765,1012.3785681914096,1,1011.7424017209453
1754856000000,1012.8190217840382,1012.5591838198072,1,1011.7424017209453
1754859600000,1012.3610573720811,1012.2461073161659,1,1011.7424017209453
1754863200000,1012.4586378249526,1011.9272409448432,1,1011.7424017209453
1754866800000,1012.8431697687574,1012.1948458047442,1,1011.7424017209453
1754870400000,1012.8411927407687,1012.516254069195,1,1011.7424017209453
1754874000000,1013.0026454005122,1012.6606195584645,1,1011.7370779482121
1754877600000,1013.5881281177413,1012.9724251155418,1,1011.7370779482121
1754881200000,1013.6598659904746,1013.445782102554,1,1011.7370779482121
1754884800000,1013.6690450489937,1013.3051306827854,1,1011.7370779482121
1754888400000,1014.1152003652046,1013.3890672239023,2,1011.6698097912557
1754892000000,1013.891170715028,1013.3963374801598,2,1011.6698097912557
1754895600000,1014.0607522088729,1013.6187429104223,2,1011.6698097912557
1754899200000,1012.8867504938438,1012.6462375044824,2,1011.6698097912557
1754902800000,1013.1283744789281,1012.1753016957479,2,1011.6507340149003
1754906400000,1012.6197453697263,1012.1763046533587,2,1011.6507340149003
1754910000000,1011.9299046089492,1011.3066374058208,2,1011.6507340149003
1754913600000,1010.511048550823,1009.9855476413342,2,1011.6507340149003
1754917200000,1009.3428258499532,1009.0839095348978,1,1009.1838292061934
1754920800000,1010.7033035387583,1009.1497831884838,1,1009.1838292061934
1754924400000,1010.6706825769445,1010.4640831521239,1,1009.1838292061934
1754928000000,1011.4139038844161,1010.393333793385,1,1009.1838292061934
1754931600000,1011.1540251510436,1011.1516244742002,1,1009.1777161368009
1754935200000,1010.8910804285447,1010.7298114311795,1,1009.1777161368009
1754938800000,1010.9060493547449,1010.5057011870302,1,1009.1777161368009
1754942400000,1010.4002126222039,1010.0396874468335,1,1009.1777161368009
1754946000000,1010.171018591798,1009.8614724952793,1,1009.1777161368009
1754949600000,1009.841984647962,1009.3844438848596,1,1009.1777161368009
1754953200000,1009.8483393807828,1009.4183357932376,1,1009.1777161368009
1754956800000,1009.8887272382666,1009.7619150144191,1,1009.1777161368009
1754960400000,1010.6023713917444,1009.8201743896383,1,1009.1755349420794
1754964000000,1010.5576058294286,1010.3836273664217,1,1009.1755349420794
1754967600000,1010.8569843534339,1010.4389841501057,1,1009.1755349420794
1754971200000,1010.7746552593325,1010.6162105876655,1,1009.1755349420794
1754974800000,1011.1293905670217,1010.6900667046725,1,1009.1755349420794
1754978400000,1010.7681593102267,1010.5176416207996,1,1009.1755349420794
1754982000000,1010.8445573203619,1010.5882497632537,1,1009.1755349420794
1754985600000,1011.1987277629116,1010.8446985366469,1,1009.1755349420794
1754989200000,1011.1256988485367,1010.9070960394989,1,1009.1694425467509
1754992800000,1010.8059851795047,1010.7771770573834,1,1009.1694425467509
1754996400000,1010.657849296636,1010.6074350829239,1,1009.1694425467509
1755000000000,1010.8412892507317,1010.3641194240271,1,1009.1694425467509
1755003600000,1012.4733258554152,1010.6541776732284,1,1009.1694425467509
1755007200000,1012.141467585881,1011.7049680492299,1,1009.1694425467509
1755010800000,1012.5944894278664,1012.0323073976471,1,1009.1694425467509
1755014400000,1013.4062006335183,1012.5795205016661,1,1009.1694425467509
1755018000000,1013.0027061190934,1011.9812335676536,3,1009.1114175648562
1755021600000,1014.3304273394915,1012.5336068367724,3,1009.1114175648562
1755025200000,1013.9151421658047,1013.5372256800259,3,1009.1114175648562
1755028800000,1014.4395138144662,1013.4422579460221,3,1009.1114175648562
1755032400000,1016.8402339510492,1013.9756488311435,3,1009.1114175648562
1755036000000,1015.2538529969047,1014.594055055984,3,1009.1114175648562
1755039600000,1015.2453814610343,1014.4670633444658,3,1009.1114175648562
1755043200000,1015.7094152296372,1014.8568187922523,3,1009.1114175648562
1755046800000,1016.0067044804027,1015.2649082243714,3,1009.0962487277449
1755050400000,1015.4752869225525,1014.5491600731335,3,1009.0962487277449
1755054000000,1016.7544176450358,1014.8492474576511,3,1009.0962487277449
1755057600000,1017.505254623909,1016.0022310174517,3,1009.0962487277449
1755061200000,1017.1779154720581,1016.3498089441306,3,1009.0962487277449
1755064800000,1015.2726484311347,1014.9224397004256,3,1009.0962487277449
1755068400000,1014.5683656093146,1014.0772802222543,3,1009.0962487277449
1755072000000,1015.0028334909794,1013.9892838303276,3,1009.0962487277449
1755075600000,1014.9406646731092,1014.3657447853441,3,1009.083720400491
1755079200000,1016.7710262013139,1014.8240090451793,3,1009.083720400491
1755082800000,1017.1600891594259,1016.266223161802,3,1009.083720400491
1755086400000,1017.0302817150695,1016.0638437237697,3,1009.083720400491
1755090000000,1016.1064558707607,1015.8682606821403,3,1009.083720400491
1755093600000,1017.5552730874479,1015.1930270699759,3,1009.083720400491
1755097200000,1016.3450475131358,1015.8279404235511,3,1009.083720400491
1755100800000,1016.7777441050943,1015.6407884793939,3,1009.083720400491
1755104400000,1017.0225672620066,1016.3632432101329,3,1009.0684437009486
1755108000000,1017.2176908281378,1016.4653622963358,3,1009.0684437009486
1755111600000,1016.7947034284684,1016.0519285911528,3,1009.0684437009486
1755115200000,1017.4707091193188,1016.5412628121803,3,1009.0684437009486
1755118800000,1017.0042272926805,1016.4182781051926,3,1009.0684437009486
1755122400000,1018.1239283516373,1016.7967631244826,2,1017.56506819297
1755126000000,1018.4129466971378,1017.9562691759025,2,1017.56506819297
1755129600000,1018.5270517588749,1018.3264347543578,2,1017.56506819297
1755133200000,1020.3007855338457,1018.179199595976,3,1017.5307227742519
1755136800000,1021.6053283094881,1018.9689747811859,3,1017.5307227742519
1755140400000,1022.6888223366499,1020.5528806157006,3,1017.5307227742519
1755144000000,1023.1716181227133,1022.0623567655856,3,1017.5307227742519
1755147600000,1022.9383423386039,1022.3604955800276,3,1017.5307227742519
1755151200000,1022.8442446625783,1021.8040629949988,3,1017.5307227742519
1755154800000,1023.4444337458962,1020.6540717119582,3,1017.5307227742519
1755158400000,1021.6873276056948,1020.9753369424164,3,1017.5307227742519
1755162000000,1020.6302999605538,1019.9144901655523,3,1017.517323416299
1755165600000,1021.7301456134704,1019.8683007801908,3,1017.517323416299
1755169200000,1020.0227134094961,1019.27332956659,3,1017.517323416299
1755172800000,1019.7503226660865,1019.2223788909822,3,1017.517323416299
1755176400000,1014.2090220938207,1010.1676321788656,1,1015.4268720018681
1755180000000,1014.5180393676026,1013.4757607662029,1,1015.4268720018681
1755183600000,1014.6873878170762,1014.1260937293879,1,1015.4268720018681
1755187200000,1014.3190112929634,1014.0745908504242,1,1015.4268720018681
1755190800000,1013.9140431054341,1013.7604073986952,1,1015.4217058239209
1755194400000,1014.1209275514406,1013.7010481483642,1,1015.4217058239209
1755198000000,1014.1715575002523,1013.5875672286138,1,1015.4217058239209
1755201600000,1014.1846514525312,1014.163701128885,1,1015.4217058239209
1755205200000,1013.950706171815,1013.8372252520646,1,1015.4217058239209
1755208800000,1013.9218994768014,1013.455754775673,1,1015.4217058239209
1755212400000,1014.2256791696717,1013.7778660017336,1,1015.4217058239209
1755216000000,1014.4247072443109,1014.210839357089,1,1015.4217058239209
1755219600000,1014.3959608496226,1014.2414522127318,1,1015.4165285433347
1755223200000,1014.462303541169,1014.2763694188087,1,1015.4165285433347
1755226800000,1014.5958618544137,1014.4186570335728,1,1015.4165285433347
1755230400000,1014.6246685494273,1014.5181710708922,1,1015.4165285433347
1755234000000,1014.5958618544137,1014.5548341372732,1,1015.4165285433347
1755237600000,1014.7320389581142,1014.4256404747881,1,1015.4165285433347
1755241200000,1014.8071109511798,1014.628160270035,1,1015.4165285433347
1755244800000,1014.8900393156127,1014.6840277997582,1,1015.4165285433347
1755248400000,1014.5792895908137,1014.5216762007866,1,1015.4113043717098
1755252000000,1014.5967481938522,1014.4239080237709,1,1015.4113043717098
1755255600000,1014.5862730320291,1014.517311550027,1,1015.4113043717098
1755259200000,1014.5958752637003,1014.5024717374442,1,1015.4113043717098
1755262800000,1014.4928695057731,1014.257178364753,1,1015.4113043717098
1755266400000,1014.15155381637,1014.0284706649485,1,1015.4113043717098
1755270000000,1013.9586362527943,1013.7683374796744,1,1015.4113043717098
1755273600000,1013.5562154527564,1013.2489440392785,1,1015.4113043717098
1755277200000,1013.8732355755851,1013.235996564679,1,1015.4062132684777
1755280800000,1014.0713907200723,1013.6497654566921,1,1015.4062132684777
1755284400000,1014.0678989994645,1013.9797330541201,1,1015.4062132684777
1755288000000,1013.9378324068276,1013.8662521343697,1,1015.4062132684777
1755291600000,1014.1132913673647,1013.6838097326172,1,1015.4062132684777
1755295200000,1014.039965234603,1013.8322078584446,1,1015.4062132684777
1755298800000,1014.3524742289925,1013.945688778195,1,1015.4062132684777
1755302400000,1014.3402532068654,1014.1132913673647,1,1015.4062132684777
1755306000000,1014.5192712568895,1014.2731049540464,1,1015.4010430564454
1755309600000,1014.65544836059,1014.4293594512411,1,1015.4010430564454
1755313200000,1014.4730059588375,1014.4319782416969,1,1015.4010430564454
1755316800000,1014.4826081905087,1014.4092820577469,1,1015.4010430564454
1755320400000,1014.7200451918325,1014.4634037271663,1,1015.4010430564454
1755324000000,1014.6449731987669,1014.5882327388916,1,1015.4010430564454
1755327600000,1014.360397969239,1014.2809613254137,1,1015.4010430564454
1755331200000,1014.4773706095971,1014.3534145280236,1,1015.4010430564454
1755334800000,1014.339501068918,1014.3325176277026,1,1015.395858898859
1755338400000,1014.0523070489344,1014.0365943061997,1,1015.395858898859
1755342000000,1014.139600064127,1013.9833455669323,1,1015.395858898859
1755345600000,1014.080240813796,1014.0296108649843,1,1015.395858898859
1755349200000,1013.9562847322225,1013.8288369300412,1,1015.395858898859
1755352800000,1013.7066267087716,1013.6804388042138,1,1015.395858898859
1755356400000,1013.9955665890592,1013.6786929439099,1,1015.395858898859
1755360000000,1013.3024600484299,1013.2256421950605,1,1015.395858898859
1755363600000,1012.9070968865753,1012.9342535278134,0,1012.9070968865753
1755367200000,1012.9070968865753,1012.9070968865753,0,1012.9070968865753
1755370800000,1012.9070968865753,1012.9070968865753,0,1012.9070968865753
1755374400000,1012.9070968865753,1012.9070968865753,0,1012.9070968865753
1755378000000,1012.9070968865753,1012.9070968865753,0,1012.9070968865753
1755381600000,1012.9070968865753,1012.9070968865753,0,1012.9070968865753
1755385200000,1012.9070968865753,1012.9070968865753,0,1012.9070968865753
1755388800000,1012.9070968865753,1012.9070968865753,0,1012.9070968865753
1755392400000,1012.9070968865753,1012.9070968865753,0,1012.9070968865753
1755396000000,1012.9070968865753,1012.9070968865753,0,1012.9070968865753
1755399600000,1012.9070968865753,1012.9070968865753,0,1012.9070968865753
1755403200000,1012.9070968865753,1012.9070968865753,0,1012.9070968865753
1755406800000,1012.9070968865753,1012.9070968865753,0,1012.9070968865753
1755410400000,1012.9070968865753,1012.9070968865753,0,1012.9070968865753
1755414000000,1012.9070968865753,1012.9070968865753,0,1012.9070968865753
1755417600000,1012.9070968865753,1012.9070968865753,0,1012.9070968865753
1755421200000,1012.9070968865753,1012.9070968865753,0,1012.9070968865753
1755424800000,1012.9070968865753,1012.9070968865753,0,1012.9070968865753
1755428400000,1012.9070968865753,1012.9070968865753,0,1012.9070968865753
1755432000000,1012.9070968865753,1012.9070968865753,0,1012.9070968865753
1755435600000,1012.9070968865753,1012.9070968865753,0,1012.9070968865753
1755439200000,1012.9070968865753,1012.9070968865753,0,1012.9070968865753
1755442800000,1012.9070968865753,1012.9070968865753,0,1012.9070968865753
1755446400000,1012.9070968865753,1012.9070968865753,0,1012.9070968865753
1755450000000,1012.9070968865753,1012.9070968865753,0,1012.9070968865753
1755453600000,1012.9070968865753,1012.9070968865753,0,1012.9070968865753
1755457200000,1012.9070968865753,1012.9070968865753,0,1012.9070968865753
1755460800000,1012.9070968865753,1012.9070968865753,0,1012.9070968865753
1755464400000,1012.9070968865753,1012.9070968865753,0,1012.9070968865753
1755468000000,1012.9070968865753,1012.9070968865753,0,1012.9070968865753
1755471600000,1012.9070968865753,1012.9070968865753,0,1012.9070968865753
1755475200000,1012.9070968865753,1012.9070968865753,0,1012.9070968865753
1755478800000,1012.9070968865753,1012.9070968865753,0,1012.9070968865753
1755482400000,1012.9070968865753,1012.9070968865753,0,1012.9070968865753
1755486000000,1012.9070968865753,1012.9070968865753,0,1012.9070968865753
1755489600000,1012.9070968865753,1012.9070968865753,0,1012.9070968865753
1755493200000,1012.9070968865753,1012.9070968865753,0,1012.9070968865753
1755496800000,1012.9070968865753,1012.9070968865753,0,1012.9070968865753
1755500400000,1012.9070968865753,1012.9070968865753,0,1012.9070968865753
1755504000000,1012.9070968865753,1012.9070968865753,0,1012.9070968865753
1755507600000,1012.9070968865753,1012.9070968865753,0,1012.9070968865753
1755511200000,1012.9070968865753,1012.9070968865753,0,1012.9070968865753
1755514800000,1012.9070968865753,1012.9070968865753,0,1012.9070968865753
1755518400000,1012.9070968865753,1012.9070968865753,0,1012.9070968865753
1755522000000,1012.9070968865753,1012.9070968865753,0,1012.9070968865753
1755525600000,1012.9070968865753,1012.9070968865753,0,1012.9070968865753
1755529200000,1012.9070968865753,1012.9070968865753,0,1012.9070968865753
1755532800000,1012.9070968865753,1012.9070968865753,0,1012.9070968865753
1755536400000,1012.9070968865753,1012.9070968865753,0,1012.9070968865753
1755540000000,1012.9070968865753,1012.9070968865753,0,1012.9070968865753
1755543600000,1012.9070968865753,1012.9070968865753,0,1012.9070968865753
1755547200000,1012.9070968865753,1012.9070968865753,0,1012.9070968865753
1755550800000,1012.9070968865753,1012.9070968865753,0,1012.9070968865753
1755554400000,1012.9070968865753,1012.9070968865753,0,1012.9070968865753
1755558000000,1012.9070968865753,1012.9070968865753,0,1012.9070968865753
1755561600000,1012.9070968865753,1012.9070968865753,0,1012.9070968865753
1755565200000,1012.9070968865753,1012.9070968865753,0,1012.9070968865753
1755568800000,1012.9070968865753,1012.9070968865753,0,1012.9070968865753
1755572400000,1012.9070968865753,1012.9070968865753,0,1012.9070968865753
1755576000000,1012.9070968865753,1012.9070968865753,0,1012.9070968865753
1755579600000,1012.9070968865753,1012.9070968865753,0,1012.9070968865753
1755583200000,1012.9070968865753,1012.9070968865753,0,1012.9070968865753
1755586800000,1012.9070968865753,1012.9070968865753,0,1012.9070968865753
1755590400000,1012.9070968865753,1012.9070968865753,0,1012.9070968865753
1755594000000,1012.9070968865753,1012.9070968865753,0,1012.9070968865753
1755597600000,1012.9070968865753,1012.9070968865753,0,1012.9070968865753
1755601200000,1012.9070968865753,1012.9070968865753,0,1012.9070968865753
1755604800000,1012.9070968865753,1012.9070968865753,0,1012.9070968865753
1755608400000,1012.9070968865753,1012.9070968865753,0,1012.9070968865753
1755612000000,1012.9070968865753,1012.9070968865753,0,1012.9070968865753
1755615600000,1012.9070968865753,1012.9070968865753,0,1012.9070968865753
1755619200000,1012.9070968865753,1012.9070968865753,0,1012.9070968865753
1755622800000,1013.529380961,1012.5396153696497,2,1012.8212393435349
1755626400000,1013.0515459549372,1012.9154972867942,2,1012.8212393435349
1755630000000,1014.0177567202147,1012.9692565517443,2,1012.8212393435349
1755633600000,1014.4550509662452,1013.2224063757085,2,1012.8212393435349
1755637200000,1013.2688110686639,1013.1478076859598,3,1012.7977597310629
1755640800000,1013.6191003811416,1013.1600112698775,3,1012.7977597310629
1755644400000,1014.1920397519242,1013.4932022485149,3,1012.7977597310629
1755648000000,1015.7540580796534,1014.0962750116877,3,1012.7977597310629
1755651600000,1014.7611874805905,1014.3108496419413,3,1012.8078698942214
1755655200000,1014.7496401535884,1014.0986984517133,3,1012.8078698942214
1755658800000,1014.0298149718175,1013.7369132216052,3,1012.8078698942214
1755662400000,1013.8681540002336,1013.278862461579,3,1012.8078698942214
1755666000000,1013.1983895132538,1012.9569392307441,3,1012.8078698942214
1755669600000,1012.933756466088,1012.8357910036636,3,1012.8078698942214
1755673200000,1013.2931920745709,1012.8322267680288,3,1012.8078698942214
1755676800000,1013.7681517450541,1012.522844250958,3,1012.8078698942214
1755680400000,1011.7485263478721,1011.6684511880618,3,1012.8078438652641
1755684000000,1012.7553620392449,1011.7370416006403,3,1012.8078438652641
1755687600000,1012.284565822063,1012.0605628900801,3,1012.8078438652641
1755691200000,1013.0360344145558,1012.104493355745,3,1012.8078438652641
1755694800000,1012.8708468459231,1011.9503713189814,3,1012.8078438652641
1755698400000,1015.697645220194,1012.7447001309732,3,1012.8078438652641
1755702000000,1013.0609669444053,1012.1166087950269,3,1012.8078438652641
1755705600000,1012.3987239247003,1010.2130953499897,3,1012.8078438652641
1755709200000,1011.1983788433241,1010.0907343196836,3,1012.8220117049704
1755712800000,1009.561229149613,1009.0297718519989,2,1010.3093436540305
1755716400000,1010.7638097005158,1009.4318662566051,2,1010.3093436540305
1755720000000,1008.6060780562199,1008.540008245644,2,1010.3093436540305
1755723600000,1008.8429726825275,1008.4725969809797,2,1010.3093436540305
1755727200000,1008.9414680217712,1008.6177098094778,2,1010.3093436540305
1755730800000,1008.6723938257821,1008.5367954444981,2,1010.3093436540305
1755734400000,1009.3298083734829,1008.6328967210407,2,1010.3093436540305
1755738000000,1009.4695470790969,1009.0784766826415,2,1010.3142723723007
1755741600000,1008.8878012026646,1008.8349079168504,2,1010.3142723723007
1755745200000,1010.089797791624,1008.6298208199755,2,1010.3142723723007
1755748800000,1010.0639075709446,1009.069360682475,2,1010.3142723723007
1755752400000,1010.2020991863915,1009.7611434201043,2,1010.3142723723007
1755756000000,1010.0196354400762,1009.9390869484768,2,1010.3142723723007
1755759600000,1010.5928933834803,1010.0175779167083,2,1010.3142723723007
1755763200000,1010.5643376039772,1010.3249456885126,2,1010.3142723723007
1755766800000,1011.0971218865935,1010.3149611661244,2,1010.3288491584884
1755770400000,1011.3741441588622,1010.8816381285972,2,1010.3288491584884
1755774000000,1011.2751518493594,1011.0398225835289,2,1010.3288491584884
1755777600000,1011.4435725344866,1010.7544475169404,2,1010.3288491584884
1755781200000,1011.7132003479145,1011.0174304208081,2,1010.3288491584884
1755784800000,1011.2147880872569,1010.503483177727,2,1010.3288491584884
1755788400000,1011.3617968936154,1010.1855400581887,2,1010.3288491584884
1755792000000,1012.0985086060076,1011.1746535088887,2,1010.3288491584884
1755795600000,1012.442317092722,1011.4553618136404,2,1010.3404675897701
1755799200000,1012.1861431180038,1011.8861877116841,2,1010.3404675897701
1755802800000,1011.7806962565234,1011.6368316194372,2,1010.3404675897701
1755806400000,1013.0721131542587,1011.5292648383886,2,1010.3404675897701
1755810000000,1012.5923994155644,1011.9997405374836,2,1010.3404675897701
1755813600000,1012.3253759146602,1012.1202065293456,2,1010.3404675897701
1755817200000,1012.6421663346262,1012.1750220956955,2,1010.3404675897701
1755820800000,1013.0835918621643,1012.6335105850981,2,1010.3404675897701
1755824400000,1012.8565537991868,1012.3807684777516,2,1010.3543044101705
1755828000000,1012.6372428294726,1012.4475633109289,2,1010.3543044101705
1755831600000,1012.3300182433653,1011.4154531297809,2,1010.3543044101705
1755835200000,1013.0407192633932,1011.9864659098824,2,1010.3543044101705
1755838800000,1012.650447677824,1012.0421914564387,2,1010.3543044101705
1755842400000,1011.9820446683177,1011.8780912605018,2,1010.3543044101705
1755846000000,1012.5803341347151,1011.7731596937722,2,1010.3543044101705
1755849600000,1012.3494480589227,1011.8990276643178,2,1010.3543044101705
1755853200000,1012.3216869564769,1011.8098947495181,2,1010.369037354212
1755856800000,1012.4121886506219,1012.1113368165379,2,1010.369037354212
1755860400000,1013.4668791917162,1012.3829906942478,2,1010.369037354212
1755864000000,1014.212736342446,1013.3359274220098,2,1010.369037354212
1755867600000,1014.1384956637831,1013.471495458789,2,1010.369037354212
1755871200000,1013.3752687990694,1012.7068384764307,2,1010.369037354212
1755874800000,1006.39152812735,1005.7523862520508,1,1007.8939861197647
1755878400000,1006.1567031132286,1005.6361743319259,1,1007.8939861197647
1755882000000,1005.7950303194103,1005.0728968379261,0,1005.7950303194103
1755885600000,1005.7950303194103,1005.7950303194103,0,1005.7950303194103
1755889200000,1005.7950303194103,1005.7950303194103,0,1005.7950303194103
1755892800000,1005.7950303194103,1005.7950303194103,0,1005.7950303194103
1755896400000,1005.9174616736155,1005.5534628369272,1,1005.7709620310645
1755900000000,1005.9436536555716,1005.7983528887512,1,1005.7709620310645
1755903600000,1005.5356363549116,1005.3906343559462,1,1005.7709620310645
1755907200000,1005.7396947998841,1005.5129299979308,1,1005.7709620310645
1755910800000,1005.5025430048066,1005.4523500051648,1,1005.7661520379006
1755914400000,1005.2281745246215,1004.994438472718,1,1005.7661520379006
1755918000000,1004.5757651185626,1004.0605897472386,1,1005.7661520379006
1755921600000,1004.3814664235205,1004.1815907285181,1,1005.7661520379006
1755925200000,1004.887678759194,1004.3730013342952,1,1005.7661520379006
1755928800000,1004.9331910624408,1004.7021439212323,1,1005.7661520379006
1755932400000,1004.8762259914187,1004.7631921529395,1,1005.7661520379006
1755936000000,1004.5645115293572,1004.5004756190999,1,1005.7661520379006
1755939600000,1004.6088159639606,1004.3930059833577,1,1005.7614585442823
1755943200000,1004.8020191768677,1004.4896075898113,1,1005.7614585442823
1755946800000,1004.5468714286884,1004.5314350895128,1,1005.7614585442823
1755950400000,1004.4676979471104,1004.3217996445801,1,1005.7614585442823
1755954000000,1004.5662913392641,1004.345800662266,1,1005.7614585442823
1755957600000,1004.6013467675854,1004.4914997862264,1,1005.7614585442823
1755961200000,1004.6783292848932,1004.5729638213593,1,1005.7614585442823
1755964800000,1004.9215263188721,1004.6263436781212,1,1005.7614585442823
1755968400000,1004.838120734167,1004.838021144882,1,1005.75672849473
1755972000000,1004.9052439122595,1004.6791762353012,1,1005.75672849473
1755975600000,1004.9485652512361,1004.8487767876625,1,1005.75672849473
1755979200000,1004.9922849473527,1004.892197715924,1,1005.75672849473
1755982800000,1004.6253002428837,1004.2762322385962,2,1005.7333717479912
1755986400000,1004.4989224830745,1004.1198781040008,2,1005.7333717479912
1755990000000,1005.1937334609629,1004.4982253580795,2,1005.7333717479912
1755993600000,1005.0709805425556,1004.8168200840163,2,1005.7333717479912
1755997200000,1005.1569393017769,1004.8777112816277,2,1005.7239529103902
1756000800000,1004.6089025949827,1004.3416456240352,2,1005.7239529103902
1756004400000,1004.3522534471786,1004.2523161211076,2,1005.7239529103902
1756008000000,1004.4495425325567,1003.819095170992,2,1005.7239529103902
1756011600000,1004.7723305938605,1003.9706263098491,3,1005.701205150526
1756015200000,1003.9341667597656,1003.699588526056,3,1005.701205150526
1756018800000,1002.8436199025388,1002.7168115229351,3,1005.701205150526
1756022400000,1002.7625995645454,1002.606323952022,3,1005.701205150526
1756026000000,1003.4095081389845,1002.3639356755222,3,1005.6874642900874
1756029600000,1003.0456930495184,1002.8111602195718,3,1005.6874642900874
1756033200000,1001.6355174836958,1001.365680960851,3,1005.6874642900874
1756036800000,1001.3169642363251,1000.8042461219378,2,1003.1983400754847
1756040400000,1001.3651688132061,1001.0197998349288,2,1003.1983400754847
1756044000000,1001.5733509654234,1001.312491125848,2,1003.1983400754847
1756047600000,1002.1195443228781,1001.3111373586545,2,1003.1983400754847
1756051200000,1002.0616947185782,1001.85552123052,2,1003.1983400754847
1756054800000,1002.4907445177208,1001.9957485238692,2,1003.1890905779217
1756058400000,1003.9267109029536,1002.4583644845748,2,1003.1890905779217
1756062000000,1004.6386208944174,1003.7250577340477,2,1003.1890905779217
1756065600000,1002.064562974574,1000.5490516541369,2,1003.1890905779217
1756069200000,1001.5016065417901,1000.0898555498027,2,1003.1890905779217
1756072800000,1001.634688284297,1000.852640405151,2,1003.1890905779217
1756076400000,1001.7598180809932,1000.3678801847866,2,1003.1890905779217
1756080000000,1001.949675868533,1001.5919543922129,2,1003.1890905779217
1756083600000,1000.6072111679567,1000.0169807866017,2,1003.1822636245503
1756087200000,1001.6724202244038,1000.5846060817305,2,1003.1822636245503
1756090800000,1003.2119800262541,1001.5683899043715,2,1003.1822636245503
1756094400000,1002.1295201006334,1001.943519327932,2,1003.1822636245503
1756098000000,1001.6157607108782,1001.237287607183,2,1003.1822636245503
1756101600000,1000.690861122951,1000.6090712889231,2,1003.1822636245503
1756105200000,999.5655020111205,999.3911920498547,2,1003.1822636245503
1756108800000,998.6476036270931,998.325829405806,1,1000.6918443370975
1756112400000,998.6584775346853,998.2823606893858,1,1000.6874996440127
1756116000000,998.5649918448131,998.267142088709,1,1000.6874996440127
1756119600000,998.1991511086194,997.5866532298725,0,998.1991511086194
1756123200000,998.1991511086194,998.1991511086194,0,998.1991511086194
1756126800000,998.1991511086194,998.1991511086194,0,998.1991511086194
1756130400000,998.1991511086194,998.1991511086194,0,998.1991511086194
1756134000000,998.1991511086194,998.1991511086194,0,998.1991511086194
1756137600000,998.1991511086194,998.1991511086194,0,998.1991511086194
1756141200000,998.1991511086194,998.1991511086194,0,998.1991511086194
1756144800000,998.1991511086194,998.1991511086194,0,998.1991511086194
1756148400000,998.1991511086194,998.1991511086194,0,998.1991511086194
1756152000000,998.1991511086194,998.1991511086194,0,998.1991511086194
1756155600000,998.1991511086194,998.1991511086194,0,998.1991511086194
1756159200000,998.1991511086194,998.1991511086194,0,998.1991511086194
1756162800000,998.1991511086194,998.1991511086194,0,998.1991511086194
1756166400000,998.1991511086194,998.1991511086194,0,998.1991511086194
1756170000000,999.2993057530558,998.0055216069004,2,998.1337279022976
1756173600000,998.0059772672752,997.9100068462936,2,998.1337279022976
1756177200000,998.2013800067617,997.1582345322648,2,998.1337279022976
1756180800000,998.0025447548431,997.8564185285421,2,998.1337279022976
1756184400000,997.8428390566072,997.416854114871,2,998.1337279022976
1756188000000,997.7107800678134,997.3718372831688,2,998.1337279022976
1756191600000,998.0646773892528,997.3747352705761,2,998.1337279022976
1756195200000,997.758479319669,997.1380951946293,2,998.1337279022976
1756198800000,998.1095744799778,997.5444695473909,2,998.1390557932727
1756202400000,997.9980392804565,997.5697024592446,2,998.1390557932727
1756206000000,997.8385741031652,997.4635912980374,2,998.1390557932727
1756209600000,998.3331370759932,997.7318856610581,2,998.1390557932727
1756213200000,997.5688369657181,996.5990027429375,2,998.1390557932727
1756216800000,998.0094664258617,997.4596785993633,2,998.1390557932727
1756220400000,997.4467694994095,997.1864385963937,2,998.1390557932727
1756224000000,998.445662460914,997.0323199528199,2,998.1390557932727
1756227600000,997.5586543842552,997.5343145631431,2,998.1497377646147
1756231200000,997.9386910790735,997.4768674576762,2,998.1497377646147
1756234800000,997.1494382624169,996.7630069339463,2,998.1497377646147
1756238400000,996.3565074765776,996.2032062070247,2,998.1497377646147
1756242000000,996.2624796063257,995.9115831584053,2,998.1497377646147
1756245600000,995.8178555115105,995.8038559835697,2,998.1497377646147
1756249200000,995.5814399422004,995.4764290040109,2,998.1497377646147
1756252800000,995.7329398716099,994.9132144990712,2,998.1497377646147
1756256400000,996.3885577201293,995.6796820164701,2,998.1509613179678
1756260000000,996.360223692169,996.1877447409358,2,998.1509613179678
1756263600000,996.4249758963905,995.9778934602348,2,998.1509613179678
1756267200000,995.9212214007374,995.3885515926472,2,998.1509613179678
1756270800000,995.4142147833609,995.2084329984042,2,998.1509613179678
1756274400000,995.9443603284209,995.2646132887523,2,998.1509613179678
1756278000000,996.451595883835,995.8718464328408,2,998.1509613179678
1756281600000,996.755161440647,996.3179542700813,2,998.1509613179678
1756285200000,996.5873250444863,996.4962321260634,2,998.1591620095745
1756288800000,996.6677983964943,996.0998324409218,2,998.1591620095745
1756292400000,996.7207025436572,996.0959656460528,2,998.1591620095745
1756296000000,996.1121598285749,996.0031235105693,2,998.1591620095745
1756299600000,996.0449439193832,995.9032769275118,2,998.1591620095745
1756303200000,996.0689541320465,995.172833338222,2,998.1591620095745
1756306800000,995.4961182532455,994.3480015250867,2,998.1591620095745
1756310400000,994.9031656982177,994.7541686539006,2,998.1591620095745
1756314000000,995.1855586403254,994.7118045214668,2,998.166506457063
1756317600000,994.7360298735601,994.4633577842837,2,998.166506457063
1756321200000,995.3083641881815,994.3262854459747,2,998.166506457063
1756324800000,995.5413869295874,994.9992837176744,2,998.166506457063
1756328400000,994.9064549529746,994.7765482907104,2,998.166506457063
1756332000000,996.1144615414564,994.7814859235054,2,998.166506457063
1756335600000,996.3524922687476,995.9825517704028,2,998.166506457063
1756339200000,996.5667876252178,996.1178437186828,2,998.166506457063
1756342800000,996.4625771378572,996.0928923191176,2,998.1753964198227
1756346400000,995.9389981821806,995.7476577869321,2,998.1753964198227
1756350000000,996.0218430037254,995.625026838331,2,998.1753964198227
1756353600000,995.0862300869243,995.0174431356797,2,998.1753964198227
1756357200000,994.2989983634267,994.1216658254933,1,995.7257243143634
1756360800000,994.4485802679741,994.1413309505255,1,995.7257243143634
1756364400000,994.3434686593732,994.3313403968423,1,995.7257243143634
1756368000000,994.3272976426654,994.2989983634267,1,995.7257243143634
1756371600000,994.1656040508793,994.0038938838012,1,995.7297836438325
1756375200000,994.5213664184514,994.1534757883484,1,995.7297836438325
1756378800000,994.2990149387189,994.294972184542,1,995.7297836438325
1756382400000,994.4202975640275,994.294972184542,1,995.7297836438325
1756386000000,994.472853368328,994.3677417597271,1,995.7297836438325
1756389600000,994.5860504852826,994.3232714637807,1,995.7297836438325
1756393200000,994.5415801893362,994.3151859554266,1,995.7297836438325
1756396800000,995.0226679363938,994.3960410389657,1,995.7297836438325
1756400400000,995.3702923505266,994.6223828277899,1,995.7337739529241
1756404000000,994.9134611285307,994.8285632908146,1,995.7337739529241
1756407600000,994.974102441185,994.7679219781602,1,995.7337739529241
1756411200000,995.5320025176048,994.873033586761,1,995.7337739529241
1756414800000,995.1236843457324,995.0751712956088,1,995.7337739529241
1756418400000,994.7194089280368,994.7113234196829,1,995.7337739529241
1756422000000,994.2625777060408,994.2342784268022,1,995.7337739529241
1756425600000,994.432373381473,994.15746609744,1,995.7337739529241
1756429200000,994.5091931407624,994.1776872982521,1,995.7378241370284
1756432800000,994.9215540668118,994.4485518281081,1,995.7378241370284
1756436400000,994.7153736037872,994.5051503865856,1,995.7378241370284
1756440000000,994.5577061908859,994.4849366157007,1,995.7378241370284
1756443600000,994.8285707207419,994.4728083531699,1,995.7378241370284
1756447200000,994.8002714415032,994.7072880954332,1,995.7378241370284
1756450800000,995.087306988067,994.7032453412562,1,995.7378241370284
1756454400000,995.9241571026968,995.087306988067,1,995.7378241370284
1756458000000,996.4900009448666,995.7178348970681,1,995.7417251486014
1756461600000,996.2272219233645,996.1665806107102,1,995.7417251486014
1756465200000,996.085725527171,995.9806139185702,1,995.7417251486014
1756468800000,996.2595639567801,996.0129559519859,1,995.7417251486014
1756472400000,995.6612363385907,995.0588659662244,1,995.7417251486014
1756476000000,996.3202052694345,995.6086805342903,1,995.7417251486014
1756479600000,996.5021292073974,996.0533834937554,1,995.7417251486014
1756483200000,996.360632811204,996.0493407395785,1,995.7417251486014
1756486800000,995.9934254955529,995.574205391255,2,995.6991861809521
1756490400000,996.3846719635835,995.909695633052,2,995.6991861809521
1756494000000,996.8232711307005,996.2294641017954,2,995.6991861809521
1756497600000,996.5219797183752,995.8047472125746,2,995.6991861809521
1756501200000,997.0380404482543,996.3705674093989,2,995.6991861809521
1756504800000,995.9354658630165,995.8427956973798,2,995.6991861809521
1756508400000,995.886960437071,995.8037201389402,2,995.6991861809521
1756512000000,995.9399002392328,995.6659012665117,2,995.6991861809521
1756515600000,996.1678549695195,995.9038955102641,2,995.710152939026
1756519200000,997.6251204228939,996.0279633296569,2,995.710152939026
1756522800000,996.8667728737499,996.5756348988522,2,995.710152939026
1756526400000,995.8998395602733,995.5919090461617,2,995.710152939026
1756530000000,995.9836590076515,995.5961580949961,2,995.710152939026
1756533600000,995.8252784348244,995.4667364448036,2,995.710152939026
1756537200000,995.5672469699718,995.1811348422694,2,995.710152939026
1756540800000,995.0864731366227,995.0854315479078,2,995.710152939026
1756544400000,995.2764335192697,994.8298272854051,2,995.7216321686481
1756548000000,995.5021541806942,995.2255428787325,2,995.7216321686481
1756551600000,995.4352049808606,995.1200056322872,2,995.7216321686481
1756555200000,995.1184536592108,995.0679838181579,2,995.7216321686481
1756558800000,995.4703281032758,995.0941103350895,2,995.7216321686481
1756562400000,995.5324762299302,995.4298137624468,2,995.7216321686481
1756566000000,995.396359322888,995.3017823637584,2,995.7216321686481
1756569600000,995.0547515069375,994.8850114005775,2,995.7216321686481
1756573200000,995.4472849485702,995.0527997904328,2,995.7331711080002
1756576800000,995.4679299289352,995.2627022030233,2,995.7331711080002
1756580400000,995.5225529290338,995.3324282394879,2,995.7331711080002
1756584000000,995.3358370086206,995.2528807134779,2,995.7331711080002
1756587600000,995.6679233196453,995.3259787174522,2,995.7331711080002
1756591200000,995.7107756634473,995.540257151369,2,995.7331711080002
1756594800000,995.5401196215975,995.4781318972485,2,995.7331711080002
1756598400000,995.2245362751629,995.1274233758563,2,995.7331711080002
1756602000000,994.1763616834501,994.1430412545697,2,995.7359388568927
1756605600000,994.157726277269,994.0087075403377,2,995.7359388568927
1756609200000,994.3830858133663,994.1002361223865,2,995.7359388568927
1756612800000,994.1170084276004,993.9776459395487,2,995.7359388568927
1756616400000,994.7273308836337,994.0756892894257,2,995.7359388568927
1756620000000,994.8825123537948,994.7192453752799,2,995.7359388568927
1756623600000,995.0709434354079,994.825816586262,2,995.7359388568927
1756627200000,994.9430376899445,994.7867202078311,2,995.7359388568927
1756630800000,994.3443785866053,994.3314455267289,2,995.7443858060226
1756634400000,994.9834759571585,994.2395857300731,2,995.7443858060226
1756638000000,995.0888403387601,994.8273320731643,2,995.7443858060226
1756641600000,995.007647735703,994.8010263864778,2,995.7443858060226
1756645200000,995.0729706259386,994.8642501176523,2,995.7443858060226
1756648800000,995.1993459515926,994.8749868094123,2,995.7443858060226
1756652400000,995.4095483488027,995.0565559269589,2,995.7443858060226
1756656000000,994.924198504381,994.759255952107,2,995.7443858060226
1756659600000,995.0129593035185,994.7520954329626,2,995.7577883065437
1756663200000,994.9290850203436,994.8455391659577,2,995.7577883065437
1756666800000,994.5049305654634,994.3954505597143,2,995.7577883065437
1756670400000,995.0364478328577,994.480663630406,2,995.7577883065437
1756674000000,994.8125138833367,994.7235732914437,2,995.7577883065437
1756677600000,994.8971929638572,994.743873861388,2,995.7577883065437
1756681200000,995.1879365308978,994.625490354126,2,995.7577883065437
1756684800000,996.1627317571725,995.1668443594216,2,995.7577883065437
1756688400000,996.4866381071739,996.0083446449295,2,995.7660522219451
1756692000000,996.5959972980583,996.0118853721981,2,995.7660522219451
1756695600000,997.5361784670125,996.524298489033,2,995.7660522219451
1756699200000,997.5274381536228,997.2633550936846,2,995.7660522219451
1756702800000,997.869674382982,997.3983019729694,2,995.7660522219451
1756706400000,997.316226864236,996.9777382427944,2,995.7660522219451
1756710000000,997.0218801099519,996.8323470321915,2,995.7660522219451
1756713600000,994.6478588237121,994.6438160695352,2,995.7660522219451
1756717200000,994.2846558592364,994.0150260169391,2,995.777856677182
1756720800000,994.6459309933626,993.8712312052137,2,995.777856677182
1756724400000,995.9632908777857,994.6132681553358,2,995.777856677182
1756728000000,995.9917804700503,995.6134191170019,2,995.777856677182
1756731600000,995.775422377797,995.4455344874311,2,995.777856677182
1756735200000,996.1239852617847,995.2455106000091,2,995.777856677182
1756738800000,996.0513136289303,995.615357287766,2,995.777856677182
1756742400000,996.7499718692575,995.810503860229,2,995.777856677182
1756746000000,996.7711941240364,996.2652569208644,2,995.78630627439
1756749600000,996.9608939090134,996.4910324180856,2,995.78630627439
1756753200000,996.3149226978471,996.2020019597026,2,995.78630627439
1756756800000,996.0403494142389,995.9281918334566,2,995.78630627439
1756760400000,997.0663367322211,996.0257039789803,2,995.78630627439
1756764000000,998.3161238417621,996.9980862797694,2,995.78630627439
1756767600000,997.7348777514188,997.4771518428213,2,995.78630627439
1756771200000,996.4204683017458,996.1908688075432,2,995.78630627439
1756774800000,996.7360538174332,996.2576715035867,2,995.7966687617194
1756778400000,996.2287986467363,995.711898370431,2,995.7966687617194
1756782000000,994.9775852173436,994.920779044942,2,995.7966687617194
1756785600000,994.7297807931645,994.3781994428166,2,995.7966687617194
1756789200000,994.5275798910667,994.4311829375036,2,995.7966687617194
1756792800000,994.7381287512396,994.4669781658531,2,995.7966687617194
1756796400000,994.3467767167001,994.0247910598488,2,995.7966687617194
1756800000000,994.9989877834354,994.3024828046905,2,995.7966687617194
1756803600000,994.826610953712,994.3095558467367,2,995.8085614971098
1756807200000,994.6923772343531,994.4237785707749,2,995.8085614971098
1756810800000,994.6724807489862,994.4702389401806,2,995.8085614971098
1756814400000,995.5749515386448,994.6410199019799,2,995.8085614971098
1756818000000,997.0576435448387,995.4183472677254,2,995.8085614971098
1756821600000,993.943142551126,993.639360807047,1,993.3646624302929
1756825200000,993.9754845845416,993.680363529624,1,993.3646624302929
1756828800000,994.6667955488009,993.9229287802411,1,993.3646624302929
1756832400000,994.343121602843,994.2905657985426,1,993.3684515726684
1756836000000,994.1894969441188,993.9914019894479,1,993.3684515726684
1756839600000,994.3309933403121,994.1409838939953,1,993.3684515726684
1756843200000,994.4239766863822,994.1207701231106,1,993.3684515726684
1756846800000,993.9711882185632,993.9024613975549,1,993.3684515726684
1756850400000,993.8337345765467,993.8094780514849,1,993.3684515726684
1756854000000,993.7488367388306,993.7447939846536,1,993.3684515726684
1756857600000,993.8216063140159,993.6477678844068,1,993.3684515726684
1756861200000,994.0357025224977,993.7850517635266,1,993.3723245639486
1756864800000,993.7446242217569,993.736538713403,1,993.3723245639486
1756868400000,993.7567524842877,993.6112133339175,1,993.3723245639486
1756872000000,993.9386764222508,993.6961111716334,1,993.3723245639486
1756875600000,993.9386764222508,993.8699496012425,1,993.3723245639486
1756879200000,994.3550801024771,993.922505405543,1,993.3723245639486
1756882800000,994.4844482361398,994.1731561645141,1,993.3723245639486
1756886400000,994.3874221358928,994.371251119185,1,993.3723245639486
1756890000000,994.5003172069903,993.8957135748167,2,993.3446009433262
1756893600000,994.5023768081488,993.9127633001801,2,993.3446009433262
1756897200000,994.3898916848087,994.0828507440478,2,993.3446009433262
1756900800000,994.2021814625729,993.9076022144249,2,993.3446009433262
1756904400000,993.9533540851869,993.5860017900496,2,993.3446009433262
1756908000000,993.5316920402419,993.0478361702149,2,993.3446009433262
1756911600000,993.6555274682244,993.007023121305,2,993.3446009433262
1756915200000,992.1112786274659,991.4209505259788,2,993.3446009433262
1756918800000,992.7633119011981,991.8949324290799,2,993.3433785941512
1756922400000,993.2068722264578,992.4168784269527,2,993.3433785941512
1756926000000,993.1480022183304,992.8369219951962,2,993.3433785941512
1756929600000,993.2133566171296,992.9720590541123,2,993.3433785941512
1756933200000,993.299115804482,992.9477990572466,2,993.3433785941512
1756936800000,993.308430810593,993.0936612222874,2,993.3433785941512
1756940400000,993.7158077813399,993.0927651546123,2,993.3433785941512
1756944000000,993.7750528811961,993.2369011485766,2,993.3433785941512
1756947600000,993.4866691114902,993.331471109515,2,993.3419887093626
1756951200000,992.3425834981726,992.2740442230289,2,993.3419887093626
1756954800000,992.5162760435641,991.7559395462532,2,993.3419887093626
1756958400000,993.1577889110806,992.483583221047,2,993.3419887093626
1756962000000,992.864661424593,992.4512863210817,2,993.3419887093626
1756965600000,993.2130329184064,992.7917286061706,2,993.3419887093626
1756969200000,993.2532972169387,992.8437912089557,2,993.3419887093626
1756972800000,993.1944029061842,993.0680355748058,2,993.3419887093626
1756976400000,993.3490884638595,992.8738113037019,2,993.347783525282
1756980000000,993.4787865558004,993.2278058385509,2,993.347783525282
1756983600000,993.1993294288595,992.93005212947,2,993.347783525282
1756987200000,993.4766714057797,992.9372589291683,2,993.347783525282
1756990800000,993.6376244457928,993.1699569514931,2,993.347783525282
1756994400000,993.6285178163693,993.279278029312,2,993.347783525282
1756998000000,993.6897182948128,993.301106805094,2,993.347783525282
1757001600000,994.1604282530432,993.466168563558,2,993.347783525282
1757005200000,994.145150392596,993.94020984274,2,993.343918461947
1757008800000,994.1031460357716,993.9013625878292,2,993.343918461947
1757012400000,994.2303990194135,993.7277360067117,2,993.343918461947
1757016000000,994.3212602718551,994.0896111450309,2,993.343918461947
1757019600000,994.150731771985,993.8981811832887,2,993.343918461947
1757023200000,994.1354221049135,993.975319999125,2,993.343918461947
1757026800000,994.2812426083077,993.7100715666968,2,993.343918461947
1757030400000,993.8732265518278,993.411307151958,2,993.343918461947
1757034000000,993.7337467568377,993.4263307243481,2,993.3438060259143
1757037600000,993.9616310107049,993.3417802039297,2,993.3438060259143
1757041200000,994.0661938689283,993.6313997994022,2,993.3438060259143
1757044800000,993.8206555904579,993.7510604762057,2,993.3438060259143
1757048400000,993.8092254343262,993.7582603322961,2,993.3438060259143
1757052000000,993.8796784264108,993.5403058676459,2,993.3438060259143
1757055600000,993.8877743501764,993.5536705715417,2,993.3438060259143
1757059200000,993.8442592110257,993.1437478101834,2,993.3438060259143
1757062800000,993.6278964825103,993.3698722087998,2,993.3456825868769
1757066400000,993.5825405343004,993.3380823975655,2,993.3456825868769
1757070000000,993.5389524188134,993.3192544240674,2,993.3456825868769
1757073600000,993.6162718369064,993.4071252896364,2,993.3456825868769
1757077200000,994.136762601315,993.1740417601713,2,993.3456825868769
1757080800000,994.5629640737561,993.7977130572204,2,993.3456825868769
1757084400000,995.1865102489561,993.7225643380102,2,993.3456825868769
1757088000000,995.6240967440787,994.7516641023718,2,993.3456825868769
1757091600000,995.8209163057256,995.4789215082092,2,993.3441084818099
1757095200000,995.8715549212814,995.4694328434492,2,993.3441084818099
1757098800000,995.8708116814319,995.4952418809386,2,993.3441084818099
1757102400000,995.4688667340523,995.1465543160625,2,993.3441084818099
1757106000000,995.2783258963774,995.0401958506851,2,993.3441084818099
1757109600000,995.3834791666249,994.8326434774893,2,993.3441084818099
1757113200000,995.0644836219818,994.9653527871259,2,993.3441084818099
1757116800000,995.2135480223866,994.9395229188133,2,993.3441084818099
1757120400000,995.2462754112902,995.0422205136979,2,993.3425766485533
1757124000000,995.4055092238347,994.7550668573474,2,993.3425766485533
1757127600000,995.9529412445263,995.3353827182243,2,993.3425766485533
1757131200000,995.995664538573,995.7218373962756,2,993.3425766485533
1757134800000,995.9934104479423,995.6257281945271,2,993.3425766485533
1757138400000,996.0393047311182,995.8039601674146,2,993.3425766485533
1757142000000,995.9993946934912,995.7832288923872,2,993.3425766485533
1757145600000,995.9287437401306,995.7826940292254,2,993.3425766485533
1757149200000,996.1035912270577,995.8643879832376,2,993.3409704107276
1757152800000,995.7723527819011,995.4340152314211,2,993.3409704107276
1757156400000,993.9556764834474,993.5047218126252,2,993.3409704107276
1757160000000,993.9677978023705,993.7119164531117,2,993.3409704107276
1757163600000,994.1569077092083,993.6264906958414,2,993.3409704107276
1757167200000,994.4171756581378,993.8563719899427,2,993.3409704107276
1757170800000,994.0733852534672,994.044033606924,2,993.3409704107276
1757174400000,994.5790594838649,993.9944751331038,2,993.3409704107276
1757178000000,994.5272498979552,994.1852446850272,2,993.3558072138444
1757181600000,994.8901843471867,994.3483371776881,2,993.3558072138444
1757185200000,994.7342951824202,994.5727690894025,2,993.3558072138444
1757188800000,994.7705375575989,994.4314880135043,2,993.3558072138444
1757192400000,994.3696241467006,994.2789400247119,2,993.3558072138444
1757196000000,994.3469444366937,994.2478240172494,2,993.3558072138444
1757199600000,994.4074016752876,994.2413118521464,2,993.3558072138444
1757203200000,994.4513232208566,994.232340691529,2,993.3558072138444
1757206800000,994.3153710053035,994.1157200664013,2,993.3606498162818
1757210400000,994.0337952565382,993.9478554669294,2,993.3606498162818
1757214000000,995.1149611639436,993.9257140918882,2,993.3606498162818
1757217600000,994.4733336584442,994.335536170934,2,993.3606498162818
1757221200000,994.4719200866266,994.2167403155707,2,993.3606498162818
1757224800000,994.4673737155225,994.2012708770659,2,993.3606498162818
1757228400000,994.7222235283001,994.4146477243772,2,993.3606498162818
1757232000000,994.8837287904945,994.5283519300629,2,993.3606498162818
1757235600000,994.4817296717758,994.2889173844507,2,993.3618216708958
1757239200000,994.715483533209,994.3601066727773,2,993.3618216708958
1757242800000,994.4903292124684,994.4094880161448,2,993.3618216708958
1757246400000,994.7620203739218,994.429691371618,2,993.3618216708958
1757250000000,995.1759164533795,994.749892111391,2,993.3618216708958
1757253600000,995.1771320639211,995.0013868609791,2,993.3618216708958
1757257200000,994.9391791486815,994.8205361211438,2,993.3618216708958
1757260800000,994.8471057575022,994.6857533231332,2,993.3618216708958
1757264400000,995.2180448899946,994.6786532442065,2,993.3603272739853
1757268000000,995.3040055104269,995.0723494399949,2,993.3603272739853
1757271600000,995.4004898039041,995.2171800685546,2,993.3603272739853
1757275200000,995.3639139986433,995.1458032343637,2,993.3603272739853
1757278800000,995.1227727352552,995.0777814633624,2,993.3603272739853
1757282400000,995.1639053270317,995.0433312235339,2,993.3603272739853
1757286000000,994.9763514044253,994.8593060227657,2,993.3603272739853
1757289600000,994.9053461901593,994.6590959180742,2,993.3603272739853
1757293200000,995.1577119477873,994.7471431570881,2,993.3618929166205
1757296800000,995.0099187067864,994.8445304618482,2,993.3618929166205
1757300400000,994.748355295826,994.6070568609085,2,993.3618929166205
1757304000000,994.7160167342141,994.3136862796944,2,993.3618929166205
1757307600000,994.7084869198454,994.378050803659,2,993.3618929166205
1757311200000,994.5503054746056,994.3608413068621,2,993.3618929166205
1757314800000,993.9285478944973,993.506726078119,2,993.3618929166205
1757318400000,993.9392730006222,993.4401317661508,2,993.3618929166205
1757322000000,993.305590860242,993.2551502059623,2,993.3690185937501
1757325600000,993.3548576340813,992.3601420768197,2,993.3690185937501
1757329200000,993.3896586630115,993.0532487166879,2,993.3690185937501
1757332800000,993.2710468817087,992.7910774662294,2,993.3690185937501
1757336400000,993.0729484552339,992.7583499256733,2,993.3690185937501
1757340000000,992.9640128845555,992.4801222964896,2,993.3690185937501
1757343600000,992.5852304332867,992.4286258031016,2,993.3690185937501
1757347200000,992.3110663891032,992.0895970898302,2,993.3690185937501
1757350800000,992.5356142704984,992.2023718414999,2,993.3740351954402
1757354400000,992.5094787465347,992.1778027171795,2,993.3740351954402
1757358000000,992.7117484523848,992.3720285763221,2,993.3740351954402
1757361600000,993.0199007811161,992.4010363773717,2,993.3740351954402
1757365200000,993.0209705074401,992.8072463428311,2,993.3740351954402
1757368800000,992.8972045839898,992.7012525537708,2,993.3740351954402
1757372400000,993.1226992784203,992.7430589493191,2,993.3740351954402
1757376000000,992.9662787222958,992.8594201117951,2,993.3740351954402
1757379600000,992.0032108694163,991.241508109651,3,993.3462924144333
1757383200000,991.940248511624,991.1160838451527,3,993.3462924144333
1757386800000,991.3452691448134,990.502203715564,3,993.3462924144333
1757390400000,991.3135076923076,990.6686363897704,3,993.3462924144333
1757394000000,991.3613447077931,990.6785440709016,3,993.3462924144333
1757397600000,991.1708874399211,990.3714928972846,3,993.3462924144333
1757401200000,991.6766875181955,990.3189610218049,3,993.3462924144333
1757404800000,991.6066894783298,990.7783676980329,3,993.3462924144333
1757408400000,991.8297039549823,991.1655738467997,3,993.3442313129993
1757412000000,991.3136590069677,990.6661556663889,3,993.3442313129993
1757415600000,991.4513010616744,990.7588349673576,3,993.3442313129993
1757419200000,991.5659299444679,990.9758942311587,3,993.3442313129993
1757422800000,992.9533067036667,990.8914462864369,3,993.3442313129993
1757426400000,993.2590173322549,992.2228674779552,3,993.3442313129993
1757430000000,991.682664619947,989.5449720356769,3,993.3442313129993
1757433600000,991.44806686787,990.3806644197718,3,993.3442313129993
1757437200000,992.0925390146748,990.9602836174867,3,993.3399156929222
1757440800000,991.8820556493847,990.9856027063844,3,993.3399156929222
1757444400000,992.0475912020341,991.4203042691425,3,993.3399156929222
1757448000000,992.2985570376399,991.7553023136518,3,993.3399156929222
1757451600000,992.3884929881569,991.8534766321724,3,993.3399156929222
1757455200000,992.011062268376,991.7499924603668,3,993.3399156929222
1757458800000,992.0706970590761,991.4915187908762,3,993.3399156929222
1757462400000,992.0050026012456,991.5581731455683,3,993.3399156929222
1757466000000,991.0677656718398,990.5508753691681,3,993.3397896330871
1757469600000,991.3450666945125,990.3692657046621,3,993.3397896330871
1757473200000,991.4792471371203,990.8224204551532,3,993.3397896330871
1757476800000,991.6140204778228,991.1332845461192,3,993.3397896330871
1757480400000,991.602368678104,990.9668687337179,3,993.3397896330871
1757484000000,991.3762586484003,990.8026014616606,3,993.3397896330871
1757487600000,991.3646396736419,990.7525360861657,3,993.3397896330871
1757491200000,991.8725766082814,990.978087319692,3,993.3397896330871
1757494800000,991.6307526570903,991.3558014165906,3,993.341803301031
1757498400000,992.1215626471784,991.1526667385691,3,993.341803301031
1757502000000,992.2108271887165,991.5059037404166,3,993.341803301031
1757505600000,992.1072242273545,991.6443598122673,3,993.341803301031
1757509200000,992.3802311802535,991.3810254663917,3,993.341803301031
1757512800000,992.8216454107204,991.5655493800942,3,993.341803301031
1757516400000,992.3193973582885,991.7999956089321,3,993.341803301031
1757520000000,991.953586877333,991.687732530615,3,993.341803301031
1757523600000,993.1094165413256,991.2723732964407,3,993.3501685599475
1757527200000,992.3207095352873,991.6511177680519,3,993.3501685599475
1757530800000,992.217559322602,991.5299906391951,3,993.3501685599475
1757534400000,991.5486457701119,990.3684964082114,3,993.3501685599475
1757538000000,991.8724182532152,991.2310053651125,3,993.3501685599475
1757541600000,992.0503011664583,991.3213353451032,3,993.3501685599475
1757545200000,992.2635603375486,991.8534738081096,3,993.3501685599475
1757548800000,992.5053281271696,991.9475103564856,3,993.3501685599475
1757552400000,992.4896166515724,991.8287978371687,3,993.357855361968
1757556000000,992.2374631350881,992.0463214060233,3,993.357855361968
1757559600000,992.1000650101097,991.6547675461945,3,993.357855361968
1757563200000,994.0503366821382,991.6977188389443,3,993.357855361968
1757566800000,994.9629644646336,993.5606150183315,3,993.357855361968
1757570400000,993.8866495387965,993.2925301807112,3,993.357855361968
1757574000000,994.075869151995,993.4812058793761,3,993.357855361968
1757577600000,994.5468918370866,993.1551277852519,3,993.357855361968
1757581200000,994.5059080395257,993.9837804218391,3,993.3499830655077
1757584800000,994.3712174336243,993.7578170155767,3,993.3499830655077
1757588400000,995.1619307864734,994.1816482722622,3,993.3499830655077
1757592000000,995.3089069444626,994.7632946554971,3,993.3499830655077
1757595600000,994.3122941756495,991.9688161333222,3,993.3499830655077
1757599200000,994.8094596529044,992.9417574560397,3,993.3499830655077
1757602800000,994.3797406219552,993.3624909374414,3,993.3499830655077
1757606400000,993.5902987749928,993.0537415311063,3,993.3499830655077
1757610000000,994.2037000790465,993.1650421585883,3,993.3480036860018
1757613600000,994.2495495071057,993.6821533887525,3,993.3480036860018
1757617200000,994.5982122358159,993.9326032713117,3,993.3480036860018
1757620800000,994.7202324577579,994.2206733884001,3,993.3480036860018
1757624400000,994.1192681293043,993.9041703208727,3,993.3480036860018
1757628000000,994.6288379527043,993.8627026566403,3,993.3480036860018
1757631600000,995.5843855265093,994.0462429275219,3,993.3480036860018
1757635200000,995.7203547920901,995.222016506905,3,993.3480036860018
1757638800000,997.1606688324374,994.7369672280744,3,993.3426989492689
1757642400000,996.3159119270214,995.8283448121919,3,993.3426989492689
1757646000000,996.664003674166,995.7405989042387,3,993.3426989492689
1757649600000,996.4529584786552,995.9698149487256,3,993.3426989492689
1757653200000,996.664780861007,996.0685979690697,3,993.3426989492689
1757656800000,996.8778173304337,995.9696769983493,3,993.3426989492689
1757660400000,996.4580503153888,995.9392201637195,3,993.3426989492689
1757664000000,996.2227159205872,995.4646227607078,3,993.3426989492689
1757667600000,996.0352598189116,995.512002801789,3,993.3346568581434
1757671200000,996.3450305012426,995.6681291397321,3,993.3346568581434
1757674800000,996.4830436831603,995.9113488186159,3,993.3346568581434
1757678400000,996.2985396653066,995.8673747900522,3,993.3346568581434
1757682000000,996.8352669047873,995.3589287546965,3,993.3346568581434
1757685600000,996.5310007840937,996.2139729904821,3,993.3346568581434
1757689200000,996.9328277087695,995.8222595462763,3,993.3346568581434
1757692800000,997.5660760993544,996.4477856813306,3,993.3346568581434
1757696400000,998.8402891280897,996.8296287593953,3,993.324024843446
1757700000000,998.8801453868308,998.2035094701423,3,993.324024843446
1757703600000,999.2349313016996,998.4310891222402,3,993.324024843446
1757707200000,999.3592876098503,998.7024623513768,3,993.324024843446
1757710800000,999.7737571581531,998.877723960843,2,1001.6697403014778
1757714400000,999.7496985943674,999.5157641306776,2,1001.6697403014778
1757718000000,999.5533332825768,999.2392592007666,2,1001.6697403014778
1757721600000,999.6456046350321,999.4204711451147,2,1001.6697403014778
1757725200000,999.6907291564659,998.8812470806939,3,1001.641569644045
1757728800000,999.6967103083189,999.1551763734137,3,1001.641569644045
1757732400000,999.957646494064,999.1480527910267,3,1001.641569644045
1757736000000,1000.2955028776069,999.4036377357346,3,1001.641569644045
1757739600000,1001.1265951941006,1000.1240285699188,3,1001.641569644045
1757743200000,1001.0626554637278,1000.5410468290153,3,1001.641569644045
1757746800000,1001.2465858970726,1000.6889951519672,3,1001.641569644045
1757750400000,1001.0516193922224,1000.6769373391451,3,1001.641569644045
1757754000000,1001.4376021243384,1000.5918978007976,3,1001.6334017129524
1757757600000,1003.4582429033599,1001.0668146041169,3,1001.6334017129524
1757761200000,1002.537006556493,1001.9842859816633,2,999.1576845929075
1757764800000,1002.9084137612668,1001.8126665859554,2,999.1576845929075
1757768400000,1002.5905398040359,1001.7468648682388,3,999.121765822568
1757772000000,1001.7680505662596,999.6335770554006,3,999.121765822568
1757775600000,1002.1005548550111,1000.0749254165768,3,999.121765822568
1757779200000,1001.7864793054487,1000.8187486083756,3,999.121765822568
1757782800000,999.9885249767636,999.6590360258051,3,999.1045477051115
1757786400000,998.4610700535159,996.4830523268621,2,996.6331954410477
1757790000000,998.4269019229274,997.7517624513616,2,996.6331954410477
1757793600000,998.1773414789643,997.9096711212517,2,996.6331954410477
1757797200000,998.5646879664955,998.0891204596285,2,996.6331954410477
1757800800000,998.7593588529983,998.5392859024926,2,996.6331954410477
1757804400000,998.649124484454,998.3507203437634,2,996.6331954410477
1757808000000,998.8274290402939,998.5407141860086,2,996.6331954410477
1757811600000,998.0197087469676,997.7720877143115,2,996.6232067831785
1757815200000,998.531471468489,996.9303786061271,2,996.6232067831785
1757818800000,998.9205405191357,998.2181364663985,2,996.6232067831785
1757822400000,997.5607393277177,997.2927434290832,2,996.6232067831785
1757826000000,997.6322328230765,996.2403115585338,3,996.5902151503684
1757829600000,998.4885195130356,997.4432381191416,3,996.5902151503684
1757833200000,998.5040686234305,997.7288463749239,3,996.5902151503684
1757836800000,998.4064974123629,997.6363268170229,3,996.5902151503684
1757840400000,998.4072015641486,997.8653658334866,3,996.5764209043031
1757844000000,998.860806752679,998.1236709559923,3,996.5764209043031
1757847600000,998.5702444948047,998.1311842131995,3,996.5764209043031
1757851200000,997.5169182567939,997.0212919196622,3,996.5764209043031
1757854800000,997.0509461708588,996.3493087397508,3,996.5764209043031
1757858400000,996.2785579505529,995.6002635954574,3,996.5764209043031
1757862000000,995.2216893383767,994.0394457572849,2,996.7653943715618
1757865600000,995.3547045131418,994.6051272092941,2,996.7653943715618
1757869200000,995.8383900003648,995.1844457173204,2,996.7582829403644
1757872800000,996.7290010043075,995.577742324728,2,996.7582829403644
1757876400000,995.660780429956,995.6229227091625,2,996.7582829403644
1757880000000,995.1767559870938,994.8833766199303,2,996.7582829403644
1757883600000,995.0517229878897,994.6393506110918,2,996.7582829403644
1757887200000,995.6272790790807,994.430912989135,2,996.7582829403644
1757890800000,995.97352554107,994.5763030591481,2,996.7582829403644
1757894400000,994.9899906163596,994.606580099022,2,996.7582829403644
1757898000000,995.2610453387558,994.8635749338663,2,996.7534586710512
1757901600000,995.2784369394335,994.5856827038103,2,996.7534586710512
1757905200000,995.465639605517,994.9417075792153,2,996.7534586710512
1757908800000,995.7382229593393,995.3958920030226,2,996.7534586710512
1757912400000,995.8425698181005,995.5603570188345,2,996.7534586710512
1757916000000,996.2869780247358,995.6150206260454,2,996.7534586710512
1757919600000,995.2034162614135,994.7728481965336,2,996.7534586710512
1757923200000,994.378691297835,993.7504666949452,1,994.2925525427679
1757926800000,993.7020838755355,993.5307356876759,1,994.2872785334165
1757930400000,993.9358203779494,993.6440891042599,1,994.2872785334165
1757934000000,993.6889032457002,993.5210698924633,1,994.2872785334165
1757937600000,993.7873186151376,993.501738302038,1,994.2872785334165
1757941200000,993.6968116236014,993.4771344596786,1,994.2872785334165
1757944800000,993.6994477495685,993.5210698924632,1,994.2872785334165
1757948400000,993.6106981753437,993.5755498291161,1,994.2872785334165
1757952000000,993.6607845687181,993.4182609797474,1,994.2872785334165
1757955600000,993.3322164838052,993.2522539961373,1,994.2820752337979
1757959200000,993.7346650481117,993.2584049567271,1,994.2820752337979
1757962800000,993.6380070959856,993.5132304668775,1,994.2820752337979
1757966400000,993.6300987180845,993.4402976484552,1,994.2820752337979
1757970000000,993.7118186230637,993.591435537234,1,994.2820752337979
1757973600000,993.8207784963694,993.6248264661502,1,994.2820752337979
1757977200000,993.7654198510609,993.6863360720487,1,994.2820752337979
1757980800000,993.7662985597166,993.6942444499498,1,994.2820752337979
1757984400000,993.5897362426736,993.4992292511375,1,994.2768611046147
1757988000000,993.5853426993951,993.55986014838,1,994.2768611046147
1757991600000,993.497471833826,993.4869273299578,1,994.2768611046147
1757995200000,993.5378924319879,993.4755041174337,1,994.2768611046147
1757998800000,993.6108252504102,993.3393042758017,1,994.2768611046147
1758002400000,993.8876184769529,993.5739194868712,1,994.2768611046147
1758006000000,993.9104649020009,993.8023837373509,1,994.2768611046147
1758009600000,993.8964055635098,993.8243514537431,1,994.2768611046147
1758013200000,994.0080466405365,993.833183618054,1,994.2716339304345
1758016800000,993.7778249727455,993.7716740121556,1,994.2716339304345
1758020400000,993.6249296666552,993.6214148320325,1,994.2716339304345
1758024000000,993.4887298250231,993.483457573089,1,994.2716339304345
1758027600000,993.5309078404963,993.4702769432537,1,994.2716339304345
1758031200000,993.7268598707154,993.4913659509903,1,994.2716339304345
1758034800000,993.6293232099337,993.4131608806338,1,994.2716339304345
1758038400000,993.9931085933897,993.472034360565,1,994.2716339304345
1758042000000,994.0695907290412,993.8859406200017,1,994.2663961611067
1758045600000,994.1776718936912,994.0660758944184,1,994.2663961611067
1758049200000,994.2462111688351,994.1627338465445,1,994.2663961611067
1758052800000,994.4298612778746,994.1864589802481,1,994.2663961611067
1758056400000,994.338166343453,994.1581457149091,2,994.2179651515993
1758060000000,994.5652228830537,994.1606569836143,2,994.2179651515993
1758063600000,994.5530408460652,994.353034502363,2,994.2179651515993
1758067200000,994.2116872660584,993.9298311870446,2,994.2179651515993
1758070800000,994.4502930448001,993.8874493840385,2,994.1976408455051
1758074400000,994.1332535428161,994.0478340038567,2,994.1976408455051
1758078000000,994.6279120774409,994.0283825292402,2,994.1976408455051
1758081600000,994.26127042667,994.1758608338519,2,994.1976408455051
1758085200000,993.5560011023791,993.335549929532,2,994.1976408455051
1758088800000,993.8371229570339,993.0291046621227,2,994.1976408455051
1758092400000,994.2630673632988,993.3741180915445,2,994.1976408455051
1758096000000,994.3853876927266,994.0605547239619,2,994.1976408455051
1758099600000,994.1253953608452,993.1623819609125,3,994.1132281833048
1758103200000,993.2600697798026,993.1165040028969,3,994.1132281833048
1758106800000,992.8729114079159,992.3232523280055,3,994.1132281833048
1758110400000,992.7134823684167,992.4769873138847,3,994.1132281833048
1758114000000,992.4715306352253,992.1613679689099,3,994.1132281833048
1758117600000,992.154490771804,991.7118520670442,3,994.1132281833048
1758121200000,991.1138843245781,990.6895502577803,3,994.1132281833048
1758124800000,991.4940042131649,990.7229425522595,3,994.1132281833048
1758128400000,990.5315372566785,990.076506001869,2,991.6805416005705
1758132000000,990.4145441482096,990.2959532911859,2,991.6805416005705
1758135600000,991.1865003114951,990.0887175596687,2,991.6805416005705
1758139200000,991.8670105672453,991.0330506073325,2,991.6805416005705
1758142800000,991.509475605792,991.4072956872081,2,991.6805416005705
1758146400000,993.0270565111161,991.171377199743,2,991.6805416005705
1758150000000,997.5794060892599,992.9913040361098,2,991.6805416005705
1758153600000,996.7505937892673,995.9307025834912,2,991.6805416005705
1758157200000,996.0992603849276,995.5888254095612,2,991.6639164595787
1758160800000,996.7710188961112,995.5582098525902,2,991.6639164595787
1758164400000,997.1207753099958,996.2294741730448,2,991.6639164595787
1758168000000,999.7299516035747,996.964280096586,2,991.6639164595787
1758171600000,999.0899069688701,998.64134072148,2,991.6639164595787
1758175200000,998.4681003129057,997.9352877073712,2,991.6639164595787
1758178800000,998.7233407099026,997.9537809042017,2,991.6639164595787
1758182400000,999.2355485522879,998.35445268941,2,991.6639164595787
1758186000000,999.6253989927645,999.1184885329145,2,991.6432398124542
1758189600000,999.7230605108082,998.8972481666832,2,991.6432398124542
1758193200000,998.9669904610662,998.4984536829776,2,991.6432398124542
1758196800000,999.2637840567312,998.6821236842995,2,991.6432398124542
1758200400000,999.9319578450551,999.0223786795507,2,991.6432398124542
1758204000000,999.6104201000612,999.1597420211045,2,991.6432398124542
1758207600000,999.3413156405678,999.0756257585406,2,991.6432398124542
1758211200000,998.9287316904253,998.8399321202461,2,991.6432398124542
1758214800000,998.9994376862755,998.593933136085,2,991.6297494461146
1758218400000,998.7750570572072,998.6121912723556,2,991.6297494461146
1758222000000,998.3506551652246,997.9021789636017,2,991.6297494461146
1758225600000,998.2520251580058,997.8733912426748,2,991.6297494461146
1758229200000,998.334019642862,998.1958726114905,2,991.6297494461146
1758232800000,998.167129913447,997.8673353009227,2,991.6297494461146
1758236400000,996.8459507366829,996.5555473394944,2,991.6297494461146
1758240000000,996.4576910759521,995.9786597899495,2,991.6297494461146
1758243600000,997.4574347790224,996.3472755099566,2,991.6208397816873
1758247200000,997.4348629338514,997.127719049321,2,991.6208397816873
1758250800000,996.6841661889437,996.1303847251116,2,991.6208397816873
1758254400000,996.001654039677,995.4760807680987,2,991.6208397816873
1758258000000,996.6674917858036,994.4954497981344,3,991.5949651244704
1758261600000,996.6669825523842,995.5174851267317,3,991.5949651244704
1758265200000,995.7912176620589,995.5199659134299,3,991.5949651244704
1758268800000,996.2339777138197,995.4705034255381,3,991.5949651244704
1758272400000,996.7491820059979,996.0301377037657,3,991.589389141287
1758276000000,995.4617520711764,995.0085173459947,3,991.589389141287
1758279600000,994.9948178072549,994.3794612024745,3,991.589389141287
1758283200000,993.722600102831,993.1484727931526,3,991.589389141287
1758286800000,993.8923007457402,993.5104565138663,3,991.589389141287
1758290400000,994.5972562913827,993.5551209825811,3,991.589389141287
1758294000000,992.7903220928368,992.4851723580196,2,991.5472738755726
1758297600000,991.8726762730963,990.976289554235,1,989.0831491282421
1758301200000,991.8552193214123,991.7102870970003,1,989.0748137850875
1758304800000,991.4427199134707,991.4153550878824,1,989.0748137850875
1758308400000,991.4893414681766,991.0575853311173,1,989.0748137850875
1758312000000,991.4133280637648,991.3940713346472,1,989.0748137850875
1758315600000,991.5410305831766,991.2967741769999,1,989.0748137850875
1758319200000,991.8906922434712,991.4751522993531,1,989.0748137850875
1758322800000,992.0275163714125,991.8694084902359,1,989.0748137850875
1758326400000,991.9910299372948,991.3849497261176,1,989.0748137850875
1758330000000,992.2646781931775,991.9312327258241,1,989.0748137850875
1758333600000,992.1734621078833,992.007246130236,1,989.0748137850875
1758337200000,992.660961408178,991.8613003937653,1,989.0748137850875
1758340800000,992.7521774934722,992.3700834472953,1,989.0748137850875
1758344400000,993.5832573817084,992.660961408178,1,989.0748137850875
1758348000000,993.3481225840611,993.1585958290609,1,989.0748137850875
1758351600000,993.2832578122964,993.134271539649,1,989.0748137850875
1758355200000,993.5498114837673,993.105893202002,1,989.0748137850875
1758358800000,993.2721091796493,993.174812022002,1,989.0748137850875
1758362400000,993.2001498234727,992.955893417296,1,989.0748137850875
1758366000000,993.3521766322964,993.1991363114138,1,989.0748137850875
1758369600000,993.787986817591,993.3511631202375,1,989.0748137850875
1758373200000,993.6501491775908,993.4545413502376,1,989.0748137850875
1758376800000,993.6582572740615,993.493054808473,1,989.0748137850875
1758380400000,994.7862961955334,993.5700817249437,1,989.0748137850875
1758384000000,995.7602812840639,994.7802151231804,1,989.0748137850875
1758387600000,996.1737942040644,995.4542006422989,1,989.0748137850875
1758391200000,996.2670373134763,995.8018352784757,1,989.0748137850875
1758394800000,995.8393352246522,995.7268353861226,1,989.0748137850875
1758398400000,995.5433897034754,995.134944343769,1,989.0748137850875
1758402000000,995.6234571561225,995.465349274946,1,989.0748137850875
1758405600000,997.2579440288031,995.6112950114166,0,997.2579440288031
1758409200000,997.2579440288031,997.2579440288031,0,997.2579440288031
1758412800000,997.2579440288031,997.2579440288031,0,997.2579440288031
1758416400000,998.6198759839817,996.8266778059816,1,997.2159636887399
1758420000000,999.4702586250952,998.00338875739,1,997.2159636887399
1758423600000,999.6302077229983,999.3095057628809,1,997.2159636887399
1758427200000,999.2572610826612,999.0916856345806,1,997.2159636887399
1758430800000,999.1399114932449,998.3899993910153,1,997.2159636887399
1758434400000,999.119013621157,998.7758062603295,1,997.2159636887399
1758438000000,999.794979406768,998.9928226243188,1,997.2159636887399
1758441600000,999.625385137132,999.490352732872,1,997.2159636887399
1758445200000,999.4678473321619,999.0466748331606,1,997.2159636887399
1758448800000,998.3916069196374,997.8860391679735,1,997.2159636887399
1758452400000,998.5595936606513,998.3120342528414,1,997.2159636887399
1758456000000,997.7823535718454,997.7309126559368,1,997.2159636887399
1758459600000,997.1488077387407,997.180334102853,0,997.1488077387407
1758463200000,997.1488077387407,997.1488077387407,0,997.1488077387407
1758466800000,997.1488077387407,997.1488077387407,0,997.1488077387407
1758470400000,997.1488077387407,997.1488077387407,0,997.1488077387407
1758474000000,997.1488077387407,997.1488077387407,0,997.1488077387407
1758477600000,997.1488077387407,997.1488077387407,0,997.1488077387407
1758481200000,997.1488077387407,997.1488077387407,0,997.1488077387407
1758484800000,997.1488077387407,997.1488077387407,0,997.1488077387407
1758488400000,997.1488077387407,997.1488077387407,0,997.1488077387407
1758492000000,997.1488077387407,997.1488077387407,0,997.1488077387407
1758495600000,997.1488077387407,997.1488077387407,0,997.1488077387407
1758499200000,997.1488077387407,997.1488077387407,0,997.1488077387407
1758502800000,997.1488077387407,997.1488077387407,0,997.1488077387407
1758506400000,997.1488077387407,997.1488077387407,0,997.1488077387407
1758510000000,997.1488077387407,997.1488077387407,0,997.1488077387407
1758513600000,997.1488077387407,997.1488077387407,0,997.1488077387407
1758517200000,997.1488077387407,997.1488077387407,0,997.1488077387407
1758520800000,997.1488077387407,997.1488077387407,0,997.1488077387407
1758524400000,997.1488077387407,997.1488077387407,0,997.1488077387407
1758528000000,997.1488077387407,997.1488077387407,0,997.1488077387407
1758531600000,996.7614472404455,996.1459184133084,3,997.05810301102
1758535200000,998.3040359109839,996.6197487142133,3,997.05810301102
1758538800000,996.5260828997777,996.155708914848,3,997.05810301102
1758542400000,996.9455236763929,996.1964221200163,3,997.05810301102
1758546000000,996.2523498391685,995.938943694467,3,997.05810301102
1758549600000,995.3946404694761,995.1179906040659,3,997.05810301102
1758553200000,996.4828084722453,994.9918291668944,3,997.05810301102
1758556800000,997.3196067691672,996.1398783685022,3,997.05810301102
1758560400000,997.371423420812,996.3626065494445,3,997.0587514118869
1758564000000,997.1631211335575,996.6876871725872,3,997.0587514118869
1758567600000,997.8161806731614,996.7629961790558,3,997.0587514118869
1758571200000,998.585525816283,997.4717174099735,3,997.0587514118869
1758574800000,996.7172799778436,996.4861566320783,3,997.0587514118869
1758578400000,995.7433946911808,995.6311898560276,3,997.0587514118869
1758582000000,996.1981490176533,995.7267054602158,3,997.0587514118869
1758585600000,995.7208013499935,995.484748110823,3,997.0587514118869
1758589200000,996.2693821406273,994.9935717582689,3,997.0591387009657
1758592800000,997.5993022034344,996.063638003423,3,997.0591387009657
1758596400000,998.6911884685102,996.757138167913,3,997.0591387009657
1758600000000,996.3267583626637,995.6609751681989,3,997.0591387009657
1758603600000,996.9967884289209,995.7487893318457,3,997.0591387009657
1758607200000,996.9704751710215,996.1610196467656,3,997.0591387009657
1758610800000,995.6537523423488,995.2369383594403,3,997.0591387009657
1758614400000,995.9786533859985,995.1746292029244,3,997.0591387009657
1758618000000,995.6071717474887,995.3096434767305,3,997.0677796958013
1758621600000,996.4047052769474,994.875149123784,3,997.0677796958013
1758625200000,996.1525619820973,995.8922227947505,3,997.0677796958013
1758628800000,996.2836569614228,995.9884331770315,3,997.0677796958013
1758632400000,996.0190193182623,995.5349303091988,3,997.0677796958013
1758636000000,996.4081573088572,995.492348462858,3,997.0677796958013
1758639600000,996.9381958795486,995.2505509321862,3,997.0677796958013
1758643200000,996.3133001665905,995.595779068971,3,997.0677796958013
1758646800000,995.7775402503636,995.1014013270251,3,997.0642261909343
1758650400000,997.9721827603763,995.6641698624202,3,997.0642261909343
1758654000000,998.1783257537496,997.2877381206146,3,997.0642261909343
1758657600000,998.4582302017087,996.977615374577,3,997.0642261909343
1758661200000,997.4485380251432,997.3977239701338,3,997.0642261909343
1758664800000,997.112498711713,996.6880305167423,3,997.0642261909343
1758668400000,997.4960540552528,996.8769298606841,3,997.0642261909343
1758672000000,998.4124404927416,997.1616630283487,3,997.0642261909343
1758675600000,997.8172406337565,996.8460211241692,3,997.072572864862
1758679200000,996.7509093054275,996.6123240205658,3,997.072572864862
1758682800000,997.6228160002312,996.6209319436197,3,997.072572864862
1758686400000,999.3661579422874,997.3454851727306,3,997.072572864862
1758690000000,998.7745476904698,997.6827396286291,3,997.072572864862
1758693600000,997.0170854763667,996.7997850940559,3,997.072572864862
1758697200000,996.711965928931,996.4409598541761,3,997.072572864862
1758700800000,996.8886526253673,996.4927536317157,3,997.072572864862
1758704400000,996.7287977588315,996.5514164868608,3,997.0828555335046
1758708000000,996.446977139544,996.1960454757925,3,997.0828555335046
1758711600000,996.4780054419152,996.2108666732597,3,997.0828555335046
1758715200000,996.0951578822377,995.368597272794,3,997.0828555335046
1758718800000,996.0989035088119,995.6457548367478,3,997.0828555335046
1758722400000,996.9773439596443,995.5776260240118,3,997.0828555335046
1758726000000,995.1249347157592,994.3968259467582,3,997.0828555335046
1758729600000,996.3585755500708,994.8776237893638,3,997.0828555335046
1758733200000,996.2120386987428,995.9310909851936,3,997.0892891167529
1758736800000,995.9689975494254,995.3946303393642,3,997.0892891167529
1758740400000,996.3802254390877,995.7921522496175,3,997.0892891167529
1758744000000,996.6525276641224,996.1030154469398,3,997.0892891167529
1758747600000,996.7745092187522,996.2757365672718,3,997.0892891167529
1758751200000,997.8967811346234,996.4697798433191,3,997.0892891167529
1758754800000,997.6772926423162,997.0476682714421,3,997.0892891167529
1758758400000,997.9421979677209,997.2683826499066,3,997.0892891167529
1758762000000,998.952106245079,997.5176355591808,3,997.0881274178397
1758765600000,999.8921440146992,998.5338553783872,3,997.0881274178397
1758769200000,999.3314811948206,998.0800828339671,3,997.0881274178397
1758772800000,1000.8282212748724,999.2747097911617,3,997.0881274178397
1758776400000,1003.1871794330023,1000.3449570337167,3,997.0881274178397
1758780000000,1001.9008437069728,1001.3118844034362,3,997.0881274178397
1758783600000,1003.204448517537,1001.7360028616209,3,997.0881274178397
1758787200000,1002.9617683189903,1002.0749407700462,3,997.0881274178397
1758790800000,1002.9444707415124,1001.9560789655471,3,997.0865234393323
1758794400000,1002.911285002224,1001.3395079195508,3,997.0865234393323
1758798000000,1003.0570257185686,1001.8379192803229,3,997.0865234393323
1758801600000,1003.685010113206,1002.6445810972111,3,997.0865234393323
1758805200000,1003.9459197631628,1002.7098210770886,3,997.0865234393323
1758808800000,1003.6000169802338,1002.0601685038774,3,997.0865234393323
1758812400000,1002.1323353876813,1001.1289226957861,3,997.0865234393323
1758816000000,1002.7423124434006,1001.9481642965388,3,997.0865234393323
1758819600000,1005.5028305491084,1002.5263523989706,3,997.1034126227539
1758823200000,1009.4403441203403,1005.3310353703835,3,997.1034126227539
1758826800000,1005.5363949064773,1005.4519095399279,3,997.1034126227539
1758830400000,1006.4956686405701,1004.5510010422431,3,997.1034126227539
1758834000000,1007.8182535550224,1006.1007934534139,3,997.1034126227539
1758837600000,1006.9205330557523,1006.2656513584008,3,997.1034126227539
1758841200000,1007.4800408952105,1005.7356850801148,3,997.1034126227539
1758844800000,1008.3411795289067,1006.6721509952638,3,997.1034126227539
1758848400000,1005.8330938576033,1005.4607007358605,3,997.117268325186
1758852000000,1005.5939917642949,1005.0104122179189,3,997.117268325186
1758855600000,1005.7369603980287,1004.7753902853001,3,997.117268325186
1758859200000,1005.4603507652761,1005.246318781517,3,997.117268325186
1758862800000,1006.047909161263,1004.9608215844279,3,997.117268325186
1758866400000,1006.7119713377401,1005.05816566231,3,997.117268325186
1758870000000,1006.7441561758188,1005.5715708424816,3,997.117268325186
1758873600000,1006.1554355358533,1005.6293126116503,3,997.117268325186
1758877200000,1006.147676305546,1005.5727349501864,3,997.1264869190301
1758880800000,1006.878324778294,1005.7543551887769,3,997.1264869190301
1758884400000,1008.2849806292786,1006.7855245408591,3,997.1264869190301
1758888000000,1007.5745631765624,1007.0760985773632,3,997.1264869190301
1758891600000,1005.9744006633077,1004.8253698822057,3,997.1264869190301
1758895200000,1004.7669977221767,1004.1630848318987,3,997.1264869190301
1758898800000,1006.4059215607748,1004.4555723385944,3,997.1264869190301
1758902400000,1005.222414427057,1004.6333289850133,3,997.1264869190301
1758906000000,1003.508568297838,1003.109783375023,3,997.1392389409858
1758909600000,1001.862301844768,1001.6112668104155,3,997.1392389409858
1758913200000,1001.6998980776161,1000.8203591284231,3,997.1392389409858
1758916800000,1002.6842571239289,1001.6304562575236,3,997.1392389409858
1758920400000,1003.0883068793812,1002.2290626958383,3,997.1392389409858
1758924000000,1002.5156523430787,1002.3530735545345,3,997.1392389409858
1758927600000,1002.4957806194119,1001.8292866339501,3,997.1392389409858
1758931200000,1002.3058838856301,1002.1342741320487,3,997.1392389409858
1758934800000,1002.3947901738702,1002.2041430241084,3,997.1474926443894
1758938400000,1002.8122124213471,1002.3070534684043,3,997.1474926443894
1758942000000,1003.0750206092621,1002.6047462533639,3,997.1474926443894
1758945600000,1002.6945672931085,1002.2126250112132,3,997.1474926443894
1758949200000,1002.7082901295943,1002.3176421525775,3,997.1474926443894
1758952800000,1002.8444143190607,1002.6652247053447,3,997.1474926443894
1758956400000,1002.9982551947364,1002.8306951313239,3,997.1474926443894
1758960000000,1003.6937747977163,1002.7797470326343,3,997.1474926443894
1758963600000,1004.6465257800922,1003.694804881804,3,997.1601177543939
1758967200000,1004.1439046739324,1003.9322553797748,3,997.1601177543939
1758970800000,1003.6897529037569,1003.2659847900338,3,997.1601177543939
1758974400000,1003.919257184228,1003.5104330976679,3,997.1601177543939
1758978000000,1003.1549312865519,1002.81036850407,3,997.1601177543939
1758981600000,1003.386554425688,1002.9704656913935,3,997.1601177543939
1758985200000,1003.6489184581193,1003.1150601114842,3,997.1601177543939
1758988800000,1003.2898060769007,1003.1351018550652,3,997.1601177543939
1758992400000,1003.8359424494333,1003.227381366555,3,997.176959721448
1758996000000,1004.2296175594129,1003.8210061248848,3,997.176959721448
1758999600000,1004.293957674401,1004.073026590039,3,997.176959721448
1759003200000,1004.0873333339604,1003.9659293708199,3,997.176959721448
1759006800000,1004.1163517913598,1003.7927482846583,3,997.176959721448
1759010400000,1003.5730095748584,1003.3537241750045,3,997.176959721448
1759014000000,1003.2408245617584,1002.6225671595402,3,997.176959721448
1759017600000,1003.6669802631218,1002.9680787889147,3,997.176959721448
1759021200000,1004.2318916348835,1003.3262943720032,3,997.192255570605
1759024800000,1005.2319309683993,1004.1287135083435,3,997.192255570605
1759028400000,1005.0436916756056,1004.6213263263959,3,997.192255570605
1759032000000,1004.9936028692101,1004.6734875080316,3,997.192255570605
1759035600000,1005.0076876040793,1004.8783627933632,3,997.192255570605
1759039200000,1005.008230671182,1004.5083210804682,3,997.192255570605
1759042800000,1005.256115742876,1004.7820293136488,3,997.192255570605
1759046400000,1004.9625065647969,1004.797445769915,3,997.192255570605
1759050000000,1005.5742013192839,1004.821654688558,3,997.201518807679
1759053600000,1005.8932638552935,1005.3347172268832,3,997.201518807679
1759057200000,1005.6666204017989,1005.5559692319162,3,997.201518807679
1759060800000,1005.8334287999425,1005.6214135535362,3,997.201518807679
1759064400000,1006.2907801224545,1005.7715938643149,3,997.201518807679
1759068000000,1004.3869465646487,1004.0321704072628,3,997.201518807679
1759071600000,1003.9495782415773,1003.7972910311721,3,997.201518807679
1759075200000,1003.8863565543404,1003.6347335586867,3,997.201518807679
1759078800000,1003.1468137731255,1002.4149650206425,3,997.2135190165828
1759082400000,1002.7437179312228,1002.3256045544022,3,997.2135190165828
1759086000000,1002.4158653558273,1002.267778736348,3,997.2135190165828
1759089600000,1002.6148137630304,1002.2442040182247,3,997.2135190165828
1759093200000,1001.7755772037985,1001.1428428351866,3,997.2135190165828
1759096800000,1001.4174904860394,1000.9688756245484,3,997.2135190165828
1759100400000,999.3977636816956,997.9924708135468,2,999.2085093641725
1759104000000,999.525624584298,999.1518943006239,2,999.2085093641725
1759107600000,999.8354286872082,999.3680656955769,2,999.2181548912479
1759111200000,1000.4389039092673,999.7012737049391,2,999.2181548912479
1759114800000,1000.1253566259455,999.8035580147986,2,999.2181548912479
1759118400000,999.878308483756,999.8440802891104,2,999.2181548912479
1759122000000,1000.1344085019249,999.7799607313273,2,999.2181548912479
1759125600000,1000.456607387149,1000.092707466495,2,999.2181548912479
1759129200000,1000.9821961309738,1000.4451979889337,2,999.2181548912479
1759132800000,1000.8059619003109,1000.5557556877314,2,999.2181548912479
1759136400000,1000.0790060656088,999.8217272863219,2,999.227672560869
1759140000000,1000.4366119065963,999.8878040922641,2,999.227672560869
1759143600000,1001.0251414470865,1000.2202336145854,2,999.227672560869
1759147200000,1001.1333416236483,1000.9016173759917,2,999.227672560869
1759150800000,1001.7336808364307,1000.6589060653096,2,999.227672560869
1759154400000,1000.287955639061,999.9555261167399,2,999.227672560869
1759158000000,999.4197067358176,998.9814566202832,2,999.227672560869
1759161600000,1000.3937541711614,999.1049806913782,2,999.227672560869
1759165200000,1000.8916977456512,999.9136916917639,2,999.2354343472973
1759168800000,1000.5136306304694,1000.3645299666314,2,999.2354343472973
1759172400000,1000.653679418328,1000.4439954800606,2,999.2354343472973
1759176000000,1000.0387947980537,999.9176282491948,2,999.2354343472973
1759179600000,998.9766081862656,998.9120883544055,2,999.2354343472973
1759183200000,999.3432659032323,998.8542628762887,2,999.2354343472973
1759186800000,999.5525495674228,999.1622945669849,2,999.2354343472973
1759190400000,999.9164494880768,999.4644324520914,2,999.2354343472973
1759194000000,1000.5499950909378,999.5963868686758,2,999.2450434539048
1759197600000,1000.7195570289703,999.98310558576,2,999.2450434539048
1759201200000,1000.9583538433345,1000.3635302231777,2,999.2450434539048
1759204800000,1000.9618901266882,1000.5071152943901,2,999.2450434539048
1759208400000,1001.1074545071724,1000.7447333476364,2,999.2450434539048
1759212000000,1000.8489969667676,1000.6644893471663,2,999.2450434539048
1759215600000,1000.8934557985102,1000.3973802048591,2,999.2450434539048
1759219200000,1001.5421683393531,1000.6546589841461,2,999.2450434539048
1759222800000,1001.872247796785,1001.4249458052715,2,999.2489874686821
1759226400000,1002.4340219834144,1001.752260009044,2,999.2489874686821
1759230000000,1002.1901098505015,1001.9792471511162,2,999.2489874686821
1759233600000,1001.7361135052442,1001.6692361511482,2,999.2489874686821
1759237200000,1002.1322843723847,1001.6342294694618,2,999.2489874686821
1759240800000,1001.9694167880958,1001.3643625308418,2,999.2489874686821
1759244400000,1001.9949933808389,1001.7762575665922,2,999.2489874686821
1759248000000,1002.9788932403158,1001.9709958232907,2,999.2489874686821
1759251600000,1003.1447092169242,1002.8488654114842,2,999.2499565517298
1759255200000,1003.174222367098,1002.5491071097264,2,999.2499565517298
1759258800000,1002.4086580477908,1002.2859124637371,2,999.2499565517298
1759262400000,1001.1407240551661,1001.0105056303278,2,999.2499565517298
1759266000000,1000.3531414875827,1000.3063251336041,2,999.2499565517298
1759269600000,1000.8673208331925,999.9558139204371,2,999.2499565517298
1759273200000,1001.1804678424371,1000.2284386553699,2,999.2499565517298
1759276800000,1000.6529218504534,1000.5923385760238,2,999.2499565517298
1759280400000,1000.7257989371965,1000.3327861404458,2,999.2594925677307
1759284000000,1000.0810008926716,1000.0392998572415,2,999.2594925677307
1759287600000,1000.6907701943973,1000.0455939369082,2,999.2594925677307
1759291200000,1001.4240635672177,1000.5629092917948,2,999.2594925677307
1759294800000,1001.0259354519183,1000.4240392650539,2,999.2594925677307
1759298400000,1000.6899696462433,1000.4082930353311,2,999.2594925677307
1759302000000,1001.3331886555735,1000.5715608936971,2,999.2594925677307
1759305600000,1000.7525322299447,1000.5251448137956,2,999.2594925677307
1759309200000,998.0961641425088,997.266645040569,1,999.2279011434233
1759312800000,997.7424727978392,997.7082446031937,1,999.2279011434233
1759316400000,998.0619359478634,997.7082446031937,1,999.2279011434233
1759320000000,998.0505265496482,997.8223385853453,1,999.2279011434233
1759323600000,997.9474338333055,997.3754097864713,2,999.1621836471279
1759327200000,998.3165995061196,997.6584844931403,2,999.1621836471279
1759330800000,998.7002936810673,997.8079061826897,2,999.1621836471279
1759334400000,998.7453251612949,998.253714616309,2,999.1621836471279
1759338000000,999.0130601011681,998.490708434661,2,999.153618970746
1759341600000,998.2077247769756,997.9612008347351,2,999.153618970746
1759345200000,998.2555635927737,997.6455126652207,2,999.153618970746
1759348800000,998.3232796487874,997.9539364282696,2,999.153618970746
1759352400000,998.3642391033384,997.5971169266957,3,999.1168667014017
1759356000000,998.7676453613126,997.8525889083423,3,999.1168667014017
1759359600000,1000.5286685516292,998.4673450378925,3,999.1168667014017
1759363200000,1001.3894546335965,999.6045431094477,3,999.1168667014017
1759366800000,1003.313959923464,1000.9389359747673,3,999.1032168976016
1759370400000,1005.0659781681561,1002.4168357507749,3,999.1032168976016
1759374000000,1003.0372344435916,1002.3176211448148,3,999.1032168976016
1759377600000,1003.1690953547239,1002.496975153295,3,999.1032168976016
1759381200000,1002.4572541693965,1001.8493715373572,2,996.6331341515375
1759384800000,1002.134102692981,1001.8998291512639,2,996.6331341515375
1759388400000,1002.4842342571949,1002.0393022460149,2,996.6331341515375
1759392000000,1003.2396627148294,1002.2136774414098,2,996.6331341515375
1759395600000,1003.2830488660474,1002.6646335501842,2,996.611978929505
1759399200000,1004.1454105432438,1002.951845687259,2,996.611978929505
1759402800000,1005.1624357362527,1003.7094346519145,2,996.611978929505
1759406400000,1003.8457780692939,1003.4573864811434,2,996.611978929505
1759410000000,1004.5379801002741,1003.4629573213455,2,996.611978929505
1759413600000,1004.0020739389429,1002.7846242239242,2,996.611978929505
1759417200000,1002.4882832626575,1001.8931587033388,2,996.611978929505
1759420800000,1004.4489710020933,1001.9562477031275,2,996.611978929505
1759424400000,1004.4735830291186,1003.4104781324995,2,996.5913164689177
1759428000000,1004.6706705370265,1003.6034572138285,2,996.5913164689177
1759431600000,1005.370349786908,1004.6013142613747,2,996.5913164689177
1759435200000,1005.8752927015248,1005.1416525199079,2,996.5913164689177
1759438800000,1005.8365837218001,1004.693146126349,3,996.5559272363982
1759442400000,1004.9293471171026,1004.6244071175271,3,996.5559272363982
1759446000000,1004.4131336251808,1004.0136454036233,3,996.5559272363982
1759449600000,1005.3666328428493,1004.3533420349605,3,996.5559272363982
1759453200000,1003.8003779250245,1003.440571018888,3,996.5337065502761
1759456800000,1003.2836458683864,1002.9495013448842,3,996.5337065502761
1759460400000,1004.0449760432501,1002.8844679991388,3,996.5337065502761
1759464000000,1003.8802543930707,1003.462916999507,3,996.5337065502761
1759467600000,1003.884459345937,1003.1450385902009,3,996.5337065502761
1759471200000,1003.0855535632293,1002.5517545662439,3,996.5337065502761
1759474800000,1002.6981573117364,1001.999430923544,3,996.5337065502761
1759478400000,1002.0143078864935,1001.4932217889107,3,996.5337065502761
1759482000000,1002.7241080603227,1000.5268939797819,3,996.5070381070265
1759485600000,1003.342680245779,1002.436075827813,3,996.5070381070265
1759489200000,1003.8712583399418,1003.1569610993893,3,996.5070381070265
1759492800000,1003.6453654916938,1002.9695867464668,3,996.5070381070265
1759496400000,1004.1295905948185,1003.2055097952339,3,996.5070381070265
1759500000000,1003.9376380429122,1003.115008465936,3,996.5070381070265
1759503600000,1005.3923950135523,1002.4075320510576,3,996.5070381070265
1759507200000,1008.4212957044365,1004.4843730963208,3,996.5070381070265
1759510800000,1008.8400464141306,1008.0658841247841,3,996.4823043078482
1759514400000,1008.1028512063351,1005.182920217819,3,996.4823043078482
1759518000000,1010.5120495661076,1006.7386459137541,3,996.4823043078482
1759521600000,1010.1424015635215,1009.3794904332218,3,996.4823043078482
1759525200000,1010.2094584716104,1008.3914112317144,3,996.4823043078482
1759528800000,1009.1772347760281,1008.3975968975088,3,996.4823043078482
1759532400000,1009.0794893578533,1008.5937802340802,3,996.4823043078482
1759536000000,1008.3398860153069,1007.9823197425219,3,996.4823043078482
1759539600000,1007.9342851593847,1007.4836296583916,3,996.4566940414842
1759543200000,1006.8172827262351,1005.989059749095,3,996.4566940414842
1759546800000,1006.9438693870657,1005.9242527115398,3,996.4566940414842
1759550400000,1007.2032128355401,1006.3842978884118,3,996.4566940414842
1759554000000,1007.3562880931969,1006.7328753122806,3,996.4566940414842
1759557600000,1007.4248468905001,1007.0468438769583,3,996.4566940414842
1759561200000,1007.4928625779502,1007.2213079354053,3,996.4566940414842
1759564800000,1006.8292020660613,1006.5177657128905,3,996.4566940414842
1759568400000,1006.5433383410887,1006.1726143142319,3,996.4346512744028
1759572000000,1006.430896577165,1006.2337015617616,3,996.4346512744028
1759575600000,1006.2505649011094,1006.0384162184494,3,996.4346512744028
1759579200000,1005.7472590793981,1005.5675263780809,3,996.4346512744028
1759582800000,1005.8500114085172,1005.555824331571,3,996.4346512744028
1759586400000,1006.8197091634529,1005.8339932878911,3,996.4346512744028
1759590000000,1005.58572907054,1005.5529775528752,3,996.4346512744028
1759593600000,1004.8719852437196,1004.4890289041978,2,999.9247492035502
1759597200000,1004.9615858411191,1004.3809032921453,2,999.9099940406661
1759600800000,1004.9470734994329,1004.6702273849539,2,999.9099940406661
1759604400000,1004.6230638801217,1004.4330252072367,2,999.9099940406661
1759608000000,1005.2463760684235,1004.6227938421799,2,999.9099940406661
1759611600000,1005.2691947447479,1005.1495093163453,2,999.9099940406661
1759615200000,1005.7644644296146,1005.2473586644886,2,999.9099940406661
1759618800000,1005.940277469337,1005.6341693879588,2,999.9099940406661
1759622400000,1006.0293561532264,1005.7476056458511,2,999.9099940406661
1759626000000,1005.5143379202402,1005.4294927475794,2,999.8940159281879
1759629600000,1006.0134564877868,1005.4752204030574,2,999.8940159281879
1759633200000,1008.7600678259785,1005.8425640158741,1,1007.9239693759912
1759636800000,1008.4860511872671,1008.4162871809746,1,1007.9239693759912
1759640400000,1009.1640061468374,1008.4323502253128,1,1007.9239693759912
1759644000000,1009.0840058867999,1008.8923517205287,1,1007.9239693759912
1759647600000,1008.9314069655865,1008.799280551863,1,1007.9239693759912
1759651200000,1009.6640077720722,1008.919595903573,1,1007.9239693759912
1759654800000,1009.1497517031331,1009.0297333107953,2,1007.8428270712799
1759658400000,1006.984764778943,1006.5284603328689,2,1007.8428270712799
1759662000000,1006.8467776747091,1006.0416173678797,2,1007.8428270712799
1759665600000,1007.4035475328133,1006.5454438741086,2,1007.8428270712799
1759669200000,1006.7302761032385,1006.5405602560232,2,1007.8428270712799
1759672800000,1006.923335856892,1006.7014031567961,2,1007.8428270712799
1759676400000,1006.7369623171548,1006.3642737526429,2,1007.8428270712799
1759680000000,1006.4608063633565,1006.2213891339043,2,1007.8428270712799
1759683600000,1005.8727825782087,1005.1895175910856,1,1005.3617245548307
1759687200000,1005.6104195206839,1005.473568682155,1,1005.3617245548307
1759690800000,1005.7176639637657,1005.3708911830518,1,1005.3617245548307
1759694400000,1005.218607223492,1005.1346699427833,1,1005.3617245548307
1759698000000,1005.3951432303859,1004.9888426971243,1,1005.3617245548307
1759701600000,1005.5049073666974,1005.2921507696288,1,1005.3617245548307
1759705200000,1005.6272699691564,1005.43388351379,1,1005.3617245548307
1759708800000,1005.643962936802,1005.611206924818,1,1005.3617245548307
1759712400000,1005.409376078002,1005.2243361064584,1,1005.3561148182642
1759716000000,1005.8539444521871,1005.2578795225766,1,1005.3561148182642
1759719600000,1006.0235513026998,1005.5005574767455,1,1005.3561148182642
1759723200000,1005.9936299455992,1005.8534720097066,1,1005.3561148182642
1759726800000,1005.8067002041334,1005.7599283985603,1,1005.3561148182642
1759730400000,1005.857094068724,1005.5641797307912,1,1005.3561148182642
1759734000000,1006.3638673695132,1005.84481056423,1,1005.3561148182642
1759737600000,1005.9318974614757,1005.8607161277414,1,1005.3561148182642
1759741200000,1006.8736130640038,1005.8650427394199,2,1005.3125690038038
1759744800000,1007.5576529591555,1006.8223106129334,2,1005.3125690038038
1759748400000,1007.4393814365434,1007.007411038024,2,1005.3125690038038
1759752000000,1007.7625254651587,1007.0984269281666,2,1005.3125690038038
1759755600000,1008.634771494421,1007.6833062564349,2,1005.3125690038038
1759759200000,1008.9707906186854,1007.9564321109121,2,1005.3125690038038
1759762800000,1008.5670450961708,1008.0070882961531,2,1005.3125690038038
1759766400000,1009.3064700039837,1008.4308908438298,2,1005.3125690038038
1759770000000,1009.0498545637298,1007.8811030051725,3,1005.2695281895386
1759773600000,1009.6786932884955,1008.488485150964,3,1005.2695281895386
1759777200000,1010.284759180676,1009.0298543039537,3,1005.2695281895386
1759780800000,1010.560454304677,1009.4960717991063,3,1005.2695281895386
1759784400000,1009.7672541998204,1009.4231862551019,3,1005.2695281895386
1759788000000,1010.3450153839887,1008.8050260701182,3,1005.2695281895386
1759791600000,1010.2586097221783,1009.6387501392086,3,1005.2695281895386
1759795200000,1009.3591654163747,1009.0309379243334,3,1005.2695281895386
1759798800000,1009.1748650115626,1008.6669424553669,3,1005.2566423260272
1759802400000,1008.4789464007796,1007.5024928953356,3,1005.2566423260272
1759806000000,1009.6072637628793,1008.2909900261399,3,1005.2566423260272
1759809600000,1009.5462406585174,1009.1776129014082,3,1005.2566423260272
1759813200000,1011.2287393978969,1008.7774287155283,3,1005.2566423260272
1759816800000,1011.5172672048822,1010.3412031525964,3,1005.2566423260272
1759820400000,1008.992565743774,1008.6873497906703,3,1005.2566423260272
1759824000000,1009.4866535605582,1008.5369784425927,3,1005.2566423260272
1759827600000,1009.9725312632211,1007.2147224479825,3,1005.2438846177135
1759831200000,1011.1509767799892,1009.736548136611,3,1005.2438846177135
1759834800000,1012.1433905235227,1010.4853923572227,3,1005.2438846177135
1759838400000,1013.5931081499275,1011.5969112780003,3,1005.2438846177135
1759842000000,1017.1079190037624,1012.2922473762767,2,1013.703382418141
1759845600000,1015.7353599208335,1014.5965326165459,2,1013.703382418141
1759849200000,1012.7394573939746,1012.61313270689,1,1011.2077661318103
1759852800000,1011.151153976549,1010.8695300560098,0,1011.151153976549
1759856400000,1011.151153976549,1011.151153976549,0,1011.151153976549
1759860000000,1011.151153976549,1011.151153976549,0,1011.151153976549
1759863600000,1011.151153976549,1011.151153976549,0,1011.151153976549
1759867200000,1011.151153976549,1011.151153976549,0,1011.151153976549
1759870800000,1011.151153976549,1011.151153976549,0,1011.151153976549
1759874400000,1011.151153976549,1011.151153976549,0,1011.151153976549
1759878000000,1011.151153976549,1011.151153976549,0,1011.151153976549
1759881600000,1011.151153976549,1011.151153976549,0,1011.151153976549
1759885200000,1011.151153976549,1011.151153976549,0,1011.151153976549
1759888800000,1011.151153976549,1011.151153976549,0,1011.151153976549
1759892400000,1011.151153976549,1011.151153976549,0,1011.151153976549
1759896000000,1011.151153976549,1011.151153976549,0,1011.151153976549
1759899600000,1011.151153976549,1011.151153976549,0,1011.151153976549
1759903200000,1011.151153976549,1011.151153976549,0,1011.151153976549
1759906800000,1011.151153976549,1011.151153976549,0,1011.151153976549
1759910400000,1011.151153976549,1011.151153976549,0,1011.151153976549
1759914000000,1011.151153976549,1011.151153976549,0,1011.151153976549
1759917600000,1011.151153976549,1011.151153976549,0,1011.151153976549
1759921200000,1011.151153976549,1011.151153976549,0,1011.151153976549
1759924800000,1011.151153976549,1011.151153976549,0,1011.151153976549
1759928400000,1011.151153976549,1011.151153976549,0,1011.151153976549
1759932000000,1011.151153976549,1011.151153976549,0,1011.151153976549
1759935600000,1011.151153976549,1011.151153976549,0,1011.151153976549
1759939200000,1011.151153976549,1011.151153976549,0,1011.151153976549
1759942800000,1011.151153976549,1011.151153976549,0,1011.151153976549
1759946400000,1011.151153976549,1011.151153976549,0,1011.151153976549
1759950000000,1011.151153976549,1011.151153976549,0,1011.151153976549
1759953600000,1011.151153976549,1011.151153976549,0,1011.151153976549
1759957200000,1011.151153976549,1011.151153976549,0,1011.151153976549
1759960800000,1011.151153976549,1011.151153976549,0,1011.151153976549
1759964400000,1011.151153976549,1011.151153976549,0,1011.151153976549
1759968000000,1011.151153976549,1011.151153976549,0,1011.151153976549
1759971600000,1011.151153976549,1011.151153976549,0,1011.151153976549
1759975200000,1011.151153976549,1011.151153976549,0,1011.151153976549
1759978800000,1011.151153976549,1011.151153976549,0,1011.151153976549
1759982400000,1011.151153976549,1011.151153976549,0,1011.151153976549
1759986000000,1011.151153976549,1011.151153976549,0,1011.151153976549
1759989600000,1011.151153976549,1011.151153976549,0,1011.151153976549
1759993200000,1011.151153976549,1011.151153976549,0,1011.151153976549
1759996800000,1011.151153976549,1011.151153976549,0,1011.151153976549
1760000400000,1011.151153976549,1011.151153976549,0,1011.151153976549
1760004000000,1011.151153976549,1011.151153976549,0,1011.151153976549
1760007600000,1011.151153976549,1011.151153976549,0,1011.151153976549
1760011200000,1011.151153976549,1011.151153976549,0,1011.151153976549
1760014800000,1011.151153976549,1011.151153976549,0,1011.151153976549
1760018400000,1011.151153976549,1011.151153976549,0,1011.151153976549
1760022000000,1011.151153976549,1011.151153976549,0,1011.151153976549
1760025600000,1011.151153976549,1011.151153976549,0,1011.151153976549
1760029200000,1011.151153976549,1011.151153976549,0,1011.151153976549
1760032800000,1011.151153976549,1011.151153976549,0,1011.151153976549
1760036400000,1011.151153976549,1011.151153976549,0,1011.151153976549
1760040000000,1011.151153976549,1011.151153976549,0,1011.151153976549
1760043600000,1011.151153976549,1011.151153976549,0,1011.151153976549
1760047200000,1011.151153976549,1011.151153976549,0,1011.151153976549
1760050800000,1011.151153976549,1011.151153976549,0,1011.151153976549
1760054400000,1011.151153976549,1011.151153976549,0,1011.151153976549
1760058000000,1012.2484601739881,1010.9830649681954,1,1011.1171468746472
1760061600000,1012.2394538024166,1011.6360269071276,1,1011.1171468746472
1760065200000,1012.0953518572729,1011.8386702674859,1,1011.1171468746472
1760068800000,1013.5273649371378,1011.8746957537718,1,1011.1171468746472
1760072400000,1012.8158615829911,1012.5321608784895,1,1011.1171468746472
1760076000000,1012.9959890144207,1011.9872753984152,1,1011.1171468746472
1760079600000,1011.9287339832006,1011.0686254981244,1,1011.1171468746472
1760083200000,1012.1854155729877,1011.6135109781989,1,1011.1171468746472
1760086800000,1012.5173799689184,1012.1075900624162,1,1011.1113723366475
1760090400000,1012.8731316459917,1012.2967238654172,1,1011.1113723366475
1760094000000,1012.8461125312773,1012.3867875811319,1,1011.1113723366475
1760097600000,1013.9313803056403,1012.8461125312773,1,1011.1113723366475
1760101200000,1014.3997116273572,1013.5531126996383,1,1011.1113723366475
1760104800000,1014.6834123318587,1014.0664758792125,1,1011.1113723366475
1760108400000,1013.7917815462824,1013.6476796011389,1,1011.1113723366475
1760112000000,1011.066036370081,1011.1033796321964,0,1011.066036370081
1760115600000,1011.2040470454225,1009.8933962263275,2,1011.0016061807255
1760119200000,1011.5427823933586,1011.0450745184405,2,1011.0016061807255
1760122800000,1012.4663945073908,1011.2362629039643,2,1011.0016061807255
1760126400000,1014.0340040582812,1012.208973600312,2,1011.0016061807255
1760130000000,1024.8062518089923,1012.5460667417871,2,1019.438200225363
1760133600000,1036.5882260001754,1018.5587499691487,0,1036.5882260001754
1760137200000,1036.5882260001754,1036.5882260001754,0,1036.5882260001754
1760140800000,1036.5882260001754,1036.5882260001754,0,1036.5882260001754
1760144400000,1036.2234084213324,1035.261780781095,3,1036.539988488689
1760148000000,1037.4217952326485,1036.047311476405,3,1036.539988488689
1760151600000,1034.627805449659,1033.9335201318686,3,1036.539988488689
1760155200000,1035.4674942234003,1033.895466431856,3,1036.539988488689
1760158800000,1034.3718122136695,1034.312252634716,3,1036.539988488689
1760162400000,1035.4543497903107,1034.257263501434,3,1036.539988488689
1760166000000,1035.5807776134438,1034.7669057850974,3,1036.539988488689
1760169600000,1036.2441376207876,1035.2898763480136,3,1036.539988488689
1760173200000,1035.1691237181115,1034.906171145151,3,1036.547983899522
1760176800000,1035.1922332997488,1034.3776499399353,3,1036.547983899522
1760180400000,1034.8851555584172,1034.4552151286414,3,1036.547983899522
1760184000000,1035.0075469370913,1034.734971474872,3,1036.547983899522
1760187600000,1035.5313066736721,1034.8613607711443,3,1036.547983899522
1760191200000,1035.6381070495327,1035.3300873945873,3,1036.547983899522
1760194800000,1035.9239488447538,1035.435356558822,3,1036.547983899522
1760198400000,1035.801170494038,1035.260760682774,3,1036.547983899522
1760202000000,1035.8628556157341,1035.4616655542488,3,1036.5474233631508
1760205600000,1035.8553144450568,1035.4818654377932,3,1036.5474233631508
1760209200000,1036.3128489625742,1035.8410849973504,3,1036.5474233631508
1760212800000,1037.9936585105247,1036.271635851667,3,1036.5474233631508
1760216400000,1039.5581046617538,1037.7318725505306,3,1036.5474233631508
1760220000000,1038.7357934330191,1038.6101707133846,3,1036.5474233631508
1760223600000,1038.2468197737032,1038.0117415064142,3,1036.5474233631508
1760227200000,1038.3723495630263,1037.742211920184,3,1036.5474233631508
1760230800000,1039.2663860249438,1038.0836006515199,3,1036.5367563792795
1760234400000,1039.0602527885173,1038.4207729970199,3,1036.5367563792795
1760238000000,1038.7551766244933,1038.1634212742538,3,1036.5367563792795
1760241600000,1037.6657562869116,1036.9855650273976,3,1036.5367563792795
1760245200000,1036.8898718717667,1036.3592306345217,3,1036.5367563792795
1760248800000,1036.2807504321174,1035.9590696671578,3,1036.5367563792795
1760252400000,1036.1884103825544,1035.9072260710423,3,1036.5367563792795
1760256000000,1036.3052138373266,1035.935419942386,3,1036.5367563792795
1760259600000,1036.4841787652988,1035.9657969186537,3,1036.528470267353
1760263200000,1036.2312220410593,1036.105483767971,3,1036.528470267353
1760266800000,1036.3798480357484,1035.892157981404,3,1036.528470267353
1760270400000,1036.1311798673255,1035.673911133391,3,1036.528470267353
1760274000000,1036.0315512903803,1035.676935856077,3,1036.528470267353
1760277600000,1036.732775615798,1035.8710084520842,3,1036.528470267353
1760281200000,1035.1416237901403,1034.1954350885003,3,1036.528470267353
1760284800000,1033.8767415227267,1033.3869790464419,3,1036.528470267353
1760288400000,1033.0896289332138,1032.3173528063191,3,1036.5173521082954
1760292000000,1033.220242404148,1032.5653439561922,3,1036.5173521082954
1760295600000,1033.1139398646196,1032.663191047705,3,1036.5173521082954
1760299200000,1032.5931554379513,1032.4898472672855,3,1036.5173521082954
1760302800000,1032.2505332815554,1031.6156627687765,3,1036.5173521082954
1760306400000,1032.583843462978,1031.7810618526744,3,1036.5173521082954
1760310000000,1032.2353584711136,1031.8273499212683,3,1036.5173521082954
1760313600000,1032.353989589124,1032.0383317894393,3,1036.5173521082954
1760317200000,1032.0664119398382,1031.4143609184312,3,1036.5107606423283
1760320800000,1031.4632137708586,1031.4102247753212,3,1036.5107606423283
1760324400000,1031.9316481920728,1031.1993310669666,3,1036.5107606423283
1760328000000,1032.4616235491646,1031.5710420167538,3,1036.5107606423283
1760331600000,1032.3222306861223,1032.1096606109825,3,1036.5107606423283
1760335200000,1032.496617921302,1032.1519668087506,3,1036.5107606423283
1760338800000,1031.682783555087,1031.5109584813008,3,1036.5107606423283
1760342400000,1031.5847447834865,1031.1308230315647,3,1036.5107606423283
1760346000000,1031.4057696935904,1031.1572601218986,3,1036.508612780966
1760349600000,1031.5315405485326,1031.364101552321,3,1036.508612780966
1760353200000,1031.9093420441104,1031.353602306085,3,1036.508612780966
1760356800000,1032.7275624448985,1031.9070306810659,3,1036.508612780966
1760360400000,1032.4641268456417,1031.879808621266,3,1036.508612780966
1760364000000,1031.3571323283973,1031.1182670827673,3,1036.508612780966
1760367600000,1032.8489908569807,1031.2155513301348,3,1036.508612780966
1760371200000,1032.2281936108586,1031.76199617414,3,1036.508612780966
1760374800000,1031.9682129734979,1031.5357586909495,3,1036.5101658475917
1760378400000,1031.2452975499968,1031.1679446898293,3,1036.5101658475917
1760382000000,1031.4041863394352,1030.9855202276726,3,1036.5101658475917
1760385600000,1030.9905303667927,1030.716899769634,3,1036.5101658475917
1760389200000,1030.8176578148116,1030.680741286215,3,1036.5101658475917
1760392800000,1030.8464290988259,1030.6716902218268,3,1036.5101658475917
1760396400000,1030.9263044540053,1030.6173175808312,3,1036.5101658475917
1760400000000,1031.2139821594383,1030.8115773296518,3,1036.5101658475917
1760403600000,1031.400212930957,1030.9458793972271,3,1036.510330324781
1760407200000,1031.9821047450098,1031.37792007287,3,1036.510330324781
1760410800000,1032.7678569610148,1031.9110478232246,3,1036.510330324781
1760414400000,1032.7338740675436,1032.5310894099114,3,1036.510330324781
1760418000000,1033.4884068846673,1032.5957958113165,3,1036.510330324781
1760421600000,1034.4191828506896,1032.7996489520622,3,1036.510330324781
1760425200000,1035.5081769473675,1034.1562568985446,3,1036.510330324781
1760428800000,1035.7266225094854,1035.0989085141618,3,1036.510330324781
1760432400000,1035.2217821895306,1034.833954713925,3,1036.51408048783
1760436000000,1035.7567907580105,1034.7739217984033,3,1036.51408048783
1760439600000,1036.4695099343053,1035.6971625035355,3,1036.51408048783
1760443200000,1035.8534629286007,1035.4291122156817,3,1036.51408048783
1760446800000,1036.4022637046091,1035.6660170079297,3,1036.51408048783
1760450400000,1035.998983386402,1035.581631788797,3,1036.51408048783
1760454000000,1035.5982656936164,1034.778844830724,3,1036.51408048783
1760457600000,1033.94850722026,1033.9030096331664,3,1036.51408048783
1760461200000,1034.1371650118747,1033.0041894021792,3,1036.5121387393608
1760464800000,1033.779728297692,1033.3609928642554,3,1036.5121387393608
1760468400000,1033.571236935985,1033.1036987075663,3,1036.5121387393608
1760472000000,1033.9282716507455,1032.973707945244,3,1036.5121387393608
1760475600000,1033.5935508861207,1033.47624941476,3,1036.5121387393608
1760479200000,1033.4854275044268,1033.4095138274008,3,1036.5121387393608
1760482800000,1033.3957483485212,1032.865592631863,3,1036.5121387393608
1760486400000,1033.3876044061158,1032.9305328646506,3,1036.5121387393608
1760490000000,1033.418655507002,1033.2594296962611,3,1036.5120745303898
1760493600000,1033.6904232040981,1033.3563950506118,3,1036.5120745303898
1760497200000,1033.5371234009554,1032.7987111691596,3,1036.5120745303898
1760500800000,1034.2242397235402,1033.4508812733463,3,1036.5120745303898
1760504400000,1033.942112166298,1033.7220597915898,3,1036.5120745303898
1760508000000,1033.7920518151577,1033.5832933213665,3,1036.5120745303898
1760511600000,1033.603710086839,1033.4683743656215,3,1036.5120745303898
1760515200000,1033.5902820702513,1033.4204021054231,3,1036.5120745303898
1760518800000,1033.0223687770433,1032.2698207184883,3,1036.5189515160996
1760522400000,1033.5842408189535,1032.9302379402109,3,1036.5189515160996
1760526000000,1034.0666088858775,1033.4826791873222,3,1036.5189515160996
1760529600000,1034.4782538720651,1033.8335460288013,3,1036.5189515160996
1760533200000,1034.6185590469022,1034.2875341933475,3,1036.5189515160996
1760536800000,1035.0047717616196,1034.2228035711637,3,1036.5189515160996
1760540400000,1035.4128744828306,1034.1945315033863,3,1036.5189515160996
1760544000000,1035.8965009984952,1034.9422746817356,3,1036.5189515160996
1760547600000,1035.9190767421746,1035.5103865382036,3,1036.5225057702874
1760551200000,1035.5535130541484,1035.5095898560216,3,1036.5225057702874
1760554800000,1035.289281718279,1035.2211891856266,3,1036.5225057702874
1760558400000,1035.7808591676085,1035.2223773620653,3,1036.5225057702874
1760562000000,1036.0437106926759,1035.46032616576,3,1036.5225057702874
1760565600000,1036.25744895686,1035.61325730653,3,1036.5225057702874
1760569200000,1036.2869119154332,1035.6594501241252,3,1036.5225057702874
1760572800000,1036.0886822042826,1035.8645386697951,3,1036.5225057702874
1760576400000,1036.3028034375434,1035.8960858569235,3,1036.5234749497808
1760580000000,1035.5332457324405,1035.469542357564,3,1036.5234749497808
1760583600000,1035.372970792396,1035.2356822515023,3,1036.5234749497808
1760587200000,1035.7053172196154,1035.140105404907,3,1036.5234749497808
1760590800000,1036.0318037798022,1035.3456081102386,3,1036.5234749497808
1760594400000,1036.0547142958117,1035.527184321249,3,1036.5234749497808
1760598000000,1035.348871064912,1035.2495533568,3,1036.5234749497808
1760601600000,1036.1129758127622,1035.2831539055562,3,1036.5234749497808
1760605200000,1036.1996268284963,1035.914685487825,3,1036.522248966418
1760608800000,1035.6258070853155,1035.208988339673,3,1036.522248966418
1760612400000,1035.2884646439034,1034.8913356987623,3,1036.522248966418
1760616000000,1035.3672674324082,1035.133382935156,3,1036.522248966418
1760619600000,1035.3325381448535,1034.8039013994924,3,1036.522248966418
1760623200000,1036.0311320288943,1035.2385539288712,3,1036.522248966418
1760626800000,1036.3176535448406,1035.4325172913802,3,1036.522248966418
1760630400000,1038.1600922784469,1036.1140691885298,3,1036.522248966418
1760634000000,1037.1841740103769,1037.149326529302,3,1036.522421327248
1760637600000,1038.162286554647,1037.155864109838,3,1036.522421327248
1760641200000,1038.0295637504134,1037.8979982160406,3,1036.522421327248
1760644800000,1038.747529125241,1037.9273576356215,3,1036.522421327248
1760648400000,1039.1758829381752,1038.4750890334583,3,1036.522421327248
1760652000000,1038.6179231002761,1038.582958448263,3,1036.522421327248
1760655600000,1039.3312283306252,1038.524780659976,3,1036.522421327248
1760659200000,1038.839729285343,1038.6002211376885,3,1036.522421327248
1760662800000,1038.364694212754,1038.2751039398313,3,1036.5219793287856
1760666400000,1038.2679024902964,1037.8107074958805,3,1036.5219793287856
1760670000000,1038.196068471532,1038.0157594863051,3,1036.5219793287856
1760673600000,1038.0158325929795,1037.9097047615135,3,1036.5219793287856
1760677200000,1038.4576305834892,1037.9507433586634,3,1036.5219793287856
1760680800000,1038.9948196750418,1038.3528216410248,3,1036.5219793287856
1760684400000,1040.8722321786413,1038.8224661597435,3,1036.5219793287856
1760688000000,1042.368020748354,1040.6949564624906,3,1036.5219793287856
1760691600000,1044.4155516874432,1042.035000248652,3,1036.5211244804955
1760695200000,1044.0282390736681,1042.856465878216,3,1036.5211244804955
1760698800000,1043.868907054916,1043.5200999799358,3,1036.5211244804955
1760702400000,1042.9491862015675,1041.9924303162402,3,1036.5211244804955
1760706000000,1043.5081499096452,1042.5266860283677,3,1036.5211244804955
1760709600000,1042.9443833134078,1042.5302540405448,3,1036.5211244804955
1760713200000,1043.5949494253277,1042.7046273186006,3,1036.5211244804955
1760716800000,1042.0245496287441,1041.9805772319974,3,1036.5211244804955
1760720400000,1042.4432757107465,1041.1797029392173,3,1036.5160984410418
1760724000000,1042.3742005087347,1042.0780027071312,3,1036.5160984410418
1760727600000,1042.3650810898002,1041.803255753816,3,1036.5160984410418
1760731200000,1042.4109433740098,1042.0320841647947,3,1036.5160984410418
1760734800000,1041.74038666903,1041.573839980833,3,1036.5160984410418
1760738400000,1041.4658121429002,1041.24216627667,3,1036.5160984410418
1760742000000,1041.7119560326196,1041.2806675605225,3,1036.5160984410418
1760745600000,1042.1917997164696,1041.699404065343,3,1036.5160984410418
1760749200000,1041.8895389998524,1041.7032192979282,3,1036.5083791540324
1760752800000,1041.3456771086312,1041.244307281034,3,1036.5083791540324
1760756400000,1041.847934520503,1041.125596048835,3,1036.5083791540324
1760760000000,1041.4197595301282,1041.2702436665313,3,1036.5083791540324
1760763600000,1041.9989997853797,1041.3750424982406,3,1036.5083791540324
1760767200000,1041.545401078915,1041.4547488539124,3,1036.5083791540324
1760770800000,1041.5618123716931,1041.3228250185373,3,1036.5083791540324
1760774400000,1041.5659474136119,1040.664652201134,3,1036.5083791540324
1760778000000,1041.5839104002766,1041.2669753781538,3,1036.501084979481
1760781600000,1041.376100438616,1041.2528102401163,3,1036.501084979481
1760785200000,1041.5249804323382,1041.1855357827062,3,1036.501084979481
1760788800000,1041.3831273619408,1041.23397166585,3,1036.501084979481
1760792400000,1041.7845359565774,1041.2649676560889,3,1036.501084979481
1760796000000,1042.0387226157357,1041.7439832838008,3,1036.501084979481
1760799600000,1041.8916304867885,1041.7754730623026,3,1036.501084979481
1760803200000,1041.9974283192564,1041.7757232524414,3,1036.501084979481
1760806800000,1042.1795487025688,1041.8589998814102,3,1036.4953225061479
1760810400000,1041.8416267752232,1041.7622268646269,3,1036.4953225061479
1760814000000,1042.0137046104514,1041.7701464988984,3,1036.4953225061479
1760817600000,1041.7750419308222,1041.728245421419,3,1036.4953225061479
1760821200000,1041.901883323773,1041.4448020553768,3,1036.4953225061479
1760824800000,1041.6917412912303,1041.6012993949391,3,1036.4953225061479
1760828400000,1041.8269716210004,1041.5562022355082,3,1036.4953225061479
1760832000000,1041.6976216428423,1041.6808179391905,3,1036.4953225061479
1760835600000,1042.11923599775,1041.6100035681366,3,1036.4936589638314
1760839200000,1042.0230093209655,1041.9659257281253,3,1036.4936589638314
1760842800000,1042.266256044201,1041.9906811390044,3,1036.4936589638314
1760846400000,1041.817991917749,1041.7174982321203,3,1036.4936589638314
1760850000000,1041.9784817227685,1041.7460387532403,3,1036.4936589638314
1760853600000,1042.1969052191705,1041.8215019377628,3,1036.4936589638314
1760857200000,1042.4940920737938,1042.139345351875,3,1036.4936589638314
1760860800000,1042.3768853346887,1042.2540106385516,3,1036.4936589638314
1760864400000,1042.7077291998744,1041.7851902535542,3,1036.4900006596533
1760868000000,1041.766721252751,1041.1090579046531,3,1036.4900006596533
1760871600000,1040.8272755651763,1040.693460419432,3,1036.4900006596533
1760875200000,1041.1391158201382,1040.4332561999333,3,1036.4900006596533
1760878800000,1041.1451502993846,1040.9814926366637,3,1036.4900006596533
1760882400000,1040.2599781820543,1040.1284368031597,3,1036.4900006596533
1760886000000,1040.0394044972954,1039.9461309903022,3,1036.4900006596533
1760889600000,1040.024733852873,1039.7693114204951,3,1036.4900006596533
1760893200000,1040.034651426545,1039.7057661623971,3,1036.4838097742247
1760896800000,1039.9167280573377,1039.350705993802,3,1036.4838097742247
1760900400000,1039.6389430496615,1039.564222767839,3,1036.4838097742247
1760904000000,1040.030745148548,1039.629986939192,3,1036.4838097742247
1760907600000,1039.912025168999,1039.8026916842725,3,1036.4838097742247
1760911200000,1040.1412830758118,1039.8748784311438,3,1036.4838097742247
1760914800000,1039.8156968767767,1039.5838961541294,3,1036.4838097742247
1760918400000,1040.3388786412784,1039.8121461928197,3,1036.4838097742247
1760922000000,1040.8271231226745,1040.3229021838738,3,1036.4772594603985
1760925600000,1040.9364462128733,1040.5740961592899,3,1036.4772594603985
1760929200000,1040.4051448584726,1040.1379443978424,3,1036.4772594603985
1760932800000,1039.111742133606,1038.84741848548,3,1036.4772594603985
1760936400000,1038.8691679630144,1038.7354656786656,3,1036.4772594603985
1760940000000,1038.4460179878367,1038.3377606570166,3,1036.4772594603985
1760943600000,1037.9494309173895,1037.8072071824554,3,1036.4772594603985
1760947200000,1038.2851729487074,1037.886148909793,3,1036.4772594603985
1760950800000,1038.3477774963417,1037.79555167595,3,1036.4708324094472
1760954400000,1038.2908102015654,1038.1530480982374,3,1036.4708324094472
1760958000000,1038.447344073334,1038.0288992532085,3,1036.4708324094472
1760961600000,1038.3920383099314,1038.264215746686,3,1036.4708324094472
1760965200000,1038.4815133991754,1038.0940807767415,3,1036.4708324094472
1760968800000,1038.2006192599854,1038.1050250461005,3,1036.4708324094472
1760972400000,1038.1240059006018,1037.9663166129094,3,1036.4708324094472
1760976000000,1038.4929216315622,1037.6974162984673,3,1036.4708324094472
1760979600000,1038.8036646416958,1038.3003966985948,3,1036.4614350792212
1760983200000,1038.886753792739,1038.387712365805,3,1036.4614350792212
1760986800000,1038.3971714336553,1038.3307092627292,3,1036.4614350792212
1760990400000,1038.2602413211732,1037.9582854302507,3,1036.4614350792212
1760994000000,1038.1717807334735,1038.0084616384397,3,1036.4614350792212
1760997600000,1038.6519086899764,1037.9922228448013,3,1036.4614350792212
1761001200000,1038.468594176787,1038.3868243176767,3,1036.4614350792212
1761004800000,1038.860874112158,1038.4483868174955,3,1036.4614350792212
1761008400000,1038.8812295689759,1038.7456076018948,3,1036.453599511521
1761012000000,1039.3288747178428,1038.8140613402804,3,1036.453599511521
1761015600000,1039.74479048223,1039.2687794193985,3,1036.453599511521
1761019200000,1040.1314195936284,1039.6214420539875,3,1036.453599511521
1761022800000,1041.3421648025903,1040.1230789048013,3,1036.453599511521
1761026400000,1041.4849179816563,1041.090290840189,3,1036.453599511521
1761030000000,1041.1547934669552,1040.9389516260871,3,1036.453599511521
1761033600000,1040.9974109163595,1040.8243181477017,3,1036.453599511521
1761037200000,1041.4368324452073,1040.9730463448527,3,1036.4526735641073
1761040800000,1041.3960730086524,1041.2876317342248,3,1036.4526735641073
1761044400000,1040.5966395537798,1040.2791139686963,3,1036.4526735641073
1761048000000,1040.5236777178923,1040.3149680876977,3,1036.4526735641073
1761051600000,1040.2640863694367,1039.5313175760734,3,1036.4526735641073
1761055200000,1040.3090034241197,1039.8703542131386,3,1036.4526735641073
1761058800000,1036.60901640038,1036.417355907645,3,1036.4526735641073
1761062400000,1035.5439450969536,1035.0833108916715,2,1036.4119448867134
1761066000000,1035.5443978902654,1035.1162548137677,1,1036.3807428480052
1761069600000,1035.5656067133166,1035.43835377501,1,1036.3807428480052
1761073200000,1035.579745928684,1035.5043367800577,1,1036.3807428480052
1761076800000,1035.5821024645786,1035.5161194595307,1,1036.3807428480052
1761080400000,1035.7729818720384,1035.5561805697384,1,1036.3807428480052
1761084000000,1035.770625336144,1035.683433508045,1,1036.3807428480052
1761087600000,1036.0392704281246,1035.76355572846,1,1036.3807428480052
1761091200000,1036.199514868955,1035.994496246128,1,1036.3807428480052
1761094800000,1036.238640059454,1036.1043175134637,1,1036.382163464191
1761098400000,1036.2032920210356,1036.134952480093,1,1036.382163464191
1761102000000,1036.2150747005085,1036.1538047672495,1,1036.382163464191
1761105600000,1036.226857379981,1036.2150747005085,1,1036.382163464191
1761109200000,1036.1750135903008,1036.1514482313548,1,1036.382163464191
1761112800000,1036.3517537823932,1036.172657054406,1,1036.382163464191
1761116400000,1036.380032213128,1036.3140492080802,1,1036.382163464191
1761120000000,1036.3234753516583,1036.2999099927129,1,1036.382163464191
1761123600000,1036.372339245332,1036.3228519915458,1,1036.3815401040786
1761127200000,1036.4760268246928,1036.3534869581752,1,1036.3815401040786
1761130800000,1036.4995921836385,1036.4124003555396,1,1036.3815401040786
1761134400000,1036.3629131017535,1036.2922170249167,1,1036.3815401040786
1761138000000,1036.327565063335,1036.2450863070253,1,1036.3815401040786
1761141600000,1036.207381732712,1036.1838163737666,1,1036.3815401040786
1761145200000,1036.2639385941818,1036.2050251968176,1,1036.3815401040786
1761148800000,1036.3629131017535,1036.214451340396,1,1036.3815401040786
1761152400000,1036.4235493594938,1036.3057225647656,1,1036.3809064285601
1761156000000,1036.527236938855,1036.3764186416024,1,1036.3809064285601
1761159600000,1036.5602284413787,1036.4683235414907,1,1036.3809064285601
1761163200000,1036.5555153695896,1036.4211928235993,1,1036.3809064285601
1761166800000,1036.6709856284233,1036.5130977234874,1,1036.3809064285601
1761170400000,1036.8265169974648,1036.6639160207396,1,1036.3809064285601
1761174000000,1036.8359431410431,1036.7204728822094,1,1036.3809064285601
1761177600000,1036.6450637335831,1036.619141838743,1,1036.3809064285601
1761181200000,1036.592103100755,1036.5614681341256,1,1036.382146121307
1761184800000,1036.580320421282,1036.5190504880234,1,1036.382146121307
1761188400000,1036.5685377418092,1036.5355462392854,1,1036.382146121307
1761192000000,1036.56382467002,1036.5001982008669,1,1036.382146121307
1761195600000,1036.5119808803397,1036.4577805547647,1,1036.382146121307
1761199200000,1036.4412848035026,1036.4295021240298,1,1036.382146121307
1761202800000,1036.1985616063623,1036.1962050704678,1,1036.382146121307
1761206400000,1036.276327290883,1036.1938485345731,1,1036.382146121307
1761210000000,1036.2524385804065,1036.1793859676748,1,1036.3818227697761
1761213600000,1036.2500820445118,1036.2406559009335,1,1036.3818227697761
1761217200000,1036.2642212598794,1036.2053078625152,1,1036.3818227697761
1761220800000,1036.353769623873,1036.2595081880902,1,1036.3818227697761
1761224400000,1036.2736474034575,1036.2689343316686,1,1036.3818227697761
1761228000000,1036.2524385804065,1036.1511075369401,1,1036.3818227697761
1761231600000,1036.271290867563,1036.217090541988,1,1036.3818227697761
1761235200000,1036.2029513266207,1036.1181160344163,1,1036.3818227697761
1761238800000,1036.0737414436128,1036.0313237975106,1,1036.3822223609695
1761242400000,1035.970053864252,1035.9323492899389,1,1036.3822223609695
1761246000000,1036.1279417691878,1035.9512015770954,1,1036.3822223609695
1761249600000,1036.1350113768715,1036.0925937307695,1,1036.3822223609695
1761253200000,1036.27876006644,1036.132654840977,1,1036.3822223609695
1761256800000,1036.2811166023346,1036.229272812654,1,1036.3822223609695
1761260400000,1036.2386989562324,1036.2127770613922,1,1036.3822223609695
1761264000000,1036.1939247742357,1036.1844986306573,1,1036.3822223609695
1761267600000,1036.1506649489586,1036.0917515515944,1,1036.383736717689
1761271200000,1036.1671607002204,1036.1341691976966,1,1036.383736717689
1761274800000,1036.2095783463226,1036.164804164326,1,1036.383736717689
1761278400000,1036.2496394565303,1036.2001522027444,1,1036.383736717689
1761282000000,1036.0022031876008,1035.9597855414986,1,1036.383736717689
1761285600000,1035.9692116850767,1035.9480028620258,1,1036.383736717689
1761289200000,1035.92443750308,1035.9102982877125,1,1036.383736717689
1761292800000,1036.0375512260193,1035.9126548236072,1,1036.383736717689
1761296400000,1035.9918737959267,1035.9470996139298,1,1036.3851900054879
1761300000000,1036.0248652984505,1035.958882293403,1,1036.3851900054879
1761303600000,1036.088491767604,1036.017795690767,1,1036.3851900054879
1761307200000,1036.017795690767,1036.0036564753996,1,1036.3851900054879
1761310800000,1035.9258907908788,1035.6289672681635,1,1036.3851900054879
1761314400000,1035.9423865421409,1035.8905427524605,1,1036.3851900054879
1761318000000,1036.1167701983388,1035.9423865421409,1,1036.3851900054879
1761321600000,1036.1474051649682,1036.0201522266614,1,1036.3851900054879
1761325200000,1036.1125180696365,1036.0795265671127,1,1036.3856509485747
1761328800000,1036.0724569594288,1036.001760882592,1,1036.3856509485747
1761332400000,1036.0041174184864,1036.0041174184864,1,1036.3856509485747
1761336000000,1035.9145690544929,1035.8910036955472,1,1036.3856509485747
1761339600000,1035.886290623758,1035.8532991212342,1,1036.3856509485747
1761343200000,1035.8368033699721,1035.8273772263938,1,1036.3856509485747
1761346800000,1035.8532991212342,1035.82030761871,1,1036.3856509485747
1761350400000,1035.8910036955472,1035.848586049445,1,1036.3856509485747
1761354000000,1035.9114013814108,1035.8430618404684,1,1036.3871963472818
1761357600000,1035.8548445199413,1035.8077138020499,1,1036.3871963472818
1761361200000,1035.8713402712033,1035.83363569689,1,1036.3871963472818
1761364800000,1035.9514624916185,1035.866627199414,1,1036.3871963472818
1761368400000,1035.8736968070978,1035.840705304574,1,1036.3871963472818
1761372000000,1035.9066883096216,1035.8736968070978,1,1036.3871963472818
1761375600000,1035.9915236018262,1035.8854794865706,1,1036.3871963472818
1761379200000,1035.9915236018262,1035.8854794865706,1,1036.3871963472818
1761382800000,1035.9310724221555,1035.928715886261,1,1036.38801510087
1761386400000,1036.020620786149,1035.9216462785773,1,1036.38801510087
1761390000000,1036.0182642502546,1035.9970554272033,1,1036.38801510087
1761393600000,1035.9404985657338,1035.9169332067881,1,1036.38801510087
1761397200000,1035.9004374555261,1035.867445953002,1,1036.38801510087
1761400800000,1035.966420460574,1035.8957243837372,1,1036.38801510087
1761404400000,1035.9240028144718,1035.9192897426828,1,1036.38801510087
1761408000000,1035.966420460574,1035.9216462785773,1,1036.38801510087
1761411600000,1035.9554388913698,1035.943656211897,1,1036.3888162111386
1761415200000,1035.9271604606352,1035.889455886322,1,1036.3888162111386
1761418800000,1035.8423251684308,1035.814046737696,1,1036.3888162111386
1761422400000,1035.8493947761144,1035.839968632536,1,1036.3888162111386
1761426000000,1035.894168958111,1035.818759809485,1,1036.3888162111386
1761429600000,1035.9012385657948,1035.8753166709546,1,1036.3888162111386
1761433200000,1035.8870993504274,1035.8635339914817,1,1036.3888162111386
1761436800000,1035.931873532424,1035.8847428145327,1,1036.3888162111386
1761440400000,1035.945197386372,1035.8839274531133,1,1036.3903573856137
1761444000000,1036.006467319631,1035.9357712427936,1,1036.3903573856137
1761447600000,1036.053598037522,1035.9946846401579,1,1036.3903573856137
1761451200000,1036.0842330041514,1036.0371022862603,1,1036.3903573856137
1761454800000,1036.0206065349983,1036.0088238555252,1,1036.3903573856137
1761458400000,1035.9569800658448,1035.9334147068994,1,1036.3903573856137
1761462000000,1035.9357712427939,1035.923988563321,1,1036.3903573856137
1761465600000,1035.9051362761645,1035.8862839890078,1,1036.3903573856137
1761469200000,1035.8658627019518,1035.8352277353224,1,1036.3911449216087
1761472800000,1035.7150444046995,1035.6702702227028,1,1036.3911449216087
1761476400000,1035.750392443118,1035.6985486534375,1,1036.3911449216087
1761480000000,1035.484103887032,1035.4817473511373,1,1036.3911449216087
1761483600000,1035.4228339537733,1035.3827728435656,1,1036.3911449216087
1761487200000,1035.3874859153548,1035.3191463744122,1,1036.3911449216087
1761490800000,1035.4416862409298,1035.380416307671,1,1036.3911449216087
1761494400000,1035.3804163076709,1035.347424805147,1,1036.3911449216087
1761498000000,1035.4761915312583,1035.3607212724244,1,1036.3926587094134
1761501600000,1035.4644088517855,1035.424347741578,1,1036.3926587094134
1761505200000,1035.4314173492617,1035.4031389185268,1,1036.3926587094134
1761508800000,1035.4926872825204,1035.4290608133672,1,1036.3926587094134
1761512400000,1035.5586702875682,1035.4926872825204,1,1036.3926587094134
1761516000000,1035.4738349953639,1035.462052315891,1,1036.3926587094134
1761519600000,1035.2476075494853,1035.1297807547571,1,1036.3926587094134
1761523200000,1035.3018078750604,1035.1957637598048,1,1036.3926587094134
1761526800000,1035.206794813435,1035.1384552724926,1,1036.3942636194652
1761530400000,1035.07011573155,1035.0559765161827,1,1036.3942636194652
1761534000000,1035.136098736598,1035.011202334186,1,1036.3942636194652
1761537600000,1035.2256471005915,1035.1101768417577,1,1036.3942636194652
1761541200000,1035.223290564697,1035.2138644211186,1,1036.3942636194652
1761544800000,1035.2162209570133,1035.0677591956555,1,1036.3942636194652
1761548400000,1035.1879425262784,1035.140811808387,1,1036.3942636194652
1761552000000,1035.331691215847,1035.1290291289145,1,1036.3942636194652
1761555600000,1035.2780962178529,1035.249817787118,1,1036.394868947046
1761559200000,1035.4218449074215,1035.271026610169,1,1036.394868947046
1761562800000,1035.424201443316,1035.3652880459517,1,1036.394868947046
1761566400000,1035.386496869003,1035.358218438268,1,1036.394868947046
1761570000000,1035.4996105919422,1035.3817837972138,1,1036.394868947046
1761573600000,1035.478401768891,1035.4077056920542,1,1036.394868947046
1761577200000,1035.56559359699,1035.4548364099453,1,1036.394868947046
1761580800000,1035.4666190894181,1035.4265579792107,1,1036.394868947046
1761584400000,1035.2569409206867,1035.233375561741,1,1036.394922472931
1761588000000,1035.2734366719487,1035.2145232745845,1,1036.394922472931
1761591600000,1035.315854318051,1035.2357320976357,1,1036.394922472931
1761595200000,1035.457246471725,1035.3064281744726,1,1036.394922472931
1761598800000,1035.5915690177153,1035.4525333999359,1,1036.394922472931
1761602400000,1035.598638625399,1035.5043771896162,1,1036.394922472931
1761606000000,1035.6504824150795,1035.527942548562,1,1036.394922472931
1761609600000,1035.6386997356067,1035.598638625399,1,1036.394922472931
1761613200000,1035.653978785824,1035.5785696371977,1,1036.396062307781
1761616800000,1035.5738565654087,1035.5479346705683,1,1036.396062307781
1761620400000,1035.6751876088751,1035.5220127757282,1,1036.396062307781
1761624000000,1035.686970288348,1035.625700355089,1,1036.396062307781
1761627600000,1035.6516222499295,1035.6115611397217,1,1036.396062307781
1761631200000,1035.844858193284,1035.6233438191946,1,1036.396062307781
1761634800000,1035.6233438191946,1035.6186307474054,1,1036.396062307781
1761638400000,1035.7293879344502,1035.5361519910957,1,1036.396062307781
1761642000000,1035.6807452514433,1035.628901461763,1,1036.3969068785602
1761645600000,1035.6713191078652,1035.6430406771303,1,1036.3969068785602
1761649200000,1035.6878148591272,1035.6642495001813,1,1036.3969068785602
1761652800000,1035.7537978641749,1035.6501102848142,1,1036.3969068785602
1761656400000,1035.6312579976575,1035.6100491746063,1,1036.3969068785602
1761660000000,1035.525213882402,1035.504005059351,1,1036.3969068785602
1761663600000,1035.683101787338,1035.4403785901977,1,1036.3969068785602
1761667200000,1035.7090236821782,1035.6053361028173,1,1036.3969068785602
1761670800000,1035.5790456196864,1035.5507671889516,1,1036.3965382902695
1761674400000,1035.5719760120026,1035.531914901795,1,1036.3965382902695
1761678000000,1035.673307055469,1035.553123724846,1,1036.3965382902695
1761681600000,1035.9325260038713,1035.6497416965233,1,1036.3965382902695
1761685200000,1036.2035276317465,1035.9278129320824,1,1036.3965382902695
1761688800000,1036.1752492010119,1036.109266195964,1,1036.3965382902695
1761692400000,1036.0857008370183,1036.0762746934402,1,1036.3965382902695
1761696000000,1036.1422576984878,1036.0786312293344,1,1036.3965382902695
1761699600000,1036.202347680408,1036.13636467536,1,1036.395358338931
1761703200000,1036.1787823214622,1036.098660101047,1,1036.395358338931
1761706800000,1036.1740692496733,1036.157573498411,1,1036.395358338931
1761710400000,1036.2306261111428,1036.1669996419896,1,1036.395358338931
1761714000000,1036.2094172880916,1036.1622865702004,1,1036.395358338931
1761717600000,1036.1599300343057,1036.1104427805199,1,1036.395358338931
1761721200000,1036.1457908189384,1036.1222254599927,1,1036.395358338931
1761724800000,1036.13636467536,1036.115155852309,1,1036.395358338931
1761728400000,1036.2412207852976,1036.1233939905692,1,1036.394170333613
1761732000000,1036.217655426352,1036.196446603301,1,1036.394170333613
1761735600000,1036.1398897418312,1036.0362021624703,1,1036.394170333613
1761739200000,1036.0479848419432,1036.0173498753138,1,1036.394170333613
1761742800000,1036.0102802676302,1035.9560799420549,1,1036.394170333613
1761746400000,1036.0998286316235,1035.9207319036366,1,1036.394170333613
1761750000000,1036.1398897418312,1036.0786198085723,1,1036.394170333613
1761753600000,1036.2977776467671,1036.1116113110963,1,1036.394170333613
1761757200000,1036.2482035475875,1036.1398028964375,1,1036.3940834882192
1761760800000,1035.892366627508,1035.8829404839296,1,1036.3940834882192
1761764400000,1036.1138810015973,1035.7981051917254,1,1036.3940834882192
1761768000000,1036.0314022452874,1035.875870876246,1,1036.3940834882192
1761771600000,1035.9583496325558,1035.8711578044567,1,1036.3940834882192
1761775200000,1035.9607061684503,1035.8994362351916,1,1036.3940834882192
1761778800000,1036.071463355495,1035.9559930966614,1,1036.3940834882192
1761782400000,1036.2741254424277,1036.066750283706,1,1036.3940834882192
1761786000000,1036.188441019456,1036.176658339983,1,1036.3955908933463
1761789600000,1036.2120063784016,1036.1554495169319,1,1036.3955908933463
1761793200000,1036.0918230477787,1036.0871099759895,1,1036.3955908933463
1761796800000,1036.1672321964047,1036.0729707606222,1,1036.3955908933463
1761800400000,1036.5395648677463,1036.167232196405,1,1036.3955908933463
1761804000000,1036.2756328475548,1036.2449978809254,1,1036.3955908933463
1761807600000,1036.2379282732418,1036.1907975553504,1,1036.3955908933463
1761811200000,1036.150736445143,1036.084753440095,1,1036.3955908933463
1761814800000,1036.289704420986,1036.1483122673121,1,1036.39552325141
1761818400000,1036.4358096464491,1036.2802782774077,1,1036.39552325141
1761822000000,1036.4735142207621,1036.3721831772957,1,1036.39552325141
1761825600000,1036.5371406899155,1036.4263835028707,1,1036.39552325141
1761829200000,1036.7727942793722,1036.5135753309696,1,1036.39552325141
1761832800000,1036.9730998304103,1036.7068112743243,1,1036.39552325141
1761836400000,1036.9566040791483,1036.8482034279982,1,1036.39552325141
1761840000000,1037.1474834866083,1036.9188995048353,1,1036.39552325141
1761843600000,1036.5246209849895,1036.312864617284,3,1036.3465033902628
1761847200000,1037.0937777461372,1036.4999632260888,3,1036.3465033902628
1761850800000,1038.238376913264,1036.9780183284327,3,1036.3465033902628
1761854400000,1039.1484513563694,1037.9272165446491,3,1036.3465033902628
1761858000000,1037.8442375648974,1037.6671338017313,3,1036.3465033902628
1761861600000,1037.6180681142162,1037.3248467329843,3,1036.3465033902628
1761865200000,1037.3810275952221,1037.322212084512,3,1036.3465033902628
1761868800000,1036.4232446793544,1036.3161704043102,3,1036.3465033902628
1761872400000,1035.5967181464962,1035.3911950552583,3,1036.3316276473822
1761876000000,1035.1644982245855,1034.922664546018,3,1036.3316276473822
1761879600000,1035.8204017731102,1035.1005129921994,3,1036.3316276473822
1761883200000,1035.4715682317012,1035.3447634533434,3,1036.3316276473822
1761886800000,1034.683013111005,1034.5790363727733,3,1036.3316276473822
1761890400000,1035.147255233953,1034.6894857343354,3,1036.3316276473822
1761894000000,1035.4179648904794,1034.9530131681333,3,1036.3316276473822
1761897600000,1035.511426204405,1035.1110006970848,3,1036.3316276473822
1761901200000,1035.3158615675054,1035.1005473310029,3,1036.3312262543955
1761904800000,1035.6074280851747,1035.0431541383168,3,1036.3312262543955
1761908400000,1035.8622582530231,1035.3330343909047,3,1036.3312262543955
1761912000000,1035.1443406510957,1034.9469790046246,3,1036.3312262543955
1761915600000,1036.2066678815138,1034.8865171202901,3,1036.3312262543955
1761919200000,1035.8971915752434,1035.3952207919115,3,1036.3312262543955
1761922800000,1035.600276235717,1035.4563399560295,3,1036.3312262543955
1761926400000,1036.0682756828678,1035.2476140771296,3,1036.3312262543955
1761930000000,1037.5020498776666,1035.9873831830146,3,1036.3320443533848
1761933600000,1037.1460785548247,1036.7360090380312,3,1036.3320443533848
1761937200000,1036.5951634938313,1036.1628629212653,3,1036.3320443533848
1761940800000,1035.4214422005582,1035.0591046309783,3,1036.3320443533848
1761944400000,1036.135736574296,1035.338885349948,3,1036.3320443533848
1761948000000,1036.0231448606364,1035.8881115895051,3,1036.3320443533848
1761951600000,1035.9666194006857,1035.6054019504818,3,1036.3320443533848
1761955200000,1036.0083065292927,1035.7889919396264,3,1036.3320443533848
1761958800000,1035.8233462871397,1035.7278159075765,3,1036.3347969891367
1761962400000,1036.1965569185163,1035.611881071789,3,1036.3347969891367
1761966000000,1035.7474023943262,1035.6717046497006,3,1036.3347969891367
1761969600000,1035.3654401351534,1035.236064637104,3,1036.3347969891367
1761973200000,1035.565912358214,1035.2061319056777,3,1036.3347969891367
1761976800000,1036.1234052933878,1035.5003817580841,3,1036.3347969891367
1761980400000,1035.8327766756868,1035.750012442604,3,1036.3347969891367
1761984000000,1035.34986448499,1035.2532385862455,3,1036.3347969891367
1761987600000,1034.963697413196,1034.9274323929053,3,1036.3382980971382
1761991200000,1035.3212449424293,1034.8190588983057,3,1036.3382980971382
1761994800000,1035.0741645736284,1034.8027144790556,3,1036.3382980971382
1761998400000,1035.1579504765614,1034.8376132317826,3,1036.3382980971382
1762002000000,1035.1036375359408,1034.874931886313,3,1036.3382980971382
1762005600000,1035.3371615082078,1034.813826324844,3,1036.3382980971382
1762009200000,1035.7009035481942,1035.1103489432633,3,1036.3382980971382
1762012800000,1034.996457447176,1034.8340898837312,3,1036.3382980971382
1762016400000,1034.873440580691,1034.5437787610858,3,1036.3463492322378
1762020000000,1035.2427812728195,1034.779065966992,3,1036.3463492322378
1762023600000,1035.147465077054,1035.0256509201918,3,1036.3463492322378
1762027200000,1035.0352598460481,1035.0212960487638,3,1036.3463492322378
1762030800000,1034.9228786340882,1034.5918117812057,3,1036.3463492322378
1762034400000,1035.6695287602824,1034.737044161223,3,1036.3463492322378
1762038000000,1035.1039759490936,1035.0445985376466,3,1036.3463492322378
1762041600000,1034.9409799997766,1034.835103375537,3,1036.3463492322378
1762045200000,1035.2191923426738,1034.9275236933813,3,1036.3487215255182
1762048800000,1035.5084668161,1035.080636849233,3,1036.3487215255182
1762052400000,1035.3801868372313,1035.002157883216,3,1036.3487215255182
1762056000000,1035.4881707299514,1035.259180729293,3,1036.3487215255182
1762059600000,1034.6041658803479,1034.517742209716,3,1036.3487215255182
1762063200000,1034.7159851915712,1034.5637496890054,3,1036.3487215255182
1762066800000,1034.6234015309317,1034.5238922791727,3,1036.3487215255182
1762070400000,1034.3111136787456,1034.0324598804757,3,1036.3487215255182
1762074000000,1034.8836806276518,1034.1809171096174,3,1036.3532455941988
1762077600000,1035.401242303662,1034.4917931272018,3,1036.3532455941988
1762081200000,1035.6840755552764,1035.2050720695424,3,1036.3532455941988
1762084800000,1034.8454005499532,1034.7523639215246,3,1036.3532455941988
1762088400000,1035.2273664912236,1034.798546818897,3,1036.3532455941988
1762092000000,1035.8842215423656,1035.1716836009423,3,1036.3532455941988
1762095600000,1036.8378547177936,1035.6830920882692,3,1036.3532455941988
1762099200000,1036.8703833319776,1036.2780440124398,3,1036.3532455941988
1762102800000,1036.4267448528653,1036.4039168127392,3,1036.3560605056691
1762106400000,1036.6533562737902,1036.371486648081,3,1036.3560605056691
1762110000000,1036.8576565511582,1036.5399884755966,3,1036.3560605056691
1762113600000,1037.0233573161804,1036.7217031789282,3,1036.3560605056691
1762117200000,1036.9180117540302,1036.859620928817,3,1036.3560605056691
1762120800000,1036.5953844584922,1036.3441702033854,3,1036.3560605056691
1762124400000,1036.503997885786,1036.2700073430813,3,1036.3560605056691
1762128000000,1035.2577225146092,1035.0089281613057,3,1036.3560605056691
1762131600000,1036.5196934623668,1034.9659830823882,3,1036.3617318285758
1762135200000,1037.1515806776406,1036.3123788551975,3,1036.3617318285758
1762138800000,1038.0856075252173,1037.0275540014475,3,1036.3617318285758
1762142400000,1041.2922747156183,1037.8683300367986,3,1036.3617318285758
1762146000000,1041.3366969844544,1041.0179229062894,3,1036.3617318285758
1762149600000,1042.5336783675461,1040.8129721992102,3,1036.3617318285758
1762153200000,1042.523530147663,1042.0281355986453,3,1036.3617318285758
1762156800000,1042.3827375346973,1041.6217130424943,3,1036.3617318285758
1762160400000,1042.0520324254956,1041.8502321377148,3,1036.3591813740784
1762164000000,1042.4382029831766,1041.1495125222527,3,1036.3591813740784
1762167600000,1042.7798548647277,1041.9280198660751,3,1036.3591813740784
1762171200000,1041.9298940261456,1041.5372760082,3,1036.3591813740784
1762174800000,1041.9443175925437,1041.212927363964,3,1036.3591813740784
1762178400000,1041.8176814309443,1041.4445865338398,3,1036.3591813740784
1762182000000,1041.49826740649,1040.9676767139374,3,1036.3591813740784
1762185600000,1045.8641049803298,1041.3226037602185,3,1036.3591813740784
1762189200000,1044.7506472125865,1044.2799607486006,3,1036.3541907234417
1762192800000,1043.4399921993027,1043.1259102748302,3,1036.3541907234417
1762196400000,1044.5491275937386,1043.2745658647598,3,1036.3541907234417
1762200000000,1045.139851378299,1044.20623985854,3,1036.3541907234417
1762203600000,1046.2986882103185,1044.9562399081865,3,1036.3541907234417
1762207200000,1045.3812210427839,1045.2992999422413,3,1036.3541907234417
1762210800000,1045.9576805200254,1045.2269034348028,3,1036.3541907234417
1762214400000,1045.302415840795,1045.224958544628,3,1036.3541907234417
1762218000000,1044.622991445532,1044.1290621764745,3,1036.357340136657
1762221600000,1044.1505338695883,1043.9326243131993,3,1036.357340136657
1762225200000,1044.5798526396143,1043.9183442004946,3,1036.357340136657
1762228800000,1043.96643434807,1043.6975580924152,3,1036.357340136657
1762232400000,1044.4061171616424,1043.6314655915487,3,1036.357340136657
1762236000000,1048.1615660162538,1044.1334730983626,3,1036.357340136657
1762239600000,1046.8582072713575,1045.276288627877,3,1036.357340136657
1762243200000,1047.879571652211,1046.753633548772,3,1036.357340136657
1762246800000,1046.7710621149156,1045.9685819626495,3,1036.360597523043
1762250400000,1046.2334751011388,1046.1189835014718,3,1036.360597523043
1762254000000,1046.170013003775,1045.8567170843876,3,1036.360597523043
1762257600000,1045.684460489024,1045.2260269570468,3,1036.360597523043
1762261200000,1046.6055070063235,1045.6127767002108,3,1036.360597523043
1762264800000,1047.0852520558465,1046.3113021580846,3,1036.360597523043
1762268400000,1045.2868832511022,1044.805973078036,3,1036.360597523043
1762272000000,1046.6408315702902,1044.608228631009,3,1036.360597523043
1762275600000,1048.3318249140543,1045.9420620539365,3,1036.367053874339
1762279200000,1048.9610361587863,1047.9292915753824,3,1036.367053874339
1762282800000,1048.914722284628,1048.6735274753546,3,1036.367053874339
1762286400000,1050.0240990194104,1048.153858530864,3,1036.367053874339
1762290000000,1050.0630482421795,1049.1723178197337,3,1036.367053874339
1762293600000,1049.7030148401311,1049.4547965530846,3,1036.367053874339
1762297200000,1047.6271799673705,1047.2259039633136,3,1036.367053874339
1762300800000,1048.0693534128511,1047.0379910671315,3,1036.367053874339
1762304400000,1048.8028633027564,1047.577978974038,3,1036.3745223575215
1762308000000,1049.2598818809056,1048.7309302465294,3,1036.3745223575215
1762311600000,1046.8504807285458,1046.7262817534966,3,1036.3745223575215
1762315200000,1046.5977468316323,1046.345405092954,3,1036.3745223575215
1762318800000,1046.6241389790082,1046.151239995692,3,1036.3745223575215
1762322400000,1046.3193705830686,1045.8059668794351,3,1036.3745223575215
1762326000000,1046.1216900648217,1046.0419814836098,3,1036.3745223575215
1762329600000,1046.1808784555367,1045.974406980908,3,1036.3745223575215
1762333200000,1047.2784095627433,1046.1650879136382,3,1036.38226577305
1762336800000,1046.5426120943728,1046.4017733514975,3,1036.38226577305
1762340400000,1047.5840928983228,1046.3238458027947,3,1036.38226577305
1762344000000,1046.0534467861069,1045.9265016732825,3,1036.38226577305
1762347600000,1046.0169534652468,1045.5603108863297,3,1036.38226577305
1762351200000,1045.4513472087,1045.05453557189,3,1036.38226577305
1762354800000,1045.2520369899564,1044.8271039787528,3,1036.38226577305
1762358400000,1044.3329160846015,1044.3078367594308,3,1036.38226577305
1762362000000,1044.1439111712418,1043.9777469550083,3,1036.381630968631
1762365600000,1044.1241665024081,1043.8522764798233,3,1036.381630968631
1762369200000,1043.5168872340266,1043.1381271996447,3,1036.381630968631
1762372800000,1043.9287089381662,1043.342487723695,3,1036.381630968631
1762376400000,1044.3165463221922,1043.3863104030745,3,1036.381630968631
1762380000000,1044.6063538511914,1044.307717162967,3,1036.381630968631
1762383600000,1044.097593614985,1044.0466976458238,3,1036.381630968631
1762387200000,1044.5956389714788,1043.9720215710483,3,1036.381630968631
1762390800000,1044.821563769408,1044.552333558361,3,1036.381839283668
1762394400000,1045.072567522815,1044.81924231713,3,1036.381839283668
1762398000000,1044.7299986593923,1044.2648469187684,3,1036.381839283668
1762401600000,1044.7314806612276,1044.455921280543,3,1036.381839283668
1762405200000,1044.7910974195372,1044.4413186139645,3,1036.381839283668
1762408800000,1046.131710327313,1044.7567673688711,3,1036.381839283668
1762412400000,1046.2155601590264,1045.6282539087963,3,1036.381839283668
1762416000000,1046.4188104842517,1045.6841787022959,3,1036.381839283668
1762419600000,1046.2401955741332,1045.9199981009494,3,1036.3871515962114
1762423200000,1046.43572750183,1045.8956184546264,3,1036.3871515962114
1762426800000,1046.0913184362103,1045.6995079043177,3,1036.3871515962114
1762430400000,1046.18625183142,1046.03081722329,3,1036.3871515962114
1762434000000,1047.0916519684513,1046.1103817879377,3,1036.3871515962114
1762437600000,1045.9939803817122,1045.5621013754164,3,1036.3871515962114
1762441200000,1047.238001348618,1045.7816301488797,3,1036.3871515962114
1762444800000,1047.927567796222,1046.2500375596524,3,1036.3871515962114
1762448400000,1048.2507772662673,1047.4148452794925,3,1036.3899499721467
1762452000000,1047.3039392680432,1047.1354855639215,3,1036.3899499721467
1762455600000,1047.0348482657203,1046.3415459748808,3,1036.3899499721467
1762459200000,1046.8521684571226,1046.5741153253043,3,1036.3899499721467
1762462800000,1047.2579207424606,1046.4563821722604,3,1036.3899499721467
1762466400000,1046.500719545472,1046.214641621255,3,1036.3899499721467
1762470000000,1046.4903467071174,1046.1840108995946,3,1036.3899499721467
1762473600000,1046.7989431573644,1046.3997299804923,3,1036.3899499721467
1762477200000,1045.9792538342072,1045.8230431415432,3,1036.3949718570282
1762480800000,1045.9964863414175,1045.7741135435247,3,1036.3949718570282
1762484400000,1045.580934469625,1045.4924318128049,3,1036.3949718570282
1762488000000,1045.4515312521542,1044.972015066072,3,1036.3949718570282
1762491600000,1045.4671519064852,1045.2232120851802,3,1036.3949718570282
1762495200000,1044.6418117497033,1044.5121236183306,3,1036.3949718570282
1762498800000,1044.7851688439075,1044.378270713257,3,1036.3949718570282
1762502400000,1043.7886854098135,1043.658361528373,3,1036.3949718570282
1762506000000,1043.9436385807242,1043.4762035906656,3,1036.4008991143594
1762509600000,1044.6405898256903,1043.8752597111961,3,1036.4008991143594
1762513200000,1045.1989629705051,1044.176031387322,3,1036.4008991143594
1762516800000,1045.5710675992782,1045.084148254093,3,1036.4008991143594
1762520400000,1046.8458754764442,1045.203167024044,3,1036.4008991143594
1762524000000,1046.0363717976566,1045.7024985603168,3,1036.4008991143594
1762527600000,1044.0750318411315,1043.7551589272168,2,1038.2353347952828
1762531200000,1043.0578908407952,1042.6899787051439,2,1038.2353347952828
1762534800000,1041.475716745088,1040.9197208837018,1,1039.8777601237402
1762538400000,1041.209428189002,1041.1929324377402,1,1039.8777601237402
1762542000000,1041.1740801505834,1041.0421141404877,1,1039.8777601237402
1762545600000,1041.1693670787945,1041.155227863427,1,1039.8777601237402
1762549200000,1040.4805889175693,1040.3178830003335,2,1039.8602980981982
1762552800000,1041.016534577737,1040.2996229632345,2,1039.8602980981982
1762556400000,1041.0837945590752,1040.5849736874986,2,1039.8602980981982
1762560000000,1041.113245025589,1040.4856968227305,2,1039.8602980981982
1762563600000,1040.5598827843498,1040.2694366192604,2,1039.861536387597
1762567200000,1042.3124555378506,1040.207969269316,2,1039.861536387597
1762570800000,1042.9133046434617,1042.0457721483929,2,1039.861536387597
1762574400000,1042.2253561859266,1041.9657424041525,2,1039.861536387597
1762578000000,1042.666250743568,1042.0381102906515,2,1039.861536387597
1762581600000,1041.89149282697,1041.3088237466184,2,1039.861536387597
1762585200000,1041.4263481841501,1041.0347559279446,2,1039.861536387597
1762588800000,1041.002843985025,1040.595045870418,2,1039.861536387597
1762592400000,1041.3935145669336,1040.6436114499072,2,1039.865420261264
1762596000000,1040.829382952206,1040.525482297982,2,1039.865420261264
1762599600000,1040.9273828406845,1040.4769696632895,2,1039.865420261264
1762603200000,1041.412946639812,1040.845588810607,2,1039.865420261264
1762606800000,1041.4039153296053,1040.9451555682367,2,1039.865420261264
1762610400000,1041.117472581401,1040.8676797765766,2,1039.865420261264
1762614000000,1040.7020126090529,1040.2746774810569,2,1039.865420261264
1762617600000,1040.217515905194,1039.9208822753396,2,1039.865420261264
1762621200000,1040.4831571732689,1039.6309359293466,2,1039.863286115941
1762624800000,1041.0022122488026,1040.3045477548285,2,1039.863286115941
1762628400000,1040.9480119232276,1040.7698898143342,2,1039.863286115941
1762632000000,1040.5098687348525,1040.0810592138803,2,1039.863286115941
1762635600000,1040.8694565719636,1040.2655662042253,2,1039.863286115941
1762639200000,1040.855514773282,1040.5609353221253,2,1039.863286115941
1762642800000,1040.9584251502351,1040.7302235374982,2,1039.863286115941
1762646400000,1041.267933483503,1040.8614123451862,2,1039.863286115941
1762650000000,1040.7850728310646,1040.1266771227915,3,1039.850099996523
1762653600000,1041.0375924402647,1040.4937484825614,3,1039.850099996523
1762657200000,1039.4663986418936,1038.9003657587589,3,1039.850099996523
1762660800000,1038.4073257181212,1038.058394970702,3,1039.850099996523
1762664400000,1038.2264143248144,1037.9714235743768,3,1039.850099996523
1762668000000,1038.1163742958624,1037.559085265797,3,1039.850099996523
1762671600000,1038.6257593651344,1037.68087487848,3,1039.850099996523
1762675200000,1038.6955890590127,1038.2344552299473,3,1039.850099996523
1762678800000,1038.3412244479387,1037.9616887560471,3,1039.8500739855233
1762682400000,1037.5883905186026,1037.32693905642,3,1039.8500739855233
1762686000000,1038.887572847599,1036.7418692078586,2,1037.5199830782642
1762689600000,1037.7875380309374,1037.650761015611,2,1037.5199830782642
1762693200000,1038.5390499507644,1037.01156979,3,1037.5029981782284
1762696800000,1038.7235693474931,1037.70982358265,3,1037.5029981782284
1762700400000,1039.9438483391211,1038.0460633730233,3,1037.5029981782284
1762704000000,1039.5914909389135,1039.1236581285764,3,1037.5029981782284
1762707600000,1039.7170448436952,1038.746695035449,3,1037.4993732775172
1762711200000,1039.6701270325098,1039.1605989134564,3,1037.4993732775172
1762714800000,1041.080327170379,1039.2234499620354,3,1037.4993732775172
1762718400000,1041.4971422051594,1040.5136548051669,3,1037.4993732775172
1762722000000,1041.7659807622747,1040.864531451144,3,1037.4993732775172
1762725600000,1041.5583651643688,1041.1715139702792,3,1037.4993732775172
1762729200000,1041.5763480569533,1041.0958661922186,3,1037.4993732775172
1762732800000,1040.8013016950367,1040.137174109488,3,1037.4993732775172
1762736400000,1041.0401214903889,1040.0469456384142,3,1037.496124981679
1762740000000,1041.1649275124043,1040.3841546026435,3,1037.496124981679
1762743600000,1040.7381401620646,1040.0872696749236,3,1037.496124981679
1762747200000,1040.7489675740678,1039.9695626389123,3,1037.496124981679
1762750800000,1040.67402028222,1040.1855232890161,3,1037.496124981679
1762754400000,1041.2876304560962,1040.440798459019,3,1037.496124981679
1762758000000,1040.6273353571735,1040.130794727134,3,1037.496124981679
1762761600000,1040.571947495888,1040.1937525160429,3,1037.496124981679
1762765200000,1040.8102020376075,1040.168763141341,3,1037.4927059076701
1762768800000,1041.3908470495865,1040.2846869800737,3,1037.4927059076701
1762772400000,1041.7110253431545,1040.6145925365824,3,1037.4927059076701
1762776000000,1042.48144290454,1041.5074495853491,3,1037.4927059076701
1762779600000,1041.0723887756274,1040.3792516590145,3,1037.4927059076701
1762783200000,1041.4685466066333,1040.6584169423502,3,1037.4927059076701
1762786800000,1040.908294680275,1040.0081808578925,3,1037.4927059076701
1762790400000,1041.9253846025056,1040.698873825807,3,1037.4927059076701
1762794000000,1041.624820882096,1041.2239523630042,3,1037.4887423814496
1762797600000,1042.3417086079005,1041.212998761247,3,1037.4887423814496
1762801200000,1042.0966929146357,1041.7285448008226,3,1037.4887423814496
1762804800000,1042.9133032261727,1041.6968660400216,3,1037.4887423814496
1762808400000,1045.3329368160553,1042.4061655986766,3,1037.4887423814496
1762812000000,1046.8174967069685,1042.725292179184,2,1046.3876629322908
1762815600000,1046.7371312617306,1046.2900053968094,2,1046.3876629322908
1762819200000,1046.5882540876353,1046.419038380913,2,1046.3876629322908
1762822800000,1046.9828572826607,1045.2372714527946,3,1046.3692801905756
1762826400000,1047.3648330989802,1046.1500055586116,3,1046.3692801905756
1762830000000,1047.2817023129746,1046.0880968263468,3,1046.3692801905756
1762833600000,1046.5872206390186,1046.3293861622299,3,1046.3692801905756
1762837200000,1046.2739031280623,1045.3527147158284,3,1046.3692801905756
1762840800000,1044.955297576274,1044.4866426851056,3,1046.3692801905756
1762844400000,1044.891718677219,1044.179746508247,3,1046.3692801905756
1762848000000,1043.8359481837845,1043.3260146394264,2,1043.8579138808677
1762851600000,1043.8978999548972,1043.6804479080265,2,1043.8554668258453
1762855200000,1043.8977941284654,1043.7534847347783,2,1043.8554668258453
1762858800000,1043.7895071967368,1043.7174701658098,2,1043.8554668258453
1762862400000,1043.8873445100926,1043.668316177299,2,1043.8554668258453
1762866000000,1043.7867036761456,1043.5562259291544,2,1043.8554668258453
1762869600000,1043.6981866799365,1043.3937623508202,2,1043.8554668258453
1762873200000,1043.8811688718022,1043.2689954538093,2,1043.8554668258453
1762876800000,1043.6021530913467,1042.9558430836241,2,1043.8554668258453
1762880400000,1043.6041895144222,1043.4973651491948,2,1043.8533508812498
1762884000000,1043.5123004005136,1043.2287516291735,2,1043.8533508812498
1762887600000,1043.4351112060906,1043.2277518333487,2,1043.8533508812498
1762891200000,1043.6034329434196,1043.2134009651174,2,1043.8533508812498
1762894800000,1043.434801619785,1043.2277755123177,2,1043.8533508812498
1762898400000,1043.5231148561206,1043.263797974276,2,1043.8533508812498
1762902000000,1043.7367320146157,1043.2469689577392,2,1043.8533508812498
1762905600000,1043.5814596563766,1043.3737591253694,2,1043.8533508812498
1762909200000,1043.5405002237271,1043.3794755329252,2,1043.850982099317
1762912800000,1043.439502445536,1043.3482798621774,2,1043.850982099317
1762916400000,1043.4170663878167,1043.1898470391027,2,1043.850982099317
1762920000000,1043.4159370865902,1043.2779249436053,2,1043.850982099317
1762923600000,1043.423339959549,1043.2953146642606,2,1043.850982099317
1762927200000,1043.4863978315943,1043.3085520172451,2,1043.850982099317
1762930800000,1043.3988806312102,1043.2614212993535,2,1043.850982099317
1762934400000,1043.5352185548302,1043.3179781608233,2,1043.850982099317
1762938000000,1043.8364685236988,1043.2727588846976,2,1043.8477413775868
1762941600000,1043.945072934723,1043.5083730092053,2,1043.8477413775868
1762945200000,1043.9574005323343,1043.7651959567643,2,1043.8477413775868
1762948800000,1043.856638085976,1043.724574142438,2,1043.8477413775868
1762952400000,1044.0107969289684,1043.6502864020486,2,1043.8477413775868
1762956000000,1044.2491008546458,1043.7861536620028,2,1043.8477413775868
1762959600000,1043.7815858815943,1043.194628362943,2,1043.8477413775868
1762963200000,1043.632618667047,1043.1418005634166,2,1043.8477413775868
1762966800000,1043.2978583267793,1042.1738351019394,1,1041.2592294931474
1762970400000,1043.2837191114118,1043.1800315320509,1,1041.2592294931474
1762974000000,1043.3402759728815,1043.201240355102,1,1041.2592294931474
1762977600000,1043.4086155138239,1043.3355629010923,1,1041.2592294931474
1762981200000,1043.3167106139358,1043.26722336015,1,1041.2592294931474
1762984800000,1043.2695798960444,1043.2389449294149,1,1041.2592294931474
1762988400000,1043.2648668242553,1043.234231857626,1,1041.2592294931474
1762992000000,1043.3614847959325,1043.2648668242553,1,1041.2592294931474
1762995600000,1043.3064982800715,1043.2358022032347,1,1041.2584433028615
1762999200000,1043.2687937057585,1043.1438973033466,1,1041.2584433028615
1763002800000,1043.216949916078,1043.1816018776597,1,1041.2584433028615
1763006400000,1043.0519924034584,1042.929452536941,1,1041.2584433028615
1763010000000,1043.021357436829,1042.9695136471485,1,1041.2584433028615
1763013600000,1042.8611129959984,1042.830478029369,1,1041.2584433028615
1763017200000,1042.8446172447364,1042.7644950243211,1,1041.2584433028615
1763020800000,1042.912956785679,1042.776277703794,1,1041.2584433028615
1763024400000,1042.8387983517473,1042.7987372415398,1,1041.259694017556
1763028000000,1042.9118509644788,1042.8223026004853,1,1041.259694017556
1763031600000,1042.8717898542714,1042.7468934518593,1,1041.259694017556
1763035200000,1042.9118509644788,1042.8058068492235,1,1041.259694017556
1763038800000,1042.8765029260605,1042.8552941030093,1,1041.259694017556
1763042400000,1043.0273212233128,1042.8529375671149,1,1041.259694017556
1763046000000,1042.9307032516356,1042.8152329928016,1,1041.259694017556
1763049600000,1043.1640003051975,1042.885929069639,1,1041.259694017556
1763053200000,1043.450446466546,1043.1488098720415,1,1041.2609993356618
1763056800000,1043.749726525156,1043.433950715284,1,1041.2609993356618
1763060400000,1043.9005448224082,1043.7049523431592,1,1041.2609993356618
1763064000000,1043.9335363249322,1043.7780049558908,1,1041.2609993356618
1763067600000,1043.9731321189568,1043.7119611853784,2,1041.2410043181387
1763071200000,1044.1393575992984,1043.6187633009715,2,1041.2410043181387
1763074800000,1043.2116303311018,1043.1184074298985,2,1041.2410043181387
1763078400000,1043.1558756594616,1042.625382528056,2,1041.2410043181387
1763082000000,1043.6445405514708,1042.9035885860092,2,1041.2320494088913
1763085600000,1043.534728743427,1043.2129969108405,2,1041.2320494088913
1763089200000,1042.997968194167,1042.8344037332524,2,1041.2320494088913
1763092800000,1043.358958947132,1042.9128284184303,2,1041.2320494088913
1763096400000,1044.236539960885,1043.3238472534636,2,1041.2320494088913
1763100000000,1043.7574179296596,1043.5747898536345,2,1041.2320494088913
1763103600000,1043.4345544069151,1043.3703871094792,2,1041.2320494088913
1763107200000,1043.7976653510243,1043.2430660323907,2,1041.2320494088913
1763110800000,1043.9937142670829,1043.7592424013774,2,1041.2328853796228
1763114400000,1044.5509064663613,1043.73289785063,2,1041.2328853796228
1763118000000,1044.1776853612196,1043.8359945681152,2,1041.2328853796228
1763121600000,1044.636282586848,1044.0972586572723,2,1041.2328853796228
1763125200000,1045.2616461211005,1044.6334783782495,2,1041.2328853796228
1763128800000,1045.2693065906599,1044.894151605531,2,1041.2328853796228
1763132400000,1044.1783943954701,1043.9418023386206,2,1041.2328853796228
1763136000000,1044.2028550998236,1043.647571763736,2,1041.2328853796228
1763139600000,1043.761844638147,1043.4824122792877,2,1041.2376759463186
1763143200000,1044.5342087432703,1043.5755170081159,2,1041.2376759463186
1763146800000,1044.5961376771866,1043.9618638108418,2,1041.2376759463186
1763150400000,1043.9100450379578,1043.732577706426,2,1041.2376759463186
1763154000000,1045.2364676334323,1043.8749333442895,2,1041.2376759463186
1763157600000,1044.8175770008863,1044.6054456483896,2,1041.2376759463186
1763161200000,1044.9921469682413,1044.4413403591925,2,1041.2376759463186
1763164800000,1045.5137798011472,1044.9945035041358,2,1041.2376759463186
1763168400000,1044.2666132437964,1044.1575556647804,3,1041.2273664676063
1763172000000,1043.5246902514173,1043.33448645401,3,1041.2273664676063
1763175600000,1042.9254384646867,1042.882399476882,3,1041.2273664676063
1763179200000,1043.2482777530406,1042.738101640803,3,1041.2273664676063
1763182800000,1043.5060919683326,1042.9336094610487,3,1041.2273664676063
1763186400000,1043.2554329804807,1043.0517060247253,3,1041.2273664676063
1763190000000,1043.1528970909114,1042.6580295431545,3,1041.2273664676063
1763193600000,1043.5037090360822,1042.9514417445266,3,1041.2273664676063
1763197200000,1044.7184647960357,1043.446321893551,3,1041.2328087999088
1763200800000,1044.4724751539288,1043.955994054055,3,1041.2328087999088
1763204400000,1044.0696383034303,1043.9393792588385,3,1041.2328087999088
1763208000000,1044.572585943109,1043.924251631658,3,1041.2328087999088
1763211600000,1043.9472754690887,1043.8817474050463,3,1041.2328087999088
1763215200000,1043.4187774177838,1043.2149448426383,3,1041.2328087999088
1763218800000,1043.6643267446623,1043.3732260627544,3,1041.2328087999088
1763222400000,1043.655353380124,1043.2898496207247,3,1041.2328087999088
1763226000000,1043.286566461202,1043.2481349257964,3,1041.2349073214466
1763229600000,1042.793645524764,1042.328088545599,3,1041.2349073214466
1763233200000,1043.2200093820204,1042.6927663887586,3,1041.2349073214466
1763236800000,1043.5139511490756,1043.0369734542116,3,1041.2349073214466
1763240400000,1044.2991287811435,1043.4484659394984,3,1041.2349073214466
1763244000000,1044.9137594331016,1043.8245770513417,3,1041.2349073214466
1763247600000,1044.3561053541491,1044.2614913848593,3,1041.2349073214466
1763251200000,1044.4127376227023,1044.1772166530507,3,1041.2349073214466
1763254800000,1044.8224859906277,1044.3152345105025,3,1041.239573117879
1763258400000,1045.0168266237251,1044.6308586616885,3,1041.239573117879
1763262000000,1043.8711500562474,1043.868345847649,3,1041.239573117879
1763265600000,1043.7685866312227,1043.5363669724072,3,1041.239573117879
1763269200000,1043.9052186238855,1043.6388306667845,3,1041.239573117879
1763272800000,1043.727689817814,1043.2632491206243,3,1041.239573117879
1763276400000,1043.758420884393,1043.3464422850416,3,1041.239573117879
1763280000000,1043.1598220312305,1043.0770084899084,3,1041.239573117879
1763283600000,1043.287612861959,1042.9239396142953,3,1041.2463825737386
1763287200000,1042.4980005749112,1042.4446526511053,3,1041.2463825737386
1763290800000,1042.8908830957075,1042.3274106511635,3,1041.2463825737386
1763294400000,1044.6516941777036,1042.7315883578083,3,1041.2463825737386
1763298000000,1044.5973327361148,1044.1662905216533,3,1041.2463825737386
1763301600000,1045.0336152477369,1044.318334625395,3,1041.2463825737386
1763305200000,1044.4592415365835,1044.1031786357123,3,1041.2463825737386
1763308800000,1046.3229535946411,1044.4212576738817,3,1041.2463825737386
1763312400000,1047.4619221295202,1045.7579641634713,3,1041.2437780418054
1763316000000,1047.3140984084337,1047.0181997282125,3,1041.2437780418054
1763319600000,1047.373711498955,1045.6918031654943,3,1041.2437780418054
1763323200000,1046.8977191823592,1046.0193105092071,3,1041.2437780418054
1763326800000,1047.0053207663982,1046.0646609273028,3,1041.2437780418054
1763330400000,1047.219150525711,1046.912982819583,3,1041.2437780418054
1763334000000,1046.5533008781258,1046.1728482668807,3,1041.2437780418054
1763337600000,1046.4859969273916,1045.8526010767655,3,1041.2437780418054
1763341200000,1045.3863206187941,1045.1291799407632,3,1041.2519827327596
1763344800000,1046.0222413896297,1045.1895450983473,3,1041.2519827327596
1763348400000,1045.5845698827131,1045.2998274339263,3,1041.2519827327596
1763352000000,1044.8366742582245,1044.6379500536664,3,1041.2519827327596
1763355600000,1044.9001855885474,1044.4688641748703,3,1041.2519827327596
1763359200000,1044.8282970402456,1044.6684542057624,3,1041.2519827327596
1763362800000,1044.246309948755,1044.1526592853081,3,1041.2519827327596
1763366400000,1044.157492780611,1043.860500069187,3,1041.2519827327596
1763370000000,1044.3536433681936,1043.894553961411,3,1041.2588522254514
1763373600000,1044.0897404212087,1043.7300186588309,3,1041.2588522254514
1763377200000,1043.9435817719138,1043.647755465232,3,1041.2588522254514
1763380800000,1043.9239515293186,1043.47004139793,3,1041.2588522254514
1763384400000,1044.1852748418762,1043.6667614217533,3,1041.2588522254514
1763388000000,1046.4398635860102,1044.0325392740317,3,1041.2588522254514
1763391600000,1045.0730084523202,1043.1089411204505,3,1041.2588522254514
1763395200000,1046.783921306029,1044.6245552307287,3,1041.2588522254514
1763398800000,1046.799868100104,1046.397256606183,3,1041.2670259096406
1763402400000,1049.1233935816654,1046.7361004253971,3,1041.2670259096406
1763406000000,1049.8754762537844,1048.437110032923,3,1041.2670259096406
1763409600000,1050.3963127856039,1049.3887975400573,3,1041.2670259096406
1763413200000,1050.1547733850064,1049.7626709816143,3,1041.2670259096406
1763416800000,1050.0403112700985,1049.623005703904,3,1041.2670259096406
1763420400000,1049.7274064009869,1049.3006347811202,3,1041.2670259096406
1763424000000,1049.636390779417,1049.3768441359573,3,1041.2670259096406
1763427600000,1049.5416913313247,1049.3734233180612,3,1041.2676067889706
1763431200000,1049.4463334348536,1048.96379164599,3,1041.2676067889706
1763434800000,1049.4235178026584,1048.045812904685,3,1041.2676067889706
1763438400000,1048.284903485389,1047.8942977694735,3,1041.2676067889706
1763442000000,1047.9240048380761,1047.633179031453,3,1041.2676067889706
1763445600000,1047.9413413097018,1047.2741967831532,3,1041.2676067889706
1763449200000,1048.525096841236,1047.5845176047337,3,1041.2676067889706
1763452800000,1047.868759917738,1047.3476106733322,3,1041.2676067889706
1763456400000,1047.1536233869801,1046.8528631611148,3,1041.2756768843049
1763460000000,1047.0852859188292,1046.905831372652,3,1041.2756768843049
1763463600000,1047.0393674045158,1046.6366524531697,3,1041.2756768843049
1763467200000,1047.2648898104414,1046.940108323872,3,1041.2756768843049
1763470800000,1047.2215494618224,1046.9530413135778,3,1041.2756768843049
1763474400000,1047.4790800647954,1047.1598443196717,3,1041.2756768843049
1763478000000,1047.7538621167907,1046.3968659952595,3,1041.2756768843049
1763481600000,1046.108355338799,1045.0599115096318,3,1041.2756768843049
1763485200000,1045.1578805005975,1044.660070661407,3,1041.283499717639
1763488800000,1045.7444291564775,1045.051876117089,3,1041.283499717639
1763492400000,1045.033644993288,1044.6886682014504,3,1041.283499717639
1763496000000,1045.0741035642593,1044.620029372486,3,1041.283499717639
1763499600000,1045.2472959772656,1044.695509604265,3,1041.283499717639
1763503200000,1046.1465212973885,1045.0662117671127,3,1041.283499717639
1763506800000,1045.1602901928036,1044.877275669907,3,1041.283499717639
1763510400000,1045.6021288368904,1045.0793175542374,3,1041.283499717639
1763514000000,1045.6204244214878,1045.3092621932171,3,1041.2889407531595
1763517600000,1046.0158519513009,1045.1950010152432,3,1041.2889407531595
1763521200000,1045.35311020638,1045.138456109605,2,1041.2569427266174
1763524800000,1045.8836411819934,1045.24992474642,2,1041.2569427266174
1763528400000,1046.1652957206893,1045.7451453425701,2,1041.2569427266174
1763532000000,1046.7617469364254,1046.0925443795984,2,1041.2569427266174
1763535600000,1046.4774848021343,1046.3977266182849,2,1041.2569427266174
1763539200000,1045.937577894883,1045.9046742632543,2,1041.2569427266174
1763542800000,1046.1524269993602,1045.7745059725678,2,1041.2605572035652
1763546400000,1045.9811781641283,1045.9647326248064,2,1041.2605572035652
1763550000000,1046.1195735796716,1045.7017922904317,2,1041.2605572035652
1763553600000,1046.2040448353105,1045.9224530615395,2,1041.2605572035652
1763557200000,1045.9761638206987,1045.8729532547686,2,1041.2605572035652
1763560800000,1046.4291550655216,1045.964431353166,2,1041.2605572035652
1763564400000,1046.4103153313501,1046.2156141140379,2,1041.2605572035652
1763568000000,1047.3068716774178,1045.753033536831,2,1041.2605572035652
1763571600000,1047.7398868140363,1046.5758221020137,3,1041.2374967921974
1763575200000,1048.252965756511,1047.3460938053001,3,1041.2374967921974
1763578800000,1048.721495056114,1047.8214624951072,3,1041.2374967921974
1763582400000,1048.9820777310954,1048.5492802351646,3,1041.2374967921974
1763586000000,1047.9678657772336,1047.7164412966195,3,1041.2374967921974
1763589600000,1046.2075696054478,1046.018903566822,3,1041.2374967921974
1763593200000,1046.3336083375136,1046.0609402140703,3,1041.2374967921974
1763596800000,1045.3964599962142,1045.0612063333956,3,1041.2374967921974
1763600400000,1045.383730435287,1044.8330220081127,3,1041.237632013576
1763604000000,1044.7524889724982,1044.5379079136624,3,1041.237632013576
1763607600000,1044.5207588050328,1044.2052455590738,3,1041.237632013576
1763611200000,1044.4916731680835,1044.1861864447292,3,1041.237632013576
1763614800000,1043.8904161537341,1043.8686851087439,3,1041.237632013576
1763618400000,1043.9752725164556,1043.6844054632234,3,1041.237632013576
1763622000000,1044.3695388042431,1043.7280684009638,3,1041.237632013576
1763625600000,1043.5907912498603,1043.5175415237482,3,1041.237632013576
1763629200000,1043.82959139685,1043.4128625496173,3,1041.246615961492
1763632800000,1044.3490729231235,1043.8067086094711,3,1041.246615961492
1763636400000,1044.610416482279,1044.1571442886334,3,1041.246615961492
1763640000000,1044.766561458255,1044.54327732554,3,1041.246615961492
1763643600000,1044.340169229781,1044.0946990043647,3,1041.246615961492
1763647200000,1044.8977993224428,1043.5017637639676,3,1041.246615961492
1763650800000,1044.8366379567467,1044.206930805325,3,1041.246615961492
1763654400000,1046.344308962642,1044.7718650497097,3,1041.246615961492
1763658000000,1049.456841498474,1046.2262117182893,3,1041.2553254263403
1763661600000,1049.706297015604,1049.1265328406023,3,1041.2553254263403
1763665200000,1050.3273026632721,1049.2138558769063,3,1041.2553254263403
1763668800000,1049.5246029999591,1049.377080174374,3,1041.2553254263403
1763672400000,1049.7369740504912,1049.1680651234026,3,1041.2553254263403
1763676000000,1048.8748664119491,1048.3042669320953,3,1041.2553254263403
1763679600000,1048.0550957243177,1047.507436191189,3,1041.2553254263403
1763683200000,1049.8893103717458,1047.9241957499698,3,1041.2553254263403
1763686800000,1049.0705904276983,1048.7976122140092,3,1041.2503480941648
1763690400000,1049.04298044542,1048.4044321372846,3,1041.2503480941648
1763694000000,1051.0825483905382,1049.0043739193666,3,1041.2503480941648
1763697600000,1050.5404802723178,1049.601179009285,3,1041.2503480941648
1763701200000,1050.4693369176023,1050.1834412443397,3,1041.2503480941648
1763704800000,1050.8339256341692,1050.044234514352,3,1041.2503480941648
1763708400000,1051.2276082041446,1050.6609456752628,3,1041.2503480941648
1763712000000,1053.7491399813937,1050.9044934147555,3,1041.2503480941648
1763715600000,1053.27605462418,1052.365093588828,3,1041.258320426369
1763719200000,1054.845744268373,1052.5635485385458,3,1041.258320426369
1763722800000,1054.957606198893,1054.2861765259215,3,1041.258320426369
1763726400000,1055.8093704227308,1054.1164032725842,3,1041.258320426369
1763730000000,1054.5611886322743,1053.9674662882005,3,1041.258320426369
1763733600000,1054.0438388116634,1053.4545684647978,3,1041.258320426369
1763737200000,1053.0765145868986,1052.5243123464898,3,1041.258320426369
1763740800000,1054.9408297271048,1052.8391037918013,3,1041.258320426369
1763744400000,1053.079785724882,1053.018891112122,3,1041.2631717511338
1763748000000,1052.611270101763,1051.6170171972346,3,1041.2631717511338
1763751600000,1052.7466723580353,1051.9343510078888,3,1041.2631717511338
1763755200000,1053.4672531933745,1052.4306146233444,3,1041.2631717511338
1763758800000,1053.7889284169223,1053.3041782626758,3,1041.2631717511338
1763762400000,1053.1995871614492,1052.6777462601035,3,1041.2631717511338
1763766000000,1055.2036864689542,1052.873163672485,3,1041.2631717511338
1763769600000,1053.426347217997,1053.202081780179,3,1041.2631717511338
1763773200000,1053.4699030645988,1053.048444484362,3,1041.2635224741066
1763776800000,1052.8877050918177,1052.8081760019486,3,1041.2635224741066
1763780400000,1053.5387132737112,1052.7755569807464,3,1041.2635224741066
1763784000000,1053.5305826337112,1053.147342404972,3,1041.2635224741066
1763787600000,1054.0606336011965,1053.4618561144875,3,1041.2635224741066
1763791200000,1054.5075689706657,1053.8989561680817,3,1041.2635224741066
1763794800000,1053.6964985177358,1053.5371930126778,3,1041.2635224741066
1763798400000,1053.7379586956529,1053.4893235318516,3,1041.2635224741066
1763802000000,1055.2362240764414,1053.7335661449242,3,1041.2681261252148
1763805600000,1055.0479629463634,1054.5072041537585,3,1041.2681261252148
1763809200000,1055.3598967043586,1054.6489403222533,3,1041.2681261252148
1763812800000,1054.6849697359635,1054.2964496799104,3,1041.2681261252148
1763816400000,1055.398180587181,1054.6673445091055,3,1041.2681261252148
1763820000000,1055.7329355639054,1055.0385741606672,3,1041.2681261252148
1763823600000,1054.5216515153968,1054.3359172857215,3,1041.2681261252148
1763827200000,1054.6126842798903,1054.1063942146063,3,1041.2681261252148
1763830800000,1053.8291720794437,1053.582421742611,3,1041.2680090196138
1763834400000,1054.4056002846453,1053.7797949633452,3,1041.2680090196138
1763838000000,1054.3728099309549,1054.209526976792,3,1041.2680090196138
1763841600000,1054.3909599178562,1053.9450648112588,3,1041.2680090196138
1763845200000,1054.4215195665754,1053.8992795078134,3,1041.2680090196138
1763848800000,1054.074620038067,1053.9898807604402,3,1041.2680090196138
1763852400000,1052.9943283168807,1052.5928835527739,3,1041.2680090196138
1763856000000,1053.4147844487197,1052.8864604966798,3,1041.2680090196138
1763859600000,1053.3170019840754,1052.9504502834527,3,1041.272164029667
1763863200000,1051.9800265060753,1051.7005134596268,3,1041.272164029667
1763866800000,1050.964441641197,1050.418792392111,3,1041.272164029667
1763870400000,1050.8895641272445,1050.5320210358902,3,1041.272164029667
1763874000000,1050.0504967424777,1049.456803812178,2,1041.8094542356114
1763877600000,1050.059910333071,1049.987196650935,2,1041.8094542356114
1763881200000,1050.3391330179622,1049.9683945757188,2,1041.8094542356114
1763884800000,1050.5128011540137,1050.282814663208,2,1041.8094542356114
1763888400000,1050.1975149200496,1049.923218707693,2,1041.808675960032
1763892000000,1049.9983265846786,1049.8785826085314,2,1041.808675960032
1763895600000,1050.179139646324,1049.8364285751147,2,1041.808675960032
1763899200000,1050.127509257389,1050.0618149709965,2,1041.808675960032
1763902800000,1049.794199223788,1049.6626725681679,2,1041.808675960032
1763906400000,1049.6603034792886,1049.641501404072,2,1041.808675960032
1763910000000,1050.1179073720205,1049.4536689466831,2,1041.808675960032
1763913600000,1049.578113441634,1049.4373489372113,2,1041.808675960032
1763917200000,1050.0424506062864,1049.3853320005728,2,1041.8082768593436
1763920800000,1050.2256578627816,1049.9509976138593,2,1041.8082768593436
1763924400000,1050.0192116249516,1049.7680037581094,2,1041.8082768593436
1763928000000,1049.7750859187784,1049.5639015031888,2,1041.8082768593436
1763931600000,1049.683582714411,1049.5779151887061,2,1041.8082768593436
1763935200000,1049.495775362992,1049.4370753663732,2,1041.8082768593436
1763938800000,1049.5685518100531,1049.423024021901,2,1041.8082768593436
1763942400000,1050.1553760344502,1049.484055448444,2,1041.8082768593436
1763946000000,1050.281980235336,1049.983867604333,2,1041.8082306652036
1763949600000,1050.021446648796,1049.9909121060466,2,1041.8082306652036
1763953200000,1049.5824690894901,1049.1178206950447,2,1041.8082306652036
1763956800000,1049.5777183587459,1049.2209810490344,2,1041.8082306652036
1763960400000,1050.042542494982,1049.3782413047193,2,1041.8082306652036
1763964000000,1049.4532738637947,1049.0402558582844,2,1041.8082306652036
1763967600000,1049.7420858810694,1049.4156948193317,2,1041.8082306652036
1763971200000,1049.9015896957837,1049.676291170797,2,1041.8082306652036
1763974800000,1049.8183134074338,1049.7572317689505,2,1041.8093126556273
1763978400000,1050.4872774575456,1049.7386054355243,2,1041.8093126556273
1763982000000,1050.3557382489405,1050.1962595401965,2,1041.8093126556273
1763985600000,1050.208004560714,1050.1398909735021,2,1041.8093126556273
1763989200000,1050.3208170120129,1050.1071379776936,2,1041.8093126556273
1763992800000,1050.2877627445637,1049.9005411040432,2,1041.8093126556273
1763996400000,1050.116551568287,1049.7526818859667,2,1041.8093126556273
1764000000000,1049.8066060458711,1049.574237913201,2,1041.8093126556273
1764003600000,1049.631825829463,1049.33610739331,2,1041.8105947701204
1764007200000,1048.2472063658242,1048.1767990076426,2,1041.8105947701204
1764010800000,1048.401833919944,1048.03600939725,2,1041.8105947701204
1764014400000,1048.5895659534528,1048.11334828028,2,1041.8105947701204
1764018000000,1048.1998120352475,1048.0472397453818,2,1041.8105947701204
1764021600000,1048.505006826919,1048.1904361036093,2,1041.8105947701204
1764025200000,1048.4345994687376,1048.1623710736199,2,1041.8105947701204
1764028800000,1048.650459297161,1048.378243455028,2,1041.8105947701204
1764032400000,1048.6146682231933,1048.5278027727052,2,1041.8123450816606
1764036000000,1048.8752896806284,1048.4997000837604,2,1041.8123450816606
1764039600000,1048.6219135726674,1048.5843721871595,2,1041.8123450816606
1764043200000,1048.884678165252,1048.4881182520483,2,1041.8123450816606
1764046800000,1048.5797344332807,1048.4764234434706,2,1041.8123450816606
1764050400000,1048.7206872324787,1048.551594085381,2,1041.8123450816606
1764054000000,1048.81938557438,1048.7019228162176,2,1041.8123450816606
1764057600000,1049.225308866237,1048.7888133726758,2,1041.8123450816606
1764061200000,1049.5225462949209,1049.0461277739876,2,1041.8114824323268
1764064800000,1049.2035637714625,1049.1941627338545,2,1041.8114824323268
1764068400000,1049.266788545095,1049.1706099278938,2,1041.8114824323268
1764072000000,1049.410060221233,1049.236291661301,2,1041.8114824323268
1764075600000,1049.1239311174634,1048.9362492958942,2,1041.8114824323268
1764079200000,1049.5088840929843,1048.9784284352816,2,1041.8114824323268
1764082800000,1049.6780902169473,1049.1242072831337,2,1041.8114824323268
1764086400000,1049.5910364716835,1049.3117886808225,2,1041.8114824323268
1764090000000,1049.0383983072466,1048.8622857644054,2,1041.8102451359587
1764093600000,1048.864654853285,1048.6134720924128,2,1041.8102451359587
1764097200000,1048.8436594309794,1048.3789859305637,2,1041.8102451359587
1764100800000,1048.8788066216373,1048.752131120642,2,1041.8102451359587
1764104400000,1048.6698281061224,1048.4632688914269,2,1041.8102451359587
1764108000000,1048.817674771214,1048.5197253290164,2,1041.8102451359587
1764111600000,1048.428171912709,1048.329599100658,2,1041.8102451359587
1764115200000,1048.514874174392,1048.0830164347099,2,1041.8102451359587
1764118800000,1048.58683357415,1048.2795458592693,2,1041.8143043492498
1764122400000,1048.34962683984,1048.1712581849845,2,1041.8143043492498
1764126000000,1048.5068996485097,1048.1735268499838,2,1041.8143043492498
1764129600000,1048.8518919377034,1048.3590655364035,2,1041.8143043492498
1764133200000,1048.8473671606898,1048.687662498215,2,1041.8143043492498
1764136800000,1048.6618410272552,1048.5186697749978,2,1041.8143043492498
1764140400000,1048.5679938399783,1048.48105307158,2,1041.8143043492498
1764144000000,1048.4716645869566,1048.4528876177103,2,1041.8143043492498
1764147600000,1048.8490115643876,1048.4381994589514,2,1041.8183680537675
1764151200000,1049.0439136294603,1048.8325660250657,2,1041.8183680537675
1764154800000,1049.0392131106564,1048.912512503691,2,1041.8183680537675
1764158400000,1049.2457848783367,1049.0415570935659,2,1041.8183680537675
1764162000000,1049.3983446152174,1049.187072328733,2,1041.8183680537675
1764165600000,1049.0182553473057,1048.9806135379176,2,1041.8183680537675
1764169200000,1049.2812835525756,1048.788331621425,2,1041.8183680537675
1764172800000,1049.2226337678967,1049.0113489284274,2,1041.8183680537675
1764176400000,1048.7808058688868,1048.5508821430062,2,1041.8203312097326
1764180000000,1047.6425054585104,1047.5134734216206,2,1041.8203312097326
1764183600000,1047.2411446026226,1047.196508503461,2,1041.8203312097326
1764187200000,1047.3655137796638,1047.2246739573309,2,1041.8203312097326
1764190800000,1047.5037585593866,1047.299681410436,2,1041.8203312097326
1764194400000,1047.3748018404067,1047.1916322428667,2,1041.8203312097326
1764198000000,1047.372382539587,1047.1916824548066,2,1041.8203312097326
1764201600000,1047.3277966523656,1047.2057840112193,2,1041.8203312097326
1764205200000,1047.3460392438199,1047.1840533633608,2,1041.8245099037297
1764208800000,1047.1817344864214,1047.085493104295,2,1041.8245099037297
1764212400000,1047.4070832233483,1046.9776322315008,2,1041.8245099037297
1764216000000,1047.5948529158122,1047.2967026258543,2,1041.8245099037297
1764219600000,1047.456470053254,1047.3414265959111,2,1041.8245099037297
1764223200000,1047.799055594613,1047.3906251310414,2,1041.8245099037297
1764226800000,1047.5102937892782,1047.4116833182725,2,1041.8245099037297
1764230400000,1047.6134918022233,1047.479683928619,2,1041.8245099037297
1764234000000,1047.6690194337139,1047.5728910284524,2,1041.8285703350905
1764237600000,1047.619996640374,1047.340535448767,2,1041.8285703350905
1764241200000,1047.6131906453757,1047.5237678112323,2,1041.8285703350905
1764244800000,1047.730515320703,1047.5826937615816,2,1041.8285703350905
1764248400000,1048.0449981731176,1047.6695215531147,2,1041.8285703350905
1764252000000,1047.831582751484,1047.7118764342918,2,1041.8285703350905
1764255600000,1047.634512445292,1047.5945643119494,2,1041.8285703350905
1764259200000,1047.3762098647962,1047.3362993904093,2,1041.8285703350905
1764262800000,1047.3245346463564,1047.1179001137511,2,1041.8308945944652
1764266400000,1047.4700749874935,1047.3010571583059,2,1041.8308945944652
1764270000000,1047.2069840172985,1047.14825891471,2,1041.8308945944652
1764273600000,1047.303175187485,1047.192895013871,2,1041.8308945944652
1764277200000,1047.2538511225043,1047.1552657574684,2,1041.8308945944652
1764280800000,1047.3524239345554,1047.1152548592008,2,1041.8308945944652
1764284400000,1047.666894233985,1047.2960804738311,2,1041.8308945944652
1764288000000,1047.680907919502,1047.490831903084,2,1041.8308945944652
1764291600000,1047.7632872837653,1047.5425888537022,2,1041.8332647151783
1764295200000,1048.3174087242942,1047.753911352127,2,1041.8332647151783
1764298800000,1048.0687456881224,1047.991256169272,2,1041.8332647151783
1764302400000,1047.9584153025685,1047.9184922751963,2,1041.8332647151783
1764306000000,1048.0945169471424,1047.8739189409598,2,1041.8332647151783
1764309600000,1047.9067723606486,1047.8058179067327,2,1041.8332647151783
1764313200000,1048.1531792848061,1047.904428377739,2,1041.8332647151783
1764316800000,1048.1602363395045,1047.8479844931346,2,1041.8332647151783
1764320400000,1047.1499821626594,1047.0959701318595,2,1041.834760977564
1764324000000,1047.4808980014109,1047.0982764558141,2,1041.834760977564
1764327600000,1047.4106538320345,1047.3261449174406,2,1041.834760977564
1764331200000,1047.9364968418288,1047.3848700200297,2,1041.834760977564
1764334800000,1047.9624689486093,1047.8215161494109,2,1041.834760977564
1764338400000,1047.4788929490967,1047.2981300993915,2,1041.834760977564
1764342000000,1047.633784115902,1047.2182212797215,2,1041.834760977564
1764345600000,1047.4926179159586,1047.2907717730523,2,1041.834760977564
1764349200000,1048.2726227607413,1047.4838394165727,2,1041.8353835157864
1764352800000,1048.5333571950418,1048.1999090786055,2,1041.8353835157864
1764356400000,1048.526337799298,1048.4207204855336,2,1041.8353835157864
1764360000000,1048.2705298375322,1048.188364905848,2,1041.8353835157864
1764363600000,1048.2916507896882,1048.2446832606022,2,1041.8353835157864
1764367200000,1048.5568095771223,1048.2188868956123,2,1041.8353835157864
1764370800000,1048.3150529598288,1048.261116246939,2,1041.8353835157864
1764374400000,1048.500415904458,1048.2023534853954,2,1041.8353835157864
1764378000000,1048.4726991513712,1048.4022290282642,2,1041.835769451644
1764381600000,1048.446940445336,1048.2380121417614,2,1041.835769451644
1764385200000,1048.5502765411165,1048.3882655546872,2,1041.835769451644
1764388800000,1048.6958294352387,1048.5103284077738,2,1041.835769451644
1764392400000,1048.4775879649505,1048.4400214734728,2,1041.835769451644
1764396000000,1048.6700205172635,1048.4681743743572,2,1041.835769451644
1764399600000,1048.7287079608973,1048.5432069334329,2,1041.835769451644
1764403200000,1048.6631140983852,1048.465955921298,2,1041.835769451644
1764406800000,1048.7360133891677,1048.56938975483,2,1041.8383115961851
1764410400000,1048.72429347462,1048.67025633785,2,1041.8383115961851
1764414000000,1048.5787907924378,1048.484893393221,2,1041.8383115961851
1764417600000,1048.4566526214412,1048.409685092355,2,1041.8383115961851
1764421200000,1048.6232009378691,1048.3908704641537,2,1041.8383115961851
1764424800000,1048.649034961814,1048.4566149624864,2,1041.8383115961851
1764428400000,1048.6773259455338,1048.5128831053,2,1041.8383115961851
1764432000000,1048.379087784681,1048.2406672631676,2,1041.8383115961851
1764435600000,1048.4974923691925,1048.3377500477627,2,1041.8417103823087
1764439200000,1048.931706644769,1048.457556788835,2,1041.8417103823087
1764442800000,1048.812050539517,1048.7673642284158,2,1041.8417103823087
1764446400000,1048.8566113207685,1048.74382397544,2,1041.8417103823087
1764450000000,1048.753187354093,1048.7179773985097,2,1041.8417103823087
1764453600000,1048.79544181139,1048.715545544705,2,1041.8417103823087
1764457200000,1048.9620528927428,1048.7930978284803,2,1041.8417103823087
1764460800000,1048.9551088149094,1048.8001423301941,2,1041.8417103823087
1764464400000,1048.8943017154375,1048.760393417953,2,1041.8441657154247
1764468000000,1048.7394356546024,1048.6361497707624,2,1041.8441657154247
1764471600000,1048.8872823196941,1048.5516785151237,2,1041.8441657154247
1764475200000,1048.5326253802066,1048.5279248614024,2,1041.8441657154247
1764478800000,1048.7063688341682,1048.5114918750655,2,1041.8441657154247
1764482400000,1048.8823056352194,1048.692229618801,2,1041.8441657154247
1764486000000,1048.8354259770285,1048.6359112640469,2,1041.8441657154247
1764489600000,1048.7039369803638,1048.6451742188196,2,1041.8441657154247
1764493200000,1048.755974580611,1048.4789326898242,2,1041.8469545686016
1764496800000,1048.5564849735995,1048.5235938949556,2,1041.8469545686016
1764500400000,1048.6855170104895,1048.5118237684678,2,1041.8469545686016
1764504000000,1048.8474652319935,1048.6010080958956,2,1041.8469545686016
1764507600000,1048.4718881881106,1048.354500747858,2,1041.8469545686016
1764511200000,1047.9111867063139,1047.8760018567007,2,1041.8469545686016
1764514800000,1048.014472590154,1047.861887747303,2,1041.8469545686016
1764518400000,1048.1435924979392,1047.962892413159,2,1041.8469545686016
1764522000000,1047.7817171161732,1047.636139116081,2,1041.8510543453501
1764525600000,1047.8239841264551,1047.7323553922377,2,1041.8510543453501
1764529200000,1047.8567371222637,1047.7699720956555,2,1041.8510543453501
1764532800000,1047.9528906334951,1047.7722282076697,2,1041.8510543453501
1764536400000,1048.0068775583247,1047.7862293402022,2,1041.8510543453501
1764540000000,1048.0327617942098,1047.9411832719325,2,1041.8510543453501
1764543600000,1048.0443938378626,1047.8683566129314,2,1041.8510543453501
1764547200000,1049.0488989276193,1048.020928902797,2,1041.8510543453501
1764550800000,1051.3114374198672,1048.9475569001204,2,1041.850691877737
1764554400000,1051.2057071292375,1050.682245761308,2,1041.850691877737
1764558000000,1051.217401937815,1050.8725100725017,2,1041.850691877737
1764561600000,1051.606992667215,1051.2150328489354,2,1041.850691877737
1764565200000,1051.7502141314126,1051.5248277355308,2,1041.850691877737
1764568800000,1051.7455010596236,1051.6164062578084,2,1041.850691877737
1764572400000,1051.7057537740416,1051.5015259892707,2,1041.850691877737
1764576000000,1051.4379246260876,1051.2104829659515,2,1041.850691877737
1764579600000,1051.5126738966821,1051.3671837674851,2,1041.845632752542
1764583200000,1051.6254989009658,1051.3906612555356,2,1041.845632752542
1764586800000,1051.4589756905082,1051.4330663486528,2,1041.845632752542
1764590400000,1051.7406804411441,1051.4519060828245,2,1041.845632752542
1764594000000,1051.827822057303,1051.6702856359477,2,1041.845632752542
1764597600000,1052.003796517309,1051.487367098108,2,1041.845632752542
1764601200000,1051.830015404392,1051.4732278827407,2,1041.845632752542
1764604800000,1052.1634007559032,1051.7854169641855,2,1041.845632752542
1764608400000,1052.8887914596212,1051.685988860568,3,1041.8092229887984
1764612000000,1052.4839921311132,1051.9810451952685,3,1041.8092229887984
1764615600000,1051.7870883417847,1051.5191014940056,3,1041.8092229887984
1764619200000,1052.2395854002452,1051.7161153715342,3,1041.8092229887984
1764622800000,1051.7983204966786,1051.2134769813206,3,1041.8092229887984
1764626400000,1050.9222671774244,1050.64956265111,3,1041.8092229887984
1764630000000,1050.4541978128143,1049.9468747962749,3,1041.8092229887984
1764633600000,1050.436097493001,1049.643222150955,3,1041.8092229887984
1764637200000,1050.4010976977434,1050.1577362596202,3,1041.8101376490172
1764640800000,1050.2720847732865,1049.2720407287977,3,1041.8101376490172
1764644400000,1050.363651799846,1049.6689223356204,3,1041.8101376490172
1764648000000,1050.0942731120117,1049.838269924205,3,1041.8101376490172
1764651600000,1049.7119564007353,1049.5431692647633,3,1041.8101376490172
1764655200000,1049.769470011805,1049.5694210094473,3,1041.8101376490172
1764658800000,1049.6440018578464,1049.464245717403,3,1041.8101376490172
1764662400000,1049.850876759423,1049.614972727021,3,1041.8101376490172
1764666000000,1050.3393144892452,1049.8178234691497,3,1041.8113988524144
1764669600000,1049.6361986429124,1049.284199853685,3,1041.8113988524144
1764673200000,1048.7378611694644,1048.3586017947146,2,1039.216699297057
1764676800000,1048.521988788056,1048.4280788358537,2,1039.216699297057
1764680400000,1048.5640172916223,1048.4139396204864,2,1039.216699297057
1764684000000,1048.181546381846,1048.0736227441269,2,1039.216699297057
1764687600000,1047.1584275116481,1047.0951274201052,2,1039.216699297057
1764691200000,1045.2641971767916,1044.9192927584932,2,1039.216699297057
1764694800000,1045.3744582210115,1044.856061408452,2,1039.2193003162433
1764698400000,1045.154224251395,1044.6449020988325,2,1039.2193003162433
1764702000000,1045.048519066735,1044.8279336135374,2,1039.2193003162433
1764705600000,1044.8511349359173,1044.5999019631056,2,1039.2193003162433
1764709200000,1044.9564007661015,1044.73121521798,2,1039.2193003162433
1764712800000,1044.7500298461816,1044.6913298495626,2,1039.2193003162433
1764716400000,1044.5719624629662,1044.4638128715167,2,1039.2193003162433
1764720000000,1044.7457812348382,1044.334944023432,2,1039.2193003162433
1764723600000,1044.463866582473,1044.2973935839557,2,1039.2234771086928
1764727200000,1044.1261824076787,1044.0463489059189,2,1039.2234771086928
1764730800000,1043.8455695330676,1043.488204807777,1,1039.2029685359394
1764734400000,1043.838499925384,1043.8220041741217,1,1039.2029685359394
1764738000000,1044.4437186195553,1043.6224593359132,2,1039.181015039799
1764741600000,1044.6358623778733,1044.1037887143939,2,1039.181015039799
1764745200000,1044.729848539856,1044.4173566047389,2,1039.181015039799
1764748800000,1045.0903823019162,1044.5141865215,2,1039.181015039799
1764752400000,1044.9978619226627,1043.9009925048101,3,1039.1580196335303
1764756000000,1044.972567881403,1044.2082905404288,3,1039.1580196335303
1764759600000,1045.1307837512684,1044.4590165797335,3,1039.1580196335303
1764763200000,1045.6062585288792,1044.7962418703835,3,1039.1580196335303
1764766800000,1046.1625374956402,1045.0681508199004,3,1039.1580196335303
1764770400000,1046.1264246937385,1045.390743984105,3,1039.1580196335303
1764774000000,1045.113343791492,1043.8088961578162,3,1039.1580196335303
1764777600000,1045.7092403383806,1044.6536999360098,3,1039.1580196335303
1764781200000,1046.3797670979072,1045.081925350758,3,1039.1553426309347
1764784800000,1046.349889564226,1045.6204452695042,3,1039.1553426309347
1764788400000,1046.3860300063893,1045.938062996505,3,1039.1553426309347
1764792000000,1046.2907890952845,1045.9132595916187,3,1039.1553426309347
1764795600000,1046.2894255681704,1045.653275343342,3,1039.1553426309347
1764799200000,1046.8085870325572,1045.851754171209,3,1039.1553426309347
1764802800000,1046.5582817176014,1045.7899879980625,3,1039.1553426309347
1764806400000,1046.2209809814156,1045.8034045186864,3,1039.1553426309347
1764810000000,1046.397741581669,1045.407894885037,3,1039.15293028828
1764813600000,1046.4819404726627,1046.078942117292,3,1039.15293028828
1764817200000,1046.841240027919,1046.114204738519,3,1039.15293028828
1764820800000,1046.3215596135785,1045.943273831042,3,1039.15293028828
1764824400000,1045.761803893546,1045.3097763059654,3,1039.15293028828
1764828000000,1045.6237754726449,1045.2655279384699,3,1039.15293028828
1764831600000,1045.9474276485153,1045.2690709089431,3,1039.15293028828
1764835200000,1046.0723609451861,1045.2368472770097,3,1039.15293028828
1764838800000,1045.60284695108,1044.9526858918348,3,1039.1569962522906
1764842400000,1045.5474490469178,1045.0747532639582,3,1039.1569962522906
1764846000000,1045.0022232442768,1044.6788465456327,3,1039.1569962522906
1764849600000,1044.5219296683606,1044.3679691629955,3,1039.1569962522906
1764853200000,1044.4034389764724,1044.167008406741,3,1039.1569962522906
1764856800000,1044.4742586814257,1044.0922669870245,3,1039.1569962522906
1764860400000,1044.047572844312,1043.7761781436416,3,1039.1569962522906
1764864000000,1044.9889220631965,1043.6946513740913,3,1039.1569962522906
1764867600000,1044.4389411263921,1044.0791606621322,3,1039.156914018575
1764871200000,1044.3714899070462,1043.50973676111,3,1039.156914018575
1764874800000,1043.895563133019,1043.5477049805497,3,1039.156914018575
1764878400000,1043.7390627262973,1042.2721231564494,3,1039.156914018575
1764882000000,1044.2482556220089,1043.368050566584,3,1039.156914018575
1764885600000,1043.8373358321514,1043.4895662296435,3,1039.156914018575
1764889200000,1044.0786942741922,1043.5105380897912,3,1039.156914018575
1764892800000,1043.9854912250032,1043.7398479251424,3,1039.156914018575
1764896400000,1044.2104979362393,1043.6726118036477,3,1039.1520387430498
1764900000000,1044.2974874136037,1044.007955209253,3,1039.1520387430498
1764903600000,1044.3750326127968,1043.8444834834706,3,1039.1520387430498
1764907200000,1044.1699499844538,1043.9067025037127,3,1039.1520387430498
1764910800000,1043.8036216548815,1043.402780421401,3,1039.1520387430498
1764914400000,1043.5685865576493,1043.1812540821911,3,1039.1520387430498
1764918000000,1044.0188788644098,1043.4633401723183,3,1039.1520387430498
1764921600000,1043.96332123292,1043.7756658815747,3,1039.1520387430498
1764925200000,1044.195285482732,1043.601174500068,3,1039.157720751125
1764928800000,1042.9162213205243,1042.5831423907762,3,1039.157720751125
1764932400000,1043.1053492099693,1042.586835727221,3,1039.157720751125
1764936000000,1043.4592071804618,1042.673779662724,3,1039.157720751125
1764939600000,1043.6384516037328,1043.2127924482077,3,1039.157720751125
1764943200000,1042.9494034747045,1042.4925759297787,3,1039.157720751125
1764946800000,1042.7249033353612,1042.1891114175903,3,1039.157720751125
1764950400000,1043.2435387005266,1042.5384988014155,3,1039.157720751125
1764954000000,1041.523900803949,1040.5229784848027,3,1039.1662889325169
1764957600000,1041.6197506720423,1040.4429305671372,3,1039.1662889325169
1764961200000,1041.3725286155143,1041.0869332164311,3,1039.1662889325169
1764964800000,1041.8408658482037,1040.8269679534267,3,1039.1662889325169
1764968400000,1041.4848103440995,1041.1396903085729,3,1039.1662889325169
1764972000000,1041.485256925655,1041.064313401344,3,1039.1662889325169
1764975600000,1041.5085101165419,1041.0647775441469,3,1039.1662889325169
1764979200000,1041.1920579340624,1040.5804942275488,3,1039.1662889325169
1764982800000,1041.3392501332694,1040.750765373157,3,1039.1694937705074
1764986400000,1041.5051644298233,1041.1043058680887,3,1039.1694937705074
1764990000000,1041.6792711478165,1041.1555832428937,3,1039.1694937705074
1764993600000,1042.5580552021938,1041.5496772931247,3,1039.1694937705074
1764997200000,1042.5066129812128,1041.9516696683108,3,1039.1694937705074
1765000800000,1042.7667417033229,1042.094778590906,3,1039.1694937705074
1765004400000,1042.683272024284,1042.3661188247788,3,1039.1694937705074
1765008000000,1042.674849478827,1042.1537779601288,3,1039.1694937705074
1765011600000,1042.1204932206988,1041.9862452621785,3,1039.189957600616
1765015200000,1043.7019928870754,1042.0262355353718,3,1039.189957600616
1765018800000,1043.9473599920527,1043.2508335260818,3,1039.189957600616
1765022400000,1044.224108585592,1043.4871170069246,3,1039.189957600616
1765026000000,1044.0864552028652,1043.857970782041,3,1039.189957600616
1765029600000,1043.9626770500274,1043.5934358300212,3,1039.189957600616
1765033200000,1044.499174360352,1043.7464106832044,3,1039.189957600616
1765036800000,1044.2027717219423,1043.601658558505,3,1039.189957600616
1765040400000,1044.2943852986145,1043.5770206166073,3,1039.2104233370285
1765044000000,1044.8660304270147,1043.945394505047,3,1039.2104233370285
1765047600000,1044.6182256740756,1044.4380094094154,3,1039.2104233370285
1765051200000,1044.8499697025427,1043.8954112887075,3,1039.2104233370285
1765054800000,1044.931092584349,1044.4030439913777,3,1039.2104233370285
1765058400000,1044.6413239904414,1044.408122129686,3,1039.2104233370285
1765062000000,1044.553927100484,1044.246447641142,3,1039.2104233370285
1765065600000,1044.2922446025723,1043.880271474967,3,1039.2104233370285
1765069200000,1044.2634213888362,1043.8862380477121,3,1039.226238700761
1765072800000,1044.272432278558,1043.9684102838169,3,1039.226238700761
1765076400000,1044.6139312460655,1043.9915363734656,3,1039.226238700761
1765080000000,1044.7440107069635,1044.2042010865746,3,1039.226238700761
1765083600000,1044.4632561355472,1044.057208490167,3,1039.226238700761
1765087200000,1044.9058246761263,1044.3365622998576,3,1039.226238700761
1765090800000,1045.0848260226535,1044.6433809578562,3,1039.226238700761
1765094400000,1044.6134855595294,1044.2043831093063,3,1039.226238700761
1765098000000,1044.7507336990773,1044.0550451787128,3,1039.2408053110541
1765101600000,1043.307649127836,1042.882543327102,3,1039.2408053110541
1765105200000,1043.7174760002258,1043.1593723889587,3,1039.2408053110541
1765108800000,1043.4957381893053,1043.3277903546368,3,1039.2408053110541
1765112400000,1043.836350599593,1043.2085729215376,3,1039.2408053110541
1765116000000,1043.2859664233197,1042.8139482596305,3,1039.2408053110541
1765119600000,1041.5269303424477,1040.6615682726772,2,1037.1907961332286
1765123200000,1041.9372063001858,1041.098911847319,2,1037.1907961332286
1765126800000,1042.2250218332101,1041.6029602703973,2,1037.2018881535507
1765130400000,1043.5888882581628,1041.912533182562,2,1037.2018881535507
1765134000000,1043.2752533886178,1043.1649546521821,2,1037.2018881535507
1765137600000,1042.9564148552502,1042.8143807968243,2,1037.2018881535507
1765141200000,1043.0517995781615,1042.7835945174766,2,1037.2018881535507
1765144800000,1042.802125759883,1042.3681883884215,2,1037.2018881535507
1765148400000,1042.9359210599607,1041.9790020824412,2,1037.2018881535507
1765152000000,1043.5048138572558,1042.8422464557375,2,1037.2018881535507
1765155600000,1043.4198659813726,1043.1924235212944,2,1037.2039762805941
1765159200000,1043.5302885863043,1042.878550309162,2,1037.2039762805941
1765162800000,1043.72026951186,1043.201423355688,2,1037.2039762805941
1765166400000,1043.512701689338,1043.2827972441826,2,1037.2039762805941
1765170000000,1043.5392654889304,1043.1985258517693,2,1037.2039762805941
1765173600000,1043.6177326638497,1043.3986389237562,2,1037.2039762805941
1765177200000,1043.4951010702607,1043.4143002912147,2,1037.2039762805941
1765180800000,1043.4339961718315,1043.2004468688228,2,1037.2039762805941
1765184400000,1043.3188843809,1043.156333780165,2,1037.2060448671848
1765188000000,1042.8607305360842,1042.7138642345758,2,1037.2060448671848
1765191600000,1043.0990158426498,1042.8168595331945,2,1037.2060448671848
1765195200000,1042.8166394251728,1042.6915687782744,2,1037.2060448671848
1765198800000,1042.5835119188941,1042.4051349158715,2,1037.2060448671848
1765202400000,1042.8031787684363,1042.424794142609,2,1037.2060448671848
1765206000000,1042.37224886253,1042.2093911239037,2,1037.2060448671848
1765209600000,1042.274695570321,1042.0284833405003,2,1037.2060448671848
1765213200000,1041.9388045646378,1041.594452211049,2,1037.2060979094585
1765216800000,1041.7096978494064,1041.3195764076422,2,1037.2060979094585
1765220400000,1041.4090696984435,1041.1146356050272,2,1037.2060979094585
1765224000000,1041.3028513387019,1041.2126244160775,2,1037.2060979094585
1765227600000,1041.5995549381435,1041.2110289562283,2,1037.2060979094585
1765231200000,1041.651595904078,1041.5126106622886,2,1037.2060979094585
1765234800000,1041.8380052795385,1041.583187567832,2,1037.2060979094585
1765238400000,1041.5631661300108,1041.5041243516962,2,1037.2060979094585
1765242000000,1041.7324983092149,1041.493144788713,2,1037.2176750771314
1765245600000,1041.3624761254841,1041.182760424513,2,1037.2176750771314
1765249200000,1041.3643512790018,1041.1991507265925,2,1037.2176750771314
1765252800000,1041.4515156628786,1041.2801257501244,2,1037.2176750771314
1765256400000,1041.2057663961214,1040.9525762856883,2,1037.2176750771314
1765260000000,1041.06453006762,1040.9012871861426,2,1037.2176750771314
1765263600000,1041.2461897174123,1040.9717586425036,2,1037.2176750771314
1765267200000,1041.3714804723322,1041.1585531608152,2,1037.2176750771314
1765270800000,1041.215480521464,1041.1596388725043,2,1037.2252206331766
1765274400000,1041.191740918032,1041.0054965774011,2,1037.2252206331766
1765278000000,1041.3368788662872,1040.9974412731956,2,1037.2252206331766
1765281600000,1040.945592971061,1040.745429523084,2,1037.2252206331766
1765285200000,1041.3379564746285,1040.6572290666957,2,1037.2252206331766
1765288800000,1041.3956824867623,1041.053709600836,2,1037.2252206331766
1765292400000,1041.1884998070923,1041.114392702535,2,1037.2252206331766
1765296000000,1041.3605592535682,1040.745448127146,2,1037.2252206331766
1765299600000,1041.4208915862023,1041.0606303129105,2,1037.2380186857545
1765303200000,1040.7533635606508,1040.6540268419958,2,1037.2380186857545
1765306800000,1040.6153273615041,1040.465577278188,2,1037.2380186857545
1765310400000,1040.9823877584674,1040.535007964835,2,1037.2380186857545
1765314000000,1040.7790882792372,1040.5666607694104,2,1037.2380186857545
1765317600000,1040.6490156572245,1040.0937624583546,2,1037.2380186857545
1765321200000,1041.068772646985,1040.4432726122307,2,1037.2380186857545
1765324800000,1041.1792456279068,1040.8582018713628,2,1037.2380186857545
1765328400000,1041.2470296778074,1041.0566545844922,2,1037.2402048734584
1765332000000,1040.6943254938835,1040.1694642218536,2,1037.2402048734584
1765335600000,1040.8076363930768,1040.4960646436466,2,1037.2402048734584
1765339200000,1039.4250094080392,1039.133954200918,2,1037.2402048734584
1765342800000,1039.433578236046,1039.2436294519155,2,1037.2402048734584
1765346400000,1039.7499318525688,1039.3702222509048,2,1037.2402048734584
1765350000000,1039.8944508278396,1039.6141238083662,2,1037.2402048734584
1765353600000,1039.7225703230522,1039.595014759309,2,1037.2402048734584
1765357200000,1039.822438302802,1039.4703973685455,2,1037.28352971385
1765360800000,1039.8965134506825,1039.4639651531593,2,1037.28352971385
1765364400000,1040.056771613624,1039.732871704243,2,1037.28352971385
1765368000000,1040.0084213690782,1039.7954711257933,2,1037.28352971385
1765371600000,1040.271491561244,1039.9632024585833,2,1037.28352971385
1765375200000,1040.164700092054,1040.0895843592075,2,1037.28352971385
1765378800000,1039.9836272738212,1039.832859352559,2,1037.28352971385
1765382400000,1039.7293871840172,1039.502494901619,2,1037.28352971385
1765386000000,1039.9257547023687,1039.5923414347924,2,1037.2980037522761
1765389600000,1040.2773142542485,1039.7964982295941,2,1037.2980037522761
1765393200000,1040.4789265465586,1039.9654353669277,2,1037.2980037522761
1765396800000,1040.6875029973696,1039.940063649768,2,1037.2980037522761
1765400400000,1040.7063919384052,1040.3106955968262,2,1037.2980037522761
1765404000000,1040.789961840419,1040.2761176593617,2,1037.2980037522761
1765407600000,1040.86085509351,1040.5473256731475,2,1037.2980037522761
1765411200000,1040.6380477002601,1040.4951792580307,2,1037.2980037522761
1765414800000,1039.8855570588141,1039.503215924789,2,1037.2991327938676
1765418400000,1039.3341173248589,1039.193633802968,1,1034.710368614887
1765422000000,1039.371821899172,1039.3176215735969,1,1034.710368614887
1765425600000,1039.5414924835807,1039.371821899172,1,1034.710368614887
1765429200000,1039.4849356221112,1039.4307352965359,1,1034.710368614887
1765432800000,1039.5132140528458,1039.4849356221112,1,1034.710368614887
1765436400000,1039.5674143784208,1039.480222550322,1,1034.710368614887
1765440000000,1039.6145450963122,1039.550918627159,1,1034.710368614887
1765443600000,1039.6981279722615,1039.6132926800574,1,1034.709116198632
1765447200000,1039.669849541527,1039.6274318954245,1,1034.709116198632
1765450800000,1039.6887018286834,1039.6604233979485,1,1034.709116198632
1765454400000,1039.7593979055202,1039.6627799338432,1,1034.709116198632
1765458000000,1039.8489462695138,1039.7570413696258,1,1034.709116198632
1765461600000,1039.8725116284595,1039.8277374464626,1,1034.709116198632
1765465200000,1039.9384946335074,1039.8183113028845,1,1034.709116198632
1765468800000,1039.832450518252,1039.7358325465748,1,1034.709116198632
1765472400000,1040.0310545245507,1039.5507950726264,2,1034.692784544451
1765476000000,1040.1780343023781,1039.7719044926048,2,1034.692784544451
1765479600000,1039.8958574261962,1039.3804524129089,2,1034.692784544451
1765483200000,1039.7205992176343,1039.1328825833803,2,1034.692784544451
1765486800000,1039.196306575478,1039.1433857563782,2,1034.692784544451
1765490400000,1038.794889837494,1038.4146819225612,2,1034.692784544451
1765494000000,1038.9753996325553,1038.5844860675686,2,1034.692784544451
1765497600000,1038.938233572952,1038.783107158021,2,1034.692784544451
1765501200000,1039.7133460480977,1038.8222437146112,2,1034.6873493960993
1765504800000,1039.3043211877202,1039.0074665814614,2,1034.6873493960993
1765508400000,1038.8219076769567,1038.7184225746512,2,1034.6873493960993
1765512000000,1039.01581569562,1038.683815527998,2,1034.6873493960993
1765515600000,1039.226219465545,1038.9869987501754,2,1034.6873493960993
1765519200000,1038.7671688366718,1038.7477780348056,2,1034.6873493960993
1765522800000,1038.9181206945232,1038.327509009665,2,1034.6873493960993
1765526400000,1039.064897995295,1038.8280338158197,2,1034.6873493960993
1765530000000,1039.351457386856,1038.9935353243939,2,1034.6812287384807
1765533600000,1039.2755097235201,1039.1955899801603,2,1034.6812287384807
1765537200000,1039.2684401158365,1039.0087515691805,2,1034.6812287384807
1765540800000,1039.2715376434962,1039.1492002540342,2,1034.6812287384807
1765544400000,1039.0323169281264,1038.9841091808155,2,1034.6812287384807
1765548000000,1038.9607462989254,1038.9130770663241,2,1034.6812287384807
1765551600000,1039.0354144557862,1038.8231926646763,2,1034.6812287384807
1765555200000,1041.013681200262,1039.0500921858636,2,1034.6812287384807
1765558800000,1041.258569637309,1040.7741356283052,2,1034.675652295395
1765562400000,1040.9522888874717,1040.6467491293997,2,1034.675652295395
1765566000000,1040.5367329341202,1040.130603124347,2,1034.675652295395
1765569600000,1040.6902438049215,1040.4955947944932,2,1034.675652295395
1765573200000,1040.5762555296183,1040.4774834991015,2,1034.675652295395
1765576800000,1040.4106259416897,1040.2196129736308,2,1034.675652295395
1765580400000,1040.172684732795,1040.102729647723,2,1034.675652295395
1765584000000,1040.2397447672624,1040.0927649894352,2,1034.675652295395
1765587600000,1040.0881391736075,1039.9841155565923,2,1034.6668519224881
1765591200000,1040.054070641664,1039.9917236789859,2,1034.6668519224881
1765594800000,1040.017645573826,1039.875378867788,2,1034.6668519224881
1765598400000,1039.8902590749206,1039.6921764991778,2,1034.6668519224881
1765602000000,1039.7844174367203,1039.670429161417,2,1034.6668519224881
1765605600000,1039.8326251840313,1039.6832888703095,2,1034.6668519224881
1765609200000,1039.9348307798618,1039.796738630903,2,1034.6668519224881
1765612800000,1039.7380277105942,1039.6921764991778,2,1034.6668519224881
1765616400000,1039.703259564216,1039.4200056586149,2,1034.6697883504232
1765620000000,1039.6956514418227,1039.5769500947301,2,1034.6697883504232
1765623600000,1039.4305088316128,1039.3311982863866,2,1034.6697883504232
1765627200000,1039.7009030283216,1039.387014156091,2,1034.6697883504232
1765630800000,1039.6133751625684,1039.4975688660804,2,1034.6697883504232
1765634400000,1039.682050741165,1039.499925401975,2,1034.6697883504232
1765638000000,1039.7907874299697,1039.5803836600444,2,1034.6697883504232
1765641600000,1039.5580978075736,1039.522749769155,2,1034.6697883504232
1765645200000,1039.5520035109676,1039.3251039897802,2,1034.6694841550257
1765648800000,1039.8187616653067,1039.554360046862,2,1034.6694841550257
1765652400000,1039.8887167503788,1039.7758055044947,2,1034.6694841550257
1765656000000,1039.713661018872,1039.6853825881374,2,1034.6694841550257
1765659600000,1039.6966267529,1039.61724552425,2,1034.6694841550257
1765663200000,1039.7836161039438,1039.6919136811111,2,1034.6694841550257
1765666800000,1039.82946731536,1039.6607401997717,2,1034.6694841550257
1765670400000,1039.7406599431317,1039.675417929849,2,1034.6694841550257
1765674000000,1039.806877240772,1039.6792882648112,2,1034.668102903489
1765677600000,1039.8286245785332,1039.6905324295742,2,1034.668102903489
1765681200000,1039.7269574974123,1039.6058996144252,2,1034.668102903489
1765684800000,1039.960185634518,1039.6834628218905,2,1034.668102903489
1765688400000,1040.1312692860008,1039.865588161081,2,1034.668102903489
1765692000000,1040.2798646079575,1040.1048088764508,2,1034.668102903489
1765695600000,1040.3744620813945,1040.2780465867727,2,1034.668102903489
1765699200000,1040.2992554098237,1040.217517645279,2,1034.668102903489
1765702800000,1040.3604932280716,1040.145914901067,2,1034.6617421725596
1765706400000,1040.411596025987,1040.2928946788943,2,1034.6617421725596
1765710000000,1040.55258322555,1040.2905381429998,2,1034.6617421725596
1765713600000,1040.8200823716547,1040.5331924236839,2,1034.6617421725596
1765717200000,1040.7689795737394,1040.6778156656164,2,1034.6617421725596
1765720800000,1040.8483608023896,1040.7619099660558,2,1034.6617421725596
1765724400000,1041.1868920629854,1040.751945307768,2,1034.6617421725596
1765728000000,1041.106433804916,1041.0611211082091,2,1034.6617421725596
1765731600000,1040.9821594993095,1040.7287995685724,2,1034.6538126781513
1765735200000,1041.5591704835101,1040.9145609501325,2,1034.6538126781513
1765738800000,1041.0966862893229,1041.0602612214846,2,1034.6538126781513
1765742400000,1041.3023769874587,1041.0455834914076,2,1034.6538126781513
1765746000000,1041.3770451443197,1041.0896166816392,2,1034.6538126781513
1765749600000,1041.545772259908,1041.224275265284,2,1034.6538126781513
1765753200000,1041.4399306217078,1041.3212292746155,2,1034.6538126781513
1765756800000,1041.5269199727513,1041.207779514022,2,1034.6538126781513
1765760400000,1041.2575044622852,1041.0811692243035,2,1034.6482602714202
1765764000000,1040.7614902508642,1040.6192235448261,2,1034.6482602714202
1765767600000,1040.8325223653558,1040.2794127777552,2,1034.6482602714202
1765771200000,1040.7855941245195,1040.6603616844532,2,1034.6482602714202
1765774800000,1040.5487299450444,1040.4981656618388,2,1034.6482602714202
1765778400000,1040.4640971298954,1040.370038171168,2,1034.6482602714202
1765782000000,1040.4622791087106,1040.3053346725953,2,1034.6482602714202
1765785600000,1040.6645362415327,1040.3923240236388,2,1034.6482602714202
1765789200000,1040.7160087638795,1040.4990739009806,2,1034.6449939534823
1765792800000,1040.5407505553173,1040.4490481324847,2,1034.6449939534823
1765796400000,1040.5559668001044,1040.3332418359964,2,1034.6449939534823
1765800000000,1040.6424176364383,1040.4542997189835,2,1034.6449939534823
1765803600000,1040.464466854327,1040.3780160179933,2,1034.6449939534823
1765807200000,1040.7112956920903,1040.4039379128333,2,1034.6449939534823
1765810800000,1041.5565468141606,1040.3644153173357,2,1034.6449939534823
1765814400000,1042.9332937466697,1041.499989952691,2,1034.6449939534823
1765818000000,1043.3034479961857,1042.7061027412983,2,1034.6401918745644
1765821600000,1043.608987754258,1043.1923547714866,2,1034.6401918745644
1765825200000,1043.3451246505228,1043.3063430467903,2,1034.6401918745644
1765828800000,1043.1347208805976,1042.8213705230767,2,1034.6401918745644
1765832400000,1043.3898988325195,1043.064227280816,2,1034.6401918745644
1765836000000,1042.9274146383323,1042.8839199628103,2,1034.6401918745644
1765839600000,1042.7675751516126,1042.7628620798234,2,1034.6401918745644
1765843200000,1042.5899604071558,1042.5171102714796,2,1034.6401918745644
1765846800000,1043.0080990934605,1042.4455633622817,2,1034.6233838056512
1765850400000,1042.8547906997146,1042.6960282424145,2,1034.6233838056512
1765854000000,1042.8848871516343,1042.6420303938949,2,1034.6233838056512
1765857600000,1042.8343228684287,1042.7737939269352,2,1034.6233838056512
1765861200000,1042.9582758020201,1042.7714373910405,2,1034.6233838056512
1765864800000,1042.9889107686495,1042.8366794043231,2,1034.6233838056512
1765868400000,1042.6627007022362,1042.6021717607427,2,1034.6233838056512
1765872000000,1043.1511067912638,1042.6197445414243,2,1034.6233838056512
1765875600000,1042.901015475124,1042.7440710390085,2,1034.6206598419844
1765879200000,1042.9568313448285,1042.8357734618412,2,1034.6206598419844
1765882800000,1042.2174218609582,1041.7572942026654,2,1034.6206598419844
1765886400000,1042.1469282611765,1042.0111926481125,2,1034.6206598419844
1765890000000,1042.2873769460298,1042.069903568421,2,1034.6206598419844
1765893600000,1042.9715090749055,1041.8935683304394,2,1034.6206598419844
1765897200000,1042.5863856111282,1042.247315835822,2,1034.6206598419844
1765900800000,1042.1655780712777,1042.0256679011338,2,1034.6206598419844
1765904400000,1042.4642848273425,1042.10636276488,2,1034.624330012975
1765908000000,1042.7734606277838,1042.2779849310728,2,1034.624330012975
1765911600000,1042.4160770800313,1042.21274291779,2,1034.624330012975
1765915200000,1042.5124925746532,1042.3479400161445,2,1034.624330012975
1765918800000,1042.614159655774,1042.3796520121934,2,1034.624330012975
1765922400000,1042.570664980252,1042.444894025476,2,1034.624330012975
1765926000000,1042.645333137113,1042.4689978991314,2,1034.624330012975
1765929600000,1042.6600108671905,1042.635906993535,2,1034.624330012975
1765933200000,1042.8465433562073,1042.6537123669639,2,1034.6203880486428
1765936800000,1042.7742317352408,1042.4045269933058,2,1034.6203880486428
1765940400000,1042.7113462578527,1042.6073226408375,2,1034.6203880486428
1765944000000,1042.9023592259118,1042.5855753030764,2,1034.6203880486428
1765947600000,1043.276777039636,1042.8101182883695,2,1034.6203880486428
1765951200000,1043.165145300227,1043.09754675105,2,1034.6203880486428
1765954800000,1043.1627887643326,1042.9570980661965,2,1034.6203880486428
1765958400000,1043.148649548965,1042.9306376566467,2,1034.6203880486428
1765962000000,1043.377105835647,1043.133172048488,2,1034.6219448141374
1765965600000,1043.4423478489296,1043.2948295563924,2,1034.6219448141374
1765969200000,1043.4494174566132,1043.277795290421,2,1034.6219448141374
1765972800000,1043.2935500499175,1043.1284589766988,2,1034.6219448141374
1765976400000,1043.2301260578195,1043.1072501536478,2,1034.6219448141374
1765980000000,1042.8075004967845,1042.701658858584,2,1034.6219448141374
1765983600000,1041.8886582472728,1041.8692674454064,2,1034.6219448141374
1765987200000,1043.2435242814217,1041.3667221410115,2,1034.6219448141374
1765990800000,1043.9760884678205,1042.8687922632002,2,1034.6221691243497
1765994400000,1044.4240974089864,1043.7963196645246,2,1034.6221691243497
1765998000000,1044.7191339940605,1044.035001865185,2,1034.6221691243497
1766001600000,1044.4405931602485,1044.4164892865929,2,1034.6221691243497
1766005200000,1044.402908135817,1043.5767050769136,3,1034.5986488950607
1766008800000,1044.9985149700778,1044.1525211615256,3,1034.5986488950607
1766012400000,1044.347142446055,1044.1919918197957,3,1034.5986488950607
1766016000000,1044.5221340019057,1044.3373405660227,3,1034.5986488950607
1766019600000,1044.5810795407392,1044.37498889482,3,1034.5952976511583
1766023200000,1045.1950625658176,1044.5750003327757,3,1034.5952976511583
1766026800000,1044.6897141123732,1044.2573663344328,3,1034.5952976511583
1766030400000,1045.2949358370822,1044.6615118301952,3,1034.5952976511583
1766034000000,1045.2580848528476,1044.9447881898398,3,1034.5952976511583
1766037600000,1046.1272423152775,1045.2410505868759,3,1034.5952976511583
1766041200000,1045.7858195186475,1045.5802691447238,3,1034.5952976511583
1766044800000,1045.6365351421537,1045.4149651133068,3,1034.5952976511583
1766048400000,1045.2701443110145,1044.9585393406924,3,1034.5855718300497
1766052000000,1044.991456451945,1044.787157858597,3,1034.5855718300497
1766055600000,1044.7659265815025,1044.649318632164,3,1034.5855718300497
1766059200000,1044.8004452411715,1044.658794955685,3,1034.5855718300497
1766062800000,1044.5892657870093,1044.3306076044012,3,1034.5855718300497
1766066400000,1042.2212095630036,1042.0350499909464,3,1034.5855718300497
1766070000000,1042.9775112313482,1041.4012242789906,3,1034.5855718300497
1766073600000,1042.3744330843354,1041.4450098185528,3,1034.5855718300497
1766077200000,1042.860587666182,1042.2371300748678,3,1034.5861964340002
1766080800000,1046.028794945654,1042.8311820260853,3,1034.5861964340002
1766084400000,1046.7873026100651,1045.1343562202637,3,1034.5861964340002
1766088000000,1048.7570760735034,1046.5786424700534,3,1034.5861964340002
1766091600000,1048.4103515104323,1047.649364496198,3,1034.5861964340002
1766095200000,1046.69195366372,1046.6443605796755,3,1034.5861964340002
1766098800000,1046.853559234397,1046.329723749107,3,1034.5861964340002
1766102400000,1047.4153364635265,1046.8094758642226,3,1034.5861964340002
1766106000000,1047.3417933265114,1047.0897753206198,3,1034.578594845948
1766109600000,1048.0130067801258,1047.339436790617,3,1034.578594845948
1766113200000,1047.9291394335983,1047.5379540066137,3,1034.578594845948
1766116800000,1045.5094092273087,1044.7823521780906,3,1034.578594845948
1766120400000,1045.2459877929691,1044.904539027725,3,1034.578594845948
1766124000000,1045.5952576388045,1045.184870156823,3,1034.578594845948
1766127600000,1045.1259083368016,1044.9658576491688,3,1034.578594845948
1766131200000,1044.2254665520045,1043.5851357156891,3,1034.578594845948
1766134800000,1043.9907204561903,1043.7273993817353,3,1034.5775270149647
1766138400000,1044.1821333720318,1043.9131330373964,3,1034.5775270149647
1766142000000,1044.1090460668288,1043.951701682931,3,1034.5775270149647
1766145600000,1043.9545343151644,1043.7384046196864,3,1034.5775270149647
1766149200000,1043.768587701305,1043.499989071738,3,1034.5775270149647
1766152800000,1043.7006635956166,1043.3409529951539,3,1034.5775270149647
1766156400000,1042.9453540842776,1042.3132720022359,3,1034.5775270149647
1766160000000,1042.8422966556536,1041.1938903437701,3,1034.5775270149647
1766163600000,1041.9727727273357,1040.8688704517979,3,1034.58358952488
1766167200000,1043.1018316946197,1041.111110788986,3,1034.58358952488
1766170800000,1042.1603643685082,1041.9368135402212,3,1034.58358952488
1766174400000,1040.7094926384407,1040.4025442861837,2,1031.9960082712682
1766178000000,1040.4821339760158,1040.107282233572,3,1031.9763305475096
1766181600000,1040.9697530039323,1040.4253792397092,3,1031.9763305475096
1766185200000,1041.060662717082,1040.5705409963518,3,1031.9763305475096
1766188800000,1041.0568915605138,1040.6890937355943,3,1031.9763305475096
1766192400000,1040.8870817283016,1040.5160136349448,3,1031.9790117400619
1766196000000,1040.2666364836873,1039.833229272732,3,1031.9790117400619
1766199600000,1040.5400608451994,1040.0198201384428,3,1031.9790117400619
1766203200000,1039.7881393906796,1039.3518355302995,3,1031.9790117400619
1766206800000,1040.1132965606002,1039.764334331545,3,1031.9790117400619
1766210400000,1040.3312070645695,1039.8273030561918,3,1031.9790117400619
1766214000000,1040.1887069046018,1039.9908382973008,3,1031.9790117400619
1766217600000,1039.13155859787,1039.038087824284,3,1031.9790117400619
1766221200000,1039.21988149252,1038.6017824877897,3,1031.9782539854675
1766224800000,1038.920707976945,1038.5857410028457,3,1031.9782539854675
1766228400000,1039.0912756478247,1038.6347531002477,3,1031.9782539854675
1766232000000,1038.8798105386395,1038.7502621810354,3,1031.9782539854675
1766235600000,1039.0525672497633,1038.7319415646416,3,1031.9782539854675
1766239200000,1039.1630037310886,1038.7046720085395,3,1031.9782539854675
1766242800000,1039.391597396225,1038.92559523931,3,1031.9782539854675
1766246400000,1039.8299668230584,1039.25066511222,3,1031.9782539854675
1766250000000,1039.6419964930553,1039.4354077525365,3,1031.9814411816221
1766253600000,1039.6030317035127,1039.3932161187292,3,1031.9814411816221
1766257200000,1039.437979855693,1039.1964915002593,3,1031.9814411816221
1766260800000,1039.5121346319036,1039.319758910111,3,1031.9814411816221
1766264400000,1039.5066580342427,1039.4131794155771,3,1031.9814411816221
1766268000000,1039.521859590003,1039.3293022812202,3,1031.9814411816221
1766271600000,1039.4375334344545,1039.3018292017093,3,1031.9814411816221
1766275200000,1039.421310765966,1039.210996489559,3,1031.9814411816221
1766278800000,1039.540994717668,1039.2162833712975,3,1031.9822719807405
1766282400000,1040.1704084928792,1039.383973280553,3,1031.9822719807405
1766286000000,1040.2517207714718,1039.8687229896125,3,1031.9822719807405
1766289600000,1040.4008871386122,1039.9289122923658,3,1031.9822719807405
1766293200000,1040.3462476391908,1040.10670137642,3,1031.9822719807405
1766296800000,1040.093807089568,1039.85047717771,3,1031.9822719807405
1766300400000,1039.806827050391,1039.6895998869697,3,1031.9822719807405
1766304000000,1039.349341503285,1039.1162656203355,3,1031.9822719807405
1766307600000,1039.0274645607612,1038.9116896445923,3,1031.9816617765523
1766311200000,1038.6590475301393,1038.5077472762425,2,1029.39952318305
1766314800000,1038.9711183811853,1038.564988571412,2,1029.39952318305
1766318400000,1039.072785462306,1038.8765209077483,2,1029.39952318305
1766322000000,1039.3120061776758,1038.8946322031395,2,1029.39952318305
1766325600000,1040.5361857082041,1039.3072931058869,2,1029.39952318305
1766329200000,1040.272861119179,1040.1083085606701,2,1029.39952318305
1766332800000,1040.204724055292,1040.1083085606701,2,1029.39952318305
1766336400000,1039.9925922272628,1039.9349583363737,2,1029.3901870025527
1766340000000,1040.024304223312,1039.705163764582,2,1029.3901870025527
1766343600000,1039.9467410158466,1039.924993678086,2,1029.3901870025527
1766347200000,1039.721659515844,1039.637026700695,2,1029.3901870025527
1766350800000,1039.960341716504,1039.6852344480062,2,1029.3901870025527
1766354400000,1040.241239086211,1039.8786039519593,2,1029.3901870025527
1766358000000,1039.7310856594224,1039.7069817857669,2,1029.3901870025527
1766361600000,1039.5277514971808,1039.283817710022,2,1029.3901870025527
1766365200000,1039.3784792901245,1038.576722843576,2,1029.390789623928
1766368800000,1039.434295159829,1038.9446095643264,2,1029.390789623928
1766372400000,1039.5008166795865,1039.4319386239345,2,1029.390789623928
1766376000000,1039.3320895639984,1039.160467397806,2,1029.390789623928
1766379600000,1039.2539878418233,1039.138181545335,2,1029.390789623928
1766383200000,1039.4185404003322,1039.1669984907796,2,1029.390789623928
1766386800000,1039.3920799907821,1039.2204578245899,2,1029.390789623928
1766390400000,1039.291489939081,1039.1392585747546,2,1029.390789623928
1766394000000,1039.287620386723,1038.8180665848517,2,1029.3869200715699
1766397600000,1039.1935614279957,1039.0824682032967,2,1029.3869200715699
1766401200000,1039.1959179638902,1039.033721941276,2,1029.3869200715699
1766404800000,1039.0777551315075,1038.923167231287,2,1029.3869200715699
1766408400000,1038.941278526678,1038.6032857807918,2,1029.3869200715699
1766412000000,1038.8637153192128,1038.803724892429,2,1029.3869200715699
1766415600000,1038.5891465654245,1038.441089758178,2,1029.3869200715699
1766419200000,1038.631900249181,1038.2545873848526,2,1029.3869200715699
1766422800000,1038.6986805539195,1038.362505829218,2,1029.3884583630256
1766426400000,1039.0024022908067,1038.6557243931077,2,1029.3884583630256
1766430000000,1039.254482715069,1038.8677437071617,2,1029.3884583630256
1766433600000,1040.0315967732522,1039.2521261791742,2,1029.3884583630256
1766437200000,1040.0897691788512,1039.763020597728,2,1029.3884583630256
1766440800000,1039.9703268399935,1039.7646361418572,2,1029.3884583630256
1766444400000,1039.5749026802735,1039.5219818611736,2,1029.3884583630256
1766448000000,1039.7124563145226,1039.572546144379,2,1029.3884583630256
1766451600000,1039.495971332626,1039.331957288827,2,1029.3899852734478
1766455200000,1039.6453076463479,1039.406086930978,2,1029.3899852734478
1766458800000,1039.9914470293372,1039.5053974762045,2,1029.3899852734478
1766462400000,1039.9503088897102,1039.8316075426178,2,1029.3899852734478
1766466000000,1040.0731847938819,1039.8392156650111,2,1029.3899852734478
1766469600000,1040.0920370810386,1039.9979781223112,2,1029.3899852734478
1766473200000,1040.3076924374627,1040.0291516036507,2,1029.3899852734478
1766476800000,1040.2901196567811,1040.1842780185812,2,1029.3899852734478
1766480400000,1040.285743637336,1040.1240861294318,2,1029.3832527181082
1766484000000,1040.2786740296524,1040.1670422902437,2,1029.3832527181082
1766487600000,1040.0271321200998,1039.942499304951,2,1029.3832527181082
1766491200000,1039.969498229211,1039.8442657891442,2,1029.3832527181082
1766494800000,1040.2569266918915,1039.9501074273448,2,1029.3832527181082
1766498400000,1040.5684590282278,1040.1652242690586,2,1029.3832527181082
1766502000000,1040.748430308579,1040.3339513846472,2,1029.3832527181082
1766505600000,1040.5802417077007,1040.4015499338243,2,1029.3832527181082
1766509200000,1040.1949774716013,1040.0815277110078,2,1029.3776578822321
1766512800000,1040.7585902321998,1040.0133906471206,2,1029.3776578822321
1766516400000,1040.080450681588,1040.0298863983828,2,1029.3776578822321
1766520000000,1040.3243844687472,1039.978783600467,2,1029.3776578822321
1766523600000,1040.1456926948708,1039.7660232946478,2,1029.3776578822321
1766527200000,1040.1850128133133,1040.0710245380099,2,1029.3776578822321
1766530800000,1040.276176721436,1040.095666926375,2,1029.3776578822321
1766534400000,1040.2208993664417,1040.165622011447,2,1029.3776578822321
1766538000000,1040.1470468155985,1040.067127072239,2,1029.3790120029598
1766541600000,1040.3480244419454,1039.9783197000102,2,1029.3790120029598
1766545200000,1040.7958309060557,1040.3309901759737,2,1029.3790120029598
1766548800000,1040.577819013737,1040.5220031440324,2,1029.3790120029598
1766552400000,1040.8657859911275,1040.360345636128,2,1029.3790120029598
1766556000000,1041.0680431239493,1040.768831981796,2,1029.3790120029598
1766559600000,1040.996270017693,1040.93102800441,2,1029.3790120029598
1766563200000,1041.1026501706026,1040.8781071853105,2,1029.3790120029598
1766566800000,1041.1678292448676,1040.9838858844923,2,1029.3689844056541
1766570400000,1041.112013375163,1040.959782010837,2,1029.3689844056541
1766574000000,1041.0685186996416,1040.9333216012872,2,1029.3689844056541
1766577600000,1040.958502504362,1040.8010195535371,2,1029.3689844056541
1766581200000,1040.7687690427783,1040.7305259537552,2,1029.3689844056541
1766584800000,1040.9838858844926,1040.7834467728553,2,1029.3689844056541
1766588400000,1041.1444663629775,1040.7952294523282,2,1029.3689844056541
1766592000000,1040.9487403231294,1040.8282209548522,2,1029.3689844056541
1766595600000,1040.9295567392,1040.656267491887,2,1029.3639400370923
1766599200000,1041.162246361596,1040.7943596408456,2,1029.3639400370923
1766602800000,1041.1116820783905,1041.0053019254808,2,1029.3639400370923
1766606400000,1040.9783030012209,1040.934808325699,2,1029.3639400370923
1766610000000,1040.9848340941949,1040.7943596408456,2,1029.3639400370923
1766613600000,1040.9395213974883,1040.8742793842057,2,1029.3639400370923
1766617200000,1040.7073702898022,1040.6274505464423,2,1029.3639400370923
1766620800000,1040.830246193974,1040.6468413483085,2,1029.3639400370923
1766624400000,1040.942019911409,1040.6904780018567,2,1029.3651590445381
1766628000000,1040.7709362599262,1040.6475218410446,2,1029.3651590445381
1766631600000,1040.5105067215054,1040.4840463119554,2,1029.3651590445381
1766635200000,1040.6056427096523,1040.4769767042717,2,1029.3651590445381
1766638800000,1040.6250335115185,1040.5333310886856,2,1029.3651590445381
1766642400000,1040.7120228625622,1040.5886084436804,2,1029.3651590445381
1766646000000,1040.6567455075674,1040.6255720262284,2,1029.3651590445381
1766649600000,1040.7749083399503,1040.6349981698065,2,1029.3651590445381
1766653200000,1040.8239662885885,1040.646351544132,2,1029.3665477605753
1766656800000,1040.9761976529146,1040.8022189508276,2,1029.3665477605753
1766660400000,1041.5093779239392,1040.9568068510484,2,1029.3665477605753
1766664000000,1041.3953896486357,1041.310756833487,2,1029.3665477605753
1766667600000,1041.2496893772834,1041.2426197695997,2,1029.3665477605753
1766671200000,1041.2326551113117,1041.1121357430343,2,1029.3665477605753
1766674800000,1041.4441359106563,1041.2185158959444,2,1029.3665477605753
1766678400000,1040.8868517659766,1040.7521931823321,2,1029.3665477605753
1766682000000,1040.9427486458444,1040.7297858629693,2,1029.3640697577887
1766685600000,1040.9943899584694,1040.8827582190606,2,1029.3640697577887
1766689200000,1040.8849122778997,1040.814957192828,2,1029.3640697577887
1766692800000,1040.8107826357486,1040.7843222261988,2,1029.3640697577887
1766696400000,1040.8820172272954,1040.789035297988,2,1029.3640697577887
1766700000000,1040.8655214760333,1040.8102441210387,2,1029.3640697577887
1766703600000,1041.3679332198294,1040.841417602378,2,1029.3640697577887
1766707200000,1042.061289015228,1041.3414728102796,2,1029.3640697577887
1766710800000,1042.4517662489698,1041.944171835131,2,1029.358045802391
1766714400000,1041.9523184722345,1041.8776503153736,2,1029.358045802391
1766718000000,1040.7428166717834,1040.4899952557562,2,1029.358045802391
1766721600000,1040.8874399137162,1040.6411495906627,2,1029.358045802391
1766725200000,1040.8609795041662,1040.7428166717832,2,1029.358045802391
1766728800000,1040.9220469603697,1040.76166895894,2,1029.358045802391
1766732400000,1040.923123989789,1040.6715820802365,2,1029.358045802391
1766736000000,1041.2564036638862,1040.7585714312804,2,1029.358045802391
1766739600000,1041.2710539805926,1041.0766074472194,2,1029.3616544313898
1766743200000,1041.1699254141815,1041.141108468737,2,1029.3616544313898
1766746800000,1041.1969243384415,1041.1269692533697,2,1029.3616544313898
1766750400000,1041.2550967440404,1041.1657508571022,2,1029.3616544313898
1766754000000,1041.0711533836652,1041.030015244038,2,1029.3616544313898
1766757600000,1040.935417770601,1040.865462685529,2,1029.3616544313898
1766761200000,1041.5961870175863,1040.8942796309736,2,1029.3616544313898
1766764800000,1041.5722856209863,1041.4405220879462,2,1029.3616544313898
1766768400000,1041.8634951576294,1041.452652276067,2,1029.3578273829587
1766772000000,1041.552501336003,1041.387948777494,2,1029.3578273829587
1766775600000,1041.4948674451139,1041.383774220415,2,1029.3578273829587
1766779200000,1041.2716039662962,1041.1799015434635,2,1029.3578273829587
1766782800000,1041.1547206403886,1041.0218800779287,2,1029.3578273829587
1766786400000,1041.2498566285353,1041.0800524835277,2,1029.3578273829587
1766790000000,1041.0918351630005,1041.087122091211,2,1029.3578273829587
1766793600000,1041.2128930459876,1041.0800524835274,2,1029.3578273829587
1766797200000,1041.1001935670247,1041.0443776973202,2,1029.360934200484
1766800800000,1040.9356410085159,1040.9115371348603,2,1029.360934200484
1766804400000,1040.7828711294799,1040.6835605842537,2,1029.360934200484
1766808000000,1040.4144458940198,1040.2134682676726,2,1029.360934200484
1766811600000,1040.7199856520917,1040.3709512184978,2,1029.360934200484
1766815200000,1040.5719288448447,1040.5625027012666,2,1029.360934200484
1766818800000,1040.6248496639448,1040.5407553635057,2,1029.360934200484
1766822400000,1040.6754139471502,1040.5090433674566,2,1029.360934200484
1766826000000,1040.7190850344489,1040.6174179533282,2,1029.3647466546304
1766829600000,1040.7513355452077,1040.6737723377425,2,1029.3647466546304
1766833200000,1040.6638076794543,1040.642598856403,2,1029.3647466546304
1766836800000,1040.3870848668269,1040.3459467271996,2,1029.3647466546304
1766840400000,1040.252426283182,1040.178296641031,2,1029.3647466546304
1766844000000,1040.3341640477267,1040.1384380078787,2,1029.3647466546304
1766847600000,1040.179037632796,1040.1743245610073,2,1029.3647466546304
1766851200000,1039.7143993797695,1039.3278628489181,2,1029.3647466546304
1766854800000,1039.7224830909463,1039.3440931971982,2,1029.3686558087277
1766858400000,1039.4145867969796,1039.3904829233243,2,1029.3686558087277
1766862000000,1039.2167066982925,1038.9282012061924,2,1029.3686558087277
1766865600000,1039.156716271509,1038.9745909323183,2,1029.3686558087277
1766869200000,1038.8703648382475,1038.5702102272737,2,1029.3686558087277
1766872800000,1038.1929662794012,1038.1235497090393,2,1029.3686558087277
1766876400000,1038.325065850096,1037.930180205086,2,1029.3686558087277
1766880000000,1037.5722581426237,1037.237362924397,2,1029.3686558087277
1766883600000,1038.006412647949,1037.448253950905,2,1029.37277910768
1766887200000,1038.0551589099698,1037.9223183475099,2,1029.37277910768
1766890800000,1038.1597210416949,1037.9275699340085,2,1029.37277910768
1766894400000,1038.226040084397,1038.0339500869188,2,1029.37277910768
1766898000000,1038.070375154757,1037.9810292678185,2,1029.37277910768
1766901600000,1037.8835367437773,1037.7659124261043,2,1029.37277910768
1766905200000,1037.81337918165,1037.6745460409259,2,1029.37277910768
1766908800000,1037.8057710592566,1037.6828951550845,2,1029.37277910768
1766912400000,1037.8316192298157,1037.6282850675743,2,1029.3768799404781
1766916000000,1038.0480155780049,1037.7951941619774,2,1029.3768799404781
1766919600000,1037.9458099821745,1037.8276471497918,2,1029.3768799404781
1766923200000,1038.0220936831647,1037.8182210062137,2,1029.3768799404781
1766926800000,1038.2419235966681,1038.0173806113755,2,1029.3768799404781
1766930400000,1038.159108802704,1038.0626933080819,2,1029.3768799404781
1766934000000,1038.0385894344265,1037.9421739398047,2,1029.3768799404781
1766937600000,1038.1179706630767,1037.8816449983112,2,1029.3768799404781
1766941200000,1038.1660734015402,1038.0602317633402,2,1029.38094948871
1766944800000,1038.1561087432522,1038.0285197672913,2,1029.38094948871
1766948400000,1038.8425974080224,1038.114970603625,2,1029.38094948871
1766952000000,1038.9149090289886,1038.7731808376604,2,1029.38094948871
1766955600000,1038.9830460928758,1038.7967461966061,2,1029.38094948871
1766959200000,1038.876665939966,1038.8454924586267,2,1029.38094948871
1766962800000,1038.7978232260255,1038.7278681409537,2,1029.38094948871
1766966400000,1038.624921553358,1038.6008176797025,2,1029.38094948871
1766970000000,1038.4193381406785,1038.1877255477023,2,1029.379979744747
1766973600000,1038.194795155386,1037.983852870751,2,1029.379979744747
1766977200000,1038.1605241463872,1037.7714286025855,2,1029.379979744747
1766980800000,1037.5434520519789,1037.4646093380386,2,1029.379979744747
1766984400000,1037.6556223060975,1037.3223426320003,2,1029.379979744747
1766988000000,1037.6569018125724,1037.4116885189385,2,1029.379979744747
1766991600000,1037.7422756194867,1037.5353054148757,2,1029.379979744747
1766995200000,1037.804622582165,1037.681746677993,2,1029.379979744747
1766998800000,1038.061344775703,1037.7152053927136,2,1029.3840829993133
1767002400000,1038.5269264975502,1037.9719988887648,2,1029.3840829993133
1767006000000,1038.4323290241132,1038.2489241784479,2,1029.3840829993133
1767009600000,1038.6773398406917,1038.3623739390414,2,1029.3840829993133
1767013200000,1038.9566216662693,1038.5363526411284,2,1029.3840829993133
1767016800000,1039.1405650266445,1038.84552844157,2,1029.3840829993133
1767020400000,1038.9343358137987,1038.465859041347,2,1029.3840829993133
1767024000000,1038.6182928827286,1038.2768665715284,2,1029.3840829993133
1767027600000,1038.9145164093038,1038.5393576038146,2,1029.3803543919698
1767031200000,1038.904551751016,1038.6941479810907,2,1029.3803543919698
1767034800000,1039.1715123824108,1038.809954277579,2,1029.3803543919698
1767038400000,1039.1816795177542,1038.9346482029355,2,1029.3803543919698
1767042000000,1039.3050939366358,1039.0147704233505,2,1029.3803543919698
1767045600000,1039.271563919402,1039.133471770443,2,1029.3803543919698
1767049200000,1039.238572416878,1039.1374438504672,2,1029.3803543919698
1767052800000,1039.4518712374077,1039.1997908131455,2,1029.3803543919698
1767056400000,1039.6117433158142,1039.3391950602659,2,1029.3811279754218
1767060000000,1039.7005506880425,1039.5517528890302,2,1029.3811279754218
1767063600000,1039.8475304658698,1039.644734818338,2,1029.3811279754218
1767067200000,1039.7005506880425,1039.6376652106544,2,1029.3811279754218
1767070800000,1039.771044287824,1039.5941705351324,2,1029.3811279754218
1767074400000,1039.8939201919961,1039.719941489909,2,1029.3811279754218
1767078000000,1039.6654051266794,1039.5401726866132,2,1029.3811279754218
1767081600000,1039.6929425656492,1039.5260334712455,2,1029.3811279754218
1767085200000,1039.3182187663888,1039.054355662654,2,1029.3813605045957
1767088800000,1039.3211138169934,1039.2317679300552,2,1029.3813605045957
1767092400000,1039.3952434591445,1039.2047690057955,2,1029.3813605045957
1767096000000,1039.4523388353236,1039.3687830495944,2,1029.3813605045957
1767099600000,1039.4845893460824,1039.2783601332367,2,1029.3813605045957
1767103200000,1039.5650476041521,1039.3758526572778,2,1029.3813605045957
1767106800000,1039.3475742265432,1039.1565612584843,2,1029.3813605045957
1767110400000,1039.10330440173,1038.9903931558463,2,1029.3813605045957
1767114000000,1039.286432400557,1039.000821959061,2,1029.3847197001269
1767117600000,1039.429237621305,1039.2264419737733,2,1029.3847197001269
1767121200000,1039.5696863061582,1039.3299270760788,2,1029.3847197001269
1767124800000,1039.4111263259135,1039.3705267009962,2,1029.3847197001269
1767128400000,1039.6697378431497,1039.3964485958363,2,1029.3847197001269
1767132000000,1039.6878491385412,1039.5832870068161,2,1029.3847197001269
1767135600000,1039.7124915269062,1039.6008597874977,2,1029.3847197001269
1767139200000,1039.7371339152714,1039.618432568179,2,1029.3847197001269
1767142800000,1039.7277462841832,1039.7159636047104,2,1029.382940191432
1767146400000,1039.4533800074503,1039.2335500939469,2,1029.382940191432
1767150000000,1039.4350662350034,1039.3451818333558,2,1029.382940191432
1767153600000,1039.6748254650831,1039.4156754331373,2,1029.382940191432
1767157200000,1039.6242611818775,1039.544341438518,2,1029.382940191432
1767160800000,1039.6565116926363,1039.5084548853895,2,1029.382940191432
1767164400000,1039.6677558573995,1039.5936262152482,2,1029.382940191432
1767168000000,1039.754745208443,1039.6025138441166,2,1029.382940191432
1767171600000,1039.8543228594415,1039.6103890722827,2,1029.3866408625186
1767175200000,1039.7379780482436,1039.7138741745882,2,1029.3866408625186
1767178800000,1039.8260444287068,1039.6997349592207,2,1029.3866408625186
1767182400000,1039.481723066902,1039.4699403874295,2,1029.3866408625186
1767186000000,1039.6845187144338,1039.4599757291412,2,1029.3866408625186
1767189600000,1039.5107424894022,1039.393118171729,2,1029.3866408625186
1767193200000,1039.622374228811,1039.1381426968628,2,1029.3866408625186
1767196800000,1039.8976839743643,1039.568914895001,2,1029.3866408625186
1767200400000,1040.6530311195509,1039.8764555760772,2,1029.3895163378868
1767204000000,1040.8163041715848,1040.4989817340397,2,1029.3895163378868
1767207600000,1040.8327999228466,1040.5841530638986,2,1029.3895163378868
1767211200000,1040.7565162218564,1040.5172955064863,2,1029.3895163378868
1767214800000,1040.5701010773014,1040.3233562435596,3,1029.350744403938
1767218400000,1040.16719480122,1040.0296678935622,3,1029.350744403938
1767222000000,1040.2159525144127,1039.9057264111427,3,1029.350744403938
1767225600000,1040.2015722861686,1040.0414352976156,0,1040.2015722861686
